<?xml version='1.0' encoding='UTF-8'?>
<COLLADA xmlns="http://www.collada.org/2005/11/COLLADASchema" version="1.4.1">
  <asset>
    <contributor>
      <author/>
      <authoring_tool>FBX COLLADA exporter</authoring_tool>
      <comments/>
    </contributor>
    <created>2026-08-18T09:42:28Z</created>
    <keywords/>
    <modified>2026-08-18T09:42:28Z</modified>
    <revision/>
    <subject/>
    <title/>
    <unit meter="1.0" name="meter"/>
    <up_axis>Z_UP</up_axis>
  </asset>
  <library_materials>
    <material id="MaterialFBXASC032FBXASC03525" name="MaterialFBXASC032FBXASC03525">
      <instance_effect url="#MaterialFBXASC032FBXASC03525-fx"/>
    </material>
    <material id="MaterialFBXASC032FBXASC03526" name="MaterialFBXASC032FBXASC03526">
      <instance_effect url="#MaterialFBXASC032FBXASC03526-fx"/>
    </material>
    <material id="MaterialFBXASC032FBXASC03527" name="MaterialFBXASC032FBXASC03527">
      <instance_effect url="#MaterialFBXASC032FBXASC03527-fx"/>
    </material>
  </library_materials>
  <library_effects>
    <effect id="MaterialFBXASC032FBXASC03525-fx" name="MaterialFBXASC032FBXASC03525">
      <profile_COMMON>
        <technique sid="standard">
          <phong>
            <emission>
              <color sid="emission">0.000000  0.000000 0.000000 1.000000</color>
            </emission>
            <ambient>
              <color sid="ambient">0.996078  0.996078 1.000000 1.000000</color>
            </ambient>
            <diffuse>
              <color sid="diffuse">0.996078  0.996078 1.000000 1.000000</color>
            </diffuse>
            <specular>
              <color sid="specular">0.000000  0.000000 0.000000 1.000000</color>
            </specular>
            <shininess>
              <float sid="shininess">1.000000</float>
            </shininess>
            <transparency>
              <float sid="transparency">0.000000</float>
            </transparency>
          </phong>
        </technique>
      </profile_COMMON>
    </effect>
    <effect id="MaterialFBXASC032FBXASC03526-fx" name="MaterialFBXASC032FBXASC03526">
      <profile_COMMON>
        <technique sid="standard">
          <phong>
            <emission>
              <color sid="emission">0.000000  0.000000 0.000000 1.000000</color>
            </emission>
            <ambient>
              <color sid="ambient">0.698039  0.698039 0.698039 1.000000</color>
            </ambient>
            <diffuse>
              <color sid="diffuse">0.698039  0.698039 0.698039 1.000000</color>
            </diffuse>
            <specular>
              <color sid="specular">0.000000  0.000000 0.000000 1.000000</color>
            </specular>
            <shininess>
              <float sid="shininess">1.000000</float>
            </shininess>
            <transparency>
              <float sid="transparency">0.000000</float>
            </transparency>
          </phong>
        </technique>
      </profile_COMMON>
    </effect>
    <effect id="MaterialFBXASC032FBXASC03527-fx" name="MaterialFBXASC032FBXASC03527">
      <profile_COMMON>
        <technique sid="standard">
          <phong>
            <emission>
              <color sid="emission">0.000000  0.000000 0.000000 1.000000</color>
            </emission>
            <ambient>
              <color sid="ambient">0.019608  0.019608 0.019608 1.000000</color>
            </ambient>
            <diffuse>
              <color sid="diffuse">0.019608  0.019608 0.019608 1.000000</color>
            </diffuse>
            <specular>
              <color sid="specular">0.000000  0.000000 0.000000 1.000000</color>
            </specular>
            <shininess>
              <float sid="shininess">1.000000</float>
            </shininess>
            <transparency>
              <float sid="transparency">0.000000</float>
            </transparency>
          </phong>
        </technique>
      </profile_COMMON>
    </effect>
  </library_effects>
  <library_geometries>
    <geometry id="FBXASC227FBXASC130FBXASC189FBXASC227FBXASC131FBXASC170FBXASC227FBXASC131FBXASC131FBXASC227FBXASC131FBXASC1371-lib" name="FBXASC227FBXASC130FBXASC189FBXASC227FBXASC131FBXASC170FBXASC227FBXASC131FBXASC131FBXASC227FBXASC131FBXASC1371Mesh">
      <mesh>
        <source id="FBXASC227FBXASC130FBXASC189FBXASC227FBXASC131FBXASC170FBXASC227FBXASC131FBXASC131FBXASC227FBXASC131FBXASC1371-POSITION">
          <float_array id="FBXASC227FBXASC130FBXASC189FBXASC227FBXASC131FBXASC170FBXASC227FBXASC131FBXASC131FBXASC227FBXASC131FBXASC1371-POSITION-array" count="624">-0.001096005 0.000965261 -0.001614173 -0.0002159 0.001498031 -0.000255685 0.000442034 -0.000391608 -0.001712598 0.001342125 0.000785553 -0.001614173 -0.000442034 -0.000391608 -0.001712598 0.000360915 -0.001399606 -0.000286475 -7.1183e-05 0.000586245 -0.001614173 0.000973455 -0.00109252 -0.001614173 0.000716769 0.001498031 -0.000752162 -0.000334646 0.001399606 -0.001614173 -0.00023509 -0.001498031 -0.00035187 0.0002516 0.001498031 0.000220647 0.000573391 0.000141328 -0.001614173 -0.000334646 -0.001112976 -0.001614173 -0.001266672 -0.000902183 -0.001614173 0.000728346 0.001112976 -0.001614173 0.001047075 -0.000713069 -0.001614173 0.00049676 -0.001399606 -0.000894114 -0.000127501 0.001399606 -0.001043789 -0.000590551 -0 -0.001614173 -7.1183e-05 -0.000586245 -0.001614173 0.000885827 0.000640871 -0.001614173 -0.000334646 0.001498031 -0 0.000728346 -0.001399606 -0.001614173 -0.000885827 0.000640871 -0.001614173 -0.000885827 -0.000640871 -0.001614173 0.000335471 0.000486014 -0.001712598 -0.000442034 0.000391608 -0.001712598 0.001181112 0.001011616 -0.001712598 -0.000334646 0.001112976 -0.001712598 0.000728346 -0.001112976 -0.001712598 -0.000334646 -0.001498031 -0.000534809 -0.000973455 0.00109252 -0.001614173 -0.001181112 -0.001011616 -0.001712598 0.000485182 -0.001399606 -0.000472454 -0.000334646 -0.001399606 -0.001614173 -0.000334646 0.001399606 0.000334646 -0.00011811 0.001399606 -0.000466249 9.3644e-05 0.001399606 0.000321277 0.001096005 -0.000965261 -0.001712598 -0.001096005 0.000788587 -0.001614173 -0.000334646 0.001498031 -0.00130315 7.1183e-05 0.000586245 -0.001712598 7.1183e-05 -0.000586245 -0.001614173 -0.001197444 -0.000640871 -0.001712598 0.000728346 0.001498031 -0.001712598 -0.000522907 0.000274443 -0.001614173 0.000885827 -0.000640871 -0.001712598 0.000573391 -0.000141328 -0.001614173 -0.000111546 -0.001498031 -0.000280542 0.001197444 0.000640871 -0.001712598 0.000728346 -0.001498031 -0.001397638 0.000303292 0.001399606 0.000141427 -0.000335471 -0.000486014 -0.001614173 0.000335471 -0.000486014 -0.001614173 0.000728346 0.001399606 -0.000831202 -0.000155032 0.001498031 -0.001110256 0.000485182 -0.001498031 -0.000472454 -0.000885827 0.000640871 -0.001712598 0.000973455 -0.00109252 -0.001712598 0.000885827 -0.000640871 -0.001614173 -0.000279972 0.001399606 -0.000183312 -0.001096005 0.000965261 -0.001712598 -0.000335471 0.000486014 -0.001614173 0.000209412 0.000552175 -0.001614173 -0.000209412 -0.000552175 -0.001712598 0.001086129 0.001112976 -0.001712598 0.001266672 0.000902183 -0.001614173 -0.001086129 -0.001112976 -0.001712598 0.000209412 -0.000552175 -0.001614173 -0.000573391 0.000141328 -0.001712598 -0.000327786 -0.001399606 -0.000482708 0.000442034 0.000391608 -0.001614173 -0.000209412 0.000552175 -0.001614173 0.000522907 0.000274443 -0.001614173 0.000522907 -0.000274443 -0.001614173 -0.001342125 -0.000785553 -0.001614173 -0.000522907 -0.000274443 -0.001614173 0.000488092 -0.001498031 -0.000855015 -0.000573391 -0.000141328 -0.001614173 0.000590551 -0 -0.001614173 -0.00011811 0.001498031 -0.000466249 -0 0.001498031 0.000334646 0.000728346 0.001498031 -0.000831202 0.000885827 -0.001112976 -0.001614173 -0.001047075 0.000713069 -0.001712598 -0.000334646 0.001399606 -0 0.000426222 -0.001498031 -0.000330112 -0.000275685 -0.001399606 -0.000392466 -0.001047075 0.001040779 -0.001712598 -0.000885827 -0.000640871 -0.001712598 0.001096005 -0.000788587 -0.001712598 0.000885827 0.000640871 -0.001712598 -4.0218e-05 -0.001399606 -0.000271152 -0.000973455 0.00109252 -0.001712598 -0.000334646 -0.001112976 -0.001712598 -0.000163135 0.001399606 -0.000315286 -0.000334646 0.001112976 -0.001614173 -0.000334646 -0.001498031 -0.001712598 0.0002516 0.001399606 0.000220647 -0.000127501 0.001498031 -0.001043789 0.000728346 -0.001112976 -0.001614173 0.000728346 0.001112976 -0.001712598 0.001096005 -0.000965261 -0.001614173 -0.000155032 0.001399606 -0.001110256 0.000469859 -0.001399606 -0.000395419 0.000303292 0.001498031 0.000141427 -0.000178013 -0.001399606 -0.000308074 0.000283879 -0.001498031 -0.000271152 -0.000307676 -0.001498031 -0.000434157 0.000702526 0.001399606 -0.000714732 -0.000334646 0.001498031 -0.001712598 0.000728346 0.001399606 -0.001614173 7.1183e-05 -0.000586245 -0.001712598 0.000590551 -0 -0.001712598 -0.000335471 0.000486014 -0.001712598 0.000335471 -0.000486014 -0.001712598 -0 0.001399606 0.000334646 0.000885827 -0.001112976 -0.001712598 -0.001047075 0.001040779 -0.001614173 0.000973455 -0.000661327 -0.001712598 0.000973455 -0.000661327 -0.001614173 -0.000973455 0.000661327 -0.001614173 -0.000973455 0.000661327 -0.001712598 0.000335471 0.000486014 -0.001614173 7.1183e-05 0.000586245 -0.001614173 -0.000335471 -0.000486014 -0.001712598 -0.000590551 -0 -0.001712598 0.000728346 -0.001498031 -0.001712598 0.000728346 -0.001399606 -0.001397638 0.001197444 0.000640871 -0.001614173 -0.000334646 0.001399606 -0.00130315 0.000522907 -0.000274443 -0.001712598 -0.000209412 0.000552175 -0.001712598 0.000209412 -0.000552175 -0.001712598 0.000573391 0.000141328 -0.001712598 -0.000573391 -0.000141328 -0.001712598 0.000442034 0.000391608 -0.001712598 0.000522907 0.000274443 -0.001712598 -0.000522907 -0.000274443 -0.001712598 -0.001086129 -0.001112976 -0.001614173 0.001086129 0.001112976 -0.001614173 0.001181112 0.001011616 -0.001614173 -0.001181112 -0.001011616 -0.001614173 -0.001266672 -0.000902183 -0.001712598 0.001266672 0.000902183 -0.001712598 -0.000279972 0.001498031 -0.000183312 -0.000320686 0.001399606 -9.5646e-05 0.001047075 -0.001040779 -0.001712598 -0.000320686 0.001498031 -9.5646e-05 -0.000334646 -0.001399606 -0.000534809 0.000511003 -0.001498031 -0.000931543 0.001047075 -0.001040779 -0.001614173 0.001096005 -0.000788587 -0.001614173 -0.000885827 0.001112976 -0.001712598 0.000179805 0.001498031 0.000282237 0.000488092 -0.001399606 -0.000855015 -0.000573391 0.000141328 -0.001614173 -0.001197444 -0.000640871 -0.001614173 -0.000442034 0.000391608 -0.001614173 -0.000209412 -0.000552175 -0.001614173 0.000442034 -0.000391608 -0.001614173 -0.000442034 -0.000391608 -0.001614173 0.000573391 -0.000141328 -0.001712598 0.000209412 0.000552175 -0.001712598 -7.1183e-05 0.000586245 -0.001712598 -0.000522907 0.000274443 -0.001712598 -7.1183e-05 -0.000586245 -0.001712598 -0.000334646 0.001498031 0.000334646 -0.000163135 0.001498031 -0.000315286 -0.000885827 0.001112976 -0.001614173 -0.001096005 0.000788587 -0.001712598 -0.001047075 0.000713069 -0.001614173 0.001342125 0.000785553 -0.001712598 -0.001342125 -0.000785553 -0.001712598 -0.0002159 0.001399606 -0.000255685 0.001047075 -0.000713069 -0.001712598 -0.000129606 0.001399606 -0.000387482 9.3644e-05 0.001498031 0.000321277 0.001113144 -0.000876924 -0.001712598 -0.001113144 0.000876924 -0.001712598 -0.000129606 0.001498031 -0.000387482 0.001113144 -0.000876924 -0.001614173 -0.001113144 0.000876924 -0.001614173 -0.00011811 0.001498031 -0.000972461 0.000469859 -0.001498031 -0.000395419 -0.00011811 0.001399606 -0.000972461 -0.000198829 0.001399606 -0.001167333 0.000179805 0.001399606 0.000282237 0.000283879 -0.001399606 -0.000271152 -0.000178013 -0.001498031 -0.000308074 -0.000198829 0.001498031 -0.001167333 -0.000327786 -0.001498031 -0.000482708 -0.000307676 -0.001399606 -0.000434157 0.000360915 -0.001498031 -0.000286475 0.000426222 -0.001399606 -0.000330112 -4.0218e-05 -0.001498031 -0.000271152 -0.000111546 -0.001399606 -0.000280542 -0.00023509 -0.001399606 -0.00035187 -0.000275685 -0.001498031 -0.000392466 0.000725437 0.001498031 -0.00079126 0.000725437 0.001399606 -0.00079126 0.000485182 -0.001498031 -0.000815073 0.000716769 0.001399606 -0.000752162 0.000511003 -0.001399606 -0.000931543 0.000485182 -0.001399606 -0.000815073 0.000702526 0.001498031 -0.000714732 0.00049676 -0.001498031 -0.000894114</float_array>
          <technique_common>
            <accessor source="#FBXASC227FBXASC130FBXASC189FBXASC227FBXASC131FBXASC170FBXASC227FBXASC131FBXASC131FBXASC227FBXASC131FBXASC1371-POSITION-array" count="208" stride="3">
              <param name="X" type="float"/>
              <param name="Y" type="float"/>
              <param name="Z" type="float"/>
            </accessor>
          </technique_common>
        </source>
        <source id="FBXASC227FBXASC130FBXASC189FBXASC227FBXASC131FBXASC170FBXASC227FBXASC131FBXASC131FBXASC227FBXASC131FBXASC1371-Normal0">
          <float_array id="FBXASC227FBXASC130FBXASC189FBXASC227FBXASC131FBXASC170FBXASC227FBXASC131FBXASC131FBXASC227FBXASC131FBXASC1371-Normal0-array" count="3744">
0.000000 -0.000000 -2.540000
0.000000 -0.000000 -2.540000
0.000000 -0.000000 -2.540000
-0.000000 0.000000 2.540000
-0.000000 0.000000 2.540000
-0.000000 0.000000 2.540000
-0.000000 2.540000 -0.000000
-0.000000 2.540000 -0.000000
-0.000000 2.540000 -0.000000
0.000000 -2.540000 0.000000
0.000000 -2.540000 0.000000
0.000000 -2.540000 0.000000
0.000000 -2.540000 0.000000
0.000000 -2.540000 0.000000
0.000000 -2.540000 0.000000
-0.000000 2.540000 -0.000000
-0.000000 2.540000 -0.000000
-0.000000 2.540000 -0.000000
-0.000000 0.000000 2.540000
-0.000000 0.000000 2.540000
-0.000000 0.000000 2.540000
0.000000 -0.000000 -2.540000
0.000000 -0.000000 -2.540000
0.000000 -0.000000 -2.540000
0.000000 -0.000000 -2.540000
0.000000 -0.000000 -2.540000
0.000000 -0.000000 -2.540000
0.000000 -0.000000 -2.540000
0.000000 -0.000000 -2.540000
0.000000 -0.000000 -2.540000
-0.000000 0.000000 2.540000
-0.000000 0.000000 2.540000
-0.000000 0.000000 2.540000
-0.000000 0.000000 2.540000
-0.000000 0.000000 2.540000
-0.000000 0.000000 2.540000
-0.000000 2.540000 -0.000000
-0.000000 2.540000 -0.000000
-0.000000 2.540000 -0.000000
0.000000 -2.540000 0.000000
0.000000 -2.540000 0.000000
0.000000 -2.540000 0.000000
-0.000000 0.000000 2.540000
-0.000000 0.000000 2.540000
-0.000000 0.000000 2.540000
0.000000 -0.000000 -2.540000
0.000000 -0.000000 -2.540000
0.000000 -0.000000 -2.540000
0.000000 -0.000000 -2.540000
0.000000 -0.000000 -2.540000
0.000000 -0.000000 -2.540000
-0.000000 0.000000 2.540000
-0.000000 0.000000 2.540000
-0.000000 0.000000 2.540000
0.000000 -2.540000 0.000000
0.000000 -2.540000 0.000000
0.000000 -2.540000 0.000000
-0.000000 2.540000 -0.000000
-0.000000 2.540000 -0.000000
-0.000000 2.540000 -0.000000
0.000000 -2.540000 0.000000
0.000000 -2.540000 0.000000
0.000000 -2.540000 0.000000
-0.000000 2.540000 -0.000000
-0.000000 2.540000 -0.000000
-0.000000 2.540000 -0.000000
-0.000000 0.000000 2.540000
-0.000000 0.000000 2.540000
-0.000000 0.000000 2.540000
0.000000 -0.000000 -2.540000
0.000000 -0.000000 -2.540000
0.000000 -0.000000 -2.540000
0.000000 -0.000000 -2.540000
0.000000 -0.000000 -2.540000
0.000000 -0.000000 -2.540000
-0.000000 0.000000 2.540000
-0.000000 0.000000 2.540000
-0.000000 0.000000 2.540000
-0.000000 0.000000 2.540000
-0.000000 0.000000 2.540000
-0.000000 0.000000 2.540000
0.000000 -0.000000 -2.540000
0.000000 -0.000000 -2.540000
0.000000 -0.000000 -2.540000
0.000000 -0.000000 -2.540000
0.000000 -0.000000 -2.540000
0.000000 -0.000000 -2.540000
-0.000000 0.000000 2.540000
-0.000000 0.000000 2.540000
-0.000000 0.000000 2.540000
0.000000 -0.000000 -2.540000
0.000000 -0.000000 -2.540000
0.000000 -0.000000 -2.540000
-0.000000 0.000000 2.540000
-0.000000 0.000000 2.540000
-0.000000 0.000000 2.540000
0.000000 -2.540000 0.000000
0.000000 -2.540000 0.000000
0.000000 -2.540000 0.000000
-0.000000 2.540000 -0.000000
-0.000000 2.540000 -0.000000
-0.000000 2.540000 -0.000000
0.000000 -2.540000 0.000000
0.000000 -2.540000 0.000000
0.000000 -2.540000 0.000000
-0.000000 2.540000 -0.000000
-0.000000 2.540000 -0.000000
-0.000000 2.540000 -0.000000
0.000000 -0.000000 -2.540000
0.000000 -0.000000 -2.540000
0.000000 -0.000000 -2.540000
-0.000000 0.000000 2.540000
-0.000000 0.000000 2.540000
-0.000000 0.000000 2.540000
0.000000 -0.000000 -2.540000
0.000000 -0.000000 -2.540000
0.000000 -0.000000 -2.540000
-0.000000 0.000000 2.540000
-0.000000 0.000000 2.540000
-0.000000 0.000000 2.540000
0.000000 -0.000000 -2.540000
0.000000 -0.000000 -2.540000
0.000000 -0.000000 -2.540000
-0.000000 0.000000 2.540000
-0.000000 0.000000 2.540000
-0.000000 0.000000 2.540000
0.000000 -2.540000 0.000000
0.000000 -2.540000 0.000000
0.000000 -2.540000 0.000000
-0.000000 2.540000 -0.000000
-0.000000 2.540000 -0.000000
-0.000000 2.540000 -0.000000
-0.000000 0.000000 2.540000
-0.000000 0.000000 2.540000
-0.000000 0.000000 2.540000
0.000000 -0.000000 -2.540000
0.000000 -0.000000 -2.540000
0.000000 -0.000000 -2.540000
0.000000 -0.000000 -2.540000
0.000000 -0.000000 -2.540000
0.000000 -0.000000 -2.540000
-0.000000 0.000000 2.540000
-0.000000 0.000000 2.540000
-0.000000 0.000000 2.540000
0.000000 -0.000000 -2.540000
0.000000 -0.000000 -2.540000
0.000000 -0.000000 -2.540000
0.000000 -0.000000 -2.540000
0.000000 -0.000000 -2.540000
0.000000 -0.000000 -2.540000
-0.000000 0.000000 2.540000
-0.000000 0.000000 2.540000
-0.000000 0.000000 2.540000
-0.000000 0.000000 2.540000
-0.000000 0.000000 2.540000
-0.000000 0.000000 2.540000
-0.000000 0.000000 2.540000
-0.000000 0.000000 2.540000
-0.000000 0.000000 2.540000
0.000000 -0.000000 -2.540000
0.000000 -0.000000 -2.540000
0.000000 -0.000000 -2.540000
-0.000000 0.000000 2.540000
-0.000000 0.000000 2.540000
-0.000000 0.000000 2.540000
0.000000 -0.000000 -2.540000
0.000000 -0.000000 -2.540000
0.000000 -0.000000 -2.540000
-0.000000 0.000000 2.540000
-0.000000 0.000000 2.540000
-0.000000 0.000000 2.540000
0.000000 -0.000000 -2.540000
0.000000 -0.000000 -2.540000
0.000000 -0.000000 -2.540000
-0.000000 0.000000 2.540000
-0.000000 0.000000 2.540000
-0.000000 0.000000 2.540000
0.000000 -0.000000 -2.540000
0.000000 -0.000000 -2.540000
0.000000 -0.000000 -2.540000
0.000000 -0.000000 -2.540000
0.000000 -0.000000 -2.540000
0.000000 -0.000000 -2.540000
-0.000000 0.000000 2.540000
-0.000000 0.000000 2.540000
-0.000000 0.000000 2.540000
-0.000000 2.540000 -0.000000
-0.000000 2.540000 -0.000000
-0.000000 2.540000 -0.000000
0.000000 -2.540000 0.000000
0.000000 -2.540000 0.000000
0.000000 -2.540000 0.000000
-0.000000 0.000000 2.540000
-0.000000 0.000000 2.540000
-0.000000 0.000000 2.540000
0.000000 -0.000000 -2.540000
0.000000 -0.000000 -2.540000
0.000000 -0.000000 -2.540000
0.000000 -0.000000 -2.540000
0.000000 -0.000000 -2.540000
0.000000 -0.000000 -2.540000
-0.000000 0.000000 2.540000
-0.000000 0.000000 2.540000
-0.000000 0.000000 2.540000
0.000000 -2.540000 0.000000
0.000000 -2.540000 0.000000
0.000000 -2.540000 0.000000
-0.000000 2.540000 -0.000000
-0.000000 2.540000 -0.000000
-0.000000 2.540000 -0.000000
-0.000000 0.000000 2.540000
-0.000000 0.000000 2.540000
-0.000000 0.000000 2.540000
0.000000 -0.000000 -2.540000
0.000000 -0.000000 -2.540000
0.000000 -0.000000 -2.540000
-0.000000 2.540000 -0.000000
-0.000000 2.540000 -0.000000
-0.000000 2.540000 -0.000000
0.000000 -2.540000 0.000000
0.000000 -2.540000 0.000000
0.000000 -2.540000 0.000000
-0.000000 2.540000 -0.000000
-0.000000 2.540000 -0.000000
-0.000000 2.540000 -0.000000
0.000000 -2.540000 0.000000
0.000000 -2.540000 0.000000
0.000000 -2.540000 0.000000
-0.000000 2.540000 -0.000000
-0.000000 2.540000 -0.000000
-0.000000 2.540000 -0.000000
0.000000 -2.540000 0.000000
0.000000 -2.540000 0.000000
0.000000 -2.540000 0.000000
-0.000000 0.000000 2.540000
-0.000000 0.000000 2.540000
-0.000000 0.000000 2.540000
0.000000 -0.000000 -2.540000
0.000000 -0.000000 -2.540000
0.000000 -0.000000 -2.540000
0.000000 -0.000000 -2.540000
0.000000 -0.000000 -2.540000
0.000000 -0.000000 -2.540000
-0.000000 0.000000 2.540000
-0.000000 0.000000 2.540000
-0.000000 0.000000 2.540000
0.000000 -2.540000 0.000000
0.000000 -2.540000 0.000000
0.000000 -2.540000 0.000000
-0.000000 2.540000 -0.000000
-0.000000 2.540000 -0.000000
-0.000000 2.540000 -0.000000
-0.000000 0.000000 2.540000
-0.000000 0.000000 2.540000
-0.000000 0.000000 2.540000
0.000000 -0.000000 -2.540000
0.000000 -0.000000 -2.540000
0.000000 -0.000000 -2.540000
-0.000000 0.000000 2.540000
-0.000000 0.000000 2.540000
-0.000000 0.000000 2.540000
0.000000 -0.000000 -2.540000
0.000000 -0.000000 -2.540000
0.000000 -0.000000 -2.540000
0.000000 -0.000000 -2.540000
0.000000 -0.000000 -2.540000
0.000000 -0.000000 -2.540000
-0.000000 0.000000 2.540000
-0.000000 0.000000 2.540000
-0.000000 0.000000 2.540000
0.000000 -0.000000 -2.540000
0.000000 -0.000000 -2.540000
0.000000 -0.000000 -2.540000
-0.000000 0.000000 2.540000
-0.000000 0.000000 2.540000
-0.000000 0.000000 2.540000
-0.000000 0.000000 2.540000
-0.000000 0.000000 2.540000
-0.000000 0.000000 2.540000
0.000000 -0.000000 -2.540000
0.000000 -0.000000 -2.540000
0.000000 -0.000000 -2.540000
-0.000000 0.000000 2.540000
-0.000000 0.000000 2.540000
-0.000000 0.000000 2.540000
0.000000 -0.000000 -2.540000
0.000000 -0.000000 -2.540000
0.000000 -0.000000 -2.540000
0.000000 -0.000000 -2.540000
0.000000 -0.000000 -2.540000
0.000000 -0.000000 -2.540000
-0.000000 0.000000 2.540000
-0.000000 0.000000 2.540000
-0.000000 0.000000 2.540000
0.000000 -2.540000 0.000000
0.000000 -2.540000 0.000000
0.000000 -2.540000 0.000000
-0.000000 2.540000 -0.000000
-0.000000 2.540000 -0.000000
-0.000000 2.540000 -0.000000
0.000000 -0.000000 -2.540000
0.000000 -0.000000 -2.540000
0.000000 -0.000000 -2.540000
-0.000000 0.000000 2.540000
-0.000000 0.000000 2.540000
-0.000000 0.000000 2.540000
-0.000000 2.540000 -0.000000
-0.000000 2.540000 -0.000000
-0.000000 2.540000 -0.000000
0.000000 -2.540000 0.000000
0.000000 -2.540000 0.000000
0.000000 -2.540000 0.000000
0.000000 -2.540000 0.000000
0.000000 -2.540000 0.000000
0.000000 -2.540000 0.000000
-0.000000 2.540000 -0.000000
-0.000000 2.540000 -0.000000
-0.000000 2.540000 -0.000000
-0.000000 0.000000 2.540000
-0.000000 0.000000 2.540000
-0.000000 0.000000 2.540000
0.000000 -0.000000 -2.540000
0.000000 -0.000000 -2.540000
0.000000 -0.000000 -2.540000
0.000000 -0.000000 -2.540000
0.000000 -0.000000 -2.540000
0.000000 -0.000000 -2.540000
-0.000000 0.000000 2.540000
-0.000000 0.000000 2.540000
-0.000000 0.000000 2.540000
2.540000 0.000000 0.000000
2.540000 0.000000 0.000000
2.540000 0.000000 0.000000
0.000000 -2.540000 0.000000
0.000000 -2.540000 0.000000
0.000000 -2.540000 0.000000
0.000000 -2.540000 0.000000
0.000000 -2.540000 0.000000
0.000000 -2.540000 0.000000
-0.000000 2.540000 -0.000000
-0.000000 2.540000 -0.000000
-0.000000 2.540000 -0.000000
2.346654 0.000000 0.972016
2.346654 0.000000 0.972016
1.796051 0.000000 1.796051
2.540000 0.000000 0.000000
2.540000 0.000000 0.000000
2.540000 0.000000 0.000000
-1.037967 -2.318237 -0.000000
-1.829584 -1.761880 -0.000000
-1.037967 -2.318237 -0.000000
-2.540000 -0.000000 -0.000000
-2.540000 -0.000000 -0.000000
-2.540000 -0.000000 -0.000000
1.829584 -1.761880 0.000000
2.355711 -0.949857 0.000000
1.829584 -1.761880 0.000000
0.000000 -0.000000 -2.540000
0.000000 -0.000000 -2.540000
0.000000 -0.000000 -2.540000
2.540000 0.000000 0.000000
2.540000 0.000000 0.000000
2.540000 0.000000 0.000000
1.037967 2.318237 0.000000
1.829584 1.761880 0.000000
1.037967 2.318237 0.000000
0.000000 -2.540000 0.000000
0.000000 -2.540000 0.000000
0.000000 -2.540000 0.000000
-0.000000 2.540000 -0.000000
-0.000000 2.540000 -0.000000
-0.000000 2.540000 -0.000000
-0.000000 0.000000 2.540000
-0.000000 0.000000 2.540000
-0.000000 0.000000 2.540000
-2.540000 0.000000 -0.000000
-2.355711 -0.949857 -0.000000
-2.540000 -0.000000 -0.000000
-0.000000 0.000000 2.540000
-0.000000 0.000000 2.540000
-0.000000 0.000000 2.540000
0.000000 -0.000000 -2.540000
0.000000 -0.000000 -2.540000
0.000000 -0.000000 -2.540000
0.000000 -0.000000 -2.540000
0.000000 -0.000000 -2.540000
0.000000 -0.000000 -2.540000
-0.000000 0.000000 2.540000
-0.000000 0.000000 2.540000
-0.000000 0.000000 2.540000
0.000000 -0.000000 -2.540000
0.000000 -0.000000 -2.540000
0.000000 -0.000000 -2.540000
-0.000000 0.000000 2.540000
-0.000000 0.000000 2.540000
-0.000000 0.000000 2.540000
0.000000 -0.000000 -2.540000
0.000000 -0.000000 -2.540000
0.000000 -0.000000 -2.540000
-0.000000 0.000000 2.540000
-0.000000 0.000000 2.540000
-0.000000 0.000000 2.540000
-0.000000 0.000000 2.540000
-0.000000 0.000000 2.540000
-0.000000 0.000000 2.540000
0.000000 -0.000000 -2.540000
0.000000 -0.000000 -2.540000
0.000000 -0.000000 -2.540000
-0.000000 0.000000 2.540000
-0.000000 0.000000 2.540000
-0.000000 0.000000 2.540000
0.000000 -0.000000 -2.540000
0.000000 -0.000000 -2.540000
0.000000 -0.000000 -2.540000
-0.000000 0.000000 2.540000
-0.000000 0.000000 2.540000
-0.000000 0.000000 2.540000
0.000000 -0.000000 -2.540000
0.000000 -0.000000 -2.540000
0.000000 -0.000000 -2.540000
0.000000 -0.000000 -2.540000
0.000000 -0.000000 -2.540000
0.000000 -0.000000 -2.540000
-0.000000 0.000000 2.540000
-0.000000 0.000000 2.540000
-0.000000 0.000000 2.540000
-2.540000 -0.000000 -0.000000
-2.540000 -0.000000 -0.000000
-2.540000 -0.000000 -0.000000
-2.199704 -0.000000 1.270000
-2.453452 -0.000000 0.657400
-2.199704 -0.000000 1.270000
-0.000000 0.000000 2.540000
-0.000000 0.000000 2.540000
-0.000000 0.000000 2.540000
0.000000 -0.000000 -2.540000
0.000000 -0.000000 -2.540000
0.000000 -0.000000 -2.540000
-0.000000 0.000000 2.540000
-0.000000 0.000000 2.540000
-0.000000 0.000000 2.540000
0.000000 -0.000000 -2.540000
0.000000 -0.000000 -2.540000
0.000000 -0.000000 -2.540000
0.000000 -0.000000 -2.540000
0.000000 -0.000000 -2.540000
0.000000 -0.000000 -2.540000
-0.000000 0.000000 2.540000
-0.000000 0.000000 2.540000
-0.000000 0.000000 2.540000
-0.000000 0.000000 2.540000
-0.000000 0.000000 2.540000
-0.000000 0.000000 2.540000
0.000000 -0.000000 -2.540000
0.000000 -0.000000 -2.540000
0.000000 -0.000000 -2.540000
-0.000000 0.000000 2.540000
-0.000000 0.000000 2.540000
-0.000000 0.000000 2.540000
0.000000 -0.000000 -2.540000
0.000000 -0.000000 -2.540000
0.000000 -0.000000 -2.540000
-0.000000 0.000000 2.540000
-0.000000 0.000000 2.540000
-0.000000 0.000000 2.540000
0.000000 -0.000000 -2.540000
0.000000 -0.000000 -2.540000
0.000000 -0.000000 -2.540000
2.540000 0.000000 0.000000
2.540000 0.000000 0.000000
2.540000 0.000000 0.000000
2.302022 0.000000 1.073450
2.302022 0.000000 1.073450
2.302022 0.000000 1.073450
-0.000000 0.000000 2.540000
-0.000000 0.000000 2.540000
-0.000000 0.000000 2.540000
0.000000 -0.000000 -2.540000
0.000000 -0.000000 -2.540000
0.000000 -0.000000 -2.540000
-0.000000 0.000000 2.540000
-0.000000 0.000000 2.540000
-0.000000 0.000000 2.540000
0.000000 -0.000000 -2.540000
0.000000 -0.000000 -2.540000
0.000000 -0.000000 -2.540000
-2.540000 -0.000000 -0.000000
-2.540000 -0.000000 -0.000000
-2.540000 -0.000000 -0.000000
-2.434046 -0.000000 -0.725963
-2.125021 -0.000000 -1.391360
-2.434046 -0.000000 -0.725963
0.000000 -2.540000 0.000000
0.000000 -2.540000 0.000000
0.000000 -2.540000 0.000000
-0.000000 2.540000 -0.000000
-0.000000 2.540000 -0.000000
-0.000000 2.540000 -0.000000
2.513182 0.000000 0.368127
2.433293 0.000000 0.728480
2.513182 0.000000 0.368127
-0.000000 2.540000 -0.000000
-0.000000 2.540000 -0.000000
-0.000000 2.540000 -0.000000
-0.000000 0.000000 2.540000
-0.000000 0.000000 2.540000
-0.000000 0.000000 2.540000
1.037967 -2.318237 0.000000
0.095731 -2.538195 0.000000
1.037967 -2.318237 0.000000
-1.829584 -1.761880 -0.000000
-1.829584 -1.761880 -0.000000
-1.037967 -2.318237 -0.000000
-2.355711 -0.949857 -0.000000
-2.355711 -0.949857 -0.000000
-2.540000 0.000000 -0.000000
-2.540000 -0.000000 -0.000000
-2.540000 -0.000000 -0.000000
-2.540000 -0.000000 -0.000000
-2.434046 -0.000000 -0.725963
-2.125021 -0.000000 -1.391360
-2.434046 -0.000000 -0.725963
0.000000 -2.540000 0.000000
0.000000 -2.540000 0.000000
0.000000 -2.540000 0.000000
1.796051 0.000000 1.796051
1.796051 0.000000 1.796051
0.972016 0.000000 2.346654
-2.199704 -0.000000 1.270000
-2.199704 -0.000000 1.270000
-1.796051 -0.000000 1.796051
-1.796051 -0.000000 1.796051
-1.796051 -0.000000 1.796051
-1.270000 -0.000000 2.199704
0.000000 -0.000000 -2.540000
0.000000 -0.000000 -2.540000
0.000000 -0.000000 -2.540000
-2.355711 0.949857 -0.000000
-1.829584 1.761880 -0.000000
-2.355711 0.949857 -0.000000
-2.540000 -0.000000 -0.000000
-2.540000 -0.000000 -0.000000
-2.540000 -0.000000 -0.000000
-0.000000 2.540000 -0.000000
-0.000000 2.540000 -0.000000
-0.000000 2.540000 -0.000000
2.355711 0.949857 0.000000
2.540000 0.000000 0.000000
2.355711 0.949857 0.000000
1.829584 1.761880 0.000000
1.829584 1.761880 0.000000
1.037967 2.318237 0.000000
2.540000 0.000000 0.000000
2.540000 0.000000 0.000000
2.540000 0.000000 0.000000
0.000000 -2.540000 0.000000
0.000000 -2.540000 0.000000
0.000000 -2.540000 0.000000
-0.000000 2.540000 -0.000000
-0.000000 2.540000 -0.000000
-0.000000 2.540000 -0.000000
-0.000000 0.000000 2.540000
-0.000000 0.000000 2.540000
-0.000000 0.000000 2.540000
-1.037967 2.318237 -0.000000
-1.037967 2.318237 -0.000000
-1.829584 1.761880 -0.000000
-0.000000 2.540000 -0.000000
-0.000000 2.540000 -0.000000
-0.000000 2.540000 -0.000000
0.000000 -2.540000 0.000000
0.000000 -2.540000 0.000000
0.000000 -2.540000 0.000000
-2.540000 -0.000000 -0.000000
-2.540000 -0.000000 -0.000000
-2.540000 -0.000000 -0.000000
-2.125021 -0.000000 -1.391360
-2.125021 -0.000000 -1.391360
-2.434046 -0.000000 -0.725963
-1.638710 -0.000000 -1.940678
-1.638710 -0.000000 -1.940678
-2.125021 -0.000000 -1.391360
-0.000000 2.540000 -0.000000
-0.000000 2.540000 -0.000000
-0.000000 2.540000 -0.000000
-2.540000 -0.000000 -0.000000
-2.540000 -0.000000 -0.000000
-2.540000 -0.000000 -0.000000
-2.540000 -0.000000 -0.000000
-2.540000 -0.000000 -0.000000
-2.540000 -0.000000 -0.000000
-2.540000 -0.000000 -0.000000
-2.540000 -0.000000 -0.000000
-2.540000 -0.000000 -0.000000
1.909673 0.000000 1.674738
1.909673 0.000000 1.674738
2.302022 0.000000 1.073450
1.364741 0.000000 2.142214
0.710766 0.000000 2.438527
1.364741 0.000000 2.142214
-2.453452 -0.000000 0.657400
-2.199704 -0.000000 1.270000
-2.453452 -0.000000 0.657400
-2.540000 -0.000000 -0.000000
-2.540000 -0.000000 -0.000000
-2.540000 -0.000000 -0.000000
0.000000 -2.540000 0.000000
0.000000 -2.540000 0.000000
0.000000 -2.540000 0.000000
2.540000 0.000000 0.000000
2.540000 0.000000 0.000000
2.540000 0.000000 0.000000
2.540000 0.000000 0.000000
2.540000 0.000000 0.000000
2.540000 0.000000 0.000000
-0.000000 2.540000 -0.000000
-0.000000 2.540000 -0.000000
-0.000000 2.540000 -0.000000
2.540000 0.000000 0.000000
2.540000 0.000000 0.000000
2.355711 0.949857 0.000000
2.355711 -0.949857 0.000000
2.355711 -0.949857 0.000000
1.829584 -1.761880 0.000000
-2.199704 -0.000000 1.270000
-2.199704 -0.000000 1.270000
-2.453452 -0.000000 0.657400
-1.796051 -0.000000 1.796051
-1.796051 -0.000000 1.796051
-1.796051 -0.000000 1.796051
2.540000 0.000000 0.000000
2.346654 0.000000 0.972016
2.540000 0.000000 0.000000
-0.000000 2.540000 -0.000000
-0.000000 2.540000 -0.000000
-0.000000 2.540000 -0.000000
2.302022 0.000000 1.073450
1.909673 0.000000 1.674738
2.302022 0.000000 1.073450
2.302022 0.000000 1.073450
2.302022 0.000000 1.073450
2.302022 0.000000 1.073450
-1.270000 -0.000000 2.199704
-1.270000 -0.000000 2.199704
-0.657400 -0.000000 2.453452
-0.657400 -0.000000 2.453452
-1.270000 -0.000000 2.199704
-0.657400 -0.000000 2.453452
0.972016 0.000000 2.346654
-0.000000 0.000000 2.540000
0.972016 0.000000 2.346654
-0.000000 0.000000 2.540000
-0.000000 0.000000 2.540000
-0.000000 0.000000 2.540000
0.000000 -2.540000 0.000000
0.000000 -2.540000 0.000000
0.000000 -2.540000 0.000000
-1.796051 -0.000000 1.796051
-1.796051 -0.000000 1.796051
-1.796051 -0.000000 1.796051
2.433293 0.000000 0.728480
2.433293 0.000000 0.728480
2.513182 0.000000 0.368127
2.302022 0.000000 1.073450
2.302022 0.000000 1.073450
2.302022 0.000000 1.073450
-2.540000 -0.000000 -0.000000
-2.540000 -0.000000 -0.000000
-2.540000 -0.000000 -0.000000
-2.540000 -0.000000 -0.000000
-2.540000 -0.000000 -0.000000
-2.540000 -0.000000 -0.000000
2.540000 0.000000 0.000000
2.540000 0.000000 0.000000
2.540000 0.000000 0.000000
2.540000 0.000000 0.000000
2.540000 0.000000 0.000000
2.540000 0.000000 0.000000
-0.306163 2.521481 -0.000000
-0.306163 2.521481 -0.000000
0.306163 2.521481 -0.000000
-0.900696 2.374941 -0.000000
-0.306163 2.521481 -0.000000
-0.306163 2.521481 -0.000000
-2.540000 -0.000000 -0.000000
-2.540000 -0.000000 -0.000000
-2.466192 -0.607862 -0.000000
-2.540000 -0.000000 -0.000000
-2.540000 -0.000000 -0.000000
-2.466192 0.607862 -0.000000
1.442884 -2.090379 0.000000
1.442884 -2.090379 0.000000
1.901217 -1.684332 0.000000
0.900696 -2.374941 0.000000
1.442884 -2.090379 0.000000
1.442884 -2.090379 0.000000
-1.442884 2.090379 -0.000000
-1.442884 2.090379 -0.000000
-1.901217 1.684332 -0.000000
-0.900696 2.374941 -0.000000
-1.442884 2.090379 -0.000000
-1.442884 2.090379 -0.000000
-0.000000 0.000000 2.540000
-0.000000 0.000000 2.540000
0.710766 0.000000 2.438527
-0.000000 0.000000 2.540000
-0.000000 0.000000 2.540000
-0.000000 0.000000 2.540000
0.000000 -2.540000 0.000000
0.000000 -2.540000 0.000000
0.000000 -2.540000 0.000000
0.095731 -2.538195 0.000000
0.095731 -2.538195 0.000000
1.037967 -2.318237 0.000000
-1.829584 1.761880 -0.000000
-1.829584 1.761880 -0.000000
-2.355711 0.949857 -0.000000
-1.829584 1.761880 -0.000000
-1.037967 2.318237 -0.000000
-1.829584 1.761880 -0.000000
1.037967 2.318237 0.000000
0.095731 2.538195 -0.000000
1.037967 2.318237 0.000000
0.000000 -0.000000 -2.540000
0.000000 -0.000000 -2.540000
0.000000 -0.000000 -2.540000
0.095731 2.538195 -0.000000
0.095731 2.538195 -0.000000
1.037967 2.318237 0.000000
-0.000000 0.000000 2.540000
-0.000000 0.000000 2.540000
-0.000000 0.000000 2.540000
-0.000000 0.000000 2.540000
-0.000000 0.000000 2.540000
-0.000000 0.000000 2.540000
-1.037967 -2.318237 -0.000000
-1.037967 -2.318237 -0.000000
-0.095731 -2.538195 0.000000
0.000000 -0.000000 -2.540000
0.000000 -0.000000 -2.540000
0.000000 -0.000000 -2.540000
-0.095731 -2.538195 0.000000
-1.037967 -2.318237 -0.000000
-0.095731 -2.538195 0.000000
-1.442884 -2.090379 -0.000000
-0.900696 -2.374941 -0.000000
-1.442884 -2.090379 -0.000000
-1.901217 -1.684332 -0.000000
-1.442884 -2.090379 -0.000000
-1.442884 -2.090379 -0.000000
0.306163 -2.521481 0.000000
-0.306163 -2.521481 0.000000
-0.306163 -2.521481 0.000000
-0.900696 -2.374941 -0.000000
-0.306163 -2.521481 0.000000
-0.306163 -2.521481 0.000000
1.901217 1.684332 0.000000
1.442884 2.090379 0.000000
1.442884 2.090379 0.000000
0.900696 2.374941 0.000000
1.442884 2.090379 0.000000
1.442884 2.090379 0.000000
2.466192 0.607862 0.000000
2.540000 0.000000 0.000000
2.540000 0.000000 0.000000
2.466192 -0.607862 0.000000
2.540000 0.000000 0.000000
2.540000 0.000000 0.000000
2.540000 0.000000 0.000000
2.540000 0.000000 0.000000
2.540000 0.000000 0.000000
2.540000 0.000000 0.000000
2.540000 0.000000 0.000000
2.540000 0.000000 0.000000
2.540000 0.000000 0.000000
2.540000 0.000000 0.000000
2.540000 0.000000 0.000000
2.302022 0.000000 1.073450
2.302022 0.000000 1.073450
2.302022 0.000000 1.073450
1.796051 -1.796051 0.000000
1.796051 -1.796051 0.000000
1.796051 -1.796051 0.000000
0.000000 -2.540000 0.000000
0.000000 -2.540000 0.000000
0.000000 -2.540000 0.000000
-2.540000 -0.000000 -0.000000
-2.540000 -0.000000 -0.000000
-2.540000 -0.000000 -0.000000
-1.796051 -0.000000 1.796051
-1.796051 -0.000000 1.796051
-1.796051 -0.000000 1.796051
-2.249058 1.180397 -0.000000
-2.466192 0.607862 -0.000000
-2.249058 1.180397 -0.000000
-1.901217 1.684332 -0.000000
-2.249058 1.180397 -0.000000
-2.249058 1.180397 -0.000000
0.900696 -2.374941 0.000000
0.900696 -2.374941 0.000000
0.306163 -2.521481 0.000000
0.900696 -2.374941 0.000000
0.900696 -2.374941 0.000000
1.442884 -2.090379 0.000000
-0.900696 2.374941 -0.000000
-0.900696 2.374941 -0.000000
-1.442884 2.090379 -0.000000
-0.900696 2.374941 -0.000000
-0.900696 2.374941 -0.000000
-0.306163 2.521481 -0.000000
-2.540000 -0.000000 -0.000000
-2.466192 -0.607862 -0.000000
-2.466192 -0.607862 -0.000000
-2.249058 -1.180397 -0.000000
-2.466192 -0.607862 -0.000000
-2.466192 -0.607862 -0.000000
2.466192 0.607862 0.000000
2.466192 0.607862 0.000000
2.540000 0.000000 0.000000
2.249058 1.180397 0.000000
2.466192 0.607862 0.000000
2.466192 0.607862 0.000000
-1.901217 -1.684332 -0.000000
-1.901217 -1.684332 -0.000000
-1.442884 -2.090379 -0.000000
-2.249058 -1.180397 -0.000000
-1.901217 -1.684332 -0.000000
-1.901217 -1.684332 -0.000000
-2.249058 -1.180397 -0.000000
-2.249058 -1.180397 -0.000000
-2.466192 -0.607862 -0.000000
-2.249058 -1.180397 -0.000000
-2.249058 -1.180397 -0.000000
-1.901217 -1.684332 -0.000000
2.249058 1.180397 0.000000
2.249058 1.180397 0.000000
1.901217 1.684332 0.000000
2.249058 1.180397 0.000000
2.249058 1.180397 0.000000
2.466192 0.607862 0.000000
-1.773992 -1.817843 -0.000000
-1.773992 -1.817843 -0.000000
-1.929130 -1.652288 -0.000000
0.000000 -2.540000 0.000000
0.000000 -2.540000 0.000000
0.000000 -2.540000 0.000000
1.773992 1.817843 0.000000
1.773992 1.817843 0.000000
1.929130 1.652288 0.000000
-0.000000 2.540000 -0.000000
-0.000000 2.540000 -0.000000
-0.000000 2.540000 -0.000000
2.068876 1.473551 0.000000
1.929130 1.652288 0.000000
1.929130 1.652288 0.000000
1.773992 1.817843 0.000000
1.929130 1.652288 0.000000
1.929130 1.652288 0.000000
-1.929130 -1.652288 -0.000000
-1.929130 -1.652288 -0.000000
-2.068876 -1.473551 -0.000000
-1.773992 -1.817843 -0.000000
-1.929130 -1.652288 -0.000000
-1.929130 -1.652288 -0.000000
-2.068876 -1.473551 -0.000000
-2.068876 -1.473551 -0.000000
-2.192115 -1.283056 -0.000000
-1.929130 -1.652288 -0.000000
-2.068876 -1.473551 -0.000000
-2.068876 -1.473551 -0.000000
2.068876 1.473551 0.000000
2.068876 1.473551 0.000000
1.929130 1.652288 0.000000
2.192115 1.283056 0.000000
2.068876 1.473551 0.000000
2.068876 1.473551 0.000000
-2.125021 -0.000000 -1.391360
-1.638710 -0.000000 -1.940678
-2.125021 -0.000000 -1.391360
-2.125021 -0.000000 -1.391360
-2.125021 -0.000000 -1.391360
-2.434046 -0.000000 -0.725963
0.000000 -2.540000 0.000000
0.000000 -2.540000 0.000000
0.000000 -2.540000 0.000000
-2.540000 -0.000000 -0.000000
-2.540000 -0.000000 -0.000000
-2.434046 -0.000000 -0.725963
1.829584 -1.761880 0.000000
1.829584 -1.761880 0.000000
1.037967 -2.318237 0.000000
0.000000 -0.000000 -2.540000
0.000000 -0.000000 -2.540000
0.000000 -0.000000 -2.540000
-2.434046 -0.000000 -0.725963
-2.540000 -0.000000 -0.000000
-2.434046 -0.000000 -0.725963
-0.000000 2.540000 -0.000000
-0.000000 2.540000 -0.000000
-0.000000 2.540000 -0.000000
-0.000000 2.540000 -0.000000
-0.000000 2.540000 -0.000000
-0.000000 2.540000 -0.000000
-2.540000 -0.000000 -0.000000
-2.453452 -0.000000 0.657400
-2.540000 -0.000000 -0.000000
0.000000 -2.540000 0.000000
0.000000 -2.540000 0.000000
0.000000 -2.540000 0.000000
2.433293 0.000000 0.728480
2.513182 0.000000 0.368127
2.433293 0.000000 0.728480
1.037967 -2.318237 0.000000
1.829584 -1.761880 0.000000
1.037967 -2.318237 0.000000
-0.000000 0.000000 2.540000
-0.000000 0.000000 2.540000
-0.000000 0.000000 2.540000
2.355711 0.949857 0.000000
2.355711 0.949857 0.000000
1.829584 1.761880 0.000000
-0.000000 0.000000 2.540000
-0.000000 0.000000 2.540000
-0.000000 0.000000 2.540000
-1.037967 2.318237 -0.000000
-0.095731 2.538195 -0.000000
-1.037967 2.318237 -0.000000
0.000000 -0.000000 -2.540000
0.000000 -0.000000 -2.540000
0.000000 -0.000000 -2.540000
-0.000000 2.540000 -0.000000
-0.000000 2.540000 -0.000000
-0.000000 2.540000 -0.000000
1.909673 0.000000 1.674738
1.364741 0.000000 2.142214
1.909673 0.000000 1.674738
-0.000000 2.540000 -0.000000
-0.000000 2.540000 -0.000000
-0.000000 2.540000 -0.000000
2.513182 0.000000 0.368127
2.513182 0.000000 0.368127
2.433293 0.000000 0.728480
2.466192 -0.607862 0.000000
2.540000 0.000000 0.000000
2.466192 -0.607862 0.000000
2.249058 -1.180397 0.000000
2.466192 -0.607862 0.000000
2.466192 -0.607862 0.000000
-0.000000 2.540000 -0.000000
-0.000000 2.540000 -0.000000
-0.000000 2.540000 -0.000000
-1.796051 1.796051 -0.000000
-1.796051 1.796051 -0.000000
-1.796051 1.796051 -0.000000
1.901217 -1.684332 0.000000
2.249058 -1.180397 0.000000
1.901217 -1.684332 0.000000
1.442884 -2.090379 0.000000
1.901217 -1.684332 0.000000
1.901217 -1.684332 0.000000
0.306163 2.521481 -0.000000
0.900696 2.374941 0.000000
0.900696 2.374941 0.000000
0.900696 2.374941 0.000000
0.900696 2.374941 0.000000
1.442884 2.090379 0.000000
-1.901217 1.684332 -0.000000
-2.249058 1.180397 -0.000000
-1.901217 1.684332 -0.000000
-1.442884 2.090379 -0.000000
-1.901217 1.684332 -0.000000
-1.901217 1.684332 -0.000000
1.901217 1.684332 0.000000
1.442884 2.090379 0.000000
1.901217 1.684332 0.000000
2.249058 1.180397 0.000000
1.901217 1.684332 0.000000
1.901217 1.684332 0.000000
-2.540000 -0.000000 -0.000000
-2.466192 0.607862 -0.000000
-2.466192 0.607862 -0.000000
-2.249058 1.180397 -0.000000
-2.466192 0.607862 -0.000000
-2.466192 0.607862 -0.000000
-0.900696 -2.374941 -0.000000
-0.900696 -2.374941 -0.000000
-0.306163 -2.521481 0.000000
-1.442884 -2.090379 -0.000000
-0.900696 -2.374941 -0.000000
-0.900696 -2.374941 -0.000000
0.306163 -2.521481 0.000000
-0.306163 -2.521481 0.000000
0.306163 -2.521481 0.000000
0.900696 -2.374941 0.000000
0.306163 -2.521481 0.000000
0.306163 -2.521481 0.000000
1.901217 -1.684332 0.000000
2.249058 -1.180397 0.000000
2.249058 -1.180397 0.000000
2.249058 -1.180397 0.000000
2.249058 -1.180397 0.000000
2.466192 -0.607862 0.000000
-0.306163 2.521481 -0.000000
0.306163 2.521481 -0.000000
0.306163 2.521481 -0.000000
0.306163 2.521481 -0.000000
0.900696 2.374941 0.000000
0.306163 2.521481 -0.000000
-0.000000 0.000000 2.540000
-0.000000 0.000000 2.540000
-0.000000 0.000000 2.540000
-2.540000 -0.000000 -0.000000
-2.540000 -0.000000 -0.000000
-2.540000 -0.000000 -0.000000
-0.000000 2.540000 -0.000000
-0.000000 2.540000 -0.000000
-0.000000 2.540000 -0.000000
-2.125021 -0.000000 -1.391360
-2.125021 -0.000000 -1.391360
-1.638710 -0.000000 -1.940678
-0.000000 0.000000 2.540000
-0.000000 0.000000 2.540000
-0.000000 0.000000 2.540000
-0.095731 2.538195 -0.000000
-0.095731 2.538195 -0.000000
-1.037967 2.318237 -0.000000
-1.829584 -1.761880 -0.000000
-1.829584 -1.761880 -0.000000
-2.355711 -0.949857 -0.000000
0.000000 -0.000000 -2.540000
0.000000 -0.000000 -2.540000
0.000000 -0.000000 -2.540000
-0.000000 0.000000 2.540000
-0.000000 0.000000 2.540000
-0.000000 0.000000 2.540000
-2.355711 -0.949857 -0.000000
-1.829584 -1.761880 -0.000000
-2.355711 -0.949857 -0.000000
2.192115 1.283056 0.000000
2.192115 1.283056 0.000000
2.068876 1.473551 0.000000
1.796051 -1.796051 0.000000
1.796051 -1.796051 0.000000
1.796051 -1.796051 0.000000
-1.796051 1.796051 -0.000000
-1.796051 1.796051 -0.000000
-1.796051 1.796051 -0.000000
-2.068876 -1.473551 -0.000000
-2.192115 -1.283056 -0.000000
-2.192115 -1.283056 -0.000000
-2.125021 -0.000000 -1.391360
-1.638710 -0.000000 -1.940678
-1.638710 -0.000000 -1.940678
0.000000 -2.540000 0.000000
0.000000 -2.540000 0.000000
0.000000 -2.540000 0.000000
1.829584 1.761880 0.000000
2.355711 0.949857 0.000000
1.829584 1.761880 0.000000
0.000000 -0.000000 -2.540000
0.000000 -0.000000 -2.540000
0.000000 -0.000000 -2.540000
0.000000 -2.540000 0.000000
0.000000 -2.540000 0.000000
0.000000 -2.540000 0.000000
-2.434046 -0.000000 -0.725963
-2.434046 -0.000000 -0.725963
-2.540000 -0.000000 -0.000000
0.710766 0.000000 2.438527
-0.000000 0.000000 2.540000
0.710766 0.000000 2.438527
0.710766 0.000000 2.438527
0.710766 0.000000 2.438527
1.364741 0.000000 2.142214
0.000000 -0.000000 -2.540000
0.000000 -0.000000 -2.540000
0.000000 -0.000000 -2.540000
2.540000 0.000000 0.000000
2.540000 0.000000 0.000000
2.355711 -0.949857 0.000000
-2.540000 0.000000 -0.000000
-2.540000 -0.000000 -0.000000
-2.355711 0.949857 -0.000000
0.000000 -0.000000 -2.540000
0.000000 -0.000000 -2.540000
0.000000 -0.000000 -2.540000
-2.540000 -0.000000 -0.000000
-2.434046 -0.000000 -0.725963
-2.540000 -0.000000 -0.000000
-0.000000 2.540000 -0.000000
-0.000000 2.540000 -0.000000
-0.000000 2.540000 -0.000000
-0.000000 0.000000 2.540000
-0.000000 0.000000 2.540000
-0.000000 0.000000 2.540000
2.355711 -0.949857 0.000000
2.540000 0.000000 0.000000
2.355711 -0.949857 0.000000
-2.355711 0.949857 -0.000000
-2.540000 -0.000000 -0.000000
-2.355711 0.949857 -0.000000
-0.000000 0.000000 2.540000
-0.000000 0.000000 2.540000
-0.000000 0.000000 2.540000
-0.000000 2.540000 -0.000000
-0.000000 2.540000 -0.000000
-0.000000 2.540000 -0.000000
-2.453452 -0.000000 0.657400
-2.453452 -0.000000 0.657400
-2.540000 -0.000000 -0.000000
2.346654 0.000000 0.972016
2.346654 0.000000 0.972016
2.540000 0.000000 0.000000
0.000000 -2.540000 0.000000
0.000000 -2.540000 0.000000
0.000000 -2.540000 0.000000
0.000000 -2.540000 0.000000
0.000000 -2.540000 0.000000
0.000000 -2.540000 0.000000
-2.540000 -0.000000 -0.000000
-2.453452 -0.000000 0.657400
-2.540000 -0.000000 -0.000000
0.000000 -2.540000 0.000000
0.000000 -2.540000 0.000000
0.000000 -2.540000 0.000000
-2.199704 -0.000000 1.270000
-1.796051 -0.000000 1.796051
-2.199704 -0.000000 1.270000
1.364741 0.000000 2.142214
1.364741 0.000000 2.142214
1.909673 0.000000 1.674738
0.000000 -2.540000 0.000000
0.000000 -2.540000 0.000000
0.000000 -2.540000 0.000000
-0.000000 0.000000 2.540000
-0.000000 0.000000 2.540000
0.972016 0.000000 2.346654
-0.000000 2.540000 -0.000000
-0.000000 2.540000 -0.000000
-0.000000 2.540000 -0.000000
0.000000 -2.540000 0.000000
0.000000 -2.540000 0.000000
0.000000 -2.540000 0.000000
-1.270000 -0.000000 2.199704
-1.796051 -0.000000 1.796051
-1.270000 -0.000000 2.199704
-1.796051 -0.000000 1.796051
-1.796051 -0.000000 1.796051
-2.199704 -0.000000 1.270000
-0.000000 2.540000 -0.000000
-0.000000 2.540000 -0.000000
-0.000000 2.540000 -0.000000
-2.453452 -0.000000 0.657400
-2.453452 -0.000000 0.657400
-2.540000 -0.000000 -0.000000
0.000000 -2.540000 0.000000
0.000000 -2.540000 0.000000
0.000000 -2.540000 0.000000
-0.000000 2.540000 -0.000000
-0.000000 2.540000 -0.000000
-0.000000 2.540000 -0.000000
-2.453452 -0.000000 0.657400
-2.453452 -0.000000 0.657400
-2.199704 -0.000000 1.270000
0.972016 0.000000 2.346654
1.796051 0.000000 1.796051
0.972016 0.000000 2.346654
0.000000 -2.540000 0.000000
0.000000 -2.540000 0.000000
0.000000 -2.540000 0.000000
-0.000000 2.540000 -0.000000
-0.000000 2.540000 -0.000000
-0.000000 2.540000 -0.000000
1.796051 0.000000 1.796051
2.346654 0.000000 0.972016
1.796051 0.000000 1.796051
-0.000000 0.000000 2.540000
-0.000000 0.000000 2.540000
-0.657400 -0.000000 2.453452
0.000000 -2.540000 0.000000
0.000000 -2.540000 0.000000
0.000000 -2.540000 0.000000
-0.000000 2.540000 -0.000000
-0.000000 2.540000 -0.000000
-0.000000 2.540000 -0.000000
-0.657400 -0.000000 2.453452
-0.000000 0.000000 2.540000
-0.657400 -0.000000 2.453452
-0.000000 2.540000 -0.000000
-0.000000 2.540000 -0.000000
-0.000000 2.540000 -0.000000
-1.796051 -0.000000 1.796051
-1.796051 -0.000000 1.796051
-1.796051 -0.000000 1.796051
-1.796051 -0.000000 1.796051
-2.199704 -0.000000 1.270000
-1.796051 -0.000000 1.796051
0.000000 -2.540000 0.000000
0.000000 -2.540000 0.000000
0.000000 -2.540000 0.000000
-0.000000 2.540000 -0.000000
-0.000000 2.540000 -0.000000
-0.000000 2.540000 -0.000000
2.513182 0.000000 0.368127
2.540000 0.000000 0.000000
2.513182 0.000000 0.368127
0.000000 -2.540000 0.000000
0.000000 -2.540000 0.000000
0.000000 -2.540000 0.000000
2.540000 0.000000 0.000000
2.540000 0.000000 0.000000
2.513182 0.000000 0.368127
0.000000 -2.540000 0.000000
0.000000 -2.540000 0.000000
0.000000 -2.540000 0.000000
2.513182 0.000000 0.368127
2.513182 0.000000 0.368127
2.540000 0.000000 0.000000
0.000000 -2.540000 0.000000
0.000000 -2.540000 0.000000
0.000000 -2.540000 0.000000
2.433293 0.000000 0.728480
2.433293 0.000000 0.728480
2.302022 0.000000 1.073450
-0.000000 2.540000 -0.000000
-0.000000 2.540000 -0.000000
-0.000000 2.540000 -0.000000
2.433293 0.000000 0.728480
2.302022 0.000000 1.073450
2.302022 0.000000 1.073450
2.513182 0.000000 0.368127
2.540000 0.000000 0.000000
2.540000 0.000000 0.000000
-0.000000 2.540000 -0.000000
-0.000000 2.540000 -0.000000
-0.000000 2.540000 -0.000000
-0.000000 2.540000 -0.000000
-0.000000 2.540000 -0.000000
-0.000000 2.540000 -0.000000
2.433293 0.000000 0.728480
2.302022 0.000000 1.073450
2.302022 0.000000 1.073450
2.433293 0.000000 0.728480
2.302022 0.000000 1.073450
2.433293 0.000000 0.728480
0.000000 -2.540000 0.000000
0.000000 -2.540000 0.000000
0.000000 -2.540000 0.000000
</float_array>
          <technique_common>
            <accessor source="#FBXASC227FBXASC130FBXASC189FBXASC227FBXASC131FBXASC170FBXASC227FBXASC131FBXASC131FBXASC227FBXASC131FBXASC1371-Normal0-array" count="1248" stride="3">
              <param name="X" type="float"/>
              <param name="Y" type="float"/>
              <param name="Z" type="float"/>
            </accessor>
          </technique_common>
        </source>
        <vertices id="FBXASC227FBXASC130FBXASC189FBXASC227FBXASC131FBXASC170FBXASC227FBXASC131FBXASC131FBXASC227FBXASC131FBXASC1371-VERTEX">
          <input semantic="POSITION" source="#FBXASC227FBXASC130FBXASC189FBXASC227FBXASC131FBXASC170FBXASC227FBXASC131FBXASC131FBXASC227FBXASC131FBXASC1371-POSITION"/>
        </vertices>
        <triangles count="416" material="MaterialFBXASC032FBXASC03525">
          <input semantic="VERTEX" offset="0" source="#FBXASC227FBXASC130FBXASC189FBXASC227FBXASC131FBXASC170FBXASC227FBXASC131FBXASC131FBXASC227FBXASC131FBXASC1371-VERTEX"/>
          <input semantic="NORMAL" offset="1" source="#FBXASC227FBXASC130FBXASC189FBXASC227FBXASC131FBXASC170FBXASC227FBXASC131FBXASC131FBXASC227FBXASC131FBXASC1371-Normal0"/>
          <p> 164 0 102 1 26 2 124 3 15 4 64 5 184 6 81 7 83 8 186 9 55 10 37 11 98 12 51 13 31 14 129 15 35 16 204 17 159 18 24 19 46 20 58 21 27 22 166 23 114 24 92 25 47 26 113 27 30 28 95 29 80 30 60 31 21 32 13 33 101 34 43 35 45 36 111 37 83 38 112 39 55 40 9 41 63 42 97 43 24 44 29 45 115 46 58 47 29 48 102 49 42 50 125 51 15 52 97 53 51 54 151 55 31 56 35 57 150 58 204 59 110 60 52 61 37 62 206 63 81 64 106 65 75 66 60 67 48 68 163 69 47 70 132 71 65 72 95 73 126 74 13 75 160 76 53 77 140 78 13 79 25 80 95 81 68 82 90 83 26 84 102 85 92 86 124 87 21 88 15 89 116 90 47 91 30 92 54 93 101 94 60 95 202 96 57 97 31 98 205 99 150 100 34 101 131 102 55 103 187 104 41 105 191 106 83 107 58 108 127 109 90 110 25 111 19 112 24 113 116 114 30 115 134 116 69 117 101 118 54 119 102 120 66 121 92 122 141 123 15 124 21 125 61 126 52 127 147 128 146 129 149 130 11 131 101 132 84 133 60 134 30 135 47 136 118 137 58 138 154 139 29 140 97 141 170 142 24 143 90 144 136 145 139 146 126 147 95 148 90 149 25 150 13 151 53 152 25 153 77 154 79 155 74 156 21 157 72 158 137 159 92 160 138 161 73 162 97 163 63 164 29 165 133 166 115 167 21 168 67 169 142 170 92 171 28 172 50 173 15 174 9 175 97 176 111 177 45 178 29 179 128 180 98 181 30 182 13 183 23 184 101 185 193 186 88 187 34 188 192 189 57 190 109 191 122 192 32 193 119 194 94 195 123 196 89 197 90 198 33 199 44 200 25 201 14 202 143 203 196 204 57 205 108 206 93 207 189 208 34 209 35 210 23 211 13 212 30 213 98 214 95 215 168 216 82 217 22 218 36 219 86 220 117 221 181 222 169 223 106 224 177 225 52 226 96 227 22 228 82 229 11 230 86 231 52 232 117 233 153 234 152 235 103 236 118 237 120 238 59 239 89 240 123 241 85 242 122 243 119 244 172 245 9 246 55 247 131 248 111 249 41 250 83 251 125 252 97 253 6 254 42 255 165 256 29 257 43 258 20 259 13 260 113 261 95 262 167 263 44 264 33 265 144 266 158 267 14 268 25 269 29 270 45 271 102 272 112 273 9 274 15 275 24 276 19 277 157 278 58 279 70 280 127 281 121 282 7 283 16 284 59 285 120 286 176 287 135 288 92 289 114 290 80 291 21 292 12 293 190 294 57 295 49 296 198 297 107 298 34 299 50 300 28 301 145 302 130 303 67 304 21 305 23 306 35 307 129 308 128 309 51 310 98 311 52 312 99 313 38 314 106 315 1 316 11 317 25 318 53 319 162 320 126 321 90 322 4 323 2 324 47 325 116 326 54 327 60 328 161 329 112 330 83 331 55 332 201 333 203 334 37 335 104 336 55 337 18 338 56 339 100 340 83 341 185 342 105 343 87 344 205 345 34 346 57 347 122 348 85 349 123 350 90 351 24 352 58 353 148 354 103 355 152 356 148 357 91 358 39 359 21 360 60 361 47 362 121 363 16 364 120 365 175 366 52 367 61 368 1 369 146 370 11 371 172 372 119 373 0 374 180 375 40 376 183 377 63 378 24 379 159 380 58 381 115 382 27 383 42 384 102 385 164 386 64 387 15 388 125 389 167 390 95 391 65 392 13 393 20 394 160 395 92 396 66 397 28 398 21 399 142 400 141 401 130 402 3 403 67 404 50 405 145 406 173 407 25 408 143 409 140 410 90 411 68 412 33 413 43 414 101 415 69 416 134 417 30 418 113 419 166 420 70 421 58 422 24 423 157 424 46 425 150 426 35 427 31 428 193 429 192 430 109 431 72 432 21 433 124 434 26 435 92 436 137 437 6 438 97 439 73 440 29 441 165 442 133 443 138 444 92 445 135 446 12 447 21 448 74 449 161 450 60 451 75 452 132 453 47 454 2 455 158 456 76 457 14 458 44 459 144 460 174 461 162 462 77 463 25 464 4 465 90 466 139 467 202 468 205 469 57 470 204 471 151 472 129 473 25 474 79 475 19 476 90 477 127 478 136 479 48 480 60 481 80 482 114 483 47 484 163 485 37 486 81 487 186 488 177 489 169 490 181 491 117 492 52 493 38 494 82 495 178 496 155 497 200 498 203 499 201 500 200 501 81 502 8 503 121 504 84 505 7 506 7 507 118 508 59 509 172 510 85 511 122 512 171 513 40 514 180 515 22 516 86 517 168 518 149 519 61 520 147 521 108 522 185 523 194 524 87 525 195 526 5 527 193 528 109 529 88 530 198 531 10 532 107 533 89 534 85 535 62 536 0 537 89 538 62 539 25 540 24 541 90 542 44 543 25 544 90 545 153 546 179 547 91 548 16 549 176 550 120 551 92 552 21 553 47 554 130 555 21 556 92 557 107 558 197 559 34 560 93 561 196 562 189 563 32 564 94 565 119 566 29 567 154 568 170 569 68 570 95 571 13 572 35 573 13 574 95 575 96 576 169 577 177 578 1 579 175 580 146 581 97 582 29 583 170 584 97 585 9 586 29 587 98 588 35 589 95 590 31 591 35 592 98 593 11 594 99 595 52 596 155 597 38 598 188 599 100 600 104 601 18 602 81 603 184 604 186 605 101 606 30 607 84 608 101 609 23 610 30 611 102 612 45 613 15 614 102 615 15 616 66 617 182 618 179 619 153 620 39 621 103 622 148 623 56 624 104 625 100 626 187 627 191 628 131 629 34 630 105 631 57 632 34 633 5 634 105 635 106 636 11 637 52 638 206 639 106 640 52 641 107 642 190 643 49 644 197 645 107 646 49 647 5 648 108 649 194 650 196 651 108 652 189 653 199 654 57 655 10 656 199 657 10 658 88 659 8 660 203 661 200 662 110 663 206 664 52 665 111 666 9 667 41 668 29 669 9 670 111 671 45 672 83 673 112 674 15 675 45 676 112 677 43 678 113 679 20 680 134 681 113 682 43 683 114 684 80 685 135 686 80 687 114 688 48 689 115 690 63 691 27 692 73 693 63 694 115 695 116 696 54 697 2 698 69 699 54 700 116 701 82 702 117 703 178 704 117 705 82 706 36 707 30 708 118 709 84 710 84 711 118 712 7 713 119 714 89 715 0 716 119 717 94 718 89 719 120 720 47 721 121 722 118 723 47 724 120 725 47 726 60 727 121 728 60 729 84 730 121 731 24 732 32 733 122 734 122 735 123 736 24 737 123 738 94 739 58 740 24 741 123 742 58 743 124 744 64 745 26 746 72 747 124 748 26 749 6 750 42 751 125 752 64 753 125 754 42 755 4 756 53 757 126 758 65 759 126 760 53 761 136 762 127 763 19 764 70 765 19 766 127 767 128 768 23 769 51 770 30 771 23 772 128 773 23 774 129 775 51 776 151 777 51 778 129 779 130 780 50 781 3 782 50 783 130 784 92 785 9 786 131 787 41 788 191 789 41 790 131 791 75 792 48 793 132 794 2 795 75 796 132 797 73 798 133 799 6 800 133 801 73 802 115 803 134 804 69 805 116 806 69 807 134 808 43 809 80 810 12 811 135 812 138 813 135 814 12 815 79 816 136 817 19 818 139 819 136 820 79 821 137 822 72 823 26 824 74 825 72 826 137 827 74 828 138 829 12 830 138 831 74 832 137 833 139 834 77 835 4 836 77 837 139 838 79 839 68 840 140 841 33 842 140 843 68 844 13 845 66 846 141 847 28 848 15 849 141 850 66 851 145 852 28 853 142 854 141 855 142 856 28 857 33 858 143 859 144 860 140 861 143 862 33 863 144 864 14 865 174 866 143 867 14 868 144 869 67 870 145 871 142 872 173 873 145 874 67 875 146 876 175 877 61 878 146 879 61 880 149 881 147 882 52 883 86 884 86 885 22 886 147 887 148 888 152 889 59 890 59 891 176 892 148 893 147 894 22 895 149 896 149 897 22 898 11 899 150 900 71 901 34 902 31 903 71 904 150 905 207 906 78 907 31 908 17 909 78 910 207 911 59 912 152 913 7 914 16 915 7 916 152 917 153 918 91 919 16 920 16 921 152 922 153 923 32 924 154 925 94 926 58 927 94 928 154 929 11 930 82 931 155 932 11 933 155 934 99 935 17 936 150 937 156 938 156 939 78 940 17 941 157 942 19 943 70 944 46 945 157 946 70 947 158 948 25 949 44 950 158 951 44 952 76 953 159 954 46 955 27 956 63 957 159 958 27 959 20 960 65 961 160 962 160 963 65 964 53 965 161 966 75 967 2 968 54 969 161 970 2 971 162 972 53 973 4 974 77 975 162 976 4 977 114 978 163 979 48 980 132 981 48 982 163 983 164 984 64 985 42 986 26 987 64 988 164 989 165 990 42 991 6 992 133 993 165 994 6 995 27 996 46 997 166 998 166 999 46 1000 70 1001 113 1002 167 1003 20 1004 167 1005 65 1006 20 1007 82 1008 168 1009 36 1010 86 1011 36 1012 168 1013 169 1014 1 1015 106 1016 169 1017 96 1018 1 1019 24 1020 170 1021 32 1022 170 1023 154 1024 32 1025 85 1026 172 1027 171 1028 62 1029 85 1030 171 1031 172 1032 0 1033 40 1034 171 1035 172 1036 40 1037 3 1038 173 1039 67 1040 50 1041 173 1042 3 1043 44 1044 174 1045 76 1046 14 1047 76 1048 174 1049 96 1050 175 1051 1 1052 96 1053 52 1054 175 1055 16 1056 91 1057 176 1058 148 1059 176 1060 91 1061 37 1062 52 1063 177 1064 177 1065 181 1066 37 1067 178 1068 117 1069 38 1070 178 1071 38 1072 155 1073 39 1074 91 1075 179 1076 179 1077 182 1078 39 1079 180 1080 183 1081 62 1082 62 1083 171 1084 180 1085 37 1086 181 1087 81 1088 81 1089 181 1090 106 1091 153 1092 103 1093 182 1094 39 1095 182 1096 103 1097 62 1098 183 1099 0 1100 40 1101 0 1102 183 1103 100 1104 184 1105 83 1106 100 1107 18 1108 184 1109 105 1110 185 1111 57 1112 57 1113 185 1114 108 1115 18 1116 55 1117 186 1118 184 1119 18 1120 186 1121 187 1122 55 1123 104 1124 56 1125 187 1126 104 1127 155 1128 188 1129 99 1130 38 1131 99 1132 188 1133 189 1134 108 1135 5 1136 189 1137 5 1138 34 1139 10 1140 57 1141 190 1142 107 1143 10 1144 190 1145 191 1146 187 1147 56 1148 191 1149 56 1150 83 1151 192 1152 71 1153 31 1154 31 1155 57 1156 192 1157 71 1158 193 1159 34 1160 71 1161 192 1162 193 1163 194 1164 87 1165 5 1166 194 1167 185 1168 87 1169 105 1170 5 1171 195 1172 87 1173 105 1174 195 1175 196 1176 93 1177 49 1178 49 1179 57 1180 196 1181 197 1182 93 1183 34 1184 49 1185 93 1186 197 1187 88 1188 198 1189 34 1190 10 1191 198 1192 88 1193 88 1194 109 1195 199 1196 109 1197 57 1198 199 1199 83 1200 81 1201 200 1202 201 1203 83 1204 200 1205 55 1206 201 1207 37 1208 55 1209 83 1210 201 1211 78 1212 202 1213 31 1214 78 1215 156 1216 202 1217 203 1218 110 1219 37 1220 203 1221 8 1222 110 1223 204 1224 150 1225 17 1226 17 1227 151 1228 204 1229 156 1230 205 1231 202 1232 156 1233 150 1234 205 1235 8 1236 81 1237 206 1238 8 1239 206 1240 110 1241 207 1242 151 1243 17 1244 151 1245 207 1246 31 1247</p>
        </triangles>
      </mesh>
    </geometry>
    <geometry id="FBXASC227FBXASC130FBXASC189FBXASC227FBXASC131FBXASC170FBXASC227FBXASC131FBXASC131FBXASC227FBXASC131FBXASC1372-lib" name="FBXASC227FBXASC130FBXASC189FBXASC227FBXASC131FBXASC170FBXASC227FBXASC131FBXASC131FBXASC227FBXASC131FBXASC1372Mesh">
      <mesh>
        <source id="FBXASC227FBXASC130FBXASC189FBXASC227FBXASC131FBXASC170FBXASC227FBXASC131FBXASC131FBXASC227FBXASC131FBXASC1372-POSITION">
          <float_array id="FBXASC227FBXASC130FBXASC189FBXASC227FBXASC131FBXASC170FBXASC227FBXASC131FBXASC131FBXASC227FBXASC131FBXASC1372-POSITION-array" count="1152">0.000186867 0.001498031 8.3624e-05 5.0419e-05 0.001505126 -0.000186747 -0.000137276 0.001498031 0.000151879 -0.000102025 0.001498031 -0.000177491 4.2197e-05 0.001521654 0.000216397 -0.000200331 0.001498031 4.2184e-05 0.000177491 0.001498031 -0.000102025 -0.000191737 0.001505708 -5.1766e-05 -5.131e-05 0.001403543 0.000190046 9.8101e-05 0.001490157 0.000170664 0.00019835 0.001505708 -1.0017e-05 -5.5873e-05 0.001498031 0.000213275 2.0948e-05 0.001403543 -0.000195733 0.000170664 0.001403543 -9.8101e-05 -0.000195733 0.001403543 -2.0948e-05 -7.3978e-05 0.001498031 -0.000207691 0.000190046 0.001403543 5.131e-05 0.000133171 0.001505708 -0.000147338 -0.000147338 0.001505708 -0.000133171 9.8101e-05 0.001403543 0.000170664 -0.000146038 0.001403543 -0.000131996 -2.0948e-05 0.001490157 0.000195733 -0.000153217 0.001403543 0.000123591 -0.000201582 0.001498031 8.9291e-05 0.000151879 0.001498031 0.000137276 -0.000195733 0.001490157 -2.0948e-05 5.5873e-05 0.001498031 -0.000213275 -0.000116255 0.001498031 0.000187331 0.000220361 0.001498031 7.014e-06 -0.000192626 0.001403543 4.0562e-05 -0.000195495 0.001498031 -0.000101931 -9.473e-06 0.001498031 -0.000220269 0.000116255 0.001521654 -0.000187331 0.000186022 0.001521654 -0.000118338 -0.000218945 0.001498031 2.5907e-05 -0.000166307 0.001498031 0.000144742 0.000131909 0.001498031 0.000176658 4.2184e-05 0.001498031 0.000200331 8.3624e-05 0.001498031 -0.000186867 -7.0196e-05 0.001403543 -0.000183909 0.000218945 0.001498031 -2.5907e-05 7.3978e-05 0.001521654 0.000207691 8.0408e-05 0.001403543 -0.000179679 -6.7666e-05 0.001501448 -0.000177281 0.0001966 0.001403543 -9.929e-06 -2.1786e-05 0.001498031 0.000203562 0.000178119 0.001498031 0.000129929 -0.000153217 0.001490157 0.000123591 0.000201582 0.001498031 -8.9291e-05 9.929e-06 0.001403543 0.0001966 0.000190046 0.001490157 5.131e-05 0.000146038 0.001403543 0.000131996 0.000153217 0.001403543 -0.000123591 -0.000185546 0.001505708 7.082e-05 -0.000123591 0.001490157 -0.000153217 -0.000216854 0.001498031 -3.9779e-05 7.082e-05 0.001505708 0.000185546 -9.929e-06 0.001490157 -0.0001966 -4.2184e-05 0.001498031 -0.000200331 0.000208503 0.001498031 7.1655e-05 -0.000131909 0.001521654 -0.000176658 0.000166356 0.001505708 0.000108483 0.000131996 0.001490157 -0.000146038 -0.000171484 0.001498031 -0.000111827 0.000142877 0.001498031 -0.000167912 -8.3624e-05 0.001498031 0.000186867 0.000170664 0.001490157 -9.8101e-05 -0.000190046 0.001403543 -5.131e-05 2.1786e-05 0.001498031 -0.000203562 -0.000108483 0.001505708 0.000166356 -0.000177491 0.001498031 0.000102025 -0.000156765 0.001498031 -0.000155025 9.473e-06 0.001498031 0.000220269 -8.7036e-05 0.001521654 0.000202566 0.0001966 0.001490157 -9.929e-06 7.0196e-05 0.001403543 0.000183909 -0.000208503 0.001498031 -7.1655e-05 -0.000220361 0.001498031 -7.014e-06 0.000216854 0.001498031 3.9779e-05 0.000159345 0.001498031 -0.000128535 -4.2197e-05 0.001521654 -0.000216397 0.000200331 0.001498031 -4.2184e-05 -9.929e-06 0.001403543 -0.0001966 0.000104106 0.001498031 0.000194345 -8.0408e-05 0.001403543 0.000179679 -2.3462e-05 0.001521654 0.000219221 0.000111827 0.001498031 -0.000171484 0.000146038 0.001490157 0.000131996 -0.000178119 0.001498031 -0.000129929 -0.00019835 0.001505708 1.0017e-05 -0.000183909 0.001490157 7.0196e-05 -0.000128535 0.001498031 -0.000159345 1.0017e-05 0.001505708 0.00019835 -0.000170664 0.001403543 9.8101e-05 -5.131e-05 0.001490157 0.000190046 0.000185546 0.001505708 -7.082e-05 -0.000190046 0.001490157 -5.131e-05 6.7666e-05 0.001501448 0.000177281 0.000191737 0.001505708 5.1766e-05 0.000212638 0.001521654 -5.825e-05 -0.000212638 0.001521654 5.825e-05 -0.000186022 0.001521654 0.000118338 0.000195495 0.001521654 0.000101931 -0.000142877 0.001521654 0.000167912 -5.1766e-05 0.001505708 0.000191737 0.000156765 0.001521654 0.000155025 0.000124691 0.001505708 0.00015458 0.000195733 0.001403543 2.0948e-05 0.000188679 0.001501448 2.0193e-05 -0.00015458 0.001505708 0.000124691 -7.082e-05 0.001505708 -0.000185546 -1.0017e-05 0.001505708 -0.00019835 -0.000131996 0.001490157 0.000146038 2.3462e-05 0.001521654 -0.000219221 -0.000146038 0.001490157 -0.000131996 0.000183909 0.001490157 -7.0196e-05 7.3978e-05 0.001498031 0.000207691 5.131e-05 0.001490157 -0.000190046 -0.000183909 0.001403543 7.0196e-05 0.000183909 0.001403543 -7.0196e-05 -0.000123591 0.001403543 -0.000153217 -0.000104106 0.001521654 -0.000194345 8.7036e-05 0.001521654 -0.000202566 0.000153217 0.001490157 -0.000123591 0.000166307 0.001521654 -0.000144742 0.000102025 0.001498031 0.000177491 -2.0948e-05 0.001403543 0.000195733 -9.8101e-05 0.001403543 -0.000170664 -0.000131996 0.001403543 0.000146038 0.000123591 0.001490157 0.000153217 -0.000170664 0.001490157 9.8101e-05 0.000131996 0.001403543 -0.000146038 -0.000203562 0.001498031 -2.1786e-05 -0.0001966 0.001490157 9.929e-06 -9.8101e-05 0.001490157 -0.000170664 0.000123591 0.001403543 0.000153217 0.000203562 0.001498031 2.1786e-05 -9.473e-06 0.001521654 -0.000220269 5.3362e-05 0.001498031 -0.000197648 -0.000177281 0.001501448 6.7666e-05 -0.0001966 0.001403543 9.929e-06 0.000177281 0.001501448 -6.7666e-05 0.000192626 0.001403543 -4.0562e-05 -0.000208503 0.001521654 -7.1655e-05 -0.000220361 0.001521654 -7.014e-06 -0.000178119 0.001521654 -0.000129929 -0.000166307 0.001521654 0.000144742 -0.000218945 0.001521654 2.5907e-05 -5.5873e-05 0.001521654 0.000213275 0.000216854 0.001521654 3.9779e-05 -0.000201582 0.001521654 8.9291e-05 0.000208503 0.001521654 7.1655e-05 -0.000116255 0.001521654 0.000187331 -0.000156765 0.001521654 -0.000155025 0.000178119 0.001521654 0.000129929 0.000201582 0.001521654 -8.9291e-05 0.000220361 0.001521654 7.014e-06 0.000142877 0.001521654 -0.000167912 0.000131909 0.001521654 0.000176658 0.000218945 0.001521654 -2.5907e-05 -0.000216854 0.001521654 -3.9779e-05 -0.000195495 0.001521654 -0.000101931 -7.3978e-05 0.001521654 -0.000207691 -0.000179679 0.001403543 -8.0408e-05 -0.000212638 0.001498031 5.825e-05 0.000212638 0.001498031 -5.825e-05 0.000195495 0.001498031 0.000101931 0.000179679 0.001403543 8.0408e-05 -0.000188679 0.001501448 -2.0193e-05 -2.0193e-05 0.001501448 0.000188679 -7.0196e-05 0.001490157 -0.000183909 0.000186022 0.001498031 -0.000118338 -0.000186022 0.001498031 0.000118338 -0.000140775 0.001501448 -0.000127239 0.000156765 0.001498031 0.000155025 0.000140775 0.001501448 0.000127239 0.000166307 0.001498031 -0.000144742 -0.000131909 0.001498031 -0.000176658 -0.000186867 0.001498031 -8.3624e-05 5.5873e-05 0.001521654 -0.000213275 0.000127239 0.001501448 -0.000140775 -0.000104106 0.001498031 -0.000194345 0.000195733 0.001490157 2.0948e-05 -0.000142877 0.001498031 0.000167912 -0.000103651 0.001501448 0.000158946 9.929e-06 0.001490157 0.0001966 2.0948e-05 0.001490157 -0.000195733 0.000116255 0.001498031 -0.000187331 7.0196e-05 0.001490157 0.000183909 8.7036e-05 0.001498031 -0.000202566 5.131e-05 0.001403543 -0.000190046 4.2197e-05 0.001498031 0.000216397 -4.2197e-05 0.001498031 -0.000216397 -8.7036e-05 0.001498031 0.000202566 -4.0562e-05 0.001403543 -0.000192626 0.000104106 0.001521654 0.000194345 9.473e-06 0.001521654 0.000220269 -0.000107526 0.001403543 0.000164889 4.0562e-05 0.001403543 0.000192626 2.0193e-05 0.001501448 -0.000188679 0.000107526 0.001403543 -0.000164889 2.3462e-05 0.001498031 -0.000219221 -2.3462e-05 0.001498031 0.000219221 -0.000147695 0.001501448 0.000119137 0.000197648 0.001498031 5.3362e-05 -5.2914e-05 0.001502941 0.000195989 0.000191266 0.001498031 -7.3003e-05 -7.3003e-05 0.001498031 -0.000191266 -0.000159345 0.001498031 0.000128535 0.000128535 0.001498031 0.000159345 -0.000197648 0.001498031 -5.3362e-05 -0.000191266 0.001498031 7.3003e-05 0.000158946 0.001501448 0.000103651 -0.000164889 0.001403543 -0.000107526 7.3003e-05 0.001498031 0.000191266 -0.000151879 0.001498031 -0.000137276 0.000171484 0.001498031 0.000111827 -0.000158946 0.001501448 -0.000103651 -0.000111827 0.001498031 0.000171484 0.000137276 0.001498031 -0.000151879 0.000204464 0.001498031 -1.0326e-05 -1.0326e-05 0.001498031 -0.000204464 -0.000204464 0.001498031 1.0326e-05 0.000164889 0.001403543 0.000107526 1.0326e-05 0.001498031 0.000204464 5.1766e-05 0.001505708 -0.000191737 8.0408e-05 0.001490157 -0.000179679 0.000179679 0.001490157 8.0408e-05 0.000107526 0.001490157 -0.000164889 0.000164889 0.001490157 0.000107526 -0.000192626 0.001490157 4.0562e-05 -9.8974e-05 0.001505708 -0.000172183 0.00015458 0.001505708 -0.000124691 -8.0408e-05 0.001490157 0.000179679 -4.9461e-05 0.001501448 0.000183197 0.000183197 0.001501448 4.9461e-05 -0.000183197 0.001501448 -4.9461e-05 -0.000164889 0.001490157 -0.000107526 3.898e-05 0.001496279 0.000185114 -3.898e-05 0.001496279 -0.000185114 0.000185114 0.001496279 -3.898e-05 -0.000179679 0.001490157 -8.0408e-05 4.9309e-05 0.001496279 -0.000182635 -4.0562e-05 0.001490157 -0.000192626 0.000103651 0.001501448 -0.000158946 9.681e-06 0.001491875 0.000191697 -0.000191697 0.001491875 9.681e-06 0.000195989 0.001502941 5.2914e-05 -5.3362e-05 0.001498031 0.000197648 -0.000149395 0.001491875 0.000120509 3.9858e-05 0.001505126 0.000189283 -0.000189283 0.001505126 3.9858e-05 -0.00010566 0.001505126 0.000162027 -9.5655e-05 0.001491875 -0.000166408 -0.000166356 0.001505708 -0.000108483 4.0562e-05 0.001490157 0.000192626 -0.000185114 0.001496279 3.898e-05 0.000147338 0.001505708 0.000133171 -0.000133171 0.001505708 0.000147338 9.4566e-05 0.001501448 0.000164514 -9.4566e-05 0.001501448 -0.000164514 0.000164514 0.001501448 -9.4566e-05 7.751e-05 0.001501448 -0.000173204 0.000186747 0.001505126 5.0419e-05 0.000162027 0.001505126 0.00010566 -0.000186747 0.001505126 -5.0419e-05 0.000108483 0.001505708 -0.000166356 -0.000162027 0.001505126 -0.00010566 -0.000164514 0.001501448 9.4566e-05 0.000192626 0.001490157 -4.0562e-05 0.000191697 0.001491875 -9.681e-06 -9.681e-06 0.001491875 -0.000191697 -0.000107526 0.001490157 0.000164889 -6.8977e-05 0.001505126 -0.000180718 0.000189283 0.001505126 -3.9858e-05 -5.0419e-05 0.001505126 0.000186747 -9.757e-06 0.001505126 -0.000193188 0.000193188 0.001505126 -9.757e-06 9.571e-06 0.001501448 0.000189515 -9.571e-06 0.001501448 -0.000189515 -0.000189515 0.001501448 9.571e-06 0.000189515 0.001501448 -9.571e-06 -4.9309e-05 0.001496279 0.000182635 0.000182635 0.001496279 4.9309e-05 -0.000182635 0.001496279 -4.9309e-05 0.000120509 0.001491875 0.000149395 -0.000179323 0.001491875 6.8445e-05 2.0426e-05 0.001491875 -0.000190851 0.000190851 0.001491875 2.0426e-05 -6.8445e-05 0.001491875 -0.000179323 -0.000127456 0.001502941 -0.000158008 -0.000201854 0.001502941 -2.1603e-05 2.1603e-05 0.001502941 -0.000201854 3.91e-05 0.001501448 0.000185684 -3.91e-05 0.001501448 -0.000185684 -0.000185684 0.001501448 3.91e-05 0.000185684 0.001501448 -3.91e-05 0.00010566 0.001505126 -0.000162027 0.000147695 0.001501448 -0.000119137 -0.000119137 0.001501448 -0.000147695 0.000119137 0.001501448 0.000147695 -0.000185299 0.001502941 -8.2922e-05 8.2922e-05 0.001502941 -0.000185299 -0.000110889 0.001502941 0.000170045 0.000170045 0.001502941 0.000110889 0.000101169 0.001502941 0.000176001 -0.000176001 0.001502941 0.000101169 0.000176001 0.001502941 -0.000101169 -0.000195989 0.001502941 -5.2914e-05 5.2914e-05 0.001502941 -0.000195989 4.9461e-05 0.001501448 -0.000183197 -0.000127239 0.001501448 0.000140775 0.000185299 0.001502941 8.2922e-05 -8.2922e-05 0.001502941 0.000185299 -2.0585e-05 0.001505126 0.000192336 -0.000192336 0.001505126 -2.0585e-05 -7.751e-05 0.001501448 0.000173204 0.000173204 0.001501448 7.751e-05 -0.000173204 0.001501448 -7.751e-05 6.8445e-05 0.001491875 0.000179323 0.000179323 0.001491875 -6.8445e-05 -2.0426e-05 0.001491875 0.000190851 -0.000190851 0.001491875 -2.0426e-05 -0.000142396 0.001491875 -0.000128704 -0.000128704 0.001491875 0.000142396 0.000127456 0.001502941 0.000158008 -0.000158008 0.001502941 0.000127456 0.000158008 0.001502941 -0.000127456 -2.1603e-05 0.001502941 0.000201854 0.000201854 0.001502941 2.1603e-05 -4.183e-05 0.001502941 -0.00019865 4.183e-05 0.001502941 0.00019865 -0.00019865 0.001502941 4.183e-05 0.00019865 0.001502941 -4.183e-05 -0.000120509 0.001491875 -0.000149395 6.8977e-05 0.001505126 0.000180718 -0.000180718 0.001505126 6.8977e-05 0.000128704 0.001491875 -0.000142396 9.5655e-05 0.001491875 0.000166408 0.000166408 0.001491875 -9.5655e-05 0.000149395 0.001491875 -0.000120509 0.000142396 0.001491875 0.000128704 -0.000166408 0.001491875 9.5655e-05 0.000110889 0.001502941 -0.000170045 -0.000170045 0.001502941 -0.000110889 -0.000101169 0.001502941 -0.000176001 -0.000129705 0.001505126 0.000143503 0.000143503 0.001505126 0.000129705 -0.000181279 0.001505708 -8.1123e-05 8.1123e-05 0.001505708 -0.000181279 0.000180718 0.001505126 -6.8977e-05 -9.6399e-05 0.001505126 -0.000167702 9.757e-06 0.001505126 0.000193188 -0.000193188 0.001505126 9.757e-06 0.000176561 0.001505126 7.9012e-05 -0.000176561 0.001505126 -7.9012e-05 -7.9012e-05 0.001505126 0.000176561 7.9012e-05 0.001505126 -0.000176561 2.0585e-05 0.001505126 -0.000192336 0.000192336 0.001505126 2.0585e-05 0.000129705 0.001505126 -0.000143503 -0.000143503 0.001505126 -0.000129705 0.000121446 0.001505126 0.000150557 -0.000121446 0.001505126 -0.000150557 -0.000150557 0.001505126 0.000121446 0.000150557 0.001505126 -0.000121446 9.6399e-05 0.001505126 0.000167702 -0.000167702 0.001505126 9.6399e-05 0.000167702 0.001505126 -9.6399e-05 -3.9858e-05 0.001505126 -0.000189283 0.000197475 0.001505708 2.1135e-05 -2.1135e-05 0.001505708 0.000197475 -0.000197475 0.001505708 -2.1135e-05 2.1135e-05 0.001505708 -0.000197475 4.0923e-05 0.001505708 0.000194341 -0.000194341 0.001505708 4.0923e-05 -4.0923e-05 0.001505708 -0.000194341 0.000194341 0.001505708 -4.0923e-05 -0.000124691 0.001505708 -0.00015458 -0.000172183 0.001505708 9.8974e-05 0.000172183 0.001505708 -9.8974e-05 9.8974e-05 0.001505708 0.000172183 0.000181279 0.001505708 8.1123e-05 -8.1123e-05 0.001505708 0.000181279</float_array>
          <technique_common>
            <accessor source="#FBXASC227FBXASC130FBXASC189FBXASC227FBXASC131FBXASC170FBXASC227FBXASC131FBXASC131FBXASC227FBXASC131FBXASC1372-POSITION-array" count="384" stride="3">
              <param name="X" type="float"/>
              <param name="Y" type="float"/>
              <param name="Z" type="float"/>
            </accessor>
          </technique_common>
        </source>
        <source id="FBXASC227FBXASC130FBXASC189FBXASC227FBXASC131FBXASC170FBXASC227FBXASC131FBXASC131FBXASC227FBXASC131FBXASC1372-Normal0">
          <float_array id="FBXASC227FBXASC130FBXASC189FBXASC227FBXASC131FBXASC170FBXASC227FBXASC131FBXASC131FBXASC227FBXASC131FBXASC1372-Normal0-array" count="6876">
-0.000000 2.540000 -0.000000
-0.000000 2.540000 -0.000000
-0.000000 2.540000 -0.000000
0.000000 -2.540000 0.000000
0.000000 -2.540000 0.000000
0.000000 -2.540000 0.000000
0.000000 -2.540000 0.000000
0.000000 -2.540000 0.000000
0.000000 -2.540000 0.000000
-0.000000 2.540000 -0.000000
-0.000000 2.540000 -0.000000
-0.000000 2.540000 -0.000000
0.000000 -2.540000 0.000000
0.000000 -2.540000 0.000000
0.000000 -2.540000 0.000000
-0.000000 2.540000 -0.000000
-0.000000 2.540000 -0.000000
-0.000000 2.540000 -0.000000
0.000000 -2.540000 0.000000
0.000000 -2.540000 0.000000
0.000000 -2.540000 0.000000
-0.000000 2.540000 -0.000000
-0.000000 2.540000 -0.000000
-0.000000 2.540000 -0.000000
0.000000 -2.540000 0.000000
0.000000 -2.540000 0.000000
0.000000 -2.540000 0.000000
-0.000000 2.540000 -0.000000
-0.000000 2.540000 -0.000000
-0.000000 2.540000 -0.000000
-0.000000 2.540000 -0.000000
-0.000000 2.540000 -0.000000
-0.000000 2.540000 -0.000000
-2.127592 -0.000000 -1.387427
-2.318439 -0.000000 -1.037517
-2.127592 -0.000000 -1.387427
0.000000 -2.540000 0.000000
0.000000 -2.540000 0.000000
0.000000 -2.540000 0.000000
-1.387427 0.000000 2.127592
-1.387427 0.000000 2.127592
-1.037517 0.000000 2.318439
0.128115 0.000000 2.536767
0.523375 0.000000 2.485494
0.128115 0.000000 2.536767
-0.000000 2.540000 -0.000000
-0.000000 2.540000 -0.000000
-0.000000 2.540000 -0.000000
-0.000000 2.540000 -0.000000
-0.000000 2.540000 -0.000000
-0.000000 2.540000 -0.000000
2.127592 0.000000 1.387427
2.318439 0.000000 1.037517
2.127592 0.000000 1.387427
-0.596495 -1.102065 2.209354
-0.450162 -2.288461 1.005933
-0.934771 -1.102065 2.088841
-0.000000 2.540000 -0.000000
-0.000000 2.540000 -0.000000
-0.000000 2.540000 -0.000000
1.387427 -0.000000 -2.127592
1.387427 -0.000000 -2.127592
1.037517 -0.000000 -2.318439
-0.128115 -0.000000 -2.536767
-0.523375 -0.000000 -2.485494
-0.128115 -0.000000 -2.536767
1.387427 -0.000000 -2.127592
1.703174 0.000000 -1.884356
1.387427 -0.000000 -2.127592
2.373019 0.000000 -0.905748
2.485494 0.000000 -0.523375
2.373019 0.000000 -0.905748
-2.373019 -0.000000 0.905748
-2.202113 -0.000000 1.265819
-2.373019 -0.000000 0.905748
-2.318439 -0.000000 -1.037517
-2.318439 -0.000000 -1.037517
-2.127592 -0.000000 -1.387427
-0.055587 -2.288461 -1.100662
-0.115427 -1.102065 -2.285548
-0.227084 -2.288461 -1.078415
-0.000000 2.540000 -0.000000
-0.000000 2.540000 -0.000000
-0.000000 2.540000 -0.000000
2.318439 0.000000 1.037517
2.318439 0.000000 1.037517
2.127592 0.000000 1.387427
2.485494 0.000000 -0.523375
2.485494 0.000000 -0.523375
2.373019 0.000000 -0.905748
2.202113 0.000000 -1.265819
1.976984 0.000000 -1.594721
2.202113 0.000000 -1.265819
-0.000000 2.540000 -0.000000
-0.000000 2.540000 -0.000000
-0.000000 2.540000 -0.000000
-2.209354 -1.102065 -0.596495
-1.005933 -2.288461 -0.450162
-2.088841 -1.102065 -0.934771
-0.000000 2.540000 -0.000000
-0.000000 2.540000 -0.000000
-0.000000 2.540000 -0.000000
1.594721 0.000000 1.976984
1.594721 0.000000 1.976984
1.884356 0.000000 1.703174
0.523375 0.000000 2.485494
0.523375 0.000000 2.485494
0.128115 0.000000 2.536767
-0.905748 -0.000000 -2.373019
-0.523375 -0.000000 -2.485494
-0.905748 -0.000000 -2.373019
-1.594721 -0.000000 -1.976984
-1.884356 -0.000000 -1.703174
-1.594721 -0.000000 -1.976984
0.000000 -2.540000 0.000000
0.000000 -2.540000 0.000000
0.000000 -2.540000 0.000000
0.000000 -2.540000 0.000000
0.000000 -2.540000 0.000000
0.000000 -2.540000 0.000000
-1.387427 0.000000 2.127592
-1.703174 -0.000000 1.884356
-1.387427 0.000000 2.127592
-2.202113 -0.000000 1.265819
-2.202113 -0.000000 1.265819
-2.373019 -0.000000 0.905748
0.439920 -2.476317 -0.354859
1.721681 -1.583664 -0.989657
0.490016 -2.476317 -0.281671
-0.000000 2.540000 -0.000000
-0.000000 2.540000 -0.000000
-0.000000 2.540000 -0.000000
-0.000000 2.540000 -0.000000
-0.000000 2.540000 -0.000000
-0.000000 2.540000 -0.000000
2.209354 -1.102065 0.596495
1.005933 -2.288461 0.450162
2.088841 -1.102065 0.934771
-2.260311 0.565203 -1.011504
-2.209354 -1.102065 -0.596495
-2.088841 -1.102065 -0.934771
-2.536767 -0.000000 0.128115
-2.536767 -0.000000 0.128115
-2.485494 -0.000000 0.523375
-0.211329 -1.583664 1.974575
-0.060147 -2.476317 0.561994
0.100164 -1.583664 1.983324
-0.308732 -2.476317 0.473434
-0.230869 -2.476317 0.515901
-0.811163 -1.583664 1.812628
-0.000000 2.540000 -0.000000
-0.000000 2.540000 -0.000000
-0.000000 2.540000 -0.000000
0.000000 -2.540000 0.000000
0.000000 -2.540000 0.000000
0.000000 -2.540000 0.000000
-1.943237 -1.583664 0.409191
-0.553074 -2.476317 0.116462
-1.855301 -1.583664 0.708143
0.000000 -2.540000 0.000000
0.000000 -2.540000 0.000000
0.000000 -2.540000 0.000000
-2.485494 -0.000000 0.523375
-2.536767 -0.000000 0.128115
-2.485494 -0.000000 0.523375
0.000000 -2.540000 0.000000
0.000000 -2.540000 0.000000
0.000000 -2.540000 0.000000
0.473434 -2.476317 0.308732
0.515901 -2.476317 0.230869
1.812628 -1.583664 0.811163
-0.000000 2.540000 -0.000000
-0.000000 2.540000 -0.000000
-0.000000 2.540000 -0.000000
-0.000000 2.540000 -0.000000
-0.000000 2.540000 -0.000000
-0.000000 2.540000 -0.000000
0.000000 -2.540000 0.000000
0.000000 -2.540000 0.000000
0.000000 -2.540000 0.000000
1.646041 0.000000 -1.934464
1.915973 0.000000 -1.667528
1.915973 0.000000 -1.667528
0.000000 -2.540000 0.000000
0.000000 -2.540000 0.000000
0.000000 -2.540000 0.000000
1.915973 0.000000 -1.667528
2.143105 0.000000 -1.363342
2.143105 0.000000 -1.363342
0.000000 -2.540000 0.000000
0.000000 -2.540000 0.000000
0.000000 -2.540000 0.000000
0.000000 -2.540000 0.000000
0.000000 -2.540000 0.000000
0.000000 -2.540000 0.000000
-2.449745 -0.000000 0.671081
-2.522403 -0.000000 0.298470
-2.449745 -0.000000 0.671081
0.000000 -2.540000 0.000000
0.000000 -2.540000 0.000000
0.000000 -2.540000 0.000000
-1.646041 -0.000000 1.934464
-1.915973 -0.000000 1.667528
-1.646041 -0.000000 1.934464
0.000000 -2.540000 0.000000
0.000000 -2.540000 0.000000
0.000000 -2.540000 0.000000
0.000000 -2.540000 0.000000
0.000000 -2.540000 0.000000
0.000000 -2.540000 0.000000
-1.011504 0.565203 2.260311
-0.596495 -1.102065 2.209354
-0.934771 -1.102065 2.088841
0.124903 0.565203 2.473165
0.471545 -1.102065 2.239352
0.115427 -1.102065 2.285548
0.000000 -2.540000 0.000000
0.000000 -2.540000 0.000000
0.000000 -2.540000 0.000000
0.643699 -0.000000 -2.457082
1.002718 -0.000000 -2.333700
1.002718 -0.000000 -2.333700
0.000000 -2.540000 0.000000
0.000000 -2.540000 0.000000
0.000000 -2.540000 0.000000
-1.594721 -0.000000 -1.976984
-1.265819 -0.000000 -2.202113
-1.594721 -0.000000 -1.976984
0.000000 -2.540000 0.000000
0.000000 -2.540000 0.000000
0.000000 -2.540000 0.000000
-0.000000 2.540000 -0.000000
-0.000000 2.540000 -0.000000
-0.000000 2.540000 -0.000000
0.852274 0.000000 2.392745
0.486135 0.000000 2.493045
0.486135 0.000000 2.493045
-0.000000 2.540000 -0.000000
-0.000000 2.540000 -0.000000
-0.000000 2.540000 -0.000000
0.000000 -2.540000 0.000000
0.000000 -2.540000 0.000000
0.000000 -2.540000 0.000000
1.037517 -0.000000 -2.318439
1.037517 -0.000000 -2.318439
0.662060 -0.000000 -2.452199
0.000000 -2.540000 0.000000
0.000000 -2.540000 0.000000
0.000000 -2.540000 0.000000
1.246803 -1.583664 1.545668
0.354859 -2.476317 0.439920
1.473249 -1.583664 1.331595
0.000000 -2.540000 0.000000
0.000000 -2.540000 0.000000
0.000000 -2.540000 0.000000
2.536767 0.000000 -0.128115
2.525577 0.000000 0.270300
2.536767 0.000000 -0.128115
1.084734 -1.583664 -1.663418
0.811163 -1.583664 -1.812628
1.037517 0.000000 -2.318439
0.109136 0.000000 2.537654
-0.270300 0.000000 2.525577
-0.270300 0.000000 2.525577
0.000000 -2.540000 0.000000
0.000000 -2.540000 0.000000
0.000000 -2.540000 0.000000
1.806046 0.000000 1.786001
1.519684 0.000000 2.035230
1.806046 0.000000 1.786001
-1.976984 -0.000000 1.594721
-1.976984 -0.000000 1.594721
-1.703174 -0.000000 1.884356
-1.781201 -1.102065 1.436794
-1.660472 0.565203 1.837111
-1.534507 -1.102065 1.697746
-0.000000 2.540000 -0.000000
-0.000000 2.540000 -0.000000
-0.000000 2.540000 -0.000000
2.143105 0.000000 -1.363342
2.322364 0.000000 -1.028701
2.143105 0.000000 -1.363342
-0.662060 0.000000 2.452199
-0.270300 0.000000 2.525577
-0.662060 0.000000 2.452199
0.000000 -2.540000 0.000000
0.000000 -2.540000 0.000000
0.000000 -2.540000 0.000000
2.260311 0.565203 1.011504
2.209354 -1.102065 0.596495
2.088841 -1.102065 0.934771
2.452199 0.000000 0.662060
2.525577 0.000000 0.270300
2.452199 0.000000 0.662060
0.000000 -2.540000 0.000000
0.000000 -2.540000 0.000000
0.000000 -2.540000 0.000000
1.884356 0.000000 1.703174
1.594721 0.000000 1.976984
1.884356 0.000000 1.703174
1.976984 0.000000 -1.594721
1.976984 0.000000 -1.594721
2.202113 0.000000 -1.265819
0.000000 -2.540000 0.000000
0.000000 -2.540000 0.000000
0.000000 -2.540000 0.000000
0.000000 -2.540000 0.000000
0.000000 -2.540000 0.000000
0.000000 -2.540000 0.000000
-2.473165 0.565203 0.124903
-2.239352 -1.102065 0.471545
-2.285548 -1.102065 0.115427
-1.140464 -1.102065 -1.984035
-1.554738 0.565203 -1.927416
-1.436794 -1.102065 -1.781201
-0.905748 -0.000000 -2.373019
-0.905748 -0.000000 -2.373019
-1.265819 -0.000000 -2.202113
0.000000 -2.540000 0.000000
0.000000 -2.540000 0.000000
0.000000 -2.540000 0.000000
0.000000 -2.540000 0.000000
0.000000 -2.540000 0.000000
0.000000 -2.540000 0.000000
1.234082 0.565203 2.146901
1.554738 0.565203 1.927416
1.140464 -1.102065 1.984035
0.905748 0.000000 2.373019
0.905748 0.000000 2.373019
1.265819 0.000000 2.202113
-0.124903 0.565203 -2.473165
-0.471545 -1.102065 -2.239352
-0.115427 -1.102065 -2.285548
0.270300 -0.000000 -2.525577
0.270300 -0.000000 -2.525577
0.662060 -0.000000 -2.452199
-0.486135 -0.000000 -2.493045
-0.109136 -0.000000 -2.537654
-0.486135 -0.000000 -2.493045
0.000000 -2.540000 0.000000
0.000000 -2.540000 0.000000
0.000000 -2.540000 0.000000
0.000000 -2.540000 0.000000
0.000000 -2.540000 0.000000
0.000000 -2.540000 0.000000
2.252241 0.000000 1.174312
2.052063 0.000000 1.496875
2.252241 0.000000 1.174312
-1.199375 -0.000000 -2.238995
-0.852274 -0.000000 -2.392745
-1.199375 -0.000000 -2.238995
-1.806046 -0.000000 -1.786001
-1.519684 -0.000000 -2.035230
-1.519684 -0.000000 -2.035230
1.140464 -1.102065 1.984035
1.436794 -1.102065 1.781201
0.691924 -2.288461 0.857781
0.000000 -2.540000 0.000000
0.000000 -2.540000 0.000000
0.000000 -2.540000 0.000000
0.934771 -1.102065 -2.088841
1.250029 -1.102065 -1.916894
1.352641 0.565203 -2.074248
1.984035 -1.102065 -1.140464
1.927416 0.565203 -1.554738
1.781201 -1.102065 -1.436794
-0.000000 2.540000 -0.000000
-0.000000 2.540000 -0.000000
-0.000000 2.540000 -0.000000
0.000000 -2.540000 0.000000
0.000000 -2.540000 0.000000
0.000000 -2.540000 0.000000
1.339339 -0.000000 -2.158187
1.646041 0.000000 -1.934464
1.339339 -0.000000 -2.158187
-0.000000 2.540000 -0.000000
-0.000000 2.540000 -0.000000
-0.000000 2.540000 -0.000000
0.000000 -2.540000 0.000000
0.000000 -2.540000 0.000000
0.000000 -2.540000 0.000000
-0.643699 0.000000 2.457082
-1.002718 0.000000 2.333700
-1.002718 0.000000 2.333700
2.285548 -1.102065 -0.115427
2.239352 -1.102065 -0.471545
1.078415 -2.288461 -0.227084
0.955461 -2.288461 -0.549218
1.984035 -1.102065 -1.140464
0.857781 -2.288461 -0.691924
-2.525577 -0.000000 -0.270300
-2.452199 -0.000000 -0.662060
-2.525577 -0.000000 -0.270300
0.000000 -2.540000 0.000000
0.000000 -2.540000 0.000000
0.000000 -2.540000 0.000000
-0.000000 2.540000 -0.000000
-0.000000 2.540000 -0.000000
-0.000000 2.540000 -0.000000
0.000000 -2.540000 0.000000
0.000000 -2.540000 0.000000
0.000000 -2.540000 0.000000
0.000000 -2.540000 0.000000
0.000000 -2.540000 0.000000
0.000000 -2.540000 0.000000
-0.857781 -2.288461 0.691924
-1.781201 -1.102065 1.436794
-0.738980 -2.288461 0.817591
0.000000 -2.540000 0.000000
0.000000 -2.540000 0.000000
0.000000 -2.540000 0.000000
-2.143105 -0.000000 1.363342
-2.322364 -0.000000 1.028701
-2.143105 -0.000000 1.363342
0.000000 -2.540000 0.000000
0.000000 -2.540000 0.000000
0.000000 -2.540000 0.000000
0.000000 -2.540000 0.000000
0.000000 -2.540000 0.000000
0.000000 -2.540000 0.000000
0.486135 0.000000 2.493045
0.109136 0.000000 2.537654
0.486135 0.000000 2.493045
-0.000000 2.540000 -0.000000
-0.000000 2.540000 -0.000000
-0.000000 2.540000 -0.000000
-0.000000 2.540000 -0.000000
-0.000000 2.540000 -0.000000
-0.000000 2.540000 -0.000000
-1.002718 0.000000 2.333700
-1.339339 0.000000 2.158187
-1.002718 0.000000 2.333700
1.095807 -2.288461 0.117279
1.063969 -2.288461 0.287257
2.275466 -1.102065 0.243532
1.100662 -2.288461 -0.055587
2.285548 -1.102065 -0.115427
1.078415 -2.288461 -0.227084
0.000000 -2.540000 0.000000
0.000000 -2.540000 0.000000
0.000000 -2.540000 0.000000
1.265819 0.000000 2.202113
0.905748 0.000000 2.373019
1.265819 0.000000 2.202113
0.000000 -2.540000 0.000000
0.000000 -2.540000 0.000000
0.000000 -2.540000 0.000000
-0.000000 2.540000 -0.000000
-0.000000 2.540000 -0.000000
-0.000000 2.540000 -0.000000
-0.000000 2.540000 -0.000000
-0.000000 2.540000 -0.000000
-0.000000 2.540000 -0.000000
0.000000 -2.540000 0.000000
0.000000 -2.540000 0.000000
0.000000 -2.540000 0.000000
-0.000000 2.540000 -0.000000
-0.000000 2.540000 -0.000000
-0.000000 2.540000 -0.000000
0.000000 -2.540000 0.000000
0.000000 -2.540000 0.000000
0.000000 -2.540000 0.000000
-1.331595 -1.583664 1.473249
-1.545668 -1.583664 1.246803
-0.439920 -2.476317 0.354859
0.000000 -2.540000 0.000000
0.000000 -2.540000 0.000000
0.000000 -2.540000 0.000000
-0.000000 2.540000 -0.000000
-0.000000 2.540000 -0.000000
-0.000000 2.540000 -0.000000
-0.852274 -0.000000 -2.392745
-0.486135 -0.000000 -2.493045
-0.486135 -0.000000 -2.493045
2.449745 0.000000 -0.671081
2.522403 0.000000 -0.298470
2.449745 0.000000 -0.671081
0.000000 -2.540000 0.000000
0.000000 -2.540000 0.000000
0.000000 -2.540000 0.000000
-0.128115 -0.000000 -2.536767
-0.128115 -0.000000 -2.536767
0.270300 -0.000000 -2.525577
0.000000 -2.540000 0.000000
0.000000 -2.540000 0.000000
0.000000 -2.540000 0.000000
0.000000 -2.540000 0.000000
0.000000 -2.540000 0.000000
0.000000 -2.540000 0.000000
-0.000000 2.540000 -0.000000
-0.000000 2.540000 -0.000000
-0.000000 2.540000 -0.000000
0.000000 -2.540000 0.000000
0.000000 -2.540000 0.000000
0.000000 -2.540000 0.000000
-0.662060 0.000000 2.452199
-0.662060 0.000000 2.452199
-1.037517 0.000000 2.318439
-0.270300 0.000000 2.525577
-0.643699 0.000000 2.457082
-0.270300 0.000000 2.525577
-0.000000 2.540000 -0.000000
-0.000000 2.540000 -0.000000
-0.000000 2.540000 -0.000000
-1.084734 -1.583664 1.663418
-0.308732 -2.476317 0.473434
-0.811163 -1.583664 1.812628
1.002718 -0.000000 -2.333700
1.339339 -0.000000 -2.158187
1.339339 -0.000000 -2.158187
2.260311 0.565203 1.011504
2.088841 -1.102065 0.934771
2.074248 0.565203 1.352641
1.140464 -1.102065 1.984035
1.554738 0.565203 1.927416
1.436794 -1.102065 1.781201
0.000000 -2.540000 0.000000
0.000000 -2.540000 0.000000
0.000000 -2.540000 0.000000
0.000000 -2.540000 0.000000
0.000000 -2.540000 0.000000
0.000000 -2.540000 0.000000
0.000000 -2.540000 0.000000
0.000000 -2.540000 0.000000
0.000000 -2.540000 0.000000
1.943237 -1.583664 -0.409191
0.553074 -2.476317 -0.116462
1.855301 -1.583664 -0.708143
-1.549680 1.985852 0.326319
-2.423177 0.565203 0.510253
-1.581648 1.985852 0.079878
-2.146901 0.565203 1.234082
-1.927416 0.565203 1.554738
-1.984035 -1.102065 1.140464
0.989657 -1.583664 1.721681
0.281671 -2.476317 0.490016
1.246803 -1.583664 1.545668
-1.519684 -0.000000 -2.035230
-1.199375 -0.000000 -2.238995
-1.199375 -0.000000 -2.238995
0.000000 -2.540000 0.000000
0.000000 -2.540000 0.000000
0.000000 -2.540000 0.000000
-0.409191 -1.583664 -1.943237
-0.116462 -2.476317 -0.553074
-0.708143 -1.583664 -1.855301
0.000000 -2.540000 0.000000
0.000000 -2.540000 0.000000
0.000000 -2.540000 0.000000
-1.976984 -0.000000 1.594721
-1.976984 -0.000000 1.594721
-2.202113 -0.000000 1.265819
-0.270300 0.000000 2.525577
-0.270300 0.000000 2.525577
-0.662060 0.000000 2.452199
-0.412787 1.985852 1.528921
-0.263523 0.565203 2.462255
-0.645460 0.565203 2.390717
-1.545668 -1.583664 1.246803
-1.721681 -1.583664 0.989657
-0.439920 -2.476317 0.354859
0.000000 -2.540000 0.000000
0.000000 -2.540000 0.000000
0.000000 -2.540000 0.000000
-1.528921 1.985852 -0.412787
-2.462255 0.565203 -0.263523
-2.390717 0.565203 -0.645460
-2.452199 -0.000000 -0.662060
-2.452199 -0.000000 -0.662060
-2.525577 -0.000000 -0.270300
0.392990 -2.288461 1.029614
0.816051 -1.102065 2.138016
0.549218 -2.288461 0.955461
0.115427 -1.102065 2.285548
0.471545 -1.102065 2.239352
0.227084 -2.288461 1.078415
0.000000 -2.540000 0.000000
0.000000 -2.540000 0.000000
0.000000 -2.540000 0.000000
-1.663418 -1.583664 -1.084734
-1.812628 -1.583664 -0.811163
-2.318439 -0.000000 -1.037517
-0.000000 2.540000 -0.000000
-0.000000 2.540000 -0.000000
-0.000000 2.540000 -0.000000
2.322364 0.000000 -1.028701
2.449745 0.000000 -0.671081
2.449745 0.000000 -0.671081
-0.000000 2.540000 -0.000000
-0.000000 2.540000 -0.000000
-0.000000 2.540000 -0.000000
-2.322364 -0.000000 1.028701
-2.449745 -0.000000 0.671081
-2.449745 -0.000000 0.671081
-1.915973 -0.000000 1.667528
-2.143105 -0.000000 1.363342
-2.143105 -0.000000 1.363342
-0.000000 2.540000 -0.000000
-0.000000 2.540000 -0.000000
-0.000000 2.540000 -0.000000
2.402108 0.000000 0.825517
2.252241 0.000000 1.174312
2.252241 0.000000 1.174312
-0.000000 2.540000 -0.000000
-0.000000 2.540000 -0.000000
-0.000000 2.540000 -0.000000
-1.339339 0.000000 2.158187
-1.646041 -0.000000 1.934464
-1.646041 -0.000000 1.934464
-0.000000 2.540000 -0.000000
-0.000000 2.540000 -0.000000
-0.000000 2.540000 -0.000000
0.000000 -2.540000 0.000000
0.000000 -2.540000 0.000000
0.000000 -2.540000 0.000000
-0.100164 -1.583664 -1.983324
0.211329 -1.583664 -1.974575
0.060147 -2.476317 -0.561994
-0.000000 2.540000 -0.000000
-0.000000 2.540000 -0.000000
-0.000000 2.540000 -0.000000
2.052063 0.000000 1.496875
1.806046 0.000000 1.786001
1.806046 0.000000 1.786001
-1.473249 -1.583664 -1.331595
-2.127592 -0.000000 -1.387427
-1.884356 -0.000000 -1.703174
0.000000 -2.540000 0.000000
0.000000 -2.540000 0.000000
0.000000 -2.540000 0.000000
0.000000 -2.540000 0.000000
0.000000 -2.540000 0.000000
0.000000 -2.540000 0.000000
2.525577 0.000000 0.270300
2.525577 0.000000 0.270300
2.452199 0.000000 0.662060
2.525577 0.000000 0.270300
2.525577 0.000000 0.270300
2.536767 0.000000 -0.128115
1.549680 1.985852 -0.326319
2.423177 0.565203 -0.510253
1.581648 1.985852 -0.079878
0.000000 -2.540000 0.000000
0.000000 -2.540000 0.000000
0.000000 -2.540000 0.000000
1.387427 -0.000000 -2.127592
1.703174 0.000000 -1.884356
1.331595 -1.583664 -1.473249
-0.549218 -2.288461 -0.955461
-1.140464 -1.102065 -1.984035
-0.691924 -2.288461 -0.857781
-0.115427 -1.102065 -2.285548
-0.471545 -1.102065 -2.239352
-0.227084 -2.288461 -1.078415
0.409191 -1.583664 1.943237
0.116462 -2.476317 0.553074
0.708143 -1.583664 1.855301
0.000000 -2.540000 0.000000
0.000000 -2.540000 0.000000
0.000000 -2.540000 0.000000
-1.352641 0.565203 2.074248
-1.250029 -1.102065 1.916894
-1.660472 0.565203 1.837111
-1.352641 0.565203 2.074248
-1.011504 0.565203 2.260311
-1.250029 -1.102065 1.916894
-0.109136 -0.000000 -2.537654
0.270300 -0.000000 -2.525577
0.270300 -0.000000 -2.525577
0.643699 -0.000000 -2.457082
0.270300 -0.000000 -2.525577
0.270300 -0.000000 -2.525577
-2.260311 0.565203 -1.011504
-2.088841 -1.102065 -0.934771
-2.074248 0.565203 -1.352641
-1.554738 0.565203 -1.927416
-1.837111 0.565203 -1.660472
-1.436794 -1.102065 -1.781201
2.373019 0.000000 -0.905748
2.202113 0.000000 -1.265819
2.373019 0.000000 -0.905748
-0.000000 2.540000 -0.000000
-0.000000 2.540000 -0.000000
1.479553 1.985852 -0.564725
0.852274 0.000000 2.392745
0.486135 0.000000 2.493045
0.852274 0.000000 2.392745
1.199375 0.000000 2.238995
0.852274 0.000000 2.392745
0.852274 0.000000 2.392745
0.263523 0.565203 -2.462255
-0.124903 0.565203 -2.473165
0.243532 -1.102065 -2.275466
1.011504 0.565203 -2.260311
0.934771 -1.102065 -2.088841
1.352641 0.565203 -2.074248
0.000000 -2.540000 0.000000
0.000000 -2.540000 0.000000
0.000000 -2.540000 0.000000
-2.373019 -0.000000 0.905748
-2.373019 -0.000000 0.905748
-2.485494 -0.000000 0.523375
2.202113 0.000000 -1.265819
2.202113 0.000000 -1.265819
2.373019 0.000000 -0.905748
0.000000 -2.540000 0.000000
0.000000 -2.540000 0.000000
0.000000 -2.540000 0.000000
-1.884356 -0.000000 -1.703174
-1.884356 -0.000000 -1.703174
-1.594721 -0.000000 -1.976984
0.000000 -2.540000 0.000000
0.000000 -2.540000 0.000000
0.000000 -2.540000 0.000000
-1.519684 -0.000000 -2.035230
-1.199375 -0.000000 -2.238995
-1.519684 -0.000000 -2.035230
-0.000000 2.540000 -0.000000
-0.000000 2.540000 -0.000000
-0.000000 2.540000 -0.000000
1.002718 -0.000000 -2.333700
1.339339 -0.000000 -2.158187
1.002718 -0.000000 -2.333700
-0.000000 2.540000 -0.000000
-0.000000 2.540000 -0.000000
-0.000000 2.540000 -0.000000
2.146901 0.565203 -1.234082
1.927416 0.565203 -1.554738
1.984035 -1.102065 -1.140464
1.976984 0.000000 -1.594721
1.703174 0.000000 -1.884356
1.976984 0.000000 -1.594721
1.915973 0.000000 -1.667528
2.143105 0.000000 -1.363342
1.915973 0.000000 -1.667528
-0.000000 2.540000 -0.000000
-0.000000 2.540000 -0.000000
-0.000000 2.540000 -0.000000
0.000000 -2.540000 0.000000
0.000000 -2.540000 0.000000
0.000000 -2.540000 0.000000
-0.354859 -2.476317 -0.439920
-0.989657 -1.583664 -1.721681
-0.281671 -2.476317 -0.490016
0.000000 -2.540000 0.000000
0.000000 -2.540000 0.000000
0.000000 -2.540000 0.000000
-0.270300 0.000000 2.525577
0.128115 0.000000 2.536767
-0.270300 0.000000 2.525577
-1.265819 -0.000000 -2.202113
-0.905748 -0.000000 -2.373019
-1.265819 -0.000000 -2.202113
0.000000 -2.540000 0.000000
0.000000 -2.540000 0.000000
0.000000 -2.540000 0.000000
-1.703174 -0.000000 1.884356
-1.976984 -0.000000 1.594721
-1.703174 -0.000000 1.884356
0.000000 -2.540000 0.000000
0.000000 -2.540000 0.000000
0.000000 -2.540000 0.000000
1.265819 0.000000 2.202113
1.265819 0.000000 2.202113
1.594721 0.000000 1.976984
0.883039 0.565203 2.313523
1.234082 0.565203 2.146901
0.816051 -1.102065 2.138016
-1.232629 1.985852 0.994292
-1.372995 1.985852 0.789225
-0.000000 2.540000 -0.000000
-2.202113 -0.000000 1.265819
-1.976984 -0.000000 1.594721
-2.202113 -0.000000 1.265819
0.000000 -2.540000 0.000000
0.000000 -2.540000 0.000000
0.000000 -2.540000 0.000000
1.703174 0.000000 -1.884356
1.703174 0.000000 -1.884356
1.976984 0.000000 -1.594721
1.974575 -1.583664 0.211329
0.561994 -2.476317 0.060147
1.983324 -1.583664 -0.100164
0.000000 -2.540000 0.000000
0.000000 -2.540000 0.000000
0.000000 -2.540000 0.000000
-2.525577 -0.000000 -0.270300
-2.525577 -0.000000 -0.270300
-2.536767 -0.000000 0.128115
-0.000000 2.540000 -0.000000
-0.000000 2.540000 -0.000000
-1.574671 1.985852 -0.168529
-1.265819 -0.000000 -2.202113
-1.265819 -0.000000 -2.202113
-1.594721 -0.000000 -1.976984
-0.000000 2.540000 -0.000000
-0.789225 1.985852 -1.372995
-0.000000 2.540000 -0.000000
1.594721 0.000000 1.976984
1.265819 0.000000 2.202113
1.594721 0.000000 1.976984
0.000000 -2.540000 0.000000
0.000000 -2.540000 0.000000
0.000000 -2.540000 0.000000
-1.983324 -1.583664 0.100164
-1.974575 -1.583664 -0.211329
-0.561994 -2.476317 -0.060147
0.000000 -2.540000 0.000000
0.000000 -2.540000 0.000000
0.000000 -2.540000 0.000000
-0.486135 -0.000000 -2.493045
-0.109136 -0.000000 -2.537654
-0.109136 -0.000000 -2.537654
-0.109136 -0.000000 -2.537654
-0.109136 -0.000000 -2.537654
0.270300 -0.000000 -2.525577
-0.517619 -1.583664 1.917206
-0.147322 -2.476317 0.545666
-0.211329 -1.583664 1.974575
-0.811163 -1.583664 1.812628
-0.230869 -2.476317 0.515901
-0.517619 -1.583664 1.917206
-2.285548 -1.102065 0.115427
-2.239352 -1.102065 0.471545
-1.078415 -2.288461 0.227084
-1.029614 -2.288461 0.392990
-2.138016 -1.102065 0.816051
-0.955461 -2.288461 0.549218
0.000000 -2.540000 0.000000
0.000000 -2.540000 0.000000
0.000000 -2.540000 0.000000
-2.536767 -0.000000 0.128115
-2.525577 -0.000000 -0.270300
-2.536767 -0.000000 0.128115
1.549680 1.985852 -0.326319
2.313523 0.565203 -0.883039
2.423177 0.565203 -0.510253
2.313523 0.565203 -0.883039
2.146901 0.565203 -1.234082
2.138016 -1.102065 -0.816051
0.000000 -2.540000 0.000000
0.000000 -2.540000 0.000000
0.000000 -2.540000 0.000000
2.485494 0.000000 -0.523375
2.536767 0.000000 -0.128115
2.485494 0.000000 -0.523375
-2.402108 -0.000000 -0.825517
-2.252241 -0.000000 -1.174312
-2.402108 -0.000000 -0.825517
-2.498315 -0.000000 -0.458281
-2.402108 -0.000000 -0.825517
-2.402108 -0.000000 -0.825517
-2.538714 -0.000000 -0.080808
-2.498315 -0.000000 -0.458281
-2.538714 -0.000000 -0.080808
-2.522403 -0.000000 0.298470
-2.538714 -0.000000 -0.080808
-2.538714 -0.000000 -0.080808
-2.252241 -0.000000 -1.174312
-2.052063 -0.000000 -1.496875
-2.052063 -0.000000 -1.496875
-2.052063 -0.000000 -1.496875
-1.806046 -0.000000 -1.786001
-2.052063 -0.000000 -1.496875
-1.646041 -0.000000 1.934464
-1.915973 -0.000000 1.667528
-1.915973 -0.000000 1.667528
-1.915973 -0.000000 1.667528
-2.143105 -0.000000 1.363342
-1.915973 -0.000000 1.667528
-2.522403 -0.000000 0.298470
-2.538714 -0.000000 -0.080808
-2.522403 -0.000000 0.298470
-2.449745 -0.000000 0.671081
-2.522403 -0.000000 0.298470
-2.522403 -0.000000 0.298470
-0.270300 0.000000 2.525577
-0.643699 0.000000 2.457082
-0.643699 0.000000 2.457082
-0.643699 0.000000 2.457082
-1.002718 0.000000 2.333700
-0.643699 0.000000 2.457082
2.498315 0.000000 0.458281
2.402108 0.000000 0.825517
2.498315 0.000000 0.458281
2.538714 0.000000 0.080808
2.498315 0.000000 0.458281
2.498315 0.000000 0.458281
-2.143105 -0.000000 1.363342
-2.322364 -0.000000 1.028701
-2.322364 -0.000000 1.028701
-2.322364 -0.000000 1.028701
-2.449745 -0.000000 0.671081
-2.322364 -0.000000 1.028701
2.402108 0.000000 0.825517
2.252241 0.000000 1.174312
2.402108 0.000000 0.825517
2.498315 0.000000 0.458281
2.402108 0.000000 0.825517
2.402108 0.000000 0.825517
-1.339339 0.000000 2.158187
-1.646041 -0.000000 1.934464
-1.339339 0.000000 2.158187
-1.002718 0.000000 2.333700
-1.339339 0.000000 2.158187
-1.339339 0.000000 2.158187
-1.806046 -0.000000 -1.786001
-1.519684 -0.000000 -2.035230
-1.806046 -0.000000 -1.786001
-2.052063 -0.000000 -1.496875
-1.806046 -0.000000 -1.786001
-1.806046 -0.000000 -1.786001
2.052063 0.000000 1.496875
1.806046 0.000000 1.786001
2.052063 0.000000 1.496875
2.252241 0.000000 1.174312
2.052063 0.000000 1.496875
2.052063 0.000000 1.496875
2.143105 0.000000 -1.363342
2.322364 0.000000 -1.028701
2.322364 0.000000 -1.028701
2.322364 0.000000 -1.028701
2.449745 0.000000 -0.671081
2.322364 0.000000 -1.028701
2.522403 0.000000 -0.298470
2.538714 0.000000 0.080808
2.538714 0.000000 0.080808
2.538714 0.000000 0.080808
2.498315 0.000000 0.458281
2.538714 0.000000 0.080808
1.339339 -0.000000 -2.158187
1.646041 0.000000 -1.934464
1.646041 0.000000 -1.934464
1.646041 0.000000 -1.934464
1.915973 0.000000 -1.667528
1.646041 0.000000 -1.934464
1.806046 0.000000 1.786001
1.519684 0.000000 2.035230
1.519684 0.000000 2.035230
1.519684 0.000000 2.035230
1.199375 0.000000 2.238995
1.519684 0.000000 2.035230
2.449745 0.000000 -0.671081
2.522403 0.000000 -0.298470
2.522403 0.000000 -0.298470
2.522403 0.000000 -0.298470
2.538714 0.000000 0.080808
2.522403 0.000000 -0.298470
-2.538714 -0.000000 -0.080808
-2.498315 -0.000000 -0.458281
-2.498315 -0.000000 -0.458281
-2.498315 -0.000000 -0.458281
-2.402108 -0.000000 -0.825517
-2.498315 -0.000000 -0.458281
-2.252241 -0.000000 -1.174312
-2.052063 -0.000000 -1.496875
-2.252241 -0.000000 -1.174312
-2.402108 -0.000000 -0.825517
-2.252241 -0.000000 -1.174312
-2.252241 -0.000000 -1.174312
-0.852274 -0.000000 -2.392745
-0.486135 -0.000000 -2.493045
-0.852274 -0.000000 -2.392745
-1.199375 -0.000000 -2.238995
-0.852274 -0.000000 -2.392745
-0.852274 -0.000000 -2.392745
0.000000 -2.540000 0.000000
0.000000 -2.540000 0.000000
0.000000 -2.540000 0.000000
-2.452199 -0.000000 -0.662060
-2.318439 -0.000000 -1.037517
-2.452199 -0.000000 -0.662060
0.000000 -2.540000 0.000000
0.000000 -2.540000 0.000000
0.000000 -2.540000 0.000000
0.000000 -2.540000 0.000000
0.000000 -2.540000 0.000000
0.000000 -2.540000 0.000000
0.000000 -2.540000 0.000000
0.000000 -2.540000 0.000000
0.000000 -2.540000 0.000000
0.000000 -2.540000 0.000000
0.000000 -2.540000 0.000000
0.000000 -2.540000 0.000000
0.000000 -2.540000 0.000000
0.000000 -2.540000 0.000000
0.000000 -2.540000 0.000000
0.000000 -2.540000 0.000000
0.000000 -2.540000 0.000000
0.000000 -2.540000 0.000000
2.452199 0.000000 0.662060
2.452199 0.000000 0.662060
2.318439 0.000000 1.037517
0.000000 -2.540000 0.000000
0.000000 -2.540000 0.000000
0.000000 -2.540000 0.000000
-1.063969 -2.288461 -0.287257
-2.209354 -1.102065 -0.596495
-1.095807 -2.288461 -0.117279
-1.100662 -2.288461 0.055587
-1.095807 -2.288461 -0.117279
-2.285548 -1.102065 0.115427
-0.287257 -2.288461 1.063969
-0.596495 -1.102065 2.209354
-0.117279 -2.288461 1.095807
0.055587 -2.288461 1.100662
-0.117279 -2.288461 1.095807
0.115427 -1.102065 2.285548
-0.883039 0.565203 -2.313523
-1.234082 0.565203 -2.146901
-0.816051 -1.102065 -2.138016
-0.326319 1.985852 -1.549680
-0.510253 0.565203 -2.423177
-0.079878 1.985852 -1.581648
0.000000 -2.540000 0.000000
0.000000 -2.540000 0.000000
0.000000 -2.540000 0.000000
0.000000 -2.540000 0.000000
0.000000 -2.540000 0.000000
0.000000 -2.540000 0.000000
0.000000 -2.540000 0.000000
0.000000 -2.540000 0.000000
0.000000 -2.540000 0.000000
0.000000 -2.540000 0.000000
0.000000 -2.540000 0.000000
0.000000 -2.540000 0.000000
-1.140464 -1.102065 -1.984035
-1.436794 -1.102065 -1.781201
-0.691924 -2.288461 -0.857781
-1.005933 -2.288461 -0.450162
-0.923127 -2.288461 -0.601982
-2.088841 -1.102065 -0.934771
0.000000 -2.540000 0.000000
0.000000 -2.540000 0.000000
0.000000 -2.540000 0.000000
0.000000 -2.540000 0.000000
0.000000 -2.540000 0.000000
0.000000 -2.540000 0.000000
0.691924 -2.288461 0.857781
1.436794 -1.102065 1.781201
0.817591 -2.288461 0.738980
1.005933 -2.288461 0.450162
-0.515901 -2.476317 -0.230869
0.923127 -2.288461 0.601982
0.000000 -2.540000 0.000000
0.000000 -2.540000 0.000000
0.000000 -2.540000 0.000000
0.000000 -2.540000 0.000000
0.000000 -2.540000 0.000000
0.000000 -2.540000 0.000000
0.000000 -2.540000 0.000000
0.000000 -2.540000 0.000000
0.000000 -2.540000 0.000000
0.000000 -2.540000 0.000000
0.000000 -2.540000 0.000000
0.000000 -2.540000 0.000000
1.663418 -1.583664 1.084734
0.473434 -2.476317 0.308732
1.812628 -1.583664 0.811163
0.000000 -2.540000 0.000000
0.000000 -2.540000 0.000000
0.000000 -2.540000 0.000000
0.643699 -0.000000 -2.457082
0.643699 -0.000000 -2.457082
0.270300 -0.000000 -2.525577
0.643699 -0.000000 -2.457082
1.002718 -0.000000 -2.333700
0.643699 -0.000000 -2.457082
0.601982 -2.288461 -0.923127
-0.230869 -2.476317 0.515901
-0.308732 -2.476317 0.473434
1.984035 -1.102065 -1.140464
1.781201 -1.102065 -1.436794
0.857781 -2.288461 -0.691924
0.000000 -2.540000 0.000000
0.000000 -2.540000 0.000000
0.000000 -2.540000 0.000000
0.000000 -2.540000 0.000000
0.000000 -2.540000 0.000000
0.000000 -2.540000 0.000000
2.473165 0.565203 -0.124903
2.239352 -1.102065 -0.471545
2.285548 -1.102065 -0.115427
2.462255 0.565203 0.263523
2.473165 0.565203 -0.124903
2.275466 -1.102065 0.243532
0.000000 -2.540000 0.000000
0.000000 -2.540000 0.000000
0.000000 -2.540000 0.000000
0.000000 -2.540000 0.000000
0.000000 -2.540000 0.000000
0.000000 -2.540000 0.000000
-1.781201 -1.102065 1.436794
-1.534507 -1.102065 1.697746
-0.738980 -2.288461 0.817591
-0.450162 -2.288461 1.005933
0.230869 -2.476317 -0.515901
-0.601982 -2.288461 0.923127
-0.000000 2.540000 -0.000000
-0.000000 2.540000 -0.000000
-0.168529 1.985852 1.574671
0.128115 0.000000 2.536767
0.128115 0.000000 2.536767
-0.270300 0.000000 2.525577
0.270300 -0.000000 -2.525577
-0.128115 -0.000000 -2.536767
0.270300 -0.000000 -2.525577
-0.326319 1.985852 -1.549680
-0.079878 1.985852 -1.581648
-0.000000 2.540000 -0.000000
0.000000 -2.540000 0.000000
0.000000 -2.540000 0.000000
0.000000 -2.540000 0.000000
0.000000 -2.540000 0.000000
0.000000 -2.540000 0.000000
0.000000 -2.540000 0.000000
0.326319 1.985852 1.549680
0.510253 0.565203 2.423177
0.079878 1.985852 1.581648
0.326319 1.985852 1.549680
0.883039 0.565203 2.313523
0.510253 0.565203 2.423177
0.000000 -2.540000 0.000000
0.000000 -2.540000 0.000000
0.000000 -2.540000 0.000000
0.000000 -2.540000 0.000000
0.000000 -2.540000 0.000000
0.000000 -2.540000 0.000000
0.662060 -0.000000 -2.452199
0.270300 -0.000000 -2.525577
0.662060 -0.000000 -2.452199
0.000000 -2.540000 0.000000
0.000000 -2.540000 0.000000
0.000000 -2.540000 0.000000
0.000000 -2.540000 0.000000
0.000000 -2.540000 0.000000
0.000000 -2.540000 0.000000
0.000000 -2.540000 0.000000
0.000000 -2.540000 0.000000
0.000000 -2.540000 0.000000
0.000000 -2.540000 0.000000
0.000000 -2.540000 0.000000
0.000000 -2.540000 0.000000
0.000000 -2.540000 0.000000
0.000000 -2.540000 0.000000
0.000000 -2.540000 0.000000
0.000000 -2.540000 0.000000
0.000000 -2.540000 0.000000
0.000000 -2.540000 0.000000
0.000000 -2.540000 0.000000
0.000000 -2.540000 0.000000
0.000000 -2.540000 0.000000
0.000000 -2.540000 0.000000
0.000000 -2.540000 0.000000
0.000000 -2.540000 0.000000
-0.523375 -0.000000 -2.485494
-0.523375 -0.000000 -2.485494
-0.128115 -0.000000 -2.536767
1.199375 0.000000 2.238995
0.852274 0.000000 2.392745
1.199375 0.000000 2.238995
1.519684 0.000000 2.035230
1.199375 0.000000 2.238995
1.199375 0.000000 2.238995
0.486135 0.000000 2.493045
0.109136 0.000000 2.537654
0.109136 0.000000 2.537654
0.109136 0.000000 2.537654
-0.270300 0.000000 2.525577
0.109136 0.000000 2.537654
0.000000 -2.540000 0.000000
0.000000 -2.540000 0.000000
0.000000 -2.540000 0.000000
-1.037517 0.000000 2.318439
-1.387427 0.000000 2.127592
-1.037517 0.000000 2.318439
0.905748 0.000000 2.373019
0.905748 0.000000 2.373019
0.523375 0.000000 2.485494
0.000000 -2.540000 0.000000
0.000000 -2.540000 0.000000
0.000000 -2.540000 0.000000
1.011504 0.565203 -2.260311
0.596495 -1.102065 -2.209354
0.934771 -1.102065 -2.088841
0.117279 -2.288461 -1.095807
0.287257 -2.288461 -1.063969
0.243532 -1.102065 -2.275466
1.037517 -0.000000 -2.318439
1.387427 -0.000000 -2.127592
1.037517 -0.000000 -2.318439
0.000000 -2.540000 0.000000
0.000000 -2.540000 0.000000
0.000000 -2.540000 0.000000
0.000000 -2.540000 0.000000
0.000000 -2.540000 0.000000
0.000000 -2.540000 0.000000
0.000000 -2.540000 0.000000
0.000000 -2.540000 0.000000
0.000000 -2.540000 0.000000
0.000000 -2.540000 0.000000
0.000000 -2.540000 0.000000
0.000000 -2.540000 0.000000
0.000000 -2.540000 0.000000
0.000000 -2.540000 0.000000
0.000000 -2.540000 0.000000
-1.984035 -1.102065 1.140464
-2.138016 -1.102065 0.816051
-2.313523 0.565203 0.883039
-2.138016 -1.102065 0.816051
-1.984035 -1.102065 1.140464
-0.955461 -2.288461 0.549218
-0.545666 -2.476317 -0.147322
-1.812628 -1.583664 -0.811163
-0.515901 -2.476317 -0.230869
-1.974575 -1.583664 -0.211329
-1.917206 -1.583664 -0.517619
-0.561994 -2.476317 -0.060147
0.147322 -2.476317 -0.545666
0.811163 -1.583664 -1.812628
0.230869 -2.476317 -0.515901
0.211329 -1.583664 -1.974575
0.517619 -1.583664 -1.917206
0.060147 -2.476317 -0.561994
-1.855301 -1.583664 0.708143
-2.202113 0.000000 1.265819
-2.373019 0.000000 0.905748
-1.943237 -1.583664 0.409191
-1.855301 -1.583664 0.708143
-2.373019 0.000000 0.905748
0.905748 0.000000 2.373019
0.409191 -1.583664 1.943237
0.708143 -1.583664 1.855301
1.265819 0.000000 2.202113
0.905748 0.000000 2.373019
0.708143 -1.583664 1.855301
1.545668 -1.583664 -1.246803
1.721681 -1.583664 -0.989657
0.439920 -2.476317 -0.354859
1.703174 0.000000 -1.884356
1.545668 -1.583664 -1.246803
1.331595 -1.583664 -1.473249
-1.246803 -1.583664 -1.545668
-1.473249 -1.583664 -1.331595
-1.884356 -0.000000 -1.703174
-1.246803 -1.583664 -1.545668
-0.989657 -1.583664 -1.721681
-0.354859 -2.476317 -0.439920
1.812628 -1.583664 0.811163
0.515901 -2.476317 0.230869
1.917206 -1.583664 0.517619
1.917206 -1.583664 0.517619
0.545666 -2.476317 0.147322
1.974575 -1.583664 0.211329
2.373019 -0.000000 -0.905748
1.943237 -1.583664 -0.409191
1.855301 -1.583664 -0.708143
2.202113 -0.000000 -1.265819
2.373019 -0.000000 -0.905748
1.855301 -1.583664 -0.708143
0.817591 -2.288461 0.738980
1.697746 -1.102065 1.534507
0.923127 -2.288461 0.601982
1.837111 0.565203 1.660472
1.916894 -1.102065 1.250029
1.697746 -1.102065 1.534507
-2.127592 -0.000000 -1.387427
-2.127592 -0.000000 -1.387427
-1.884356 -0.000000 -1.703174
0.000000 -2.540000 0.000000
0.000000 -2.540000 0.000000
0.000000 -2.540000 0.000000
-0.905748 -0.000000 -2.373019
-0.409191 -1.583664 -1.943237
-0.708143 -1.583664 -1.855301
-1.265819 -0.000000 -2.202113
-0.905748 -0.000000 -2.373019
-0.708143 -1.583664 -1.855301
1.473249 -1.583664 1.331595
2.127592 0.000000 1.387427
1.884356 0.000000 1.703174
1.246803 -1.583664 1.545668
1.473249 -1.583664 1.331595
1.884356 0.000000 1.703174
-1.812628 -1.583664 -0.811163
-1.663418 -1.583664 -1.084734
-0.515901 -2.476317 -0.230869
-1.663418 -1.583664 -1.084734
-0.419309 -2.476317 -0.378992
-0.473434 -2.476317 -0.308732
-1.697746 -1.102065 -1.534507
-1.916894 -1.102065 -1.250029
-0.923127 -2.288461 -0.601982
-1.837111 0.565203 -1.660472
-1.916894 -1.102065 -1.250029
-1.697746 -1.102065 -1.534507
0.811163 -1.583664 -1.812628
1.084734 -1.583664 -1.663418
0.230869 -2.476317 -0.515901
1.084734 -1.583664 -1.663418
0.378992 -2.476317 -0.419309
0.308732 -2.476317 -0.473434
-1.703174 -0.000000 1.884356
-1.545668 -1.583664 1.246803
-1.331595 -1.583664 1.473249
-1.387427 0.000000 2.127592
-1.703174 -0.000000 1.884356
-1.331595 -1.583664 1.473249
-2.536767 0.000000 0.128115
-1.974575 -1.583664 -0.211329
-1.983324 -1.583664 0.100164
-2.485494 -0.000000 0.523375
-2.536767 0.000000 0.128115
-1.983324 -1.583664 0.100164
0.128115 0.000000 2.536767
-0.211329 -1.583664 1.974575
0.100164 -1.583664 1.983324
0.523375 0.000000 2.485494
0.128115 0.000000 2.536767
0.100164 -1.583664 1.983324
2.485494 0.000000 -0.523375
2.536767 -0.000000 -0.128115
1.983324 -1.583664 -0.100164
2.536767 -0.000000 -0.128115
1.974575 -1.583664 0.211329
1.983324 -1.583664 -0.100164
0.000000 -2.540000 0.000000
0.000000 -2.540000 0.000000
0.000000 -2.540000 0.000000
2.127592 0.000000 1.387427
2.127592 0.000000 1.387427
1.884356 0.000000 1.703174
-0.100164 -1.583664 -1.983324
-0.523375 -0.000000 -2.485494
-0.128115 -0.000000 -2.536767
0.211329 -1.583664 -1.974575
-0.100164 -1.583664 -1.983324
-0.128115 -0.000000 -2.536767
0.450162 -2.288461 -1.005933
-0.230869 -2.476317 0.515901
0.601982 -2.288461 -0.923127
0.117279 -2.288461 -1.095807
-0.060147 -2.476317 0.561994
0.287257 -2.288461 -1.063969
0.412787 1.985852 -1.528921
0.645460 0.565203 -2.390717
0.646881 1.985852 -1.445523
0.662060 -0.000000 -2.452199
1.037517 -0.000000 -2.318439
0.662060 -0.000000 -2.452199
1.528921 1.985852 0.412787
2.390717 0.565203 0.645460
1.445523 1.985852 0.646881
2.318439 0.000000 1.037517
2.452199 0.000000 0.662060
2.318439 0.000000 1.037517
1.927416 0.565203 -1.554738
1.660472 0.565203 -1.837111
1.781201 -1.102065 -1.436794
1.703174 0.000000 -1.884356
1.703174 0.000000 -1.884356
1.387427 -0.000000 -2.127592
1.837111 0.565203 1.660472
1.697746 -1.102065 1.534507
1.554738 0.565203 1.927416
1.884356 0.000000 1.703174
2.127592 0.000000 1.387427
1.884356 0.000000 1.703174
-2.146901 0.565203 1.234082
-1.984035 -1.102065 1.140464
-2.313523 0.565203 0.883039
-2.485494 -0.000000 0.523375
-2.373019 -0.000000 0.905748
-2.485494 -0.000000 0.523375
0.201548 -2.476317 0.528046
0.281671 -2.476317 0.490016
0.989657 -1.583664 1.721681
-0.227084 -2.288461 -1.078415
-0.471545 -1.102065 -2.239352
-0.392990 -2.288461 -1.029614
1.029614 -2.288461 -0.392990
2.138016 -1.102065 -0.816051
0.955461 -2.288461 -0.549218
-0.439920 -2.476317 0.354859
-1.721681 -1.583664 0.989657
-0.490016 -2.476317 0.281671
-1.037517 0.000000 2.318439
-0.662060 0.000000 2.452199
-1.037517 0.000000 2.318439
-0.412787 1.985852 1.528921
-0.645460 0.565203 2.390717
-0.646881 1.985852 1.445523
-0.263523 0.565203 2.462255
-0.243532 -1.102065 2.275466
-0.645460 0.565203 2.390717
-0.596495 -1.102065 2.209354
-0.243532 -1.102065 2.275466
-0.117279 -2.288461 1.095807
2.275466 -1.102065 0.243532
1.063969 -2.288461 0.287257
2.209354 -1.102065 0.596495
2.462255 0.565203 0.263523
2.275466 -1.102065 0.243532
2.390717 0.565203 0.645460
-2.209354 -1.102065 -0.596495
-2.275466 -1.102065 -0.243532
-1.095807 -2.288461 -0.117279
-2.462255 0.565203 -0.263523
-2.275466 -1.102065 -0.243532
-2.390717 0.565203 -0.645460
-1.884356 -0.000000 -1.703174
-2.127592 -0.000000 -1.387427
-1.884356 -0.000000 -1.703174
-0.000000 2.540000 -0.000000
-1.174877 1.985852 -1.061912
-0.000000 2.540000 -0.000000
0.883039 0.565203 2.313523
0.816051 -1.102065 2.138016
0.510253 0.565203 2.423177
0.471545 -1.102065 2.239352
0.816051 -1.102065 2.138016
0.392990 -2.288461 1.029614
-0.471545 -1.102065 -2.239352
-0.816051 -1.102065 -2.138016
-0.392990 -2.288461 -1.029614
-0.883039 0.565203 -2.313523
-0.816051 -1.102065 -2.138016
-0.510253 0.565203 -2.423177
2.239352 -1.102065 -0.471545
2.138016 -1.102065 -0.816051
1.029614 -2.288461 -0.392990
2.313523 0.565203 -0.883039
2.138016 -1.102065 -0.816051
2.423177 0.565203 -0.510253
-2.318439 -0.000000 -1.037517
-2.318439 -0.000000 -1.037517
-2.452199 -0.000000 -0.662060
-1.528921 1.985852 -0.412787
-2.390717 0.565203 -0.645460
-1.445523 1.985852 -0.646881
0.243532 -1.102065 -2.275466
0.287257 -2.288461 -1.063969
0.596495 -1.102065 -2.209354
0.263523 0.565203 -2.462255
0.243532 -1.102065 -2.275466
0.645460 0.565203 -2.390717
-0.523375 -0.000000 -2.485494
-0.523375 -0.000000 -2.485494
-0.905748 -0.000000 -2.373019
-0.789225 1.985852 -1.372995
-0.564725 1.985852 -1.479553
-0.000000 2.540000 -0.000000
0.738980 -2.288461 -0.817591
1.534507 -1.102065 -1.697746
0.601982 -2.288461 -0.923127
1.660472 0.565203 -1.837111
1.250029 -1.102065 -1.916894
1.534507 -1.102065 -1.697746
-0.263523 0.565203 2.462255
0.124903 0.565203 2.473165
-0.243532 -1.102065 2.275466
0.079878 1.985852 1.581648
-0.000000 2.540000 -0.000000
0.326319 1.985852 1.549680
-1.581648 1.985852 0.079878
-0.000000 2.540000 -0.000000
-1.549680 1.985852 0.326319
-2.462255 0.565203 -0.263523
-2.473165 0.565203 0.124903
-2.275466 -1.102065 -0.243532
-2.452199 -0.000000 -0.662060
-2.318439 -0.000000 -1.037517
-1.917206 -1.583664 -0.517619
-2.452199 -0.000000 -0.662060
-1.917206 -1.583664 -0.517619
-2.525577 -0.000000 -0.270300
1.037517 0.000000 -2.318439
0.811163 -1.583664 -1.812628
0.662060 0.000000 -2.452199
0.662060 0.000000 -2.452199
0.517619 -1.583664 -1.917206
0.270300 0.000000 -2.525577
-0.000000 2.540000 -0.000000
-1.232629 1.985852 0.994292
-0.000000 2.540000 -0.000000
-0.000000 2.540000 -0.000000
-1.061912 1.985852 1.174877
-0.000000 2.540000 -0.000000
0.549218 -2.288461 0.955461
-0.281671 -2.476317 -0.490016
0.392990 -2.288461 1.029614
0.227084 -2.288461 1.078415
-0.201548 -2.476317 -0.528046
-0.116462 -2.476317 -0.553074
-1.078415 -2.288461 0.227084
0.528046 -2.476317 -0.201548
0.553074 -2.476317 -0.116462
-0.955461 -2.288461 0.549218
0.490016 -2.476317 -0.281671
-1.029614 -2.288461 0.392990
-1.660472 0.565203 1.837111
-1.250029 -1.102065 1.916894
-1.534507 -1.102065 1.697746
-0.450162 -2.288461 1.005933
-0.601982 -2.288461 0.923127
-0.934771 -1.102065 2.088841
-0.000000 2.540000 -0.000000
-0.994292 1.985852 -1.232629
-0.000000 2.540000 -0.000000
-1.174877 1.985852 -1.061912
-0.994292 1.985852 -1.232629
-0.000000 2.540000 -0.000000
-0.691924 -2.288461 -0.857781
-1.436794 -1.102065 -1.781201
-0.817591 -2.288461 -0.738980
0.419309 -2.476317 0.378992
0.473434 -2.476317 0.308732
1.663418 -1.583664 1.084734
-0.000000 2.540000 -0.000000
-0.000000 2.540000 -0.000000
0.564725 1.985852 1.479553
0.523375 0.000000 2.485494
0.905748 0.000000 2.373019
0.523375 0.000000 2.485494
-2.239352 -1.102065 0.471545
-2.138016 -1.102065 0.816051
-1.029614 -2.288461 0.392990
-2.313523 0.565203 0.883039
-2.138016 -1.102065 0.816051
-2.423177 0.565203 0.510253
0.549218 -2.288461 0.955461
1.140464 -1.102065 1.984035
0.691924 -2.288461 0.857781
-1.473249 -1.583664 -1.331595
-1.246803 -1.583664 -1.545668
-0.354859 -2.476317 -0.439920
-0.955461 -2.288461 0.549218
-1.984035 -1.102065 1.140464
-0.857781 -2.288461 0.691924
1.331595 -1.583664 -1.473249
1.545668 -1.583664 -1.246803
0.439920 -2.476317 -0.354859
0.816051 -1.102065 2.138016
1.140464 -1.102065 1.984035
0.549218 -2.288461 0.955461
0.816051 -1.102065 2.138016
1.234082 0.565203 2.146901
1.140464 -1.102065 1.984035
-0.816051 -1.102065 -2.138016
-1.140464 -1.102065 -1.984035
-0.549218 -2.288461 -0.955461
-0.816051 -1.102065 -2.138016
-1.234082 0.565203 -2.146901
-1.140464 -1.102065 -1.984035
2.138016 -1.102065 -0.816051
1.984035 -1.102065 -1.140464
0.955461 -2.288461 -0.549218
2.138016 -1.102065 -0.816051
2.146901 0.565203 -1.234082
1.984035 -1.102065 -1.140464
0.450162 -2.288461 -1.005933
0.601982 -2.288461 -0.923127
0.934771 -1.102065 -2.088841
0.934771 -1.102065 -2.088841
0.596495 -1.102065 -2.209354
0.287257 -2.288461 -1.063969
1.095807 -2.288461 0.117279
-0.561994 -2.476317 -0.060147
1.063969 -2.288461 0.287257
1.005933 -2.288461 0.450162
-0.545666 -2.476317 -0.147322
-0.515901 -2.476317 -0.230869
1.697746 -1.102065 1.534507
1.916894 -1.102065 1.250029
0.923127 -2.288461 0.601982
1.005933 -2.288461 0.450162
0.923127 -2.288461 0.601982
2.088841 -1.102065 0.934771
-1.095807 -2.288461 -0.117279
0.561994 -2.476317 0.060147
-1.063969 -2.288461 -0.287257
-1.005933 -2.288461 -0.450162
0.515901 -2.476317 0.230869
-0.923127 -2.288461 -0.601982
0.857781 -2.288461 -0.691924
1.781201 -1.102065 -1.436794
0.738980 -2.288461 -0.817591
-0.378992 -2.476317 0.419309
-0.308732 -2.476317 0.473434
-1.084734 -1.583664 1.663418
-0.817591 -2.288461 -0.738980
-1.697746 -1.102065 -1.534507
-0.923127 -2.288461 -0.601982
-0.923127 -2.288461 -0.601982
0.515901 -2.476317 0.230869
0.473434 -2.476317 0.308732
-1.984035 -1.102065 1.140464
-1.781201 -1.102065 1.436794
-0.857781 -2.288461 0.691924
-1.984035 -1.102065 1.140464
-1.927416 0.565203 1.554738
-1.781201 -1.102065 1.436794
2.536767 0.000000 -0.128115
2.536767 0.000000 -0.128115
2.485494 0.000000 -0.523375
1.549680 1.985852 -0.326319
1.581648 1.985852 -0.079878
-0.000000 2.540000 -0.000000
1.581648 1.985852 -0.079878
1.574671 1.985852 0.168529
-0.000000 2.540000 -0.000000
-0.000000 2.540000 -0.000000
1.581648 1.985852 -0.079878
-0.000000 2.540000 -0.000000
-0.079878 1.985852 -1.581648
0.168529 1.985852 -1.574671
-0.000000 2.540000 -0.000000
-0.000000 2.540000 -0.000000
-0.079878 1.985852 -1.581648
-0.000000 2.540000 -0.000000
-0.865047 1.985852 1.326532
-1.061912 1.985852 1.174877
-0.000000 2.540000 -0.000000
-1.703174 -0.000000 1.884356
-1.703174 -0.000000 1.884356
-1.387427 0.000000 2.127592
-0.691924 -2.288461 -0.857781
0.354859 -2.476317 0.439920
-0.549218 -2.288461 -0.955461
-0.392990 -2.288461 -1.029614
0.281671 -2.476317 0.490016
0.201548 -2.476317 0.528046
1.078415 -2.288461 -0.227084
-0.528046 -2.476317 0.201548
-0.553074 -2.476317 0.116462
0.955461 -2.288461 -0.549218
-0.490016 -2.476317 0.281671
1.029614 -2.288461 -0.392990
-0.450162 -2.288461 1.005933
0.147322 -2.476317 -0.545666
0.230869 -2.476317 -0.515901
-0.117279 -2.288461 1.095807
0.060147 -2.476317 -0.561994
-0.287257 -2.288461 1.063969
0.117279 -2.288461 -1.095807
0.028508 -2.476317 0.564484
-0.060147 -2.476317 0.561994
-0.227084 -2.288461 -1.078415
0.116462 -2.476317 0.553074
-0.055587 -2.288461 -1.100662
1.078415 -2.288461 -0.227084
-0.553074 -2.476317 0.116462
1.100662 -2.288461 -0.055587
1.095807 -2.288461 0.117279
-0.564484 -2.476317 0.028508
-0.561994 -2.476317 -0.060147
-0.243532 -1.102065 2.275466
0.124903 0.565203 2.473165
0.115427 -1.102065 2.285548
0.115427 -1.102065 2.285548
-0.117279 -2.288461 1.095807
-0.243532 -1.102065 2.275466
-0.115427 -1.102065 -2.285548
0.117279 -2.288461 -1.095807
0.243532 -1.102065 -2.275466
0.243532 -1.102065 -2.275466
-0.124903 0.565203 -2.473165
-0.115427 -1.102065 -2.285548
-2.275466 -1.102065 -0.243532
-2.473165 0.565203 0.124903
-2.285548 -1.102065 0.115427
-2.285548 -1.102065 0.115427
-1.095807 -2.288461 -0.117279
-2.275466 -1.102065 -0.243532
2.285548 -1.102065 -0.115427
1.095807 -2.288461 0.117279
2.275466 -1.102065 0.243532
2.275466 -1.102065 0.243532
2.473165 0.565203 -0.124903
2.285548 -1.102065 -0.115427
-0.645460 0.565203 2.390717
-0.596495 -1.102065 2.209354
-1.011504 0.565203 2.260311
-0.645460 0.565203 2.390717
-0.243532 -1.102065 2.275466
-0.596495 -1.102065 2.209354
2.390717 0.565203 0.645460
2.209354 -1.102065 0.596495
2.260311 0.565203 1.011504
2.390717 0.565203 0.645460
2.275466 -1.102065 0.243532
2.209354 -1.102065 0.596495
-2.390717 0.565203 -0.645460
-2.209354 -1.102065 -0.596495
-2.260311 0.565203 -1.011504
-2.390717 0.565203 -0.645460
-2.275466 -1.102065 -0.243532
-2.209354 -1.102065 -0.596495
0.994292 1.985852 1.232629
-0.000000 2.540000 -0.000000
1.174877 1.985852 1.061912
-0.000000 2.540000 -0.000000
-0.000000 2.540000 -0.000000
0.994292 1.985852 1.232629
-1.549680 1.985852 0.326319
-2.313523 0.565203 0.883039
-2.423177 0.565203 0.510253
-1.479553 1.985852 0.564725
-0.000000 2.540000 -0.000000
-0.000000 2.540000 -0.000000
0.168529 1.985852 -1.574671
-0.000000 2.540000 -0.000000
-0.000000 2.540000 -0.000000
0.412787 1.985852 -1.528921
0.263523 0.565203 -2.462255
0.645460 0.565203 -2.390717
1.528921 1.985852 0.412787
2.462255 0.565203 0.263523
2.390717 0.565203 0.645460
1.574671 1.985852 0.168529
-0.000000 2.540000 -0.000000
-0.000000 2.540000 -0.000000
-0.326319 1.985852 -1.549680
-0.883039 0.565203 -2.313523
-0.510253 0.565203 -2.423177
-0.564725 1.985852 -1.479553
-0.000000 2.540000 -0.000000
-0.000000 2.540000 -0.000000
1.246803 -1.583664 1.545668
1.884356 0.000000 1.703174
1.594721 0.000000 1.976984
0.989657 -1.583664 1.721681
1.246803 -1.583664 1.545668
1.594721 0.000000 1.976984
1.917206 -1.583664 0.517619
1.974575 -1.583664 0.211329
2.525577 0.000000 0.270300
1.974575 -1.583664 0.211329
2.536767 -0.000000 -0.128115
2.525577 0.000000 0.270300
-0.517619 -1.583664 1.917206
-0.211329 -1.583664 1.974575
-0.270300 -0.000000 2.525577
-0.211329 -1.583664 1.974575
0.128115 0.000000 2.536767
-0.270300 -0.000000 2.525577
0.471545 -1.102065 2.239352
0.124903 0.565203 2.473165
0.510253 0.565203 2.423177
0.816051 -1.102065 2.138016
0.471545 -1.102065 2.239352
0.510253 0.565203 2.423177
-0.510253 0.565203 -2.423177
-0.816051 -1.102065 -2.138016
-0.471545 -1.102065 -2.239352
-0.124903 0.565203 -2.473165
-0.510253 0.565203 -2.423177
-0.471545 -1.102065 -2.239352
-2.423177 0.565203 0.510253
-2.138016 -1.102065 0.816051
-2.239352 -1.102065 0.471545
-2.473165 0.565203 0.124903
-2.423177 0.565203 0.510253
-2.239352 -1.102065 0.471545
2.423177 0.565203 -0.510253
2.138016 -1.102065 -0.816051
2.239352 -1.102065 -0.471545
2.473165 0.565203 -0.124903
2.423177 0.565203 -0.510253
2.239352 -1.102065 -0.471545
1.534507 -1.102065 -1.697746
1.250029 -1.102065 -1.916894
0.601982 -2.288461 -0.923127
0.934771 -1.102065 -2.088841
0.601982 -2.288461 -0.923127
1.250029 -1.102065 -1.916894
1.781201 -1.102065 -1.436794
1.534507 -1.102065 -1.697746
0.738980 -2.288461 -0.817591
1.781201 -1.102065 -1.436794
1.660472 0.565203 -1.837111
1.534507 -1.102065 -1.697746
-1.436794 -1.102065 -1.781201
-1.697746 -1.102065 -1.534507
-0.817591 -2.288461 -0.738980
-1.436794 -1.102065 -1.781201
-1.837111 0.565203 -1.660472
-1.697746 -1.102065 -1.534507
1.697746 -1.102065 1.534507
1.436794 -1.102065 1.781201
1.554738 0.565203 1.927416
1.436794 -1.102065 1.781201
1.697746 -1.102065 1.534507
0.817591 -2.288461 0.738980
2.318439 0.000000 1.037517
2.127592 0.000000 1.387427
1.812628 -1.583664 0.811163
2.318439 0.000000 1.037517
1.812628 -1.583664 0.811163
2.452199 0.000000 0.662060
-1.037517 -0.000000 2.318439
-0.811163 -1.583664 1.812628
-0.662060 -0.000000 2.452199
-1.084734 -1.583664 1.663418
-0.811163 -1.583664 1.812628
-1.037517 -0.000000 2.318439
1.387427 -0.000000 -2.127592
1.084734 -1.583664 -1.663418
1.037517 0.000000 -2.318439
1.084734 -1.583664 -1.663418
1.387427 -0.000000 -2.127592
1.331595 -1.583664 -1.473249
-1.663418 -1.583664 -1.084734
-2.127592 -0.000000 -1.387427
-1.473249 -1.583664 -1.331595
-2.127592 -0.000000 -1.387427
-1.663418 -1.583664 -1.084734
-2.318439 -0.000000 -1.037517
-0.989657 -1.583664 -1.721681
-1.265819 -0.000000 -2.202113
-0.708143 -1.583664 -1.855301
-1.265819 -0.000000 -2.202113
-0.989657 -1.583664 -1.721681
-1.594721 -0.000000 -1.976984
2.202113 -0.000000 -1.265819
1.721681 -1.583664 -0.989657
1.976984 -0.000000 -1.594721
1.721681 -1.583664 -0.989657
2.202113 -0.000000 -1.265819
1.855301 -1.583664 -0.708143
-1.721681 -1.583664 0.989657
-2.202113 0.000000 1.265819
-1.855301 -1.583664 0.708143
-1.545668 -1.583664 1.246803
-2.202113 0.000000 1.265819
-1.721681 -1.583664 0.989657
1.812628 -1.583664 0.811163
1.917206 -1.583664 0.517619
2.452199 0.000000 0.662060
2.452199 0.000000 0.662060
1.917206 -1.583664 0.517619
2.525577 0.000000 0.270300
-0.811163 -1.583664 1.812628
-0.517619 -1.583664 1.917206
-0.662060 -0.000000 2.452199
-0.662060 -0.000000 2.452199
-0.517619 -1.583664 1.917206
-0.270300 -0.000000 2.525577
0.645460 0.565203 -2.390717
0.596495 -1.102065 -2.209354
1.011504 0.565203 -2.260311
0.645460 0.565203 -2.390717
0.243532 -1.102065 -2.275466
0.596495 -1.102065 -2.209354
-1.534507 -1.102065 1.697746
-1.250029 -1.102065 1.916894
-0.601982 -2.288461 0.923127
-0.738980 -2.288461 0.817591
-1.534507 -1.102065 1.697746
-0.601982 -2.288461 0.923127
-1.917206 -1.583664 -0.517619
-1.812628 -1.583664 -0.811163
-0.545666 -2.476317 -0.147322
-1.917206 -1.583664 -0.517619
-2.318439 -0.000000 -1.037517
-1.812628 -1.583664 -0.811163
0.811163 -1.583664 -1.812628
0.517619 -1.583664 -1.917206
0.662060 0.000000 -2.452199
0.517619 -1.583664 -1.917206
0.811163 -1.583664 -1.812628
0.147322 -2.476317 -0.545666
-0.117279 -2.288461 1.095807
-0.028508 -2.476317 -0.564484
0.060147 -2.476317 -0.561994
-0.117279 -2.288461 1.095807
0.055587 -2.288461 1.100662
-0.028508 -2.476317 -0.564484
-1.100662 -2.288461 0.055587
0.564484 -2.476317 -0.028508
-1.095807 -2.288461 -0.117279
-1.095807 -2.288461 -0.117279
0.564484 -2.476317 -0.028508
0.561994 -2.476317 0.060147
-0.934771 -1.102065 2.088841
-0.601982 -2.288461 0.923127
-1.250029 -1.102065 1.916894
-1.250029 -1.102065 1.916894
-1.011504 0.565203 2.260311
-0.934771 -1.102065 2.088841
2.088841 -1.102065 0.934771
0.923127 -2.288461 0.601982
1.916894 -1.102065 1.250029
2.088841 -1.102065 0.934771
1.916894 -1.102065 1.250029
2.074248 0.565203 1.352641
-2.088841 -1.102065 -0.934771
-1.916894 -1.102065 -1.250029
-2.074248 0.565203 -1.352641
-2.088841 -1.102065 -0.934771
-0.923127 -2.288461 -0.601982
-1.916894 -1.102065 -1.250029
0.564725 1.985852 1.479553
-0.000000 2.540000 -0.000000
0.789225 1.985852 1.372995
-0.000000 2.540000 -0.000000
-0.000000 2.540000 -0.000000
0.564725 1.985852 1.479553
1.479553 1.985852 -0.564725
-0.000000 2.540000 -0.000000
1.372995 1.985852 -0.789225
-0.000000 2.540000 -0.000000
-0.000000 2.540000 -0.000000
1.479553 1.985852 -0.564725
-0.168529 1.985852 1.574671
-0.000000 2.540000 -0.000000
0.079878 1.985852 1.581648
-0.000000 2.540000 -0.000000
-0.000000 2.540000 -0.000000
-0.168529 1.985852 1.574671
-1.574671 1.985852 -0.168529
-0.000000 2.540000 -0.000000
-1.581648 1.985852 0.079878
-0.000000 2.540000 -0.000000
-0.000000 2.540000 -0.000000
-1.574671 1.985852 -0.168529
-2.074248 0.565203 -1.352641
-1.916894 -1.102065 -1.250029
-1.837111 0.565203 -1.660472
-1.326532 1.985852 -0.865047
-1.174877 1.985852 -1.061912
-0.000000 2.540000 -0.000000
-1.061912 1.985852 1.174877
-1.232629 1.985852 0.994292
-0.000000 2.540000 -0.000000
-1.927416 0.565203 1.554738
-1.660472 0.565203 1.837111
-1.781201 -1.102065 1.436794
-0.989657 -1.583664 -1.721681
-1.246803 -1.583664 -1.545668
-1.594721 -0.000000 -1.976984
-1.246803 -1.583664 -1.545668
-1.884356 -0.000000 -1.703174
-1.594721 -0.000000 -1.976984
1.721681 -1.583664 -0.989657
1.545668 -1.583664 -1.246803
1.976984 -0.000000 -1.594721
1.545668 -1.583664 -1.246803
1.703174 0.000000 -1.884356
1.976984 -0.000000 -1.594721
-1.545668 -1.583664 1.246803
-1.703174 -0.000000 1.884356
-1.976984 0.000000 1.594721
-1.976984 0.000000 1.594721
-2.202113 0.000000 1.265819
-1.545668 -1.583664 1.246803
0.211329 -1.583664 -1.974575
-0.128115 -0.000000 -2.536767
0.270300 0.000000 -2.525577
0.517619 -1.583664 -1.917206
0.211329 -1.583664 -1.974575
0.270300 0.000000 -2.525577
-1.917206 -1.583664 -0.517619
-1.974575 -1.583664 -0.211329
-2.525577 -0.000000 -0.270300
-1.974575 -1.583664 -0.211329
-2.536767 0.000000 0.128115
-2.525577 -0.000000 -0.270300
0.409191 -1.583664 1.943237
0.523375 0.000000 2.485494
0.100164 -1.583664 1.983324
0.409191 -1.583664 1.943237
0.905748 0.000000 2.373019
0.523375 0.000000 2.485494
-0.409191 -1.583664 -1.943237
-0.523375 -0.000000 -2.485494
-0.100164 -1.583664 -1.983324
-0.409191 -1.583664 -1.943237
-0.905748 -0.000000 -2.373019
-0.523375 -0.000000 -2.485494
1.943237 -1.583664 -0.409191
2.485494 0.000000 -0.523375
1.983324 -1.583664 -0.100164
1.943237 -1.583664 -0.409191
2.373019 -0.000000 -0.905748
2.485494 0.000000 -0.523375
-1.943237 -1.583664 0.409191
-2.373019 0.000000 0.905748
-2.485494 -0.000000 0.523375
-1.943237 -1.583664 0.409191
-2.485494 -0.000000 0.523375
-1.983324 -1.583664 0.100164
-0.994292 1.985852 -1.232629
-0.789225 1.985852 -1.372995
-0.000000 2.540000 -0.000000
-1.234082 0.565203 -2.146901
-1.554738 0.565203 -1.927416
-1.140464 -1.102065 -1.984035
0.227084 -2.288461 1.078415
0.471545 -1.102065 2.239352
0.392990 -2.288461 1.029614
0.392990 -2.288461 1.029614
-0.201548 -2.476317 -0.528046
0.227084 -2.288461 1.078415
-1.078415 -2.288461 0.227084
-2.239352 -1.102065 0.471545
-1.029614 -2.288461 0.392990
-1.029614 -2.288461 0.392990
0.528046 -2.476317 -0.201548
-1.078415 -2.288461 0.227084
1.061912 1.985852 -1.174877
-0.000000 2.540000 -0.000000
0.865047 1.985852 -1.326532
1.352641 0.565203 -2.074248
1.250029 -1.102065 -1.916894
1.660472 0.565203 -1.837111
0.789225 1.985852 1.372995
-0.000000 2.540000 -0.000000
0.994292 1.985852 1.232629
-0.000000 2.540000 -0.000000
-0.000000 2.540000 -0.000000
0.789225 1.985852 1.372995
1.372995 1.985852 -0.789225
-0.000000 2.540000 -0.000000
1.232629 1.985852 -0.994292
-0.000000 2.540000 -0.000000
-0.000000 2.540000 -0.000000
1.372995 1.985852 -0.789225
-0.000000 2.540000 -0.000000
-0.000000 2.540000 -0.000000
1.232629 1.985852 -0.994292
1.232629 1.985852 -0.994292
-0.000000 2.540000 -0.000000
1.061912 1.985852 -1.174877
1.174877 1.985852 1.061912
-0.000000 2.540000 -0.000000
1.326532 1.985852 0.865047
2.074248 0.565203 1.352641
1.916894 -1.102065 1.250029
1.837111 0.565203 1.660472
-1.372995 1.985852 0.789225
-1.479553 1.985852 0.564725
-0.000000 2.540000 -0.000000
-0.000000 2.540000 -0.000000
-1.372995 1.985852 0.789225
-0.000000 2.540000 -0.000000
-1.084734 -1.583664 1.663418
-1.387427 0.000000 2.127592
-1.331595 -1.583664 1.473249
-1.387427 0.000000 2.127592
-1.084734 -1.583664 1.663418
-1.037517 -0.000000 2.318439
1.663418 -1.583664 1.084734
2.127592 0.000000 1.387427
1.473249 -1.583664 1.331595
1.812628 -1.583664 0.811163
2.127592 0.000000 1.387427
1.663418 -1.583664 1.084734
1.265819 0.000000 2.202113
0.989657 -1.583664 1.721681
1.594721 0.000000 1.976984
0.989657 -1.583664 1.721681
1.265819 0.000000 2.202113
0.708143 -1.583664 1.855301
-0.601982 -2.288461 0.923127
0.308732 -2.476317 -0.473434
-0.738980 -2.288461 0.817591
-0.738980 -2.288461 0.817591
0.308732 -2.476317 -0.473434
0.378992 -2.476317 -0.419309
0.923127 -2.288461 0.601982
-0.473434 -2.476317 -0.308732
0.817591 -2.288461 0.738980
0.817591 -2.288461 0.738980
-0.473434 -2.476317 -0.308732
-0.419309 -2.476317 -0.378992
0.515901 -2.476317 0.230869
0.545666 -2.476317 0.147322
1.917206 -1.583664 0.517619
-1.005933 -2.288461 -0.450162
0.545666 -2.476317 0.147322
0.515901 -2.476317 0.230869
-0.230869 -2.476317 0.515901
-0.147322 -2.476317 0.545666
-0.517619 -1.583664 1.917206
0.450162 -2.288461 -1.005933
-0.147322 -2.476317 0.545666
-0.230869 -2.476317 0.515901
1.078415 -2.288461 -0.227084
2.239352 -1.102065 -0.471545
1.029614 -2.288461 -0.392990
1.029614 -2.288461 -0.392990
-0.528046 -2.476317 0.201548
1.078415 -2.288461 -0.227084
-0.392990 -2.288461 -1.029614
-0.816051 -1.102065 -2.138016
-0.549218 -2.288461 -0.955461
-0.549218 -2.288461 -0.955461
0.281671 -2.476317 0.490016
-0.392990 -2.288461 -1.029614
0.227084 -2.288461 1.078415
-0.116462 -2.476317 -0.553074
0.055587 -2.288461 1.100662
0.055587 -2.288461 1.100662
0.115427 -1.102065 2.285548
0.227084 -2.288461 1.078415
-1.100662 -2.288461 0.055587
-2.285548 -1.102065 0.115427
-1.078415 -2.288461 0.227084
-1.078415 -2.288461 0.227084
0.553074 -2.476317 -0.116462
-1.100662 -2.288461 0.055587
1.063969 -2.288461 0.287257
-0.545666 -2.476317 -0.147322
1.005933 -2.288461 0.450162
1.063969 -2.288461 0.287257
1.005933 -2.288461 0.450162
2.209354 -1.102065 0.596495
-1.063969 -2.288461 -0.287257
-1.005933 -2.288461 -0.450162
-2.209354 -1.102065 -0.596495
-1.063969 -2.288461 -0.287257
0.545666 -2.476317 0.147322
-1.005933 -2.288461 -0.450162
-0.287257 -2.288461 1.063969
0.147322 -2.476317 -0.545666
-0.450162 -2.288461 1.005933
-0.287257 -2.288461 1.063969
-0.450162 -2.288461 1.005933
-0.596495 -1.102065 2.209354
0.450162 -2.288461 -1.005933
0.934771 -1.102065 -2.088841
0.287257 -2.288461 -1.063969
0.287257 -2.288461 -1.063969
-0.147322 -2.476317 0.545666
0.450162 -2.288461 -1.005933
-0.055587 -2.288461 -1.100662
0.117279 -2.288461 -1.095807
-0.115427 -1.102065 -2.285548
-0.055587 -2.288461 -1.100662
0.028508 -2.476317 0.564484
0.117279 -2.288461 -1.095807
1.100662 -2.288461 -0.055587
-0.564484 -2.476317 0.028508
1.095807 -2.288461 0.117279
1.100662 -2.288461 -0.055587
1.095807 -2.288461 0.117279
2.285548 -1.102065 -0.115427
0.601982 -2.288461 -0.923127
-0.308732 -2.476317 0.473434
0.738980 -2.288461 -0.817591
0.738980 -2.288461 -0.817591
-0.308732 -2.476317 0.473434
-0.378992 -2.476317 0.419309
-0.817591 -2.288461 -0.738980
0.473434 -2.476317 0.308732
0.419309 -2.476317 0.378992
-0.923127 -2.288461 -0.601982
0.473434 -2.476317 0.308732
-0.817591 -2.288461 -0.738980
0.817591 -2.288461 0.738980
-0.419309 -2.476317 -0.378992
0.691924 -2.288461 0.857781
0.691924 -2.288461 0.857781
-0.419309 -2.476317 -0.378992
-0.354859 -2.476317 -0.439920
-0.817591 -2.288461 -0.738980
0.419309 -2.476317 0.378992
-0.691924 -2.288461 -0.857781
-0.691924 -2.288461 -0.857781
0.419309 -2.476317 0.378992
0.354859 -2.476317 0.439920
-0.738980 -2.288461 0.817591
0.378992 -2.476317 -0.419309
-0.857781 -2.288461 0.691924
-0.857781 -2.288461 0.691924
0.378992 -2.476317 -0.419309
0.439920 -2.476317 -0.354859
0.738980 -2.288461 -0.817591
-0.378992 -2.476317 0.419309
0.857781 -2.288461 -0.691924
0.857781 -2.288461 -0.691924
-0.378992 -2.476317 0.419309
-0.439920 -2.476317 0.354859
0.691924 -2.288461 0.857781
-0.354859 -2.476317 -0.439920
0.549218 -2.288461 0.955461
0.549218 -2.288461 0.955461
-0.354859 -2.476317 -0.439920
-0.281671 -2.476317 -0.490016
-0.955461 -2.288461 0.549218
0.439920 -2.476317 -0.354859
0.490016 -2.476317 -0.281671
-0.857781 -2.288461 0.691924
0.439920 -2.476317 -0.354859
-0.955461 -2.288461 0.549218
0.955461 -2.288461 -0.549218
-0.439920 -2.476317 0.354859
-0.490016 -2.476317 0.281671
0.857781 -2.288461 -0.691924
-0.439920 -2.476317 0.354859
0.955461 -2.288461 -0.549218
-0.392990 -2.288461 -1.029614
0.201548 -2.476317 0.528046
-0.227084 -2.288461 -1.078415
-0.227084 -2.288461 -1.078415
0.201548 -2.476317 0.528046
0.116462 -2.476317 0.553074
1.063969 -2.288461 0.287257
-0.561994 -2.476317 -0.060147
-0.545666 -2.476317 -0.147322
-0.561994 -2.476317 -0.060147
-1.917206 -1.583664 -0.517619
-0.545666 -2.476317 -0.147322
0.060147 -2.476317 -0.561994
0.517619 -1.583664 -1.917206
0.147322 -2.476317 -0.545666
-0.287257 -2.288461 1.063969
0.060147 -2.476317 -0.561994
0.147322 -2.476317 -0.545666
0.545666 -2.476317 0.147322
0.561994 -2.476317 0.060147
1.974575 -1.583664 0.211329
-1.063969 -2.288461 -0.287257
0.561994 -2.476317 0.060147
0.545666 -2.476317 0.147322
0.287257 -2.288461 -1.063969
-0.060147 -2.476317 0.561994
-0.147322 -2.476317 0.545666
-0.147322 -2.476317 0.545666
-0.060147 -2.476317 0.561994
-0.211329 -1.583664 1.974575
-0.028508 -2.476317 -0.564484
-0.116462 -2.476317 -0.553074
-0.409191 -1.583664 -1.943237
0.055587 -2.288461 1.100662
-0.116462 -2.476317 -0.553074
-0.028508 -2.476317 -0.564484
-1.100662 -2.288461 0.055587
0.553074 -2.476317 -0.116462
0.564484 -2.476317 -0.028508
0.564484 -2.476317 -0.028508
0.553074 -2.476317 -0.116462
1.943237 -1.583664 -0.409191
-0.055587 -2.288461 -1.100662
0.116462 -2.476317 0.553074
0.028508 -2.476317 0.564484
0.028508 -2.476317 0.564484
0.116462 -2.476317 0.553074
0.409191 -1.583664 1.943237
1.100662 -2.288461 -0.055587
-0.553074 -2.476317 0.116462
-0.564484 -2.476317 0.028508
-0.564484 -2.476317 0.028508
-0.553074 -2.476317 0.116462
-1.943237 -1.583664 0.409191
-0.549218 -2.288461 -0.955461
0.354859 -2.476317 0.439920
0.281671 -2.476317 0.490016
0.281671 -2.476317 0.490016
0.354859 -2.476317 0.439920
1.246803 -1.583664 1.545668
-1.029614 -2.288461 0.392990
0.490016 -2.476317 -0.281671
0.528046 -2.476317 -0.201548
1.721681 -1.583664 -0.989657
0.528046 -2.476317 -0.201548
0.490016 -2.476317 -0.281671
1.029614 -2.288461 -0.392990
-0.490016 -2.476317 0.281671
-0.528046 -2.476317 0.201548
-1.721681 -1.583664 0.989657
-0.528046 -2.476317 0.201548
-0.490016 -2.476317 0.281671
-0.989657 -1.583664 -1.721681
-0.201548 -2.476317 -0.528046
-0.281671 -2.476317 -0.490016
0.392990 -2.288461 1.029614
-0.281671 -2.476317 -0.490016
-0.201548 -2.476317 -0.528046
-0.515901 -2.476317 -0.230869
-1.663418 -1.583664 -1.084734
-0.473434 -2.476317 -0.308732
0.923127 -2.288461 0.601982
-0.515901 -2.476317 -0.230869
-0.473434 -2.476317 -0.308732
-0.601982 -2.288461 0.923127
0.230869 -2.476317 -0.515901
0.308732 -2.476317 -0.473434
0.230869 -2.476317 -0.515901
1.084734 -1.583664 -1.663418
0.308732 -2.476317 -0.473434
</float_array>
          <technique_common>
            <accessor source="#FBXASC227FBXASC130FBXASC189FBXASC227FBXASC131FBXASC170FBXASC227FBXASC131FBXASC131FBXASC227FBXASC131FBXASC1372-Normal0-array" count="2292" stride="3">
              <param name="X" type="float"/>
              <param name="Y" type="float"/>
              <param name="Z" type="float"/>
            </accessor>
          </technique_common>
        </source>
        <vertices id="FBXASC227FBXASC130FBXASC189FBXASC227FBXASC131FBXASC170FBXASC227FBXASC131FBXASC131FBXASC227FBXASC131FBXASC1372-VERTEX">
          <input semantic="POSITION" source="#FBXASC227FBXASC130FBXASC189FBXASC227FBXASC131FBXASC170FBXASC227FBXASC131FBXASC131FBXASC227FBXASC131FBXASC1372-POSITION"/>
        </vertices>
        <triangles count="764" material="MaterialFBXASC032FBXASC03526">
          <input semantic="VERTEX" offset="0" source="#FBXASC227FBXASC130FBXASC189FBXASC227FBXASC131FBXASC170FBXASC227FBXASC131FBXASC131FBXASC227FBXASC131FBXASC1372-VERTEX"/>
          <input semantic="NORMAL" offset="1" source="#FBXASC227FBXASC130FBXASC189FBXASC227FBXASC131FBXASC170FBXASC227FBXASC131FBXASC131FBXASC227FBXASC131FBXASC1372-Normal0"/>
          <p> 160 0 144 1 4 2 142 3 8 4 119 5 163 6 213 7 42 8 113 9 137 10 41 11 223 12 8 13 167 14 159 15 99 16 41 17 93 18 118 19 52 20 150 21 101 22 4 23 131 24 29 25 200 26 122 27 179 28 41 29 60 30 153 31 4 32 213 33 241 34 237 35 197 36 128 37 13 38 272 39 197 40 233 41 49 42 255 43 185 44 158 45 105 46 41 47 151 48 149 49 41 50 223 51 227 52 229 53 234 54 356 55 316 56 146 57 103 58 4 59 228 60 200 61 226 62 82 63 243 64 57 65 228 66 131 67 200 68 115 69 142 70 119 71 118 72 130 73 90 74 163 75 241 76 213 77 276 78 279 79 369 80 162 81 121 82 4 83 167 84 227 85 223 86 269 87 142 88 115 89 13 90 123 91 66 92 124 93 157 94 41 95 236 96 355 97 318 98 161 99 143 100 4 101 129 102 135 103 87 104 198 105 255 106 49 107 170 108 194 109 39 110 120 111 114 112 54 113 214 114 116 115 37 116 224 117 72 118 45 119 272 120 128 121 197 122 93 123 130 124 118 125 109 126 306 127 379 128 147 129 100 130 4 131 154 132 102 133 41 134 235 135 354 136 317 137 241 138 236 139 318 140 133 141 140 142 230 143 292 144 373 145 111 146 266 147 349 148 302 149 73 150 148 151 4 152 65 153 27 154 218 155 333 156 377 157 95 158 136 159 78 160 204 161 230 162 140 163 29 164 29 165 140 166 42 167 254 168 348 169 301 170 153 171 145 172 4 173 137 174 80 175 41 176 207 177 15 178 58 179 64 180 124 181 176 182 86 183 64 184 219 185 176 186 33 187 171 188 206 189 48 190 165 191 222 192 77 193 132 194 100 195 147 196 164 197 208 198 35 199 172 200 103 201 146 202 183 203 214 204 83 205 116 206 209 207 36 208 125 209 233 210 234 211 316 212 245 213 293 214 278 215 138 216 26 217 189 218 26 219 122 220 189 221 120 222 127 223 42 224 54 225 127 226 120 227 220 228 40 229 28 230 156 231 159 232 41 233 116 234 4 235 191 236 41 237 80 238 4 239 39 240 194 241 42 242 226 243 42 244 190 245 207 246 181 247 15 248 290 249 378 250 18 251 107 252 8 253 44 254 74 255 107 256 44 257 303 258 313 259 65 260 72 261 85 262 202 263 216 264 166 265 46 266 105 267 158 268 174 269 47 270 22 271 112 272 203 273 324 274 311 275 155 276 33 277 41 278 33 279 155 280 171 281 8 282 126 283 94 284 126 285 8 286 51 287 227 288 235 289 317 290 16 291 182 292 50 293 135 294 49 295 51 296 87 297 135 298 51 299 52 300 123 301 13 302 13 303 22 304 52 305 211 306 23 307 164 308 246 309 295 310 280 311 260 312 334 313 299 314 170 315 39 316 134 317 132 318 77 319 55 320 210 321 76 322 178 323 338 324 285 325 259 326 188 327 75 328 9 329 271 330 294 331 279 332 12 333 186 334 117 335 80 336 137 337 192 338 221 339 31 340 68 341 204 342 78 343 59 344 102 345 154 346 166 347 121 348 162 349 181 350 71 351 60 352 177 353 259 354 300 355 362 356 216 357 46 358 24 359 262 360 244 361 228 362 261 363 340 364 298 365 145 366 161 367 4 368 178 369 76 370 30 371 32 372 157 373 187 374 157 375 32 376 41 377 248 378 11 379 193 380 11 381 73 382 193 383 281 384 296 385 274 386 368 387 261 388 365 389 25 390 67 391 14 392 14 393 67 394 42 395 179 396 113 397 41 398 68 399 26 400 138 401 218 402 27 403 183 404 364 405 203 406 346 407 70 408 23 409 211 410 101 411 150 412 172 413 215 414 88 415 71 416 215 417 71 418 91 419 4 420 196 421 191 422 4 423 85 424 196 425 152 426 73 427 4 428 73 429 152 430 193 431 359 432 263 433 108 434 277 435 281 436 274 437 198 438 49 439 19 440 9 441 75 442 19 443 210 444 55 445 76 446 143 447 160 448 4 449 144 450 147 451 4 452 222 453 34 454 77 455 149 456 156 457 41 458 136 459 28 460 78 461 17 462 327 463 232 464 219 465 64 466 176 467 80 468 162 469 4 470 15 471 80 472 192 473 99 474 159 475 165 476 81 477 40 478 220 479 82 480 57 481 12 482 42 483 82 484 190 485 125 486 36 487 83 488 195 489 158 490 41 491 8 492 84 493 13 494 8 495 94 496 84 497 85 498 148 499 202 500 148 501 85 502 4 503 343 504 266 505 302 506 189 507 32 508 187 509 227 510 317 511 229 512 259 513 285 514 300 515 63 516 30 517 88 518 63 519 88 520 215 521 5 522 34 523 222 524 332 525 375 526 53 527 230 528 256 529 246 530 342 531 249 532 268 533 345 534 231 535 290 536 177 537 121 538 181 539 224 540 191 541 72 542 331 543 374 544 56 545 22 546 93 547 52 548 22 549 47 550 93 551 126 552 21 553 94 554 94 555 321 556 282 557 327 558 307 559 232 560 6 561 48 562 206 563 96 564 322 565 284 566 96 567 67 568 25 569 335 570 97 571 366 572 278 573 293 574 250 575 204 576 59 577 0 578 304 579 312 580 0 581 99 582 155 583 41 584 48 585 99 586 165 587 100 588 150 589 4 590 23 591 100 592 164 593 35 594 101 595 172 596 101 597 146 598 4 599 59 600 102 601 166 602 102 603 151 604 41 605 27 606 103 607 183 608 103 609 152 610 4 611 45 612 11 613 248 614 92 615 328 616 371 617 105 618 154 619 41 620 46 621 105 622 174 623 257 624 216 625 24 626 209 627 174 628 36 629 16 630 8 631 107 632 107 633 182 634 16 635 182 636 107 637 74 638 269 639 240 640 270 641 2 642 35 643 208 644 218 645 2 646 258 647 351 648 260 649 363 650 279 651 294 652 369 653 330 654 376 655 110 656 221 657 192 658 31 659 272 660 184 661 324 662 272 663 233 664 184 665 137 666 113 667 201 668 26 669 201 670 113 671 241 672 318 673 237 674 334 675 323 676 299 677 119 678 66 679 115 680 269 681 115 682 320 683 41 684 4 685 116 686 83 687 41 688 116 689 287 690 271 691 199 692 226 693 262 694 228 695 118 696 29 697 52 698 118 699 90 700 29 701 13 702 66 703 119 704 119 705 8 706 13 707 20 708 114 709 120 710 20 711 120 712 42 713 60 714 121 715 177 716 121 717 60 718 4 719 122 720 32 721 189 722 32 723 122 724 41 725 339 726 340 727 261 728 52 729 62 730 123 731 124 732 33 733 176 734 33 735 124 736 41 737 125 738 83 739 214 740 106 741 305 742 381 743 49 744 126 745 51 746 126 747 49 748 21 749 134 750 39 751 127 752 127 753 39 754 42 755 112 756 22 757 128 758 128 759 22 760 13 761 9 762 19 763 129 764 319 765 338 766 97 767 249 768 342 769 130 770 93 771 47 772 130 773 52 774 29 775 131 776 131 777 62 778 52 779 291 780 372 781 89 782 132 783 55 784 210 785 25 786 14 787 133 788 96 789 25 790 322 791 134 792 127 793 54 794 134 795 253 796 170 797 129 798 19 799 135 800 19 801 49 802 135 803 10 804 329 805 370 806 220 807 28 808 136 809 192 810 137 811 31 812 31 813 137 814 201 815 309 816 225 817 292 818 302 819 349 820 309 821 280 822 295 823 251 824 336 825 139 826 367 827 140 828 14 829 42 830 133 831 14 832 140 833 269 834 320 835 240 836 320 837 339 838 141 839 44 840 8 841 142 842 269 843 44 844 142 845 143 846 161 847 76 848 55 849 143 850 76 851 144 852 160 853 77 854 34 855 144 856 77 857 30 858 145 859 88 860 145 861 153 862 88 863 183 864 146 865 35 866 146 867 101 868 35 869 147 870 144 871 34 872 164 873 147 874 34 875 202 876 148 877 11 878 148 879 73 880 11 881 149 882 151 883 78 884 28 885 149 886 78 887 172 888 150 889 23 890 150 891 100 892 23 893 151 894 102 895 59 896 78 897 151 898 59 899 152 900 103 901 27 902 193 903 152 904 27 905 153 906 60 907 71 908 88 909 153 910 71 911 154 912 105 913 46 914 166 915 154 916 46 917 171 918 155 919 48 920 155 921 99 922 48 923 40 924 156 925 28 926 156 927 149 928 28 929 187 930 157 931 64 932 157 933 124 934 64 935 174 936 158 937 36 938 158 939 195 940 36 941 165 942 159 943 40 944 159 945 156 946 40 947 77 948 160 949 55 950 160 951 143 952 55 953 161 954 145 955 30 956 76 957 161 958 30 959 162 960 80 961 15 962 181 963 162 964 15 965 67 966 163 967 42 968 96 969 163 970 67 971 211 972 164 973 5 974 5 975 164 976 34 977 206 978 165 979 81 980 81 981 165 982 40 983 0 984 59 985 166 986 0 987 166 988 216 989 16 990 50 991 167 992 167 993 8 994 16 995 265 996 236 997 315 998 353 999 315 1000 280 1001 275 1002 234 1003 314 1004 352 1005 314 1006 278 1007 289 1008 253 1009 43 1010 243 1011 239 1012 271 1013 6 1014 171 1015 48 1016 79 1017 171 1018 6 1019 70 1020 172 1021 23 1022 208 1023 172 1024 70 1025 260 1026 299 1027 363 1028 355 1029 267 1030 318 1031 24 1032 46 1033 174 1034 24 1035 174 1036 209 1037 362 1038 300 1039 347 1040 354 1041 382 1042 264 1043 219 1044 176 1045 79 1046 79 1047 176 1048 171 1049 91 1050 71 1051 177 1052 91 1053 177 1054 3 1055 344 1056 254 1057 301 1058 178 1059 30 1060 63 1061 179 1062 26 1063 113 1064 179 1065 122 1066 26 1067 297 1068 349 1069 266 1070 261 1071 298 1072 365 1073 3 1074 177 1075 181 1076 3 1077 181 1078 207 1079 270 1080 296 1081 281 1082 288 1083 270 1084 108 1085 218 1086 183 1087 2 1088 2 1089 183 1090 35 1091 203 1092 311 1093 346 1094 356 1095 383 1096 252 1097 94 1098 21 1099 321 1100 49 1101 185 1102 21 1103 12 1104 57 1105 186 1106 243 1107 271 1108 57 1109 38 1110 187 1111 86 1112 86 1113 187 1114 64 1115 255 1116 238 1117 245 1118 255 1119 319 1120 238 1121 138 1122 189 1123 38 1124 38 1125 189 1126 187 1127 190 1128 12 1129 117 1130 190 1131 82 1132 12 1133 37 1134 116 1135 191 1136 37 1137 191 1138 224 1139 58 1140 15 1141 192 1142 58 1143 192 1144 221 1145 248 1146 193 1147 65 1148 65 1149 193 1150 27 1151 194 1152 82 1153 42 1154 194 1155 243 1156 82 1157 195 1158 41 1159 83 1160 36 1161 195 1162 83 1163 191 1164 196 1165 72 1166 196 1167 85 1168 72 1169 84 1170 197 1171 13 1172 233 1173 197 1174 84 1175 75 1176 188 1177 198 1178 75 1179 198 1180 19 1181 226 1182 310 1183 262 1184 358 1185 1 1186 199 1187 226 1188 200 1189 42 1190 200 1191 29 1192 42 1193 68 1194 201 1195 26 1196 31 1197 201 1198 68 1199 45 1200 72 1201 202 1202 45 1203 202 1204 11 1205 268 1206 139 1207 286 1208 139 1209 268 1210 367 1211 98 1212 312 1213 382 1214 329 1215 247 1216 370 1217 104 1218 313 1219 383 1220 328 1221 205 1222 371 1223 95 1224 6 1225 206 1226 333 1227 95 1228 206 1229 207 1230 330 1231 110 1232 3 1233 207 1234 110 1235 326 1236 306 1237 109 1238 2 1239 326 1240 258 1241 325 1242 257 1243 24 1244 325 1245 305 1246 106 1247 301 1248 348 1249 308 1250 308 1251 7 1252 291 1253 211 1254 332 1255 53 1256 70 1257 211 1258 53 1259 347 1260 175 1261 264 1262 341 1263 212 1264 175 1265 213 1266 237 1267 20 1268 213 1269 20 1270 42 1271 214 1272 331 1273 56 1274 125 1275 214 1276 56 1277 18 1278 63 1279 215 1280 290 1281 18 1282 215 1283 312 1284 304 1285 382 1286 304 1287 257 1288 61 1289 173 1290 217 1291 267 1292 323 1293 217 1294 173 1295 313 1296 303 1297 383 1298 303 1299 258 1300 69 1301 219 1302 327 1303 17 1304 86 1305 219 1306 17 1307 220 1308 329 1309 10 1310 81 1311 220 1312 10 1313 221 1314 292 1315 111 1316 58 1317 221 1318 111 1319 5 1320 222 1321 89 1322 222 1323 291 1324 89 1325 51 1326 8 1327 223 1328 223 1329 229 1330 51 1331 92 1332 37 1333 224 1334 328 1335 92 1336 224 1337 357 1338 349 1339 297 1340 358 1341 373 1342 1 1343 117 1344 242 1345 226 1346 117 1347 226 1348 190 1349 50 1350 283 1351 227 1352 167 1353 50 1354 227 1355 340 1356 337 1357 298 1358 62 1359 131 1360 228 1361 341 1362 175 1363 285 1364 51 1365 229 1366 87 1367 342 1368 268 1369 286 1370 29 1371 90 1372 230 1373 110 1374 231 1375 345 1376 369 1377 294 1378 273 1379 350 1380 141 1381 368 1382 232 1383 307 1384 380 1385 84 1386 94 1387 233 1388 94 1389 282 1390 233 1391 321 1392 169 1393 282 1394 234 1395 169 1396 314 1397 108 1398 263 1399 235 1400 288 1401 108 1402 283 1403 236 1404 168 1405 315 1406 322 1407 168 1408 284 1409 20 1410 237 1411 114 1412 114 1413 323 1414 54 1415 319 1416 97 1417 238 1418 293 1419 97 1420 335 1421 294 1422 43 1423 273 1424 289 1425 43 1426 239 1427 296 1428 141 1429 350 1430 320 1431 141 1432 240 1433 241 1434 163 1435 96 1436 96 1437 284 1438 241 1439 199 1440 1 1441 310 1442 287 1443 199 1444 242 1445 243 1446 194 1447 170 1448 253 1449 289 1450 170 1451 360 1452 180 1453 297 1454 337 1455 244 1456 180 1457 321 1458 245 1459 169 1460 245 1461 185 1462 255 1463 246 1464 133 1465 230 1466 322 1467 246 1468 168 1469 204 1470 0 1471 247 1472 204 1473 247 1474 136 1475 65 1476 313 1477 248 1478 248 1479 205 1480 45 1481 47 1482 249 1483 130 1484 112 1485 324 1486 47 1487 366 1488 381 1489 335 1490 250 1491 56 1492 374 1493 251 1494 53 1495 375 1496 367 1497 379 1498 336 1499 324 1500 184 1501 311 1502 356 1503 252 1504 316 1505 54 1506 334 1507 134 1508 323 1509 334 1510 54 1511 363 1512 299 1513 361 1514 18 1515 254 1516 344 1517 255 1518 188 1519 319 1520 198 1521 188 1522 255 1523 295 1524 139 1525 336 1526 286 1527 139 1528 256 1529 366 1530 259 1531 362 1532 257 1533 325 1534 106 1535 367 1536 268 1537 364 1538 258 1539 326 1540 109 1541 97 1542 259 1543 366 1544 97 1545 338 1546 259 1547 43 1548 260 1549 351 1550 43 1551 253 1552 260 1553 141 1554 261 1555 368 1556 141 1557 339 1558 261 1559 357 1560 297 1561 262 1562 262 1563 310 1564 1 1565 359 1566 370 1567 263 1568 354 1569 98 1570 382 1571 175 1572 212 1573 264 1574 354 1575 264 1576 317 1577 315 1578 372 1579 265 1580 355 1581 348 1582 267 1583 365 1584 298 1585 360 1586 17 1587 266 1588 343 1589 361 1590 173 1591 267 1592 267 1593 348 1594 254 1595 268 1596 203 1597 364 1598 268 1599 249 1600 203 1601 74 1602 44 1603 269 1604 269 1605 270 1606 74 1607 270 1608 288 1609 182 1610 74 1611 270 1612 182 1613 271 1614 287 1615 186 1616 57 1617 271 1618 186 1619 272 1620 324 1621 112 1622 112 1623 128 1624 272 1625 363 1626 378 1627 351 1628 273 1629 231 1630 110 1631 274 1632 95 1633 377 1634 368 1635 380 1636 350 1637 356 1638 104 1639 383 1640 314 1641 371 1642 275 1643 358 1644 111 1645 373 1646 369 1647 376 1648 276 1649 274 1650 377 1651 277 1652 359 1653 10 1654 370 1655 169 1656 245 1657 278 1658 278 1659 314 1660 169 1661 279 1662 358 1663 199 1664 199 1665 271 1666 279 1667 168 1668 246 1669 280 1670 280 1671 315 1672 168 1673 281 1674 359 1675 108 1676 108 1677 270 1678 281 1679 282 1680 234 1681 233 1682 282 1683 169 1684 234 1685 283 1686 235 1687 227 1688 283 1689 108 1690 235 1691 284 1692 236 1693 241 1694 284 1695 168 1696 236 1697 285 1698 87 1699 341 1700 129 1701 87 1702 285 1703 230 1704 286 1705 256 1706 286 1707 230 1708 90 1709 287 1710 117 1711 186 1712 117 1713 287 1714 242 1715 50 1716 288 1717 283 1718 288 1719 50 1720 182 1721 243 1722 289 1723 239 1724 289 1725 243 1726 170 1727 290 1728 215 1729 91 1730 345 1731 290 1732 91 1733 308 1734 291 1735 132 1736 291 1737 222 1738 132 1739 309 1740 292 1741 68 1742 292 1743 221 1744 68 1745 293 1746 245 1747 238 1748 97 1749 293 1750 238 1751 239 1752 43 1753 294 1754 271 1755 239 1756 294 1757 256 1758 139 1759 295 1760 246 1761 256 1762 295 1763 240 1764 141 1765 296 1766 270 1767 240 1768 296 1769 180 1770 244 1771 297 1772 262 1773 297 1774 244 1775 298 1776 180 1777 360 1778 298 1779 337 1780 180 1781 299 1782 173 1783 361 1784 299 1785 323 1786 173 1787 175 1788 300 1789 285 1790 300 1791 175 1792 347 1793 178 1794 63 1795 301 1796 178 1797 301 1798 210 1799 38 1800 302 1801 138 1802 343 1803 302 1804 38 1805 218 1806 303 1807 65 1808 303 1809 218 1810 258 1811 304 1812 216 1813 257 1814 216 1815 304 1816 0 1817 305 1818 125 1819 56 1820 125 1821 305 1822 209 1823 70 1824 306 1825 208 1826 306 1827 70 1828 53 1829 307 1830 6 1831 95 1832 327 1833 6 1834 307 1835 301 1836 308 1837 210 1838 210 1839 308 1840 132 1841 302 1842 309 1843 138 1844 138 1845 309 1846 68 1847 242 1848 310 1849 226 1850 242 1851 199 1852 310 1853 311 1854 184 1855 252 1856 346 1857 311 1858 252 1859 247 1860 312 1861 98 1862 247 1863 0 1864 312 1865 313 1866 205 1867 248 1868 205 1869 313 1870 104 1871 314 1872 92 1873 371 1874 314 1875 352 1876 92 1877 353 1878 89 1879 315 1880 315 1881 89 1882 372 1883 316 1884 252 1885 184 1886 184 1887 233 1888 316 1889 317 1890 264 1891 212 1892 317 1893 212 1894 229 1895 318 1896 217 1897 237 1898 318 1899 267 1900 217 1901 319 1902 9 1903 338 1904 188 1905 9 1906 319 1907 320 1908 66 1909 339 1910 115 1911 66 1912 320 1913 321 1914 185 1915 245 1916 21 1917 185 1918 321 1919 322 1920 133 1921 246 1922 25 1923 133 1924 322 1925 237 1926 217 1927 323 1928 237 1929 323 1930 114 1931 324 1932 249 1933 47 1934 249 1935 324 1936 203 1937 305 1938 325 1939 209 1940 325 1941 24 1942 209 1943 306 1944 326 1945 208 1946 326 1947 2 1948 208 1949 327 1950 219 1951 79 1952 79 1953 6 1954 327 1955 328 1956 224 1957 45 1958 205 1959 328 1960 45 1961 247 1962 329 1963 136 1964 329 1965 220 1966 136 1967 330 1968 58 1969 111 1970 330 1971 207 1972 58 1973 331 1974 37 1975 92 1976 331 1977 214 1978 37 1979 332 1980 5 1981 89 1982 332 1983 211 1984 5 1985 333 1986 206 1987 81 1988 333 1989 81 1990 10 1991 334 1992 253 1993 134 1994 253 1995 334 1996 260 1997 250 1998 293 1999 335 2000 335 2001 56 2002 250 2003 251 2004 295 2005 336 2006 336 2007 53 2008 251 2009 337 2010 62 2011 228 2012 228 2013 244 2014 337 2015 338 2016 129 2017 285 2018 9 2019 129 2020 338 2021 339 2022 123 2023 340 2024 66 2025 123 2026 339 2027 123 2028 62 2029 340 2030 340 2031 62 2032 337 2033 341 2034 87 2035 229 2036 229 2037 212 2038 341 2039 342 2040 286 2041 90 2042 130 2043 342 2044 90 2045 343 2046 86 2047 17 2048 86 2049 343 2050 38 2051 344 2052 63 2053 18 2054 301 2055 63 2056 344 2057 3 2058 345 2059 91 2060 345 2061 3 2062 110 2063 252 2064 69 2065 346 2066 346 2067 69 2068 258 2069 264 2070 61 2071 347 2072 347 2073 61 2074 257 2075 348 2076 7 2077 308 2078 355 2079 7 2080 348 2081 349 2082 225 2083 309 2084 357 2085 225 2086 349 2087 274 2088 296 2089 350 2090 350 2091 95 2092 274 2093 273 2094 43 2095 351 2096 351 2097 231 2098 273 2099 250 2100 374 2101 352 2102 352 2103 278 2104 250 2105 353 2106 280 2107 251 2108 251 2109 375 2110 353 2111 263 2112 98 2113 354 2114 263 2115 354 2116 235 2117 265 2118 355 2119 236 2120 265 2121 7 2122 355 2123 275 2124 104 2125 356 2126 275 2127 356 2128 234 2129 357 2130 262 2131 1 2132 1 2133 225 2134 357 2135 276 2136 358 2137 279 2138 276 2139 111 2140 358 2141 277 2142 10 2143 359 2144 277 2145 359 2146 281 2147 297 2148 266 2149 360 2150 360 2151 266 2152 17 2153 361 2154 254 2155 18 2156 267 2157 254 2158 361 2159 347 2160 257 2161 362 2162 362 2163 257 2164 106 2165 361 2166 18 2167 363 2168 363 2169 18 2170 378 2171 346 2172 258 2173 364 2174 364 2175 258 2176 109 2177 360 2178 17 2179 365 2180 365 2181 17 2182 232 2183 362 2184 106 2185 366 2186 366 2187 106 2188 381 2189 367 2190 109 2191 379 2192 364 2193 109 2194 367 2195 368 2196 232 2197 380 2198 365 2199 232 2200 368 2201 273 2202 110 2203 369 2204 369 2205 110 2206 376 2207 263 2208 370 2209 98 2210 370 2211 247 2212 98 2213 371 2214 205 2215 104 2216 275 2217 371 2218 104 2219 7 2220 372 2221 291 2222 265 2223 372 2224 7 2225 1 2226 373 2227 225 2228 225 2229 373 2230 292 2231 92 2232 374 2233 331 2234 352 2235 374 2236 92 2237 353 2238 375 2239 89 2240 89 2241 375 2242 332 2243 276 2244 376 2245 111 2246 111 2247 376 2248 330 2249 277 2250 377 2251 10 2252 10 2253 377 2254 333 2255 351 2256 378 2257 231 2258 231 2259 378 2260 290 2261 336 2262 379 2263 53 2264 306 2265 53 2266 379 2267 350 2268 380 2269 95 2270 307 2271 95 2272 380 2273 305 2274 56 2275 381 2276 335 2277 381 2278 56 2279 382 2280 304 2281 61 2282 264 2283 382 2284 61 2285 252 2286 383 2287 69 2288 383 2289 303 2290 69 2291</p>
        </triangles>
      </mesh>
    </geometry>
    <geometry id="FBXASC227FBXASC130FBXASC189FBXASC227FBXASC131FBXASC170FBXASC227FBXASC131FBXASC131FBXASC227FBXASC131FBXASC1373-lib" name="FBXASC227FBXASC130FBXASC189FBXASC227FBXASC131FBXASC170FBXASC227FBXASC131FBXASC131FBXASC227FBXASC131FBXASC1373Mesh">
      <mesh>
        <source id="FBXASC227FBXASC130FBXASC189FBXASC227FBXASC131FBXASC170FBXASC227FBXASC131FBXASC131FBXASC227FBXASC131FBXASC1373-POSITION">
          <float_array id="FBXASC227FBXASC130FBXASC189FBXASC227FBXASC131FBXASC170FBXASC227FBXASC131FBXASC131FBXASC227FBXASC131FBXASC1373-POSITION-array" count="936">-0.000176149 -0.001399606 -0.000201602 -0.000202698 -0.00136811 0.000135999 0.000242208 -0.00137302 9.053e-06 -9.053e-06 -0.00137302 0.000242208 0.000149599 -0.001360236 -0.000182812 -0.000242208 -0.00137302 -9.053e-06 0.000180208 -0.001371527 0.000141506 0.000217421 -0.001242126 -9.2349e-05 -7.1233e-05 -0.00136811 -0.000258066 0.000135999 -0.00136811 0.000202698 -0.000209284 -0.001242126 0.000109545 4.7163e-05 -0.00136811 -0.000239495 -0.000209041 -0.001242126 -0.000110009 0.000199511 -0.001242126 0.000126473 0.000202698 -0.00136811 -0.000135999 -0.000115881 -0.001375787 0.000207852 -0.000101029 -0.001242126 -0.000213526 4.6993e-05 -0.001242126 0.000231499 0.000118337 -0.001242126 -0.000204442 -0.000180208 -0.001371527 -0.000141506 -0.000229168 -0.00136811 -8.4047e-05 0.000229168 -0.00136811 8.4047e-05 -0.000163825 -0.001242126 0.000170181 -0.000101894 -0.00137302 -0.000219918 -8.6518e-05 -0.00136811 0.000253351 0.0001089 -0.00136811 0.000244567 0.000187875 -0.00136811 -0.000190723 0.000262668 -0.00136811 -5.1749e-05 -0.000227747 -0.001399606 -0.000140725 -0.000235745 -0.00136811 0.000126872 -0.000262668 -0.00136811 5.1749e-05 0.000229293 -0.001242126 5.6786e-05 -2.8213e-05 -0.001360236 -0.00023453 -0.000233119 -0.001242126 -3.8151e-05 -2.8733e-05 -0.001242126 0.000234466 0.000266251 -0.00136811 2.7973e-05 0.000199791 -0.001242126 -0.00012603 8.6518e-05 -0.00136811 -0.000253351 4.6993e-05 -0.001360236 0.000231499 -0.000187875 -0.00136811 0.000190723 -0.000266251 -0.001399606 -2.7973e-05 -0.000123312 -0.00136811 0.000237627 0.000235745 -0.00136811 -0.000126872 0.000157351 -0.00136811 -0.000216594 -0.000155852 -0.001371527 -0.000167955 0.000246177 -0.00136811 0.000105209 0.000149193 -0.001242126 0.000183143 4.7507e-05 -0.001242126 -0.000231394 -7.998e-06 -0.001399606 0.000267597 -0.000224147 -0.001360236 7.4555e-05 -0.000246177 -0.00136811 -0.000105209 0.000144135 -0.00136811 0.000225604 8.401e-05 -0.001360236 -0.000220777 0.000204229 -0.00136811 0.000173097 -2.8213e-05 -0.001242126 -0.00023453 -3.1975e-05 -0.001399606 -0.0002658 -0.000189002 -0.001360236 0.000141698 -0.000101503 -0.001242126 0.000213301 -0.000163447 -0.001242126 -0.000170544 -0.000233203 -0.001242126 3.7634e-05 0.000259108 -0.00136811 6.7343e-05 0.000229419 -0.001360236 -5.6277e-05 -0.000144135 -0.001399606 -0.000225604 -4.7163e-05 -0.00136811 0.000239495 0.000235475 -0.001242126 -1.8747e-05 -0.000141506 -0.001371527 0.000180208 6.6706e-05 -0.00136811 0.000234803 9.053e-06 -0.00137302 -0.000242208 4.7792e-05 -0.001399606 -0.000263416 -0.000204229 -0.00136811 -0.000173097 2.9154e-05 -0.00136811 0.000242347 -0.000135999 -0.00136811 -0.000202698 -0.000252021 -0.001399606 9.0319e-05 0.000227747 -0.00136811 0.000140725 0.000115881 -0.001375787 -0.000207852 -0.000234803 -0.00136811 6.6706e-05 -0.000214202 -0.00136811 0.000160591 0.000252021 -0.00136811 -9.0319e-05 -0.000157351 -0.00136811 0.000216594 0.000176149 -0.00136811 0.000201602 0.000267446 -0.00136811 -1.2022e-05 0.000214202 -0.00136811 -0.000160591 -0.000259108 -0.001399606 -6.7343e-05 -2.9154e-05 -0.00136811 -0.000242347 0.000217215 -0.001360236 9.2832e-05 0.000234803 -0.00136811 -6.6706e-05 0.000155852 -0.001371527 0.000167955 -0.000223981 -0.001360236 -7.5052e-05 -4.7792e-05 -0.00136811 0.000263416 0.000167955 -0.001371527 -0.000155852 -6.5972e-05 -0.001360236 0.000226821 0.000199791 -0.001360236 -0.00012603 0.000117883 -0.001360236 0.000204704 7.1233e-05 -0.001399606 0.000258066 8.352e-05 -0.001242126 0.000220963 9.773e-06 -0.001360236 -0.000236018 -0.000204229 -0.001399606 -0.000173097 0.000235433 -0.001360236 1.9269e-05 -0.00023622 -0.001360236 -2.62e-07 9.25e-06 -0.001360236 0.000236039 -0.000167955 -0.001371527 0.000155852 0.000123312 -0.001399606 -0.000237627 -0.000267446 -0.00136811 1.2022e-05 -9.6323e-05 -0.001371527 -0.000207896 -0.000133973 -0.001360236 -0.000194554 0.000207852 -0.001375787 0.000115881 -0.000207852 -0.001375787 -0.000115881 -0.000176149 -0.00136811 -0.000201602 0.00017664 -0.001242126 0.000156839 -0.0001089 -0.00136811 -0.000244567 0.000176987 -0.001242126 -0.000156447 8.401e-05 -0.001242126 -0.000220777 -0.000252021 -0.00136811 9.0319e-05 -0.000227747 -0.00136811 -0.000140725 -0.000259108 -0.00136811 -6.7343e-05 0.000204229 -0.001399606 0.000173097 -0.000224147 -0.001242126 7.4555e-05 4.7792e-05 -0.00136811 -0.000263416 -6.5972e-05 -0.001242126 0.000226821 -0.000219918 -0.00137302 0.000101894 0.000141506 -0.001371527 -0.000180208 0.000101894 -0.00137302 0.000219918 0.000227486 -0.001371527 -2.7366e-05 7.998e-06 -0.00136811 -0.000267597 -0.000188687 -0.001242126 -0.000142117 0.00017664 -0.001360236 0.000156839 0.000246177 -0.001399606 0.000105209 3.1975e-05 -0.001399606 0.0002658 -0.000187875 -0.001399606 0.000190723 0.000262668 -0.001399606 -5.1749e-05 -6.5469e-05 -0.001242126 -0.000226967 -6.5469e-05 -0.001360236 -0.000226967 0.000123312 -0.00136811 -0.000237627 0.000118337 -0.001360236 -0.000204442 -0.000163447 -0.001360236 -0.000170544 -0.000233203 -0.001360236 3.7634e-05 -0.000189002 -0.001242126 0.000141698 0.000149193 -0.001360236 0.000183143 -0.000266251 -0.00136811 -2.7973e-05 -0.000134404 -0.001242126 0.000194257 -0.00023622 -0.001242126 -2.62e-07 -2.8733e-05 -0.001360236 0.000234466 -0.000157351 -0.001399606 0.000216594 0.000214202 -0.001399606 -0.000160591 -8.6518e-05 -0.001399606 0.000253351 0.000157351 -0.001399606 -0.000216594 0.0001089 -0.001399606 0.000244567 0.000259108 -0.001399606 6.7343e-05 0.000235745 -0.001399606 -0.000126872 0.000252021 -0.001399606 -9.0319e-05 -0.000123312 -0.001399606 0.000237627 0.000227747 -0.001399606 0.000140725 0.000176149 -0.001399606 0.000201602 0.000267446 -0.001399606 -1.2022e-05 -0.000214202 -0.001399606 0.000160591 8.6518e-05 -0.001399606 -0.000253351 -0.000223981 -0.001242126 -7.5052e-05 0.000207896 -0.001371527 -9.6323e-05 -0.000101503 -0.001360236 0.000213301 0.000219918 -0.00137302 -0.000101894 -0.000134404 -0.001360236 0.000194257 7.998e-06 -0.001399606 -0.000267597 9.25e-06 -0.001242126 0.000236039 -0.0001089 -0.001399606 -0.000244567 -0.000235745 -0.001399606 0.000126872 -0.000267446 -0.001399606 1.2022e-05 -0.000233119 -0.001360236 -3.8151e-05 -6.6706e-05 -0.00136811 -0.000234803 -0.000133973 -0.001242126 -0.000194554 7.1233e-05 -0.00136811 0.000258066 0.000117883 -0.001242126 0.000204704 -7.998e-06 -0.00136811 0.000267597 -4.7792e-05 -0.001399606 0.000263416 0.000187875 -0.001399606 -0.000190723 0.000144135 -0.001399606 0.000225604 0.000266251 -0.001399606 2.7973e-05 -0.000246177 -0.001399606 -0.000105209 8.4047e-05 -0.00136811 -0.000229168 -8.4047e-05 -0.00136811 0.000229168 -0.00019198 -0.00136811 -0.000150751 0.000217215 -0.001242126 9.2832e-05 -0.000239495 -0.00136811 -4.7163e-05 0.000239495 -0.00136811 4.7163e-05 0.000242347 -0.00136811 -2.9154e-05 -0.000242347 -0.00136811 2.9154e-05 -0.000144135 -0.00136811 -0.000225604 3.1975e-05 -0.00136811 0.0002658 -3.1975e-05 -0.00136811 -0.0002658 0.000149599 -0.001242126 -0.000182812 0.000235433 -0.001242126 1.9269e-05 0.000176987 -0.001360236 -0.000156447 -0.000209284 -0.001360236 0.000109545 -0.000209041 -0.001360236 -0.000110009 -0.000262668 -0.001399606 5.1749e-05 -0.000163825 -0.001360236 0.000170181 0.000229293 -0.001360236 5.6786e-05 0.000199511 -0.001360236 0.000126473 8.352e-05 -0.001360236 0.000220963 9.773e-06 -0.001242126 -0.000236018 0.000229419 -0.001242126 -5.6277e-05 -0.000220404 -0.001371527 6.2616e-05 0.000150751 -0.00136811 -0.00019198 9.6323e-05 -0.001371527 0.000207896 0.000235475 -0.001360236 -1.8747e-05 8.558e-06 -0.001371527 -0.000228966 -0.000101029 -0.001360236 -0.000213526 0.000217421 -0.001360236 -9.2349e-05 -0.000150751 -0.00136811 0.00019198 -7.1233e-05 -0.001399606 -0.000258066 -8.558e-06 -0.001371527 0.000228966 0.00019198 -0.00136811 0.000150751 -0.000188687 -0.001360236 -0.000142117 0.000215115 -0.001371527 7.8893e-05 -0.000228966 -0.001371527 -8.558e-06 -0.000215115 -0.001371527 -7.8893e-05 -0.000178927 -0.00136811 0.000166034 0.000178927 -0.00136811 -0.000166034 -0.000166034 -0.00136811 -0.000178927 0.000166034 -0.00136811 0.000178927 -0.000118862 -0.00136811 0.000213199 0.000111574 -0.001371527 -0.000200125 -0.000207896 -0.001371527 9.6323e-05 -6.2616e-05 -0.001371527 -0.000220404 0.000213199 -0.00136811 0.000118862 -0.000213199 -0.00136811 -0.000118862 0.000118862 -0.00136811 -0.000213199 -7.8893e-05 -0.001371527 0.000215115 4.7507e-05 -0.001360236 -0.000231394 -0.000243924 -0.00136811 -9.117e-06 -9.117e-06 -0.00136811 0.000243924 9.117e-06 -0.00136811 -0.000243924 0.000243924 -0.00136811 9.117e-06 0.000228966 -0.001371527 8.558e-06 0.000221477 -0.00136811 -0.000102616 0.000102616 -0.00136811 0.000221477 -0.000102616 -0.00136811 -0.000221477 -0.000221477 -0.00136811 0.000102616 6.2616e-05 -0.001371527 0.000220404 -0.000222506 -0.001361954 6.3213e-05 0.00023115 -0.001361954 8.639e-06 0.000222506 -0.001361954 -6.3213e-05 0.000217167 -0.001361954 7.9646e-05 0.000181926 -0.001361954 0.000142856 0.000128877 -0.001361954 0.000192082 6.3213e-05 -0.001361954 0.000222506 0.000192082 -0.001361954 -0.000128877 0.000142856 -0.001361954 -0.000181926 -0.000233488 -0.001375787 -4.598e-05 -4.598e-05 -0.001375787 0.000233488 4.598e-05 -0.001375787 -0.000233488 0.000201271 -0.00137302 -0.000135042 -0.000111574 -0.001371527 0.000200125 0.000233488 -0.001375787 4.598e-05 -7.9646e-05 -0.001361954 0.000217167 -0.000142856 -0.001361954 0.000181926 -0.000135042 -0.00137302 -0.000201271 -0.000201271 -0.00137302 0.000135042 0.000135042 -0.00137302 0.000201271 -0.000229655 -0.001361954 2.7627e-05 -0.000226952 -0.001361954 -4.4693e-05 0.000223421 -0.001375787 8.1939e-05 -0.000202034 -0.001361954 -0.000112638 0.000112638 -0.001361954 -0.000202034 -9.7242e-05 -0.001361954 -0.000209878 0.000228914 -0.001375787 -6.5033e-05 -0.000236269 -0.001375787 2.8422e-05 -0.000200125 -0.001371527 -0.000111574 0.000200125 -0.001371527 0.000111574 6.5033e-05 -0.001375787 0.000228914 -6.5033e-05 -0.001375787 -0.000228914 -2.7366e-05 -0.001371527 -0.000227486 2.8422e-05 -0.001375787 0.000236269 -2.8422e-05 -0.001375787 -0.000236269 4.4271e-05 -0.001371527 -0.000224809 0.000220404 -0.001371527 -6.2616e-05 0.000224809 -0.001371527 4.4271e-05 -4.4271e-05 -0.001371527 0.000224809 -0.000224809 -0.001371527 -4.4271e-05 2.7366e-05 -0.001371527 0.000227486 -0.000227486 -0.001371527 2.7366e-05 -8.639e-06 -0.001361954 0.00023115 7.8893e-05 -0.001371527 -0.000215115 -0.000228914 -0.001375787 6.5033e-05 2.7627e-05 -0.001361954 0.000229655 9.7242e-05 -0.001361954 0.000209878 0.000236269 -0.001375787 -2.8422e-05 0.000157339 -0.001361954 0.000169557 0.000202034 -0.001361954 0.000112638 -4.4693e-05 -0.001361954 0.000226952 0.000226952 -0.001361954 4.4693e-05 0.000229655 -0.001361954 -2.7627e-05 0.000169557 -0.001361954 -0.000157339 0.000209878 -0.001361954 -9.7242e-05 -6.3213e-05 -0.001361954 -0.000222506 0.00012766 -0.001371527 0.000190268 -0.00012766 -0.001371527 -0.000190268 -0.000190268 -0.001371527 0.00012766 0.000190268 -0.001371527 -0.00012766 -0.000112638 -0.001361954 0.000202034 -0.000192082 -0.001361954 0.000128877 -0.000169557 -0.001361954 0.000157339 -0.000209878 -0.001361954 9.7242e-05 -8.1939e-05 -0.001375787 0.000223421 8.1939e-05 -0.001375787 -0.000223421 -0.000223421 -0.001375787 -8.1939e-05 -0.00023115 -0.001361954 -8.639e-06 -0.000128877 -0.001361954 -0.000192082 -0.000217167 -0.001361954 -7.9646e-05 -0.000157339 -0.001361954 -0.000169557 -0.000181926 -0.001361954 -0.000142856 8.639e-06 -0.001361954 -0.00023115 7.9646e-05 -0.001361954 -0.000217167</float_array>
          <technique_common>
            <accessor source="#FBXASC227FBXASC130FBXASC189FBXASC227FBXASC131FBXASC170FBXASC227FBXASC131FBXASC131FBXASC227FBXASC131FBXASC1373-POSITION-array" count="312" stride="3">
              <param name="X" type="float"/>
              <param name="Y" type="float"/>
              <param name="Z" type="float"/>
            </accessor>
          </technique_common>
        </source>
        <source id="FBXASC227FBXASC130FBXASC189FBXASC227FBXASC131FBXASC170FBXASC227FBXASC131FBXASC131FBXASC227FBXASC131FBXASC1373-Normal0">
          <float_array id="FBXASC227FBXASC130FBXASC189FBXASC227FBXASC131FBXASC170FBXASC227FBXASC131FBXASC131FBXASC227FBXASC131FBXASC1373-Normal0-array" count="5580">
0.000000 -2.540000 -0.000000
0.000000 -2.540000 -0.000000
0.000000 -2.540000 -0.000000
-0.000000 2.540000 0.000000
-0.000000 2.540000 0.000000
-0.000000 2.540000 0.000000
-0.000000 2.540000 0.000000
-0.000000 2.540000 0.000000
-0.000000 2.540000 0.000000
0.000000 -2.540000 -0.000000
0.000000 -2.540000 -0.000000
0.000000 -2.540000 -0.000000
-0.000000 2.540000 0.000000
-0.000000 2.540000 0.000000
-0.000000 2.540000 0.000000
0.000000 -2.540000 -0.000000
0.000000 -2.540000 -0.000000
0.000000 -2.540000 -0.000000
0.000000 -2.540000 -0.000000
0.000000 -2.540000 -0.000000
0.000000 -2.540000 -0.000000
-0.000000 2.540000 0.000000
-0.000000 2.540000 0.000000
-0.000000 2.540000 0.000000
-0.000000 2.540000 0.000000
-0.000000 2.540000 0.000000
-0.000000 2.540000 0.000000
0.000000 -2.540000 -0.000000
0.000000 -2.540000 -0.000000
0.000000 -2.540000 -0.000000
1.903085 0.000000 -1.682221
1.903085 0.000000 -1.682221
2.148288 0.000000 -1.355161
2.531535 0.000000 0.207193
2.531989 0.000000 -0.201576
2.531535 0.000000 0.207193
0.000000 -2.540000 -0.000000
0.000000 -2.540000 -0.000000
0.000000 -2.540000 -0.000000
-1.440565 -0.000000 -2.091978
-1.757487 -0.000000 -1.833805
-1.440565 -0.000000 -2.091978
1.267559 0.000000 2.201112
1.267559 0.000000 2.201112
0.898061 0.000000 2.375939
0.000000 -2.540000 -0.000000
0.000000 -2.540000 -0.000000
0.000000 -2.540000 -0.000000
-1.091424 -0.000000 2.293555
-0.709378 -0.000000 2.438931
-1.091424 -0.000000 2.293555
-2.250366 -0.000000 1.177901
-2.410173 -0.000000 0.801664
-2.250366 -0.000000 1.177901
0.000000 -2.540000 -0.000000
0.000000 -2.540000 -0.000000
0.000000 -2.540000 -0.000000
0.478462 -0.565203 -2.429654
0.442166 1.102065 -2.245338
0.092490 -0.565203 -2.474589
-2.247747 -0.000000 -1.182891
-2.028891 -0.000000 -1.528137
-2.247747 -0.000000 -1.182891
-2.539999 -0.000000 -0.002818
-2.507558 -0.000000 0.404663
-2.539999 -0.000000 -0.002818
1.899348 0.000000 1.686440
1.604228 0.000000 1.969277
1.899348 0.000000 1.686440
2.465516 0.000000 0.610597
2.531535 0.000000 0.207193
2.465516 0.000000 0.610597
2.337851 0.000000 -0.993002
2.466865 0.000000 -0.605126
2.337851 0.000000 -0.993002
0.000000 -2.540000 -0.000000
0.000000 -2.540000 -0.000000
0.000000 -2.540000 -0.000000
-1.761551 -0.000000 1.829901
-1.445202 -0.000000 2.088777
-1.761551 -0.000000 1.829901
0.000000 -2.540000 -0.000000
0.000000 -2.540000 -0.000000
0.000000 -2.540000 -0.000000
0.105091 0.000000 -2.537825
0.105091 0.000000 -2.537825
-0.303366 -0.000000 -2.521819
-1.086333 -0.000000 -2.295971
-1.440565 -0.000000 -2.091978
-1.086333 -0.000000 -2.295971
-0.308960 -0.000000 2.521139
-0.709378 -0.000000 2.438931
-0.308960 -0.000000 2.521139
0.898061 0.000000 2.375939
1.267559 0.000000 2.201112
0.898061 0.000000 2.375939
1.608593 0.000000 -1.965713
1.608593 0.000000 -1.965713
1.903085 0.000000 -1.682221
0.510826 0.000000 -2.488103
0.510826 0.000000 -2.488103
0.105091 0.000000 -2.537825
-0.000000 2.540000 0.000000
-0.000000 2.540000 0.000000
-0.000000 2.540000 0.000000
0.000000 -2.540000 -0.000000
0.000000 -2.540000 -0.000000
0.000000 -2.540000 -0.000000
-2.506654 -0.000000 -0.410226
-2.408389 -0.000000 -0.807009
-2.506654 -0.000000 -0.410226
0.000000 -2.540000 -0.000000
0.000000 -2.540000 -0.000000
0.000000 -2.540000 -0.000000
0.000000 -2.540000 -0.000000
0.000000 -2.540000 -0.000000
0.000000 -2.540000 -0.000000
2.145276 0.000000 1.359924
2.145276 0.000000 1.359924
2.335642 0.000000 0.998187
-0.000000 2.540000 0.000000
-0.000000 2.540000 0.000000
-0.000000 2.540000 0.000000
-2.032276 -0.000000 1.523632
-2.250366 -0.000000 1.177901
-2.032276 -0.000000 1.523632
0.542693 1.583664 1.910260
0.237181 1.583664 1.971637
0.303366 0.000000 2.521819
-0.675835 -0.000000 -2.448438
-1.033207 -0.000000 -2.320363
-1.033207 -0.000000 -2.320363
0.000000 -2.540000 -0.000000
0.000000 -2.540000 -0.000000
0.000000 -2.540000 -0.000000
0.383697 1.583664 -1.948431
0.683775 1.583664 -1.864419
0.874581 0.000000 -2.384682
0.000000 -2.540000 -0.000000
0.000000 -2.540000 -0.000000
0.000000 -2.540000 -0.000000
-0.694130 0.000000 -2.443314
-0.542693 1.583664 -1.910260
-0.303366 0.000000 -2.521819
-0.000000 2.540000 0.000000
-0.000000 2.540000 0.000000
-0.000000 2.540000 0.000000
-0.194613 2.476317 0.530642
-0.109206 2.476317 0.554553
0.379466 2.288461 -1.034675
-1.910260 1.583664 0.542693
-1.971637 1.583664 0.237181
-2.521819 0.000000 0.303366
0.000000 -2.540000 -0.000000
0.000000 -2.540000 -0.000000
0.000000 -2.540000 -0.000000
-2.160783 -0.000000 -1.335147
-2.160783 -0.000000 -1.335147
-2.335642 -0.000000 -0.998187
-1.671244 -0.000000 -1.912732
-1.937655 -0.000000 -1.642283
-1.937655 -0.000000 -1.642283
0.000000 -2.540000 -0.000000
0.000000 -2.540000 -0.000000
0.000000 -2.540000 -0.000000
-0.000000 2.540000 0.000000
-0.000000 2.540000 0.000000
-0.000000 2.540000 0.000000
1.971637 1.583664 -0.237181
2.443314 0.000000 -0.694130
1.910260 1.583664 -0.542693
0.000000 -2.540000 -0.000000
0.000000 -2.540000 -0.000000
0.000000 -2.540000 -0.000000
2.335642 0.000000 0.998187
2.335642 0.000000 0.998187
2.465516 0.000000 0.610597
-0.000000 2.540000 0.000000
-0.000000 2.540000 0.000000
-0.000000 2.540000 0.000000
-1.086333 -0.000000 -2.295971
-0.703965 -0.000000 -2.440498
-1.086333 -0.000000 -2.295971
-0.295760 -0.565203 -2.458591
0.085474 1.102065 -2.286864
-0.273323 1.102065 -2.272080
-2.408389 -0.000000 -0.807009
-2.408389 -0.000000 -0.807009
-2.506654 -0.000000 -0.410226
-0.000000 2.540000 0.000000
-0.000000 2.540000 0.000000
-0.000000 2.540000 0.000000
-0.000000 2.540000 0.000000
-0.000000 2.540000 0.000000
-0.000000 2.540000 0.000000
0.099460 0.000000 2.538052
-0.308960 -0.000000 2.521139
0.099460 0.000000 2.538052
-0.000000 2.540000 0.000000
-0.000000 2.540000 0.000000
-0.000000 2.540000 0.000000
-0.000000 2.540000 0.000000
-0.000000 2.540000 0.000000
-0.000000 2.540000 0.000000
-0.000000 2.540000 0.000000
-0.000000 2.540000 0.000000
-0.000000 2.540000 0.000000
2.148288 0.000000 -1.355161
2.337851 0.000000 -0.993002
2.148288 0.000000 -1.355161
-0.000000 2.540000 0.000000
-0.000000 2.540000 0.000000
-0.000000 2.540000 0.000000
0.453431 0.000000 -2.499200
0.075880 0.000000 -2.538866
0.075880 0.000000 -2.538866
0.505304 0.000000 2.489230
0.505304 0.000000 2.489230
0.099460 0.000000 2.538052
0.625390 1.102065 2.201350
0.295760 -0.565203 2.458591
0.273323 1.102065 2.272080
-0.000000 2.540000 0.000000
-0.000000 2.540000 0.000000
-0.000000 2.540000 0.000000
0.000000 -2.540000 -0.000000
0.000000 -2.540000 -0.000000
0.000000 -2.540000 -0.000000
-2.526097 -0.000000 -0.265398
-2.526097 -0.000000 -0.265398
-2.537438 -0.000000 0.114062
-2.526097 -0.000000 -0.265398
-2.458327 -0.000000 -0.638928
-2.526097 -0.000000 -0.265398
-0.000000 2.540000 0.000000
-0.000000 2.540000 0.000000
-0.000000 2.540000 0.000000
-0.000000 2.540000 0.000000
-0.000000 2.540000 0.000000
-0.000000 2.540000 0.000000
-0.000000 2.540000 0.000000
-0.000000 2.540000 0.000000
-0.000000 2.540000 0.000000
-0.000000 2.540000 0.000000
-0.000000 2.540000 0.000000
-0.000000 2.540000 0.000000
-0.000000 2.540000 0.000000
-0.000000 2.540000 0.000000
-0.000000 2.540000 0.000000
0.000000 -2.540000 -0.000000
0.000000 -2.540000 -0.000000
0.000000 -2.540000 -0.000000
-2.028891 -0.000000 -1.528137
-1.757487 -0.000000 -1.833805
-2.028891 -0.000000 -1.528137
-0.000000 2.540000 0.000000
-0.000000 2.540000 0.000000
-0.000000 2.540000 0.000000
-0.000000 2.540000 0.000000
-0.000000 2.540000 0.000000
-0.000000 2.540000 0.000000
-0.000000 2.540000 0.000000
-0.000000 2.540000 0.000000
-0.000000 2.540000 0.000000
1.604228 0.000000 1.969277
1.604228 0.000000 1.969277
1.899348 0.000000 1.686440
-0.000000 2.540000 0.000000
-0.000000 2.540000 0.000000
-0.000000 2.540000 0.000000
1.272439 0.000000 -2.198294
0.903330 0.000000 -2.373941
1.272439 0.000000 -2.198294
-0.000000 2.540000 0.000000
-0.000000 2.540000 0.000000
-0.000000 2.540000 0.000000
-0.453431 -0.000000 2.499200
-0.075880 -0.000000 2.538866
-0.075880 -0.000000 2.538866
0.675835 0.000000 2.448438
0.303366 0.000000 2.521819
0.303366 0.000000 2.521819
-2.286864 1.102065 -0.085474
-2.272080 1.102065 0.273323
-2.458591 -0.565203 0.295760
-2.507558 -0.000000 0.404663
-2.507558 -0.000000 0.404663
-2.539999 -0.000000 -0.002818
-0.000000 2.540000 0.000000
-0.000000 2.540000 0.000000
-0.000000 2.540000 0.000000
-0.000000 2.540000 0.000000
-0.000000 2.540000 0.000000
-0.000000 2.540000 0.000000
-0.000000 2.540000 0.000000
-0.000000 2.540000 0.000000
-0.000000 2.540000 0.000000
-0.000000 2.540000 0.000000
-0.000000 2.540000 0.000000
-0.000000 2.540000 0.000000
0.478462 -0.565203 -2.429654
0.787970 1.102065 -2.148524
0.442166 1.102065 -2.245338
1.272439 0.000000 -2.198294
1.272439 0.000000 -2.198294
1.608593 0.000000 -1.965713
-0.000000 2.540000 0.000000
-0.000000 2.540000 0.000000
-0.000000 2.540000 0.000000
-0.000000 2.540000 0.000000
-0.000000 2.540000 0.000000
-0.000000 2.540000 0.000000
-0.703965 -0.000000 -2.440498
-0.703965 -0.000000 -2.440498
-1.086333 -0.000000 -2.295971
-0.000000 2.540000 0.000000
-0.000000 2.540000 0.000000
-0.000000 2.540000 0.000000
0.075880 0.000000 -2.538866
0.075880 0.000000 -2.538866
-0.303366 -0.000000 -2.521819
0.000000 -2.540000 -0.000000
0.000000 -2.540000 -0.000000
0.000000 -2.540000 -0.000000
-2.056349 -0.565203 1.379701
-2.246865 -0.565203 1.041031
-1.900352 1.102065 1.275036
-0.000000 2.540000 0.000000
-0.000000 2.540000 0.000000
-0.000000 2.540000 0.000000
-0.000000 2.540000 0.000000
-0.000000 2.540000 0.000000
-0.000000 2.540000 0.000000
-1.445202 -0.000000 2.088777
-1.445202 -0.000000 2.088777
-1.761551 -0.000000 1.829901
-2.028891 -0.000000 -1.528137
-2.028891 -0.000000 -1.528137
-2.247747 -0.000000 -1.182891
-0.000000 2.540000 0.000000
-0.000000 2.540000 0.000000
-0.000000 2.540000 0.000000
-2.410173 -0.000000 0.801664
-2.410173 -0.000000 0.801664
-2.250366 -0.000000 1.177901
-0.000000 2.540000 0.000000
-0.000000 2.540000 0.000000
-0.000000 2.540000 0.000000
0.000000 -2.540000 -0.000000
0.000000 -2.540000 -0.000000
0.000000 -2.540000 -0.000000
-0.000000 2.540000 0.000000
-0.000000 2.540000 0.000000
-0.000000 2.540000 0.000000
2.531989 0.000000 -0.201576
2.531989 0.000000 -0.201576
2.466865 0.000000 -0.605126
-0.000000 -2.540000 0.000000
-0.000000 -2.540000 0.000000
1.523381 -1.985852 -0.432783
0.000000 -2.540000 -0.000000
0.000000 -2.540000 -0.000000
0.000000 -2.540000 -0.000000
-1.367499 -0.000000 -2.140455
-1.367499 -0.000000 -2.140455
-1.671244 -0.000000 -1.912732
0.000000 -2.540000 -0.000000
0.000000 -2.540000 -0.000000
0.000000 -2.540000 -0.000000
-0.000000 2.540000 0.000000
-0.000000 2.540000 0.000000
-0.000000 2.540000 0.000000
-0.000000 2.540000 0.000000
-0.000000 2.540000 0.000000
-0.000000 2.540000 0.000000
2.466865 0.000000 -0.605126
2.466865 0.000000 -0.605126
2.337851 0.000000 -0.993002
-0.000000 2.540000 0.000000
-0.000000 2.540000 0.000000
-0.000000 2.540000 0.000000
-1.091424 -0.000000 2.293555
-1.091424 -0.000000 2.293555
-1.445202 -0.000000 2.088777
0.000000 -2.540000 -0.000000
0.000000 -2.540000 -0.000000
0.000000 -2.540000 -0.000000
-0.000000 2.540000 0.000000
-0.000000 2.540000 0.000000
-0.000000 2.540000 0.000000
-0.383697 1.583664 1.948431
-0.683775 1.583664 1.864419
-0.874581 0.000000 2.384682
0.453431 0.000000 -2.499200
0.453431 0.000000 -2.499200
0.075880 0.000000 -2.538866
0.820853 0.000000 -2.403706
0.820853 0.000000 -2.403706
0.453431 0.000000 -2.499200
0.000000 -2.540000 -0.000000
0.000000 -2.540000 -0.000000
0.000000 -2.540000 -0.000000
-0.000000 2.540000 0.000000
-0.000000 2.540000 0.000000
-0.000000 2.540000 0.000000
-0.000000 2.540000 0.000000
-0.000000 2.540000 0.000000
-0.000000 2.540000 0.000000
-0.075880 -0.000000 2.538866
-0.075880 -0.000000 2.538866
0.303366 0.000000 2.521819
-0.542693 1.583664 -1.910260
-0.237181 1.583664 -1.971637
-0.303366 0.000000 -2.521819
-1.367499 -0.000000 -2.140455
-1.033207 -0.000000 -2.320363
-1.367499 -0.000000 -2.140455
0.154459 2.476317 0.543689
-0.301172 2.288461 -1.060114
0.067505 2.476317 0.561157
-2.236663 -0.000000 1.203719
-2.032276 -0.000000 1.523632
-2.236663 -0.000000 1.203719
-2.492097 -0.000000 0.490973
-2.391086 -0.000000 0.856917
-2.391086 -0.000000 0.856917
-0.000000 2.540000 0.000000
-0.000000 2.540000 0.000000
-0.000000 2.540000 0.000000
0.000000 -2.540000 -0.000000
0.000000 -2.540000 -0.000000
0.000000 -2.540000 -0.000000
-0.000000 2.540000 0.000000
-0.000000 2.540000 0.000000
-0.000000 2.540000 0.000000
1.169938 0.000000 -2.254516
1.492889 0.000000 -2.054965
1.169938 0.000000 -2.254516
-0.000000 2.540000 0.000000
-0.000000 2.540000 0.000000
-0.000000 2.540000 0.000000
-0.000000 2.540000 0.000000
-0.000000 2.540000 0.000000
-0.000000 2.540000 0.000000
-0.000000 2.540000 0.000000
-0.000000 2.540000 0.000000
-0.000000 2.540000 0.000000
-0.000000 2.540000 0.000000
-0.000000 2.540000 0.000000
-0.000000 2.540000 0.000000
-0.000000 2.540000 0.000000
-0.000000 2.540000 0.000000
-0.000000 2.540000 0.000000
0.000000 -2.540000 -0.000000
0.000000 -2.540000 -0.000000
0.000000 -2.540000 -0.000000
0.000000 -2.540000 -0.000000
0.000000 -2.540000 -0.000000
0.000000 -2.540000 -0.000000
-0.000000 2.540000 0.000000
-0.000000 2.540000 0.000000
-0.000000 2.540000 0.000000
0.000000 -2.540000 -0.000000
0.000000 -2.540000 -0.000000
0.000000 -2.540000 -0.000000
-0.000000 2.540000 0.000000
-0.000000 2.540000 0.000000
-0.000000 2.540000 0.000000
0.000000 -2.540000 -0.000000
0.000000 -2.540000 -0.000000
0.000000 -2.540000 -0.000000
-0.000000 2.540000 0.000000
-0.000000 2.540000 0.000000
-0.000000 2.540000 0.000000
0.000000 -2.540000 -0.000000
0.000000 -2.540000 -0.000000
0.000000 -2.540000 -0.000000
-0.000000 2.540000 0.000000
-0.000000 2.540000 0.000000
-0.000000 2.540000 0.000000
-2.160783 -0.000000 -1.335147
-2.335642 -0.000000 -0.998187
-2.335642 -0.000000 -0.998187
-2.526097 -0.000000 -0.265398
-2.458327 -0.000000 -0.638928
-2.458327 -0.000000 -0.638928
-0.000000 2.540000 0.000000
-0.000000 2.540000 0.000000
-0.000000 2.540000 0.000000
-0.303366 -0.000000 -2.521819
-0.303366 -0.000000 -2.521819
-0.675835 -0.000000 -2.448438
2.429654 -0.565203 0.478462
2.324893 -0.565203 0.852653
2.245338 1.102065 0.442166
2.148524 1.102065 0.787970
2.162885 -0.565203 1.205849
1.998807 1.102065 1.114372
-0.000000 2.540000 0.000000
-0.000000 2.540000 0.000000
-0.000000 2.540000 0.000000
-0.000000 2.540000 0.000000
-0.000000 2.540000 0.000000
-0.000000 2.540000 0.000000
1.684399 -0.565203 1.815199
1.379701 -0.565203 2.056349
1.556618 1.102065 1.677496
-0.000000 2.540000 0.000000
-0.000000 2.540000 0.000000
-0.000000 2.540000 0.000000
-2.324893 -0.565203 -0.852653
-2.162885 -0.565203 -1.205849
-2.148524 1.102065 -0.787970
-2.286864 1.102065 -0.085474
-2.429654 -0.565203 -0.478462
-2.245338 1.102065 -0.442166
-0.000000 2.540000 0.000000
-0.000000 2.540000 0.000000
-0.000000 2.540000 0.000000
-0.000000 2.540000 0.000000
-0.000000 2.540000 0.000000
-0.000000 2.540000 0.000000
1.815199 -0.565203 -1.684399
2.056349 -0.565203 -1.379701
1.677496 1.102065 -1.556618
-0.000000 2.540000 0.000000
-0.000000 2.540000 0.000000
-0.000000 2.540000 0.000000
-0.709378 -0.000000 2.438931
-0.709378 -0.000000 2.438931
-1.091424 -0.000000 2.293555
-0.085474 1.102065 2.286864
-0.478462 -0.565203 2.429654
-0.442166 1.102065 2.245338
-0.543689 2.476317 0.154459
0.999949 2.288461 -0.463302
1.060114 2.288461 -0.301172
-1.649064 1.583664 1.106434
-0.414307 2.476317 0.384453
-0.469348 2.476317 0.314908
1.041031 -0.565203 2.246865
0.676727 -0.565203 2.382055
0.962057 1.102065 2.076415
1.556618 1.102065 1.677496
1.379701 -0.565203 2.056349
1.275036 1.102065 1.900352
0.675835 0.000000 2.448438
0.675835 0.000000 2.448438
1.033207 0.000000 2.320363
0.675835 0.000000 2.448438
0.675835 0.000000 2.448438
0.303366 0.000000 2.521819
-0.000000 2.540000 0.000000
-0.000000 2.540000 0.000000
-0.000000 2.540000 0.000000
0.505304 0.000000 2.489230
0.505304 0.000000 2.489230
0.898061 0.000000 2.375939
0.059149 -1.985852 -1.582559
0.000000 -2.540000 -0.000000
0.305988 -1.985852 -1.553822
-0.303366 -0.000000 -2.521819
0.105091 0.000000 -2.537825
-0.303366 -0.000000 -2.521819
-1.937655 -0.000000 -1.642283
-2.160783 -0.000000 -1.335147
-2.160783 -0.000000 -1.335147
0.000000 -2.540000 -0.000000
0.000000 -2.540000 -0.000000
0.000000 -2.540000 -0.000000
-0.561157 2.476317 0.067505
-0.543689 2.476317 0.154459
1.094176 2.288461 -0.131626
-0.554553 2.476317 -0.109206
1.101296 2.288461 0.041162
1.081298 2.288461 0.212936
0.554553 2.476317 0.109206
-1.101296 2.288461 -0.041162
-1.081298 2.288461 -0.212936
0.564809 2.476317 0.021110
0.561157 2.476317 -0.067505
-1.094176 2.288461 0.131626
0.109206 2.476317 -0.554553
-0.041162 2.288461 1.101296
-0.212936 2.288461 1.081298
0.301172 2.288461 1.060114
0.131626 2.288461 1.094176
-0.067505 2.476317 -0.561157
-1.761551 -0.000000 1.829901
-1.761551 -0.000000 1.829901
-2.032276 -0.000000 1.523632
-1.677496 1.102065 1.556618
-2.056349 -0.565203 1.379701
-1.900352 1.102065 1.275036
1.169938 0.000000 -2.254516
0.820853 0.000000 -2.403706
0.820853 0.000000 -2.403706
1.169938 0.000000 -2.254516
1.169938 0.000000 -2.254516
0.820853 0.000000 -2.403706
-0.000000 2.540000 0.000000
-0.000000 2.540000 0.000000
-0.000000 2.540000 0.000000
-2.537438 -0.000000 0.114062
-2.537438 -0.000000 0.114062
-2.492097 -0.000000 0.490973
1.106434 1.583664 1.649064
0.314908 2.476317 0.469348
0.834842 1.583664 1.801845
0.384453 2.476317 0.414307
0.314908 2.476317 0.469348
1.106434 1.583664 1.649064
-1.684399 -0.565203 -1.815199
-1.379701 -0.565203 -2.056349
-1.556618 1.102065 -1.677496
-1.799872 1.102065 -1.413334
-1.684399 -0.565203 -1.815199
-1.556618 1.102065 -1.677496
-0.000000 2.540000 0.000000
-0.000000 2.540000 0.000000
-0.000000 2.540000 0.000000
-1.864419 1.583664 -0.683775
-2.492137 0.000000 -0.490767
-1.948431 1.583664 -0.383697
-0.000000 2.540000 0.000000
-0.000000 2.540000 0.000000
-0.000000 2.540000 0.000000
1.948431 1.583664 0.383697
1.864419 1.583664 0.683775
2.384682 0.000000 0.874581
-1.367499 -0.000000 -2.140455
-1.671244 -0.000000 -1.912732
-1.671244 -0.000000 -1.912732
-1.671244 -0.000000 -1.912732
-1.671244 -0.000000 -1.912732
-1.937655 -0.000000 -1.642283
1.899348 0.000000 1.686440
1.899348 0.000000 1.686440
2.145276 0.000000 1.359924
-0.000000 2.540000 0.000000
-0.000000 2.540000 0.000000
-0.000000 2.540000 0.000000
-0.000000 2.540000 0.000000
-0.000000 2.540000 0.000000
-0.000000 2.540000 0.000000
-0.000000 2.540000 0.000000
-0.000000 2.540000 0.000000
-0.000000 2.540000 0.000000
2.148288 0.000000 -1.355161
1.903085 0.000000 -1.682221
2.148288 0.000000 -1.355161
-0.000000 2.540000 0.000000
-0.000000 2.540000 0.000000
-0.000000 2.540000 0.000000
0.903330 0.000000 -2.373941
0.903330 0.000000 -2.373941
0.510826 0.000000 -2.488103
-0.000000 2.540000 0.000000
-0.000000 2.540000 0.000000
-0.000000 2.540000 0.000000
-2.391086 -0.000000 0.856917
-2.391086 -0.000000 0.856917
-2.236663 -0.000000 1.203719
-0.000000 2.540000 0.000000
-0.000000 2.540000 0.000000
-0.000000 2.540000 0.000000
-1.937655 -0.000000 -1.642283
-1.937655 -0.000000 -1.642283
-2.160783 -0.000000 -1.335147
-0.000000 2.540000 0.000000
-0.000000 2.540000 0.000000
-0.000000 2.540000 0.000000
-0.000000 2.540000 0.000000
-0.000000 2.540000 0.000000
-0.000000 2.540000 0.000000
-2.335642 -0.000000 -0.998187
-2.458327 -0.000000 -0.638928
-2.458327 -0.000000 -0.638928
1.937655 0.000000 1.642283
1.671244 0.000000 1.912732
1.937655 0.000000 1.642283
1.937655 0.000000 1.642283
1.937655 0.000000 1.642283
2.160783 0.000000 1.335147
-2.507558 -0.000000 0.404663
-2.410173 -0.000000 0.801664
-2.507558 -0.000000 0.404663
-0.000000 2.540000 0.000000
-0.000000 2.540000 0.000000
-0.000000 2.540000 0.000000
-0.000000 2.540000 0.000000
-0.000000 2.540000 0.000000
-0.000000 2.540000 0.000000
-0.000000 2.540000 0.000000
-0.000000 2.540000 0.000000
-0.000000 2.540000 0.000000
-0.709378 -0.000000 2.438931
-0.709378 -0.000000 2.438931
-0.308960 -0.000000 2.521139
-0.000000 2.540000 0.000000
-0.000000 2.540000 0.000000
-0.000000 2.540000 0.000000
0.414307 2.476317 -0.384453
0.469348 2.476317 -0.314908
1.649064 1.583664 -1.106434
-0.000000 2.540000 0.000000
-0.000000 2.540000 0.000000
-0.000000 2.540000 0.000000
1.413334 1.102065 -1.799872
1.815199 -0.565203 -1.684399
1.677496 1.102065 -1.556618
1.205849 -0.565203 -2.162885
1.529353 -0.565203 -1.947620
1.114372 1.102065 -1.998807
-0.384453 2.476317 -0.414307
-0.314908 2.476317 -0.469348
-1.106434 1.583664 -1.649064
-0.000000 2.540000 0.000000
-0.000000 2.540000 0.000000
-0.000000 2.540000 0.000000
2.286864 1.102065 0.085474
2.429654 -0.565203 0.478462
2.245338 1.102065 0.442166
2.531989 0.000000 -0.201576
2.531989 0.000000 -0.201576
2.531535 0.000000 0.207193
-0.000000 2.540000 0.000000
-0.000000 2.540000 0.000000
-0.000000 2.540000 0.000000
-0.000000 2.540000 0.000000
-0.000000 2.540000 0.000000
-0.000000 2.540000 0.000000
-0.000000 2.540000 0.000000
-0.000000 2.540000 0.000000
-0.000000 2.540000 0.000000
-1.757487 -0.000000 -1.833805
-1.757487 -0.000000 -1.833805
-2.028891 -0.000000 -1.528137
2.162885 -0.565203 1.205849
1.947620 -0.565203 1.529353
1.998807 1.102065 1.114372
1.799872 1.102065 1.413334
1.684399 -0.565203 1.815199
1.556618 1.102065 1.677496
2.335642 0.000000 0.998187
2.335642 0.000000 0.998187
2.458327 0.000000 0.638928
2.160783 0.000000 1.335147
2.335642 0.000000 0.998187
2.335642 0.000000 0.998187
-0.075880 -0.000000 2.538866
0.303366 0.000000 2.521819
0.303366 0.000000 2.521819
0.000000 -2.540000 -0.000000
0.000000 -2.540000 -0.000000
0.000000 -2.540000 -0.000000
-1.782492 -0.000000 1.809509
-1.782492 -0.000000 1.809509
-1.492889 -0.000000 2.054965
-1.782492 -0.000000 1.809509
-2.032276 -0.000000 1.523632
-1.782492 -0.000000 1.809509
2.492097 0.000000 -0.490973
2.492097 0.000000 -0.490973
2.391086 0.000000 -0.856917
2.492097 0.000000 -0.490973
2.537438 0.000000 -0.114062
2.492097 0.000000 -0.490973
-0.000000 2.540000 0.000000
-0.000000 2.540000 0.000000
-0.000000 2.540000 0.000000
-0.303366 -0.000000 -2.521819
-0.703965 -0.000000 -2.440498
-0.303366 -0.000000 -2.521819
-0.703965 -0.000000 -2.440498
-0.703965 -0.000000 -2.440498
-0.303366 -0.000000 -2.521819
-0.676727 -0.565203 -2.382055
-0.625390 1.102065 -2.201350
-1.041031 -0.565203 -2.246865
-0.000000 2.540000 0.000000
-0.000000 2.540000 0.000000
-0.000000 2.540000 0.000000
-0.000000 2.540000 0.000000
-0.000000 2.540000 0.000000
-0.000000 2.540000 0.000000
0.903330 0.000000 -2.373941
0.903330 0.000000 -2.373941
1.272439 0.000000 -2.198294
0.771169 -1.985852 -1.383217
-0.000000 -2.540000 0.000000
0.978058 -1.985852 -1.245550
-1.757487 -0.000000 -1.833805
-1.757487 -0.000000 -1.833805
-1.440565 -0.000000 -2.091978
-1.947620 -0.565203 -1.529353
-1.684399 -0.565203 -1.815199
-1.799872 1.102065 -1.413334
-2.410173 -0.000000 0.801664
-2.410173 -0.000000 0.801664
-2.507558 -0.000000 0.404663
-2.458591 -0.565203 0.295760
-2.272080 1.102065 0.273323
-2.382055 -0.565203 0.676727
-2.032276 -0.000000 1.523632
-1.761551 -0.000000 1.829901
-2.032276 -0.000000 1.523632
-0.000000 2.540000 0.000000
-0.000000 2.540000 0.000000
-0.000000 2.540000 0.000000
1.604228 0.000000 1.969277
1.604228 0.000000 1.969277
1.267559 0.000000 2.201112
1.077213 -1.985852 1.160863
-0.000000 -2.540000 -0.000000
0.882352 -1.985852 1.315084
-0.000000 2.540000 0.000000
-0.000000 2.540000 0.000000
-0.000000 2.540000 0.000000
-0.000000 2.540000 0.000000
-0.000000 2.540000 0.000000
-0.000000 2.540000 0.000000
-0.000000 2.540000 0.000000
-0.000000 2.540000 0.000000
-0.000000 2.540000 0.000000
-1.445202 -0.000000 2.088777
-1.091424 -0.000000 2.293555
-1.445202 -0.000000 2.088777
-0.000000 2.540000 0.000000
-0.000000 2.540000 0.000000
-0.000000 2.540000 0.000000
-2.539999 -0.000000 -0.002818
-2.539999 -0.000000 -0.002818
-2.506654 -0.000000 -0.410226
-0.308960 -0.000000 2.521139
-0.308960 -0.000000 2.521139
0.099460 0.000000 2.538052
0.189146 -1.985852 1.572328
-0.000000 -2.540000 -0.000000
-0.059149 -1.985852 1.582559
-1.782492 -0.000000 1.809509
-1.492889 -0.000000 2.054965
-1.492889 -0.000000 2.054965
-1.492889 -0.000000 2.054965
-1.492889 -0.000000 2.054965
-1.169938 -0.000000 2.254516
2.032276 0.000000 -1.523632
2.032276 0.000000 -1.523632
1.782492 0.000000 -1.809509
2.236663 0.000000 -1.203719
2.032276 0.000000 -1.523632
2.032276 0.000000 -1.523632
-0.820853 -0.000000 2.403706
-0.820853 -0.000000 2.403706
-0.453431 -0.000000 2.499200
-1.169938 -0.000000 2.254516
-0.820853 -0.000000 2.403706
-0.820853 -0.000000 2.403706
1.782492 0.000000 -1.809509
1.492889 0.000000 -2.054965
1.492889 0.000000 -2.054965
1.169938 0.000000 -2.254516
1.492889 0.000000 -2.054965
1.492889 0.000000 -2.054965
1.033207 0.000000 2.320363
1.033207 0.000000 2.320363
1.367499 0.000000 2.140455
0.675835 0.000000 2.448438
1.033207 0.000000 2.320363
1.033207 0.000000 2.320363
2.458327 0.000000 0.638928
2.458327 0.000000 0.638928
2.526097 0.000000 0.265398
2.335642 0.000000 0.998187
2.458327 0.000000 0.638928
2.458327 0.000000 0.638928
2.391086 0.000000 -0.856917
2.236663 0.000000 -1.203719
2.236663 0.000000 -1.203719
2.236663 0.000000 -1.203719
2.236663 0.000000 -1.203719
2.032276 0.000000 -1.523632
2.492097 0.000000 -0.490973
2.391086 0.000000 -0.856917
2.391086 0.000000 -0.856917
2.391086 0.000000 -0.856917
2.391086 0.000000 -0.856917
2.236663 0.000000 -1.203719
-1.492889 -0.000000 2.054965
-1.169938 -0.000000 2.254516
-1.169938 -0.000000 2.254516
-1.169938 -0.000000 2.254516
-1.169938 -0.000000 2.254516
-0.820853 -0.000000 2.403706
1.937655 0.000000 1.642283
2.160783 0.000000 1.335147
2.160783 0.000000 1.335147
2.160783 0.000000 1.335147
2.160783 0.000000 1.335147
2.335642 0.000000 0.998187
1.367499 0.000000 2.140455
1.671244 0.000000 1.912732
1.671244 0.000000 1.912732
1.937655 0.000000 1.642283
1.671244 0.000000 1.912732
1.671244 0.000000 1.912732
2.526097 0.000000 0.265398
2.537438 0.000000 -0.114062
2.537438 0.000000 -0.114062
2.492097 0.000000 -0.490973
2.537438 0.000000 -0.114062
2.537438 0.000000 -0.114062
-2.236663 -0.000000 1.203719
-2.032276 -0.000000 1.523632
-2.032276 -0.000000 1.523632
-1.782492 -0.000000 1.809509
-2.032276 -0.000000 1.523632
-2.032276 -0.000000 1.523632
0.820853 0.000000 -2.403706
0.453431 0.000000 -2.499200
0.453431 0.000000 -2.499200
0.000000 -2.540000 -0.000000
0.000000 -2.540000 -0.000000
0.000000 -2.540000 -0.000000
-0.000000 2.540000 0.000000
-0.000000 2.540000 0.000000
-0.000000 2.540000 0.000000
-2.408389 -0.000000 -0.807009
-2.247747 -0.000000 -1.182891
-2.408389 -0.000000 -0.807009
2.337851 0.000000 -0.993002
2.337851 0.000000 -0.993002
2.148288 0.000000 -1.355161
0.000000 -2.540000 -0.000000
-0.000000 -2.540000 0.000000
1.315084 -1.985852 -0.882352
-0.478462 -0.565203 2.429654
-0.852653 -0.565203 2.324893
-0.442166 1.102065 2.245338
-1.114372 1.102065 1.998807
-0.787970 1.102065 2.148524
-0.852653 -0.565203 2.324893
-1.801845 1.583664 0.834842
-1.649064 1.583664 1.106434
-0.512832 2.476317 0.237608
-0.000000 2.540000 0.000000
-0.000000 2.540000 0.000000
-0.000000 2.540000 0.000000
-1.205849 -0.565203 2.162885
-1.529353 -0.565203 1.947620
-1.114372 1.102065 1.998807
-1.205849 -0.565203 2.162885
-1.114372 1.102065 1.998807
-0.852653 -0.565203 2.324893
0.000000 -2.540000 -0.000000
0.000000 -2.540000 -0.000000
0.000000 -2.540000 -0.000000
0.075880 0.000000 -2.538866
-0.303366 -0.000000 -2.521819
-0.303366 -0.000000 -2.521819
-0.000000 2.540000 0.000000
-0.000000 2.540000 0.000000
-0.000000 2.540000 0.000000
0.099460 0.000000 2.538052
0.505304 0.000000 2.489230
0.099460 0.000000 2.538052
-1.367499 -0.000000 -2.140455
-1.033207 -0.000000 -2.320363
-1.033207 -0.000000 -2.320363
0.000000 -2.540000 -0.000000
0.000000 -2.540000 -0.000000
0.000000 -2.540000 -0.000000
-2.391086 -0.000000 0.856917
-2.236663 -0.000000 1.203719
-2.236663 -0.000000 1.203719
0.000000 -2.540000 -0.000000
0.000000 -2.540000 -0.000000
0.000000 -2.540000 -0.000000
-2.526097 -0.000000 -0.265398
-2.537438 -0.000000 0.114062
-2.537438 -0.000000 0.114062
0.000000 -2.540000 -0.000000
0.000000 -2.540000 -0.000000
0.000000 -2.540000 -0.000000
-1.582559 -1.985852 -0.059149
-1.572328 -1.985852 0.189146
0.000000 -2.540000 0.000000
-2.506654 -0.000000 -0.410226
-2.539999 -0.000000 -0.002818
-2.506654 -0.000000 -0.410226
-0.000000 2.540000 0.000000
-0.000000 2.540000 0.000000
-0.000000 2.540000 0.000000
0.694130 0.000000 2.443314
0.542693 1.583664 1.910260
0.303366 0.000000 2.521819
-0.000000 2.540000 0.000000
-0.000000 2.540000 0.000000
-0.000000 2.540000 0.000000
-1.440565 -0.000000 -2.091978
-1.440565 -0.000000 -2.091978
-1.086333 -0.000000 -2.295971
-0.000000 2.540000 0.000000
-0.000000 2.540000 0.000000
-0.000000 2.540000 0.000000
-0.000000 2.540000 0.000000
-0.000000 2.540000 0.000000
-0.000000 2.540000 0.000000
-0.000000 2.540000 0.000000
-0.000000 2.540000 0.000000
-0.000000 2.540000 0.000000
1.267559 0.000000 2.201112
1.604228 0.000000 1.969277
1.267559 0.000000 2.201112
-0.000000 2.540000 0.000000
-0.000000 2.540000 0.000000
-0.000000 2.540000 0.000000
-0.000000 2.540000 0.000000
-0.000000 2.540000 0.000000
-0.000000 2.540000 0.000000
-0.820853 -0.000000 2.403706
-0.453431 -0.000000 2.499200
-0.453431 -0.000000 2.499200
-0.453431 -0.000000 2.499200
-0.075880 -0.000000 2.538866
-0.453431 -0.000000 2.499200
2.032276 0.000000 -1.523632
1.782492 0.000000 -1.809509
1.782492 0.000000 -1.809509
1.782492 0.000000 -1.809509
1.492889 0.000000 -2.054965
1.782492 0.000000 -1.809509
1.033207 0.000000 2.320363
1.367499 0.000000 2.140455
1.367499 0.000000 2.140455
1.367499 0.000000 2.140455
1.671244 0.000000 1.912732
1.367499 0.000000 2.140455
2.458327 0.000000 0.638928
2.526097 0.000000 0.265398
2.526097 0.000000 0.265398
2.526097 0.000000 0.265398
2.537438 0.000000 -0.114062
2.526097 0.000000 0.265398
0.000000 -2.540000 -0.000000
0.000000 -2.540000 -0.000000
0.000000 -2.540000 -0.000000
-2.335642 -0.000000 -0.998187
-2.458327 -0.000000 -0.638928
-2.335642 -0.000000 -0.998187
-0.000000 2.540000 0.000000
-0.000000 2.540000 0.000000
-0.000000 2.540000 0.000000
-0.490767 0.000000 2.492137
-0.383697 1.583664 1.948431
-0.874581 0.000000 2.384682
-0.000000 2.540000 0.000000
-0.000000 2.540000 0.000000
-0.000000 2.540000 0.000000
0.490767 0.000000 -2.492137
0.383697 1.583664 -1.948431
0.874581 0.000000 -2.384682
1.350783 1.583664 1.455677
1.997707 0.000000 1.568683
1.561870 1.583664 1.226446
1.561870 1.583664 1.226446
1.997707 0.000000 1.568683
1.734499 1.583664 0.967016
2.335642 0.000000 0.998187
2.145276 0.000000 1.359924
2.335642 0.000000 0.998187
-0.000000 2.540000 0.000000
-0.000000 2.540000 0.000000
-0.000000 2.540000 0.000000
2.492137 0.000000 0.490767
1.948431 1.583664 0.383697
2.384682 0.000000 0.874581
-0.000000 2.540000 0.000000
-0.000000 2.540000 0.000000
-0.000000 2.540000 0.000000
-0.000000 2.540000 0.000000
-0.000000 2.540000 0.000000
-0.000000 2.540000 0.000000
-2.384682 0.000000 -0.874581
-2.492137 0.000000 -0.490767
-1.864419 1.583664 -0.683775
-0.000000 2.540000 0.000000
-0.000000 2.540000 0.000000
-0.000000 2.540000 0.000000
-2.443314 0.000000 0.694130
-1.910260 1.583664 0.542693
-2.521819 0.000000 0.303366
2.521819 0.000000 -0.303366
2.443314 0.000000 -0.694130
1.971637 1.583664 -0.237181
-0.000000 2.540000 0.000000
-0.000000 2.540000 0.000000
-0.000000 2.540000 0.000000
-0.000000 2.540000 0.000000
-0.000000 2.540000 0.000000
-0.000000 2.540000 0.000000
-0.000000 2.540000 0.000000
-0.000000 2.540000 0.000000
-0.000000 2.540000 0.000000
-0.000000 2.540000 0.000000
-0.000000 2.540000 0.000000
-0.000000 2.540000 0.000000
-0.000000 2.540000 0.000000
-0.000000 2.540000 0.000000
-0.000000 2.540000 0.000000
-0.000000 2.540000 0.000000
-0.000000 2.540000 0.000000
-0.000000 2.540000 0.000000
-0.000000 2.540000 0.000000
-0.000000 2.540000 0.000000
-0.000000 2.540000 0.000000
-0.000000 2.540000 0.000000
-0.000000 2.540000 0.000000
-0.000000 2.540000 0.000000
1.608593 0.000000 -1.965713
1.272439 0.000000 -2.198294
1.608593 0.000000 -1.965713
-0.000000 2.540000 0.000000
-0.000000 2.540000 0.000000
-0.000000 2.540000 0.000000
2.531535 0.000000 0.207193
2.531535 0.000000 0.207193
2.465516 0.000000 0.610597
-0.000000 -2.540000 0.000000
-0.000000 -2.540000 0.000000
0.978058 -1.985852 -1.245550
1.903085 0.000000 -1.682221
1.608593 0.000000 -1.965713
1.903085 0.000000 -1.682221
-2.250366 -0.000000 1.177901
-2.250366 -0.000000 1.177901
-2.032276 -0.000000 1.523632
-1.815199 -0.565203 1.684399
-2.056349 -0.565203 1.379701
-1.677496 1.102065 1.556618
-2.324893 -0.565203 -0.852653
-2.148524 1.102065 -0.787970
-2.429654 -0.565203 -0.478462
-2.247747 -0.000000 -1.182891
-2.247747 -0.000000 -1.182891
-2.408389 -0.000000 -0.807009
-2.537438 -0.000000 0.114062
-2.492097 -0.000000 0.490973
-2.492097 -0.000000 0.490973
-2.492097 -0.000000 0.490973
-2.492097 -0.000000 0.490973
-2.391086 -0.000000 0.856917
-1.677496 1.102065 1.556618
-1.413334 1.102065 1.799872
-1.529353 -0.565203 1.947620
-1.815199 -0.565203 1.684399
-1.677496 1.102065 1.556618
-1.529353 -0.565203 1.947620
1.486825 -1.985852 0.545292
1.553822 -1.985852 0.305988
0.000000 -2.540000 0.000000
2.465516 0.000000 0.610597
2.335642 0.000000 0.998187
2.465516 0.000000 0.610597
2.145276 0.000000 1.359924
1.899348 0.000000 1.686440
2.145276 0.000000 1.359924
1.383217 -1.985852 0.771169
-0.000000 -2.540000 -0.000000
1.245550 -1.985852 0.978058
0.898061 0.000000 2.375939
0.505304 0.000000 2.489230
0.898061 0.000000 2.375939
0.665764 -1.985852 1.436924
-0.000000 -2.540000 -0.000000
0.432783 -1.985852 1.523381
-0.000000 2.540000 0.000000
-0.000000 2.540000 0.000000
-0.000000 2.540000 0.000000
0.105091 0.000000 -2.537825
0.510826 0.000000 -2.488103
0.105091 0.000000 -2.537825
2.466865 0.000000 -0.605126
2.531989 0.000000 -0.201576
2.466865 0.000000 -0.605126
-0.000000 2.540000 0.000000
-0.000000 2.540000 0.000000
-0.000000 2.540000 0.000000
0.561157 2.476317 -0.067505
0.543689 2.476317 -0.154459
-1.094176 2.288461 0.131626
1.649064 1.583664 -1.106434
0.469348 2.476317 -0.314908
1.801845 1.583664 -0.834842
-1.226446 1.583664 1.561870
-1.568683 0.000000 1.997707
-0.967016 1.583664 1.734499
-1.455677 1.583664 1.350783
-1.568683 0.000000 1.997707
-1.226446 1.583664 1.561870
-0.154459 2.476317 -0.543689
0.301172 2.288461 1.060114
-0.067505 2.476317 -0.561157
-1.106434 1.583664 -1.649064
-0.314908 2.476317 -0.469348
-0.834842 1.583664 -1.801845
2.076415 1.102065 -0.962057
2.382055 -0.565203 -0.676727
2.201350 1.102065 -0.625390
2.458591 -0.565203 -0.295760
2.474589 -0.565203 0.092490
2.272080 1.102065 -0.273323
0.379466 2.288461 -1.034675
-0.109206 2.476317 0.554553
0.212936 2.288461 -1.081298
0.067505 2.476317 0.561157
-0.131626 2.288461 -1.094176
-0.021110 2.476317 0.564809
-1.379701 -0.565203 -2.056349
-1.041031 -0.565203 -2.246865
-1.275036 1.102065 -1.900352
-1.556618 1.102065 -1.677496
-1.379701 -0.565203 -2.056349
-1.275036 1.102065 -1.900352
2.246865 -0.565203 -1.041031
2.382055 -0.565203 -0.676727
2.076415 1.102065 -0.962057
1.677496 1.102065 -1.556618
2.056349 -0.565203 -1.379701
1.900352 1.102065 -1.275036
1.226446 1.583664 -1.561870
1.568683 0.000000 -1.997707
0.967016 1.583664 -1.734499
1.455677 1.583664 -1.350783
1.568683 0.000000 -1.997707
1.226446 1.583664 -1.561870
-0.303366 -0.000000 -2.521819
-0.675835 -0.000000 -2.448438
-0.675835 -0.000000 -2.448438
-0.675835 -0.000000 -2.448438
-1.033207 -0.000000 -2.320363
-0.675835 -0.000000 -2.448438
0.295760 -0.565203 2.458591
-0.092490 -0.565203 2.474589
0.273323 1.102065 2.272080
-0.092490 -0.565203 2.474589
-0.478462 -0.565203 2.429654
-0.085474 1.102065 2.286864
-1.561870 1.583664 -1.226446
-1.997707 0.000000 -1.568683
-1.734499 1.583664 -0.967016
-1.350783 1.583664 -1.455677
-1.997707 0.000000 -1.568683
-1.561870 1.583664 -1.226446
-1.947620 -0.565203 -1.529353
-1.799872 1.102065 -1.413334
-2.162885 -0.565203 -1.205849
-2.148524 1.102065 -0.787970
-2.162885 -0.565203 -1.205849
-1.998807 1.102065 -1.114372
-0.530642 2.476317 -0.194613
-0.554553 2.476317 -0.109206
1.034675 2.288461 0.379466
0.962575 2.288461 0.536653
-0.530642 2.476317 -0.194613
1.034675 2.288461 0.379466
-2.474589 -0.565203 -0.092490
-2.286864 1.102065 -0.085474
-2.458591 -0.565203 0.295760
-2.474589 -0.565203 -0.092490
-2.429654 -0.565203 -0.478462
-2.286864 1.102065 -0.085474
0.530642 2.476317 0.194613
0.554553 2.476317 0.109206
-1.034675 2.288461 -0.379466
-0.962575 2.288461 -0.536653
0.530642 2.476317 0.194613
-1.034675 2.288461 -0.379466
1.861880 0.000000 -1.727716
1.568683 0.000000 -1.997707
1.455677 1.583664 -1.350783
2.109232 0.000000 -1.415183
1.861880 0.000000 -1.727716
1.455677 1.583664 -1.350783
-1.861880 0.000000 1.727716
-1.568683 0.000000 1.997707
-1.455677 1.583664 1.350783
-2.109232 0.000000 1.415183
-1.861880 0.000000 1.727716
-1.455677 1.583664 1.350783
1.727716 0.000000 1.861880
1.997707 0.000000 1.568683
1.350783 1.583664 1.455677
1.415183 0.000000 2.109232
1.727716 0.000000 1.861880
1.350783 1.583664 1.455677
-1.415183 0.000000 -2.109232
-1.727716 0.000000 -1.861880
-1.350783 1.583664 -1.455677
-1.727716 0.000000 -1.861880
-1.997707 0.000000 -1.568683
-1.350783 1.583664 -1.455677
1.236860 0.000000 -2.218508
0.874581 0.000000 -2.384682
0.967016 1.583664 -1.734499
0.967016 1.583664 -1.734499
1.568683 0.000000 -1.997707
1.236860 0.000000 -2.218508
-0.349065 2.476317 0.444532
-0.275227 2.476317 0.493665
0.536653 2.288461 -0.962575
1.114372 1.102065 -1.998807
1.529353 -0.565203 -1.947620
1.413334 1.102065 -1.799872
-2.076415 1.102065 0.962057
-2.382055 -0.565203 0.676727
-2.201350 1.102065 0.625390
0.543689 2.476317 -0.154459
-0.999949 2.288461 0.463302
-1.060114 2.288461 0.301172
-0.463302 2.288461 -0.999949
-0.301172 2.288461 -1.060114
0.154459 2.476317 0.543689
-0.625390 1.102065 -2.201350
-0.962057 1.102065 -2.076415
-1.041031 -0.565203 -2.246865
-2.218508 0.000000 -1.236860
-2.384682 0.000000 -0.874581
-1.734499 1.583664 -0.967016
-1.734499 1.583664 -0.967016
-1.997707 0.000000 -1.568683
-2.218508 0.000000 -1.236860
2.384682 0.000000 0.874581
1.864419 1.583664 0.683775
2.218508 0.000000 1.236860
1.734499 1.583664 0.967016
1.997707 0.000000 1.568683
2.218508 0.000000 1.236860
-1.236860 0.000000 2.218508
-0.874581 0.000000 2.384682
-0.967016 1.583664 1.734499
-0.967016 1.583664 1.734499
-1.568683 0.000000 1.997707
-1.236860 0.000000 2.218508
0.194613 2.476317 -0.530642
0.109206 2.476317 -0.554553
-0.379466 2.288461 1.034675
-0.536653 2.288461 0.962575
0.194613 2.476317 -0.530642
-0.379466 2.288461 1.034675
0.510826 0.000000 -2.488103
0.903330 0.000000 -2.373941
0.510826 0.000000 -2.488103
0.852653 -0.565203 -2.324893
1.205849 -0.565203 -2.162885
0.787970 1.102065 -2.148524
1.971637 1.583664 -0.237181
2.538228 0.000000 0.094868
2.521819 0.000000 -0.303366
1.984466 1.583664 0.074171
2.492137 0.000000 0.490767
2.538228 0.000000 0.094868
-0.237181 1.583664 -1.971637
0.094868 0.000000 -2.538228
-0.303366 0.000000 -2.521819
0.074171 1.583664 -1.984466
0.490767 0.000000 -2.492137
0.094868 0.000000 -2.538228
0.237181 1.583664 1.971637
-0.094868 0.000000 2.538228
0.303366 0.000000 2.521819
-0.074171 1.583664 1.984466
-0.490767 0.000000 2.492137
-0.094868 0.000000 2.538228
-1.971637 1.583664 0.237181
-2.538228 0.000000 -0.094868
-2.521819 0.000000 0.303366
-1.984466 1.583664 -0.074171
-2.492137 0.000000 -0.490767
-2.538228 0.000000 -0.094868
2.272080 1.102065 -0.273323
2.474589 -0.565203 0.092490
2.286864 1.102065 0.085474
-0.564809 2.476317 -0.021110
-0.561157 2.476317 0.067505
1.094176 2.288461 -0.131626
-1.649064 1.583664 1.106434
-1.801845 1.583664 0.834842
-2.304647 0.000000 1.067803
-1.801845 1.583664 0.834842
-2.443314 0.000000 0.694130
-2.304647 0.000000 1.067803
-1.106434 1.583664 -1.649064
-0.834842 1.583664 -1.801845
-1.067803 0.000000 -2.304647
-0.834842 1.583664 -1.801845
-0.694130 0.000000 -2.443314
-1.067803 0.000000 -2.304647
0.834842 1.583664 1.801845
0.694130 0.000000 2.443314
1.067803 0.000000 2.304647
1.067803 0.000000 2.304647
1.415183 0.000000 2.109232
0.834842 1.583664 1.801845
1.649064 1.583664 -1.106434
1.801845 1.583664 -0.834842
2.304647 0.000000 -1.067803
1.801845 1.583664 -0.834842
2.443314 0.000000 -0.694130
2.304647 0.000000 -1.067803
0.962057 1.102065 2.076415
0.676727 -0.565203 2.382055
0.625390 1.102065 2.201350
0.463302 2.288461 0.999949
0.301172 2.288461 1.060114
-0.154459 2.476317 -0.543689
0.000000 -2.540000 -0.000000
-1.523381 -1.985852 0.432783
-0.000000 -2.540000 0.000000
-2.246865 -0.565203 1.041031
-2.382055 -0.565203 0.676727
-2.076415 1.102065 0.962057
-0.000000 -2.540000 -0.000000
0.000000 -2.540000 0.000000
1.553822 -1.985852 0.305988
0.000000 -2.540000 -0.000000
-0.000000 -2.540000 -0.000000
1.582559 -1.985852 0.059149
1.572328 -1.985852 -0.189146
0.000000 -2.540000 -0.000000
1.582559 -1.985852 0.059149
-0.000000 -2.540000 0.000000
0.000000 -2.540000 -0.000000
1.572328 -1.985852 -0.189146
0.000000 -2.540000 0.000000
1.486825 -1.985852 0.545292
0.000000 -2.540000 0.000000
1.383217 -1.985852 0.771169
0.000000 -2.540000 0.000000
-0.000000 -2.540000 -0.000000
1.077213 -1.985852 1.160863
0.000000 -2.540000 0.000000
-0.000000 -2.540000 -0.000000
1.245550 -1.985852 0.978058
-0.000000 -2.540000 -0.000000
0.000000 -2.540000 0.000000
0.665764 -1.985852 1.436924
-0.000000 -2.540000 -0.000000
-0.000000 -2.540000 -0.000000
0.882352 -1.985852 1.315084
-0.000000 -2.540000 -0.000000
-0.000000 -2.540000 -0.000000
0.432783 -1.985852 1.523381
-0.000000 -2.540000 -0.000000
-0.000000 -2.540000 -0.000000
0.189146 -1.985852 1.572328
-0.000000 -2.540000 -0.000000
-0.000000 -2.540000 -0.000000
1.436924 -1.985852 -0.665764
-0.000000 -2.540000 0.000000
1.523381 -1.985852 -0.432783
-0.000000 -2.540000 0.000000
-0.000000 -2.540000 0.000000
1.436924 -1.985852 -0.665764
1.160863 -1.985852 -1.077213
0.000000 -2.540000 -0.000000
1.315084 -1.985852 -0.882352
-0.000000 -2.540000 0.000000
0.000000 -2.540000 -0.000000
1.160863 -1.985852 -1.077213
1.984466 1.583664 0.074171
1.948431 1.583664 0.383697
2.492137 0.000000 0.490767
0.564809 2.476317 0.021110
1.948431 1.583664 0.383697
1.984466 1.583664 0.074171
0.074171 1.583664 -1.984466
0.383697 1.583664 -1.948431
0.490767 0.000000 -2.492137
0.021110 2.476317 -0.564809
0.383697 1.583664 -1.948431
0.074171 1.583664 -1.984466
-0.021110 2.476317 0.564809
-0.383697 1.583664 1.948431
-0.074171 1.583664 1.984466
-0.074171 1.583664 1.984466
-0.383697 1.583664 1.948431
-0.490767 0.000000 2.492137
-1.649064 1.583664 1.106434
-2.109232 0.000000 1.415183
-1.455677 1.583664 1.350783
-2.109232 0.000000 1.415183
-1.649064 1.583664 1.106434
-2.304647 0.000000 1.067803
-1.114372 1.102065 1.998807
-1.529353 -0.565203 1.947620
-1.413334 1.102065 1.799872
0.349065 2.476317 -0.444532
0.275227 2.476317 -0.493665
-0.536653 2.288461 0.962575
-0.564809 2.476317 -0.021110
-1.948431 1.583664 -0.383697
-1.984466 1.583664 -0.074171
-2.492137 0.000000 -0.490767
-1.984466 1.583664 -0.074171
-1.948431 1.583664 -0.383697
-0.545292 -1.985852 1.486825
0.000000 -2.540000 -0.000000
-0.771169 -1.985852 1.383217
-0.545292 -1.985852 1.486825
-0.000000 -2.540000 0.000000
0.000000 -2.540000 -0.000000
-0.978058 -1.985852 1.245550
0.000000 -2.540000 -0.000000
-1.160863 -1.985852 1.077213
-0.978058 -1.985852 1.245550
0.000000 -2.540000 -0.000000
0.000000 -2.540000 -0.000000
1.106434 1.583664 1.649064
1.415183 0.000000 2.109232
1.350783 1.583664 1.455677
0.834842 1.583664 1.801845
1.415183 0.000000 2.109232
1.106434 1.583664 1.649064
1.649064 1.583664 -1.106434
2.109232 0.000000 -1.415183
1.455677 1.583664 -1.350783
2.109232 0.000000 -1.415183
1.649064 1.583664 -1.106434
2.304647 0.000000 -1.067803
-1.106434 1.583664 -1.649064
-1.415183 0.000000 -2.109232
-1.350783 1.583664 -1.455677
-1.415183 0.000000 -2.109232
-1.106434 1.583664 -1.649064
-1.067803 0.000000 -2.304647
-1.572328 -1.985852 0.189146
-1.523381 -1.985852 0.432783
0.000000 -2.540000 -0.000000
0.000000 -2.540000 0.000000
-1.572328 -1.985852 0.189146
0.000000 -2.540000 -0.000000
0.000000 -2.540000 0.000000
-1.553822 -1.985852 -0.305988
0.000000 -2.540000 0.000000
-1.486825 -1.985852 -0.545292
-1.553822 -1.985852 -0.305988
0.000000 -2.540000 0.000000
-1.734499 1.583664 -0.967016
-2.384682 0.000000 -0.874581
-1.864419 1.583664 -0.683775
-0.493665 2.476317 -0.275227
-0.530642 2.476317 -0.194613
0.962575 2.288461 0.536653
0.000000 -2.540000 0.000000
-1.383217 -1.985852 -0.771169
0.000000 -2.540000 0.000000
-1.245550 -1.985852 -0.978058
-1.383217 -1.985852 -0.771169
0.000000 -2.540000 0.000000
0.545292 -1.985852 -1.486825
-0.000000 -2.540000 0.000000
0.771169 -1.985852 -1.383217
-0.000000 -2.540000 0.000000
-0.000000 -2.540000 0.000000
0.771169 -1.985852 -1.383217
-0.432783 -1.985852 -1.523381
-0.665764 -1.985852 -1.436924
0.000000 -2.540000 0.000000
0.000000 -2.540000 0.000000
-0.665764 -1.985852 -1.436924
0.000000 -2.540000 0.000000
-0.512832 2.476317 0.237608
-1.910260 1.583664 0.542693
-1.801845 1.583664 0.834842
-1.801845 1.583664 0.834842
-1.910260 1.583664 0.542693
-2.443314 0.000000 0.694130
0.564809 2.476317 0.021110
1.984466 1.583664 0.074171
0.561157 2.476317 -0.067505
1.984466 1.583664 0.074171
2.538228 0.000000 0.094868
1.971637 1.583664 -0.237181
-1.799872 1.102065 -1.413334
-1.998807 1.102065 -1.114372
-2.162885 -0.565203 -1.205849
0.444532 2.476317 0.349065
0.493665 2.476317 0.275227
-0.962575 2.288461 -0.536653
-0.444532 2.476317 -0.349065
-0.493665 2.476317 -0.275227
0.962575 2.288461 0.536653
1.998807 1.102065 1.114372
1.947620 -0.565203 1.529353
1.799872 1.102065 1.413334
-0.834842 1.583664 -1.801845
-0.542693 1.583664 -1.910260
-0.694130 0.000000 -2.443314
-0.237608 2.476317 -0.512832
-0.542693 1.583664 -1.910260
-0.834842 1.583664 -1.801845
0.237608 2.476317 0.512832
0.542693 1.583664 1.910260
0.834842 1.583664 1.801845
0.834842 1.583664 1.801845
0.542693 1.583664 1.910260
0.694130 0.000000 2.443314
-0.301172 2.288461 -1.060114
-0.131626 2.288461 -1.094176
0.067505 2.476317 0.561157
-0.676727 -0.565203 -2.382055
-0.273323 1.102065 -2.272080
-0.625390 1.102065 -2.201350
0.021110 2.476317 -0.564809
0.074171 1.583664 -1.984466
-0.067505 2.476317 -0.561157
0.074171 1.583664 -1.984466
0.094868 0.000000 -2.538228
-0.237181 1.583664 -1.971637
0.237181 1.583664 1.971637
-0.074171 1.583664 1.984466
-0.094868 0.000000 2.538228
0.067505 2.476317 0.561157
-0.021110 2.476317 0.564809
-0.074171 1.583664 1.984466
-0.109206 2.476317 0.554553
0.041162 2.288461 -1.101296
0.212936 2.288461 -1.081298
0.092490 -0.565203 -2.474589
0.442166 1.102065 -2.245338
0.085474 1.102065 -2.286864
2.201350 1.102065 -0.625390
2.458591 -0.565203 -0.295760
2.272080 1.102065 -0.273323
1.094176 2.288461 -0.131626
-0.543689 2.476317 0.154459
1.060114 2.288461 -0.301172
1.034675 2.288461 0.379466
-0.554553 2.476317 -0.109206
1.081298 2.288461 0.212936
2.245338 1.102065 0.442166
2.324893 -0.565203 0.852653
2.148524 1.102065 0.787970
-0.442166 1.102065 2.245338
-0.852653 -0.565203 2.324893
-0.787970 1.102065 2.148524
-0.379466 2.288461 1.034675
0.109206 2.476317 -0.554553
-0.212936 2.288461 1.081298
-1.034675 2.288461 -0.379466
0.554553 2.476317 0.109206
-1.081298 2.288461 -0.212936
-2.148524 1.102065 -0.787970
-2.245338 1.102065 -0.442166
-2.429654 -0.565203 -0.478462
-0.067505 2.476317 -0.561157
0.131626 2.288461 1.094176
0.021110 2.476317 -0.564809
0.273323 1.102065 2.272080
-0.092490 -0.565203 2.474589
-0.085474 1.102065 2.286864
-1.094176 2.288461 0.131626
0.543689 2.476317 -0.154459
-1.060114 2.288461 0.301172
-2.272080 1.102065 0.273323
-2.201350 1.102065 0.625390
-2.382055 -0.565203 0.676727
-0.059149 -1.985852 1.582559
-0.000000 -2.540000 0.000000
-0.305988 -1.985852 1.553822
-0.059149 -1.985852 1.582559
-0.000000 -2.540000 -0.000000
-0.000000 -2.540000 0.000000
0.787970 1.102065 -2.148524
1.205849 -0.565203 -2.162885
1.114372 1.102065 -1.998807
0.536653 2.288461 -0.962575
-0.194613 2.476317 0.530642
0.379466 2.288461 -1.034675
2.443314 0.000000 -0.694130
1.801845 1.583664 -0.834842
1.910260 1.583664 -0.542693
0.512832 2.476317 -0.237608
1.910260 1.583664 -0.542693
1.801845 1.583664 -0.834842
0.676727 -0.565203 2.382055
0.295760 -0.565203 2.458591
0.625390 1.102065 2.201350
0.432783 -1.985852 1.523381
-0.000000 -2.540000 -0.000000
0.189146 -1.985852 1.572328
1.379701 -0.565203 2.056349
1.041031 -0.565203 2.246865
1.275036 1.102065 1.900352
0.882352 -1.985852 1.315084
-0.000000 -2.540000 -0.000000
0.665764 -1.985852 1.436924
-1.984466 1.583664 -0.074171
-2.538228 0.000000 -0.094868
-1.971637 1.583664 0.237181
-0.564809 2.476317 -0.021110
-1.984466 1.583664 -0.074171
-0.561157 2.476317 0.067505
1.245550 -1.985852 0.978058
0.000000 -2.540000 0.000000
1.077213 -1.985852 1.160863
1.947620 -0.565203 1.529353
1.684399 -0.565203 1.815199
1.799872 1.102065 1.413334
2.324893 -0.565203 0.852653
2.162885 -0.565203 1.205849
2.148524 1.102065 0.787970
1.486825 -1.985852 0.545292
0.000000 -2.540000 0.000000
1.383217 -1.985852 0.771169
-0.305988 -1.985852 1.553822
-0.000000 -2.540000 0.000000
-0.545292 -1.985852 1.486825
-0.305988 -1.985852 1.553822
-0.000000 -2.540000 0.000000
-0.000000 -2.540000 0.000000
2.474589 -0.565203 0.092490
2.429654 -0.565203 0.478462
2.286864 1.102065 0.085474
1.582559 -1.985852 0.059149
-0.000000 -2.540000 -0.000000
1.553822 -1.985852 0.305988
1.523381 -1.985852 -0.432783
-0.000000 -2.540000 0.000000
1.572328 -1.985852 -0.189146
2.382055 -0.565203 -0.676727
2.458591 -0.565203 -0.295760
2.201350 1.102065 -0.625390
1.529353 -0.565203 -1.947620
1.815199 -0.565203 -1.684399
1.413334 1.102065 -1.799872
0.978058 -1.985852 -1.245550
-0.000000 -2.540000 0.000000
1.160863 -1.985852 -1.077213
1.315084 -1.985852 -0.882352
-0.000000 -2.540000 0.000000
1.436924 -1.985852 -0.665764
2.056349 -0.565203 -1.379701
2.246865 -0.565203 -1.041031
1.900352 1.102065 -1.275036
-0.295760 -0.565203 -2.458591
-0.273323 1.102065 -2.272080
-0.676727 -0.565203 -2.382055
0.000000 -2.540000 0.000000
-0.432783 -1.985852 -1.523381
0.000000 -2.540000 0.000000
-0.314908 2.476317 -0.469348
-0.237608 2.476317 -0.512832
-0.834842 1.583664 -1.801845
1.275036 1.102065 1.900352
1.041031 -0.565203 2.246865
0.962057 1.102065 2.076415
-1.275036 1.102065 -1.900352
-1.041031 -0.565203 -2.246865
-0.962057 1.102065 -2.076415
0.314908 2.476317 0.469348
0.237608 2.476317 0.512832
0.834842 1.583664 1.801845
-1.900352 1.102065 1.275036
-2.246865 -0.565203 1.041031
-2.076415 1.102065 0.962057
0.469348 2.476317 -0.314908
0.512832 2.476317 -0.237608
1.801845 1.583664 -0.834842
1.900352 1.102065 -1.275036
2.246865 -0.565203 -1.041031
2.076415 1.102065 -0.962057
-0.512832 2.476317 0.237608
-1.649064 1.583664 1.106434
-0.469348 2.476317 0.314908
-0.771169 -1.985852 1.383217
0.000000 -2.540000 -0.000000
-0.978058 -1.985852 1.245550
-0.771169 -1.985852 1.383217
0.000000 -2.540000 -0.000000
0.000000 -2.540000 -0.000000
-1.315084 -1.985852 0.882352
-0.000000 -2.540000 0.000000
-1.436924 -1.985852 0.665764
-0.000000 -2.540000 0.000000
-0.000000 -2.540000 0.000000
-1.315084 -1.985852 0.882352
-1.160863 -1.985852 1.077213
-0.000000 -2.540000 0.000000
-1.315084 -1.985852 0.882352
-1.160863 -1.985852 1.077213
0.000000 -2.540000 -0.000000
-0.000000 -2.540000 0.000000
-0.000000 -2.540000 0.000000
-1.436924 -1.985852 0.665764
-0.000000 -2.540000 0.000000
-1.523381 -1.985852 0.432783
-1.436924 -1.985852 0.665764
-0.000000 -2.540000 0.000000
0.275227 2.476317 -0.493665
0.194613 2.476317 -0.530642
-0.536653 2.288461 0.962575
0.967016 1.583664 -1.734499
0.874581 0.000000 -2.384682
0.683775 1.583664 -1.864419
-0.967016 1.583664 1.734499
-0.874581 0.000000 2.384682
-0.683775 1.583664 1.864419
-0.275227 2.476317 0.493665
-0.194613 2.476317 0.530642
0.536653 2.288461 -0.962575
1.864419 1.583664 0.683775
1.734499 1.583664 0.967016
2.218508 0.000000 1.236860
0.493665 2.476317 0.275227
0.530642 2.476317 0.194613
-0.962575 2.288461 -0.536653
0.000000 -2.540000 0.000000
-1.582559 -1.985852 -0.059149
0.000000 -2.540000 0.000000
-1.553822 -1.985852 -0.305988
-1.582559 -1.985852 -0.059149
0.000000 -2.540000 0.000000
0.000000 -2.540000 0.000000
-0.882352 -1.985852 -1.315084
0.000000 -2.540000 0.000000
-0.665764 -1.985852 -1.436924
-0.882352 -1.985852 -1.315084
0.000000 -2.540000 0.000000
0.000000 -2.540000 0.000000
-1.486825 -1.985852 -0.545292
0.000000 -2.540000 0.000000
-1.383217 -1.985852 -0.771169
-1.486825 -1.985852 -0.545292
0.000000 -2.540000 0.000000
0.000000 -2.540000 0.000000
-1.077213 -1.985852 -1.160863
0.000000 -2.540000 0.000000
-0.882352 -1.985852 -1.315084
-1.077213 -1.985852 -1.160863
0.000000 -2.540000 0.000000
-1.077213 -1.985852 -1.160863
-1.245550 -1.985852 -0.978058
0.000000 -2.540000 0.000000
0.000000 -2.540000 0.000000
-1.245550 -1.985852 -0.978058
0.000000 -2.540000 0.000000
0.000000 -2.540000 0.000000
0.000000 -2.540000 -0.000000
0.059149 -1.985852 -1.582559
-0.295760 -0.565203 -2.458591
0.092490 -0.565203 -2.474589
0.085474 1.102065 -2.286864
0.000000 -2.540000 -0.000000
-0.000000 -2.540000 0.000000
0.545292 -1.985852 -1.486825
0.478462 -0.565203 -2.429654
0.852653 -0.565203 -2.324893
0.787970 1.102065 -2.148524
</float_array>
          <technique_common>
            <accessor source="#FBXASC227FBXASC130FBXASC189FBXASC227FBXASC131FBXASC170FBXASC227FBXASC131FBXASC131FBXASC227FBXASC131FBXASC1373-Normal0-array" count="1860" stride="3">
              <param name="X" type="float"/>
              <param name="Y" type="float"/>
              <param name="Z" type="float"/>
            </accessor>
          </technique_common>
        </source>
        <vertices id="FBXASC227FBXASC130FBXASC189FBXASC227FBXASC131FBXASC170FBXASC227FBXASC131FBXASC131FBXASC227FBXASC131FBXASC1373-VERTEX">
          <input semantic="POSITION" source="#FBXASC227FBXASC130FBXASC189FBXASC227FBXASC131FBXASC170FBXASC227FBXASC131FBXASC131FBXASC227FBXASC131FBXASC1373-POSITION"/>
        </vertices>
        <triangles count="620" material="MaterialFBXASC032FBXASC03526">
          <input semantic="VERTEX" offset="0" source="#FBXASC227FBXASC130FBXASC189FBXASC227FBXASC131FBXASC170FBXASC227FBXASC131FBXASC131FBXASC227FBXASC131FBXASC1373-VERTEX"/>
          <input semantic="NORMAL" offset="1" source="#FBXASC227FBXASC130FBXASC189FBXASC227FBXASC131FBXASC170FBXASC227FBXASC131FBXASC131FBXASC227FBXASC131FBXASC1373-Normal0"/>
          <p> 152 0 28 1 115 2 168 3 58 4 36 5 57 6 118 7 7 8 150 9 28 10 144 11 188 12 54 13 110 14 148 15 0 16 143 17 176 18 28 19 164 20 140 21 59 22 36 23 94 24 170 25 7 26 126 27 0 28 147 29 190 30 110 31 91 32 97 33 64 34 189 35 68 36 0 37 161 38 104 39 58 40 168 41 92 42 170 43 94 44 127 45 28 46 93 47 158 48 118 49 57 50 10 51 49 52 191 53 145 54 0 55 101 56 227 57 273 58 310 59 12 60 211 61 192 62 98 63 59 64 140 65 108 66 137 67 125 68 195 69 97 70 31 71 7 72 61 73 206 74 129 75 0 76 149 77 194 78 160 79 22 80 128 81 28 82 142 83 198 84 95 85 54 86 205 87 104 88 16 89 34 90 90 91 141 92 197 93 92 94 94 95 4 96 188 97 110 98 47 99 227 100 95 101 71 102 107 103 217 104 96 105 0 106 126 107 33 108 87 109 166 110 40 111 82 112 164 113 115 114 96 115 151 116 13 117 196 118 84 119 10 120 136 121 7 122 136 123 10 124 56 125 269 126 272 127 83 128 8 129 163 130 109 131 172 132 28 133 48 134 248 135 302 136 178 137 146 138 28 139 174 140 66 141 268 142 70 143 14 144 81 145 216 146 303 147 249 148 281 149 264 150 285 151 183 152 153 153 0 154 129 155 113 156 28 157 50 158 0 159 96 160 69 161 164 162 28 163 154 164 75 165 112 166 236 167 265 168 75 169 282 170 193 171 165 172 72 173 180 174 84 175 31 176 180 177 31 178 7 179 16 180 131 181 205 182 32 183 204 184 270 185 156 186 87 187 33 188 156 189 33 190 36 191 34 192 162 193 7 194 162 195 34 196 99 197 182 198 35 199 231 200 231 201 80 202 183 203 36 204 10 205 7 206 36 207 7 208 91 209 177 210 132 211 37 212 68 213 161 214 123 215 38 216 17 217 99 218 237 219 283 220 278 221 215 222 39 223 207 224 154 225 28 226 128 227 138 228 40 229 102 230 138 231 114 232 40 233 207 234 39 235 78 236 219 237 41 238 178 239 14 240 42 241 81 242 85 243 77 244 233 245 201 246 26 247 43 248 173 249 0 250 145 251 124 252 134 253 211 254 217 255 107 256 69 257 210 258 73 259 223 260 21 261 45 262 60 263 46 264 137 265 108 266 46 267 108 268 7 269 133 270 111 271 18 272 111 273 54 274 18 275 88 276 48 277 171 278 169 279 186 280 127 281 213 282 279 283 258 284 135 285 59 286 98 287 224 288 113 289 50 290 181 291 114 292 138 293 234 294 25 295 51 296 9 297 79 298 218 299 227 300 281 301 273 302 133 303 18 304 4 305 210 306 53 307 73 308 218 309 79 310 53 311 130 312 131 313 16 314 130 315 16 316 36 317 123 318 161 319 187 320 163 321 208 322 55 323 299 324 301 325 296 326 215 327 76 328 39 329 22 330 139 331 7 332 160 333 139 334 22 335 124 336 211 337 12 338 124 339 12 340 36 341 116 342 49 343 10 344 116 345 10 346 36 347 147 348 0 349 175 350 182 351 60 352 35 353 64 354 203 355 61 356 206 357 61 358 240 359 0 360 62 361 55 362 185 363 62 364 107 365 144 366 28 367 172 368 178 369 41 370 24 371 189 372 64 373 7 374 199 375 61 376 7 377 207 378 78 379 219 380 158 381 57 382 160 383 93 384 28 385 146 386 66 387 25 388 234 389 249 390 303 391 177 392 117 393 68 394 123 395 37 396 155 397 117 398 101 399 0 400 155 401 179 402 113 403 224 404 217 405 69 406 179 407 171 408 48 409 186 410 268 411 271 412 70 413 185 414 109 415 62 416 269 417 222 418 272 419 164 420 154 421 29 422 193 423 72 424 112 425 223 426 73 427 45 428 151 429 96 430 126 431 201 432 43 433 225 434 132 435 43 436 101 437 228 438 102 439 184 440 75 441 30 442 112 443 1 444 29 445 76 446 1 447 76 448 215 449 233 450 77 451 42 452 149 453 0 454 148 455 142 456 28 457 150 458 219 459 78 460 41 461 174 462 28 463 152 464 9 465 51 466 79 467 175 468 0 469 153 470 231 471 35 472 80 473 143 474 0 475 173 476 216 477 81 478 26 479 28 480 176 481 50 482 40 483 114 484 82 485 83 486 8 487 167 488 187 489 55 490 8 491 289 492 241 493 275 494 212 495 287 496 267 497 183 498 80 499 27 500 85 501 27 502 77 503 286 504 243 505 86 506 218 507 53 508 210 509 307 510 261 511 214 512 213 513 259 514 277 515 63 516 24 517 88 518 63 519 88 520 229 521 291 522 245 523 89 524 216 525 26 526 201 527 90 528 118 529 158 530 209 531 288 532 276 533 264 534 157 535 274 536 250 537 89 538 297 539 284 540 244 541 202 542 86 543 243 544 294 545 169 546 93 547 25 548 93 549 169 550 127 551 17 552 94 553 7 554 17 555 38 556 94 557 310 558 95 559 227 560 54 561 95 562 32 563 96 564 28 565 113 566 28 567 96 568 115 569 285 570 264 571 122 572 252 573 232 574 275 575 247 576 213 577 277 578 213 579 265 580 279 581 248 582 209 583 276 584 237 585 278 586 271 587 194 588 22 589 56 590 100 591 299 592 296 593 101 594 155 595 37 596 132 597 101 598 37 599 184 600 102 601 30 602 102 603 165 604 30 605 255 606 295 607 23 608 44 609 295 610 255 611 308 612 306 613 44 614 19 615 308 616 44 617 223 618 45 619 21 620 260 621 182 622 252 623 224 624 50 625 20 626 247 627 304 628 20 629 62 630 0 631 107 632 107 633 0 634 69 635 108 636 125 637 13 638 108 639 13 640 7 641 167 642 8 643 109 644 235 645 109 646 185 647 91 648 110 649 36 650 110 651 54 652 36 653 111 654 52 655 47 656 198 657 54 658 111 659 112 660 72 661 29 662 236 663 112 664 29 665 69 666 96 667 113 668 179 669 69 670 113 671 20 672 50 673 114 674 50 675 82 676 114 677 53 678 79 679 115 680 53 681 115 682 73 683 135 684 116 685 59 686 59 687 116 688 36 689 11 690 37 691 117 692 11 693 117 694 230 695 118 696 90 697 34 698 118 699 34 700 7 701 100 702 296 703 256 704 236 705 29 706 1 707 120 708 291 709 89 710 262 711 246 712 220 713 86 714 294 715 257 716 234 717 51 718 9 719 232 720 289 721 275 722 203 723 64 724 97 725 230 726 123 727 83 728 230 729 117 730 123 731 58 732 124 733 36 734 58 735 134 736 124 737 287 738 242 739 267 740 6 741 286 742 86 743 45 744 126 745 60 746 151 747 126 748 45 749 48 750 127 751 186 752 48 753 28 754 127 755 39 756 128 757 78 758 39 759 76 760 128 761 27 762 129 763 77 764 27 765 80 766 129 767 54 768 130 769 36 770 32 771 130 772 54 773 131 774 130 775 32 776 293 777 222 778 263 779 225 780 43 781 132 782 225 783 132 784 177 785 52 786 111 787 133 788 262 789 133 790 246 791 134 792 58 793 104 794 309 795 308 796 19 797 49 798 116 799 135 800 258 801 279 802 238 803 56 804 22 805 136 806 136 807 22 808 7 809 137 810 46 811 92 812 286 813 137 814 243 815 181 816 138 817 228 818 228 819 138 820 102 821 139 822 57 823 7 824 160 825 57 826 139 827 33 828 140 829 36 830 98 831 140 832 33 833 34 834 141 835 99 836 283 837 99 838 280 839 128 840 142 841 78 842 78 843 142 844 41 845 81 846 143 847 26 848 148 849 143 850 81 851 24 852 144 853 88 854 150 855 144 856 24 857 26 858 145 859 43 860 101 861 43 862 145 863 25 864 146 865 51 866 93 867 146 868 25 869 60 870 147 871 35 872 126 873 147 874 60 875 149 876 148 877 42 878 42 879 148 880 81 881 129 882 149 883 77 884 77 885 149 886 42 887 142 888 150 889 41 890 41 891 150 892 24 893 115 894 151 895 73 896 73 897 151 898 45 899 51 900 152 901 79 902 115 903 79 904 152 905 35 906 153 907 80 908 129 909 80 910 153 911 29 912 154 913 76 914 128 915 76 916 154 917 155 918 68 919 117 920 155 921 0 922 68 923 12 924 156 925 36 926 156 927 12 928 87 929 7 930 206 931 91 932 190 933 91 934 245 935 288 936 253 937 276 938 251 939 226 940 253 941 159 942 250 943 157 944 233 945 42 946 14 947 298 948 254 949 251 950 298 951 251 952 253 953 161 954 0 955 55 956 161 957 55 958 187 959 162 960 17 961 7 962 99 963 17 964 162 965 62 966 109 967 163 968 62 969 163 970 55 971 72 972 164 973 29 974 72 975 40 976 164 977 40 978 165 979 102 980 165 981 40 982 72 983 305 984 258 985 98 986 166 987 98 988 33 989 167 990 109 991 235 992 167 993 269 994 83 995 16 996 168 997 36 998 104 999 168 1000 16 1001 70 1002 169 1003 66 1004 66 1005 169 1006 25 1007 170 1008 46 1009 7 1010 92 1011 46 1012 170 1013 229 1014 171 1015 70 1016 229 1017 88 1018 171 1019 144 1020 172 1021 88 1022 172 1023 48 1024 88 1025 143 1026 173 1027 26 1028 173 1029 145 1030 26 1031 146 1032 174 1033 51 1034 174 1035 152 1036 51 1037 147 1038 175 1039 35 1040 175 1041 153 1042 35 1043 82 1044 176 1045 164 1046 176 1047 82 1048 50 1049 177 1050 37 1051 11 1052 11 1053 249 1054 177 1055 178 1056 24 1057 63 1058 63 1059 248 1060 178 1061 44 1062 179 1063 19 1064 19 1065 179 1066 106 1067 180 1068 13 1069 84 1070 13 1071 180 1072 7 1073 181 1074 247 1075 20 1076 20 1077 114 1078 181 1079 21 1080 60 1081 182 1082 21 1083 182 1084 260 1085 183 1086 27 1087 85 1088 85 1089 264 1090 183 1091 184 1092 75 1093 265 1094 184 1095 30 1096 75 1097 235 1098 185 1099 71 1100 71 1101 185 1102 107 1103 70 1104 186 1105 169 1106 171 1107 186 1108 70 1109 83 1110 187 1111 8 1112 83 1113 123 1114 187 1115 18 1116 54 1117 188 1118 4 1119 18 1120 188 1121 31 1122 189 1123 7 1124 97 1125 189 1126 31 1127 133 1128 4 1129 246 1130 190 1131 4 1132 110 1133 10 1134 191 1135 56 1136 300 1137 299 1138 100 1139 307 1140 214 1141 259 1142 12 1143 192 1144 87 1145 165 1146 193 1147 30 1148 30 1149 193 1150 112 1151 100 1152 65 1153 254 1154 300 1155 100 1156 254 1157 241 1158 289 1159 195 1160 31 1161 84 1162 195 1163 13 1164 125 1165 196 1166 287 1167 196 1168 242 1169 94 1170 38 1171 197 1172 284 1173 197 1174 244 1175 47 1176 198 1177 111 1178 198 1179 47 1180 95 1181 199 1182 64 1183 61 1184 64 1185 199 1186 7 1187 265 1188 282 1189 279 1190 256 1191 296 1192 119 1193 120 1194 201 1195 74 1196 89 1197 201 1198 120 1199 268 1200 237 1201 271 1202 257 1203 294 1204 121 1205 157 1206 240 1207 274 1208 290 1209 239 1210 122 1211 281 1212 249 1213 273 1214 272 1215 270 1216 204 1217 306 1218 263 1219 295 1220 44 1221 306 1222 295 1223 292 1224 240 1225 157 1226 89 1227 245 1228 297 1229 65 1230 207 1231 15 1232 100 1233 207 1234 65 1235 55 1236 208 1237 8 1238 208 1239 163 1240 8 1241 283 1242 280 1243 278 1244 280 1245 288 1246 209 1247 6 1248 210 1249 105 1250 86 1251 210 1252 6 1253 309 1254 19 1255 261 1256 214 1257 261 1258 266 1259 260 1260 252 1261 212 1262 267 1263 260 1264 212 1265 305 1266 213 1267 258 1268 305 1269 259 1270 213 1271 304 1272 247 1273 214 1274 266 1275 304 1276 214 1277 215 1278 207 1279 100 1280 1 1281 215 1282 100 1283 216 1284 201 1285 89 1286 14 1287 216 1288 89 1289 217 1290 179 1291 44 1292 71 1293 217 1294 44 1295 9 1296 218 1297 86 1298 218 1299 210 1300 86 1301 219 1302 178 1303 15 1304 15 1305 207 1306 219 1307 120 1308 74 1309 220 1310 220 1311 246 1312 120 1313 221 1314 238 1315 200 1316 282 1317 221 1318 200 1319 103 1320 222 1321 269 1322 222 1323 103 1324 263 1325 223 1326 21 1327 105 1328 105 1329 210 1330 223 1331 20 1332 304 1333 224 1334 106 1335 179 1336 224 1337 225 1338 177 1339 74 1340 74 1341 201 1342 225 1343 302 1344 248 1345 226 1346 251 1347 302 1348 226 1349 47 1350 52 1351 227 1352 311 1353 262 1354 281 1355 265 1356 228 1357 184 1358 5 1359 181 1360 228 1361 271 1362 229 1363 70 1364 3 1365 63 1366 229 1367 272 1368 230 1369 83 1370 67 1371 11 1372 230 1373 285 1374 231 1375 183 1376 2 1377 182 1378 231 1379 122 1380 239 1381 232 1382 232 1383 285 1384 122 1385 250 1386 159 1387 233 1388 159 1389 85 1390 233 1391 257 1392 121 1393 234 1394 121 1395 66 1396 234 1397 23 1398 167 1399 235 1400 235 1401 71 1402 23 1403 256 1404 119 1405 236 1406 119 1407 75 1408 236 1409 202 1410 244 1411 237 1412 202 1413 237 1414 268 1415 135 1416 238 1417 49 1418 301 1419 238 1420 221 1421 97 1422 195 1423 289 1424 203 1425 97 1426 239 1427 290 1428 203 1429 239 1430 61 1431 203 1432 290 1433 84 1434 241 1435 195 1436 287 1437 84 1438 196 1439 286 1440 125 1441 137 1442 242 1443 196 1444 125 1445 284 1446 92 1447 197 1448 243 1449 137 1450 92 1451 244 1452 197 1453 38 1454 283 1455 38 1456 99 1457 292 1458 206 1459 240 1460 91 1461 206 1462 292 1463 291 1464 190 1465 245 1466 4 1467 190 1468 291 1469 5 1470 247 1471 181 1472 213 1473 247 1474 5 1475 3 1476 248 1477 63 1478 209 1479 248 1480 3 1481 204 1482 249 1483 67 1484 67 1485 249 1486 11 1487 250 1488 14 1489 89 1490 14 1491 250 1492 233 1493 251 1494 254 1495 65 1496 65 1497 15 1498 251 1499 232 1500 252 1501 2 1502 182 1503 2 1504 252 1505 253 1506 158 1507 298 1508 253 1509 90 1510 158 1511 254 1512 194 1513 300 1514 254 1515 160 1516 194 1517 255 1518 71 1519 44 1520 23 1521 71 1522 255 1523 256 1524 1 1525 100 1526 1 1527 256 1528 236 1529 257 1530 9 1531 86 1532 9 1533 257 1534 234 1535 258 1536 238 1537 135 1538 98 1539 258 1540 135 1541 87 1542 259 1543 166 1544 307 1545 259 1546 87 1547 105 1548 21 1549 260 1550 105 1551 260 1552 267 1553 211 1554 261 1555 192 1556 309 1557 261 1558 211 1559 311 1560 52 1561 262 1562 52 1563 133 1564 262 1565 293 1566 263 1567 131 1568 131 1569 263 1570 205 1571 157 1572 264 1573 159 1574 159 1575 264 1576 85 1577 213 1578 5 1579 265 1580 5 1581 228 1582 265 1583 19 1584 266 1585 261 1586 19 1587 106 1588 266 1589 6 1590 105 1591 267 1592 267 1593 242 1594 6 1595 121 1596 268 1597 66 1598 202 1599 268 1600 121 1601 103 1602 269 1603 23 1604 23 1605 269 1606 167 1607 222 1608 270 1609 272 1610 293 1611 270 1612 222 1613 209 1614 3 1615 271 1616 3 1617 229 1618 271 1619 272 1620 67 1621 230 1622 272 1623 204 1624 67 1625 249 1626 204 1627 273 1628 310 1629 273 1630 204 1631 274 1632 290 1633 122 1634 122 1635 264 1636 274 1637 212 1638 252 1639 275 1640 275 1641 241 1642 212 1643 276 1644 253 1645 226 1646 226 1647 248 1648 276 1649 214 1650 247 1651 277 1652 214 1653 277 1654 259 1655 271 1656 278 1657 209 1658 278 1659 280 1660 209 1661 279 1662 282 1663 200 1664 279 1665 200 1666 238 1667 280 1668 141 1669 288 1670 280 1671 99 1672 141 1673 281 1674 262 1675 220 1676 220 1677 303 1678 281 1679 75 1680 119 1681 282 1682 221 1683 282 1684 119 1685 244 1686 283 1687 237 1688 244 1689 38 1690 283 1691 243 1692 284 1693 294 1694 243 1695 92 1696 284 1697 2 1698 231 1699 285 1700 232 1701 2 1702 285 1703 242 1704 125 1705 286 1706 242 1707 286 1708 6 1709 241 1710 287 1711 212 1712 241 1713 84 1714 287 1715 288 1716 90 1717 253 1718 288 1719 141 1720 90 1721 239 1722 289 1723 232 1724 239 1725 97 1726 289 1727 240 1728 61 1729 290 1730 240 1731 290 1732 274 1733 246 1734 291 1735 120 1736 246 1737 4 1738 291 1739 245 1740 91 1741 292 1742 245 1743 292 1744 297 1745 32 1746 270 1747 293 1748 32 1749 293 1750 131 1751 294 1752 202 1753 121 1754 294 1755 284 1756 202 1757 295 1758 263 1759 103 1760 295 1761 103 1762 23 1763 296 1764 301 1765 221 1766 296 1767 221 1768 119 1769 297 1770 292 1771 157 1772 157 1773 250 1774 297 1775 298 1776 160 1777 254 1778 298 1779 158 1780 160 1781 299 1782 191 1783 301 1784 56 1785 191 1786 299 1787 300 1788 56 1789 299 1790 300 1791 194 1792 56 1793 49 1794 301 1795 191 1796 238 1797 301 1798 49 1799 15 1800 302 1801 251 1802 15 1803 178 1804 302 1805 74 1806 177 1807 303 1808 74 1809 303 1810 220 1811 304 1812 106 1813 224 1814 106 1815 304 1816 266 1817 166 1818 305 1819 98 1820 259 1821 305 1822 166 1823 205 1824 306 1825 104 1826 263 1827 306 1828 205 1829 192 1830 307 1831 87 1832 261 1833 307 1834 192 1835 104 1836 308 1837 134 1838 306 1839 308 1840 104 1841 308 1842 309 1843 134 1844 134 1845 309 1846 211 1847 32 1848 95 1849 310 1850 32 1851 310 1852 204 1853 227 1854 52 1855 311 1856 227 1857 311 1858 281 1859</p>
        </triangles>
      </mesh>
    </geometry>
    <geometry id="FBXASC227FBXASC130FBXASC189FBXASC227FBXASC131FBXASC170FBXASC227FBXASC131FBXASC131FBXASC227FBXASC131FBXASC1374-lib" name="FBXASC227FBXASC130FBXASC189FBXASC227FBXASC131FBXASC170FBXASC227FBXASC131FBXASC131FBXASC227FBXASC131FBXASC1374Mesh">
      <mesh>
        <source id="FBXASC227FBXASC130FBXASC189FBXASC227FBXASC131FBXASC170FBXASC227FBXASC131FBXASC131FBXASC227FBXASC131FBXASC1374-POSITION">
          <float_array id="FBXASC227FBXASC130FBXASC189FBXASC227FBXASC131FBXASC170FBXASC227FBXASC131FBXASC131FBXASC227FBXASC131FBXASC1374-POSITION-array" count="906">5.6563e-05 -0.00151378 -9.2317e-05 6.0571e-05 -0.000942913 1.2319e-05 -7.8529e-05 -0.00151378 7.4532e-05 6.8168e-05 -0.001533465 1.78e-06 -4.625e-06 -0.001600394 0.000177105 -5.2705e-05 -0.000942913 -3.2292e-05 -9.699e-06 -0.000785433 -7.8141e-05 7.4532e-05 -0.00151378 7.8529e-05 -0.000170292 -0.001600394 -4.8869e-05 2.2519e-05 -0.001600394 -0.000175728 0.000177112 -0.001600394 -4.351e-06 1.9617e-05 -0.000942913 5.8615e-05 -0.000103811 -0.00151378 -3.0742e-05 -2.5165e-05 -0.000785433 7.461e-05 6.8168e-05 -0.001612205 1.78e-06 1.614e-06 -0.000942913 -6.179e-05 9.7378e-05 -0.00151378 0.000148003 5.7432e-05 -0.00151378 -0.000167598 -0.000125729 -0.001612205 0.000107398 -0.000117643 -0.001415354 -1.0491e-05 0.000118031 -0.001415354 -4.336e-06 -3.2542e-05 -0.001533465 -5.9925e-05 -9.294e-05 -0.000942913 7.2885e-05 7.2521e-05 -0.000785433 3.0671e-05 6.6905e-05 -0.001415354 9.7333e-05 -4.8606e-05 -0.00151378 -0.000170367 -0.000152746 -0.00151378 8.9757e-05 -7.8577e-05 -0.000942913 -8.818e-05 6.6905e-05 -0.000942913 9.7333e-05 -0.000156969 -0.00151378 -8.2148e-05 -4.0181e-05 -0.00151378 0.000172549 -5.4179e-05 -0.001415354 -0.000104951 0.000177112 -0.00151378 -4.351e-06 -7.1894e-05 -0.001415354 9.3708e-05 -3.5626e-05 -0.001533465 5.8145e-05 -6.8168e-05 -0.001612205 -1.78e-06 3.5626e-05 -0.001612205 -5.8145e-05 3.2349e-05 -0.000942913 -0.000113594 0.000118031 -0.000942913 -4.336e-06 0.000105274 -0.00151378 -2.5282e-05 -5.1668e-05 -0.00151378 -9.5144e-05 -2.826e-06 -0.00151378 0.000108231 -6.1131e-05 -0.000942913 9.141e-06 -7.8647e-05 -0.000785433 3.832e-06 0.000125178 -0.001600394 0.000125372 5.9583e-05 -0.001415354 -0.00010198 -1.7857e-05 -0.000942913 0.000116753 -0.000117643 -0.000942913 -1.0491e-05 0.000147853 -0.00151378 9.7607e-05 -2.265e-05 -0.000942913 5.7512e-05 -9.3667e-05 -0.001612205 -0.000136266 -0.000176643 -0.00151378 -1.3589e-05 0.000118871 -0.00151378 -0.000131367 -0 -0.001497981 -0 5.4319e-05 -0.000942913 -2.9498e-05 6.9196e-05 -0.000785433 -3.7576e-05 0.000145311 -0.001612205 -7.8911e-05 3.6004e-05 -0.000901575 -7.0026e-05 7.8529e-05 -0.00151378 -7.4532e-05 -6.8168e-05 -0.001533465 -1.78e-06 3.2542e-05 -0.001612205 5.9925e-05 -5.2032e-05 -0.000901575 -5.9099e-05 -0.000104971 -0.00151378 0.000142719 0.000161043 -0.00151378 -7.3844e-05 -0.000111852 -0.00151378 -0.000137393 3.1121e-05 -0.00151378 0.000174411 -7.6282e-05 -0.000901575 -1.9519e-05 3.2542e-05 -0.001533465 5.9925e-05 1.1739e-05 -0.001415354 0.000117525 -3.2542e-05 -0.001612205 -5.9925e-05 7.7197e-05 -0.000901575 -1.5511e-05 4.2642e-05 -0.000901575 6.6194e-05 8.3072e-05 -0.000942913 -8.3959e-05 -3.0742e-05 -0.00151378 0.000103811 -0.000108231 -0.00151378 -2.826e-06 -4.6039e-05 -0.000901575 6.3878e-05 8.9993e-05 -0.001600394 -0.000152607 0.00010552 -0.000942913 5.3062e-05 -2.6376e-05 -0.000942913 -0.000115127 -5.2032e-05 -0.000785433 -5.9099e-05 0.000103811 -0.00151378 3.0742e-05 2.826e-06 -0.00151378 -0.000108231 -0.000175763 -0.001600394 2.2247e-05 -3.5626e-05 -0.001612205 5.8145e-05 3.083e-06 -0.001415354 -0.00011807 1.1739e-05 -0.000942913 0.000117525 -0.000111338 -0.000942913 -3.9418e-05 0.000113244 -0.000942913 -3.3553e-05 4.2642e-05 -0.000785433 6.6194e-05 3.5626e-05 -0.001533465 -5.8145e-05 6.5592e-05 -0.001600394 0.000164576 0.000101342 -0.001415354 -6.0662e-05 -0.000104971 -0.001600394 0.000142719 -5.4319e-05 -0.000918504 2.9498e-05 0.000155874 -0.001612205 5.5185e-05 1.614e-06 -0.000918504 -6.179e-05 -7.4023e-05 -0.000785433 2.6844e-05 -7.4093e-05 -0.00151378 0.000160928 -0.000175763 -0.00151378 2.2247e-05 0.000164474 -0.00151378 6.5847e-05 0.000142881 -0.00151378 -0.00010475 -6.0571e-05 -0.000942913 -1.2319e-05 0.00010552 -0.001415354 5.3062e-05 -0.000108146 -0.000942913 4.7482e-05 6.1131e-05 -0.000918504 -9.141e-06 7.834e-05 -0.000785433 7.932e-06 -7.4532e-05 -0.00151378 -7.8529e-05 5.1668e-05 -0.00151378 9.5144e-05 -9.8038e-05 -0.001415354 -6.5868e-05 3.8482e-05 -0.000918504 4.8371e-05 -0.000163941 -0.001612205 -2.1571e-05 -0.000137219 -0.00151378 -0.000112064 2.2519e-05 -0.00151378 -0.000175728 6.5592e-05 -0.00151378 0.000164576 0.000174362 -0.00151378 3.139e-05 -1.3316e-05 -0.00151378 -0.000176664 -0.000167687 -0.00151378 5.7172e-05 3.6004e-05 -0.000785433 -7.0026e-05 -0.000108146 -0.001415354 4.7482e-05 3.859e-05 -0.001612205 -0.000160788 5.0355e-05 -0.001533465 3.0853e-05 2.265e-05 -0.000942913 -5.7512e-05 6.1131e-05 -0.000942913 -9.141e-06 -1.614e-06 -0.000942913 6.179e-05 8.9009e-05 -0.000942913 7.7636e-05 -3.859e-05 -0.001612205 0.000160788 -7.1894e-05 -0.000942913 9.3708e-05 -5.4179e-05 -0.000942913 -0.000104951 5.9583e-05 -0.000942913 -0.00010198 -5.2705e-05 -0.000918504 -3.2292e-05 -0.000111852 -0.001600394 -0.000137393 9.5144e-05 -0.00151378 -5.1668e-05 -5.6563e-05 -0.00151378 9.2317e-05 -0.000105274 -0.00151378 2.5282e-05 3.0742e-05 -0.00151378 -0.000103811 -9.2317e-05 -0.00151378 -5.6563e-05 -9.5144e-05 -0.00151378 5.1668e-05 2.5282e-05 -0.00151378 0.000105274 0.000108231 -0.00151378 2.826e-06 -0.000152746 -0.001600394 8.9757e-05 -2.5282e-05 -0.00151378 -0.000105274 9.2317e-05 -0.00151378 5.6563e-05 0.000164474 -0.001600394 6.5847e-05 -4.625e-06 -0.00151378 0.000177105 -1.614e-06 -0.000918504 6.179e-05 0.000161043 -0.001600394 -7.3844e-05 0.000125178 -0.00151378 0.000125372 -0.000170292 -0.00151378 -4.8869e-05 0.000172611 -0.00151378 -3.9914e-05 8.9993e-05 -0.00151378 -0.000152607 -8.1905e-05 -0.00151378 -0.000157096 -7.4023e-05 -0.000901575 2.6844e-05 -0.000131551 -0.00151378 0.000118667 7.2521e-05 -0.000901575 3.0671e-05 -9.699e-06 -0.000901575 -7.8141e-05 -7.6282e-05 -0.000785433 -1.9519e-05 -0.000156969 -0.001600394 -8.2148e-05 -6.1131e-05 -0.000918504 9.141e-06 2.265e-05 -0.000918504 -5.7512e-05 -4.8606e-05 -0.001600394 -0.000170367 -5.4319e-05 -0.000942913 2.9498e-05 -4.6331e-05 -0.000942913 0.000108644 3.8482e-05 -0.000942913 4.8371e-05 -3.8482e-05 -0.000942913 -4.8371e-05 -1.9617e-05 -0.000942913 -5.8615e-05 3.083e-06 -0.000942913 -0.00011807 5.2705e-05 -0.000942913 3.2292e-05 0.000115401 -0.000942913 2.5153e-05 -0.000116556 -0.000942913 1.9095e-05 4.0598e-05 -0.000942913 0.000110914 0.000101342 -0.000942913 -6.0662e-05 -9.8038e-05 -0.000942913 -6.5868e-05 -4.0954e-05 -0.000942913 4.6297e-05 5.5046e-05 -0.000901575 -5.6303e-05 2.1237e-05 -0.000901575 7.5822e-05 4.0954e-05 -0.000942913 -4.6297e-05 3.0145e-05 -0.001612205 0.000162583 0.000119952 -0.001612205 0.000113814 0.000108231 -0.001425197 2.826e-06 -3.0742e-05 -0.001425197 0.000103811 2.5282e-05 -0.001425197 0.000105274 -7.4532e-05 -0.001425197 -7.8529e-05 2.826e-06 -0.001425197 -0.000108231 -0.000103811 -0.001425197 -3.0742e-05 6.0259e-05 -0.000785433 5.0684e-05 9.2317e-05 -0.001425197 5.6563e-05 9.5144e-05 -0.001425197 -5.1668e-05 5.6563e-05 -0.001425197 -9.2317e-05 -0.000105274 -0.001425197 2.5282e-05 5.1668e-05 -0.001425197 9.5144e-05 -6.714e-05 -0.000785433 -4.1137e-05 -7.8529e-05 -0.001425197 7.4532e-05 -0.000158542 -0.001612205 4.6974e-05 0.000164844 -0.001612205 -1.2985e-05 -0.000140994 -0.001612205 -8.6387e-05 2.1237e-05 -0.000785433 7.5822e-05 -3.23e-05 -0.000785433 -7.181e-05 0.000100652 -0.001612205 -0.000131192 -3.0145e-05 -0.001612205 -0.000162583 7.7197e-05 -0.000785433 -1.5511e-05 5.4319e-05 -0.000918504 -2.9498e-05 0.000118871 -0.001600394 -0.000131367 5.2705e-05 -0.000918504 3.2292e-05 -2.5165e-05 -0.000901575 7.461e-05 -4.0181e-05 -0.001600394 0.000172549 -2.056e-06 -0.000785433 7.8713e-05 -6.2822e-05 -0.000785433 4.747e-05 -2.6376e-05 -0.001415354 -0.000115127 -2.5282e-05 -0.001425197 -0.000105274 -1.7857e-05 -0.001415354 0.000116753 1.3764e-05 -0.000785433 -7.7528e-05 -0.000116556 -0.001415354 1.9095e-05 0.000115401 -0.001415354 2.5153e-05 -1.9617e-05 -0.000918504 -5.8615e-05 -4.0954e-05 -0.000918504 4.6297e-05 -5.6563e-05 -0.001425197 9.2317e-05 -8.1905e-05 -0.001600394 -0.000157096 -9.2317e-05 -0.001425197 -5.6563e-05 -5.0355e-05 -0.001533465 -3.0853e-05 5.6002e-05 -0.001533465 -1.8742e-05 -7.4093e-05 -0.001600394 0.000160928 -0.000131551 -0.001600394 0.000118667 -3.8482e-05 -0.000918504 -4.8371e-05 -2.265e-05 -0.000918504 5.7512e-05 -0.000167687 -0.001600394 5.7172e-05 -0.000176643 -0.001600394 -1.3589e-05 -3.6766e-05 -0.001533465 -4.6214e-05 3.6766e-05 -0.001533465 4.6214e-05 6.0571e-05 -0.000918504 1.2319e-05 -4.6331e-05 -0.001415354 0.000108644 4.0598e-05 -0.001415354 0.000110914 -9.294e-05 -0.001415354 7.2885e-05 8.9009e-05 -0.001415354 7.7636e-05 -1.3316e-05 -0.001600394 -0.000176664 -7.8647e-05 -0.000901575 3.832e-06 -2.826e-06 -0.001425197 0.000108231 5.7432e-05 -0.001600394 -0.000167598 0.000113244 -0.001415354 -3.3553e-05 -0.000111338 -0.001415354 -3.9418e-05 0.000142881 -0.001600394 -0.00010475 -0.000137219 -0.001600394 -0.000112064 -7.8577e-05 -0.001415354 -8.818e-05 8.3072e-05 -0.001415354 -8.3959e-05 7.4532e-05 -0.001425197 7.8529e-05 3.2349e-05 -0.001415354 -0.000113594 0.000172611 -0.001600394 -3.9914e-05 1.9617e-05 -0.000918504 5.8615e-05 -6.0571e-05 -0.000918504 -1.2319e-05 4.0954e-05 -0.000918504 -4.6297e-05 -9.5144e-05 -0.001425197 5.1668e-05 0.000103811 -0.001425197 3.0742e-05 0.000174362 -0.001600394 3.139e-05 -0.000108231 -0.001425197 -2.826e-06 0.000105274 -0.001425197 -2.5282e-05 3.0742e-05 -0.001425197 -0.000103811 -5.1668e-05 -0.001425197 -9.5144e-05 7.8529e-05 -0.001425197 -7.4532e-05 0.000147853 -0.001600394 9.7607e-05 9.7378e-05 -0.001600394 0.000148003 3.1121e-05 -0.001600394 0.000174411 -6.2822e-05 -0.000901575 4.747e-05 1.3764e-05 -0.000901575 -7.7528e-05 6.0259e-05 -0.000901575 5.0684e-05 7.834e-05 -0.000901575 7.932e-06 -3.23e-05 -0.000901575 -7.181e-05 -3.9128e-05 -0.001533465 4.4232e-05 3.9128e-05 -0.001533465 -4.4232e-05 -7.1176e-05 -0.001612205 0.000149251 6.9196e-05 -0.000901575 -3.7576e-05 -2.056e-06 -0.000901575 7.8713e-05 -6.714e-05 -0.000901575 -4.1137e-05 4.317e-06 -0.001612205 -0.000165298 -5.8406e-05 -0.001533465 8.733e-06 -4.6039e-05 -0.000785433 6.3878e-05 5.5046e-05 -0.000785433 -5.6303e-05 6.3289e-05 -0.001612205 0.000152763 7.1176e-05 -0.001612205 -0.000149251 -6.3289e-05 -0.001612205 -0.000152763 -0.000119952 -0.001612205 -0.000113814 0.000125729 -0.001612205 -0.000107398 0.000158542 -0.001612205 -4.6974e-05 -0.000155874 -0.001612205 -5.5185e-05 -0.000164844 -0.001612205 1.2985e-05 0.000163941 -0.001612205 2.1571e-05 -4.317e-06 -0.001612205 0.000165298 0.000140994 -0.001612205 8.6387e-05 -0.000145311 -0.001612205 7.8911e-05 -0.000100652 -0.001612205 0.000131192 9.3667e-05 -0.001612205 0.000136266 1.542e-06 -0.001533465 -5.9035e-05 -1.542e-06 -0.001533465 5.9035e-05 5.9035e-05 -0.001533465 1.542e-06 -1.8742e-05 -0.001533465 -5.6002e-05 1.8742e-05 -0.001533465 5.6002e-05 -5.787e-05 -0.001533465 -1.177e-05 -5.1897e-05 -0.001533465 2.8182e-05 -2.164e-05 -0.001533465 5.4947e-05 2.164e-05 -0.001533465 -5.4947e-05 5.4947e-05 -0.001533465 2.164e-05 5.1897e-05 -0.001533465 -2.8182e-05 5.787e-05 -0.001533465 1.177e-05 5.8406e-05 -0.001533465 -8.733e-06</float_array>
          <technique_common>
            <accessor source="#FBXASC227FBXASC130FBXASC189FBXASC227FBXASC131FBXASC170FBXASC227FBXASC131FBXASC131FBXASC227FBXASC131FBXASC1374-POSITION-array" count="302" stride="3">
              <param name="X" type="float"/>
              <param name="Y" type="float"/>
              <param name="Z" type="float"/>
            </accessor>
          </technique_common>
        </source>
        <source id="FBXASC227FBXASC130FBXASC189FBXASC227FBXASC131FBXASC170FBXASC227FBXASC131FBXASC131FBXASC227FBXASC131FBXASC1374-Normal0">
          <float_array id="FBXASC227FBXASC130FBXASC189FBXASC227FBXASC131FBXASC170FBXASC227FBXASC131FBXASC131FBXASC227FBXASC131FBXASC1374-Normal0-array" count="5400">
-0.996371 -0.000000 2.336417
-0.996371 -0.000000 2.336417
-0.384025 -0.000000 2.510802
-1.689819 -0.000000 -1.896342
-2.108331 -0.000000 -1.416524
-1.689819 -0.000000 -1.896342
2.269244 0.000000 1.141110
2.269244 0.000000 1.141110
2.481734 0.000000 0.540922
0.000000 -2.540000 0.000000
0.000000 -2.540000 0.000000
0.000000 -2.540000 0.000000
0.000000 -2.540000 0.000000
0.000000 -2.540000 0.000000
0.000000 -2.540000 0.000000
-0.000000 2.540000 0.000000
-0.000000 2.540000 0.000000
-0.000000 2.540000 0.000000
-1.546112 -0.000000 2.015227
-1.546112 -0.000000 2.015227
-0.996371 -0.000000 2.336417
-2.026519 -0.000000 1.531281
-2.387839 -0.000000 0.865924
-2.026519 -0.000000 1.531281
0.066310 0.000000 -2.539134
0.066310 0.000000 -2.539134
-0.567230 -0.000000 -2.475853
0.444008 0.000000 -2.500891
0.444008 0.000000 -2.500891
-0.312869 -0.000000 -2.520657
2.119746 0.000000 1.399384
2.119746 0.000000 1.399384
2.358049 0.000000 0.944037
-0.000000 2.540000 0.000000
-0.000000 2.540000 0.000000
-0.000000 2.540000 0.000000
-0.000000 2.540000 0.000000
-0.000000 2.540000 0.000000
-0.000000 2.540000 0.000000
-2.404109 -0.000000 0.819672
-2.404109 -0.000000 0.819672
-2.189897 -0.000000 1.286837
-0.000000 2.540000 0.000000
-0.000000 2.540000 0.000000
-0.000000 2.540000 0.000000
-0.000000 2.540000 0.000000
-0.000000 2.540000 0.000000
-0.000000 2.540000 0.000000
2.165800 0.000000 1.326993
2.165800 0.000000 1.326993
2.165800 0.000000 1.326993
0.066310 0.000000 -2.539134
0.066310 0.000000 -2.539134
0.066310 0.000000 -2.539134
1.943831 0.000000 1.634968
1.943831 0.000000 1.634968
2.339388 0.000000 0.989376
2.481734 0.000000 0.540922
2.269244 0.000000 1.141110
2.481734 0.000000 0.540922
-0.066310 -0.000000 2.539134
-0.721227 -0.000000 2.435453
-0.066310 -0.000000 2.539134
-0.000000 2.540000 0.000000
-0.000000 2.540000 0.000000
-0.000000 2.540000 0.000000
1.375557 0.000000 2.135285
1.375557 0.000000 2.135285
1.943831 0.000000 1.634968
-2.165800 -0.000000 -1.326993
-2.165800 -0.000000 -1.326993
-2.460717 -0.000000 -0.629658
0.000000 -2.540000 0.000000
0.000000 -2.540000 0.000000
0.000000 -2.540000 0.000000
0.000000 -2.540000 0.000000
0.000000 -2.540000 0.000000
0.000000 -2.540000 0.000000
2.232110 0.000000 -1.212141
2.490228 0.000000 -0.500363
2.232110 0.000000 -1.212141
2.179393 0.000000 -1.304549
2.179393 0.000000 -1.304549
1.786495 0.000000 -1.805557
-0.000000 2.540000 0.000000
-0.000000 2.540000 0.000000
-0.000000 2.540000 0.000000
-0.000000 2.540000 0.000000
-0.000000 2.540000 0.000000
-0.000000 2.540000 0.000000
2.048475 0.000000 -1.501783
2.048475 0.000000 -1.501783
1.704236 0.000000 -1.883396
-1.603609 -0.000000 -1.969781
-1.967297 -0.000000 -1.606656
-1.603609 -0.000000 -1.969781
-1.062259 -0.000000 2.307208
-1.504952 -0.000000 2.046148
-1.062259 -0.000000 2.307208
0.000000 -2.540000 0.000000
0.000000 -2.540000 0.000000
0.000000 -2.540000 0.000000
-2.469778 -0.000000 0.593126
-2.232110 -0.000000 1.212141
-2.469778 -0.000000 0.593126
-1.748551 -0.000000 -1.842327
-1.748551 -0.000000 -1.842327
-2.165800 -0.000000 -1.326993
2.232110 0.000000 -1.212141
2.469778 0.000000 -0.593126
2.232110 0.000000 -1.212141
0.695684 0.000000 -2.442872
1.281345 0.000000 -2.193115
0.695684 0.000000 -2.442872
-2.232110 -0.000000 1.212141
-2.232110 -0.000000 1.212141
-2.232110 -0.000000 1.212141
2.232110 0.000000 -1.212141
2.232110 0.000000 -1.212141
2.232110 0.000000 -1.212141
-0.000000 2.540000 0.000000
-0.000000 2.540000 0.000000
-0.000000 2.540000 0.000000
-2.506585 -0.000000 0.410651
-2.506585 -0.000000 0.410651
-2.325711 -0.000000 1.021112
-0.000000 2.540000 0.000000
-0.000000 2.540000 0.000000
-0.000000 2.540000 0.000000
1.775659 0.000000 -1.816215
1.775659 0.000000 -1.816215
1.161433 0.000000 -2.258910
0.593126 0.000000 2.469778
1.212141 0.000000 2.232110
0.593126 0.000000 2.469778
2.435453 0.000000 0.721227
2.539134 0.000000 0.066310
2.435453 0.000000 0.721227
-0.190910 -0.000000 -2.532815
0.322850 0.000000 -2.519398
-0.190910 -0.000000 -2.532815
-0.000000 2.540000 0.000000
-0.000000 2.540000 0.000000
-0.000000 2.540000 0.000000
-0.000000 2.540000 0.000000
-0.000000 2.540000 0.000000
-0.000000 2.540000 0.000000
-0.000000 2.540000 0.000000
-0.000000 2.540000 0.000000
-0.000000 2.540000 0.000000
-0.000000 2.540000 0.000000
-0.000000 2.540000 0.000000
-0.000000 2.540000 0.000000
-0.000000 2.540000 0.000000
-0.000000 2.540000 0.000000
-0.000000 2.540000 0.000000
-0.000000 2.540000 0.000000
-0.000000 2.540000 0.000000
-0.000000 2.540000 0.000000
-0.000000 2.540000 0.000000
-0.000000 2.540000 0.000000
-0.000000 2.540000 0.000000
-2.404109 -0.000000 0.819672
-2.519895 -0.000000 0.318950
-2.404109 -0.000000 0.819672
-1.967297 -0.000000 -1.606656
-1.967297 -0.000000 -1.606656
-1.603609 -0.000000 -1.969781
-1.062259 -0.000000 2.307208
-1.062259 -0.000000 2.307208
-0.576077 -0.000000 2.473810
0.446171 0.000000 2.500506
-0.066310 -0.000000 2.539134
0.446171 0.000000 2.500506
-0.593126 -0.000000 -2.469778
0.066310 0.000000 -2.539134
-0.593126 -0.000000 -2.469778
0.721227 0.000000 -2.435453
0.066310 0.000000 -2.539134
0.721227 0.000000 -2.435453
2.499813 0.000000 0.450041
2.358049 0.000000 0.944037
2.499813 0.000000 0.450041
2.048475 0.000000 -1.501783
2.308849 0.000000 -1.058686
2.048475 0.000000 -1.501783
-2.232110 -0.000000 1.212141
-2.232110 -0.000000 1.212141
-2.469778 -0.000000 0.593126
-2.325711 -0.000000 1.021112
-2.506585 -0.000000 0.410651
-2.325711 -0.000000 1.021112
-2.165800 -0.000000 -1.326993
-2.165800 -0.000000 -1.326993
-2.165800 -0.000000 -1.326993
0.866768 -2.177205 -0.979843
1.149622 -2.177205 -0.624299
1.023748 -2.177205 -0.814444
0.000000 -2.540000 0.000000
0.000000 -2.540000 0.000000
0.000000 -2.540000 0.000000
0.000000 -2.540000 0.000000
0.000000 -2.540000 0.000000
0.000000 -2.540000 0.000000
-2.232110 -0.000000 1.212141
-2.232110 -0.000000 1.212141
-2.232110 -0.000000 1.212141
0.000000 -2.540000 0.000000
0.000000 -2.540000 0.000000
0.000000 -2.540000 0.000000
-0.000000 2.540000 0.000000
-0.000000 2.540000 0.000000
-0.000000 2.540000 0.000000
-0.000000 2.540000 0.000000
-0.000000 2.540000 0.000000
-0.000000 2.540000 0.000000
-0.000000 2.540000 0.000000
-0.000000 2.540000 0.000000
-0.000000 2.540000 0.000000
-0.000000 2.540000 0.000000
-0.000000 2.540000 0.000000
-0.000000 2.540000 0.000000
2.165800 0.000000 1.326993
2.165800 0.000000 1.326993
2.435453 0.000000 0.721227
-0.000000 2.540000 0.000000
-0.000000 2.540000 0.000000
-0.000000 2.540000 0.000000
-2.165800 -0.000000 -1.326993
-1.748551 -0.000000 -1.842327
-2.165800 -0.000000 -1.326993
-0.000000 2.540000 0.000000
-0.000000 2.540000 0.000000
-0.000000 2.540000 0.000000
-0.000000 2.540000 0.000000
-0.000000 2.540000 0.000000
-0.000000 2.540000 0.000000
-1.326993 -0.000000 2.165800
-1.842327 -0.000000 1.748551
-1.326993 -0.000000 2.165800
-0.000000 2.540000 0.000000
-0.000000 2.540000 0.000000
-0.000000 2.540000 0.000000
-2.165800 -0.000000 -1.326993
-1.678441 -0.000000 -1.906420
-2.165800 -0.000000 -1.326993
-1.485133 -0.000000 2.060577
-1.485133 -0.000000 2.060577
-2.026519 -0.000000 1.531281
-0.000000 2.540000 0.000000
-0.000000 2.540000 0.000000
-0.000000 2.540000 0.000000
0.000000 -2.540000 0.000000
0.000000 -2.540000 0.000000
0.000000 -2.540000 0.000000
0.446171 0.000000 2.500506
0.940386 0.000000 2.359507
0.446171 0.000000 2.500506
1.842327 0.000000 -1.748551
1.842327 0.000000 -1.748551
1.326993 0.000000 -2.165800
1.786495 0.000000 -1.805557
2.179393 0.000000 -1.304549
1.786495 0.000000 -1.805557
0.873064 0.000000 2.385238
0.873064 0.000000 2.385238
1.438820 0.000000 2.093179
-0.000000 2.540000 0.000000
-0.000000 2.540000 0.000000
-0.000000 2.540000 0.000000
-0.000000 2.540000 0.000000
-0.000000 2.540000 0.000000
-0.000000 2.540000 0.000000
-2.108331 -0.000000 -1.416524
-2.108331 -0.000000 -1.416524
-1.689819 -0.000000 -1.896342
-0.000000 2.540000 0.000000
-0.000000 2.540000 0.000000
-0.000000 2.540000 0.000000
1.794661 0.000000 1.797441
1.396102 0.000000 2.121909
1.794661 0.000000 1.797441
-0.000000 2.540000 0.000000
-0.000000 2.540000 0.000000
-0.000000 2.540000 0.000000
-0.066310 -0.000000 2.539134
-0.811787 -0.000000 2.406782
-0.066310 -0.000000 2.539134
-0.696854 -0.000000 -2.442538
-0.696854 -0.000000 -2.442538
-1.174269 -0.000000 -2.252264
0.000000 -2.540000 0.000000
0.000000 -2.540000 0.000000
0.000000 -2.540000 0.000000
-2.441457 -0.000000 -0.700634
-2.250444 -0.000000 -1.177753
-2.441457 -0.000000 -0.700634
-0.000000 2.540000 0.000000
-0.000000 2.540000 0.000000
-0.000000 2.540000 0.000000
1.290225 0.000000 -2.187903
0.823392 0.000000 -2.402837
1.290225 0.000000 -2.187903
-0.000000 2.540000 0.000000
-0.000000 2.540000 0.000000
-0.000000 2.540000 0.000000
-0.866768 -2.177205 0.979843
-1.149622 -2.177205 0.624299
-1.023748 -2.177205 0.814444
-1.115469 -2.177205 -0.683452
-0.814444 -2.177205 -1.023748
-0.979843 -2.177205 -0.866768
-0.000000 2.540000 0.000000
-0.000000 2.540000 0.000000
-0.000000 2.540000 0.000000
1.682921 0.000000 -1.902466
1.682921 0.000000 -1.902466
2.232110 0.000000 -1.212141
2.490228 0.000000 -0.500363
2.490228 0.000000 -0.500363
2.527079 0.000000 0.255874
-0.000000 2.540000 0.000000
-0.000000 2.540000 0.000000
-0.000000 2.540000 0.000000
0.000000 -2.540000 0.000000
0.000000 -2.540000 0.000000
0.000000 -2.540000 0.000000
2.474699 0.000000 -0.572247
2.474699 0.000000 -0.572247
2.308849 0.000000 -1.058686
1.682921 0.000000 -1.902466
0.930746 0.000000 -2.363326
1.682921 0.000000 -1.902466
-0.806124 -0.000000 -2.408685
-1.581328 -0.000000 -1.987713
-0.806124 -0.000000 -2.408685
-0.000000 2.540000 0.000000
-0.000000 2.540000 0.000000
-0.000000 2.540000 0.000000
1.326993 0.000000 -2.165800
1.842327 0.000000 -1.748551
1.326993 0.000000 -2.165800
1.115469 -2.177205 0.683452
0.814444 -2.177205 1.023748
0.979843 -2.177205 0.866768
2.165800 0.000000 1.326993
2.165800 0.000000 1.326993
2.165800 0.000000 1.326993
-2.165800 -0.000000 -1.326993
-2.165800 -0.000000 -1.326993
-2.165800 -0.000000 -1.326993
0.000000 -2.540000 0.000000
0.000000 -2.540000 0.000000
0.000000 -2.540000 0.000000
-1.531452 -1.796051 -0.938326
-1.186837 -1.796051 -1.348042
-1.531452 -1.796051 -0.938326
-0.736767 -1.796051 -1.637979
-0.570016 -1.796051 -1.703198
-1.118167 -1.796051 -1.405525
-0.000000 2.540000 0.000000
-0.000000 2.540000 0.000000
-0.000000 2.540000 0.000000
-1.886032 -0.000000 1.701318
-2.189897 -0.000000 1.286837
-1.886032 -0.000000 1.701318
2.474699 0.000000 -0.572247
2.539234 0.000000 -0.062380
2.474699 0.000000 -0.572247
-0.000000 2.540000 0.000000
-0.000000 2.540000 0.000000
-0.000000 2.540000 0.000000
-0.000000 2.540000 0.000000
-0.000000 2.540000 0.000000
-0.000000 2.540000 0.000000
-1.174269 -0.000000 -2.252264
-0.696854 -0.000000 -2.442538
-1.174269 -0.000000 -2.252264
0.940386 0.000000 2.359507
0.940386 0.000000 2.359507
0.446171 0.000000 2.500506
-0.000000 2.540000 0.000000
-0.000000 2.540000 0.000000
-0.000000 2.540000 0.000000
-1.578340 -1.796051 0.857113
-1.432965 -1.796051 1.082779
-1.688457 -1.796051 0.612300
-1.739990 -1.796051 -0.445236
-1.531452 -1.796051 -0.938326
-1.760020 -1.796051 -0.357951
0.034152 -2.177205 -1.307751
0.479370 -2.177205 -1.217203
0.260722 -2.177205 -1.281953
0.066310 0.000000 -2.539134
0.066310 0.000000 -2.539134
0.066310 0.000000 -2.539134
1.212141 0.000000 2.232110
1.212141 0.000000 2.232110
0.593126 0.000000 2.469778
0.873064 0.000000 2.385238
0.252451 0.000000 2.527423
0.873064 0.000000 2.385238
-0.066310 -0.000000 2.539134
-0.066310 -0.000000 2.539134
-0.066310 -0.000000 2.539134
0.000000 -2.540000 0.000000
0.000000 -2.540000 0.000000
0.000000 -2.540000 0.000000
2.512074 0.000000 -0.375613
2.232110 0.000000 -1.212141
2.512074 0.000000 -0.375613
2.489044 0.000000 0.506219
2.489044 0.000000 0.506219
2.165800 0.000000 1.326993
2.165800 0.000000 1.326993
2.165800 0.000000 1.326993
1.581328 0.000000 1.987713
0.806124 0.000000 2.408685
0.806124 0.000000 2.408685
-0.066310 -0.000000 2.539134
1.281345 0.000000 -2.193115
1.281345 0.000000 -2.193115
0.695684 0.000000 -2.442872
-0.000000 2.540000 0.000000
-0.000000 2.540000 0.000000
-0.000000 2.540000 0.000000
-0.000000 2.540000 0.000000
-0.000000 2.540000 0.000000
-0.000000 2.540000 0.000000
-0.721227 -0.000000 2.435453
-0.721227 -0.000000 2.435453
-0.066310 -0.000000 2.539134
-0.000000 2.540000 0.000000
-0.000000 2.540000 0.000000
-0.000000 2.540000 0.000000
-2.435453 -0.000000 -0.721227
-2.435453 -0.000000 -0.721227
-2.539134 -0.000000 -0.066310
-0.066310 -0.000000 2.539134
0.806124 0.000000 2.408685
-0.066310 -0.000000 2.539134
-0.930746 -0.000000 2.363326
-0.930746 -0.000000 2.363326
-1.682921 -0.000000 1.902466
0.823392 0.000000 -2.402837
0.823392 0.000000 -2.402837
0.322850 0.000000 -2.519398
-0.327429 -1.796051 -1.765953
-0.134994 -1.796051 -1.790971
0.046888 -1.796051 -1.795439
2.269244 0.000000 1.141110
2.269244 0.000000 1.141110
1.914169 0.000000 1.669598
-0.000000 2.540000 0.000000
-0.000000 2.540000 0.000000
-0.000000 2.540000 0.000000
-1.165129 -0.000000 -2.257005
-1.165129 -0.000000 -2.257005
-1.689819 -0.000000 -1.896342
-0.000000 2.540000 0.000000
-0.000000 2.540000 0.000000
-0.000000 2.540000 0.000000
-1.678441 -0.000000 -1.906420
-1.678441 -0.000000 -1.906420
-1.041946 -0.000000 -2.316452
-0.000000 2.540000 0.000000
-0.000000 2.540000 0.000000
-0.000000 2.540000 0.000000
-0.000000 2.540000 0.000000
-0.000000 2.540000 0.000000
-0.000000 2.540000 0.000000
2.539134 0.000000 0.066310
2.539134 0.000000 0.066310
2.435453 0.000000 0.721227
0.066310 0.000000 -2.539134
0.066310 0.000000 -2.539134
0.721227 0.000000 -2.435453
-0.000000 2.540000 0.000000
-0.000000 2.540000 0.000000
-0.000000 2.540000 0.000000
-1.790505 -1.796051 0.141043
-1.722053 -1.796051 0.510228
-1.781835 -1.796051 0.225532
-2.532517 -0.000000 -0.194830
-2.532517 -0.000000 -0.194830
-2.519895 -0.000000 0.318950
0.000000 -2.540000 0.000000
0.000000 -2.540000 0.000000
0.000000 -2.540000 0.000000
2.232110 0.000000 -1.212141
2.232110 0.000000 -1.212141
2.232110 0.000000 -1.212141
-1.212141 -0.000000 -2.232110
-1.212141 -0.000000 -2.232110
-0.593126 -0.000000 -2.469778
-0.567230 -0.000000 -2.475853
0.066310 0.000000 -2.539134
-0.567230 -0.000000 -2.475853
-0.000000 2.540000 0.000000
-0.000000 2.540000 0.000000
-0.000000 2.540000 0.000000
-0.384025 -0.000000 2.510802
-0.384025 -0.000000 2.510802
0.252451 0.000000 2.527423
-0.000000 2.540000 0.000000
-0.000000 2.540000 0.000000
-0.000000 2.540000 0.000000
-2.529960 -0.000000 -0.225613
-2.394369 -0.000000 -0.847700
-2.529960 -0.000000 -0.225613
-0.000000 2.540000 0.000000
-0.000000 2.540000 0.000000
-0.000000 2.540000 0.000000
2.538288 0.000000 -0.093254
2.538288 0.000000 -0.093254
2.435351 0.000000 -0.721571
-0.066310 -0.000000 2.539134
0.685059 0.000000 2.445873
-0.066310 -0.000000 2.539134
-0.000000 2.540000 0.000000
-0.000000 2.540000 0.000000
-0.000000 2.540000 0.000000
-0.034152 -2.177205 1.307751
-0.479370 -2.177205 1.217203
-0.260722 -2.177205 1.281953
-0.066310 -0.000000 2.539134
-0.066310 -0.000000 2.539134
-0.066310 -0.000000 2.539134
0.000000 -2.540000 0.000000
0.000000 -2.540000 0.000000
0.000000 -2.540000 0.000000
1.396102 0.000000 2.121909
1.396102 0.000000 2.121909
1.794661 0.000000 1.797441
2.469778 0.000000 -0.593126
2.469778 0.000000 -0.593126
2.232110 0.000000 -1.212141
2.435351 0.000000 -0.721571
2.538288 0.000000 -0.093254
2.435351 0.000000 -0.721571
-0.773106 -1.796051 1.621144
-1.064162 -1.796051 1.446845
-1.093266 -1.796051 1.424980
-1.548491 -1.796051 0.909931
-1.699961 -1.796051 0.579596
-1.578340 -1.796051 0.857113
-1.682921 -0.000000 1.902466
-1.682921 -0.000000 1.902466
-2.232110 -0.000000 1.212141
-2.489044 -0.000000 -0.506219
-2.512074 -0.000000 0.375613
-2.489044 -0.000000 -0.506219
1.790505 -1.796051 -0.141043
1.722053 -1.796051 -0.510228
1.749876 -1.796051 -0.404640
2.499813 0.000000 0.450041
2.499813 0.000000 0.450041
2.539234 0.000000 -0.062380
0.046888 -1.796051 -1.795439
-0.221232 -1.796051 -1.782374
0.313961 -1.796051 -1.768397
1.255580 -1.796051 -1.284258
1.578340 -1.796051 -0.857113
1.190005 -1.796051 -1.345247
-2.387839 -0.000000 0.865924
-2.536990 -0.000000 0.123625
-2.387839 -0.000000 0.865924
-0.000000 2.540000 0.000000
-0.000000 2.540000 0.000000
-0.000000 2.540000 0.000000
-0.576077 -0.000000 2.473810
-1.062259 -0.000000 2.307208
-0.576077 -0.000000 2.473810
-0.000000 2.540000 0.000000
-0.000000 2.540000 0.000000
-0.000000 2.540000 0.000000
-0.000000 2.540000 0.000000
-0.000000 2.540000 0.000000
-0.000000 2.540000 0.000000
-2.519895 -0.000000 0.318950
-2.532517 -0.000000 -0.194830
-2.519895 -0.000000 0.318950
2.358049 0.000000 0.944037
2.119746 0.000000 1.399384
2.358049 0.000000 0.944037
-0.000000 2.540000 0.000000
-0.000000 2.540000 0.000000
-0.000000 2.540000 0.000000
1.704236 0.000000 -1.883396
2.048475 0.000000 -1.501783
1.704236 0.000000 -1.883396
-0.000000 2.540000 0.000000
-0.000000 2.540000 0.000000
-0.000000 2.540000 0.000000
-0.000000 2.540000 0.000000
-0.000000 2.540000 0.000000
-0.000000 2.540000 0.000000
-1.581328 -0.000000 -1.987713
-1.581328 -0.000000 -1.987713
-0.806124 -0.000000 -2.408685
1.748551 0.000000 1.842327
1.748551 0.000000 1.842327
2.165800 0.000000 1.326993
1.914169 0.000000 1.669598
1.438820 0.000000 2.093179
1.914169 0.000000 1.669598
-2.325711 -0.000000 1.021112
-2.325711 -0.000000 1.021112
-1.998704 -0.000000 1.567412
-0.000000 2.540000 0.000000
-0.000000 2.540000 0.000000
-0.000000 2.540000 0.000000
1.578340 -1.796051 -0.857113
1.578340 -1.796051 -0.857113
1.760857 -1.796051 -0.353810
1.760020 -1.796051 0.357951
1.654197 -1.796051 0.699595
1.531452 -1.796051 0.938326
-0.000000 2.540000 0.000000
-0.000000 2.540000 0.000000
-0.000000 2.540000 0.000000
2.339388 0.000000 0.989376
2.339388 0.000000 0.989376
2.527079 0.000000 0.255874
-1.748551 -0.000000 -1.842327
-1.748551 -0.000000 -1.842327
-1.212141 -0.000000 -2.232110
-0.000000 2.540000 0.000000
-0.000000 2.540000 0.000000
-0.000000 2.540000 0.000000
1.748551 0.000000 1.842327
1.748551 0.000000 1.842327
1.212141 0.000000 2.232110
-0.000000 2.540000 0.000000
-0.000000 2.540000 0.000000
-0.000000 2.540000 0.000000
-2.394369 -0.000000 -0.847700
-2.394369 -0.000000 -0.847700
-2.529960 -0.000000 -0.225613
-2.539134 -0.000000 -0.066310
-2.435453 -0.000000 -0.721227
-2.539134 -0.000000 -0.066310
1.531452 -1.796051 0.938326
1.654197 -1.796051 0.699595
1.374496 -1.796051 1.156097
0.484410 -1.796051 1.729493
-0.046888 -1.796051 1.795439
0.570016 -1.796051 1.703198
-1.781835 -1.796051 0.225532
-1.790760 -1.796051 -0.137766
-1.790505 -1.796051 0.141043
-1.302897 -1.796051 -1.236228
-1.531452 -1.796051 -0.938326
-1.391089 -1.796051 -1.136077
-0.000000 2.540000 0.000000
-0.000000 2.540000 0.000000
-0.000000 2.540000 0.000000
-2.250444 -0.000000 -1.177753
-1.967297 -0.000000 -1.606656
-2.250444 -0.000000 -1.177753
0.322850 0.000000 -2.519398
0.823392 0.000000 -2.402837
0.322850 0.000000 -2.519398
-0.000000 2.540000 0.000000
-0.000000 2.540000 0.000000
-0.000000 2.540000 0.000000
1.396102 0.000000 2.121909
0.940386 0.000000 2.359507
1.396102 0.000000 2.121909
-0.000000 2.540000 0.000000
-0.000000 2.540000 0.000000
-0.000000 2.540000 0.000000
-0.000000 2.540000 0.000000
-0.000000 2.540000 0.000000
-0.000000 2.540000 0.000000
2.539234 0.000000 -0.062380
2.499813 0.000000 0.450041
2.539234 0.000000 -0.062380
-0.000000 2.540000 0.000000
-0.000000 2.540000 0.000000
-0.000000 2.540000 0.000000
-0.696854 -0.000000 -2.442538
-0.190910 -0.000000 -2.532815
-0.696854 -0.000000 -2.442538
-0.000000 2.540000 0.000000
-0.000000 2.540000 0.000000
-0.000000 2.540000 0.000000
-2.189897 -0.000000 1.286837
-2.404109 -0.000000 0.819672
-2.189897 -0.000000 1.286837
-0.312869 -0.000000 -2.520657
0.444008 0.000000 -2.500891
-0.312869 -0.000000 -2.520657
-0.000000 2.540000 0.000000
-0.000000 2.540000 0.000000
-0.000000 2.540000 0.000000
-1.842327 -0.000000 1.748551
-1.842327 -0.000000 1.748551
-1.326993 -0.000000 2.165800
-1.998704 -0.000000 1.567412
-1.546112 -0.000000 2.015227
-1.998704 -0.000000 1.567412
0.419156 -1.796051 -1.746456
0.228289 -1.796051 -1.781484
0.582226 -1.796051 -1.699062
0.773106 -1.796051 -1.621144
0.912327 -1.796051 -1.547081
1.093266 -1.796051 -1.424980
-1.307751 -2.177205 -0.034152
-1.281953 -2.177205 -0.260722
-1.307751 -2.177205 -0.034152
-2.165800 -0.000000 -1.326993
-2.165800 -0.000000 -1.326993
-2.165800 -0.000000 -1.326993
0.066310 0.000000 -2.539134
0.930746 0.000000 -2.363326
0.066310 0.000000 -2.539134
-0.000000 2.540000 0.000000
-0.000000 2.540000 0.000000
-0.000000 2.540000 0.000000
-0.000000 2.540000 0.000000
-0.000000 2.540000 0.000000
-0.000000 2.540000 0.000000
2.489044 0.000000 0.506219
2.512074 0.000000 -0.375613
2.489044 0.000000 0.506219
-0.930746 -0.000000 2.363326
-0.066310 -0.000000 2.539134
-0.930746 -0.000000 2.363326
-0.000000 2.540000 0.000000
-0.000000 2.540000 0.000000
-0.000000 2.540000 0.000000
1.438820 0.000000 2.093179
1.438820 0.000000 2.093179
1.914169 0.000000 1.669598
-0.000000 2.540000 0.000000
-0.000000 2.540000 0.000000
-0.000000 2.540000 0.000000
0.327429 -1.796051 1.765953
-0.046888 -1.796051 1.795439
-0.046888 -1.796051 1.795439
-0.407348 -1.796051 1.749248
-0.751130 -1.796051 1.631442
-0.419156 -1.796051 1.746456
-0.000000 2.540000 0.000000
-0.000000 2.540000 0.000000
-0.000000 2.540000 0.000000
-1.546112 -0.000000 2.015227
-1.546112 -0.000000 2.015227
-1.998704 -0.000000 1.567412
-0.567230 -0.000000 -2.475853
-0.567230 -0.000000 -2.475853
-1.165129 -0.000000 -2.257005
-0.000000 2.540000 0.000000
-0.000000 2.540000 0.000000
-0.000000 2.540000 0.000000
1.281345 0.000000 -2.193115
1.281345 0.000000 -2.193115
1.786495 0.000000 -1.805557
-0.000000 2.540000 0.000000
-0.000000 2.540000 0.000000
-0.000000 2.540000 0.000000
-2.489044 -0.000000 -0.506219
-2.489044 -0.000000 -0.506219
-2.165800 -0.000000 -1.326993
-2.165800 -0.000000 -1.326993
-2.489044 -0.000000 -0.506219
-2.165800 -0.000000 -1.326993
-1.302897 -1.796051 -1.236228
-1.391089 -1.796051 -1.136077
-1.133923 -1.796051 -1.392846
-0.687436 -1.796051 -1.659286
-0.830333 -1.796051 -1.592591
-0.492750 -1.796051 -1.727136
-0.000000 2.540000 0.000000
-0.000000 2.540000 0.000000
-0.000000 2.540000 0.000000
2.232110 0.000000 -1.212141
1.842327 0.000000 -1.748551
2.232110 0.000000 -1.212141
-0.721227 -0.000000 2.435453
-1.326993 -0.000000 2.165800
-0.721227 -0.000000 2.435453
-0.000000 2.540000 0.000000
-0.000000 2.540000 0.000000
-0.000000 2.540000 0.000000
-0.000000 2.540000 0.000000
-0.000000 2.540000 0.000000
-0.000000 2.540000 0.000000
-2.469778 -0.000000 0.593126
-2.539134 -0.000000 -0.066310
-2.469778 -0.000000 0.593126
1.326993 0.000000 -2.165800
1.326993 0.000000 -2.165800
0.721227 0.000000 -2.435453
-0.000000 2.540000 0.000000
-0.000000 2.540000 0.000000
-0.000000 2.540000 0.000000
-2.435453 -0.000000 -0.721227
-2.165800 -0.000000 -1.326993
-2.435453 -0.000000 -0.721227
-0.000000 2.540000 0.000000
-0.000000 2.540000 0.000000
-0.000000 2.540000 0.000000
-0.000000 2.540000 0.000000
-0.000000 2.540000 0.000000
-0.000000 2.540000 0.000000
-1.842327 -0.000000 1.748551
-1.842327 -0.000000 1.748551
-2.232110 -0.000000 1.212141
-0.066310 -0.000000 2.539134
-0.066310 -0.000000 2.539134
0.593126 0.000000 2.469778
-0.000000 2.540000 0.000000
-0.000000 2.540000 0.000000
-0.000000 2.540000 0.000000
2.469778 0.000000 -0.593126
2.539134 0.000000 0.066310
2.469778 0.000000 -0.593126
-0.000000 2.540000 0.000000
-0.000000 2.540000 0.000000
-0.000000 2.540000 0.000000
-1.064162 -1.796051 1.446845
-1.333626 -1.796051 1.203014
-1.093266 -1.796051 1.424980
-1.886032 -0.000000 1.701318
-1.886032 -0.000000 1.701318
-1.504952 -0.000000 2.046148
-0.593126 -0.000000 -2.469778
-1.212141 -0.000000 -2.232110
-0.593126 -0.000000 -2.469778
-0.000000 2.540000 0.000000
-0.000000 2.540000 0.000000
-0.000000 2.540000 0.000000
2.165800 0.000000 1.326993
1.748551 0.000000 1.842327
2.165800 0.000000 1.326993
-0.000000 2.540000 0.000000
-0.000000 2.540000 0.000000
-0.000000 2.540000 0.000000
1.498887 -1.796051 0.989514
1.531452 -1.796051 0.938326
1.667392 -1.796051 0.667535
1.795509 -1.796051 -0.044109
1.767635 -1.796051 0.318227
1.780702 -1.796051 0.234306
-0.576077 -0.000000 2.473810
-0.576077 -0.000000 2.473810
-0.066310 -0.000000 2.539134
-0.000000 2.540000 0.000000
-0.000000 2.540000 0.000000
-0.000000 2.540000 0.000000
-0.046888 -1.796051 1.795439
-0.574020 -1.796051 1.701852
-0.046888 -1.796051 1.795439
-1.050148 -1.796051 1.457048
-1.190005 -1.796051 1.345247
-0.658137 -1.796051 1.671124
1.365646 -1.796051 -1.166538
1.205077 -1.796051 -1.331762
1.448490 -1.796051 -1.061921
1.749876 -1.796051 -0.404640
1.722053 -1.796051 -0.510228
1.632603 -1.796051 -0.748604
-0.000000 2.540000 0.000000
-0.000000 2.540000 0.000000
-0.000000 2.540000 0.000000
2.119746 0.000000 1.399384
1.794661 0.000000 1.797441
2.119746 0.000000 1.399384
-0.000000 2.540000 0.000000
-0.000000 2.540000 0.000000
-0.000000 2.540000 0.000000
-2.532517 -0.000000 -0.194830
-2.441457 -0.000000 -0.700634
-2.532517 -0.000000 -0.194830
2.308849 0.000000 -1.058686
2.474699 0.000000 -0.572247
2.308849 0.000000 -1.058686
-0.000000 2.540000 0.000000
-0.000000 2.540000 0.000000
-0.000000 2.540000 0.000000
1.704236 0.000000 -1.883396
1.704236 0.000000 -1.883396
1.290225 0.000000 -2.187903
-0.000000 2.540000 0.000000
-0.000000 2.540000 0.000000
-0.000000 2.540000 0.000000
-1.174269 -0.000000 -2.252264
-1.174269 -0.000000 -2.252264
-1.603609 -0.000000 -1.969781
-0.000000 2.540000 0.000000
-0.000000 2.540000 0.000000
-0.000000 2.540000 0.000000
-2.536990 -0.000000 0.123625
-2.460717 -0.000000 -0.629658
-2.536990 -0.000000 0.123625
-1.739990 -1.796051 -0.445236
-1.760020 -1.796051 -0.357951
-1.793923 -1.796051 0.087416
-1.504952 -0.000000 2.046148
-1.886032 -0.000000 1.701318
-1.504952 -0.000000 2.046148
-0.000000 2.540000 0.000000
-0.000000 2.540000 0.000000
-0.000000 2.540000 0.000000
1.760020 -1.796051 0.357951
1.786915 -1.796051 0.180931
1.654197 -1.796051 0.699595
2.527079 0.000000 0.255874
2.339388 0.000000 0.989376
2.527079 0.000000 0.255874
-1.041946 -0.000000 -2.316452
-0.312869 -0.000000 -2.520657
-1.041946 -0.000000 -2.316452
-0.570016 -1.796051 -1.703198
-0.736767 -1.796051 -1.637979
-0.221232 -1.796051 -1.782374
-2.460717 -0.000000 -0.629658
-2.460717 -0.000000 -0.629658
-2.536990 -0.000000 0.123625
-0.000000 2.540000 0.000000
-0.000000 2.540000 0.000000
-0.000000 2.540000 0.000000
-2.250444 -0.000000 -1.177753
-2.250444 -0.000000 -1.177753
-2.441457 -0.000000 -0.700634
-1.726371 -1.796051 -0.495423
-1.591304 -1.796051 -0.832797
-1.693075 -1.796051 -0.599415
-1.578340 -1.796051 0.857113
-1.688457 -1.796051 0.612300
-1.776304 -1.796051 0.265599
-2.512074 -0.000000 0.375613
-2.512074 -0.000000 0.375613
-2.232110 -0.000000 1.212141
0.046888 -1.796051 -1.795439
0.313961 -1.796051 -1.768397
0.658137 -1.796051 -1.671124
0.930746 0.000000 -2.363326
0.930746 0.000000 -2.363326
0.066310 0.000000 -2.539134
-0.327429 -1.796051 -1.765953
-0.492750 -1.796051 -1.727136
-0.134994 -1.796051 -1.790971
-0.190910 -0.000000 -2.532815
-0.190910 -0.000000 -2.532815
-0.696854 -0.000000 -2.442538
-2.232110 -0.000000 1.212141
-2.512074 -0.000000 0.375613
-2.232110 -0.000000 1.212141
-0.000000 2.540000 0.000000
-0.000000 2.540000 0.000000
-0.000000 2.540000 0.000000
-0.384025 -0.000000 2.510802
-0.996371 -0.000000 2.336417
-0.384025 -0.000000 2.510802
-0.000000 2.540000 0.000000
-0.000000 2.540000 0.000000
-0.000000 2.540000 0.000000
-0.000000 2.540000 0.000000
-0.000000 2.540000 0.000000
-0.000000 2.540000 0.000000
1.581328 0.000000 1.987713
0.806124 0.000000 2.408685
1.581328 0.000000 1.987713
-0.000000 2.540000 0.000000
-0.000000 2.540000 0.000000
-0.000000 2.540000 0.000000
-1.581328 -0.000000 -1.987713
-2.165800 -0.000000 -1.326993
-1.581328 -0.000000 -1.987713
-0.000000 2.540000 0.000000
-0.000000 2.540000 0.000000
-0.000000 2.540000 0.000000
-0.806124 -0.000000 -2.408685
-0.806124 -0.000000 -2.408685
0.066310 0.000000 -2.539134
0.066310 0.000000 -2.539134
0.695684 0.000000 -2.442872
0.066310 0.000000 -2.539134
-0.000000 2.540000 0.000000
-0.000000 2.540000 0.000000
-0.000000 2.540000 0.000000
2.165800 0.000000 1.326993
2.489044 0.000000 0.506219
2.165800 0.000000 1.326993
-0.000000 2.540000 0.000000
-0.000000 2.540000 0.000000
-0.000000 2.540000 0.000000
2.481734 0.000000 0.540922
2.481734 0.000000 0.540922
2.538288 0.000000 -0.093254
-0.000000 2.540000 0.000000
-0.000000 2.540000 0.000000
-0.000000 2.540000 0.000000
-0.000000 2.540000 0.000000
-0.000000 2.540000 0.000000
-0.000000 2.540000 0.000000
-2.529960 -0.000000 -0.225613
-2.529960 -0.000000 -0.225613
-2.506585 -0.000000 0.410651
-0.000000 2.540000 0.000000
-0.000000 2.540000 0.000000
-0.000000 2.540000 0.000000
0.252451 0.000000 2.527423
0.252451 0.000000 2.527423
0.873064 0.000000 2.385238
-0.000000 2.540000 0.000000
-0.000000 2.540000 0.000000
-0.000000 2.540000 0.000000
2.435351 0.000000 -0.721571
2.435351 0.000000 -0.721571
2.179393 0.000000 -1.304549
-0.000000 2.540000 0.000000
-0.000000 2.540000 0.000000
-0.000000 2.540000 0.000000
-2.108331 -0.000000 -1.416524
-2.108331 -0.000000 -1.416524
-2.394369 -0.000000 -0.847700
-0.000000 2.540000 0.000000
-0.000000 2.540000 0.000000
-0.000000 2.540000 0.000000
-1.682921 -0.000000 1.902466
-0.930746 -0.000000 2.363326
-1.682921 -0.000000 1.902466
1.161433 0.000000 -2.258910
1.775659 0.000000 -1.816215
1.161433 0.000000 -2.258910
1.255580 -1.796051 -1.284258
1.190005 -1.796051 -1.345247
0.821257 -1.796051 -1.597291
1.375557 0.000000 2.135285
0.685059 0.000000 2.445873
1.375557 0.000000 2.135285
0.484410 -1.796051 1.729493
0.570016 -1.796051 1.703198
0.972666 -1.796051 1.509875
2.232110 0.000000 -1.212141
1.682921 0.000000 -1.902466
2.232110 0.000000 -1.212141
-0.000000 2.540000 0.000000
-0.000000 2.540000 0.000000
-0.000000 2.540000 0.000000
0.687436 -1.796051 1.659286
1.017399 -1.796051 1.480101
0.987193 -1.796051 1.500417
0.664953 -1.796051 1.668423
0.315491 -1.796051 1.768125
0.327429 -1.796051 1.765953
0.987193 -1.796051 1.500417
1.017399 -1.796051 1.480101
1.269017 -1.796051 1.270983
1.302897 -1.796051 1.236228
1.531452 -1.796051 0.938326
1.498887 -1.796051 0.989514
1.795439 -1.796051 0.046888
1.754851 -1.796051 0.382490
1.722125 -1.796051 0.509984
1.794840 -1.796051 -0.065941
1.746397 -1.796051 -0.419403
1.722053 -1.796051 -0.510228
-0.509984 -1.796051 1.722125
-0.271547 -1.796051 1.775405
-0.704541 -1.796051 1.652096
-0.938326 -1.796051 1.531452
-1.093266 -1.796051 1.424980
-1.302722 -1.796051 1.236412
0.419403 -1.796051 1.746397
0.617350 -1.796051 1.686618
0.178510 -1.796051 1.787158
-0.046888 -1.796051 1.795439
-0.271547 -1.796051 1.775405
-0.509984 -1.796051 1.722125
-1.194883 -1.796051 -1.340916
-1.236412 -1.796051 -1.302722
-1.490815 -1.796051 -1.001634
-0.419403 -1.796051 -1.746397
-0.857113 -1.796051 -1.578340
-0.823871 -1.796051 -1.595944
0.046888 -1.796051 -1.795439
0.046888 -1.796051 -1.795439
-0.401092 -1.796051 -1.750693
0.046888 -1.796051 -1.795439
0.491923 -1.796051 -1.727371
0.509984 -1.796051 -1.722125
-1.788952 -1.796051 -0.159532
-1.693075 -1.796051 -0.599415
-1.722125 -1.796051 -0.509984
-1.236412 -1.796051 -1.302722
-1.531452 -1.796051 -0.938326
-1.490815 -1.796051 -1.001634
2.339388 0.000000 0.989376
1.943831 0.000000 1.634968
2.339388 0.000000 0.989376
-0.000000 2.540000 0.000000
-0.000000 2.540000 0.000000
-0.000000 2.540000 0.000000
1.722125 -1.796051 0.509984
1.754851 -1.796051 0.382490
1.604598 -1.796051 0.806887
1.531452 -1.796051 0.938326
1.353522 -1.796051 1.180584
1.236412 -1.796051 1.302722
1.746397 -1.796051 -0.419403
1.578340 -1.796051 -0.857113
1.722053 -1.796051 -0.510228
1.263243 -1.796051 -1.276721
1.541063 -1.796051 -0.922455
1.302722 -1.796051 -1.236412
0.906048 -1.796051 -1.550767
0.509984 -1.796051 -1.722125
0.491923 -1.796051 -1.727371
0.938326 -1.796051 -1.531452
1.263243 -1.796051 -1.276721
1.302722 -1.796051 -1.236412
-1.746397 -1.796051 0.419403
-1.644526 -1.796051 0.722035
-1.772423 -1.796051 0.290374
-1.795439 -1.796051 -0.046888
-1.788952 -1.796051 -0.159532
-1.722125 -1.796051 -0.509984
0.857113 -1.796051 1.578340
0.617350 -1.796051 1.686618
0.419403 -1.796051 1.746397
1.236412 -1.796051 1.302722
1.353522 -1.796051 1.180584
1.017399 -1.796051 1.480101
-1.678441 -0.000000 -1.906420
-1.678441 -0.000000 -1.906420
-2.165800 -0.000000 -1.326993
-0.000000 2.540000 0.000000
-0.000000 2.540000 0.000000
-0.000000 2.540000 0.000000
-1.578340 -1.796051 0.857113
-1.644526 -1.796051 0.722035
-1.746397 -1.796051 0.419403
-1.302722 -1.796051 1.236412
-1.093266 -1.796051 1.424980
-1.413297 -1.796051 1.108328
0.000000 -2.540000 0.000000
0.000000 -2.540000 0.000000
0.000000 -2.540000 0.000000
-1.365646 -1.796051 1.166538
-1.548491 -1.796051 0.909931
-1.578340 -1.796051 0.857113
0.000000 -2.540000 0.000000
0.000000 -2.540000 0.000000
0.000000 -2.540000 0.000000
1.780702 -1.796051 0.234306
1.767635 -1.796051 0.318227
1.693075 -1.796051 0.599415
0.000000 -2.540000 0.000000
0.000000 -2.540000 0.000000
0.000000 -2.540000 0.000000
-1.780702 -1.796051 -0.234306
-1.726371 -1.796051 -0.495423
-1.693075 -1.796051 -0.599415
-0.000000 2.540000 0.000000
-0.000000 2.540000 0.000000
-0.000000 2.540000 0.000000
0.685059 0.000000 2.445873
0.685059 0.000000 2.445873
1.375557 0.000000 2.135285
-0.312869 -0.000000 -2.520657
-0.312869 -0.000000 -2.520657
-1.041946 -0.000000 -2.316452
-0.000000 2.540000 0.000000
-0.000000 2.540000 0.000000
-0.000000 2.540000 0.000000
0.000000 -2.540000 0.000000
0.000000 -2.540000 0.000000
0.000000 -2.540000 0.000000
1.578340 -1.796051 -0.857113
1.365646 -1.796051 -1.166538
1.448490 -1.796051 -1.061921
0.000000 -2.540000 0.000000
0.000000 -2.540000 0.000000
0.000000 -2.540000 0.000000
-1.017399 -1.796051 -1.480101
-0.830333 -1.796051 -1.592591
-0.687436 -1.796051 -1.659286
-0.000000 2.540000 0.000000
-0.000000 2.540000 0.000000
-0.000000 2.540000 0.000000
2.490228 0.000000 -0.500363
2.490228 0.000000 -0.500363
2.232110 0.000000 -1.212141
1.776304 -1.796051 -0.265599
1.578340 -1.796051 -0.857113
1.760857 -1.796051 -0.353810
2.232110 0.000000 -1.212141
2.232110 0.000000 -1.212141
2.512074 0.000000 -0.375613
1.093266 -1.796051 -1.424980
0.912327 -1.796051 -1.547081
1.205077 -1.796051 -1.331762
1.290225 0.000000 -2.187903
1.704236 0.000000 -1.883396
1.290225 0.000000 -2.187903
1.531452 -1.796051 0.938326
1.374496 -1.796051 1.156097
1.118167 -1.796051 1.405525
1.581328 0.000000 1.987713
2.165800 0.000000 1.326993
1.581328 0.000000 1.987713
-0.574020 -1.796051 1.701852
-1.050148 -1.796051 1.457048
-0.658137 -1.796051 1.671124
-0.811787 -0.000000 2.406782
-1.485133 -0.000000 2.060577
-0.811787 -0.000000 2.406782
-0.407348 -1.796051 1.749248
-0.419156 -1.796051 1.746456
-0.046888 -1.796051 1.795439
-0.066310 -0.000000 2.539134
-0.576077 -0.000000 2.473810
-0.066310 -0.000000 2.539134
-0.811787 -0.000000 2.406782
-0.811787 -0.000000 2.406782
-0.066310 -0.000000 2.539134
-0.000000 2.540000 0.000000
-0.000000 2.540000 0.000000
-0.000000 2.540000 0.000000
-2.387839 -0.000000 0.865924
-2.387839 -0.000000 0.865924
-2.026519 -0.000000 1.531281
-0.000000 2.540000 0.000000
-0.000000 2.540000 0.000000
-0.000000 2.540000 0.000000
-1.165129 -0.000000 -2.257005
-0.567230 -0.000000 -2.475853
-1.165129 -0.000000 -2.257005
-0.401092 -1.796051 -1.750693
-0.419403 -1.796051 -1.746397
-0.823871 -1.796051 -1.595944
0.066310 0.000000 -2.539134
0.066310 0.000000 -2.539134
-0.593126 -0.000000 -2.469778
0.046888 -1.796051 -1.795439
-0.419403 -1.796051 -1.746397
-0.401092 -1.796051 -1.750693
-0.046888 -1.796051 1.795439
0.178510 -1.796051 1.787158
-0.271547 -1.796051 1.775405
0.252451 0.000000 2.527423
-0.384025 -0.000000 2.510802
0.252451 0.000000 2.527423
1.161433 0.000000 -2.258910
1.161433 0.000000 -2.258910
0.444008 0.000000 -2.500891
-0.000000 2.540000 0.000000
-0.000000 2.540000 0.000000
-0.000000 2.540000 0.000000
-2.506585 -0.000000 0.410651
-2.529960 -0.000000 -0.225613
-2.506585 -0.000000 0.410651
-1.795439 -1.796051 -0.046888
-1.772423 -1.796051 0.290374
-1.788952 -1.796051 -0.159532
1.795439 -1.796051 0.046888
1.794840 -1.796051 -0.065941
1.754851 -1.796051 0.382490
2.538288 0.000000 -0.093254
2.481734 0.000000 0.540922
2.538288 0.000000 -0.093254
0.066310 0.000000 -2.539134
-0.806124 -0.000000 -2.408685
0.066310 0.000000 -2.539134
-0.570016 -1.796051 -1.703198
-0.221232 -1.796051 -1.782374
0.046888 -1.796051 -1.795439
-2.232110 -0.000000 1.212141
-1.682921 -0.000000 1.902466
-2.232110 -0.000000 1.212141
-1.190005 -1.796051 1.345247
-1.432965 -1.796051 1.082779
-1.578340 -1.796051 0.857113
-0.509984 -1.796051 1.722125
-0.704541 -1.796051 1.652096
-0.938326 -1.796051 1.531452
-1.326993 -0.000000 2.165800
-1.326993 -0.000000 2.165800
-0.721227 -0.000000 2.435453
-1.603609 -0.000000 -1.969781
-1.174269 -0.000000 -2.252264
-1.603609 -0.000000 -1.969781
-1.017399 -1.796051 -1.480101
-1.133923 -1.796051 -1.392846
-0.830333 -1.796051 -1.592591
-1.531452 -1.796051 -0.938326
-1.722125 -1.796051 -0.509984
-1.693075 -1.796051 -0.599415
-2.165800 -0.000000 -1.326993
-2.165800 -0.000000 -1.326993
-2.435453 -0.000000 -0.721227
1.293814 -2.177205 -0.193455
1.281953 -2.177205 0.260722
1.307751 -2.177205 0.034152
2.165800 0.000000 1.326993
2.165800 0.000000 1.326993
2.165800 0.000000 1.326993
0.000000 -2.540000 0.000000
0.000000 -2.540000 0.000000
0.000000 -2.540000 0.000000
-2.232110 -0.000000 1.212141
-2.232110 -0.000000 1.212141
-2.232110 -0.000000 1.212141
-0.751130 -1.796051 1.631442
-1.064162 -1.796051 1.446845
-0.773106 -1.796051 1.621144
-1.504952 -0.000000 2.046148
-1.504952 -0.000000 2.046148
-1.062259 -0.000000 2.307208
-2.189897 -0.000000 1.286837
-2.189897 -0.000000 1.286837
-1.886032 -0.000000 1.701318
-1.333626 -1.796051 1.203014
-1.548491 -1.796051 0.909931
-1.365646 -1.796051 1.166538
-1.186837 -1.796051 -1.348042
-1.118167 -1.796051 -1.405525
-1.531452 -1.796051 -0.938326
-2.165800 -0.000000 -1.326993
-2.165800 -0.000000 -1.326993
-1.581328 -0.000000 -1.987713
-0.574020 -1.796051 1.701852
-0.658137 -1.796051 1.671124
-0.046888 -1.796051 1.795439
-0.066310 -0.000000 2.539134
-0.066310 -0.000000 2.539134
-0.930746 -0.000000 2.363326
-1.781835 -1.796051 0.225532
-1.722053 -1.796051 0.510228
-1.699961 -1.796051 0.579596
-2.519895 -0.000000 0.318950
-2.519895 -0.000000 0.318950
-2.404109 -0.000000 0.819672
-1.790760 -1.796051 -0.137766
-1.726371 -1.796051 -0.495423
-1.780702 -1.796051 -0.234306
-2.441457 -0.000000 -0.700634
-2.441457 -0.000000 -0.700634
-2.532517 -0.000000 -0.194830
0.000000 -2.540000 0.000000
0.000000 -2.540000 0.000000
0.000000 -2.540000 0.000000
0.415185 -2.177205 1.240565
-0.034152 -2.177205 1.307751
0.193455 -2.177205 1.293814
0.000000 -2.540000 0.000000
0.000000 -2.540000 0.000000
0.000000 -2.540000 0.000000
-0.415185 -2.177205 -1.240565
0.034152 -2.177205 -1.307751
-0.193455 -2.177205 -1.293814
2.512074 0.000000 -0.375613
2.512074 0.000000 -0.375613
2.489044 0.000000 0.506219
1.760020 -1.796051 0.357951
1.776304 -1.796051 -0.265599
1.786915 -1.796051 0.180931
-0.938326 -1.796051 1.531452
-0.704541 -1.796051 1.652096
-1.093266 -1.796051 1.424980
-0.996371 -0.000000 2.336417
-1.546112 -0.000000 2.015227
-0.996371 -0.000000 2.336417
1.438820 0.000000 2.093179
0.873064 0.000000 2.385238
1.438820 0.000000 2.093179
0.857113 -1.796051 1.578340
1.017399 -1.796051 1.480101
0.617350 -1.796051 1.686618
-1.998704 -0.000000 1.567412
-2.325711 -0.000000 1.021112
-1.998704 -0.000000 1.567412
-1.578340 -1.796051 0.857113
-1.413297 -1.796051 1.108328
-1.644526 -1.796051 0.722035
1.531452 -1.796051 0.938326
1.604598 -1.796051 0.806887
1.353522 -1.796051 1.180584
1.914169 0.000000 1.669598
2.269244 0.000000 1.141110
1.914169 0.000000 1.669598
0.046888 -1.796051 -1.795439
-0.134994 -1.796051 -1.790971
0.228289 -1.796051 -1.781484
0.322850 0.000000 -2.519398
0.322850 0.000000 -2.519398
-0.190910 -0.000000 -2.532815
-1.776304 -1.796051 0.265599
-1.688457 -1.796051 0.612300
-1.793923 -1.796051 0.087416
-2.536990 -0.000000 0.123625
-2.536990 -0.000000 0.123625
-2.387839 -0.000000 0.865924
0.593126 0.000000 2.469778
-0.066310 -0.000000 2.539134
0.593126 0.000000 2.469778
0.419403 -1.796051 1.746397
0.178510 -1.796051 1.787158
-0.046888 -1.796051 1.795439
0.773106 -1.796051 -1.621144
0.582226 -1.796051 -1.699062
0.912327 -1.796051 -1.547081
0.823392 0.000000 -2.402837
0.823392 0.000000 -2.402837
1.290225 0.000000 -2.187903
1.722053 -1.796051 -0.510228
1.578340 -1.796051 -0.857113
1.541063 -1.796051 -0.922455
2.179393 0.000000 -1.304549
2.435351 0.000000 -0.721571
2.179393 0.000000 -1.304549
-2.394369 -0.000000 -0.847700
-2.108331 -0.000000 -1.416524
-2.394369 -0.000000 -0.847700
-1.490815 -1.796051 -1.001634
-1.531452 -1.796051 -0.938326
-1.693075 -1.796051 -0.599415
2.308849 0.000000 -1.058686
2.308849 0.000000 -1.058686
2.048475 0.000000 -1.501783
1.632603 -1.796051 -0.748604
1.578340 -1.796051 -0.857113
1.448490 -1.796051 -1.061921
-1.967297 -0.000000 -1.606656
-1.967297 -0.000000 -1.606656
-2.250444 -0.000000 -1.177753
-1.391089 -1.796051 -1.136077
-1.531452 -1.796051 -0.938326
-1.591304 -1.796051 -0.832797
-0.823871 -1.796051 -1.595944
-0.857113 -1.796051 -1.578340
-1.194883 -1.796051 -1.340916
-1.689819 -0.000000 -1.896342
-1.165129 -0.000000 -2.257005
-1.689819 -0.000000 -1.896342
1.786495 0.000000 -1.805557
1.281345 0.000000 -2.193115
1.786495 0.000000 -1.805557
0.906048 -1.796051 -1.550767
1.263243 -1.796051 -1.276721
0.938326 -1.796051 -1.531452
1.236412 -1.796051 1.302722
1.017399 -1.796051 1.480101
0.857113 -1.796051 1.578340
1.212141 0.000000 2.232110
1.748551 0.000000 1.842327
1.212141 0.000000 2.232110
0.695684 0.000000 -2.442872
0.695684 0.000000 -2.442872
0.066310 0.000000 -2.539134
0.046888 -1.796051 -1.795439
0.491923 -1.796051 -1.727371
0.046888 -1.796051 -1.795439
2.539234 0.000000 -0.062380
2.539234 0.000000 -0.062380
2.474699 0.000000 -0.572247
1.795509 -1.796051 -0.044109
1.790505 -1.796051 -0.141043
1.749876 -1.796051 -0.404640
0.972666 -1.796051 1.509875
0.570016 -1.796051 1.703198
1.118167 -1.796051 1.405525
0.806124 0.000000 2.408685
0.806124 0.000000 2.408685
1.581328 0.000000 1.987713
-1.793923 -1.796051 0.087416
-1.760020 -1.796051 -0.357951
-1.776304 -1.796051 0.265599
-2.512074 -0.000000 0.375613
-2.512074 -0.000000 0.375613
-2.489044 -0.000000 -0.506219
0.930746 0.000000 -2.363326
0.930746 0.000000 -2.363326
1.682921 0.000000 -1.902466
0.821257 -1.796051 -1.597291
1.190005 -1.796051 -1.345247
0.658137 -1.796051 -1.671124
-2.232110 -0.000000 1.212141
-1.842327 -0.000000 1.748551
-2.232110 -0.000000 1.212141
-1.302722 -1.796051 1.236412
-1.413297 -1.796051 1.108328
-1.578340 -1.796051 0.857113
1.722125 -1.796051 0.509984
1.604598 -1.796051 0.806887
1.531452 -1.796051 0.938326
2.435453 0.000000 0.721227
2.165800 0.000000 1.326993
2.435453 0.000000 0.721227
1.767635 -1.796051 0.318227
1.667392 -1.796051 0.667535
1.693075 -1.796051 0.599415
2.358049 0.000000 0.944037
2.358049 0.000000 0.944037
2.499813 0.000000 0.450041
-1.746397 -1.796051 0.419403
-1.772423 -1.796051 0.290374
-1.795439 -1.796051 -0.046888
-2.539134 -0.000000 -0.066310
-2.539134 -0.000000 -0.066310
-2.469778 -0.000000 0.593126
2.539134 0.000000 0.066310
2.539134 0.000000 0.066310
2.469778 0.000000 -0.593126
1.795439 -1.796051 0.046888
1.746397 -1.796051 -0.419403
1.794840 -1.796051 -0.065941
0.938326 -1.796051 -1.531452
0.509984 -1.796051 -1.722125
0.906048 -1.796051 -1.550767
0.721227 0.000000 -2.435453
1.326993 0.000000 -2.165800
0.721227 0.000000 -2.435453
-0.857113 -1.796051 -1.578340
-1.236412 -1.796051 -1.302722
-1.194883 -1.796051 -1.340916
-1.212141 -0.000000 -2.232110
-1.748551 -0.000000 -1.842327
-1.212141 -0.000000 -2.232110
1.302722 -1.796051 -1.236412
1.541063 -1.796051 -0.922455
1.578340 -1.796051 -0.857113
1.842327 0.000000 -1.748551
1.842327 0.000000 -1.748551
2.232110 0.000000 -1.212141
1.269017 -1.796051 1.270983
1.302897 -1.796051 1.236228
1.498887 -1.796051 0.989514
1.794661 0.000000 1.797441
1.794661 0.000000 1.797441
2.119746 0.000000 1.399384
0.940386 0.000000 2.359507
0.940386 0.000000 2.359507
1.396102 0.000000 2.121909
0.664953 -1.796051 1.668423
0.687436 -1.796051 1.659286
0.987193 -1.796051 1.500417
0.315491 -1.796051 1.768125
-0.046888 -1.796051 1.795439
0.327429 -1.796051 1.765953
-0.066310 -0.000000 2.539134
-0.066310 -0.000000 2.539134
0.446171 0.000000 2.500506
-2.026519 -0.000000 1.531281
-1.485133 -0.000000 2.060577
-2.026519 -0.000000 1.531281
-1.190005 -1.796051 1.345247
-1.050148 -1.796051 1.457048
-1.432965 -1.796051 1.082779
0.658137 -1.796051 -1.671124
0.313961 -1.796051 -1.768397
0.821257 -1.796051 -1.597291
0.444008 0.000000 -2.500891
1.161433 0.000000 -2.258910
0.444008 0.000000 -2.500891
1.943831 0.000000 1.634968
1.375557 0.000000 2.135285
1.943831 0.000000 1.634968
1.118167 -1.796051 1.405525
1.374496 -1.796051 1.156097
0.972666 -1.796051 1.509875
2.527079 0.000000 0.255874
2.490228 0.000000 -0.500363
2.527079 0.000000 0.255874
1.776304 -1.796051 -0.265599
1.760857 -1.796051 -0.353810
1.786915 -1.796051 0.180931
-1.041946 -0.000000 -2.316452
-1.678441 -0.000000 -1.906420
-1.041946 -0.000000 -2.316452
-1.186837 -1.796051 -1.348042
-0.736767 -1.796051 -1.637979
-1.118167 -1.796051 -1.405525
0.000000 -2.540000 0.000000
0.000000 -2.540000 0.000000
0.000000 -2.540000 0.000000
0.000000 -2.540000 0.000000
0.000000 -2.540000 0.000000
0.000000 -2.540000 0.000000
0.000000 -2.540000 0.000000
0.000000 -2.540000 0.000000
0.000000 -2.540000 0.000000
0.000000 -2.540000 0.000000
0.000000 -2.540000 0.000000
0.000000 -2.540000 0.000000
-0.419156 -1.796051 1.746456
-0.751130 -1.796051 1.631442
-0.773106 -1.796051 1.621144
0.000000 -2.540000 0.000000
0.000000 -2.540000 0.000000
0.000000 -2.540000 0.000000
1.578340 -1.796051 -0.857113
1.578340 -1.796051 -0.857113
1.255580 -1.796051 -1.284258
1.775659 0.000000 -1.816215
2.232110 0.000000 -1.212141
1.775659 0.000000 -1.816215
0.685059 0.000000 2.445873
0.685059 0.000000 2.445873
-0.066310 -0.000000 2.539134
-0.046888 -1.796051 1.795439
-0.046888 -1.796051 1.795439
0.484410 -1.796051 1.729493
-2.460717 -0.000000 -0.629658
-2.165800 -0.000000 -1.326993
-2.460717 -0.000000 -0.629658
-1.531452 -1.796051 -0.938326
-1.531452 -1.796051 -0.938326
-1.739990 -1.796051 -0.445236
0.046888 -1.796051 -1.795439
0.228289 -1.796051 -1.781484
0.419156 -1.796051 -1.746456
0.000000 -2.540000 0.000000
0.000000 -2.540000 0.000000
0.000000 -2.540000 0.000000
0.000000 -2.540000 0.000000
0.000000 -2.540000 0.000000
0.000000 -2.540000 0.000000
2.232110 0.000000 -1.212141
2.232110 0.000000 -1.212141
2.232110 0.000000 -1.212141
-1.485133 -0.000000 2.060577
-1.485133 -0.000000 2.060577
-0.811787 -0.000000 2.406782
-0.000000 2.540000 0.000000
-0.000000 2.540000 0.000000
-0.000000 2.540000 0.000000
-0.000000 2.540000 0.000000
-0.000000 2.540000 0.000000
-0.000000 2.540000 0.000000
2.232110 0.000000 -1.212141
2.232110 0.000000 -1.212141
1.775659 0.000000 -1.816215
0.687436 -1.796051 1.659286
0.664953 -1.796051 1.668423
0.327429 -1.796051 1.765953
0.000000 -2.540000 0.000000
0.000000 -2.540000 0.000000
0.000000 -2.540000 0.000000
0.419156 -1.796051 -1.746456
0.582226 -1.796051 -1.699062
0.773106 -1.796051 -1.621144
0.000000 -2.540000 0.000000
0.000000 -2.540000 0.000000
0.000000 -2.540000 0.000000
-0.687436 -1.796051 -1.659286
-0.492750 -1.796051 -1.727136
-0.327429 -1.796051 -1.765953
0.000000 -2.540000 0.000000
0.000000 -2.540000 0.000000
0.000000 -2.540000 0.000000
0.000000 -2.540000 0.000000
0.000000 -2.540000 0.000000
0.000000 -2.540000 0.000000
-1.302897 -1.796051 -1.236228
-1.133923 -1.796051 -1.392846
-1.017399 -1.796051 -1.480101
1.093266 -1.796051 -1.424980
1.205077 -1.796051 -1.331762
1.365646 -1.796051 -1.166538
0.000000 -2.540000 0.000000
0.000000 -2.540000 0.000000
0.000000 -2.540000 0.000000
1.722053 -1.796051 -0.510228
1.578340 -1.796051 -0.857113
1.632603 -1.796051 -0.748604
0.000000 -2.540000 0.000000
0.000000 -2.540000 0.000000
0.000000 -2.540000 0.000000
-1.693075 -1.796051 -0.599415
-1.591304 -1.796051 -0.832797
-1.531452 -1.796051 -0.938326
0.000000 -2.540000 0.000000
0.000000 -2.540000 0.000000
0.000000 -2.540000 0.000000
0.000000 -2.540000 0.000000
0.000000 -2.540000 0.000000
0.000000 -2.540000 0.000000
-1.790505 -1.796051 0.141043
-1.790760 -1.796051 -0.137766
-1.780702 -1.796051 -0.234306
0.000000 -2.540000 0.000000
0.000000 -2.540000 0.000000
0.000000 -2.540000 0.000000
1.790505 -1.796051 -0.141043
1.795509 -1.796051 -0.044109
1.780702 -1.796051 0.234306
0.000000 -2.540000 0.000000
0.000000 -2.540000 0.000000
0.000000 -2.540000 0.000000
-0.419156 -1.796051 1.746456
-0.046888 -1.796051 1.795439
-0.046888 -1.796051 1.795439
1.531452 -1.796051 0.938326
1.693075 -1.796051 0.599415
1.667392 -1.796051 0.667535
0.000000 -2.540000 0.000000
0.000000 -2.540000 0.000000
0.000000 -2.540000 0.000000
-1.578340 -1.796051 0.857113
-1.699961 -1.796051 0.579596
-1.722053 -1.796051 0.510228
0.000000 -2.540000 0.000000
0.000000 -2.540000 0.000000
0.000000 -2.540000 0.000000
0.000000 -2.540000 0.000000
0.000000 -2.540000 0.000000
0.000000 -2.540000 0.000000
-1.093266 -1.796051 1.424980
-1.333626 -1.796051 1.203014
-1.365646 -1.796051 1.166538
0.000000 -2.540000 0.000000
0.000000 -2.540000 0.000000
0.000000 -2.540000 0.000000
1.017399 -1.796051 1.480101
1.302897 -1.796051 1.236228
1.269017 -1.796051 1.270983
0.000000 -2.540000 0.000000
0.000000 -2.540000 0.000000
0.000000 -2.540000 0.000000
-0.066310 -0.000000 2.539134
-0.066310 -0.000000 2.539134
-0.066310 -0.000000 2.539134
0.066310 0.000000 -2.539134
0.066310 0.000000 -2.539134
0.066310 0.000000 -2.539134
0.000000 -2.540000 0.000000
0.000000 -2.540000 0.000000
0.000000 -2.540000 0.000000
-1.293814 -2.177205 0.193455
-1.307751 -2.177205 -0.034152
-1.307751 -2.177205 -0.034152
0.000000 -2.540000 0.000000
0.000000 -2.540000 0.000000
0.000000 -2.540000 0.000000
0.814444 -2.177205 1.023748
0.415185 -2.177205 1.240565
0.624299 -2.177205 1.149622
0.000000 -2.540000 0.000000
0.000000 -2.540000 0.000000
0.000000 -2.540000 0.000000
0.000000 -2.540000 0.000000
0.000000 -2.540000 0.000000
0.000000 -2.540000 0.000000
-0.814444 -2.177205 -1.023748
-0.415185 -2.177205 -1.240565
-0.624299 -2.177205 -1.149622
0.000000 -2.540000 0.000000
0.000000 -2.540000 0.000000
0.000000 -2.540000 0.000000
1.281953 -2.177205 0.260722
1.115469 -2.177205 0.683452
1.217203 -2.177205 0.479370
0.000000 -2.540000 0.000000
0.000000 -2.540000 0.000000
0.000000 -2.540000 0.000000
1.149622 -2.177205 -0.624299
1.293814 -2.177205 -0.193455
1.240565 -2.177205 -0.415185
0.000000 -2.540000 0.000000
0.000000 -2.540000 0.000000
0.000000 -2.540000 0.000000
0.479370 -2.177205 -1.217203
0.866768 -2.177205 -0.979843
0.683452 -2.177205 -1.115469
0.000000 -2.540000 0.000000
0.000000 -2.540000 0.000000
0.000000 -2.540000 0.000000
-0.479370 -2.177205 1.217203
-0.866768 -2.177205 0.979843
-0.683452 -2.177205 1.115469
0.000000 -2.540000 0.000000
0.000000 -2.540000 0.000000
0.000000 -2.540000 0.000000
-1.217203 -2.177205 -0.479370
-1.217203 -2.177205 -0.479370
-1.115469 -2.177205 -0.683452
-1.149622 -2.177205 0.624299
-1.240565 -2.177205 0.415185
-1.240565 -2.177205 0.415185
0.000000 -2.540000 0.000000
0.000000 -2.540000 0.000000
0.000000 -2.540000 0.000000
0.000000 -2.540000 0.000000
0.000000 -2.540000 0.000000
0.000000 -2.540000 0.000000
-1.281953 -2.177205 -0.260722
-1.217203 -2.177205 -0.479370
-1.217203 -2.177205 -0.479370
-1.240565 -2.177205 0.415185
-1.240565 -2.177205 0.415185
-1.293814 -2.177205 0.193455
0.000000 -2.540000 0.000000
0.000000 -2.540000 0.000000
0.000000 -2.540000 0.000000
</float_array>
          <technique_common>
            <accessor source="#FBXASC227FBXASC130FBXASC189FBXASC227FBXASC131FBXASC170FBXASC227FBXASC131FBXASC131FBXASC227FBXASC131FBXASC1374-Normal0-array" count="1800" stride="3">
              <param name="X" type="float"/>
              <param name="Y" type="float"/>
              <param name="Z" type="float"/>
            </accessor>
          </technique_common>
        </source>
        <vertices id="FBXASC227FBXASC130FBXASC189FBXASC227FBXASC131FBXASC170FBXASC227FBXASC131FBXASC131FBXASC227FBXASC131FBXASC1374-VERTEX">
          <input semantic="POSITION" source="#FBXASC227FBXASC130FBXASC189FBXASC227FBXASC131FBXASC170FBXASC227FBXASC131FBXASC131FBXASC227FBXASC131FBXASC1374-POSITION"/>
        </vertices>
        <triangles count="600" material="MaterialFBXASC032FBXASC03526">
          <input semantic="VERTEX" offset="0" source="#FBXASC227FBXASC130FBXASC189FBXASC227FBXASC131FBXASC170FBXASC227FBXASC131FBXASC131FBXASC227FBXASC131FBXASC1374-VERTEX"/>
          <input semantic="NORMAL" offset="1" source="#FBXASC227FBXASC130FBXASC189FBXASC227FBXASC131FBXASC170FBXASC227FBXASC131FBXASC131FBXASC227FBXASC131FBXASC1374-Normal0"/>
          <p> 161 0 229 1 209 2 241 3 108 4 27 5 77 6 102 7 212 8 278 9 69 10 194 11 194 12 69 13 35 14 41 15 143 16 65 17 126 18 33 19 161 20 206 21 151 22 260 23 165 24 84 25 78 26 210 27 261 28 154 29 48 30 257 31 142 32 39 33 63 34 131 35 106 36 64 37 111 38 116 39 224 40 139 41 131 42 63 43 100 44 81 45 115 46 140 47 35 48 69 49 218 50 83 51 34 52 60 53 184 54 262 55 153 56 167 57 77 58 212 59 235 60 179 61 41 62 133 63 98 64 116 65 88 66 71 67 184 68 190 69 270 70 155 71 177 72 60 73 285 74 197 75 36 76 276 77 55 78 70 79 268 80 170 81 91 82 72 83 80 84 99 85 114 86 137 87 113 88 107 89 100 90 239 91 201 92 130 93 111 94 64 95 97 96 62 97 220 98 284 99 83 100 60 101 133 102 136 103 188 104 181 105 106 106 217 107 186 108 39 109 131 110 37 111 45 112 244 113 36 114 299 115 89 116 35 117 59 118 34 119 160 120 22 121 172 122 168 123 211 124 103 125 190 126 155 127 105 128 274 129 173 130 117 131 137 132 107 133 180 134 80 135 178 136 250 137 115 138 112 139 233 140 81 141 112 142 115 143 133 144 116 145 136 146 132 147 62 148 97 149 42 150 168 151 103 152 164 153 127 154 163 155 162 156 124 157 166 158 49 159 126 160 161 161 116 162 98 163 224 164 240 165 111 166 130 167 97 168 220 169 204 170 65 171 143 172 259 173 208 174 81 175 140 176 134 177 182 178 254 179 114 180 99 181 251 182 100 183 63 184 239 185 136 186 249 187 188 188 103 189 211 190 118 191 67 192 120 193 60 194 265 195 295 196 53 197 282 198 35 199 192 200 287 201 83 202 267 203 14 204 299 205 36 206 56 207 14 208 36 209 15 210 165 211 78 212 175 213 128 214 121 215 54 216 170 217 72 218 1 219 77 220 167 221 185 222 141 223 80 224 141 225 99 226 80 227 217 228 106 229 135 230 106 231 111 232 135 233 2 234 62 235 132 236 215 237 2 238 132 239 101 240 47 241 42 242 190 243 61 244 270 245 75 246 273 247 206 248 184 249 43 250 88 251 284 252 60 253 176 254 259 255 90 256 65 257 256 258 58 259 187 260 72 261 91 262 242 263 169 264 230 265 28 266 11 267 169 268 28 269 5 270 27 271 171 272 108 273 171 274 27 275 7 276 16 277 146 278 146 279 16 280 44 281 123 282 85 283 11 284 205 285 203 286 269 287 25 288 159 289 216 290 271 291 69 292 198 293 147 294 29 295 8 296 12 297 29 298 147 299 76 300 17 301 149 302 0 303 149 304 17 305 266 306 299 307 53 308 120 309 227 310 53 311 122 312 87 313 54 314 175 315 248 316 200 317 70 318 199 319 105 320 199 321 6 322 105 323 193 324 14 325 280 326 148 327 245 328 145 329 175 330 121 331 248 332 164 333 163 334 213 335 58 336 52 337 0 338 187 339 58 340 0 341 218 342 226 343 53 344 69 345 21 346 218 347 60 348 120 349 14 350 285 351 60 352 14 353 270 354 61 355 129 356 264 357 213 358 222 359 2 360 26 361 152 362 152 363 26 364 221 365 148 366 32 367 245 368 39 369 32 370 148 371 40 372 25 373 150 374 150 375 25 376 216 377 90 378 113 379 65 380 137 381 65 382 113 383 93 384 260 385 151 386 66 387 129 388 247 389 290 390 296 391 53 392 60 393 34 394 67 395 107 396 189 397 180 398 169 399 68 400 230 401 69 402 36 403 21 404 271 405 36 406 69 407 122 408 54 409 104 410 1 411 228 412 202 413 166 414 202 415 162 416 11 417 246 418 144 419 128 420 45 421 37 422 121 423 128 424 37 425 73 426 30 427 41 428 179 429 73 430 41 431 12 432 51 433 74 434 183 435 12 436 74 437 123 438 11 439 144 440 49 441 223 442 214 443 17 444 236 445 9 446 198 447 233 448 271 449 102 450 77 451 124 452 166 453 124 454 77 455 127 456 31 457 27 458 163 459 127 460 27 461 61 462 79 463 196 464 196 465 79 466 105 467 80 468 114 469 138 470 138 471 178 472 80 473 81 474 182 475 134 476 134 477 112 478 81 479 282 480 192 481 82 482 51 483 225 484 82 485 286 486 35 487 83 488 83 489 35 490 34 491 40 492 255 493 208 494 78 495 84 496 207 497 123 498 46 499 85 500 46 501 209 502 85 503 101 504 86 505 47 506 47 507 86 508 19 509 122 510 38 511 87 512 38 513 20 514 87 515 269 516 195 517 205 518 195 519 96 520 205 521 289 522 297 523 53 524 36 525 89 526 21 527 275 528 60 529 288 530 16 531 258 532 44 533 253 534 39 535 186 536 87 537 20 538 237 539 267 540 92 541 287 542 139 543 224 544 286 545 172 546 214 547 160 548 101 549 42 550 247 551 193 552 280 553 245 554 114 555 251 556 10 557 95 558 154 559 261 560 173 561 200 562 248 563 96 564 43 565 151 566 43 567 96 568 88 569 30 570 97 571 204 572 73 573 97 574 30 575 74 576 51 577 98 578 98 579 51 580 82 581 99 582 48 583 142 584 141 585 48 586 99 587 52 588 100 589 201 590 58 591 100 592 52 593 5 594 86 595 101 596 163 597 222 598 213 599 243 600 7 601 185 602 124 603 24 604 232 605 103 606 118 607 22 608 160 609 103 610 22 611 200 612 268 613 70 614 228 615 153 616 202 617 105 618 155 619 23 620 23 621 153 622 105 623 106 624 181 625 40 626 40 627 64 628 106 629 7 630 243 631 107 632 107 633 16 634 7 635 86 636 238 637 19 638 252 639 183 640 74 641 202 642 153 643 262 644 174 645 144 646 246 647 82 648 225 649 282 650 278 651 194 652 240 653 135 654 111 655 29 656 29 657 111 658 156 659 112 660 17 661 9 662 134 663 17 664 112 665 16 666 113 667 258 668 107 669 113 670 16 671 138 672 114 673 32 674 32 675 114 676 10 677 140 678 115 679 25 680 25 681 115 682 159 683 136 684 116 685 26 686 26 687 116 688 139 689 6 690 210 691 154 692 210 693 6 694 55 695 191 696 2 697 215 698 231 699 33 700 22 701 119 702 9 703 236 704 276 705 76 706 197 707 291 708 300 709 53 710 14 711 120 712 3 713 95 714 121 715 15 716 121 717 37 718 15 719 1 720 38 721 122 722 1 723 122 724 228 725 49 726 123 727 223 728 49 729 46 730 123 731 28 732 24 733 124 734 162 735 28 736 124 737 176 738 4 739 284 740 204 741 220 742 125 743 172 744 22 745 126 746 33 747 126 748 22 749 78 750 207 751 127 752 164 753 78 754 127 755 45 756 128 757 72 758 175 759 72 760 128 761 101 762 247 763 129 764 5 765 101 766 129 767 278 768 240 769 130 770 277 771 216 772 159 773 131 774 100 775 58 776 131 777 58 778 186 779 179 780 132 781 73 782 132 783 97 784 73 785 74 786 98 787 133 788 188 789 74 790 133 791 187 792 0 793 134 794 0 795 17 796 134 797 183 798 135 799 12 800 135 801 29 802 12 803 136 804 26 805 2 806 2 807 191 808 136 809 235 810 41 811 137 812 41 813 65 814 137 815 253 816 138 817 39 818 138 819 32 820 39 821 92 822 221 823 287 824 152 825 221 826 92 827 140 828 40 829 208 830 140 831 25 832 40 833 185 834 7 835 141 836 7 837 48 838 141 839 257 840 285 841 142 842 10 843 251 844 283 845 30 846 204 847 143 848 30 849 143 850 41 851 269 852 203 853 144 854 75 855 214 856 223 857 279 858 201 859 239 860 245 861 280 862 145 863 7 864 146 865 48 866 48 867 146 868 257 869 12 870 147 871 51 872 51 873 147 874 225 875 63 876 148 877 145 878 39 879 148 880 63 881 52 882 201 883 149 884 0 885 52 886 149 887 150 888 216 889 64 890 40 891 150 892 64 893 43 894 66 895 234 896 66 897 247 898 234 899 62 900 152 901 92 902 2 903 152 904 62 905 228 906 263 907 153 908 105 909 153 910 263 911 196 912 154 913 264 914 213 915 264 916 154 917 155 918 66 919 43 920 155 921 43 922 23 923 29 924 156 925 8 926 8 927 156 928 281 929 93 930 151 931 157 932 157 933 42 934 93 935 95 936 261 937 158 938 158 939 121 940 95 941 198 942 159 943 233 944 115 945 233 946 159 947 93 948 42 949 160 950 42 951 103 952 160 953 46 954 161 955 209 956 49 957 161 958 46 959 11 960 28 961 162 962 109 963 11 964 162 965 163 966 27 967 5 968 163 969 5 970 222 971 15 972 78 973 164 974 164 975 213 976 15 977 165 978 37 979 84 980 37 981 165 982 15 983 166 984 1 985 202 986 166 987 77 988 1 989 167 990 212 991 38 992 1 993 167 994 38 995 42 996 47 997 168 998 47 999 19 1000 168 1001 11 1002 85 1003 169 1004 85 1005 68 1006 169 1007 54 1008 87 1009 170 1010 87 1011 237 1012 170 1013 5 1014 171 1015 86 1016 171 1017 108 1018 86 1019 172 1020 126 1021 49 1022 172 1023 49 1024 214 1025 117 1026 173 1027 57 1028 173 1029 248 1030 57 1031 88 1032 174 1033 71 1034 174 1035 246 1036 71 1037 54 1038 175 1039 200 1040 54 1041 72 1042 175 1043 275 1044 288 1045 258 1046 90 1047 259 1048 176 1049 258 1050 288 1051 44 1052 177 1053 285 1054 257 1055 178 1056 212 1057 250 1058 20 1059 253 1060 237 1061 179 1062 209 1063 229 1064 215 1065 33 1066 191 1067 180 1068 230 1069 68 1070 235 1071 209 1072 179 1073 241 1074 181 1075 108 1076 208 1077 255 1078 31 1079 84 1080 182 1081 207 1082 182 1083 244 1084 254 1085 19 1086 238 1087 183 1088 181 1089 217 1090 108 1091 23 1092 184 1093 153 1094 23 1095 43 1096 184 1097 250 1098 212 1099 102 1100 185 1101 232 1102 243 1103 253 1104 186 1105 237 1106 242 1107 91 1108 256 1109 45 1110 254 1111 244 1112 187 1113 242 1114 256 1115 188 1116 118 1117 211 1118 252 1119 19 1120 183 1121 189 1122 230 1123 180 1124 243 1125 232 1126 24 1127 79 1128 61 1129 190 1130 79 1131 190 1132 105 1133 249 1134 118 1135 188 1136 191 1137 33 1138 231 1139 286 1140 83 1141 18 1142 18 1143 139 1144 286 1145 94 1146 14 1147 283 1148 283 1149 251 1150 94 1151 281 1152 35 1153 110 1154 110 1155 8 1156 281 1157 88 1158 96 1159 195 1160 195 1161 174 1162 88 1163 6 1164 154 1165 196 1166 6 1167 196 1168 105 1169 56 1170 36 1171 279 1172 56 1173 279 1174 239 1175 277 1176 69 1177 50 1178 50 1179 216 1180 277 1181 55 1182 6 1183 199 1184 199 1185 70 1186 55 1187 104 1188 200 1189 70 1190 54 1191 200 1192 104 1193 197 1194 76 1195 201 1196 149 1197 201 1198 76 1199 202 1200 262 1201 109 1202 162 1203 202 1204 109 1205 203 1206 75 1207 223 1208 13 1209 75 1210 203 1211 204 1212 125 1213 4 1214 143 1215 204 1216 4 1217 13 1218 203 1219 205 1220 205 1221 96 1222 13 1223 96 1224 151 1225 206 1226 96 1227 206 1228 13 1229 127 1230 207 1231 31 1232 207 1233 208 1234 31 1235 182 1236 81 1237 208 1238 182 1239 208 1240 207 1241 235 1242 68 1243 209 1244 85 1245 209 1246 68 1247 117 1248 57 1249 210 1250 117 1251 210 1252 55 1253 168 1254 19 1255 211 1256 252 1257 211 1258 19 1259 178 1260 20 1261 212 1262 38 1263 212 1264 20 1265 15 1266 213 1267 95 1268 213 1269 154 1270 95 1271 160 1272 214 1273 93 1274 214 1275 260 1276 93 1277 179 1278 229 1279 215 1280 215 1281 132 1282 179 1283 64 1284 216 1285 130 1286 50 1287 130 1288 216 1289 217 1290 183 1291 238 1292 217 1293 135 1294 183 1295 272 1296 294 1297 53 1298 59 1299 35 1300 218 1301 300 1302 291 1303 3 1304 3 1305 299 1306 14 1307 220 1308 92 1309 267 1310 62 1311 92 1312 220 1313 26 1314 139 1315 221 1316 221 1317 139 1318 18 1319 61 1320 222 1321 129 1322 5 1323 129 1324 222 1325 203 1326 223 1327 144 1328 123 1329 144 1330 223 1331 82 1332 192 1333 224 1334 98 1335 82 1336 224 1337 225 1338 8 1339 110 1340 147 1341 8 1342 225 1343 218 1344 21 1345 226 1346 292 1347 289 1348 53 1349 120 1350 67 1351 227 1352 293 1353 290 1354 53 1355 122 1356 104 1357 228 1358 228 1359 104 1360 263 1361 215 1362 229 1363 33 1364 161 1365 33 1366 229 1367 28 1368 230 1369 24 1370 189 1371 24 1372 230 1373 22 1374 118 1375 231 1376 249 1377 231 1378 118 1379 185 1380 102 1381 232 1382 232 1383 102 1384 124 1385 271 1386 233 1387 9 1388 112 1389 9 1390 233 1391 157 1392 151 1393 234 1394 43 1395 234 1396 151 1397 180 1398 235 1399 137 1400 180 1401 68 1402 235 1403 276 1404 236 1405 76 1406 236 1407 17 1408 76 1409 237 1410 186 1411 91 1412 170 1413 237 1414 91 1415 86 1416 108 1417 238 1418 108 1419 217 1420 238 1421 63 1422 145 1423 239 1424 145 1425 56 1426 239 1427 111 1428 240 1429 156 1430 240 1431 194 1432 156 1433 31 1434 255 1435 241 1436 27 1437 31 1438 241 1439 242 1440 45 1441 72 1442 45 1443 242 1444 187 1445 243 1446 24 1447 189 1448 107 1449 243 1450 189 1451 37 1452 244 1453 84 1454 84 1455 244 1456 182 1457 32 1458 10 1459 245 1460 10 1461 193 1462 245 1463 71 1464 246 1465 109 1466 246 1467 11 1468 109 1469 234 1470 247 1471 157 1472 42 1473 157 1474 247 1475 121 1476 158 1477 248 1478 57 1479 248 1480 158 1481 136 1482 191 1483 249 1484 191 1485 231 1486 249 1487 250 1488 102 1489 185 1490 250 1491 185 1492 80 1493 251 1494 142 1495 94 1496 99 1497 142 1498 251 1499 188 1500 211 1501 252 1502 252 1503 74 1504 188 1505 178 1506 138 1507 253 1508 178 1509 253 1510 20 1511 187 1512 254 1513 45 1514 254 1515 187 1516 134 1517 255 1518 181 1519 241 1520 40 1521 181 1522 255 1523 256 1524 91 1525 186 1526 58 1527 256 1528 186 1529 44 1530 177 1531 257 1532 146 1533 44 1534 257 1535 113 1536 90 1537 258 1538 90 1539 275 1540 258 1541 259 1542 4 1543 176 1544 143 1545 4 1546 259 1547 260 1548 75 1549 206 1550 214 1551 75 1552 260 1553 158 1554 261 1555 57 1556 210 1557 57 1558 261 1559 184 1560 71 1561 262 1562 109 1563 262 1564 71 1565 263 1566 70 1567 105 1568 104 1569 70 1570 263 1571 264 1572 61 1573 196 1574 61 1575 264 1576 222 1577 34 1578 296 1579 290 1580 295 1581 265 1582 34 1583 89 1584 297 1585 289 1586 299 1587 266 1588 89 1589 125 1590 220 1591 267 1592 267 1593 83 1594 125 1595 268 1596 200 1597 173 1598 274 1599 268 1600 173 1601 174 1602 195 1603 269 1604 269 1605 144 1606 174 1607 155 1608 270 1609 66 1610 270 1611 129 1612 66 1613 271 1614 9 1615 119 1616 119 1617 36 1618 271 1619 272 1620 59 1621 294 1622 34 1623 59 1624 295 1625 273 1626 75 1627 13 1628 13 1629 206 1630 273 1631 274 1632 117 1633 55 1634 55 1635 268 1636 274 1637 275 1638 90 1639 176 1640 176 1641 60 1642 275 1643 119 1644 236 1645 276 1646 276 1647 36 1648 119 1649 277 1650 159 1651 198 1652 198 1653 69 1654 277 1655 50 1656 69 1657 278 1658 278 1659 130 1660 50 1661 197 1662 201 1663 279 1664 279 1665 36 1666 197 1667 280 1668 56 1669 145 1670 280 1671 14 1672 56 1673 281 1674 156 1675 194 1676 194 1677 35 1678 281 1679 110 1680 35 1681 282 1682 282 1683 225 1684 110 1685 283 1686 14 1687 193 1688 193 1689 10 1690 283 1691 125 1692 83 1693 284 1694 125 1695 284 1696 4 1697 285 1698 94 1699 142 1700 285 1701 14 1702 94 1703 286 1704 224 1705 192 1706 192 1707 35 1708 286 1709 18 1710 83 1711 287 1712 287 1713 221 1714 18 1715 288 1716 60 1717 177 1718 288 1719 177 1720 44 1721 21 1722 289 1723 292 1724 21 1725 89 1726 289 1727 67 1728 34 1729 290 1730 67 1731 290 1732 293 1733 301 1734 291 1735 53 1736 301 1737 3 1738 291 1739 226 1740 292 1741 53 1742 226 1743 21 1744 292 1745 227 1746 67 1747 293 1748 227 1749 293 1750 53 1751 59 1752 218 1753 294 1754 294 1755 218 1756 53 1757 295 1758 59 1759 272 1760 295 1761 272 1762 53 1763 265 1764 296 1765 34 1766 296 1767 265 1768 53 1769 266 1770 297 1771 89 1772 297 1773 266 1774 53 1775 120 1776 298 1777 3 1778 53 1779 298 1780 120 1781 299 1782 219 1783 53 1784 299 1785 3 1786 219 1787 298 1788 300 1789 3 1790 300 1791 298 1792 53 1793 53 1794 219 1795 301 1796 219 1797 3 1798 301 1799</p>
        </triangles>
      </mesh>
    </geometry>
    <geometry id="FBXASC227FBXASC130FBXASC189FBXASC227FBXASC131FBXASC170FBXASC227FBXASC131FBXASC131FBXASC227FBXASC131FBXASC1375-lib" name="FBXASC227FBXASC130FBXASC189FBXASC227FBXASC131FBXASC170FBXASC227FBXASC131FBXASC131FBXASC227FBXASC131FBXASC1375Mesh">
      <mesh>
        <source id="FBXASC227FBXASC130FBXASC189FBXASC227FBXASC131FBXASC170FBXASC227FBXASC131FBXASC131FBXASC227FBXASC131FBXASC1375-POSITION">
          <float_array id="FBXASC227FBXASC130FBXASC189FBXASC227FBXASC131FBXASC170FBXASC227FBXASC131FBXASC131FBXASC227FBXASC131FBXASC1375-POSITION-array" count="726">-3.265e-05 0.001525591 0.000194124 6.8538e-05 0.001163386 -3.8764e-05 -5.6173e-05 0.001537402 -8.586e-06 0.000187984 0.001525591 5.8412e-05 6.789e-06 0.001163386 7.8447e-05 -0.000109492 0.001525591 -4.429e-05 5.0581e-05 0.001525591 -0.000106731 7.8615e-05 0.00105315 4.444e-06 -7.4178e-05 0.001163386 -2.6412e-05 -8.7689e-05 0.001525591 -0.00017624 -0.000152309 0.001635827 0.000124708 0.000191334 0.001525591 -4.6273e-05 -6.3732e-05 0.00105315 -4.6241e-05 2.0651e-05 0.001635827 5.2941e-05 -6.789e-06 0.001163386 -7.8447e-05 -0.000181992 0.001635827 -7.5028e-05 8.7741e-05 0.001525591 7.9067e-05 3.7643e-05 0.001635827 0.000193218 6.3732e-05 0.001163386 4.6241e-05 0.000140517 0.001525591 -0.000137859 -0.00010091 0.001525591 6.1378e-05 2.0651e-05 0.001537402 5.2941e-05 -6.8538e-05 0.001163386 3.8764e-05 -5.4811e-05 0.001635827 -0.000189066 0.000196522 0.001635827 -1.1366e-05 -0.00019675 0.001525591 -6.296e-06 4.9919e-05 0.001525591 -0.000190416 -3.7848e-05 0.001525591 0.000111882 0.000155473 0.001635827 0.00012074 -3.7848e-05 0.00121063 0.000111882 -5.5407e-05 0.00121063 -0.000104308 -5.6173e-05 0.001635827 -8.586e-06 2.8615e-05 0.00105315 7.3357e-05 9.3102e-05 0.00121063 -7.2678e-05 -6.8538e-05 0.00105315 3.8764e-05 0.000103134 0.001525591 0.000167671 1.5974e-05 0.00121063 -6.0933e-05 -0.00016567 0.001525591 -0.000106318 -0.000117723 0.00121063 9.561e-06 0.00010361 0.00121063 5.6701e-05 0.000162875 0.001635827 -0.000110553 8.3117e-05 0.001635827 -0.000178442 -1.5974e-05 0.00121063 6.0933e-05 -5.3014e-05 0.00121063 -3.4022e-05 -9.8778e-05 0.001525591 0.000170273 5.6173e-05 0.001635827 8.586e-06 -5.5407e-05 0.001525591 -0.000104308 -3.265e-05 0.001635827 0.000194124 3.5522e-05 0.001537402 -4.4355e-05 -0.000186416 0.001635827 6.3238e-05 -0.000144024 0.001635827 -0.000134191 0.000115817 0.001525591 -2.3163e-05 5.8685e-05 0.00121063 -2.2892e-05 -0.000172129 0.001525591 9.5508e-05 1.5587e-05 0.00105315 -7.7182e-05 1.639e-05 0.00121063 0.000116967 2.4604e-05 0.00121063 -0.000115519 3.9906e-05 0.00121063 4.8739e-05 0.000118037 0.00121063 4.17e-06 4.2923e-05 0.001525591 0.000110035 -9.6327e-05 0.00121063 -6.8346e-05 -5.8685e-05 0.00121063 2.2892e-05 3.67e-05 0.001163386 -6.9664e-05 7.3832e-05 0.001525591 -9.219e-05 1.5117e-05 0.001635827 -0.000196269 -3.67e-05 0.001163386 6.9664e-05 0.000113643 0.001525591 -0.000160733 -5.4811e-05 0.001525591 -0.000189066 -0.000194712 0.001525591 2.8936e-05 3.7643e-05 0.001525591 0.000193218 -0 0.001507832 -0 6.8538e-05 0.00105315 -3.8764e-05 0.000155473 0.001525591 0.00012074 -2.0651e-05 0.001635827 -5.2941e-05 -3.5522e-05 0.001635827 4.4355e-05 3.5522e-05 0.001635827 -4.4355e-05 -1.5587e-05 0.00105315 7.7182e-05 7.1538e-05 0.001635827 0.000183391 0.000174533 0.001635827 9.1039e-05 -4.8123e-05 0.001163386 -6.2323e-05 -0.000192464 0.001635827 -4.1326e-05 -0.000127594 0.001635827 0.000149899 0.00010361 0.001525591 5.6701e-05 -8.4035e-05 0.00121063 8.2995e-05 6.7142e-05 0.00121063 9.717e-05 7.6682e-05 0.001163386 -1.7884e-05 -3.5522e-05 0.001537402 4.4355e-05 -0.000112344 0.00121063 3.6452e-05 -0.000116754 0.001525591 -1.7845e-05 -2.7e-06 0.001525591 -0.000118079 -2.2892e-05 0.00121063 -5.8685e-05 6.0933e-05 0.00121063 1.5974e-05 -7.8615e-05 0.001163386 -4.444e-06 7.4178e-05 0.001163386 2.6412e-05 0.000179997 0.001635827 -7.9694e-05 -0.000127594 0.001525591 0.000149899 -7.8615e-05 0.00105315 -4.444e-06 -2.0651e-05 0.001537402 -5.2941e-05 -0.000144024 0.001525591 -0.000134191 0.000196522 0.001525591 -1.1366e-05 0.000131415 0.001525591 0.000146561 0.000195393 0.001635827 2.3907e-05 0.000113643 0.001635827 -0.000160733 -4.8123e-05 0.00105315 -6.2323e-05 -0.000112344 0.001525591 3.6452e-05 5.6173e-05 0.001537402 8.586e-06 0.000107353 0.00121063 -4.9248e-05 -1.1026e-05 0.001525591 0.000117594 -7.7968e-05 0.001525591 -8.8718e-05 0.000118037 0.001525591 4.17e-06 -5.484e-05 0.001163386 5.6503e-05 -2.9858e-05 0.00121063 -0.000114274 5.0581e-05 0.00121063 -0.000106731 2.8615e-05 0.001163386 7.3357e-05 -0.000192464 0.001525591 -4.1326e-05 0.000162875 0.001525591 -0.000110553 2.537e-06 0.001525591 0.000196834 1.5117e-05 0.001525591 -0.000196269 0.000195393 0.001525591 2.3907e-05 -2.0171e-05 0.001635827 -0.000195814 -0.000117749 0.001525591 -0.000157751 5.484e-05 0.001163386 -5.6503e-05 4.8123e-05 0.00105315 6.2323e-05 -2.8615e-05 0.001163386 -7.3357e-05 -6.3732e-05 0.001163386 -4.6241e-05 1.5587e-05 0.001163386 -7.7182e-05 4.8123e-05 0.001163386 6.2323e-05 -1.5587e-05 0.001163386 7.7182e-05 -0.000117749 0.001635827 -0.000157751 -0.000194712 0.001635827 2.8936e-05 -6.6787e-05 0.001635827 0.000185174 0.000131415 0.001635827 0.000146561 -2.0171e-05 0.001525591 -0.000195814 -0.000152309 0.001525591 0.000124708 -6.6787e-05 0.001525591 0.000185174 8.3117e-05 0.001525591 -0.000178442 -0.000186416 0.001525591 6.3238e-05 0.000174533 0.001525591 9.1039e-05 2.537e-06 0.001635827 0.000196834 -0.000172129 0.001635827 9.5508e-05 -0.00016567 0.001635827 -0.000106318 0.000191334 0.001635827 -4.6273e-05 4.9919e-05 0.001635827 -0.000190416 7.6682e-05 0.00105315 -1.7884e-05 -6.2887e-05 0.00121063 3.637e-06 2.2892e-05 0.00121063 5.8685e-05 -0.000116754 0.00121063 -1.7845e-05 0.000115817 0.00121063 -2.3163e-05 -1.1026e-05 0.00121063 0.000117594 6.7142e-05 0.001525591 9.717e-05 -0.000109492 0.00121063 -4.429e-05 9.3102e-05 0.001525591 -7.2678e-05 3.4022e-05 0.00121063 -5.3014e-05 -3.4022e-05 0.00121063 5.3014e-05 -8.4035e-05 0.001525591 8.2995e-05 -9.6327e-05 0.001525591 -6.8346e-05 -6.263e-05 0.001525591 0.000100138 2.4604e-05 0.001525591 -0.000115519 0.000113893 0.001525591 3.1279e-05 0.000107353 0.001525591 -4.9248e-05 -7.6682e-05 0.001163386 1.7884e-05 7.8615e-05 0.001163386 4.444e-06 0.000187984 0.001635827 5.8412e-05 0.000140517 0.001635827 -0.000137859 0.000179997 0.001525591 -7.9694e-05 -0.000181992 0.001525591 -7.5028e-05 7.1538e-05 0.001525591 0.000183391 -8.7689e-05 0.001635827 -0.00017624 -0.00019675 0.001635827 -6.296e-06 -9.8778e-05 0.001635827 0.000170273 0.000103134 0.001635827 0.000167671 -5.484e-05 0.00105315 5.6503e-05 -6.789e-06 0.00105315 -7.8447e-05 4.2923e-05 0.00121063 0.000110035 -2.7e-06 0.00121063 -0.000118079 0.000113893 0.00121063 3.1279e-05 -6.263e-05 0.00121063 0.000100138 8.7741e-05 0.00121063 7.9067e-05 -0.00010091 0.00121063 6.1378e-05 7.3832e-05 0.00121063 -9.219e-05 -0.000117723 0.001525591 9.561e-06 1.639e-05 0.001525591 0.000116967 -2.9858e-05 0.001525591 -0.000114274 -3.9906e-05 0.00121063 -4.8739e-05 -7.7968e-05 0.00121063 -8.8718e-05 5.3014e-05 0.00121063 3.4022e-05 5.484e-05 0.00105315 -5.6503e-05 -4.8739e-05 0.00121063 3.9906e-05 6.2887e-05 0.00121063 -3.637e-06 -3.637e-06 0.00121063 -6.2887e-05 4.8739e-05 0.00121063 -3.9906e-05 4.8739e-05 0.001163386 -3.9906e-05 -6.0933e-05 0.001163386 -1.5974e-05 6.789e-06 0.00105315 7.8447e-05 -2.8615e-05 0.00105315 -7.3357e-05 -3.637e-06 0.001163386 -6.2887e-05 3.637e-06 0.001163386 6.2887e-05 6.2887e-05 0.001163386 -3.637e-06 -6.2887e-05 0.001163386 3.637e-06 5.8685e-05 0.001163386 -2.2892e-05 3.637e-06 0.00121063 6.2887e-05 -6.0933e-05 0.00121063 -1.5974e-05 -7.4178e-05 0.00105315 -2.6412e-05 7.4178e-05 0.00105315 2.6412e-05 2.2892e-05 0.001163386 5.8685e-05 6.0933e-05 0.001163386 1.5974e-05 -4.8739e-05 0.001163386 3.9906e-05 3.4022e-05 0.001163386 -5.3014e-05 -5.3014e-05 0.001163386 -3.4022e-05 5.3014e-05 0.001163386 3.4022e-05 -3.4022e-05 0.001163386 5.3014e-05 -7.6682e-05 0.00105315 1.7884e-05 -1.5974e-05 0.001163386 6.0933e-05 -3.9906e-05 0.001163386 -4.8739e-05 3.67e-05 0.00105315 -6.9664e-05 -3.67e-05 0.00105315 6.9664e-05 -2.2892e-05 0.001163386 -5.8685e-05 -5.8685e-05 0.001163386 2.2892e-05 3.9906e-05 0.001163386 4.8739e-05 1.5974e-05 0.001163386 -6.0933e-05 6.3732e-05 0.00105315 4.6241e-05 1.125e-06 0.001537402 4.92e-05 4.92e-05 0.001537402 -1.125e-06 -3.8412e-05 0.001537402 -3.0763e-05 2.3626e-05 0.001537402 -4.3171e-05 -9.651e-06 0.001537402 -4.8257e-05 -2.3626e-05 0.001537402 4.3171e-05 -4.5848e-05 0.001537402 1.7884e-05 1.7884e-05 0.001537402 4.5848e-05 3.8412e-05 0.001537402 3.0763e-05 -2.5574e-05 0.001537402 -4.2046e-05 4.5848e-05 0.001537402 -1.7884e-05 -4.92e-05 0.001537402 1.125e-06 4.6617e-05 0.001537402 1.577e-05 -4.6617e-05 0.001537402 -1.577e-05 7.435e-06 0.001537402 -4.8648e-05 3.6966e-05 0.001537402 -3.2487e-05 -3.6966e-05 0.001537402 3.2487e-05 -7.435e-06 0.001537402 4.8648e-05 9.651e-06 0.001537402 4.8257e-05 2.5574e-05 0.001537402 4.2046e-05 3.2487e-05 0.001537402 3.6966e-05</float_array>
          <technique_common>
            <accessor source="#FBXASC227FBXASC130FBXASC189FBXASC227FBXASC131FBXASC170FBXASC227FBXASC131FBXASC131FBXASC227FBXASC131FBXASC1375-POSITION-array" count="242" stride="3">
              <param name="X" type="float"/>
              <param name="Y" type="float"/>
              <param name="Z" type="float"/>
            </accessor>
          </technique_common>
        </source>
        <source id="FBXASC227FBXASC130FBXASC189FBXASC227FBXASC131FBXASC170FBXASC227FBXASC131FBXASC131FBXASC227FBXASC131FBXASC1375-Normal0">
          <float_array id="FBXASC227FBXASC130FBXASC189FBXASC227FBXASC131FBXASC170FBXASC227FBXASC131FBXASC131FBXASC227FBXASC131FBXASC1375-Normal0-array" count="4293">
2.308661 0.000000 -1.059097
2.308661 0.000000 -1.059097
2.002186 0.000000 -1.562963
-2.531664 -0.000000 0.205617
-2.531664 -0.000000 0.205617
-2.416004 -0.000000 0.783917
0.923069 0.000000 2.366336
1.443902 0.000000 2.089676
0.923069 0.000000 2.366336
-0.000000 2.540000 -0.000000
-0.000000 2.540000 -0.000000
-0.000000 2.540000 -0.000000
2.449311 0.000000 0.672663
2.538416 0.000000 0.089681
2.449311 0.000000 0.672663
-1.676735 -0.000000 -1.907920
-2.071535 -0.000000 -1.469810
-1.676735 -0.000000 -1.907920
-0.000000 2.540000 -0.000000
-0.000000 2.540000 -0.000000
-0.000000 2.540000 -0.000000
-0.642112 -0.000000 -2.457497
-0.642112 -0.000000 -2.457497
-0.058066 -0.000000 -2.539336
-0.000000 2.540000 -0.000000
-0.000000 2.540000 -0.000000
-0.000000 2.540000 -0.000000
-0.000000 2.540000 -0.000000
-0.000000 2.540000 -0.000000
-0.000000 2.540000 -0.000000
-2.055872 -0.000000 -1.491639
-1.552352 -0.000000 -2.010424
-2.055872 -0.000000 -1.491639
2.535951 0.000000 0.143358
2.392838 0.000000 0.852011
2.535951 0.000000 0.143358
-2.170096 -0.000000 1.319955
-1.807199 -0.000000 1.784834
-2.170096 -0.000000 1.319955
-1.769038 -0.000000 1.822664
-1.183876 -0.000000 2.247229
-1.769038 -0.000000 1.822664
0.000000 -2.540000 0.000000
0.000000 -2.540000 0.000000
0.000000 -2.540000 0.000000
-0.000000 2.540000 -0.000000
-0.000000 2.540000 -0.000000
-0.000000 2.540000 -0.000000
-1.346874 -0.000000 2.153492
-1.346874 -0.000000 2.153492
-1.807199 -0.000000 1.784834
-0.000000 2.540000 -0.000000
-0.000000 2.540000 -0.000000
-0.000000 2.540000 -0.000000
-0.000000 2.540000 -0.000000
-0.000000 2.540000 -0.000000
-0.000000 2.540000 -0.000000
2.538416 0.000000 0.089681
2.538416 0.000000 0.089681
2.449311 0.000000 0.672663
-1.183876 -0.000000 2.247229
-1.183876 -0.000000 2.247229
-1.769038 -0.000000 1.822664
1.183876 0.000000 -2.247229
1.183876 0.000000 -2.247229
1.769038 0.000000 -1.822664
-0.000000 2.540000 -0.000000
-0.000000 2.540000 -0.000000
-0.000000 2.540000 -0.000000
-0.000000 2.540000 -0.000000
-0.000000 2.540000 -0.000000
-0.000000 2.540000 -0.000000
1.769038 0.000000 -1.822664
1.183876 0.000000 -2.247229
1.769038 0.000000 -1.822664
1.587772 0.000000 -1.982569
1.087762 0.000000 -2.295294
1.587772 0.000000 -1.982569
-2.538700 -0.000000 -0.081242
-2.512409 -0.000000 0.373366
-2.538700 -0.000000 -0.081242
-2.348274 -0.000000 -0.968097
-2.348274 -0.000000 -0.968097
-2.483396 -0.000000 -0.533239
1.330760 0.000000 2.163487
1.330760 0.000000 2.163487
1.695680 0.000000 1.891103
0.000000 -2.540000 0.000000
0.000000 -2.540000 0.000000
0.000000 -2.540000 0.000000
-1.274552 -0.000000 2.197070
-0.861767 -0.000000 2.389343
-1.274552 -0.000000 2.197070
0.923069 0.000000 2.366336
0.485709 0.000000 2.493128
0.923069 0.000000 2.366336
0.923069 0.000000 2.366336
1.552352 0.000000 2.010424
0.923069 0.000000 2.366336
1.443902 0.000000 2.089676
1.443902 0.000000 2.089676
0.923069 0.000000 2.366336
0.000000 -2.540000 0.000000
0.000000 -2.540000 0.000000
0.000000 -2.540000 0.000000
0.000000 -2.540000 0.000000
0.000000 -2.540000 0.000000
0.000000 -2.540000 0.000000
-1.965275 -0.000000 1.609128
-1.646371 -0.000000 1.934183
-1.965275 -0.000000 1.609128
-2.221013 -0.000000 1.232356
-2.405366 -0.000000 0.815974
-2.221013 -0.000000 1.232356
-0.383767 0.000000 2.510841
-0.383767 0.000000 2.510841
-0.383767 0.000000 2.510841
2.366336 0.000000 -0.923069
2.366336 0.000000 -0.923069
2.366336 0.000000 -0.923069
-2.535951 -0.000000 -0.143358
-2.473616 -0.000000 0.576909
-2.535951 -0.000000 -0.143358
-2.354658 -0.000000 -0.952462
-2.510841 -0.000000 -0.383767
-2.354658 -0.000000 -0.952462
-1.131469 -0.000000 -2.274066
-1.519336 -0.000000 -2.035489
-1.131469 -0.000000 -2.274066
-0.260272 -0.000000 -2.526630
0.195058 -0.000000 -2.532499
-0.260272 -0.000000 -2.526630
2.322540 0.000000 -1.028304
2.101604 0.000000 -1.426485
2.322540 0.000000 -1.028304
2.535763 0.000000 -0.146653
2.535763 0.000000 -0.146653
2.521198 0.000000 0.308482
0.000000 -2.540000 0.000000
0.000000 -2.540000 0.000000
0.000000 -2.540000 0.000000
0.000000 -2.540000 0.000000
0.000000 -2.540000 0.000000
0.000000 -2.540000 0.000000
1.813122 0.000000 -1.778816
1.466365 0.000000 -2.073976
1.813122 0.000000 -1.778816
0.000000 -2.540000 0.000000
0.000000 -2.540000 0.000000
0.000000 -2.540000 0.000000
0.000000 -2.540000 0.000000
0.000000 -2.540000 0.000000
0.000000 -2.540000 0.000000
0.000000 -2.540000 0.000000
0.000000 -2.540000 0.000000
0.000000 -2.540000 0.000000
2.425600 0.000000 0.753702
2.521198 0.000000 0.308482
2.425600 0.000000 0.753702
2.006099 0.000000 1.557937
1.695680 0.000000 1.891103
2.006099 0.000000 1.557937
-1.371840 -0.000000 2.137676
-1.371840 -0.000000 2.137676
-1.965275 -0.000000 1.609128
0.146653 0.000000 2.535763
0.146653 0.000000 2.535763
0.923069 0.000000 2.366336
-0.058066 -0.000000 -2.539336
-0.642112 -0.000000 -2.457497
-0.058066 -0.000000 -2.539336
0.000000 -2.540000 0.000000
0.000000 -2.540000 0.000000
0.000000 -2.540000 0.000000
-0.383767 0.000000 2.510841
-0.383767 0.000000 2.510841
-0.383767 0.000000 2.510841
2.366336 0.000000 -0.923069
2.366336 0.000000 -0.923069
2.366336 0.000000 -0.923069
2.055872 0.000000 1.491639
2.392838 0.000000 0.852011
2.055872 0.000000 1.491639
0.000000 -2.540000 0.000000
0.000000 -2.540000 0.000000
0.000000 -2.540000 0.000000
0.000000 -2.540000 0.000000
0.000000 -2.540000 0.000000
0.000000 -2.540000 0.000000
0.000000 -2.540000 0.000000
0.000000 -2.540000 0.000000
0.000000 -2.540000 0.000000
0.000000 -2.540000 0.000000
0.000000 -2.540000 0.000000
0.000000 -2.540000 0.000000
-2.535951 -0.000000 -0.143358
-2.535951 -0.000000 -0.143358
-2.392838 -0.000000 -0.852011
0.000000 -2.540000 0.000000
0.000000 -2.540000 0.000000
0.000000 -2.540000 0.000000
0.000000 -2.540000 0.000000
0.000000 -2.540000 0.000000
0.000000 -2.540000 0.000000
1.371840 0.000000 -2.137676
1.965275 0.000000 -1.609128
1.371840 0.000000 -2.137676
-0.146653 -0.000000 -2.535763
-0.146653 -0.000000 -2.535763
-0.923069 -0.000000 -2.366336
0.000000 -2.540000 0.000000
0.000000 -2.540000 0.000000
0.000000 -2.540000 0.000000
-1.858371 -0.000000 -1.731490
-1.858371 -0.000000 -1.731490
-1.519336 -0.000000 -2.035489
0.000000 -2.540000 0.000000
0.000000 -2.540000 0.000000
0.000000 -2.540000 0.000000
0.000000 -2.540000 0.000000
0.000000 -2.540000 0.000000
0.000000 -2.540000 0.000000
0.000000 -2.540000 0.000000
0.000000 -2.540000 0.000000
0.000000 -2.540000 0.000000
0.000000 -2.540000 0.000000
0.000000 -2.540000 0.000000
0.000000 -2.540000 0.000000
2.468826 0.000000 -0.597074
2.468826 0.000000 -0.597074
2.322540 0.000000 -1.028304
-0.000000 2.540000 -0.000000
-0.000000 2.540000 -0.000000
-0.000000 2.540000 -0.000000
0.644119 -0.000000 -2.456972
0.644119 -0.000000 -2.456972
0.195058 -0.000000 -2.532499
0.644119 -0.000000 -2.456972
1.072477 0.000000 -2.302475
0.644119 -0.000000 -2.456972
0.000000 -2.540000 0.000000
0.000000 -2.540000 0.000000
0.000000 -2.540000 0.000000
0.000000 -2.540000 0.000000
0.000000 -2.540000 0.000000
0.000000 -2.540000 0.000000
-1.609128 -0.000000 -1.965275
-2.137676 -0.000000 -1.371840
-1.609128 -0.000000 -1.965275
-2.456972 -0.000000 -0.644119
-2.456972 -0.000000 -0.644119
-2.535763 -0.000000 0.146653
0.000000 -2.540000 0.000000
0.000000 -2.540000 0.000000
0.000000 -2.540000 0.000000
-0.421285 0.000000 2.504819
-0.421285 0.000000 2.504819
-0.861767 -0.000000 2.389343
-0.000000 2.540000 -0.000000
-0.000000 2.540000 -0.000000
-0.000000 2.540000 -0.000000
-1.982569 -0.000000 -1.587772
-1.982569 -0.000000 -1.587772
-1.982569 -0.000000 -1.587772
-2.071535 -0.000000 -1.469810
-2.071535 -0.000000 -1.469810
-1.676735 -0.000000 -1.907920
0.000000 -2.540000 0.000000
0.000000 -2.540000 0.000000
0.000000 -2.540000 0.000000
-0.421285 0.000000 2.504819
-0.421285 0.000000 2.504819
0.032738 0.000000 2.539789
-0.000000 2.540000 -0.000000
-0.000000 2.540000 -0.000000
-0.000000 2.540000 -0.000000
-2.366336 -0.000000 0.923069
-2.366336 -0.000000 0.923069
-2.366336 -0.000000 0.923069
1.218753 2.177205 -0.475416
0.982651 2.177205 -0.863583
1.117682 2.177205 -0.679827
-2.405366 -0.000000 0.815974
-2.405366 -0.000000 0.815974
-2.221013 -0.000000 1.232356
-0.000000 2.540000 -0.000000
-0.000000 2.540000 -0.000000
-0.000000 2.540000 -0.000000
-0.000000 2.540000 -0.000000
-0.000000 2.540000 -0.000000
-0.000000 2.540000 -0.000000
-1.858371 -0.000000 -1.731490
-1.858371 -0.000000 -1.731490
-2.137676 -0.000000 -1.371840
0.000000 -2.540000 0.000000
0.000000 -2.540000 0.000000
0.000000 -2.540000 0.000000
0.000000 -2.540000 0.000000
0.000000 -2.540000 0.000000
0.000000 -2.540000 0.000000
1.965275 0.000000 -1.609128
1.965275 0.000000 -1.609128
1.371840 0.000000 -2.137676
2.456972 0.000000 0.644119
2.535763 0.000000 -0.146653
2.456972 0.000000 0.644119
0.000000 -2.540000 0.000000
0.000000 -2.540000 0.000000
0.000000 -2.540000 0.000000
0.000000 -2.540000 0.000000
0.000000 -2.540000 0.000000
0.000000 -2.540000 0.000000
0.000000 -2.540000 0.000000
0.000000 -2.540000 0.000000
0.000000 -2.540000 0.000000
-0.219004 -0.000000 -2.530541
-0.219004 -0.000000 -2.530541
-0.923069 -0.000000 -2.366336
0.000000 -2.540000 0.000000
0.000000 -2.540000 0.000000
0.000000 -2.540000 0.000000
-0.237125 0.000000 2.528907
0.352473 0.000000 2.515425
-0.237125 0.000000 2.528907
0.000000 -2.540000 0.000000
0.000000 -2.540000 0.000000
0.000000 -2.540000 0.000000
0.000000 -2.540000 0.000000
0.000000 -2.540000 0.000000
0.000000 -2.540000 0.000000
2.456972 0.000000 0.644119
2.456972 0.000000 0.644119
2.137676 0.000000 1.371840
1.609128 0.000000 1.965275
1.609128 0.000000 1.965275
0.923069 0.000000 2.366336
0.000000 -2.540000 0.000000
0.000000 -2.540000 0.000000
0.000000 -2.540000 0.000000
2.490675 0.000000 -0.498135
2.308661 0.000000 -1.059097
2.490675 0.000000 -0.498135
0.352473 0.000000 2.515425
0.352473 0.000000 2.515425
-0.237125 0.000000 2.528907
0.000000 -2.540000 0.000000
0.000000 -2.540000 0.000000
0.000000 -2.540000 0.000000
0.000000 -2.540000 0.000000
0.000000 -2.540000 0.000000
0.000000 -2.540000 0.000000
0.000000 -2.540000 0.000000
0.000000 -2.540000 0.000000
0.000000 -2.540000 0.000000
-1.965275 -0.000000 1.609128
-1.371840 -0.000000 2.137676
-1.965275 -0.000000 1.609128
-2.366336 -0.000000 0.923069
-2.366336 -0.000000 0.923069
-2.535763 -0.000000 0.146653
-0.219004 -0.000000 -2.530541
0.502803 -0.000000 -2.489737
-0.219004 -0.000000 -2.530541
0.644119 -0.000000 -2.456972
-0.146653 -0.000000 -2.535763
0.644119 -0.000000 -2.456972
0.000000 -2.540000 0.000000
0.000000 -2.540000 0.000000
0.000000 -2.540000 0.000000
1.087762 0.000000 -2.295294
1.087762 0.000000 -2.295294
1.587772 0.000000 -1.982569
-0.000000 2.540000 -0.000000
-0.000000 2.540000 -0.000000
-0.000000 2.540000 -0.000000
-0.707236 -0.000000 -2.439553
-0.260272 -0.000000 -2.526630
-0.707236 -0.000000 -2.439553
-0.644119 0.000000 2.456972
0.146653 0.000000 2.535763
-0.644119 0.000000 2.456972
-0.502803 0.000000 2.489737
0.219004 0.000000 2.530541
-0.502803 0.000000 2.489737
0.000000 -2.540000 0.000000
0.000000 -2.540000 0.000000
0.000000 -2.540000 0.000000
1.466365 0.000000 -2.073976
1.466365 0.000000 -2.073976
1.813122 0.000000 -1.778816
-0.707236 -0.000000 -2.439553
-0.707236 -0.000000 -2.439553
-1.131469 -0.000000 -2.274066
0.000000 -2.540000 0.000000
0.000000 -2.540000 0.000000
0.000000 -2.540000 0.000000
-2.512409 -0.000000 0.373366
-2.512409 -0.000000 0.373366
-2.538700 -0.000000 -0.081242
0.000000 -2.540000 0.000000
0.000000 -2.540000 0.000000
0.000000 -2.540000 0.000000
0.485709 0.000000 2.493128
0.032738 0.000000 2.539789
0.485709 0.000000 2.493128
0.000000 -2.540000 0.000000
0.000000 -2.540000 0.000000
0.000000 -2.540000 0.000000
-1.307855 2.177205 0.029906
-1.218753 2.177205 0.475416
-1.282792 2.177205 0.256559
-0.628028 2.177205 1.147589
-0.197655 2.177205 1.293179
-0.419210 2.177205 1.239210
0.000000 -2.540000 0.000000
0.000000 -2.540000 0.000000
0.000000 -2.540000 0.000000
2.210883 0.000000 -1.250438
2.210883 0.000000 -1.250438
2.473616 0.000000 -0.576909
2.252041 0.000000 1.174697
2.252041 0.000000 1.174697
2.425600 0.000000 0.753702
0.000000 -2.540000 0.000000
0.000000 -2.540000 0.000000
0.000000 -2.540000 0.000000
-0.000000 2.540000 -0.000000
-0.000000 2.540000 -0.000000
-0.000000 2.540000 -0.000000
1.982569 0.000000 1.587772
1.982569 0.000000 1.587772
1.982569 0.000000 1.587772
0.383767 -0.000000 -2.510841
0.383767 -0.000000 -2.510841
0.383767 -0.000000 -2.510841
-0.000000 2.540000 -0.000000
-0.000000 2.540000 -0.000000
-0.000000 2.540000 -0.000000
-2.366336 -0.000000 0.923069
-2.366336 -0.000000 0.923069
-2.366336 -0.000000 0.923069
-0.000000 2.540000 -0.000000
-0.000000 2.540000 -0.000000
-0.000000 2.540000 -0.000000
0.219004 0.000000 2.530541
0.219004 0.000000 2.530541
-0.502803 0.000000 2.489737
0.000000 -2.540000 0.000000
0.000000 -2.540000 0.000000
0.000000 -2.540000 0.000000
-0.000000 2.540000 -0.000000
-0.000000 2.540000 -0.000000
-0.000000 2.540000 -0.000000
0.485709 0.000000 2.493128
0.485709 0.000000 2.493128
0.923069 0.000000 2.366336
-0.000000 2.540000 -0.000000
-0.000000 2.540000 -0.000000
-0.000000 2.540000 -0.000000
2.252041 0.000000 1.174697
2.006099 0.000000 1.557937
2.252041 0.000000 1.174697
-0.923069 -0.000000 -2.366336
-0.146653 -0.000000 -2.535763
-0.923069 -0.000000 -2.366336
-0.923069 -0.000000 -2.366336
-0.219004 -0.000000 -2.530541
-0.923069 -0.000000 -2.366336
-2.483396 -0.000000 -0.533239
-2.348274 -0.000000 -0.968097
-2.483396 -0.000000 -0.533239
-0.000000 2.540000 -0.000000
-0.000000 2.540000 -0.000000
-0.000000 2.540000 -0.000000
-0.000000 2.540000 -0.000000
-0.000000 2.540000 -0.000000
-0.000000 2.540000 -0.000000
-1.646371 -0.000000 1.934183
-1.646371 -0.000000 1.934183
-1.965275 -0.000000 1.609128
2.228163 0.000000 1.219381
2.228163 0.000000 1.219381
1.886894 0.000000 1.700362
0.000000 -2.540000 0.000000
0.000000 -2.540000 0.000000
0.000000 -2.540000 0.000000
-1.346874 -0.000000 2.153492
-0.813940 -0.000000 2.406055
-1.346874 -0.000000 2.153492
0.000000 -2.540000 0.000000
0.000000 -2.540000 0.000000
0.000000 -2.540000 0.000000
1.886894 0.000000 1.700362
2.228163 0.000000 1.219381
1.886894 0.000000 1.700362
0.000000 -2.540000 0.000000
0.000000 -2.540000 0.000000
0.000000 -2.540000 0.000000
2.535763 0.000000 -0.146653
2.366336 0.000000 -0.923069
2.535763 0.000000 -0.146653
2.473616 0.000000 -0.576909
2.210883 0.000000 -1.250438
2.473616 0.000000 -0.576909
0.383767 -0.000000 -2.510841
0.383767 -0.000000 -2.510841
0.383767 -0.000000 -2.510841
0.628028 2.177205 -1.147589
0.197655 2.177205 -1.293179
0.419210 2.177205 -1.239210
0.000000 -2.540000 0.000000
0.000000 -2.540000 0.000000
0.000000 -2.540000 0.000000
-2.416004 -0.000000 0.783917
-2.531664 -0.000000 0.205617
-2.416004 -0.000000 0.783917
-2.510841 -0.000000 -0.383767
-2.510841 -0.000000 -0.383767
-2.354658 -0.000000 -0.952462
0.000000 -2.540000 0.000000
0.000000 -2.540000 0.000000
0.000000 -2.540000 0.000000
-0.058066 -0.000000 -2.539336
-0.058066 -0.000000 -2.539336
0.529110 -0.000000 -2.484279
0.000000 -2.540000 0.000000
0.000000 -2.540000 0.000000
0.000000 -2.540000 0.000000
0.000000 -2.540000 0.000000
0.000000 -2.540000 0.000000
0.000000 -2.540000 0.000000
-2.137676 -0.000000 -1.371840
-2.137676 -0.000000 -1.371840
-1.609128 -0.000000 -1.965275
0.000000 -2.540000 0.000000
0.000000 -2.540000 0.000000
0.000000 -2.540000 0.000000
2.366336 0.000000 -0.923069
2.366336 0.000000 -0.923069
2.535763 0.000000 -0.146653
-2.535763 -0.000000 0.146653
-2.456972 -0.000000 -0.644119
-2.535763 -0.000000 0.146653
-2.392838 -0.000000 -0.852011
-2.535951 -0.000000 -0.143358
-2.392838 -0.000000 -0.852011
2.137676 0.000000 1.371840
2.456972 0.000000 0.644119
2.137676 0.000000 1.371840
2.392838 0.000000 0.852011
2.392838 0.000000 0.852011
2.055872 0.000000 1.491639
2.101604 0.000000 -1.426485
2.101604 0.000000 -1.426485
2.322540 0.000000 -1.028304
-0.000000 2.540000 -0.000000
-0.000000 2.540000 -0.000000
-0.000000 2.540000 -0.000000
-1.646371 -0.000000 1.934183
-1.274552 -0.000000 2.197070
-1.646371 -0.000000 1.934183
0.000000 -2.540000 0.000000
0.000000 -2.540000 0.000000
0.000000 -2.540000 0.000000
-2.210883 -0.000000 1.250438
-2.210883 -0.000000 1.250438
-2.473616 -0.000000 0.576909
0.000000 -2.540000 0.000000
0.000000 -2.540000 0.000000
0.000000 -2.540000 0.000000
1.982569 0.000000 1.587772
1.982569 0.000000 1.587772
1.982569 0.000000 1.587772
0.679827 2.177205 1.117682
1.021098 2.177205 0.817763
0.863583 2.177205 0.982651
-2.137676 -0.000000 -1.371840
-1.858371 -0.000000 -1.731490
-2.137676 -0.000000 -1.371840
0.000000 -2.540000 0.000000
0.000000 -2.540000 0.000000
0.000000 -2.540000 0.000000
0.000000 -2.540000 0.000000
0.000000 -2.540000 0.000000
0.000000 -2.540000 0.000000
2.468826 0.000000 -0.597074
2.535763 0.000000 -0.146653
2.468826 0.000000 -0.597074
1.695680 0.000000 1.891103
1.330760 0.000000 2.163487
1.695680 0.000000 1.891103
0.000000 -2.540000 0.000000
0.000000 -2.540000 0.000000
0.000000 -2.540000 0.000000
-0.000000 2.540000 -0.000000
-0.000000 2.540000 -0.000000
-0.000000 2.540000 -0.000000
2.521198 0.000000 0.308482
2.535763 0.000000 -0.146653
2.521198 0.000000 0.308482
-0.000000 2.540000 -0.000000
-0.000000 2.540000 -0.000000
-0.000000 2.540000 -0.000000
1.466365 0.000000 -2.073976
1.072477 0.000000 -2.302475
1.466365 0.000000 -2.073976
0.000000 -2.540000 0.000000
0.000000 -2.540000 0.000000
0.000000 -2.540000 0.000000
-1.552352 -0.000000 -2.010424
-1.552352 -0.000000 -2.010424
-2.055872 -0.000000 -1.491639
0.000000 -2.540000 0.000000
0.000000 -2.540000 0.000000
0.000000 -2.540000 0.000000
-2.416004 -0.000000 0.783917
-2.170096 -0.000000 1.319955
-2.416004 -0.000000 0.783917
-1.982569 -0.000000 -1.587772
-1.982569 -0.000000 -1.587772
-1.982569 -0.000000 -1.587772
-0.679827 2.177205 -1.117682
-0.863583 2.177205 -0.982651
-0.863583 2.177205 -0.982651
0.000000 -2.540000 0.000000
0.000000 -2.540000 0.000000
0.000000 -2.540000 0.000000
2.002186 0.000000 -1.562963
2.308661 0.000000 -1.059097
2.002186 0.000000 -1.562963
-0.237125 0.000000 2.528907
-0.237125 0.000000 2.528907
-0.813940 -0.000000 2.406055
0.000000 -2.540000 0.000000
0.000000 -2.540000 0.000000
0.000000 -2.540000 0.000000
0.000000 -2.540000 0.000000
0.000000 -2.540000 0.000000
0.000000 -2.540000 0.000000
-1.191542 -0.000000 -2.243174
-1.676735 -0.000000 -1.907920
-1.191542 -0.000000 -2.243174
0.000000 -2.540000 0.000000
0.000000 -2.540000 0.000000
0.000000 -2.540000 0.000000
2.490675 0.000000 -0.498135
2.490675 0.000000 -0.498135
2.538416 0.000000 0.089681
-2.366336 -0.000000 0.923069
-1.965275 -0.000000 1.609128
-2.366336 -0.000000 0.923069
-1.769038 -0.000000 1.822664
-1.769038 -0.000000 1.822664
-2.210883 -0.000000 1.250438
-1.191542 -0.000000 -2.243174
-0.642112 -0.000000 -2.457497
-1.191542 -0.000000 -2.243174
0.000000 -2.540000 0.000000
0.000000 -2.540000 0.000000
0.000000 -2.540000 0.000000
0.000000 -2.540000 0.000000
0.000000 -2.540000 0.000000
0.000000 -2.540000 0.000000
1.087762 0.000000 -2.295294
0.529110 -0.000000 -2.484279
1.087762 0.000000 -2.295294
0.923069 0.000000 2.366336
0.146653 0.000000 2.535763
0.923069 0.000000 2.366336
0.219004 0.000000 2.530541
0.923069 0.000000 2.366336
0.219004 0.000000 2.530541
-2.483396 -0.000000 -0.533239
-2.483396 -0.000000 -0.533239
-2.538700 -0.000000 -0.081242
0.000000 -2.540000 0.000000
0.000000 -2.540000 0.000000
0.000000 -2.540000 0.000000
2.101604 0.000000 -1.426485
1.813122 0.000000 -1.778816
2.101604 0.000000 -1.426485
0.000000 -2.540000 0.000000
0.000000 -2.540000 0.000000
0.000000 -2.540000 0.000000
0.000000 -2.540000 0.000000
0.000000 -2.540000 0.000000
0.000000 -2.540000 0.000000
0.032738 0.000000 2.539789
-0.421285 0.000000 2.504819
0.032738 0.000000 2.539789
0.000000 -2.540000 0.000000
0.000000 -2.540000 0.000000
0.000000 -2.540000 0.000000
0.195058 -0.000000 -2.532499
0.644119 -0.000000 -2.456972
0.195058 -0.000000 -2.532499
0.000000 -2.540000 0.000000
0.000000 -2.540000 0.000000
0.000000 -2.540000 0.000000
2.521198 0.000000 0.308482
2.521198 0.000000 0.308482
2.425600 0.000000 0.753702
0.195058 -0.000000 -2.532499
0.195058 -0.000000 -2.532499
-0.260272 -0.000000 -2.526630
-0.000000 2.540000 -0.000000
-0.000000 2.540000 -0.000000
-0.000000 2.540000 -0.000000
0.000000 -2.540000 0.000000
0.000000 -2.540000 0.000000
0.000000 -2.540000 0.000000
-1.519336 -0.000000 -2.035489
-1.519336 -0.000000 -2.035489
-1.131469 -0.000000 -2.274066
2.210883 0.000000 -1.250438
1.769038 0.000000 -1.822664
2.210883 0.000000 -1.250438
2.366336 0.000000 -0.923069
1.965275 0.000000 -1.609128
2.366336 0.000000 -0.923069
0.000000 -2.540000 0.000000
0.000000 -2.540000 0.000000
0.000000 -2.540000 0.000000
1.552352 0.000000 2.010424
1.552352 0.000000 2.010424
0.923069 0.000000 2.366336
-0.923069 -0.000000 -2.366336
-1.609128 -0.000000 -1.965275
-0.923069 -0.000000 -2.366336
-1.552352 -0.000000 -2.010424
-1.552352 -0.000000 -2.010424
-0.923069 -0.000000 -2.366336
-2.137676 -0.000000 -1.371840
-2.456972 -0.000000 -0.644119
-2.137676 -0.000000 -1.371840
-2.055872 -0.000000 -1.491639
-2.392838 -0.000000 -0.852011
-2.055872 -0.000000 -1.491639
0.644119 -0.000000 -2.456972
0.644119 -0.000000 -2.456972
1.371840 0.000000 -2.137676
0.502803 -0.000000 -2.489737
0.502803 -0.000000 -2.489737
1.183876 0.000000 -2.247229
1.609128 0.000000 1.965275
2.137676 0.000000 1.371840
1.609128 0.000000 1.965275
1.552352 0.000000 2.010424
2.055872 0.000000 1.491639
1.552352 0.000000 2.010424
-0.502803 0.000000 2.489737
-1.183876 -0.000000 2.247229
-0.502803 0.000000 2.489737
-1.371840 -0.000000 2.137676
-0.644119 0.000000 2.456972
-1.371840 -0.000000 2.137676
-0.000000 2.540000 -0.000000
-0.000000 2.540000 -0.000000
-0.000000 2.540000 -0.000000
-1.519336 -0.000000 -2.035489
-1.858371 -0.000000 -1.731490
-1.519336 -0.000000 -2.035489
-0.000000 2.540000 -0.000000
-0.000000 2.540000 -0.000000
-0.000000 2.540000 -0.000000
-2.512409 -0.000000 0.373366
-2.405366 -0.000000 0.815974
-2.512409 -0.000000 0.373366
-0.861767 -0.000000 2.389343
-0.421285 0.000000 2.504819
-0.861767 -0.000000 2.389343
-0.000000 2.540000 -0.000000
-0.000000 2.540000 -0.000000
-0.000000 2.540000 -0.000000
1.695680 0.000000 1.891103
1.695680 0.000000 1.891103
2.006099 0.000000 1.557937
-0.000000 2.540000 -0.000000
-0.000000 2.540000 -0.000000
-0.000000 2.540000 -0.000000
-0.260272 -0.000000 -2.526630
-0.260272 -0.000000 -2.526630
-0.707236 -0.000000 -2.439553
0.000000 -2.540000 0.000000
0.000000 -2.540000 0.000000
0.000000 -2.540000 0.000000
-1.965275 -0.000000 1.609128
-2.221013 -0.000000 1.232356
-1.965275 -0.000000 1.609128
0.000000 -2.540000 0.000000
0.000000 -2.540000 0.000000
0.000000 -2.540000 0.000000
-0.861767 -0.000000 2.389343
-0.861767 -0.000000 2.389343
-1.274552 -0.000000 2.197070
0.000000 -2.540000 0.000000
0.000000 -2.540000 0.000000
0.000000 -2.540000 0.000000
1.072477 0.000000 -2.302475
1.072477 0.000000 -2.302475
1.466365 0.000000 -2.073976
0.000000 -2.540000 0.000000
0.000000 -2.540000 0.000000
0.000000 -2.540000 0.000000
0.000000 -2.540000 0.000000
0.000000 -2.540000 0.000000
0.000000 -2.540000 0.000000
-2.405366 -0.000000 0.815974
-2.405366 -0.000000 0.815974
-2.512409 -0.000000 0.373366
0.000000 -2.540000 0.000000
0.000000 -2.540000 0.000000
0.000000 -2.540000 0.000000
2.006099 0.000000 1.557937
2.006099 0.000000 1.557937
2.252041 0.000000 1.174697
0.032738 0.000000 2.539789
0.032738 0.000000 2.539789
0.485709 0.000000 2.493128
-0.000000 2.540000 -0.000000
-0.000000 2.540000 -0.000000
-0.000000 2.540000 -0.000000
-0.000000 2.540000 -0.000000
-0.000000 2.540000 -0.000000
-0.000000 2.540000 -0.000000
-2.221013 -0.000000 1.232356
-2.221013 -0.000000 1.232356
-1.965275 -0.000000 1.609128
-0.000000 2.540000 -0.000000
-0.000000 2.540000 -0.000000
-0.000000 2.540000 -0.000000
-2.137676 -0.000000 -1.371840
-2.137676 -0.000000 -1.371840
-2.348274 -0.000000 -0.968097
-0.000000 2.540000 -0.000000
-0.000000 2.540000 -0.000000
-0.000000 2.540000 -0.000000
2.535763 0.000000 -0.146653
2.535763 0.000000 -0.146653
2.468826 0.000000 -0.597074
1.072477 0.000000 -2.302475
1.072477 0.000000 -2.302475
0.644119 -0.000000 -2.456972
-0.000000 2.540000 -0.000000
-0.000000 2.540000 -0.000000
-0.000000 2.540000 -0.000000
0.000000 -2.540000 0.000000
0.000000 -2.540000 0.000000
0.000000 -2.540000 0.000000
2.473616 0.000000 -0.576909
2.473616 0.000000 -0.576909
2.535951 0.000000 0.143358
0.000000 -2.540000 0.000000
0.000000 -2.540000 0.000000
0.000000 -2.540000 0.000000
-2.535763 -0.000000 0.146653
-2.366336 -0.000000 0.923069
-2.535763 -0.000000 0.146653
0.000000 -2.540000 0.000000
0.000000 -2.540000 0.000000
0.000000 -2.540000 0.000000
0.923069 0.000000 2.366336
1.609128 0.000000 1.965275
0.923069 0.000000 2.366336
-2.510841 -0.000000 -0.383767
-2.531664 -0.000000 0.205617
-2.510841 -0.000000 -0.383767
0.000000 -2.540000 0.000000
0.000000 -2.540000 0.000000
0.000000 -2.540000 0.000000
2.538416 0.000000 0.089681
2.490675 0.000000 -0.498135
2.538416 0.000000 0.089681
0.000000 -2.540000 0.000000
0.000000 -2.540000 0.000000
0.000000 -2.540000 0.000000
0.000000 -2.540000 0.000000
0.000000 -2.540000 0.000000
0.000000 -2.540000 0.000000
-0.813940 -0.000000 2.406055
-0.237125 0.000000 2.528907
-0.813940 -0.000000 2.406055
0.000000 -2.540000 0.000000
0.000000 -2.540000 0.000000
0.000000 -2.540000 0.000000
1.443902 0.000000 2.089676
1.886894 0.000000 1.700362
1.443902 0.000000 2.089676
0.000000 -2.540000 0.000000
0.000000 -2.540000 0.000000
0.000000 -2.540000 0.000000
-2.071535 -0.000000 -1.469810
-2.354658 -0.000000 -0.952462
-2.071535 -0.000000 -1.469810
2.002186 0.000000 -1.562963
1.587772 0.000000 -1.982569
2.002186 0.000000 -1.562963
0.000000 -2.540000 0.000000
0.000000 -2.540000 0.000000
0.000000 -2.540000 0.000000
0.000000 -2.540000 0.000000
0.000000 -2.540000 0.000000
0.000000 -2.540000 0.000000
1.371840 0.000000 -2.137676
0.644119 -0.000000 -2.456972
1.371840 0.000000 -2.137676
0.000000 -2.540000 0.000000
0.000000 -2.540000 0.000000
0.000000 -2.540000 0.000000
-0.644119 0.000000 2.456972
-0.644119 0.000000 2.456972
-1.371840 -0.000000 2.137676
-1.807199 -0.000000 1.784834
-1.807199 -0.000000 1.784834
-2.170096 -0.000000 1.319955
0.000000 -2.540000 0.000000
0.000000 -2.540000 0.000000
0.000000 -2.540000 0.000000
0.000000 -2.540000 0.000000
0.000000 -2.540000 0.000000
0.000000 -2.540000 0.000000
-2.354658 -0.000000 -0.952462
-2.354658 -0.000000 -0.952462
-2.071535 -0.000000 -1.469810
-0.813940 -0.000000 2.406055
-0.813940 -0.000000 2.406055
-1.346874 -0.000000 2.153492
0.000000 -2.540000 0.000000
0.000000 -2.540000 0.000000
0.000000 -2.540000 0.000000
0.000000 -2.540000 0.000000
0.000000 -2.540000 0.000000
0.000000 -2.540000 0.000000
0.529110 -0.000000 -2.484279
0.529110 -0.000000 -2.484279
1.087762 0.000000 -2.295294
0.000000 -2.540000 0.000000
0.000000 -2.540000 0.000000
0.000000 -2.540000 0.000000
2.449311 0.000000 0.672663
2.449311 0.000000 0.672663
2.228163 0.000000 1.219381
0.000000 -2.540000 0.000000
0.000000 -2.540000 0.000000
0.000000 -2.540000 0.000000
2.308661 0.000000 -1.059097
2.308661 0.000000 -1.059097
2.490675 0.000000 -0.498135
-2.473616 -0.000000 0.576909
-2.210883 -0.000000 1.250438
-2.473616 -0.000000 0.576909
-0.000000 2.540000 -0.000000
-0.000000 2.540000 -0.000000
-0.000000 2.540000 -0.000000
-0.000000 2.540000 -0.000000
-0.000000 2.540000 -0.000000
-0.000000 2.540000 -0.000000
2.535951 0.000000 0.143358
2.473616 0.000000 -0.576909
2.535951 0.000000 0.143358
2.425600 0.000000 0.753702
2.252041 0.000000 1.174697
2.425600 0.000000 0.753702
-0.000000 2.540000 -0.000000
-0.000000 2.540000 -0.000000
-0.000000 2.540000 -0.000000
-0.000000 2.540000 -0.000000
-0.000000 2.540000 -0.000000
-0.000000 2.540000 -0.000000
1.813122 0.000000 -1.778816
1.813122 0.000000 -1.778816
2.101604 0.000000 -1.426485
0.000000 -2.540000 0.000000
0.000000 -2.540000 0.000000
0.000000 -2.540000 0.000000
2.322540 0.000000 -1.028304
2.468826 0.000000 -0.597074
2.322540 0.000000 -1.028304
-2.348274 -0.000000 -0.968097
-2.137676 -0.000000 -1.371840
-2.348274 -0.000000 -0.968097
0.000000 -2.540000 0.000000
0.000000 -2.540000 0.000000
0.000000 -2.540000 0.000000
0.000000 -2.540000 0.000000
0.000000 -2.540000 0.000000
0.000000 -2.540000 0.000000
0.923069 0.000000 2.366336
0.923069 0.000000 2.366336
1.330760 0.000000 2.163487
-1.131469 -0.000000 -2.274066
-0.707236 -0.000000 -2.439553
-1.131469 -0.000000 -2.274066
-0.000000 2.540000 -0.000000
-0.000000 2.540000 -0.000000
-0.000000 2.540000 -0.000000
-2.538700 -0.000000 -0.081242
-2.483396 -0.000000 -0.533239
-2.538700 -0.000000 -0.081242
-0.000000 2.540000 -0.000000
-0.000000 2.540000 -0.000000
-0.000000 2.540000 -0.000000
-0.000000 2.540000 -0.000000
-0.000000 2.540000 -0.000000
-0.000000 2.540000 -0.000000
-1.274552 -0.000000 2.197070
-1.274552 -0.000000 2.197070
-1.646371 -0.000000 1.934183
1.330760 0.000000 2.163487
0.923069 0.000000 2.366336
1.330760 0.000000 2.163487
-0.000000 2.540000 -0.000000
-0.000000 2.540000 -0.000000
-0.000000 2.540000 -0.000000
0.000000 -2.540000 0.000000
0.000000 -2.540000 0.000000
0.000000 -2.540000 0.000000
-2.210883 -0.000000 1.250438
-1.769038 -0.000000 1.822664
-2.210883 -0.000000 1.250438
0.502803 -0.000000 -2.489737
0.502803 -0.000000 -2.489737
-0.219004 -0.000000 -2.530541
0.000000 -2.540000 0.000000
0.000000 -2.540000 0.000000
0.000000 -2.540000 0.000000
0.000000 -2.540000 0.000000
0.000000 -2.540000 0.000000
0.000000 -2.540000 0.000000
0.923069 0.000000 2.366336
0.352473 0.000000 2.515425
0.923069 0.000000 2.366336
0.529110 -0.000000 -2.484279
-0.058066 -0.000000 -2.539336
0.529110 -0.000000 -2.484279
0.000000 -2.540000 0.000000
0.000000 -2.540000 0.000000
0.000000 -2.540000 0.000000
0.000000 -2.540000 0.000000
0.000000 -2.540000 0.000000
0.000000 -2.540000 0.000000
2.228163 0.000000 1.219381
2.449311 0.000000 0.672663
2.228163 0.000000 1.219381
-1.807199 -0.000000 1.784834
-1.346874 -0.000000 2.153492
-1.807199 -0.000000 1.784834
0.000000 -2.540000 0.000000
0.000000 -2.540000 0.000000
0.000000 -2.540000 0.000000
1.886894 0.000000 1.700362
1.886894 0.000000 1.700362
1.443902 0.000000 2.089676
0.000000 -2.540000 0.000000
0.000000 -2.540000 0.000000
0.000000 -2.540000 0.000000
-2.170096 -0.000000 1.319955
-2.170096 -0.000000 1.319955
-2.416004 -0.000000 0.783917
0.000000 -2.540000 0.000000
0.000000 -2.540000 0.000000
0.000000 -2.540000 0.000000
0.000000 -2.540000 0.000000
0.000000 -2.540000 0.000000
0.000000 -2.540000 0.000000
1.587772 0.000000 -1.982569
1.587772 0.000000 -1.982569
2.002186 0.000000 -1.562963
-2.531664 -0.000000 0.205617
-2.531664 -0.000000 0.205617
-2.510841 -0.000000 -0.383767
0.000000 -2.540000 0.000000
0.000000 -2.540000 0.000000
0.000000 -2.540000 0.000000
0.352473 0.000000 2.515425
0.352473 0.000000 2.515425
0.923069 0.000000 2.366336
0.000000 -2.540000 0.000000
0.000000 -2.540000 0.000000
0.000000 -2.540000 0.000000
0.000000 -2.540000 0.000000
0.000000 -2.540000 0.000000
0.000000 -2.540000 0.000000
-0.642112 -0.000000 -2.457497
-0.642112 -0.000000 -2.457497
-1.191542 -0.000000 -2.243174
0.000000 -2.540000 0.000000
0.000000 -2.540000 0.000000
0.000000 -2.540000 0.000000
-1.609128 -0.000000 -1.965275
-1.609128 -0.000000 -1.965275
-0.923069 -0.000000 -2.366336
0.000000 -2.540000 0.000000
0.000000 -2.540000 0.000000
0.000000 -2.540000 0.000000
-1.676735 -0.000000 -1.907920
-1.676735 -0.000000 -1.907920
-1.191542 -0.000000 -2.243174
2.137676 0.000000 1.371840
2.137676 0.000000 1.371840
1.609128 0.000000 1.965275
0.000000 -2.540000 0.000000
0.000000 -2.540000 0.000000
0.000000 -2.540000 0.000000
0.000000 -2.540000 0.000000
0.000000 -2.540000 0.000000
0.000000 -2.540000 0.000000
1.769038 0.000000 -1.822664
1.769038 0.000000 -1.822664
2.210883 0.000000 -1.250438
-1.965275 -0.000000 1.609128
-1.965275 -0.000000 1.609128
-2.366336 -0.000000 0.923069
0.000000 -2.540000 0.000000
0.000000 -2.540000 0.000000
0.000000 -2.540000 0.000000
0.000000 -2.540000 0.000000
0.000000 -2.540000 0.000000
0.000000 -2.540000 0.000000
2.535763 0.000000 -0.146653
2.535763 0.000000 -0.146653
2.456972 0.000000 0.644119
-0.146653 -0.000000 -2.535763
-0.146653 -0.000000 -2.535763
0.644119 -0.000000 -2.456972
0.000000 -2.540000 0.000000
0.000000 -2.540000 0.000000
0.000000 -2.540000 0.000000
1.965275 0.000000 -1.609128
1.965275 0.000000 -1.609128
2.366336 0.000000 -0.923069
0.000000 -2.540000 0.000000
0.000000 -2.540000 0.000000
0.000000 -2.540000 0.000000
-0.000000 2.540000 -0.000000
-0.000000 2.540000 -0.000000
-0.000000 2.540000 -0.000000
-0.000000 2.540000 -0.000000
-0.000000 2.540000 -0.000000
-0.000000 2.540000 -0.000000
-0.000000 2.540000 -0.000000
-0.000000 2.540000 -0.000000
-0.000000 2.540000 -0.000000
-0.000000 2.540000 -0.000000
-0.000000 2.540000 -0.000000
-0.000000 2.540000 -0.000000
0.923069 0.000000 2.366336
0.923069 0.000000 2.366336
0.219004 0.000000 2.530541
0.000000 -2.540000 0.000000
0.000000 -2.540000 0.000000
0.000000 -2.540000 0.000000
0.000000 -2.540000 0.000000
0.000000 -2.540000 0.000000
0.000000 -2.540000 0.000000
-0.923069 -0.000000 -2.366336
-1.552352 -0.000000 -2.010424
-0.923069 -0.000000 -2.366336
-0.000000 2.540000 -0.000000
-0.000000 2.540000 -0.000000
-0.000000 2.540000 -0.000000
-0.000000 2.540000 -0.000000
-0.000000 2.540000 -0.000000
-0.000000 2.540000 -0.000000
-0.000000 2.540000 -0.000000
-0.000000 2.540000 -0.000000
-0.000000 2.540000 -0.000000
-0.000000 2.540000 -0.000000
-0.000000 2.540000 -0.000000
-0.000000 2.540000 -0.000000
-0.000000 2.540000 -0.000000
-0.000000 2.540000 -0.000000
-0.000000 2.540000 -0.000000
-0.000000 2.540000 -0.000000
-0.000000 2.540000 -0.000000
-0.000000 2.540000 -0.000000
-0.000000 2.540000 -0.000000
-0.000000 2.540000 -0.000000
-0.000000 2.540000 -0.000000
-0.000000 2.540000 -0.000000
-0.000000 2.540000 -0.000000
-0.000000 2.540000 -0.000000
-0.000000 2.540000 -0.000000
-0.000000 2.540000 -0.000000
-0.000000 2.540000 -0.000000
-0.000000 2.540000 -0.000000
-0.000000 2.540000 -0.000000
-0.000000 2.540000 -0.000000
0.146653 0.000000 2.535763
0.146653 0.000000 2.535763
-0.644119 0.000000 2.456972
0.000000 -2.540000 0.000000
0.000000 -2.540000 0.000000
0.000000 -2.540000 0.000000
-2.456972 -0.000000 -0.644119
-2.456972 -0.000000 -0.644119
-2.137676 -0.000000 -1.371840
0.000000 -2.540000 0.000000
0.000000 -2.540000 0.000000
0.000000 -2.540000 0.000000
-2.392838 -0.000000 -0.852011
-2.392838 -0.000000 -0.852011
-2.055872 -0.000000 -1.491639
0.000000 -2.540000 0.000000
0.000000 -2.540000 0.000000
0.000000 -2.540000 0.000000
2.392838 0.000000 0.852011
2.392838 0.000000 0.852011
2.535951 0.000000 0.143358
0.000000 -2.540000 0.000000
0.000000 -2.540000 0.000000
0.000000 -2.540000 0.000000
-0.000000 2.540000 -0.000000
-0.000000 2.540000 -0.000000
-0.000000 2.540000 -0.000000
-0.000000 2.540000 -0.000000
-0.000000 2.540000 -0.000000
-0.000000 2.540000 -0.000000
-0.000000 2.540000 -0.000000
-0.000000 2.540000 -0.000000
-0.000000 2.540000 -0.000000
-0.000000 2.540000 -0.000000
-0.000000 2.540000 -0.000000
-0.000000 2.540000 -0.000000
-0.000000 2.540000 -0.000000
-0.000000 2.540000 -0.000000
-0.000000 2.540000 -0.000000
-0.000000 2.540000 -0.000000
-0.000000 2.540000 -0.000000
-0.000000 2.540000 -0.000000
-0.000000 2.540000 -0.000000
-0.000000 2.540000 -0.000000
-0.000000 2.540000 -0.000000
-0.000000 2.540000 -0.000000
-0.000000 2.540000 -0.000000
-0.000000 2.540000 -0.000000
-0.000000 2.540000 -0.000000
-0.000000 2.540000 -0.000000
-0.000000 2.540000 -0.000000
-0.000000 2.540000 -0.000000
-0.000000 2.540000 -0.000000
-0.000000 2.540000 -0.000000
-0.000000 2.540000 -0.000000
-0.000000 2.540000 -0.000000
-0.000000 2.540000 -0.000000
-0.000000 2.540000 -0.000000
-0.000000 2.540000 -0.000000
-0.000000 2.540000 -0.000000
-0.000000 2.540000 -0.000000
-0.000000 2.540000 -0.000000
-0.000000 2.540000 -0.000000
-0.000000 2.540000 -0.000000
-0.000000 2.540000 -0.000000
-0.000000 2.540000 -0.000000
-2.473616 -0.000000 0.576909
-2.473616 -0.000000 0.576909
-2.535951 -0.000000 -0.143358
0.000000 -2.540000 0.000000
0.000000 -2.540000 0.000000
0.000000 -2.540000 0.000000
-0.000000 2.540000 -0.000000
-0.000000 2.540000 -0.000000
-0.000000 2.540000 -0.000000
-0.000000 2.540000 -0.000000
-0.000000 2.540000 -0.000000
-0.000000 2.540000 -0.000000
-0.000000 2.540000 -0.000000
-0.000000 2.540000 -0.000000
-0.000000 2.540000 -0.000000
-0.000000 2.540000 -0.000000
-0.000000 2.540000 -0.000000
-0.000000 2.540000 -0.000000
0.000000 -2.540000 0.000000
0.000000 -2.540000 0.000000
0.000000 -2.540000 0.000000
1.183876 0.000000 -2.247229
0.502803 -0.000000 -2.489737
1.183876 0.000000 -2.247229
-1.183876 -0.000000 2.247229
-1.183876 -0.000000 2.247229
-0.502803 0.000000 2.489737
0.000000 -2.540000 0.000000
0.000000 -2.540000 0.000000
0.000000 -2.540000 0.000000
-0.000000 2.540000 -0.000000
-0.000000 2.540000 -0.000000
-0.000000 2.540000 -0.000000
-0.000000 2.540000 -0.000000
-0.000000 2.540000 -0.000000
-0.000000 2.540000 -0.000000
-0.000000 2.540000 -0.000000
-0.000000 2.540000 -0.000000
-0.000000 2.540000 -0.000000
-0.000000 2.540000 -0.000000
-0.000000 2.540000 -0.000000
-0.000000 2.540000 -0.000000
-0.000000 2.540000 -0.000000
-0.000000 2.540000 -0.000000
-0.000000 2.540000 -0.000000
-0.000000 2.540000 -0.000000
-0.000000 2.540000 -0.000000
-0.000000 2.540000 -0.000000
-0.000000 2.540000 -0.000000
-0.000000 2.540000 -0.000000
-0.000000 2.540000 -0.000000
-0.000000 2.540000 -0.000000
-0.000000 2.540000 -0.000000
-0.000000 2.540000 -0.000000
0.000000 -2.540000 0.000000
0.000000 -2.540000 0.000000
0.000000 -2.540000 0.000000
2.055872 0.000000 1.491639
2.055872 0.000000 1.491639
1.552352 0.000000 2.010424
-0.000000 2.540000 -0.000000
-0.000000 2.540000 -0.000000
-0.000000 2.540000 -0.000000
0.383767 -0.000000 -2.510841
0.383767 -0.000000 -2.510841
0.383767 -0.000000 -2.510841
-0.000000 2.540000 -0.000000
-0.000000 2.540000 -0.000000
-0.000000 2.540000 -0.000000
-1.021098 2.177205 -0.817763
-1.239210 2.177205 -0.419210
-1.147589 2.177205 -0.628028
1.239210 2.177205 0.419210
1.307855 2.177205 -0.029906
1.293179 2.177205 0.197655
-0.000000 2.540000 -0.000000
-0.000000 2.540000 -0.000000
-0.000000 2.540000 -0.000000
-1.218753 2.177205 0.475416
-0.982651 2.177205 0.863583
-1.117682 2.177205 0.679827
-0.383767 0.000000 2.510841
-0.383767 0.000000 2.510841
-0.383767 0.000000 2.510841
-0.000000 2.540000 -0.000000
-0.000000 2.540000 -0.000000
-0.000000 2.540000 -0.000000
-0.000000 2.540000 -0.000000
-0.000000 2.540000 -0.000000
-0.000000 2.540000 -0.000000
-0.000000 2.540000 -0.000000
-0.000000 2.540000 -0.000000
-0.000000 2.540000 -0.000000
-0.000000 2.540000 -0.000000
-0.000000 2.540000 -0.000000
-0.000000 2.540000 -0.000000
-0.000000 2.540000 -0.000000
-0.000000 2.540000 -0.000000
-0.000000 2.540000 -0.000000
-0.256559 2.177205 -1.282792
-0.475416 2.177205 -1.218753
-0.475416 2.177205 -1.218753
-0.000000 2.540000 -0.000000
-0.000000 2.540000 -0.000000
-0.000000 2.540000 -0.000000
0.256559 2.177205 1.282792
0.679827 2.177205 1.117682
0.475416 2.177205 1.218753
-0.000000 2.540000 -0.000000
-0.000000 2.540000 -0.000000
-0.000000 2.540000 -0.000000
-2.366336 -0.000000 0.923069
-2.366336 -0.000000 0.923069
-2.366336 -0.000000 0.923069
-0.000000 2.540000 -0.000000
-0.000000 2.540000 -0.000000
-0.000000 2.540000 -0.000000
1.307855 2.177205 -0.029906
1.218753 2.177205 -0.475416
1.282792 2.177205 -0.256559
-0.000000 2.540000 -0.000000
-0.000000 2.540000 -0.000000
-0.000000 2.540000 -0.000000
-0.000000 2.540000 -0.000000
-0.000000 2.540000 -0.000000
-0.000000 2.540000 -0.000000
-1.239210 2.177205 -0.419210
-1.307855 2.177205 0.029906
-1.293179 2.177205 -0.197655
1.021098 2.177205 0.817763
1.239210 2.177205 0.419210
1.147589 2.177205 0.628028
-0.000000 2.540000 -0.000000
-0.000000 2.540000 -0.000000
-0.000000 2.540000 -0.000000
-0.197655 2.177205 1.293179
0.256559 2.177205 1.282792
0.029906 2.177205 1.307855
-0.000000 2.540000 -0.000000
-0.000000 2.540000 -0.000000
-0.000000 2.540000 -0.000000
-0.000000 2.540000 -0.000000
-0.000000 2.540000 -0.000000
-0.000000 2.540000 -0.000000
-0.982651 2.177205 0.863583
-0.628028 2.177205 1.147589
-0.817763 2.177205 1.021098
-0.000000 2.540000 -0.000000
-0.000000 2.540000 -0.000000
-0.000000 2.540000 -0.000000
0.982651 2.177205 -0.863583
0.628028 2.177205 -1.147589
0.817763 2.177205 -1.021098
0.197655 2.177205 -1.293179
-0.029906 2.177205 -1.307855
-0.029906 2.177205 -1.307855
-0.000000 2.540000 -0.000000
-0.000000 2.540000 -0.000000
-0.000000 2.540000 -0.000000
-0.029906 2.177205 -1.307855
-0.029906 2.177205 -1.307855
-0.256559 2.177205 -1.282792
-0.000000 2.540000 -0.000000
-0.000000 2.540000 -0.000000
-0.000000 2.540000 -0.000000
-0.475416 2.177205 -1.218753
-0.679827 2.177205 -1.117682
-0.475416 2.177205 -1.218753
-0.000000 2.540000 -0.000000
-0.000000 2.540000 -0.000000
-0.000000 2.540000 -0.000000
-0.863583 2.177205 -0.982651
-0.863583 2.177205 -0.982651
-1.021098 2.177205 -0.817763
-0.000000 2.540000 -0.000000
-0.000000 2.540000 -0.000000
-0.000000 2.540000 -0.000000
</float_array>
          <technique_common>
            <accessor source="#FBXASC227FBXASC130FBXASC189FBXASC227FBXASC131FBXASC170FBXASC227FBXASC131FBXASC131FBXASC227FBXASC131FBXASC1375-Normal0-array" count="1431" stride="3">
              <param name="X" type="float"/>
              <param name="Y" type="float"/>
              <param name="Z" type="float"/>
            </accessor>
          </technique_common>
        </source>
        <vertices id="FBXASC227FBXASC130FBXASC189FBXASC227FBXASC131FBXASC170FBXASC227FBXASC131FBXASC131FBXASC227FBXASC131FBXASC1375-VERTEX">
          <input semantic="POSITION" source="#FBXASC227FBXASC130FBXASC189FBXASC227FBXASC131FBXASC170FBXASC227FBXASC131FBXASC131FBXASC227FBXASC131FBXASC1375-POSITION"/>
        </vertices>
        <triangles count="477" material="MaterialFBXASC032FBXASC03526">
          <input semantic="VERTEX" offset="0" source="#FBXASC227FBXASC130FBXASC189FBXASC227FBXASC131FBXASC170FBXASC227FBXASC131FBXASC131FBXASC227FBXASC131FBXASC1375-VERTEX"/>
          <input semantic="NORMAL" offset="1" source="#FBXASC227FBXASC130FBXASC189FBXASC227FBXASC131FBXASC170FBXASC227FBXASC131FBXASC131FBXASC227FBXASC131FBXASC1375-Normal0"/>
          <p> 159 0 106 1 151 2 180 3 38 4 104 5 173 6 149 7 59 8 13 9 170 10 131 11 175 12 58 13 158 14 184 15 60 16 108 17 31 18 168 19 129 20 111 21 182 22 89 23 163 24 102 25 75 26 142 27 64 28 75 29 124 30 79 31 12 32 161 33 93 34 7 35 178 36 83 37 20 38 171 39 65 40 110 41 182 42 132 43 89 44 73 45 167 46 128 47 176 48 156 49 154 50 74 51 169 52 130 53 162 54 101 55 45 56 58 57 109 58 158 59 215 60 65 61 171 62 214 63 62 64 186 65 31 66 49 67 74 68 75 69 64 70 73 71 186 72 62 73 121 74 179 75 112 76 63 77 25 78 129 79 168 80 15 81 165 82 114 83 170 84 35 85 131 86 109 87 118 88 158 89 44 90 130 91 169 92 77 93 69 94 166 95 32 96 126 97 113 98 84 99 149 100 173 101 89 102 132 103 117 104 151 105 115 106 159 107 133 108 95 109 10 110 139 111 136 112 53 113 75 114 73 115 48 116 74 117 86 118 31 119 96 120 160 121 92 122 150 123 146 124 5 125 9 126 128 127 167 128 119 129 117 130 132 131 164 132 115 133 94 134 99 135 24 136 118 137 104 138 68 139 180 140 5 141 114 142 165 143 19 144 102 145 163 146 6 147 26 148 135 149 59 150 166 151 69 152 156 153 95 154 154 155 3 156 101 157 162 158 28 159 100 160 72 161 210 162 153 163 187 164 200 165 196 166 145 167 174 168 111 169 89 170 90 171 111 172 189 173 73 174 97 175 48 176 31 177 86 178 2 179 220 180 203 181 18 182 215 183 171 184 143 185 91 186 58 187 175 188 152 189 179 190 190 191 186 192 34 193 214 194 96 195 92 196 202 197 16 198 72 199 100 200 149 201 35 202 59 203 152 204 191 205 207 206 189 207 195 208 90 209 108 210 98 211 120 212 98 213 50 214 120 215 187 216 83 217 178 218 144 219 146 220 201 221 91 222 39 223 185 224 84 225 173 226 145 227 141 228 11 229 94 230 141 231 94 232 45 233 142 234 26 235 64 236 142 237 135 238 26 239 145 240 55 241 200 242 153 243 83 244 187 245 213 246 208 247 183 248 201 249 192 250 144 251 27 252 0 253 134 254 0 255 47 256 134 257 13 258 28 259 45 260 105 261 13 262 45 263 60 264 155 265 108 266 155 267 98 268 108 269 47 270 0 271 138 272 13 273 47 274 138 275 105 276 45 277 231 278 227 279 237 280 70 281 49 282 136 283 139 284 74 285 49 286 139 287 31 288 50 289 140 290 50 291 98 292 140 293 159 294 115 295 164 296 109 297 99 298 118 299 190 300 191 301 152 302 205 303 197 304 91 305 154 306 95 307 133 308 104 309 53 310 136 311 172 312 34 313 194 314 14 315 172 316 194 317 200 318 55 319 148 320 148 321 55 322 107 323 189 324 111 325 174 326 152 327 112 328 179 329 205 330 91 331 185 332 218 333 57 334 204 335 52 336 106 337 147 338 147 339 106 340 51 341 55 342 181 343 107 344 181 345 116 346 107 347 183 348 60 349 184 350 201 351 146 352 150 353 206 354 210 355 187 356 217 357 61 358 198 359 14 360 125 361 172 362 219 363 195 364 36 365 6 366 66 367 63 368 112 369 6 370 63 371 73 372 119 373 23 374 23 375 119 376 67 377 212 378 196 379 42 380 76 381 4 382 127 383 63 384 66 385 19 386 66 387 102 388 19 389 23 390 67 391 9 392 46 393 9 394 67 395 68 396 129 397 25 398 180 399 68 400 25 401 17 402 116 403 69 404 181 405 69 406 116 407 222 408 231 409 70 410 224 411 235 412 70 413 143 414 171 415 71 416 71 417 1 418 143 419 78 420 137 421 3 422 82 423 3 424 137 425 73 426 50 427 31 428 73 429 31 430 97 431 74 432 13 433 238 434 74 435 47 436 13 437 45 438 75 439 231 440 45 441 94 442 75 443 193 444 4 445 76 446 193 447 76 448 143 449 17 450 77 451 13 452 17 453 69 454 77 455 45 456 28 457 78 458 78 459 28 460 137 461 90 462 195 463 216 464 123 465 14 466 194 467 80 468 15 469 114 470 15 471 80 472 31 473 10 474 81 475 74 476 95 477 81 478 10 479 39 480 82 481 16 482 82 483 72 484 16 485 176 486 29 487 156 488 153 489 29 490 176 491 177 492 39 493 16 494 185 495 39 496 177 497 197 498 199 499 188 500 143 501 1 502 85 503 86 504 74 505 238 506 226 507 238 508 70 509 144 510 87 511 38 512 104 513 38 514 87 515 146 516 88 517 5 518 88 519 114 520 5 521 174 522 89 523 157 524 89 525 117 526 157 527 43 528 60 529 183 530 208 531 43 532 183 533 52 534 147 535 188 536 199 537 52 538 188 539 144 540 192 541 198 542 202 543 92 544 8 545 209 546 205 547 185 548 203 549 93 550 18 551 115 552 40 553 94 554 75 555 94 556 40 557 95 558 44 559 81 560 156 561 44 562 95 563 34 564 22 565 211 566 202 567 34 568 96 569 31 570 2 571 97 572 230 573 223 574 70 575 140 576 98 577 37 578 155 579 37 580 98 581 51 582 11 583 99 584 141 585 99 586 11 587 131 588 35 589 100 590 149 591 100 592 35 593 45 594 101 595 24 596 118 597 24 598 101 599 75 600 102 601 41 602 66 603 41 604 102 605 103 606 34 607 12 608 79 609 103 610 12 611 20 612 53 613 104 614 87 615 20 616 104 617 21 618 13 619 105 620 240 621 241 622 70 623 190 624 33 625 106 626 151 627 106 628 33 629 148 630 107 631 27 632 107 633 0 634 27 635 108 636 120 637 46 638 30 639 108 640 46 641 51 642 99 643 109 644 147 645 51 646 109 647 217 648 206 649 61 650 171 651 110 652 22 653 46 654 111 655 30 656 90 657 30 658 111 659 36 660 56 661 112 662 112 663 56 664 6 665 145 666 196 667 204 668 193 669 113 670 4 671 80 672 114 673 25 674 88 675 25 676 114 677 115 678 19 679 40 680 151 681 19 682 115 683 107 684 116 685 0 686 138 687 0 688 116 689 157 690 117 691 26 692 64 693 26 694 117 695 158 696 118 697 3 698 118 699 101 700 3 701 64 702 117 703 119 704 73 705 64 706 119 707 46 708 120 709 9 710 120 711 128 712 9 713 71 714 121 715 1 716 199 717 191 718 52 719 122 720 32 721 7 722 122 723 126 724 32 725 216 726 213 727 90 728 103 729 79 730 123 731 208 732 192 733 43 734 12 735 8 736 124 737 219 738 36 739 207 740 54 741 125 742 62 743 218 744 209 745 57 746 122 747 18 748 126 749 127 750 65 751 76 752 210 753 212 754 153 755 73 756 128 757 50 758 120 759 50 760 128 761 129 762 49 763 31 764 68 765 49 766 129 767 134 768 47 769 130 770 130 771 47 772 74 773 131 774 100 775 28 776 131 777 28 778 13 779 119 780 132 781 67 782 182 783 67 784 132 785 10 786 53 787 133 788 20 789 133 790 53 791 134 792 130 793 44 794 27 795 134 796 44 797 135 798 41 799 66 800 6 801 135 802 66 803 104 804 136 805 68 806 136 807 49 808 68 809 82 810 137 811 72 812 28 813 72 814 137 815 138 816 116 817 17 818 13 819 138 820 17 821 74 822 139 823 10 824 139 825 53 826 10 827 31 828 140 829 15 830 140 831 37 832 15 833 45 834 24 835 141 836 24 837 99 838 141 839 41 840 135 841 142 842 75 843 41 844 142 845 7 846 32 847 143 848 143 849 85 850 7 851 61 852 87 853 144 854 198 855 61 856 144 857 57 858 84 859 145 860 204 861 57 862 145 863 146 864 38 865 88 866 144 867 38 868 146 869 58 870 147 871 109 872 188 873 147 874 58 875 42 876 148 877 29 878 29 879 148 880 27 881 16 882 100 883 149 884 84 885 16 886 149 887 43 888 150 889 60 890 60 891 150 892 155 893 33 894 63 895 151 896 63 897 19 898 151 899 36 900 112 901 152 902 207 903 36 904 152 905 42 906 29 907 153 908 212 909 42 910 153 911 83 912 154 913 20 914 154 915 133 916 20 917 5 918 37 919 155 920 150 921 5 922 155 923 29 924 27 925 156 926 27 927 44 928 156 929 157 930 26 931 6 932 56 933 157 934 6 935 158 936 3 937 82 938 175 939 158 940 82 941 159 942 11 943 51 944 106 945 159 946 51 947 211 948 22 949 160 950 198 951 160 952 217 953 197 954 85 955 199 956 7 957 85 958 161 959 162 960 78 961 3 962 45 963 78 964 162 965 75 966 40 967 163 968 19 969 163 970 40 971 159 972 164 973 11 974 94 975 11 976 164 977 15 978 37 979 165 980 5 981 165 982 37 983 35 984 166 985 59 986 77 987 166 988 35 989 167 990 23 991 9 992 23 993 167 994 73 995 168 996 80 997 25 998 31 999 80 1000 168 1001 74 1002 81 1003 169 1004 44 1005 169 1006 81 1007 170 1008 77 1009 35 1010 13 1011 77 1012 170 1013 171 1014 34 1015 71 1016 34 1017 171 1018 22 1019 125 1020 54 1021 172 1022 54 1023 34 1024 172 1025 145 1026 173 1027 55 1028 59 1029 55 1030 173 1031 56 1032 174 1033 157 1034 189 1035 174 1036 56 1037 91 1038 175 1039 39 1040 39 1041 175 1042 82 1043 83 1044 176 1045 154 1046 153 1047 176 1048 83 1049 177 1050 16 1051 84 1052 57 1053 177 1054 84 1055 178 1056 20 1057 87 1058 61 1059 178 1060 87 1061 190 1062 179 1063 33 1064 179 1065 63 1066 33 1067 38 1068 180 1069 88 1070 180 1071 25 1072 88 1073 181 1074 55 1075 59 1076 59 1077 69 1078 181 1079 46 1080 67 1081 182 1082 182 1083 111 1084 46 1085 183 1086 30 1087 90 1088 213 1089 183 1090 90 1091 183 1092 184 1093 30 1094 184 1095 108 1096 30 1097 209 1098 185 1099 57 1100 185 1101 177 1102 57 1103 71 1104 34 1105 186 1106 186 1107 121 1108 71 1109 206 1110 187 1111 61 1112 187 1113 178 1114 61 1115 188 1116 58 1117 91 1118 197 1119 188 1120 91 1121 195 1122 189 1123 36 1124 189 1125 56 1126 36 1127 191 1128 190 1129 52 1130 190 1131 106 1132 52 1133 191 1134 121 1135 207 1136 191 1137 1 1138 121 1139 192 1140 8 1141 92 1142 208 1143 8 1144 192 1145 32 1146 113 1147 193 1148 32 1149 193 1150 143 1151 194 1152 34 1153 103 1154 194 1155 103 1156 123 1157 195 1158 125 1159 14 1160 195 1161 14 1162 216 1163 196 1164 4 1165 204 1166 196 1167 127 1168 4 1169 205 1170 161 1171 197 1172 197 1173 161 1174 85 1175 198 1176 92 1177 160 1178 192 1179 92 1180 198 1181 199 1182 1 1183 191 1184 199 1185 85 1186 1 1187 196 1188 200 1189 42 1190 200 1191 148 1192 42 1193 192 1194 201 1195 43 1196 201 1197 150 1198 43 1199 202 1200 8 1201 12 1202 12 1203 34 1204 202 1205 93 1206 203 1207 7 1208 203 1209 122 1210 7 1211 204 1212 113 1213 126 1214 204 1215 4 1216 113 1217 205 1218 93 1219 161 1220 209 1221 93 1222 205 1223 206 1224 110 1225 210 1226 206 1227 22 1228 110 1229 207 1230 121 1231 62 1232 207 1233 62 1234 219 1235 213 1236 124 1237 208 1238 208 1239 124 1240 8 1241 209 1242 18 1243 93 1244 218 1245 18 1246 209 1247 210 1248 65 1249 212 1250 210 1251 110 1252 65 1253 211 1254 160 1255 96 1256 96 1257 34 1258 211 1259 212 1260 65 1261 127 1262 212 1263 127 1264 196 1265 213 1266 79 1267 124 1268 216 1269 79 1270 213 1271 214 1272 34 1273 54 1274 214 1275 54 1276 62 1277 65 1278 215 1279 76 1280 76 1281 215 1282 143 1283 216 1284 123 1285 79 1286 14 1287 123 1288 216 1289 217 1290 160 1291 22 1292 217 1293 22 1294 206 1295 204 1296 126 1297 218 1298 218 1299 126 1300 18 1301 219 1302 125 1303 195 1304 219 1305 62 1306 125 1307 220 1308 122 1309 203 1310 220 1311 18 1312 122 1313 241 1314 240 1315 21 1316 13 1317 21 1318 238 1319 231 1320 222 1321 105 1322 229 1323 233 1324 70 1325 234 1326 232 1327 70 1328 235 1329 224 1330 48 1331 231 1332 236 1333 70 1334 48 1335 97 1336 235 1337 97 1338 223 1339 230 1340 86 1341 237 1342 227 1343 238 1344 226 1345 86 1346 232 1347 234 1348 2 1349 239 1350 21 1351 228 1352 239 1353 228 1354 70 1355 105 1356 233 1357 229 1358 225 1359 230 1360 70 1361 225 1362 97 1363 230 1364 75 1365 48 1366 231 1367 48 1368 236 1369 231 1370 232 1371 227 1372 70 1373 227 1374 232 1375 2 1376 222 1377 233 1378 105 1379 233 1380 222 1381 70 1382 223 1383 234 1384 70 1385 2 1386 234 1387 223 1388 235 1389 225 1390 70 1391 235 1392 97 1393 225 1394 224 1395 236 1396 48 1397 236 1398 224 1399 70 1400 226 1401 237 1402 86 1403 237 1404 226 1405 70 1406 238 1407 221 1408 70 1409 238 1410 21 1411 221 1412 70 1413 221 1414 239 1415 221 1416 21 1417 239 1418 228 1419 240 1420 70 1421 240 1422 228 1423 21 1424 70 1425 241 1426 229 1427 229 1428 241 1429 21 1430</p>
        </triangles>
      </mesh>
    </geometry>
    <geometry id="FBXASC227FBXASC130FBXASC189FBXASC227FBXASC131FBXASC170FBXASC227FBXASC131FBXASC131FBXASC227FBXASC131FBXASC1376-lib" name="FBXASC227FBXASC130FBXASC189FBXASC227FBXASC131FBXASC170FBXASC227FBXASC131FBXASC131FBXASC227FBXASC131FBXASC1376Mesh">
      <mesh>
        <source id="FBXASC227FBXASC130FBXASC189FBXASC227FBXASC131FBXASC170FBXASC227FBXASC131FBXASC131FBXASC227FBXASC131FBXASC1376-POSITION">
          <float_array id="FBXASC227FBXASC130FBXASC189FBXASC227FBXASC131FBXASC170FBXASC227FBXASC131FBXASC131FBXASC227FBXASC131FBXASC1376-POSITION-array" count="435">-0.000328133 -0.001557087 -0.000422346 0.000718072 -0.001537402 -0.000368457 -2.8083e-05 -0.001537402 0.000806598 -0.00079115 -0.001537402 0.000159594 0.000801272 -0.001399606 9.6705e-05 -0.000744894 -0.001537402 -0.00031068 0.000386499 -0.001399606 -0.000294711 0.000467774 -0.001557087 0.000633394 -0.000338583 -0.001537402 -0.000732633 -0.000599957 -0.001557087 0.000509954 0.000342094 -0.001557087 -0.000255194 -0.000278469 -0.001399606 -0.000389682 0.000489119 -0.001537402 -0.00064199 0.000737859 -0.001537402 0.000327038 -0.000373017 -0.001399606 0.000715714 -0.000621309 -0.001399606 -0.000515134 0.000718072 -0.001399606 -0.000368457 0.000609794 -0.001399606 0.000528716 -0.000156002 -0.001399606 -0.000267215 0.000322338 -0.001399606 0.000739924 -0.000758817 -0.001399606 0.000274929 -0.000782672 -0.001399606 -0.000197012 -0.000136317 -0.001557087 -0.000247529 0.00050114 -0.001557087 -0.00041424 0.000461622 -0.001399606 -0.000369834 -0.000566198 -0.001399606 0.000575159 0.000578749 -0.001399606 -0.000562528 0.000794478 -0.001399606 -0.000142102 0.000737859 -0.001399606 0.000327038 -0.000443286 -0.001399606 -0.000674453 -0.000806058 -0.001399606 4.0744e-05 -0.000338583 -0.001399606 -0.000534809 0.000794478 -0.001537402 -0.000142102 0.000259341 -0.001557087 0.000743467 0.000283879 -0.001399606 -0.000267215 -0.000147152 -0.001399606 0.000793558 -0.000474837 -0.001537402 0.000652624 -0.000744894 -0.001399606 -0.00031068 -0.000338583 -0.001399606 -0.000732633 9.1606e-05 -0.001399606 0.000801871 0.000489119 -0.001399606 -0.000472454 0.000655631 -0.001399606 -0.000470677 0.000489119 -0.001399606 -0.00064199 -0.000262981 -0.001537402 0.00076304 0.000764697 -0.001399606 -0.000258122 -0.000690708 -0.001399606 -0.000417505 -0.000621309 -0.001537402 -0.000515134 -0.00080321 -0.001537402 -7.9004e-05 0.000801272 -0.001537402 9.6705e-05 -0.000645088 -0.001399606 0.000485026 0.000442925 -0.001557087 -0.000313408 -0.000443286 -0.001537402 -0.000674453 -0.000709769 -0.001399606 0.000384209 -0.00080321 -0.001399606 -7.9004e-05 -0.00079115 -0.001399606 0.000159594 0.00068133 -0.001399606 0.000432641 -0.000538225 -0.001399606 -0.000601417 0.000609794 -0.001537402 0.000528716 0.000778135 -0.001399606 0.00021423 0.000578749 -0.001537402 -0.000562528 0.00080676 -0.001399606 -2.2951e-05 -0.000709769 -0.001537402 0.000384209 0.000759448 -0.001557087 -0.000207942 -0.000691969 -0.001557087 -0.00037574 0.000524826 -0.001399606 0.000613144 -0.000474837 -0.001399606 0.000652624 0.000336999 -0.001399606 -0.000274208 -0.000331589 -0.001399606 -0.000481689 0.000743963 -0.001557087 0.000257916 -0.000783187 -0.001557087 8.1363e-05 -0.000311086 -0.001399606 -0.000432189 0.000482126 -0.001399606 -0.000419334 -0.000331589 -0.001537402 -0.000481689 0.000429006 -0.001399606 -0.000327328 0.000209277 -0.001537402 0.000779482 0.000428299 -0.001399606 0.000684068 0.000663872 -0.001557087 -0.000423409 -0.000549751 -0.001557087 -0.000563716 -0.000156002 -0.001537402 -0.000267215 0.000336999 -0.001537402 -0.000274208 -0.000772177 -0.001557087 -0.000154093 -0.000724012 -0.001557087 0.000309527 0.000786967 -0.001557087 2.6159e-05 -0.000422137 -0.001557087 0.000664682 -0.000311086 -0.001537402 -0.000432189 0.000634289 -0.001557087 0.000466561 -0.000206487 -0.001557087 0.000759845 0.000482126 -0.001537402 -0.000419334 0.000428299 -0.001537402 0.000684068 0.000429006 -0.001537402 -0.000327328 2.7666e-05 -0.001557087 0.000786915 0.000209277 -0.001399606 0.000779482 -2.8083e-05 -0.001399606 0.000806598 -0.000566198 -0.001537402 0.000575159 -0.000183841 -0.001557087 -0.000267215 -0.000147152 -0.001537402 0.000793558 -0.000350604 -0.001557087 -0.000476594 -0.000758817 -0.001537402 0.000274929 -0.000690708 -0.001537402 -0.000417505 -0.000262981 -0.001399606 0.00076304 0.000322338 -0.001537402 0.000739924 0.000524826 -0.001537402 0.000613144 9.1606e-05 -0.001537402 0.000801871 0.00068133 -0.001537402 0.000432641 0.000778135 -0.001537402 0.00021423 -0.000373017 -0.001537402 0.000715714 0.00080676 -0.001537402 -2.2951e-05 -0.000645088 -0.001537402 0.000485026 0.000764697 -0.001537402 -0.000258122 0.000655631 -0.001537402 -0.000470677 -0.000806058 -0.001537402 4.0744e-05 -0.000782672 -0.001537402 -0.000197012 -0.000538225 -0.001537402 -0.000601417 0.000386499 -0.001537402 -0.000294711 0.000508804 -0.001557087 -0.000600932 -0.000358268 -0.001557087 -0.000701174 -0.000156002 -0.001557087 -0.000267215 0.0003677 -0.001557087 0.000696275 0.000461622 -0.001537402 -0.000369834 0.000145138 -0.001557087 0.00077391 0.00055731 -0.001557087 0.000556244 -9.0429e-05 -0.001557087 0.000782192 0.000696977 -0.001557087 0.000366366 -0.000317893 -0.001557087 0.000720379 0.000774186 -0.001557087 0.000143656 -0.000516869 -0.001557087 0.00059401 0.000782017 -0.001557087 -9.1927e-05 -0.000669527 -0.001557087 0.000414409 0.000719768 -0.001557087 -0.000319272 -0.000762186 -0.001557087 0.000197672 0.000593019 -0.001557087 -0.000518006 -0.000786542 -0.001557087 -3.678e-05 -0.000740413 -0.001557087 -0.000267935 -0.000627934 -0.001557087 -0.00047508 -0.000459182 -0.001557087 -0.000639651 0.000283879 -0.001537402 -0.000267215 -0.000338583 -0.001537402 -0.000534809 0.00047867 -0.001557087 -0.000359992 0.000396342 -0.001557087 -0.000277664 0.000489119 -0.001537402 -0.000472454 -0.000278469 -0.001537402 -0.000389682 0.000283879 -0.001557087 -0.000247529 0.000508804 -0.001557087 -0.000472454 -0.000358268 -0.001557087 -0.000534809 -0.000292389 -0.001557087 -0.000375763</float_array>
          <technique_common>
            <accessor source="#FBXASC227FBXASC130FBXASC189FBXASC227FBXASC131FBXASC170FBXASC227FBXASC131FBXASC131FBXASC227FBXASC131FBXASC1376-POSITION-array" count="145" stride="3">
              <param name="X" type="float"/>
              <param name="Y" type="float"/>
              <param name="Z" type="float"/>
            </accessor>
          </technique_common>
        </source>
        <source id="FBXASC227FBXASC130FBXASC189FBXASC227FBXASC131FBXASC170FBXASC227FBXASC131FBXASC131FBXASC227FBXASC131FBXASC1376-Normal0">
          <float_array id="FBXASC227FBXASC130FBXASC189FBXASC227FBXASC131FBXASC170FBXASC227FBXASC131FBXASC131FBXASC227FBXASC131FBXASC1376-Normal0-array" count="2574">
0.000000 2.540000 -0.000000
0.000000 2.540000 -0.000000
0.000000 2.540000 -0.000000
-0.000000 -2.540000 0.000000
-0.000000 -2.540000 0.000000
-0.000000 -2.540000 0.000000
-0.000000 -2.540000 0.000000
-0.000000 -2.540000 0.000000
-0.000000 -2.540000 0.000000
0.000000 2.540000 -0.000000
0.000000 2.540000 -0.000000
0.000000 2.540000 -0.000000
0.000000 2.540000 -0.000000
0.000000 2.540000 -0.000000
0.000000 2.540000 -0.000000
-0.000000 -2.540000 0.000000
-0.000000 -2.540000 0.000000
-0.000000 -2.540000 0.000000
-0.000000 -2.540000 0.000000
-0.000000 -2.540000 0.000000
-0.000000 -2.540000 0.000000
0.000000 2.540000 -0.000000
0.000000 2.540000 -0.000000
0.000000 2.540000 -0.000000
-0.000000 -0.000000 -2.540000
-0.000000 -0.000000 -2.540000
-0.000000 -0.000000 -2.540000
0.000000 2.540000 -0.000000
0.000000 2.540000 -0.000000
0.000000 2.540000 -0.000000
0.000000 2.540000 -0.000000
0.000000 2.540000 -0.000000
0.000000 2.540000 -0.000000
-0.000000 -2.540000 0.000000
-0.000000 -2.540000 0.000000
-0.000000 -2.540000 0.000000
-0.000000 -2.540000 0.000000
-0.000000 -2.540000 0.000000
-0.000000 -2.540000 0.000000
0.000000 2.540000 -0.000000
0.000000 2.540000 -0.000000
0.000000 2.540000 -0.000000
0.000000 2.540000 -0.000000
0.000000 2.540000 -0.000000
0.000000 2.540000 -0.000000
-0.000000 -2.540000 0.000000
-0.000000 -2.540000 0.000000
-0.000000 -2.540000 0.000000
-0.000000 -2.540000 0.000000
-0.000000 -2.540000 0.000000
-0.000000 -2.540000 0.000000
-0.000000 -2.540000 0.000000
-0.000000 -2.540000 0.000000
-0.000000 -2.540000 0.000000
-0.000000 -0.000000 -2.540000
-0.000000 -0.000000 -2.540000
-0.000000 -0.000000 -2.540000
2.540000 -0.000000 0.000000
2.540000 -0.000000 0.000000
2.540000 -0.000000 0.000000
-2.540000 0.000000 -0.000000
-2.540000 0.000000 -0.000000
-2.540000 0.000000 -0.000000
0.000000 2.540000 -0.000000
0.000000 2.540000 -0.000000
0.000000 2.540000 -0.000000
2.538973 -0.000000 -0.072231
2.538973 -0.000000 -0.072231
2.521701 -0.000000 0.304341
0.000000 2.540000 -0.000000
0.000000 2.540000 -0.000000
0.000000 2.540000 -0.000000
0.000000 2.540000 -0.000000
0.000000 2.540000 -0.000000
0.000000 2.540000 -0.000000
-1.173931 0.000000 2.252440
-1.173931 0.000000 2.252440
-0.827634 0.000000 2.401379
0.000000 2.540000 -0.000000
0.000000 2.540000 -0.000000
0.000000 2.540000 -0.000000
-1.693860 0.000000 -1.892733
-1.693860 0.000000 -1.892733
-1.955336 0.000000 -1.621191
2.500320 -0.000000 -0.447212
2.500320 -0.000000 -0.447212
2.406595 -0.000000 -0.812342
1.821394 -0.000000 -1.770346
1.821394 -0.000000 -1.770346
1.539318 -0.000000 -2.020421
1.919095 -0.000000 1.663933
1.919095 -0.000000 1.663933
2.144228 -0.000000 1.361575
1.347909 -0.000000 2.152845
1.651693 -0.000000 1.929640
1.347909 -0.000000 2.152845
1.796051 -0.000000 -1.796051
1.796051 -0.000000 -1.796051
1.796051 -0.000000 -1.796051
0.000000 2.540000 -0.000000
0.000000 2.540000 -0.000000
0.000000 2.540000 -0.000000
-0.088379 0.000000 2.538462
-0.088379 0.000000 2.538462
0.288295 0.000000 2.523586
0.288295 0.000000 2.523586
0.658619 0.000000 2.453125
0.288295 0.000000 2.523586
-2.527802 0.000000 -0.248636
-2.536761 0.000000 0.128225
-2.527802 0.000000 -0.248636
-2.233730 0.000000 1.209152
-2.233730 0.000000 1.209152
-2.388088 0.000000 0.865236
-2.173743 0.000000 -1.313940
-2.344271 0.000000 -0.977749
-2.173743 0.000000 -1.313940
-2.463164 0.000000 -0.620021
-2.527802 0.000000 -0.248636
-2.463164 0.000000 -0.620021
1.796051 -0.000000 -1.796051
1.796051 -0.000000 -1.796051
1.796051 -0.000000 -1.796051
-0.000000 -2.540000 0.000000
-0.000000 -2.540000 0.000000
-0.000000 -2.540000 0.000000
-1.270000 0.000000 -2.199704
-1.270000 0.000000 -2.199704
-1.796051 0.000000 -1.796051
-0.000000 -2.540000 0.000000
-0.000000 -2.540000 0.000000
-0.000000 -2.540000 0.000000
0.000000 2.540000 -0.000000
0.000000 2.540000 -0.000000
0.000000 2.540000 -0.000000
-1.796051 0.000000 -1.796051
-1.796051 0.000000 -1.796051
-2.199704 0.000000 -1.270000
-2.233730 0.000000 1.209152
-2.233730 0.000000 1.209152
-2.030171 0.000000 1.526435
-1.781895 0.000000 1.810097
-1.494371 0.000000 2.053888
-1.781895 0.000000 1.810097
0.000000 2.540000 -0.000000
0.000000 2.540000 -0.000000
0.000000 2.540000 -0.000000
2.259861 -0.000000 -1.159580
2.063352 -0.000000 -1.481276
2.259861 -0.000000 -1.159580
2.521701 -0.000000 0.304341
2.538973 -0.000000 -0.072231
2.521701 -0.000000 0.304341
0.000000 2.540000 -0.000000
0.000000 2.540000 -0.000000
0.000000 2.540000 -0.000000
2.322131 -0.000000 1.029227
2.448886 -0.000000 0.674209
2.322131 -0.000000 1.029227
2.144228 -0.000000 1.361575
1.919095 -0.000000 1.663933
2.144228 -0.000000 1.361575
-1.955336 0.000000 -1.621191
-1.693860 0.000000 -1.892733
-1.955336 0.000000 -1.621191
0.000000 2.540000 -0.000000
0.000000 2.540000 -0.000000
0.000000 2.540000 -0.000000
0.000000 2.540000 -0.000000
0.000000 2.540000 -0.000000
0.000000 2.540000 -0.000000
-2.489846 0.000000 0.502262
-2.388088 0.000000 0.865236
-2.489846 0.000000 0.502262
0.000000 2.540000 -0.000000
0.000000 2.540000 -0.000000
0.000000 2.540000 -0.000000
2.453452 -0.000000 -0.657400
2.199704 -0.000000 -1.270000
2.453452 -0.000000 -0.657400
2.406595 -0.000000 -0.812342
2.500320 -0.000000 -0.447212
2.406595 -0.000000 -0.812342
-0.000000 -2.540000 0.000000
-0.000000 -2.540000 0.000000
-0.000000 -2.540000 0.000000
-0.000000 -2.540000 0.000000
-0.000000 -2.540000 0.000000
-0.000000 -2.540000 0.000000
1.014436 -0.000000 2.328630
1.014436 -0.000000 2.328630
1.347909 -0.000000 2.152845
-1.270000 0.000000 -2.199704
-1.270000 0.000000 -2.199704
-0.657400 -0.000000 -2.453452
0.000000 2.540000 -0.000000
0.000000 2.540000 -0.000000
0.000000 2.540000 -0.000000
0.000000 2.540000 -0.000000
0.000000 2.540000 -0.000000
0.000000 2.540000 -0.000000
-0.827634 0.000000 2.401379
-1.173931 0.000000 2.252440
-0.827634 0.000000 2.401379
-0.830094 -1.796051 1.592716
-0.962887 -1.796051 1.516129
-0.725109 -1.796051 1.643173
-2.030171 0.000000 1.526435
-1.781895 0.000000 1.810097
-2.030171 0.000000 1.526435
-2.344271 0.000000 -0.977749
-2.344271 0.000000 -0.977749
-2.463164 0.000000 -0.620021
0.000000 2.540000 -0.000000
0.000000 2.540000 -0.000000
0.000000 2.540000 -0.000000
2.540000 -0.000000 0.000000
2.540000 -0.000000 0.000000
2.540000 -0.000000 0.000000
-1.395075 0.000000 -2.122585
-1.395075 0.000000 -2.122585
-1.065561 0.000000 -2.305684
0.658619 0.000000 2.453125
0.658619 0.000000 2.453125
1.014436 -0.000000 2.328630
0.000000 2.540000 -0.000000
0.000000 2.540000 -0.000000
0.000000 2.540000 -0.000000
0.000000 2.540000 -0.000000
0.000000 2.540000 -0.000000
0.000000 2.540000 -0.000000
-2.453452 0.000000 -0.657400
-2.540000 0.000000 0.000000
-2.453452 0.000000 -0.657400
2.063352 -0.000000 -1.481276
2.063352 -0.000000 -1.481276
1.821394 -0.000000 -1.770346
0.000000 2.540000 -0.000000
0.000000 2.540000 -0.000000
0.000000 2.540000 -0.000000
-2.540000 0.000000 -0.000000
-2.540000 0.000000 -0.000000
-2.540000 0.000000 -0.000000
1.539318 -0.000000 -2.020421
1.821394 -0.000000 -1.770346
1.539318 -0.000000 -2.020421
-0.088379 0.000000 2.538462
-0.463107 0.000000 2.497425
-0.088379 0.000000 2.538462
-0.000000 -2.540000 0.000000
-0.000000 -2.540000 0.000000
-0.000000 -2.540000 0.000000
0.000000 2.540000 -0.000000
0.000000 2.540000 -0.000000
0.000000 2.540000 -0.000000
2.259861 -0.000000 -1.159580
2.259861 -0.000000 -1.159580
2.406595 -0.000000 -0.812342
0.000000 2.540000 -0.000000
0.000000 2.540000 -0.000000
0.000000 2.540000 -0.000000
-1.955336 0.000000 -1.621191
-2.173743 0.000000 -1.313940
-1.955336 0.000000 -1.621191
-1.382632 -1.796051 -1.146355
-1.253973 -1.796051 -1.285827
-1.432307 -1.796051 -1.083650
-2.344271 0.000000 -0.977749
-2.344271 0.000000 -0.977749
-2.173743 0.000000 -1.313940
-2.536761 0.000000 0.128225
-2.536761 0.000000 0.128225
-2.489846 0.000000 0.502262
-1.787426 -1.796051 -0.175812
-1.761323 -1.796051 -0.351484
-1.794091 -1.796051 -0.083894
1.783112 -1.796051 0.215201
1.765907 -1.796051 0.327678
1.795060 -1.796051 0.059669
2.448886 -0.000000 0.674209
2.448886 -0.000000 0.674209
2.322131 -0.000000 1.029227
0.000000 2.540000 -0.000000
0.000000 2.540000 -0.000000
0.000000 2.540000 -0.000000
-1.781895 0.000000 1.810097
-1.781895 0.000000 1.810097
-2.030171 0.000000 1.526435
-2.199704 0.000000 -1.270000
-2.453452 0.000000 -0.657400
-2.199704 0.000000 -1.270000
-0.000000 -2.540000 0.000000
-0.000000 -2.540000 0.000000
-0.000000 -2.540000 0.000000
-0.000000 -2.540000 0.000000
-0.000000 -2.540000 0.000000
-0.000000 -2.540000 0.000000
-1.065561 0.000000 -2.305684
-1.395075 0.000000 -2.122585
-1.065561 0.000000 -2.305684
0.000000 2.540000 -0.000000
0.000000 2.540000 -0.000000
0.000000 2.540000 -0.000000
-2.388088 0.000000 0.865236
-2.233730 0.000000 1.209152
-2.388088 0.000000 0.865236
0.000000 2.540000 -0.000000
0.000000 2.540000 -0.000000
0.000000 2.540000 -0.000000
-2.527802 0.000000 -0.248636
-2.527802 0.000000 -0.248636
-2.463164 0.000000 -0.620021
0.000000 2.540000 -0.000000
0.000000 2.540000 -0.000000
0.000000 2.540000 -0.000000
-2.489846 0.000000 0.502262
-2.536761 0.000000 0.128225
-2.489846 0.000000 0.502262
0.000000 2.540000 -0.000000
0.000000 2.540000 -0.000000
0.000000 2.540000 -0.000000
2.322131 -0.000000 1.029227
2.322131 -0.000000 1.029227
2.144228 -0.000000 1.361575
-1.395075 0.000000 -2.122585
-1.395075 0.000000 -2.122585
-1.693860 0.000000 -1.892733
0.000000 2.540000 -0.000000
0.000000 2.540000 -0.000000
0.000000 2.540000 -0.000000
1.357005 -1.796051 1.176578
1.271215 -1.796051 1.268783
1.446804 -1.796051 1.064218
1.651693 -0.000000 1.929640
1.651693 -0.000000 1.929640
1.347909 -0.000000 2.152845
2.521701 -0.000000 0.304341
2.448886 -0.000000 0.674209
2.521701 -0.000000 0.304341
0.000000 2.540000 -0.000000
0.000000 2.540000 -0.000000
0.000000 2.540000 -0.000000
1.597963 -1.796051 -0.819947
1.641781 -1.796051 -0.728255
1.514283 -1.796051 -0.965789
2.063352 -0.000000 -1.481276
2.063352 -0.000000 -1.481276
2.259861 -0.000000 -1.159580
0.000000 2.540000 -0.000000
0.000000 2.540000 -0.000000
0.000000 2.540000 -0.000000
2.538973 -0.000000 -0.072231
2.500320 -0.000000 -0.447212
2.538973 -0.000000 -0.072231
-1.435548 -1.796051 1.079353
-1.368492 -1.796051 1.163198
-1.259990 -1.796051 1.279932
-1.579486 -1.796051 0.855000
-1.651462 -1.796051 0.706027
-1.527181 -1.796051 0.945261
1.783112 -1.796051 0.215201
1.795060 -1.796051 0.059669
1.795325 -1.796051 -0.051075
1.767993 -1.796051 -0.316227
1.732290 -1.796051 -0.474312
1.701720 -1.796051 -0.574413
-1.741720 -1.796051 -0.438421
-1.761323 -1.796051 -0.351484
-1.787426 -1.796051 -0.175812
-1.537069 -1.796051 -0.929096
-1.578370 -1.796051 -0.857058
-1.657650 -1.796051 -0.691373
1.651693 -0.000000 1.929640
1.651693 -0.000000 1.929640
1.919095 -0.000000 1.663933
0.000000 2.540000 -0.000000
0.000000 2.540000 -0.000000
0.000000 2.540000 -0.000000
0.000000 2.540000 -0.000000
0.000000 2.540000 -0.000000
0.000000 2.540000 -0.000000
-1.494371 0.000000 2.053888
-1.494371 0.000000 2.053888
-1.173931 0.000000 2.252440
-0.657400 -0.000000 -2.453452
-0.657400 -0.000000 -2.453452
-0.000000 -0.000000 -2.540000
0.000000 2.540000 -0.000000
0.000000 2.540000 -0.000000
0.000000 2.540000 -0.000000
2.453452 -0.000000 -0.657400
2.540000 -0.000000 -0.000000
2.453452 -0.000000 -0.657400
0.000000 2.540000 -0.000000
0.000000 2.540000 -0.000000
0.000000 2.540000 -0.000000
1.357005 -1.796051 1.176578
1.446804 -1.796051 1.064218
1.516198 -1.796051 0.962779
1.641994 -1.796051 0.727774
1.696968 -1.796051 0.588303
1.731624 -1.796051 0.476738
-1.793761 -1.796051 0.090669
-1.786437 -1.796051 0.185587
-1.760587 -1.796051 0.355153
-1.688633 -1.796051 0.611814
-1.651462 -1.796051 0.706027
-1.579486 -1.796051 0.855000
0.000000 2.540000 -0.000000
0.000000 2.540000 -0.000000
0.000000 2.540000 -0.000000
2.199704 -0.000000 -1.270000
1.796051 -0.000000 -1.796051
2.199704 -0.000000 -1.270000
-2.453452 0.000000 -0.657400
-2.453452 0.000000 -0.657400
-2.199704 0.000000 -1.270000
0.000000 2.540000 -0.000000
0.000000 2.540000 -0.000000
0.000000 2.540000 -0.000000
1.796051 -1.796051 0.000000
1.796051 -1.796051 0.000000
1.796051 -1.796051 0.000000
1.270000 -1.796051 -1.270000
1.270000 -1.796051 -1.270000
1.270000 -1.796051 -1.270000
0.000000 2.540000 -0.000000
0.000000 2.540000 -0.000000
0.000000 2.540000 -0.000000
-1.796051 0.000000 -1.796051
-1.270000 0.000000 -2.199704
-1.796051 0.000000 -1.796051
0.717315 -1.796051 1.646590
0.838717 -1.796051 1.588192
0.953116 -1.796051 1.522291
0.203855 -1.796051 1.784445
0.331059 -1.796051 1.765276
0.465714 -1.796051 1.734621
1.347909 -0.000000 2.152845
1.014436 -0.000000 2.328630
1.347909 -0.000000 2.152845
0.000000 2.540000 -0.000000
0.000000 2.540000 -0.000000
0.000000 2.540000 -0.000000
1.287920 -1.796051 -1.251824
1.352667 -1.796051 -1.181564
1.160575 -1.796051 -1.370717
1.597963 -1.796051 -0.819947
1.514283 -1.796051 -0.965789
1.459010 -1.796051 -1.047421
-1.197740 -1.796051 -1.338364
-1.253973 -1.796051 -1.285827
-1.382632 -1.796051 -1.146355
-0.986467 -1.796051 -1.500894
-0.817203 -1.796051 -1.599368
-1.047387 -1.796051 -1.459034
1.270000 -1.796051 -1.270000
1.270000 -1.796051 -1.270000
1.270000 -1.796051 -1.270000
-0.000000 -1.796051 -1.796051
-0.000000 -1.796051 -1.796051
-0.000000 -1.796051 -1.796051
-0.898026 -1.796051 -1.555426
-0.464852 -1.796051 -1.734852
-0.898026 -1.796051 -1.555426
-0.000000 -1.796051 -1.796051
-0.000000 -1.796051 -1.796051
-0.000000 -1.796051 -1.796051
-0.000000 -2.540000 0.000000
-0.000000 -2.540000 0.000000
-0.000000 -2.540000 0.000000
-1.657650 -1.796051 -0.691373
-1.578370 -1.796051 -0.857058
-1.688872 -1.796051 -0.611156
-1.760587 -1.796051 0.355153
-1.786437 -1.796051 0.185587
-1.738534 -1.796051 0.450886
-0.000000 -2.540000 0.000000
-0.000000 -2.540000 0.000000
-0.000000 -2.540000 0.000000
1.767993 -1.796051 -0.316227
1.783769 -1.796051 -0.209684
1.732290 -1.796051 -0.474312
-0.000000 -2.540000 0.000000
-0.000000 -2.540000 0.000000
-0.000000 -2.540000 0.000000
-1.259990 -1.796051 1.279932
-1.368492 -1.796051 1.163198
-1.178971 -1.796051 1.354927
-0.000000 -2.540000 0.000000
-0.000000 -2.540000 0.000000
-0.000000 -2.540000 0.000000
2.199704 -0.000000 -1.270000
2.199704 -0.000000 -1.270000
2.453452 -0.000000 -0.657400
1.734852 -1.796051 -0.464852
1.555426 -1.796051 -0.898026
1.555426 -1.796051 -0.898026
-0.000000 -2.540000 0.000000
-0.000000 -2.540000 0.000000
-0.000000 -2.540000 0.000000
1.641994 -1.796051 0.727774
1.589795 -1.796051 0.835674
1.696968 -1.796051 0.588303
-0.830094 -1.796051 1.592716
-0.725109 -1.796051 1.643173
-0.585225 -1.796051 1.698032
-0.327466 -1.796051 1.765946
-0.470994 -1.796051 1.733195
-0.206268 -1.796051 1.784168
-1.796051 -1.796051 -0.000000
-1.796051 -1.796051 -0.000000
-1.796051 -1.796051 -0.000000
-1.734852 -1.796051 -0.464852
-1.555426 -1.796051 -0.898026
-1.555426 -1.796051 -0.898026
0.953116 -1.796051 1.522291
1.066986 -1.796051 1.444763
1.167923 -1.796051 1.364462
0.953116 -1.796051 1.522291
0.838717 -1.796051 1.588192
1.066986 -1.796051 1.444763
-1.555426 -1.796051 -0.898026
-1.270000 -1.796051 -1.270000
-1.555426 -1.796051 -0.898026
-1.270000 -1.796051 -1.270000
-0.898026 -1.796051 -1.555426
-0.898026 -1.796051 -1.555426
0.203855 -1.796051 1.784445
0.063106 -1.796051 1.794942
0.331059 -1.796051 1.765276
-0.327466 -1.796051 1.765946
-0.206268 -1.796051 1.784168
-0.062493 -1.796051 1.794964
0.000000 2.540000 -0.000000
0.000000 2.540000 -0.000000
0.000000 2.540000 -0.000000
0.658619 0.000000 2.453125
0.658619 0.000000 2.453125
0.288295 0.000000 2.523586
0.000000 2.540000 -0.000000
0.000000 2.540000 -0.000000
0.000000 2.540000 -0.000000
-0.463107 0.000000 2.497425
-0.463107 0.000000 2.497425
-0.088379 0.000000 2.538462
-1.494371 0.000000 2.053888
-1.494371 0.000000 2.053888
-1.781895 0.000000 1.810097
-1.259990 -1.796051 1.279932
-1.178971 -1.796051 1.354927
-1.056680 -1.796051 1.452318
-0.000000 -2.540000 0.000000
-0.000000 -2.540000 0.000000
-0.000000 -2.540000 0.000000
-0.000000 -2.540000 0.000000
-0.000000 -2.540000 0.000000
-0.000000 -2.540000 0.000000
-0.463107 0.000000 2.497425
-0.463107 0.000000 2.497425
-0.827634 0.000000 2.401379
-0.585225 -1.796051 1.698032
-0.470994 -1.796051 1.733195
-0.327466 -1.796051 1.765946
1.734852 -1.796051 -0.464852
1.734852 -1.796051 -0.464852
1.555426 -1.796051 -0.898026
-0.000000 -2.540000 0.000000
-0.000000 -2.540000 0.000000
-0.000000 -2.540000 0.000000
-1.760587 -1.796051 0.355153
-1.738534 -1.796051 0.450886
-1.688633 -1.796051 0.611814
-2.388088 0.000000 0.865236
-2.388088 0.000000 0.865236
-2.489846 0.000000 0.502262
-1.382632 -1.796051 -1.146355
-1.432307 -1.796051 -1.083650
-1.537069 -1.796051 -0.929096
-2.173743 0.000000 -1.313940
-2.173743 0.000000 -1.313940
-1.955336 0.000000 -1.621191
-0.827634 0.000000 2.401379
-0.463107 0.000000 2.497425
-0.827634 0.000000 2.401379
0.000000 2.540000 -0.000000
0.000000 2.540000 -0.000000
0.000000 2.540000 -0.000000
1.014436 -0.000000 2.328630
0.658619 0.000000 2.453125
1.014436 -0.000000 2.328630
0.465714 -1.796051 1.734621
0.591552 -1.796051 1.695838
0.717315 -1.796051 1.646590
1.919095 -0.000000 1.663933
1.651693 -0.000000 1.929640
1.919095 -0.000000 1.663933
1.167923 -1.796051 1.364462
1.271215 -1.796051 1.268783
1.357005 -1.796051 1.176578
-0.062493 -1.796051 1.794964
0.063106 -1.796051 1.794942
0.203855 -1.796051 1.784445
0.288295 0.000000 2.523586
-0.088379 0.000000 2.538462
0.288295 0.000000 2.523586
1.516198 -1.796051 0.962779
1.589795 -1.796051 0.835674
1.641994 -1.796051 0.727774
2.144228 -0.000000 1.361575
2.322131 -0.000000 1.029227
2.144228 -0.000000 1.361575
2.448886 -0.000000 0.674209
2.448886 -0.000000 0.674209
2.521701 -0.000000 0.304341
1.731624 -1.796051 0.476738
1.765907 -1.796051 0.327678
1.783112 -1.796051 0.215201
-1.173931 0.000000 2.252440
-1.494371 0.000000 2.053888
-1.173931 0.000000 2.252440
-1.056680 -1.796051 1.452318
-0.962887 -1.796051 1.516129
-0.830094 -1.796051 1.592716
2.500320 -0.000000 -0.447212
2.500320 -0.000000 -0.447212
2.538973 -0.000000 -0.072231
1.795325 -1.796051 -0.051075
1.783769 -1.796051 -0.209684
1.767993 -1.796051 -0.316227
-2.030171 0.000000 1.526435
-2.233730 0.000000 1.209152
-2.030171 0.000000 1.526435
-1.579486 -1.796051 0.855000
-1.527181 -1.796051 0.945261
-1.435548 -1.796051 1.079353
1.701720 -1.796051 -0.574413
1.641781 -1.796051 -0.728255
1.597963 -1.796051 -0.819947
2.406595 -0.000000 -0.812342
2.259861 -0.000000 -1.159580
2.406595 -0.000000 -0.812342
1.821394 -0.000000 -1.770346
2.063352 -0.000000 -1.481276
1.821394 -0.000000 -1.770346
1.459010 -1.796051 -1.047421
1.352667 -1.796051 -1.181564
1.287920 -1.796051 -1.251824
-2.536761 0.000000 0.128225
-2.536761 0.000000 0.128225
-2.527802 0.000000 -0.248636
-1.787426 -1.796051 -0.175812
-1.794091 -1.796051 -0.083894
-1.793761 -1.796051 0.090669
-2.463164 0.000000 -0.620021
-2.344271 0.000000 -0.977749
-2.463164 0.000000 -0.620021
-1.657650 -1.796051 -0.691373
-1.688872 -1.796051 -0.611156
-1.741720 -1.796051 -0.438421
-1.693860 0.000000 -1.892733
-1.395075 0.000000 -2.122585
-1.693860 0.000000 -1.892733
-0.986467 -1.796051 -1.500894
-1.047387 -1.796051 -1.459034
-1.197740 -1.796051 -1.338364
-0.657400 -0.000000 -2.453452
-1.270000 0.000000 -2.199704
-0.657400 -0.000000 -2.453452
-0.898026 -1.796051 -1.555426
-0.464852 -1.796051 -1.734852
-0.464852 -1.796051 -1.734852
1.287920 -1.796051 -1.251824
1.160575 -1.796051 -1.370717
1.088462 -1.796051 -1.428653
-1.796051 -1.796051 -0.000000
-1.796051 -1.796051 -0.000000
-1.796051 -1.796051 -0.000000
1.796051 -1.796051 0.000000
1.796051 -1.796051 0.000000
1.796051 -1.796051 0.000000
-0.753465 -1.796051 -1.630365
-0.817203 -1.796051 -1.599368
-0.986467 -1.796051 -1.500894
-0.000000 -0.000000 -2.540000
-0.000000 -0.000000 -2.540000
-0.000000 -0.000000 -2.540000
1.796051 -0.000000 -1.796051
1.796051 -0.000000 -1.796051
1.796051 -0.000000 -1.796051
-0.000000 -2.540000 0.000000
-0.000000 -2.540000 0.000000
-0.000000 -2.540000 0.000000
0.717315 -1.796051 1.646590
0.591552 -1.796051 1.695838
0.838717 -1.796051 1.588192
-2.199704 0.000000 -1.270000
-1.796051 0.000000 -1.796051
-2.199704 0.000000 -1.270000
-1.555426 -1.796051 -0.898026
-1.270000 -1.796051 -1.270000
-1.270000 -1.796051 -1.270000
-0.000000 -2.540000 0.000000
-0.000000 -2.540000 0.000000
-0.000000 -2.540000 0.000000
0.465714 -1.796051 1.734621
0.331059 -1.796051 1.765276
0.591552 -1.796051 1.695838
-0.000000 -2.540000 0.000000
-0.000000 -2.540000 0.000000
-0.000000 -2.540000 0.000000
1.167923 -1.796051 1.364462
1.066986 -1.796051 1.444763
1.271215 -1.796051 1.268783
-0.062493 -1.796051 1.794964
-0.206268 -1.796051 1.784168
0.063106 -1.796051 1.794942
-0.000000 -2.540000 0.000000
-0.000000 -2.540000 0.000000
-0.000000 -2.540000 0.000000
1.516198 -1.796051 0.962779
1.446804 -1.796051 1.064218
1.589795 -1.796051 0.835674
-0.000000 -2.540000 0.000000
-0.000000 -2.540000 0.000000
-0.000000 -2.540000 0.000000
-0.585225 -1.796051 1.698032
-0.725109 -1.796051 1.643173
-0.470994 -1.796051 1.733195
-0.000000 -2.540000 0.000000
-0.000000 -2.540000 0.000000
-0.000000 -2.540000 0.000000
-0.000000 -2.540000 0.000000
-0.000000 -2.540000 0.000000
-0.000000 -2.540000 0.000000
1.731624 -1.796051 0.476738
1.696968 -1.796051 0.588303
1.765907 -1.796051 0.327678
-0.000000 -2.540000 0.000000
-0.000000 -2.540000 0.000000
-0.000000 -2.540000 0.000000
-1.056680 -1.796051 1.452318
-1.178971 -1.796051 1.354927
-0.962887 -1.796051 1.516129
-0.000000 -2.540000 0.000000
-0.000000 -2.540000 0.000000
-0.000000 -2.540000 0.000000
1.795325 -1.796051 -0.051075
1.795060 -1.796051 0.059669
1.783769 -1.796051 -0.209684
-1.435548 -1.796051 1.079353
-1.527181 -1.796051 0.945261
-1.368492 -1.796051 1.163198
-0.000000 -2.540000 0.000000
-0.000000 -2.540000 0.000000
-0.000000 -2.540000 0.000000
-0.000000 -2.540000 0.000000
-0.000000 -2.540000 0.000000
-0.000000 -2.540000 0.000000
1.701720 -1.796051 -0.574413
1.732290 -1.796051 -0.474312
1.641781 -1.796051 -0.728255
-0.000000 -2.540000 0.000000
-0.000000 -2.540000 0.000000
-0.000000 -2.540000 0.000000
-1.688633 -1.796051 0.611814
-1.738534 -1.796051 0.450886
-1.651462 -1.796051 0.706027
-0.000000 -2.540000 0.000000
-0.000000 -2.540000 0.000000
-0.000000 -2.540000 0.000000
1.459010 -1.796051 -1.047421
1.514283 -1.796051 -0.965789
1.352667 -1.796051 -1.181564
-1.793761 -1.796051 0.090669
-1.794091 -1.796051 -0.083894
-1.786437 -1.796051 0.185587
-0.000000 -2.540000 0.000000
-0.000000 -2.540000 0.000000
-0.000000 -2.540000 0.000000
-1.741720 -1.796051 -0.438421
-1.688872 -1.796051 -0.611156
-1.761323 -1.796051 -0.351484
-0.000000 -2.540000 0.000000
-0.000000 -2.540000 0.000000
-0.000000 -2.540000 0.000000
-0.000000 -2.540000 0.000000
-0.000000 -2.540000 0.000000
-0.000000 -2.540000 0.000000
-1.537069 -1.796051 -0.929096
-1.432307 -1.796051 -1.083650
-1.578370 -1.796051 -0.857058
-0.000000 -2.540000 0.000000
-0.000000 -2.540000 0.000000
-0.000000 -2.540000 0.000000
-1.197740 -1.796051 -1.338364
-1.047387 -1.796051 -1.459034
-1.253973 -1.796051 -1.285827
-0.000000 -1.796051 -1.796051
-0.464852 -1.796051 -1.734852
-0.464852 -1.796051 -1.734852
-0.000000 -0.000000 -2.540000
-0.657400 -0.000000 -2.453452
-0.000000 -0.000000 -2.540000
2.540000 -0.000000 -0.000000
2.540000 -0.000000 -0.000000
2.453452 -0.000000 -0.657400
1.796051 -1.796051 -0.000000
1.734852 -1.796051 -0.464852
1.734852 -1.796051 -0.464852
-1.734852 -1.796051 -0.464852
-1.555426 -1.796051 -0.898026
-1.734852 -1.796051 -0.464852
-0.000000 -2.540000 0.000000
-0.000000 -2.540000 0.000000
-0.000000 -2.540000 0.000000
-0.000000 -2.540000 0.000000
-0.000000 -2.540000 0.000000
-0.000000 -2.540000 0.000000
-1.270000 -1.796051 -1.270000
-0.898026 -1.796051 -1.555426
-1.270000 -1.796051 -1.270000
-2.540000 0.000000 0.000000
-2.540000 0.000000 0.000000
-2.453452 0.000000 -0.657400
-1.796051 -1.796051 0.000000
-1.734852 -1.796051 -0.464852
-1.734852 -1.796051 -0.464852
1.796051 -0.000000 -1.796051
1.796051 -0.000000 -1.796051
2.199704 -0.000000 -1.270000
1.555426 -1.796051 -0.898026
1.270000 -1.796051 -1.270000
1.270000 -1.796051 -1.270000
-0.000000 -1.796051 -1.796051
-0.000000 -1.796051 -1.796051
-0.464852 -1.796051 -1.734852
-0.000000 -2.540000 0.000000
-0.000000 -2.540000 0.000000
-0.000000 -2.540000 0.000000
-0.000000 -2.540000 0.000000
-0.000000 -2.540000 0.000000
-0.000000 -2.540000 0.000000
-1.796051 -1.796051 0.000000
-1.734852 -1.796051 -0.464852
-1.796051 -1.796051 0.000000
1.796051 -1.796051 -0.000000
1.796051 -1.796051 -0.000000
1.734852 -1.796051 -0.464852
-0.000000 -2.540000 0.000000
-0.000000 -2.540000 0.000000
-0.000000 -2.540000 0.000000
1.555426 -1.796051 -0.898026
1.555426 -1.796051 -0.898026
1.270000 -1.796051 -1.270000
-0.000000 -2.540000 0.000000
-0.000000 -2.540000 0.000000
-0.000000 -2.540000 0.000000
</float_array>
          <technique_common>
            <accessor source="#FBXASC227FBXASC130FBXASC189FBXASC227FBXASC131FBXASC170FBXASC227FBXASC131FBXASC131FBXASC227FBXASC131FBXASC1376-Normal0-array" count="858" stride="3">
              <param name="X" type="float"/>
              <param name="Y" type="float"/>
              <param name="Z" type="float"/>
            </accessor>
          </technique_common>
        </source>
        <vertices id="FBXASC227FBXASC130FBXASC189FBXASC227FBXASC131FBXASC170FBXASC227FBXASC131FBXASC131FBXASC227FBXASC131FBXASC1376-VERTEX">
          <input semantic="POSITION" source="#FBXASC227FBXASC130FBXASC189FBXASC227FBXASC131FBXASC170FBXASC227FBXASC131FBXASC131FBXASC227FBXASC131FBXASC1376-POSITION"/>
        </vertices>
        <triangles count="286" material="MaterialFBXASC032FBXASC03527">
          <input semantic="VERTEX" offset="0" source="#FBXASC227FBXASC130FBXASC189FBXASC227FBXASC131FBXASC170FBXASC227FBXASC131FBXASC131FBXASC227FBXASC131FBXASC1376-VERTEX"/>
          <input semantic="NORMAL" offset="1" source="#FBXASC227FBXASC130FBXASC189FBXASC227FBXASC131FBXASC170FBXASC227FBXASC131FBXASC131FBXASC227FBXASC131FBXASC1376-Normal0"/>
          <p> 34 0 18 1 17 2 141 3 120 4 22 5 123 6 83 7 22 8 18 9 25 10 17 11 55 12 34 13 17 14 85 15 120 16 141 17 80 18 94 19 131 20 53 21 30 22 18 23 18 24 34 25 135 26 44 27 73 28 27 29 25 30 65 31 17 32 119 33 90 34 22 35 77 36 96 37 133 38 45 39 37 40 70 41 52 42 49 43 18 44 81 45 94 46 127 47 82 48 124 49 10 50 114 51 130 52 142 53 78 54 18 55 135 56 31 57 136 58 38 59 139 60 40 61 12 62 42 63 40 64 26 65 106 66 60 67 48 68 58 69 66 70 28 71 64 72 14 73 75 74 14 75 105 76 43 77 38 78 29 79 31 80 56 81 112 82 46 83 27 84 32 85 44 86 26 87 59 88 12 89 17 90 57 91 55 92 88 93 64 94 75 95 11 96 18 97 78 98 11 99 21 100 18 101 92 102 2 103 39 104 102 105 74 106 39 107 47 108 30 109 53 110 61 111 52 112 97 113 98 114 37 115 45 116 111 117 47 118 21 119 140 120 11 121 78 122 144 123 94 124 80 125 113 126 6 127 89 128 138 129 82 130 10 131 24 132 73 133 44 134 89 135 73 136 24 137 52 138 61 139 49 140 93 141 65 142 25 143 41 144 71 145 16 146 1 147 41 148 16 149 48 150 60 151 4 152 60 153 6 154 4 155 13 156 58 157 28 158 55 159 57 160 103 161 15 162 56 163 46 164 56 165 15 166 31 167 54 168 20 169 18 170 3 171 20 172 54 173 67 174 45 175 70 176 67 177 70 178 72 179 44 180 32 181 108 182 76 183 128 184 23 185 7 186 117 187 22 188 19 189 100 190 88 191 6 192 113 193 66 194 6 195 66 196 4 197 39 198 14 199 92 200 99 201 14 202 43 203 105 204 83 205 123 206 107 207 93 208 49 209 37 210 5 211 21 212 37 213 21 214 11 215 136 216 8 217 38 218 51 219 29 220 38 221 91 222 74 223 19 224 19 225 14 226 91 227 40 228 71 229 41 230 71 231 40 232 87 233 41 234 109 235 26 236 26 237 40 238 41 239 40 240 42 241 12 242 42 243 26 244 12 245 92 246 95 247 2 248 121 249 86 250 22 251 16 252 24 253 44 254 1 255 16 256 44 257 15 258 45 259 67 260 46 261 45 262 15 263 46 264 77 265 133 266 5 267 37 268 98 269 30 270 110 271 3 272 47 273 80 274 131 275 48 276 124 277 82 278 104 279 58 280 13 281 49 282 25 283 18 284 93 285 25 286 49 287 24 288 87 289 118 290 137 291 128 292 50 293 115 294 143 295 134 296 8 297 51 298 38 299 20 300 52 301 18 302 97 303 52 304 20 305 21 306 53 307 18 308 47 309 53 310 21 311 30 312 54 313 18 314 54 315 30 316 3 317 28 318 34 319 55 320 13 321 28 322 55 323 29 324 51 325 56 326 29 327 56 328 31 329 57 330 120 331 85 332 101 333 64 334 88 335 4 336 58 337 48 338 4 339 66 340 58 341 1 342 128 343 76 344 109 345 41 346 1 347 27 348 6 349 60 350 106 351 27 352 60 353 107 354 9 355 93 356 61 357 81 358 127 359 48 360 82 361 106 362 32 363 62 364 108 365 111 366 80 367 47 368 98 369 63 370 5 371 64 372 101 373 17 374 17 375 14 376 64 377 65 378 14 379 17 380 65 381 36 382 14 383 66 384 79 385 34 386 66 387 34 388 28 389 72 390 31 391 67 392 31 393 15 394 67 395 57 396 85 397 103 398 13 399 68 400 104 401 110 402 69 403 3 404 97 405 81 406 61 407 70 408 37 409 11 410 70 411 11 412 84 413 71 414 87 415 24 416 71 417 24 418 16 419 115 420 136 421 143 422 94 423 144 424 140 425 73 426 6 427 27 428 89 429 6 430 73 431 100 432 117 433 88 434 102 435 119 436 74 437 75 438 19 439 88 440 75 441 14 442 19 443 59 444 130 445 114 446 1 447 76 448 109 449 112 450 77 451 46 452 51 453 115 454 134 455 78 456 94 457 140 458 78 459 135 460 22 461 138 462 10 463 113 464 22 465 135 466 141 467 63 468 144 469 132 470 5 471 63 472 132 473 3 474 69 475 129 476 69 477 94 478 129 479 32 480 126 481 62 482 62 483 126 484 50 485 93 486 9 487 125 488 125 489 9 490 22 491 70 492 84 493 72 494 72 495 84 496 0 497 68 498 122 499 10 500 13 501 122 502 68 503 105 504 123 505 43 506 95 507 86 508 121 509 142 510 139 511 114 512 87 513 137 514 118 515 88 516 7 517 101 518 88 519 117 520 7 521 137 522 50 523 118 524 89 525 138 526 113 527 102 528 90 529 119 530 95 531 121 532 2 533 91 534 14 535 39 536 74 537 91 538 39 539 92 540 14 541 35 542 35 543 95 544 92 545 36 546 65 547 93 548 93 549 125 550 36 551 22 552 94 553 116 554 127 555 94 556 22 557 95 558 35 559 43 560 43 561 86 562 95 563 96 564 72 565 0 566 96 567 0 568 133 569 3 570 129 571 97 572 97 573 20 574 3 575 46 576 133 577 98 578 98 579 45 580 46 581 43 582 35 583 99 584 14 585 99 586 35 587 19 588 74 589 100 590 74 591 33 592 100 593 17 594 101 595 57 596 101 597 120 598 57 599 2 600 90 601 102 602 39 603 2 604 102 605 103 606 122 607 13 608 103 609 13 610 55 611 58 612 104 613 48 614 104 615 124 616 48 617 14 618 36 619 105 620 36 621 83 622 105 623 32 624 27 625 106 626 106 627 126 628 32 629 49 630 61 631 107 632 61 633 127 634 107 635 108 636 128 637 1 638 108 639 1 640 44 641 26 642 109 643 59 644 109 645 130 646 59 647 110 648 30 649 47 650 47 651 131 652 110 653 21 654 5 655 111 656 5 657 132 658 111 659 56 660 51 661 112 662 51 663 134 664 112 665 66 666 113 667 79 668 113 669 10 670 79 671 59 672 114 673 12 674 139 675 12 676 114 677 8 678 136 679 115 680 8 681 115 682 51 683 78 684 116 685 94 686 22 687 116 688 78 689 117 690 33 691 22 692 100 693 33 694 117 695 118 696 89 697 24 698 118 699 50 700 89 701 33 702 119 703 22 704 74 705 119 706 33 707 120 708 7 709 22 710 101 711 7 712 120 713 2 714 121 715 90 716 90 717 121 718 22 719 103 720 85 721 122 722 122 723 85 724 141 725 43 726 123 727 86 728 86 729 123 730 22 731 124 732 68 733 10 734 104 735 68 736 124 737 83 738 125 739 22 740 36 741 125 742 83 743 126 744 82 745 138 746 106 747 82 748 126 749 107 750 127 751 9 752 9 753 127 754 22 755 128 756 62 757 50 758 108 759 62 760 128 761 129 762 94 763 81 764 97 765 129 766 81 767 130 768 76 769 142 770 109 771 76 772 130 773 110 774 131 775 69 776 131 777 94 778 69 779 111 780 132 781 80 782 132 783 144 784 80 785 133 786 0 787 63 788 98 789 133 790 63 791 134 792 143 793 77 794 112 795 134 796 77 797 135 798 79 799 10 800 34 801 79 802 135 803 136 804 31 805 72 806 136 807 72 808 96 809 23 810 137 811 87 812 23 813 128 814 137 815 50 816 126 817 138 818 50 819 138 820 89 821 40 822 139 823 87 824 139 825 23 826 87 827 11 828 140 829 84 830 84 831 140 832 144 833 141 834 135 835 10 836 10 837 122 838 141 839 142 840 76 841 23 842 142 843 23 844 139 845 143 846 136 847 96 848 143 849 96 850 77 851 0 852 84 853 144 854 0 855 144 856 63 857</p>
        </triangles>
      </mesh>
    </geometry>
    <geometry id="FBXASC227FBXASC130FBXASC189FBXASC227FBXASC131FBXASC170FBXASC227FBXASC131FBXASC131FBXASC227FBXASC131FBXASC1377-lib" name="FBXASC227FBXASC130FBXASC189FBXASC227FBXASC131FBXASC170FBXASC227FBXASC131FBXASC131FBXASC227FBXASC131FBXASC1377Mesh">
      <mesh>
        <source id="FBXASC227FBXASC130FBXASC189FBXASC227FBXASC131FBXASC170FBXASC227FBXASC131FBXASC131FBXASC227FBXASC131FBXASC1377-POSITION">
          <float_array id="FBXASC227FBXASC130FBXASC189FBXASC227FBXASC131FBXASC170FBXASC227FBXASC131FBXASC131FBXASC227FBXASC131FBXASC1377-POSITION-array" count="1236">-5.4323e-05 -0.001490157 0.000213675 -0.000171034 -0.001497834 -0.000100947 0.000203799 -0.001490157 -1.9445e-05 4.1232e-05 -0.001493574 -0.000185222 0.000153137 -0.001497834 0.00012646 0.000153447 -0.001490157 -0.000135521 -0.000197705 -0.001497834 1.8863e-05 -0.000153447 -0.001490157 0.000135521 -4.9122e-05 -0.001395669 -0.000190623 0.00018309 -0.001395669 7.2305e-05 8.147e-05 -0.001490157 0.000187815 -7.9034e-05 -0.001497834 -0.000182199 1.8697e-05 -0.001395669 0.00019596 -0.000192147 -0.001395669 -4.2773e-05 0.000166114 -0.001395669 -0.000105623 -0.000151786 -0.001395669 -0.000125344 0.000187815 -0.001490157 -8.147e-05 -0.000166114 -0.001395669 0.000105623 0.000179913 -0.001497252 7.105e-05 -0.000220406 -0.001490157 -5.413e-06 -1.1073e-05 -0.001490157 -0.000220194 -0.000157887 -0.001490157 -0.000153882 -7.5197e-05 -0.001490157 0.000190414 0.000130309 -0.001395669 0.000147546 -0.000187815 -0.001490157 8.147e-05 5.4323e-05 -0.001490157 -0.000213675 4.2773e-05 -0.001395669 -0.000192147 -0.000141653 -0.001490157 0.000168945 4.3767e-05 -0.001490157 0.000216085 0.000141653 -0.00151378 -0.000168945 1.9445e-05 -0.001490157 0.000203799 0.000196473 -0.001395669 1.2188e-05 0.000220406 -0.00151378 5.413e-06 -7.2305e-05 -0.001395669 0.00018309 -0.000190623 -0.001395669 4.9122e-05 -0.00019623 -0.001490157 -0.000100508 -0.000147546 -0.001482283 0.000130309 -1.2188e-05 -0.001482283 0.000196473 0.000209018 -0.001490157 7.0139e-05 0.000105515 -0.001490157 0.000193584 0.000200928 -0.00151378 -9.0753e-05 -7.5484e-05 -0.00151378 -0.000207148 0.000125344 -0.001482283 -0.000151786 0.000125344 -0.001395669 -0.000151786 0.000104059 -0.001490157 -0.000176306 0.000157887 -0.001490157 0.000153882 -0.000199833 -0.001490157 -4.4484e-05 -0.000125227 -0.001488405 -0.000141792 -0.000192147 -0.001482283 -4.2773e-05 1.2188e-05 -0.001482283 -0.000196473 1.2676e-05 -0.001490157 -0.000204332 -0.000133189 -0.001490157 -0.000175696 0.000167592 -0.001497834 -0.000106563 -8.5563e-05 -0.00151378 0.000203192 0.00019596 -0.001482283 -1.8697e-05 -0.00021221 -0.00151378 5.9793e-05 -0.000185157 -0.00151378 0.000119686 -0.000180592 -0.001482283 7.8337e-05 7.8337e-05 -0.001482283 0.000180592 -0.000105623 -0.001395669 -0.000166114 -1.8697e-05 -0.001395669 -0.00019596 -7.2305e-05 -0.001482283 0.00018309 0.00019623 -0.001490157 0.000100508 -0.000147546 -0.001395669 0.000130309 7.8337e-05 -0.001395669 0.000180592 0.000180592 -0.001482283 -7.8337e-05 0.000190623 -0.001395669 -4.9122e-05 -7.8337e-05 -0.001482283 -0.000180592 4.8269e-05 -0.001497252 0.000187315 0.000130309 -0.001482283 0.000147546 -1.2297e-05 -0.001497834 0.000198221 0.000193063 -0.001497252 1.1977e-05 8.5563e-05 -0.00151378 -0.000203192 7.2305e-05 -0.001482283 -0.00018309 0.000192147 -0.001395669 4.2773e-05 -0.000190623 -0.001482283 4.9122e-05 -1.8863e-05 -0.001497834 -0.000197705 -0.000105515 -0.001490157 -0.000193584 -0.000163231 -0.001497252 0.00010379 -0.000179058 -0.001490157 -0.000128632 0.00021221 -0.001490157 -5.9793e-05 1.1073e-05 -0.00151378 0.000220194 0.000151786 -0.001395669 0.000125344 -0.000218751 -0.001490157 2.7497e-05 0.00018309 -0.001482283 7.2305e-05 -0.000209018 -0.001490157 -7.0139e-05 -0.000114891 -0.001490157 0.00018817 0.000185157 -0.001490157 -0.000119686 0.000179058 -0.001490157 0.000128632 0.000133189 -0.001490157 0.000175696 0.000199833 -0.001490157 4.4484e-05 -0.000176492 -0.001493574 -6.9699e-05 -2.1869e-05 -0.001490157 0.000219385 -4.3767e-05 -0.001490157 -0.000216085 7.5197e-05 -0.001490157 -0.000190414 -4.7351e-05 -0.001493574 -0.000183753 -0.000198248 -0.001490157 5.1087e-05 -0.000100947 -0.001497834 0.000171034 0.000130358 -0.001490157 -0.000157857 -0.000217137 -0.001490157 -3.8203e-05 0.000218751 -0.00151378 -2.7497e-05 -0.000196473 -0.001395669 -1.2188e-05 -0.000109848 -0.001490157 -0.000172758 0.00019232 -0.001497834 -4.9559e-05 -0.000120456 -0.001488405 0.000145866 0.000106563 -0.001497834 0.000167592 4.3154e-05 -0.001497834 -0.000193857 2.1869e-05 -0.00151378 -0.000219385 7.5484e-05 -0.00151378 0.000207148 0.000220406 -0.001490157 5.413e-06 -4.1232e-05 -0.001493574 0.000185222 0.000151786 -0.001482283 0.000125344 0.000190414 -0.001490157 7.5197e-05 -0.000151786 -0.001482283 -0.000125344 -7.5484e-05 -0.001490157 -0.000207148 -0.000172758 -0.001490157 0.000109848 -4.2773e-05 -0.001395669 0.000192147 -0.00019596 -0.001395669 1.8697e-05 -0.000179058 -0.00151378 -0.000128632 -0.000130309 -0.001395669 -0.000147546 -0.000180592 -0.001395669 7.8337e-05 0.000166114 -0.001482283 -0.000105623 0.000188811 -0.001488405 1.1713e-05 -0.000200928 -0.00151378 9.0753e-05 -7.8337e-05 -0.001395669 -0.000180592 0.000147546 -0.001482283 -0.000130309 -0.000165251 -0.00151378 0.000145946 -0.00019596 -0.001482283 1.8697e-05 1.2188e-05 -0.001395669 -0.000196473 1.1073e-05 -0.001490157 0.000220194 -0.000193063 -0.001497252 -1.1977e-05 0.000217137 -0.00151378 3.8203e-05 4.9122e-05 -0.001482283 0.000190623 -1.8231e-05 -0.001484001 -0.000191073 -1.2188e-05 -0.001395669 0.000196473 0.000128047 -0.001497252 0.000144985 -4.4484e-05 -0.001490157 0.000199833 -0.000166114 -0.001482283 0.000105623 0.000105623 -0.001482283 0.000166114 4.9122e-05 -0.001395669 0.000190623 -5.1087e-05 -0.001490157 -0.000198248 -0.00018309 -0.001395669 -7.2305e-05 0.000147546 -0.001395669 -0.000130309 -0.000130358 -0.001490157 0.000157857 0.000105623 -0.001395669 0.000166114 0.000192147 -0.001482283 4.2773e-05 0.000190623 -0.001482283 -4.9122e-05 -0.000196473 -0.001482283 -1.2188e-05 0.000180592 -0.001395669 -7.8337e-05 -0.000105623 -0.001482283 -0.000166114 1.8697e-05 -0.001482283 0.00019596 0.00019596 -0.001395669 -1.8697e-05 -0.000169525 -0.001395669 -0.000100057 0.000165251 -0.00151378 -0.000145946 -0.000125344 -0.001395669 0.000151786 0.000114891 -0.00151378 -0.00018817 -0.00018309 -0.001482283 -7.2305e-05 0.000185157 -0.00151378 -0.000119686 0.00021221 -0.00151378 -5.9793e-05 0.000105515 -0.00151378 0.000193584 5.4323e-05 -0.00151378 -0.000213675 4.3767e-05 -0.00151378 0.000216085 0.000209018 -0.00151378 7.0139e-05 0.000133189 -0.00151378 0.000175696 -0.000209018 -0.00151378 -7.0139e-05 -2.1869e-05 -0.00151378 0.000219385 -0.000217137 -0.00151378 -3.8203e-05 -0.000218751 -0.00151378 2.7497e-05 -1.1073e-05 -0.00151378 -0.000220194 -0.000157887 -0.00151378 -0.000153882 -0.000105515 -0.00151378 -0.000193584 -0.000220406 -0.00151378 -5.413e-06 -0.000133189 -0.00151378 -0.000175696 0.000157887 -0.00151378 0.000153882 0.000179058 -0.00151378 0.000128632 -0.00019623 -0.00151378 -0.000100508 0.00019623 -0.00151378 0.000100508 -0.000114891 -0.00151378 0.00018817 7.5484e-05 -0.001490157 0.000207148 7.2305e-05 -0.001395669 -0.00018309 0.000101817 -0.001493574 0.000160127 0.000217137 -0.001490157 3.8203e-05 0.000144985 -0.001497252 -0.000128047 0.000114891 -0.001490157 -0.00018817 -0.000157857 -0.001490157 -0.000130358 -0.000190414 -0.001490157 -7.5197e-05 5.1087e-05 -0.001490157 0.000198248 2.1869e-05 -0.001490157 -0.000219385 -4.2773e-05 -0.001482283 0.000192147 -0.000141653 -0.00151378 0.000168945 0.000218751 -0.001490157 -2.7497e-05 0.000100057 -0.001395669 -0.000169525 -8.5563e-05 -0.001490157 0.000203192 8.5563e-05 -0.001490157 -0.000203192 -0.00021221 -0.001490157 5.9793e-05 0.000176306 -0.001490157 0.000104059 9.6155e-05 -0.001488405 -0.000162914 0.000200928 -0.001490157 -9.0753e-05 4.2773e-05 -0.001482283 -0.000192147 -0.000200928 -0.001490157 9.0753e-05 -0.000135521 -0.001490157 -0.000153447 -1.1749e-05 -0.001493574 0.000189392 0.000183753 -0.001493574 -4.7351e-05 0.000141653 -0.001490157 -0.000168945 -5.4323e-05 -0.00151378 0.000213675 -4.3767e-05 -0.00151378 -0.000216085 -4.9122e-05 -0.001482283 -0.000190623 0.000169525 -0.001395669 0.000100057 -0.000204332 -0.001490157 -1.2676e-05 0.000204332 -0.001490157 1.2676e-05 0.000165251 -0.001490157 -0.000145946 -0.000165251 -0.001490157 0.000145946 -0.000159636 -0.001488405 0.000101504 -0.000185157 -0.001490157 0.000119686 0.000135521 -0.001490157 0.000153447 -0.000176306 -0.001490157 -0.000104059 -0.000130309 -0.001482283 -0.000147546 -0.000203799 -0.001490157 1.9445e-05 0.000185222 -0.001493574 4.1232e-05 -0.000179913 -0.001497252 -7.105e-05 4.4484e-05 -0.001490157 -0.000199833 -0.000100057 -0.001395669 0.000169525 0.000196473 -0.001482283 1.2188e-05 -0.000104059 -0.001490157 0.000176306 0.000141792 -0.001488405 -0.000125227 -8.147e-05 -0.001490157 -0.000187815 -0.000125344 -0.001482283 0.000151786 -0.000188811 -0.001488405 -1.1713e-05 0.000198248 -0.001490157 -5.1087e-05 -1.9445e-05 -0.001490157 -0.000203799 -1.2676e-05 -0.001490157 0.000204332 0.000109848 -0.001490157 0.000172758 0.000172758 -0.001490157 -0.000109848 -0.000128047 -0.001497252 -0.000144985 -0.000162914 -0.001488405 -9.6155e-05 0.000162914 -0.001488405 9.6155e-05 0.000157857 -0.001490157 0.000130358 0.00012646 -0.001497834 -0.000153137 -0.000187315 -0.001497252 4.8269e-05 0.000100947 -0.001497834 -0.000171034 1.1713e-05 -0.001488405 -0.000188811 -0.000123169 -0.001497252 0.000149151 1.1977e-05 -0.001497252 -0.000193063 7.5514e-05 -0.001493574 0.000174084 -1.8697e-05 -0.001482283 -0.00019596 -9.6155e-05 -0.001488405 0.000162914 7.6383e-05 -0.001484001 0.000176088 -0.000176088 -0.001484001 7.6383e-05 -0.000167592 -0.001497834 0.000106563 -0.000101817 -0.001493574 -0.000160127 0.00018472 -0.001497834 7.2949e-05 -0.000185222 -0.001493574 -4.1232e-05 1.7968e-05 -0.001488405 0.000188319 -0.000106563 -0.001497834 -0.000167592 -0.000198221 -0.001497834 -1.2297e-05 0.000198221 -0.001497834 1.2297e-05 -0.000174084 -0.001493574 7.5514e-05 4.9559e-05 -0.001497834 0.00019232 0.000174084 -0.001493574 -7.5514e-05 6.9699e-05 -0.001493574 -0.000176492 -6.9699e-05 -0.001493574 0.000176492 0.000176492 -0.001493574 6.9699e-05 -7.5514e-05 -0.001493574 -0.000174084 -0.000193857 -0.001497834 -4.3154e-05 0.000125227 -0.001488405 0.000141792 -0.000100057 -0.001482283 0.000169525 -0.000182199 -0.001497834 7.9034e-05 0.000188319 -0.001488405 -1.7968e-05 0.000160127 -0.001493574 -0.000101817 0.000100057 -0.001482283 -0.000169525 0.000146316 -0.001493574 0.000120827 -4.3154e-05 -0.001497834 0.000193857 -0.000169525 -0.001482283 -0.000100057 0.000120827 -0.001493574 -0.000146316 -0.000153137 -0.001497834 -0.00012646 -0.000188319 -0.001488405 1.7968e-05 9.6451e-05 -0.001493574 -0.000163416 0.000169525 -0.001482283 0.000100057 -0.00012646 -0.001497834 0.000153137 1.2297e-05 -0.001497834 -0.000198221 0.000187315 -0.001497252 -4.8269e-05 -0.000163416 -0.001493574 -9.6451e-05 0.000163416 -0.001493574 9.6451e-05 -0.000142228 -0.001493574 0.000125613 0.00010379 -0.001497252 0.000163231 0.000163231 -0.001497252 -0.00010379 -1.7968e-05 -0.001488405 -0.000188319 -7.105e-05 -0.001497252 0.000179913 7.105e-05 -0.001497252 -0.000179913 -0.00010379 -0.001497252 -0.000163231 -1.1884e-05 -0.001484001 0.000191573 -0.000102989 -0.001484001 -0.000161971 0.000161971 -0.001484001 -0.000102989 -0.000161971 -0.001484001 0.000102989 0.000102989 -0.001484001 0.000161971 4.7351e-05 -0.001493574 0.000183753 -0.000183753 -0.001493574 4.7351e-05 -1.1977e-05 -0.001497252 0.000193063 -0.000146316 -0.001493574 -0.000120827 -9.6451e-05 -0.001493574 0.000163416 -0.000184654 -0.001488405 -4.1105e-05 -0.000144985 -0.001497252 0.000128047 -0.000188816 -0.001495067 -7.4566e-05 -7.4566e-05 -0.001495067 0.000188816 7.4566e-05 -0.001495067 -0.000188816 -0.000160127 -0.001493574 0.000101817 0.000149151 -0.001497252 0.000123169 0.00018624 -0.001495067 -8.0787e-05 -8.0787e-05 -0.001495067 -0.00018624 8.0787e-05 -0.001495067 0.00018624 0.000198156 -0.001495067 4.4111e-05 -0.000196584 -0.001495067 5.0658e-05 5.0658e-05 -0.001495067 0.000196584 -5.0658e-05 -0.001495067 -0.000196584 0.000196584 -0.001495067 -5.0658e-05 1.8023e-05 -0.001493574 0.000188898 -4.1105e-05 -0.001488405 0.000184654 0.000184654 -0.001488405 4.1105e-05 4.1105e-05 -0.001488405 -0.000184654 0.000183189 -0.001488405 -4.7206e-05 -4.7206e-05 -0.001488405 -0.000183189 -0.000101504 -0.001488405 -0.000159636 0.000101504 -0.001488405 0.000159636 0.000173549 -0.001488405 -7.5282e-05 -1.1713e-05 -0.001488405 0.000188811 -0.000202089 -0.001495067 1.9282e-05 -0.000183189 -0.001488405 4.7206e-05 4.7206e-05 -0.001488405 0.000183189 -0.000141792 -0.001488405 0.000125227 0.000120456 -0.001488405 -0.000145866 -0.000145866 -0.001488405 -0.000120456 0.000145866 -0.001488405 0.000120456 -0.000149151 -0.001497252 -0.000123169 -1.8023e-05 -0.001493574 -0.000188898 -0.000188898 -0.001493574 1.8023e-05 -7.6383e-05 -0.001484001 -0.000176088 0.000187355 -0.001484001 4.1707e-05 1.9282e-05 -0.001495067 0.000202089 -1.9282e-05 -0.001495067 -0.000202089 0.000202089 -0.001495067 -1.9282e-05 0.000188816 -0.001495067 7.4566e-05 0.000188898 -0.001493574 -1.8023e-05 0.000123169 -0.001497252 -0.000149151 -0.00018624 -0.001495067 8.0787e-05 -0.000198156 -0.001495067 -4.4111e-05 4.4111e-05 -0.001495067 -0.000198156 -4.4111e-05 -0.001495067 0.000198156 -0.000189392 -0.001493574 -1.1749e-05 0.000189392 -0.001493574 1.1749e-05 1.1749e-05 -0.001493574 -0.000189392 0.00017595 -0.001488405 6.9485e-05 6.9485e-05 -0.001488405 -0.00017595 -0.00017595 -0.001488405 -6.9485e-05 -6.9485e-05 -0.001488405 0.00017595 -7.5282e-05 -0.001488405 -0.000173549 -0.000173549 -0.001488405 7.5282e-05 7.5282e-05 -0.001488405 0.000173549 0.000159636 -0.001488405 -0.000101504 -0.000120827 -0.001493574 0.000146316 -0.000125613 -0.001493574 -0.000142228 0.000125613 -0.001493574 0.000142228 0.000142228 -0.001493574 -0.000125613 -4.1707e-05 -0.001484001 0.000187355 -4.7897e-05 -0.001484001 -0.000185869 0.000178524 -0.001484001 7.0502e-05 -7.0502e-05 -0.001484001 0.000178524 -0.000178524 -0.001484001 -7.0502e-05 -0.000191573 -0.001484001 -1.1884e-05 0.000176088 -0.001484001 -7.6383e-05 4.7897e-05 -0.001484001 0.000185869 -0.000185869 -0.001484001 4.7897e-05 0.000185869 -0.001484001 -4.7897e-05 4.1707e-05 -0.001484001 -0.000187355 -0.000191073 -0.001484001 1.8231e-05 0.000191073 -0.001484001 -1.8231e-05 7.0502e-05 -0.001484001 -0.000178524 0.000197705 -0.001497834 -1.8863e-05 1.8863e-05 -0.001497834 0.000197705 0.000191573 -0.001484001 1.1884e-05 1.1884e-05 -0.001484001 -0.000191573 -0.000187355 -0.001484001 -4.1707e-05 1.8231e-05 -0.001484001 0.000191073 -7.6977e-05 -0.001497252 -0.000177458 0.000171034 -0.001497834 0.000100947 4.2031e-05 -0.001497252 -0.000188812 -4.2031e-05 -0.001497252 0.000188812 0.000192559 -0.001497252 -1.8372e-05 -0.000192559 -0.001497252 1.8372e-05 1.8372e-05 -0.001497252 0.000192559 -0.000177458 -0.001497252 7.6977e-05 7.6977e-05 -0.001497252 0.000177458 0.000177458 -0.001497252 -7.6977e-05 -9.832e-05 -0.001497252 0.000166583 0.000166583 -0.001497252 9.832e-05 -0.000166583 -0.001497252 -9.832e-05 -4.8269e-05 -0.001497252 -0.000187315 -1.8372e-05 -0.001497252 -0.000192559 0.000188812 -0.001497252 4.2031e-05 -0.000188812 -0.001497252 -4.2031e-05 9.832e-05 -0.001497252 -0.000166583 0.000193857 -0.001497834 4.3154e-05 7.2949e-05 -0.001497834 -0.00018472 -7.2949e-05 -0.001497834 0.00018472 -0.00018472 -0.001497834 -7.2949e-05 0.000182199 -0.001497834 -7.9034e-05 7.9034e-05 -0.001497834 0.000182199 -4.9559e-05 -0.001497834 -0.00019232 -0.00019232 -0.001497834 4.9559e-05 0.000127059 -0.001484001 0.000143866 -0.000127059 -0.001484001 -0.000143866 -0.000143866 -0.001484001 0.000127059 0.000143866 -0.001484001 -0.000127059</float_array>
          <technique_common>
            <accessor source="#FBXASC227FBXASC130FBXASC189FBXASC227FBXASC131FBXASC170FBXASC227FBXASC131FBXASC131FBXASC227FBXASC131FBXASC1377-POSITION-array" count="412" stride="3">
              <param name="X" type="float"/>
              <param name="Y" type="float"/>
              <param name="Z" type="float"/>
            </accessor>
          </technique_common>
        </source>
        <source id="FBXASC227FBXASC130FBXASC189FBXASC227FBXASC131FBXASC170FBXASC227FBXASC131FBXASC131FBXASC227FBXASC131FBXASC1377-Normal0">
          <float_array id="FBXASC227FBXASC130FBXASC189FBXASC227FBXASC131FBXASC170FBXASC227FBXASC131FBXASC131FBXASC227FBXASC131FBXASC1377-Normal0-array" count="7380">
0.000000 -2.540000 0.000000
0.000000 -2.540000 0.000000
0.000000 -2.540000 0.000000
-0.000000 2.540000 -0.000000
-0.000000 2.540000 -0.000000
-0.000000 2.540000 -0.000000
0.000000 -2.540000 0.000000
0.000000 -2.540000 0.000000
0.000000 -2.540000 0.000000
-0.000000 2.540000 -0.000000
-0.000000 2.540000 -0.000000
-0.000000 2.540000 -0.000000
1.010797 0.000000 2.330212
1.362878 0.000000 2.143400
1.010797 0.000000 2.330212
0.000000 -2.540000 0.000000
0.000000 -2.540000 0.000000
0.000000 -2.540000 0.000000
0.000000 -2.540000 0.000000
0.000000 -2.540000 0.000000
0.000000 -2.540000 0.000000
-0.000000 2.540000 -0.000000
-0.000000 2.540000 -0.000000
-0.000000 2.540000 -0.000000
-2.187417 -0.000000 -1.291050
-2.187417 -0.000000 -1.291050
-2.362450 -0.000000 -0.932967
0.000000 -2.540000 0.000000
0.000000 -2.540000 0.000000
0.000000 -2.540000 0.000000
-0.000000 2.540000 -0.000000
-0.000000 2.540000 -0.000000
-0.000000 2.540000 -0.000000
0.000000 -2.540000 0.000000
0.000000 -2.540000 0.000000
0.000000 -2.540000 0.000000
-1.681400 -0.000000 -1.903810
-1.681400 -0.000000 -1.903810
-1.362878 -0.000000 -2.143400
1.291050 0.000000 -2.187417
0.932967 0.000000 -2.362450
1.291050 0.000000 -2.187417
2.535127 0.000000 0.157267
2.535127 0.000000 0.157267
2.479313 0.000000 0.551912
2.528517 0.000000 -0.241250
2.459647 0.000000 -0.633827
2.528517 0.000000 -0.241250
1.681400 0.000000 1.903810
1.681400 0.000000 1.903810
1.362878 0.000000 2.143400
0.000000 -2.540000 0.000000
0.000000 -2.540000 0.000000
0.000000 -2.540000 0.000000
-0.633827 -0.000000 -2.459647
-0.241250 -0.000000 -2.528517
-0.633827 -0.000000 -2.459647
0.000000 -2.540000 0.000000
0.000000 -2.540000 0.000000
0.000000 -2.540000 0.000000
0.633827 0.000000 2.459647
0.241250 0.000000 2.528517
0.633827 0.000000 2.459647
-1.291050 -0.000000 2.187417
-1.291050 -0.000000 2.187417
-1.617342 -0.000000 1.958521
-2.479313 -0.000000 -0.551912
-2.362450 -0.000000 -0.932967
-2.479313 -0.000000 -0.551912
-2.459647 -0.000000 0.633827
-2.330212 -0.000000 1.010797
-2.459647 -0.000000 0.633827
1.291050 0.000000 -2.187417
1.617342 0.000000 -1.958521
1.291050 0.000000 -2.187417
2.143400 0.000000 -1.362878
2.143400 0.000000 -1.362878
1.903810 0.000000 -1.681400
-1.010797 -0.000000 -2.330212
-1.362878 -0.000000 -2.143400
-1.010797 -0.000000 -2.330212
-0.000000 2.540000 -0.000000
-0.000000 2.540000 -0.000000
-0.000000 2.540000 -0.000000
0.000000 -2.540000 0.000000
0.000000 -2.540000 0.000000
0.000000 -2.540000 0.000000
2.330212 0.000000 -1.010797
2.459647 0.000000 -0.633827
2.330212 0.000000 -1.010797
-1.617342 -0.000000 1.958521
-1.291050 -0.000000 2.187417
-1.617342 -0.000000 1.958521
-2.330212 -0.000000 1.010797
-2.330212 -0.000000 1.010797
-2.459647 -0.000000 0.633827
2.187417 0.000000 1.291050
1.958521 0.000000 1.617342
2.187417 0.000000 1.291050
0.000000 -2.540000 0.000000
0.000000 -2.540000 0.000000
0.000000 -2.540000 0.000000
0.000000 -2.540000 0.000000
0.000000 -2.540000 0.000000
0.000000 -2.540000 0.000000
0.564119 2.476317 0.034995
0.551699 2.476317 0.122812
1.938405 1.583664 0.431502
-0.571058 1.102065 -2.216065
-0.217359 1.102065 -2.278115
-0.104674 2.288461 -1.097082
0.000000 -2.540000 0.000000
0.000000 -2.540000 0.000000
0.000000 -2.540000 0.000000
1.065541 1.583664 1.675778
1.362878 0.000000 2.143400
1.314572 1.583664 1.488459
0.000000 -2.540000 0.000000
0.000000 -2.540000 0.000000
0.000000 -2.540000 0.000000
-1.323628 -0.000000 2.167858
-0.985741 -0.000000 2.340922
-0.985741 -0.000000 2.340922
-0.141693 1.102065 2.284070
-0.497256 1.102065 2.233784
-0.239466 2.288461 1.075734
-0.000000 2.540000 -0.000000
-0.000000 2.540000 -0.000000
-0.000000 2.540000 -0.000000
2.187417 0.000000 1.291050
2.187417 0.000000 1.291050
2.362450 0.000000 0.932967
0.476951 2.476317 -0.303269
0.518521 2.476317 -0.224924
1.821833 1.583664 -0.790273
-0.000000 2.540000 -0.000000
-0.000000 2.540000 -0.000000
-0.000000 2.540000 -0.000000
-0.000000 2.540000 -0.000000
-0.000000 2.540000 -0.000000
-0.000000 2.540000 -0.000000
0.404799 2.288461 -1.025029
0.560165 2.288461 -0.949084
-0.287286 2.476317 0.486746
-0.241250 -0.000000 -2.528517
-0.241250 -0.000000 -2.528517
-0.633827 -0.000000 -2.459647
-0.000000 2.540000 -0.000000
-0.000000 2.540000 -0.000000
-0.000000 2.540000 -0.000000
0.000000 -2.540000 0.000000
0.000000 -2.540000 0.000000
0.000000 -2.540000 0.000000
-0.000000 2.540000 -0.000000
-0.000000 2.540000 -0.000000
-0.000000 2.540000 -0.000000
0.000000 -2.540000 0.000000
0.000000 -2.540000 0.000000
0.000000 -2.540000 0.000000
-0.000000 2.540000 -0.000000
-0.000000 2.540000 -0.000000
-0.000000 2.540000 -0.000000
1.631946 0.000000 -1.946369
1.323628 0.000000 -2.167858
1.323628 0.000000 -2.167858
0.000000 -2.540000 0.000000
0.000000 -2.540000 0.000000
0.000000 -2.540000 0.000000
-0.251949 0.000000 2.527473
0.127566 0.000000 2.536795
0.127566 0.000000 2.536795
-0.000000 2.540000 -0.000000
-0.000000 2.540000 -0.000000
-0.000000 2.540000 -0.000000
2.479313 0.000000 0.551912
2.535127 0.000000 0.157267
2.479313 0.000000 0.551912
-0.000000 2.540000 -0.000000
-0.000000 2.540000 -0.000000
-0.000000 2.540000 -0.000000
2.520168 0.000000 -0.316784
2.444806 0.000000 -0.688857
2.520168 0.000000 -0.316784
2.501578 0.000000 0.440123
2.539234 0.000000 0.062366
2.539234 0.000000 0.062366
-0.551912 -0.000000 2.479313
-0.551912 -0.000000 2.479313
-0.157267 0.000000 2.535127
-0.000000 2.540000 -0.000000
-0.000000 2.540000 -0.000000
-0.000000 2.540000 -0.000000
-2.535127 -0.000000 -0.157267
-2.528517 -0.000000 0.241250
-2.535127 -0.000000 -0.157267
-0.000000 2.540000 -0.000000
-0.000000 2.540000 -0.000000
-0.000000 2.540000 -0.000000
-0.000000 2.540000 -0.000000
-0.000000 2.540000 -0.000000
-0.000000 2.540000 -0.000000
-0.000000 2.540000 -0.000000
-0.000000 2.540000 -0.000000
-0.000000 2.540000 -0.000000
-1.457175 1.102065 1.764567
-1.715274 1.102065 1.514889
-0.826032 2.288461 0.729532
-1.011041 2.288461 0.438568
-2.099449 1.102065 0.910697
-1.067201 2.288461 0.275007
-0.157267 0.000000 2.535127
-0.551912 -0.000000 2.479313
-0.157267 0.000000 2.535127
-0.098055 -1.985852 1.580626
0.150417 -1.985852 1.576505
0.000000 -2.540000 -0.000000
-1.938405 1.583664 -0.431502
-0.564119 2.476317 -0.034995
-0.551699 2.476317 -0.122812
-0.000000 2.540000 -0.000000
-0.000000 2.540000 -0.000000
-0.000000 2.540000 -0.000000
0.869632 0.000000 2.386491
1.215607 0.000000 2.230224
0.869632 0.000000 2.386491
-0.000000 2.540000 -0.000000
-0.000000 2.540000 -0.000000
-0.000000 2.540000 -0.000000
-0.000000 2.540000 -0.000000
-0.000000 2.540000 -0.000000
-0.000000 2.540000 -0.000000
2.314831 0.000000 -1.045543
2.133146 0.000000 -1.378872
2.314831 0.000000 -1.045543
-0.000000 2.540000 -0.000000
-0.000000 2.540000 -0.000000
-0.000000 2.540000 -0.000000
-0.504230 -0.000000 -2.489448
-0.869632 -0.000000 -2.386491
-0.869632 -0.000000 -2.386491
1.931137 1.102065 -1.227911
2.099449 1.102065 -0.910697
1.011041 2.288461 -0.438568
1.856078 -0.565203 -1.639244
1.457175 1.102065 -1.764567
1.576792 -0.565203 -1.909417
1.617342 0.000000 -1.958521
1.903810 0.000000 -1.681400
1.617342 0.000000 -1.958521
-0.000000 2.540000 -0.000000
-0.000000 2.540000 -0.000000
-0.000000 2.540000 -0.000000
0.985741 0.000000 -2.340922
0.625835 0.000000 -2.461693
0.985741 0.000000 -2.340922
-0.000000 2.540000 -0.000000
-0.000000 2.540000 -0.000000
-0.000000 2.540000 -0.000000
-0.000000 2.540000 -0.000000
-0.000000 2.540000 -0.000000
-0.000000 2.540000 -0.000000
-0.000000 2.540000 -0.000000
-0.000000 2.540000 -0.000000
-0.000000 2.540000 -0.000000
0.000000 -2.540000 0.000000
0.000000 -2.540000 0.000000
0.000000 -2.540000 0.000000
-0.000000 2.540000 -0.000000
-0.000000 2.540000 -0.000000
-0.000000 2.540000 -0.000000
-1.514889 1.102065 -1.715274
-1.227911 1.102065 -1.931137
-0.591331 2.288461 -0.929986
-2.187417 -0.000000 -1.291050
-2.187417 -0.000000 -1.291050
-1.958521 -0.000000 -1.617342
-2.528517 -0.000000 0.241250
-2.528517 -0.000000 0.241250
-2.535127 -0.000000 -0.157267
-1.545826 -1.985852 -0.344112
-2.417151 -0.565203 -0.538075
-1.580626 -1.985852 -0.098055
-0.617936 -0.565203 -2.397979
-0.235201 -0.565203 -2.465122
-0.217359 1.102065 -2.278115
0.157267 -0.000000 -2.535127
0.157267 -0.000000 -2.535127
0.551912 0.000000 -2.479313
-0.000000 2.540000 -0.000000
-0.000000 2.540000 -0.000000
-0.000000 2.540000 -0.000000
0.251949 -0.000000 -2.527473
-0.127566 -0.000000 -2.536795
0.251949 -0.000000 -2.527473
0.000000 -2.540000 0.000000
0.000000 -2.540000 0.000000
0.000000 -2.540000 0.000000
1.531233 1.583664 1.264489
1.681400 0.000000 1.903810
1.958521 0.000000 1.617342
-1.009383 1.583664 1.710191
-1.264489 1.583664 1.531233
-1.617342 -0.000000 1.958521
2.133146 0.000000 -1.378872
1.903810 0.000000 -1.681400
1.903810 0.000000 -1.681400
-0.985741 -0.000000 2.340922
-0.625835 -0.000000 2.461693
-0.985741 -0.000000 2.340922
0.000000 -2.540000 0.000000
0.000000 -2.540000 0.000000
0.000000 -2.540000 0.000000
-1.982042 1.583664 -0.122957
-1.976874 1.583664 0.188617
-0.562648 2.476317 0.053683
-0.000000 2.540000 -0.000000
-0.000000 2.540000 -0.000000
-0.000000 2.540000 -0.000000
-2.314831 -0.000000 1.045543
-2.133146 -0.000000 1.378872
-2.314831 -0.000000 1.045543
-2.520168 -0.000000 0.316784
-2.444806 -0.000000 0.688857
-2.444806 -0.000000 0.688857
-2.314831 -0.000000 1.045543
-2.133146 -0.000000 1.378872
-2.133146 -0.000000 1.378872
-1.631946 -0.000000 1.946369
-1.903810 -0.000000 1.681400
-1.903810 -0.000000 1.681400
-2.271789 -0.565203 0.985454
-2.397979 -0.565203 0.617936
-2.216065 1.102065 0.571058
-1.903810 -0.000000 1.681400
-2.143400 -0.000000 1.362878
-1.903810 -0.000000 1.681400
-0.495546 1.583664 -1.923029
-0.790273 1.583664 -1.821833
-0.141040 2.476317 -0.547323
0.438568 2.288461 1.011041
0.910697 1.102065 2.099449
0.275007 2.288461 1.067201
-0.000000 2.540000 -0.000000
-0.000000 2.540000 -0.000000
-0.000000 2.540000 -0.000000
-1.681400 -0.000000 -1.903810
-1.958521 -0.000000 -1.617342
-1.681400 -0.000000 -1.903810
-0.000000 2.540000 -0.000000
-0.000000 2.540000 -0.000000
-0.000000 2.540000 -0.000000
0.551912 0.000000 -2.479313
0.157267 -0.000000 -2.535127
0.551912 0.000000 -2.479313
-1.163195 1.102065 1.970794
-0.404799 2.288461 1.025029
-0.840575 1.102065 2.128494
-0.239466 2.288461 1.075734
-0.497256 1.102065 2.233784
-0.404799 2.288461 1.025029
-0.000000 2.540000 -0.000000
-0.000000 2.540000 -0.000000
-0.000000 2.540000 -0.000000
0.000000 -2.540000 0.000000
0.000000 -2.540000 0.000000
0.000000 -2.540000 0.000000
-2.143400 -0.000000 1.362878
-2.143400 -0.000000 1.362878
-1.903810 -0.000000 1.681400
-0.000000 2.540000 -0.000000
-0.000000 2.540000 -0.000000
-0.000000 2.540000 -0.000000
0.241250 0.000000 2.528517
0.241250 0.000000 2.528517
0.633827 0.000000 2.459647
-0.000000 2.540000 -0.000000
-0.000000 2.540000 -0.000000
-0.000000 2.540000 -0.000000
1.011041 2.288461 -0.438568
2.099449 1.102065 -0.910697
1.067201 2.288461 -0.275007
2.216065 1.102065 -0.571058
2.278115 1.102065 -0.217359
1.097082 2.288461 -0.104674
-0.000000 2.540000 -0.000000
-0.000000 2.540000 -0.000000
-0.000000 2.540000 -0.000000
2.330212 0.000000 -1.010797
2.330212 0.000000 -1.010797
2.143400 0.000000 -1.362878
-1.227911 1.102065 -1.931137
-0.910697 1.102065 -2.099449
-0.438568 2.288461 -1.011041
-0.438568 2.288461 -1.011041
-0.910697 1.102065 -2.099449
-0.275007 2.288461 -1.067201
0.985454 -0.565203 2.271789
0.617936 -0.565203 2.397979
0.571058 1.102065 2.216065
1.010797 0.000000 2.330212
1.010797 0.000000 2.330212
0.633827 0.000000 2.459647
1.970794 1.102065 1.163195
2.132573 -0.565203 1.258680
1.764567 1.102065 1.457175
1.514889 1.102065 1.715274
1.227911 1.102065 1.931137
0.591331 2.288461 0.929986
-0.053683 2.476317 -0.562648
-0.495546 1.583664 -1.923029
-0.141040 2.476317 -0.547323
-0.000000 2.540000 -0.000000
-0.000000 2.540000 -0.000000
-0.000000 2.540000 -0.000000
1.576505 -1.985852 -0.150417
2.465122 -0.565203 -0.235201
1.533565 -1.985852 -0.395185
2.528517 0.000000 -0.241250
2.528517 0.000000 -0.241250
2.535127 0.000000 0.157267
0.000000 -2.540000 0.000000
0.000000 -2.540000 0.000000
0.000000 -2.540000 0.000000
1.631946 0.000000 -1.946369
1.323628 0.000000 -2.167858
1.631946 0.000000 -1.946369
0.551912 0.000000 -2.479313
0.551912 0.000000 -2.479313
0.932967 0.000000 -2.362450
0.560165 2.288461 -0.949084
0.404799 2.288461 -1.025029
1.163195 1.102065 -1.970794
-0.000000 2.540000 -0.000000
-0.000000 2.540000 -0.000000
-0.000000 2.540000 -0.000000
2.362450 0.000000 0.932967
2.362450 0.000000 0.932967
2.479313 0.000000 0.551912
-2.397979 -0.565203 0.617936
-2.465122 -0.565203 0.235201
-2.278115 1.102065 0.217359
-2.233784 1.102065 -0.497256
-1.099950 2.288461 -0.068236
-2.284070 1.102065 -0.141693
-0.000000 2.540000 -0.000000
-0.000000 2.540000 -0.000000
-0.000000 2.540000 -0.000000
-0.551912 0.000000 2.479313
-0.157267 0.000000 2.535127
-0.122957 1.583664 1.982042
0.000000 -2.540000 0.000000
0.000000 -2.540000 0.000000
0.000000 -2.540000 0.000000
-0.869632 -0.000000 -2.386491
-1.215607 -0.000000 -2.230224
-0.869632 -0.000000 -2.386491
-2.133146 -0.000000 1.378872
-2.133146 -0.000000 1.378872
-1.903810 -0.000000 1.681400
1.264489 1.583664 -1.531233
1.488459 1.583664 -1.314572
1.903810 0.000000 -1.681400
0.000000 -2.540000 0.000000
0.000000 -2.540000 0.000000
0.000000 -2.540000 0.000000
-0.000000 2.540000 -0.000000
-0.000000 2.540000 -0.000000
-0.000000 2.540000 -0.000000
2.444806 0.000000 -0.688857
2.314831 0.000000 -1.045543
2.314831 0.000000 -1.045543
0.000000 -2.540000 0.000000
0.000000 -2.540000 0.000000
0.000000 -2.540000 0.000000
0.000000 -2.540000 0.000000
0.000000 -2.540000 0.000000
0.000000 -2.540000 0.000000
0.127566 0.000000 2.536795
0.504230 0.000000 2.489448
0.127566 0.000000 2.536795
-0.000000 2.540000 -0.000000
-0.000000 2.540000 -0.000000
-0.000000 2.540000 -0.000000
1.681400 0.000000 1.903810
1.958521 0.000000 1.617342
1.681400 0.000000 1.903810
0.000000 -2.540000 0.000000
0.000000 -2.540000 0.000000
0.000000 -2.540000 0.000000
-0.000000 2.540000 -0.000000
-0.000000 2.540000 -0.000000
-0.000000 2.540000 -0.000000
1.545826 -1.985852 0.344112
1.472964 -1.985852 0.581696
2.417151 -0.565203 0.538075
1.472964 -1.985852 0.581696
2.132573 -0.565203 1.258680
2.303219 -0.565203 0.909576
-0.000000 2.540000 -0.000000
-0.000000 2.540000 -0.000000
-0.000000 2.540000 -0.000000
0.000000 -2.540000 0.000000
0.000000 -2.540000 0.000000
0.000000 -2.540000 0.000000
-0.000000 2.540000 -0.000000
-0.000000 2.540000 -0.000000
-0.000000 2.540000 -0.000000
0.000000 -2.540000 0.000000
0.000000 -2.540000 0.000000
0.000000 -2.540000 0.000000
-0.000000 2.540000 -0.000000
-0.000000 2.540000 -0.000000
-0.000000 2.540000 -0.000000
-0.000000 2.540000 -0.000000
-0.000000 2.540000 -0.000000
-0.000000 2.540000 -0.000000
-0.000000 2.540000 -0.000000
-0.000000 2.540000 -0.000000
-0.000000 2.540000 -0.000000
0.000000 -2.540000 0.000000
0.000000 -2.540000 0.000000
0.000000 -2.540000 0.000000
0.000000 -2.540000 0.000000
0.000000 -2.540000 0.000000
0.000000 -2.540000 0.000000
-0.000000 2.540000 -0.000000
-0.000000 2.540000 -0.000000
-0.000000 2.540000 -0.000000
2.408041 0.000000 0.808048
2.501578 0.000000 0.440123
2.501578 0.000000 0.440123
-0.000000 2.540000 -0.000000
-0.000000 2.540000 -0.000000
-0.000000 2.540000 -0.000000
0.551699 2.476317 0.122812
0.525695 2.476317 0.207605
1.847038 1.583664 0.729423
-1.970794 1.102065 -1.163195
-1.764567 1.102065 -1.457175
-0.849770 2.288461 -0.701738
-0.000000 2.540000 -0.000000
-0.000000 2.540000 -0.000000
-0.000000 2.540000 -0.000000
0.000000 -2.540000 0.000000
0.000000 -2.540000 0.000000
0.000000 -2.540000 0.000000
-0.000000 2.540000 -0.000000
-0.000000 2.540000 -0.000000
-0.000000 2.540000 -0.000000
0.000000 -2.540000 0.000000
0.000000 -2.540000 0.000000
0.000000 -2.540000 0.000000
1.323628 0.000000 -2.167858
0.985741 0.000000 -2.340922
0.985741 0.000000 -2.340922
-0.729423 1.583664 1.847038
-0.207605 2.476317 0.525695
-1.009383 1.583664 1.710191
-0.849741 -1.985852 -1.336388
0.000000 -2.540000 0.000000
-0.630222 -1.985852 -1.452864
-1.010797 -0.000000 -2.330212
-0.633827 -0.000000 -2.459647
-1.010797 -0.000000 -2.330212
-2.444806 -0.000000 0.688857
-2.314831 -0.000000 1.045543
-2.314831 -0.000000 1.045543
1.821833 1.583664 -0.790273
0.518521 2.476317 -0.224924
1.923029 1.583664 -0.495546
-0.000000 2.540000 -0.000000
-0.000000 2.540000 -0.000000
-0.000000 2.540000 -0.000000
0.122812 2.476317 -0.551699
0.207605 2.476317 -0.525695
0.729423 1.583664 -1.847038
1.903810 0.000000 -1.681400
1.631946 0.000000 -1.946369
1.631946 0.000000 -1.946369
-1.264489 1.583664 1.531233
-1.903810 0.000000 1.681400
-1.617342 -0.000000 1.958521
-0.000000 2.540000 -0.000000
-0.000000 2.540000 -0.000000
-0.000000 2.540000 -0.000000
-0.000000 2.540000 -0.000000
-0.000000 2.540000 -0.000000
-0.000000 2.540000 -0.000000
0.000000 -2.540000 0.000000
0.000000 -2.540000 0.000000
0.000000 -2.540000 0.000000
2.539234 0.000000 0.062366
2.520168 0.000000 -0.316784
2.539234 0.000000 0.062366
-2.479313 -0.000000 -0.551912
-2.479313 -0.000000 -0.551912
-2.535127 -0.000000 -0.157267
-0.000000 2.540000 -0.000000
-0.000000 2.540000 -0.000000
-0.000000 2.540000 -0.000000
-0.000000 2.540000 -0.000000
-0.000000 2.540000 -0.000000
-0.000000 2.540000 -0.000000
-0.000000 2.540000 -0.000000
-0.000000 2.540000 -0.000000
-0.000000 2.540000 -0.000000
-1.821833 1.583664 0.790273
-0.476951 2.476317 0.303269
-0.518521 2.476317 0.224924
-0.000000 2.540000 -0.000000
-0.000000 2.540000 -0.000000
-0.000000 2.540000 -0.000000
-1.931137 1.102065 1.227911
-1.715274 1.102065 1.514889
-2.089660 -0.565203 1.328708
-1.903810 -0.000000 1.681400
-1.903810 -0.000000 1.681400
-1.617342 -0.000000 1.958521
-0.790273 1.583664 -1.821833
-0.303269 2.476317 -0.476951
-0.224924 2.476317 -0.518521
-0.000000 2.540000 -0.000000
-0.000000 2.540000 -0.000000
-0.000000 2.540000 -0.000000
1.163195 1.102065 -1.970794
0.404799 2.288461 -1.025029
0.840575 1.102065 -2.128494
-0.217359 1.102065 -2.278115
-0.235201 -0.565203 -2.465122
0.141693 1.102065 -2.284070
0.625835 0.000000 -2.461693
0.251949 -0.000000 -2.527473
0.251949 -0.000000 -2.527473
0.000000 -2.540000 0.000000
0.000000 -2.540000 0.000000
0.000000 -2.540000 0.000000
0.000000 -2.540000 0.000000
0.000000 -2.540000 0.000000
0.000000 -2.540000 0.000000
0.504230 0.000000 2.489448
0.869632 0.000000 2.386491
0.869632 0.000000 2.386491
2.539234 0.000000 0.062366
2.520168 0.000000 -0.316784
2.520168 0.000000 -0.316784
-0.000000 2.540000 -0.000000
-0.000000 2.540000 -0.000000
-0.000000 2.540000 -0.000000
-0.551912 -0.000000 2.479313
-0.551912 -0.000000 2.479313
-0.932967 -0.000000 2.362450
-0.581696 -1.985852 1.472964
-1.258680 -0.565203 2.132573
-0.909576 -0.565203 2.303219
1.639244 -0.565203 1.856078
1.764567 1.102065 1.457175
1.909417 -0.565203 1.576792
1.958521 0.000000 1.617342
1.958521 0.000000 1.617342
1.681400 0.000000 1.903810
-1.847038 1.583664 -0.729423
-1.938405 1.583664 -0.431502
-0.525695 2.476317 -0.207605
-1.710191 1.583664 -1.009383
-1.847038 1.583664 -0.729423
-0.525695 2.476317 -0.207605
-1.764567 1.102065 -1.457175
-1.970794 1.102065 -1.163195
-1.909417 -0.565203 -1.576792
-1.958521 -0.000000 -1.617342
-1.958521 -0.000000 -1.617342
-1.681400 -0.000000 -1.903810
-0.000000 2.540000 -0.000000
-0.000000 2.540000 -0.000000
-0.000000 2.540000 -0.000000
-0.000000 2.540000 -0.000000
-0.000000 2.540000 -0.000000
-0.000000 2.540000 -0.000000
1.675778 1.583664 -1.065541
2.330212 0.000000 -1.010797
2.143400 0.000000 -1.362878
1.488459 1.583664 -1.314572
2.143400 0.000000 -1.362878
1.903810 0.000000 -1.681400
-0.000000 2.540000 -0.000000
-0.000000 2.540000 -0.000000
-0.000000 2.540000 -0.000000
-0.932967 -0.000000 2.362450
-0.551912 -0.000000 2.479313
-0.932967 -0.000000 2.362450
-0.000000 2.540000 -0.000000
-0.000000 2.540000 -0.000000
-0.000000 2.540000 -0.000000
-2.528517 -0.000000 0.241250
-2.459647 -0.000000 0.633827
-2.528517 -0.000000 0.241250
-2.062882 -0.000000 -1.481931
-2.260711 -0.000000 -1.157922
-2.062882 -0.000000 -1.481931
-1.818971 -0.000000 -1.772835
-2.062882 -0.000000 -1.481931
-2.062882 -0.000000 -1.481931
-0.000000 2.540000 -0.000000
-0.000000 2.540000 -0.000000
-0.000000 2.540000 -0.000000
-1.362878 -0.000000 -2.143400
-1.681400 -0.000000 -1.903810
-1.362878 -0.000000 -2.143400
-2.330212 -0.000000 1.010797
-2.330212 -0.000000 1.010797
-2.143400 -0.000000 1.362878
-0.000000 2.540000 -0.000000
-0.000000 2.540000 -0.000000
-0.000000 2.540000 -0.000000
2.143400 0.000000 -1.362878
2.330212 0.000000 -1.010797
2.143400 0.000000 -1.362878
2.465122 -0.565203 -0.235201
2.397979 -0.565203 -0.617936
1.533565 -1.985852 -0.395185
2.278115 1.102065 -0.217359
2.216065 1.102065 -0.571058
2.465122 -0.565203 -0.235201
2.233784 1.102065 0.497256
1.099950 2.288461 0.068236
2.284070 1.102065 0.141693
-2.444806 -0.000000 0.688857
-2.314831 -0.000000 1.045543
-2.444806 -0.000000 0.688857
0.000000 -2.540000 0.000000
0.000000 -2.540000 0.000000
0.000000 -2.540000 0.000000
-0.633827 -0.000000 -2.459647
-0.633827 -0.000000 -2.459647
-1.010797 -0.000000 -2.330212
-0.000000 2.540000 -0.000000
-0.000000 2.540000 -0.000000
-0.000000 2.540000 -0.000000
1.903810 0.000000 -1.681400
1.903810 0.000000 -1.681400
1.617342 0.000000 -1.958521
2.271789 -0.565203 -0.985454
2.089660 -0.565203 -1.328708
1.336388 -1.985852 -0.849741
0.000000 -2.540000 0.000000
0.000000 -2.540000 0.000000
0.000000 -2.540000 0.000000
-2.133146 -0.000000 1.378872
-1.903810 -0.000000 1.681400
-1.903810 -0.000000 1.681400
-2.417151 -0.565203 -0.538075
-2.471566 -0.565203 -0.153324
-1.580626 -1.985852 -0.098055
-2.459647 -0.000000 0.633827
-2.459647 -0.000000 0.633827
-2.528517 -0.000000 0.241250
-0.000000 2.540000 -0.000000
-0.000000 2.540000 -0.000000
-0.000000 2.540000 -0.000000
0.157267 -0.000000 -2.535127
0.157267 -0.000000 -2.535127
-0.241250 -0.000000 -2.528517
-0.000000 2.540000 -0.000000
-0.000000 2.540000 -0.000000
-0.000000 2.540000 -0.000000
-0.000000 2.540000 -0.000000
-0.000000 2.540000 -0.000000
-0.000000 2.540000 -0.000000
-2.216065 1.102065 0.571058
-2.397979 -0.565203 0.617936
-2.278115 1.102065 0.217359
-0.000000 2.540000 -0.000000
-0.000000 2.540000 -0.000000
-0.000000 2.540000 -0.000000
2.501578 0.000000 0.440123
2.539234 0.000000 0.062366
2.501578 0.000000 0.440123
0.000000 -2.540000 0.000000
0.000000 -2.540000 0.000000
0.000000 -2.540000 0.000000
0.150417 -1.985852 1.576505
0.235201 -0.565203 2.465122
0.395185 -1.985852 1.533565
0.150417 -1.985852 1.576505
-0.098055 -1.985852 1.580626
0.235201 -0.565203 2.465122
-0.150417 -1.985852 -1.576505
0.000000 -2.540000 0.000000
0.098055 -1.985852 -1.580626
-0.241250 -0.000000 -2.528517
0.157267 -0.000000 -2.535127
-0.241250 -0.000000 -2.528517
-0.157267 0.000000 2.535127
-0.157267 0.000000 2.535127
0.241250 0.000000 2.528517
-0.000000 2.540000 -0.000000
-0.000000 2.540000 -0.000000
-0.000000 2.540000 -0.000000
0.849770 2.288461 0.701738
-0.486746 2.476317 -0.287286
0.949084 2.288461 0.560165
-0.000000 2.540000 -0.000000
-0.000000 2.540000 -0.000000
-0.000000 2.540000 -0.000000
-0.000000 2.540000 -0.000000
-0.000000 2.540000 -0.000000
-0.000000 2.540000 -0.000000
0.431502 1.583664 -1.938405
0.122812 2.476317 -0.551699
0.729423 1.583664 -1.847038
-1.452864 -1.985852 0.630222
-1.336388 -1.985852 0.849741
0.000000 -2.540000 0.000000
-2.143400 -0.000000 1.362878
-2.330212 -0.000000 1.010797
-2.143400 -0.000000 1.362878
1.362878 0.000000 2.143400
1.362878 0.000000 2.143400
1.010797 0.000000 2.330212
0.630222 -1.985852 1.452864
0.849741 -1.985852 1.336388
0.000000 -2.540000 0.000000
-0.000000 2.540000 -0.000000
-0.000000 2.540000 -0.000000
-0.000000 2.540000 -0.000000
0.633827 0.000000 2.459647
1.010797 0.000000 2.330212
0.633827 0.000000 2.459647
-0.000000 2.540000 -0.000000
-0.000000 2.540000 -0.000000
-0.000000 2.540000 -0.000000
0.053683 2.476317 0.562648
0.495546 1.583664 1.923029
0.141040 2.476317 0.547323
-2.362450 -0.000000 -0.932967
-2.362450 -0.000000 -0.932967
-2.479313 -0.000000 -0.551912
-0.000000 2.540000 -0.000000
-0.000000 2.540000 -0.000000
-0.000000 2.540000 -0.000000
-0.000000 2.540000 -0.000000
-0.000000 2.540000 -0.000000
-0.000000 2.540000 -0.000000
1.903810 0.000000 -1.681400
2.143400 0.000000 -1.362878
1.903810 0.000000 -1.681400
-0.000000 2.540000 -0.000000
-0.000000 2.540000 -0.000000
-0.000000 2.540000 -0.000000
1.264489 1.583664 -1.531233
1.903810 0.000000 -1.681400
1.617342 0.000000 -1.958521
-0.000000 2.540000 -0.000000
-0.000000 2.540000 -0.000000
-0.000000 2.540000 -0.000000
1.362878 0.000000 2.143400
1.681400 0.000000 1.903810
1.362878 0.000000 2.143400
1.472964 -1.985852 0.581696
1.545826 -1.985852 0.344112
0.000000 -2.540000 0.000000
2.479313 0.000000 0.551912
2.362450 0.000000 0.932967
2.479313 0.000000 0.551912
1.580626 -1.985852 0.098055
2.471566 -0.565203 0.153324
1.576505 -1.985852 -0.150417
2.459647 0.000000 -0.633827
2.459647 0.000000 -0.633827
2.528517 0.000000 -0.241250
-2.535127 -0.000000 -0.157267
-2.479313 -0.000000 -0.551912
-2.535127 -0.000000 -0.157267
-1.472964 -1.985852 -0.581696
-1.545826 -1.985852 -0.344112
0.000000 -2.540000 0.000000
2.459647 0.000000 -0.633827
2.459647 0.000000 -0.633827
2.330212 0.000000 -1.010797
-0.000000 2.540000 -0.000000
-0.000000 2.540000 -0.000000
-0.000000 2.540000 -0.000000
0.000000 -2.540000 0.000000
0.000000 -2.540000 0.000000
-0.849741 -1.985852 -1.336388
-1.362878 -0.000000 -2.143400
-1.362878 -0.000000 -2.143400
-1.010797 -0.000000 -2.330212
0.000000 -2.540000 0.000000
-0.098055 -1.985852 1.580626
0.000000 -2.540000 -0.000000
0.241250 0.000000 2.528517
-0.157267 0.000000 2.535127
0.241250 0.000000 2.528517
2.535127 0.000000 0.157267
2.528517 0.000000 -0.241250
2.535127 0.000000 0.157267
-0.000000 2.540000 -0.000000
-0.000000 2.540000 -0.000000
-0.000000 2.540000 -0.000000
-0.000000 2.540000 -0.000000
-0.000000 2.540000 -0.000000
-0.000000 2.540000 -0.000000
-1.958521 -0.000000 -1.617342
-2.187417 -0.000000 -1.291050
-1.958521 -0.000000 -1.617342
0.000000 -2.540000 0.000000
0.000000 -2.540000 0.000000
0.000000 -2.540000 0.000000
1.903810 0.000000 -1.681400
1.631946 0.000000 -1.946369
1.903810 0.000000 -1.681400
-1.617342 -0.000000 1.958521
-1.903810 -0.000000 1.681400
-1.617342 -0.000000 1.958521
-0.000000 2.540000 -0.000000
-0.000000 2.540000 -0.000000
-0.000000 2.540000 -0.000000
0.000000 -2.540000 0.000000
0.000000 -2.540000 0.000000
0.000000 -2.540000 0.000000
1.323628 0.000000 -2.167858
0.985741 0.000000 -2.340922
1.323628 0.000000 -2.167858
-1.545826 -1.985852 -0.344112
-1.472964 -1.985852 -0.581696
-2.417151 -0.565203 -0.538075
-1.472964 -1.985852 -0.581696
-2.132573 -0.565203 -1.258680
-2.303219 -0.565203 -0.909576
2.314831 0.000000 -1.045543
2.133146 0.000000 -1.378872
2.133146 0.000000 -1.378872
2.133146 0.000000 -1.378872
1.903810 0.000000 -1.681400
2.133146 0.000000 -1.378872
2.444806 0.000000 -0.688857
2.314831 0.000000 -1.045543
2.444806 0.000000 -0.688857
2.520168 0.000000 -0.316784
2.444806 0.000000 -0.688857
2.444806 0.000000 -0.688857
0.869632 0.000000 2.386491
1.215607 0.000000 2.230224
1.215607 0.000000 2.230224
1.215607 0.000000 2.230224
1.534427 0.000000 2.024138
1.215607 0.000000 2.230224
0.985741 0.000000 -2.340922
0.625835 0.000000 -2.461693
0.625835 0.000000 -2.461693
0.625835 0.000000 -2.461693
0.251949 -0.000000 -2.527473
0.625835 0.000000 -2.461693
0.127566 0.000000 2.536795
0.504230 0.000000 2.489448
0.504230 0.000000 2.489448
0.504230 0.000000 2.489448
0.869632 0.000000 2.386491
0.504230 0.000000 2.489448
2.408041 0.000000 0.808048
2.501578 0.000000 0.440123
2.408041 0.000000 0.808048
2.260711 0.000000 1.157922
2.408041 0.000000 0.808048
2.408041 0.000000 0.808048
1.215607 0.000000 2.230224
1.534427 0.000000 2.024138
1.534427 0.000000 2.024138
1.534427 0.000000 2.024138
1.818971 0.000000 1.772835
1.534427 0.000000 2.024138
-2.260711 -0.000000 -1.157922
-2.408041 -0.000000 -0.808048
-2.408041 -0.000000 -0.808048
-2.408041 -0.000000 -0.808048
-2.501578 -0.000000 -0.440123
-2.408041 -0.000000 -0.808048
-0.251949 0.000000 2.527473
0.127566 0.000000 2.536795
-0.251949 0.000000 2.527473
-0.625835 -0.000000 2.461693
-0.251949 0.000000 2.527473
-0.251949 0.000000 2.527473
-2.501578 -0.000000 -0.440123
-2.539234 -0.000000 -0.062366
-2.501578 -0.000000 -0.440123
-2.408041 -0.000000 -0.808048
-2.501578 -0.000000 -0.440123
-2.501578 -0.000000 -0.440123
-2.539234 -0.000000 -0.062366
-2.520168 -0.000000 0.316784
-2.520168 -0.000000 0.316784
-2.520168 -0.000000 0.316784
-2.444806 -0.000000 0.688857
-2.520168 -0.000000 0.316784
-0.127566 -0.000000 -2.536795
-0.504230 -0.000000 -2.489448
-0.127566 -0.000000 -2.536795
0.251949 -0.000000 -2.527473
-0.127566 -0.000000 -2.536795
-0.127566 -0.000000 -2.536795
-1.534427 -0.000000 -2.024138
-1.818971 -0.000000 -1.772835
-1.818971 -0.000000 -1.772835
-1.818971 -0.000000 -1.772835
-2.062882 -0.000000 -1.481931
-1.818971 -0.000000 -1.772835
-1.215607 -0.000000 -2.230224
-1.534427 -0.000000 -2.024138
-1.215607 -0.000000 -2.230224
-0.869632 -0.000000 -2.386491
-1.215607 -0.000000 -2.230224
-1.215607 -0.000000 -2.230224
-2.539234 -0.000000 -0.062366
-2.520168 -0.000000 0.316784
-2.539234 -0.000000 -0.062366
-2.501578 -0.000000 -0.440123
-2.539234 -0.000000 -0.062366
-2.539234 -0.000000 -0.062366
-1.534427 -0.000000 -2.024138
-1.818971 -0.000000 -1.772835
-1.534427 -0.000000 -2.024138
-1.215607 -0.000000 -2.230224
-1.534427 -0.000000 -2.024138
-1.534427 -0.000000 -2.024138
1.818971 0.000000 1.772835
2.062882 0.000000 1.481931
1.818971 0.000000 1.772835
1.534427 0.000000 2.024138
1.818971 0.000000 1.772835
1.818971 0.000000 1.772835
2.062882 0.000000 1.481931
2.260711 0.000000 1.157922
2.062882 0.000000 1.481931
1.818971 0.000000 1.772835
2.062882 0.000000 1.481931
2.062882 0.000000 1.481931
-2.260711 -0.000000 -1.157922
-2.408041 -0.000000 -0.808048
-2.260711 -0.000000 -1.157922
-2.062882 -0.000000 -1.481931
-2.260711 -0.000000 -1.157922
-2.260711 -0.000000 -1.157922
2.062882 0.000000 1.481931
2.260711 0.000000 1.157922
2.260711 0.000000 1.157922
2.260711 0.000000 1.157922
2.408041 0.000000 0.808048
2.260711 0.000000 1.157922
-1.323628 -0.000000 2.167858
-0.985741 -0.000000 2.340922
-1.323628 -0.000000 2.167858
-1.631946 -0.000000 1.946369
-1.323628 -0.000000 2.167858
-1.323628 -0.000000 2.167858
-0.000000 2.540000 -0.000000
-0.000000 2.540000 -0.000000
-0.000000 2.540000 -0.000000
-0.000000 2.540000 -0.000000
-0.000000 2.540000 -0.000000
-0.000000 2.540000 -0.000000
0.932967 0.000000 -2.362450
0.551912 0.000000 -2.479313
0.932967 0.000000 -2.362450
-0.000000 2.540000 -0.000000
-0.000000 2.540000 -0.000000
-0.000000 2.540000 -0.000000
0.849741 -1.985852 1.336388
0.630222 -1.985852 1.452864
1.328708 -0.565203 2.089660
1.221118 -1.985852 1.008396
1.048336 -1.985852 1.187006
1.639244 -0.565203 1.856078
-0.000000 2.540000 -0.000000
-0.000000 2.540000 -0.000000
-0.000000 2.540000 -0.000000
-0.000000 2.540000 -0.000000
-0.000000 2.540000 -0.000000
-0.000000 2.540000 -0.000000
1.715274 1.102065 -1.514889
1.931137 1.102065 -1.227911
0.929986 2.288461 -0.591331
-2.143400 -0.000000 1.362878
-1.903810 0.000000 1.681400
-1.488459 1.583664 1.314572
-0.000000 2.540000 -0.000000
-0.000000 2.540000 -0.000000
-0.000000 2.540000 -0.000000
-0.000000 2.540000 -0.000000
-0.000000 2.540000 -0.000000
-0.000000 2.540000 -0.000000
-0.000000 2.540000 -0.000000
-0.000000 2.540000 -0.000000
-0.000000 2.540000 -0.000000
-0.000000 2.540000 -0.000000
-0.000000 2.540000 -0.000000
-0.000000 2.540000 -0.000000
-0.000000 2.540000 -0.000000
-0.000000 2.540000 -0.000000
-0.000000 2.540000 -0.000000
1.938405 1.583664 0.431502
0.551699 2.476317 0.122812
1.847038 1.583664 0.729423
-0.188617 1.583664 -1.976874
-0.495546 1.583664 -1.923029
-0.053683 2.476317 -0.562648
-0.000000 2.540000 -0.000000
-0.000000 2.540000 -0.000000
-0.000000 2.540000 -0.000000
-0.000000 2.540000 -0.000000
-0.000000 2.540000 -0.000000
-0.000000 2.540000 -0.000000
-0.000000 2.540000 -0.000000
-0.000000 2.540000 -0.000000
-0.000000 2.540000 -0.000000
-0.153324 -0.565203 2.471566
-0.344112 -1.985852 1.545826
-0.538075 -0.565203 2.417151
-0.344112 -1.985852 1.545826
-0.581696 -1.985852 1.472964
-0.538075 -0.565203 2.417151
-1.631946 -0.000000 1.946369
-1.631946 -0.000000 1.946369
-1.903810 -0.000000 1.681400
-1.631946 -0.000000 1.946369
-1.323628 -0.000000 2.167858
-1.631946 -0.000000 1.946369
-0.000000 2.540000 -0.000000
-0.000000 2.540000 -0.000000
-0.000000 2.540000 -0.000000
-0.000000 2.540000 -0.000000
-0.000000 2.540000 -0.000000
-0.000000 2.540000 -0.000000
-0.000000 2.540000 -0.000000
-0.000000 2.540000 -0.000000
-0.000000 2.540000 -0.000000
1.617342 0.000000 -1.958521
1.617342 0.000000 -1.958521
1.291050 0.000000 -2.187417
-0.000000 2.540000 -0.000000
-0.000000 2.540000 -0.000000
-0.000000 2.540000 -0.000000
-0.000000 2.540000 -0.000000
-0.000000 2.540000 -0.000000
-0.000000 2.540000 -0.000000
-0.000000 2.540000 -0.000000
-0.000000 2.540000 -0.000000
-0.000000 2.540000 -0.000000
-0.000000 2.540000 -0.000000
-0.000000 2.540000 -0.000000
-0.000000 2.540000 -0.000000
-0.000000 2.540000 -0.000000
-0.000000 2.540000 -0.000000
-0.000000 2.540000 -0.000000
-0.000000 2.540000 -0.000000
-0.000000 2.540000 -0.000000
-0.000000 2.540000 -0.000000
-0.000000 2.540000 -0.000000
-0.000000 2.540000 -0.000000
-0.000000 2.540000 -0.000000
-1.847038 1.583664 -0.729423
-1.710191 1.583664 -1.009383
-2.187417 0.000000 -1.291050
0.581696 -1.985852 -1.472964
1.258680 -0.565203 -2.132573
0.909576 -0.565203 -2.303219
0.804956 -1.985852 -1.363832
1.008396 -1.985852 -1.221118
1.258680 -0.565203 -2.132573
-0.000000 2.540000 -0.000000
-0.000000 2.540000 -0.000000
-0.000000 2.540000 -0.000000
-0.000000 2.540000 -0.000000
-0.000000 2.540000 -0.000000
-0.000000 2.540000 -0.000000
0.098055 -1.985852 -1.580626
0.153324 -0.565203 -2.471566
-0.150417 -1.985852 -1.576505
0.098055 -1.985852 -1.580626
0.344112 -1.985852 -1.545826
0.153324 -0.565203 -2.471566
-0.000000 2.540000 -0.000000
-0.000000 2.540000 -0.000000
-0.000000 2.540000 -0.000000
-0.000000 2.540000 -0.000000
-0.000000 2.540000 -0.000000
-0.000000 2.540000 -0.000000
1.362878 0.000000 2.143400
1.681400 0.000000 1.903810
1.314572 1.583664 1.488459
-0.000000 2.540000 -0.000000
-0.000000 2.540000 -0.000000
-0.000000 2.540000 -0.000000
0.104674 2.288461 1.097082
0.217359 1.102065 2.278115
-0.068236 2.288461 1.099950
0.571058 1.102065 2.216065
0.617936 -0.565203 2.397979
0.217359 1.102065 2.278115
1.533565 -1.985852 -0.395185
2.397979 -0.565203 -0.617936
1.452864 -1.985852 -0.630222
1.452864 -1.985852 -0.630222
2.271789 -0.565203 -0.985454
1.336388 -1.985852 -0.849741
-0.000000 2.540000 -0.000000
-0.000000 2.540000 -0.000000
-0.000000 2.540000 -0.000000
-0.000000 2.540000 -0.000000
-0.000000 2.540000 -0.000000
-0.000000 2.540000 -0.000000
-0.985741 -0.000000 2.340922
-0.625835 -0.000000 2.461693
-0.625835 -0.000000 2.461693
-0.625835 -0.000000 2.461693
-0.251949 0.000000 2.527473
-0.625835 -0.000000 2.461693
-0.127566 -0.000000 -2.536795
-0.504230 -0.000000 -2.489448
-0.504230 -0.000000 -2.489448
-0.504230 -0.000000 -2.489448
-0.869632 -0.000000 -2.386491
-0.504230 -0.000000 -2.489448
-1.328708 -0.565203 -2.089660
-0.630222 -1.985852 -1.452864
-0.985454 -0.565203 -2.271789
-0.395185 -1.985852 -1.533565
-0.617936 -0.565203 -2.397979
-0.630222 -1.985852 -1.452864
1.958521 0.000000 1.617342
1.958521 0.000000 1.617342
2.187417 0.000000 1.291050
-0.000000 2.540000 -0.000000
-0.000000 2.540000 -0.000000
-0.000000 2.540000 -0.000000
2.535127 -0.000000 0.157267
1.976874 1.583664 -0.188617
1.982042 1.583664 0.122957
2.479313 -0.000000 0.551912
2.535127 -0.000000 0.157267
1.982042 1.583664 0.122957
-1.982042 1.583664 -0.122957
-2.479313 0.000000 -0.551912
-2.535127 0.000000 -0.157267
-1.976874 1.583664 0.188617
-1.982042 1.583664 -0.122957
-2.535127 0.000000 -0.157267
-0.000000 2.540000 -0.000000
-0.000000 2.540000 -0.000000
-0.000000 2.540000 -0.000000
-0.000000 2.540000 -0.000000
-0.000000 2.540000 -0.000000
-0.000000 2.540000 -0.000000
-0.000000 2.540000 -0.000000
-0.000000 2.540000 -0.000000
-0.000000 2.540000 -0.000000
-0.000000 2.540000 -0.000000
-0.000000 2.540000 -0.000000
-0.000000 2.540000 -0.000000
-1.336388 -1.985852 0.849741
-1.452864 -1.985852 0.630222
-2.089660 -0.565203 1.328708
-1.008396 -1.985852 1.221118
-1.187006 -1.985852 1.048336
-1.856078 -0.565203 1.639244
-0.000000 2.540000 -0.000000
-0.000000 2.540000 -0.000000
-0.000000 2.540000 -0.000000
-0.000000 2.540000 -0.000000
-0.000000 2.540000 -0.000000
-0.000000 2.540000 -0.000000
-1.681400 -0.000000 -1.903810
-1.531233 1.583664 -1.264489
-1.314572 1.583664 -1.488459
-1.362878 -0.000000 -2.143400
-1.681400 -0.000000 -1.903810
-1.314572 1.583664 -1.488459
2.187417 -0.000000 1.291050
1.847038 1.583664 0.729423
1.710191 1.583664 1.009383
1.958521 0.000000 1.617342
2.187417 -0.000000 1.291050
1.531233 1.583664 1.264489
-1.221118 -1.985852 -1.008396
-1.048336 -1.985852 -1.187006
-1.639244 -0.565203 -1.856078
-0.849741 -1.985852 -1.336388
-0.630222 -1.985852 -1.452864
-1.328708 -0.565203 -2.089660
1.976874 1.583664 -0.188617
2.535127 -0.000000 0.157267
2.528517 0.000000 -0.241250
1.923029 1.583664 -0.495546
1.976874 1.583664 -0.188617
2.528517 0.000000 -0.241250
2.303219 -0.565203 0.909576
2.132573 -0.565203 1.258680
1.970794 1.102065 1.163195
1.075734 2.288461 0.239466
2.233784 1.102065 0.497256
1.025029 2.288461 0.404799
-1.075734 2.288461 -0.239466
-2.233784 1.102065 -0.497256
-1.025029 2.288461 -0.404799
-2.303219 -0.565203 -0.909576
-2.132573 -0.565203 -1.258680
-1.970794 1.102065 -1.163195
-0.431502 1.583664 1.938405
-0.122812 2.476317 0.551699
-0.729423 1.583664 1.847038
-0.034995 2.476317 0.564119
-0.122812 2.476317 0.551699
-0.431502 1.583664 1.938405
-1.291050 -0.000000 2.187417
-0.932967 -0.000000 2.362450
-1.291050 -0.000000 2.187417
-0.000000 2.540000 -0.000000
-0.000000 2.540000 -0.000000
-0.000000 2.540000 -0.000000
1.580626 -1.985852 0.098055
1.545826 -1.985852 0.344112
2.471566 -0.565203 0.153324
2.471566 -0.565203 0.153324
1.545826 -1.985852 0.344112
2.417151 -0.565203 0.538075
1.291050 -0.000000 -2.187417
1.009383 1.583664 -1.710191
1.617342 0.000000 -1.958521
0.729423 1.583664 -1.847038
1.009383 1.583664 -1.710191
1.291050 -0.000000 -2.187417
1.008396 -1.985852 -1.221118
1.187006 -1.985852 -1.048336
1.856078 -0.565203 -1.639244
1.008396 -1.985852 -1.221118
1.856078 -0.565203 -1.639244
1.576792 -0.565203 -1.909417
0.495546 1.583664 1.923029
0.790273 1.583664 1.821833
0.141040 2.476317 0.547323
1.065541 1.583664 1.675778
1.010797 0.000000 2.330212
1.362878 0.000000 2.143400
-1.008396 -1.985852 1.221118
-1.576792 -0.565203 1.909417
-0.804956 -1.985852 1.363832
-1.008396 -1.985852 1.221118
-1.856078 -0.565203 1.639244
-1.576792 -0.565203 1.909417
-1.580626 -1.985852 -0.098055
-2.471566 -0.565203 -0.153324
-1.576505 -1.985852 0.150417
-1.576505 -1.985852 0.150417
-2.465122 -0.565203 0.235201
-1.533565 -1.985852 0.395185
-1.923029 1.583664 0.495546
-1.821833 1.583664 0.790273
-0.547323 2.476317 0.141040
-1.976874 1.583664 0.188617
-1.923029 1.583664 0.495546
-0.562648 2.476317 0.053683
0.188617 1.583664 1.976874
0.495546 1.583664 1.923029
0.053683 2.476317 0.562648
-0.157267 0.000000 2.535127
0.188617 1.583664 1.976874
-0.122957 1.583664 1.982042
0.157267 -0.000000 -2.535127
-0.188617 1.583664 -1.976874
0.122957 1.583664 -1.982042
0.551912 -0.000000 -2.479313
0.157267 -0.000000 -2.535127
0.122957 1.583664 -1.982042
-1.065541 1.583664 -1.675778
-1.010797 -0.000000 -2.330212
-1.362878 -0.000000 -2.143400
-1.065541 1.583664 -1.675778
-1.362878 -0.000000 -2.143400
-1.314572 1.583664 -1.488459
-1.488459 1.583664 1.314572
-1.675778 1.583664 1.065541
-2.143400 -0.000000 1.362878
-1.675778 1.583664 1.065541
-2.330212 -0.000000 1.010797
-2.143400 -0.000000 1.362878
-0.849770 2.288461 -0.701738
-1.764567 1.102065 -1.457175
-0.729532 2.288461 -0.826032
1.681400 0.000000 1.903810
1.531233 1.583664 1.264489
1.314572 1.583664 1.488459
-1.221118 -1.985852 -1.008396
-1.909417 -0.565203 -1.576792
-1.363832 -1.985852 -0.804956
-1.221118 -1.985852 -1.008396
-1.639244 -0.565203 -1.856078
-1.909417 -0.565203 -1.576792
1.363832 -1.985852 0.804956
1.221118 -1.985852 1.008396
2.132573 -0.565203 1.258680
1.221118 -1.985852 1.008396
1.639244 -0.565203 1.856078
1.909417 -0.565203 1.576792
-2.187417 0.000000 -1.291050
-1.710191 1.583664 -1.009383
-1.958521 -0.000000 -1.617342
-1.531233 1.583664 -1.264489
-1.681400 -0.000000 -1.903810
-1.958521 -0.000000 -1.617342
-1.903810 0.000000 1.681400
-1.264489 1.583664 1.531233
-1.488459 1.583664 1.314572
0.560165 2.288461 -0.949084
1.163195 1.102065 -1.970794
0.701738 2.288461 -0.849770
-1.099950 2.288461 -0.068236
0.562648 2.476317 -0.053683
-1.097082 2.288461 0.104674
0.518521 2.476317 -0.224924
0.547323 2.476317 -0.141040
1.923029 1.583664 -0.495546
-1.291050 0.000000 2.187417
-1.009383 1.583664 1.710191
-1.617342 -0.000000 1.958521
-0.729423 1.583664 1.847038
-1.009383 1.583664 1.710191
-1.291050 0.000000 2.187417
0.153324 -0.565203 -2.471566
0.344112 -1.985852 -1.545826
0.538075 -0.565203 -2.417151
0.497256 1.102065 -2.233784
0.068236 2.288461 -1.099950
0.141693 1.102065 -2.284070
1.009383 1.583664 -1.710191
1.264489 1.583664 -1.531233
1.617342 0.000000 -1.958521
-0.560165 2.288461 0.949084
-1.163195 1.102065 1.970794
-0.701738 2.288461 0.849770
-0.034995 2.476317 0.564119
0.068236 2.288461 -1.099950
-0.122812 2.476317 0.551699
0.239466 2.288461 -1.075734
0.068236 2.288461 -1.099950
0.497256 1.102065 -2.233784
1.227911 1.102065 1.931137
0.910697 1.102065 2.099449
0.438568 2.288461 1.011041
1.328708 -0.565203 2.089660
0.630222 -1.985852 1.452864
0.985454 -0.565203 2.271789
0.000000 -2.540000 0.000000
0.000000 -2.540000 0.000000
-0.150417 -1.985852 -1.576505
0.000000 -2.540000 0.000000
0.000000 -2.540000 0.000000
-0.395185 -1.985852 -1.533565
-1.576792 -0.565203 1.909417
-1.258680 -0.565203 2.132573
-0.804956 -1.985852 1.363832
-1.457175 1.102065 1.764567
-1.163195 1.102065 1.970794
-1.576792 -0.565203 1.909417
0.000000 -2.540000 0.000000
0.630222 -1.985852 1.452864
0.000000 -2.540000 0.000000
0.235201 -0.565203 2.465122
0.617936 -0.565203 2.397979
0.395185 -1.985852 1.533565
0.000000 -2.540000 -0.000000
-1.452864 -1.985852 0.630222
0.000000 -2.540000 0.000000
-2.465122 -0.565203 0.235201
-2.397979 -0.565203 0.617936
-1.533565 -1.985852 0.395185
-0.826032 2.288461 0.729532
-1.715274 1.102065 1.514889
-0.929986 2.288461 0.591331
0.518521 2.476317 -0.224924
0.476951 2.476317 -0.303269
-1.011041 2.288461 0.438568
-1.514889 1.102065 -1.715274
-1.639244 -0.565203 -1.856078
-1.227911 1.102065 -1.931137
-1.639244 -0.565203 -1.856078
-0.849741 -1.985852 -1.336388
-1.328708 -0.565203 -2.089660
-0.486746 2.476317 -0.287286
-0.525695 2.476317 -0.207605
0.949084 2.288461 0.560165
1.025029 2.288461 0.404799
-0.551699 2.476317 -0.122812
1.075734 2.288461 0.239466
-2.417151 -0.565203 -0.538075
-1.472964 -1.985852 -0.581696
-2.303219 -0.565203 -0.909576
-2.233784 1.102065 -0.497256
-2.128494 1.102065 -0.840575
-1.025029 2.288461 -0.404799
0.217359 1.102065 2.278115
-0.141693 1.102065 2.284070
-0.068236 2.288461 1.099950
0.235201 -0.565203 2.465122
-0.098055 -1.985852 1.580626
-0.153324 -0.565203 2.471566
-0.729532 2.288461 -0.826032
-0.591331 2.288461 -0.929986
0.303269 2.476317 0.476951
0.790273 1.583664 1.821833
0.303269 2.476317 0.476951
0.224924 2.476317 0.518521
0.564119 2.476317 0.034995
0.562648 2.476317 -0.053683
-1.099950 2.288461 -0.068236
-1.075734 2.288461 -0.239466
-1.099950 2.288461 -0.068236
-2.233784 1.102065 -0.497256
1.075734 2.288461 0.239466
1.099950 2.288461 0.068236
2.233784 1.102065 0.497256
-0.564119 2.476317 -0.034995
-0.562648 2.476317 0.053683
1.099950 2.288461 0.068236
-2.089660 -0.565203 1.328708
-1.452864 -1.985852 0.630222
-2.271789 -0.565203 0.985454
-1.931137 1.102065 1.227911
-2.089660 -0.565203 1.328708
-2.099449 1.102065 0.910697
-0.053683 2.476317 -0.562648
-0.141040 2.476317 -0.547323
0.104674 2.288461 1.097082
0.275007 2.288461 1.067201
-0.224924 2.476317 -0.518521
0.438568 2.288461 1.011041
2.397979 -0.565203 -0.617936
2.271789 -0.565203 -0.985454
1.452864 -1.985852 -0.630222
2.099449 1.102065 -0.910697
2.216065 1.102065 -0.571058
1.067201 2.288461 -0.275007
0.497256 1.102065 -2.233784
0.840575 1.102065 -2.128494
0.404799 2.288461 -1.025029
0.538075 -0.565203 -2.417151
0.581696 -1.985852 -1.472964
0.909576 -0.565203 -2.303219
-0.538075 -0.565203 2.417151
-0.581696 -1.985852 1.472964
-0.909576 -0.565203 2.303219
-0.497256 1.102065 2.233784
-0.840575 1.102065 2.128494
-0.404799 2.288461 1.025029
2.417151 -0.565203 0.538075
1.472964 -1.985852 0.581696
2.303219 -0.565203 0.909576
2.233784 1.102065 0.497256
2.128494 1.102065 0.840575
1.025029 2.288461 0.404799
-0.617936 -0.565203 -2.397979
-0.985454 -0.565203 -2.271789
-0.630222 -1.985852 -1.452864
-0.910697 1.102065 -2.099449
-0.571058 1.102065 -2.216065
-0.275007 2.288461 -1.067201
-1.025029 2.288461 -0.404799
0.551699 2.476317 0.122812
-1.075734 2.288461 -0.239466
0.525695 2.476317 0.207605
0.551699 2.476317 0.122812
-1.025029 2.288461 -0.404799
1.514889 1.102065 1.715274
1.639244 -0.565203 1.856078
1.227911 1.102065 1.931137
1.639244 -0.565203 1.856078
0.849741 -1.985852 1.336388
1.328708 -0.565203 2.089660
-0.932967 -0.000000 2.362450
-0.932967 -0.000000 2.362450
-1.291050 -0.000000 2.187417
0.000000 -2.540000 0.000000
-0.581696 -1.985852 1.472964
0.000000 -2.540000 0.000000
-1.067201 2.288461 0.275007
0.518521 2.476317 -0.224924
-1.011041 2.288461 0.438568
0.547323 2.476317 -0.141040
0.518521 2.476317 -0.224924
-1.067201 2.288461 0.275007
2.278115 1.102065 -0.217359
2.465122 -0.565203 -0.235201
2.284070 1.102065 0.141693
2.471566 -0.565203 0.153324
2.465122 -0.565203 -0.235201
1.576505 -1.985852 -0.150417
1.715274 1.102065 -1.514889
1.856078 -0.565203 -1.639244
1.931137 1.102065 -1.227911
1.856078 -0.565203 -1.639244
1.336388 -1.985852 -0.849741
2.089660 -0.565203 -1.328708
0.932967 0.000000 -2.362450
0.932967 0.000000 -2.362450
1.291050 0.000000 -2.187417
0.344112 -1.985852 -1.545826
0.581696 -1.985852 -1.472964
0.538075 -0.565203 -2.417151
1.514889 1.102065 1.715274
1.764567 1.102065 1.457175
1.639244 -0.565203 1.856078
-0.374147 2.476317 -0.423638
-0.435812 2.476317 -0.359892
0.849770 2.288461 0.701738
0.034995 2.476317 -0.564119
0.122812 2.476317 -0.551699
0.431502 1.583664 -1.938405
-0.068236 2.288461 1.099950
-0.053683 2.476317 -0.562648
0.104674 2.288461 1.097082
-2.362450 -0.000000 -0.932967
-2.187417 -0.000000 -1.291050
-2.362450 -0.000000 -0.932967
0.000000 -2.540000 0.000000
-1.472964 -1.985852 -0.581696
0.000000 -2.540000 0.000000
-0.359892 2.476317 0.435812
0.701738 2.288461 -0.849770
-0.423638 2.476317 0.374147
1.715274 1.102065 -1.514889
1.457175 1.102065 -1.764567
1.856078 -0.565203 -1.639244
0.374147 2.476317 0.423638
0.435812 2.476317 0.359892
-0.849770 2.288461 -0.701738
1.531233 1.583664 1.264489
2.187417 -0.000000 1.291050
1.710191 1.583664 1.009383
-2.278115 1.102065 0.217359
-2.465122 -0.565203 0.235201
-2.284070 1.102065 -0.141693
-2.471566 -0.565203 -0.153324
-2.465122 -0.565203 0.235201
-1.576505 -1.985852 0.150417
1.457175 1.102065 -1.764567
1.163195 1.102065 -1.970794
1.576792 -0.565203 -1.909417
0.909576 -0.565203 -2.303219
1.258680 -0.565203 -2.132573
1.163195 1.102065 -1.970794
0.000000 -2.540000 0.000000
1.472964 -1.985852 0.581696
0.000000 -2.540000 0.000000
2.362450 0.000000 0.932967
2.187417 0.000000 1.291050
2.362450 0.000000 0.932967
0.423638 2.476317 -0.374147
0.359892 2.476317 -0.435812
-0.701738 2.288461 0.849770
0.359892 2.476317 -0.435812
0.287286 2.476317 -0.486746
-0.701738 2.288461 0.849770
-0.275007 2.288461 -1.067201
-0.571058 1.102065 -2.216065
-0.104674 2.288461 -1.097082
-0.122957 1.583664 1.982042
0.188617 1.583664 1.976874
0.053683 2.476317 0.562648
1.099950 2.288461 0.068236
-0.562648 2.476317 0.053683
1.097082 2.288461 -0.104674
1.067201 2.288461 -0.275007
-0.518521 2.476317 0.224924
1.011041 2.288461 -0.438568
-2.128494 1.102065 -0.840575
-1.970794 1.102065 -1.163195
-0.949084 2.288461 -0.560165
-0.949084 2.288461 -0.560165
-1.970794 1.102065 -1.163195
-0.849770 2.288461 -0.701738
0.949084 2.288461 0.560165
1.970794 1.102065 1.163195
0.849770 2.288461 0.701738
1.970794 1.102065 1.163195
1.025029 2.288461 0.404799
2.128494 1.102065 0.840575
-1.576792 -0.565203 1.909417
-1.856078 -0.565203 1.639244
-1.715274 1.102065 1.514889
-1.457175 1.102065 1.764567
-1.576792 -0.565203 1.909417
-1.715274 1.102065 1.514889
-0.303269 2.476317 -0.476951
0.729532 2.288461 0.826032
0.591331 2.288461 0.929986
-0.224924 2.476317 -0.518521
-0.303269 2.476317 -0.476951
0.438568 2.288461 1.011041
-0.476951 2.476317 0.303269
0.826032 2.288461 -0.729532
0.929986 2.288461 -0.591331
-0.518521 2.476317 0.224924
-0.476951 2.476317 0.303269
1.011041 2.288461 -0.438568
0.153324 -0.565203 -2.471566
-0.235201 -0.565203 -2.465122
-0.150417 -1.985852 -1.576505
-0.235201 -0.565203 -2.465122
-0.617936 -0.565203 -2.397979
-0.395185 -1.985852 -1.533565
0.207605 2.476317 -0.525695
0.122812 2.476317 -0.551699
-0.404799 2.288461 1.025029
-0.701738 2.288461 0.849770
0.287286 2.476317 -0.486746
-0.560165 2.288461 0.949084
0.068236 2.288461 -1.099950
0.239466 2.288461 -1.075734
-0.122812 2.476317 0.551699
-0.207605 2.476317 0.525695
0.404799 2.288461 -1.025029
-0.287286 2.476317 0.486746
-0.438568 2.288461 -1.011041
-0.275007 2.288461 -1.067201
0.141040 2.476317 0.547323
0.303269 2.476317 0.476951
-0.591331 2.288461 -0.929986
0.224924 2.476317 0.518521
0.000000 -2.540000 0.000000
-0.344112 -1.985852 1.545826
0.000000 -2.540000 0.000000
-0.581696 -1.985852 1.472964
-0.344112 -1.985852 1.545826
0.000000 -2.540000 0.000000
0.000000 -2.540000 0.000000
0.000000 -2.540000 0.000000
-1.048336 -1.985852 -1.187006
0.000000 -2.540000 0.000000
0.000000 -2.540000 0.000000
-1.048336 -1.985852 -1.187006
0.000000 -2.540000 0.000000
1.336388 -1.985852 -0.849741
0.000000 -2.540000 0.000000
0.000000 -2.540000 0.000000
1.187006 -1.985852 -1.048336
0.000000 -2.540000 0.000000
0.000000 -2.540000 0.000000
-1.336388 -1.985852 0.849741
0.000000 -2.540000 0.000000
0.000000 -2.540000 0.000000
-1.187006 -1.985852 1.048336
0.000000 -2.540000 0.000000
0.000000 -2.540000 0.000000
1.048336 -1.985852 1.187006
0.000000 -2.540000 -0.000000
0.000000 -2.540000 0.000000
0.849741 -1.985852 1.336388
0.000000 -2.540000 0.000000
0.910697 1.102065 2.099449
0.571058 1.102065 2.216065
0.275007 2.288461 1.067201
0.571058 1.102065 2.216065
0.217359 1.102065 2.278115
0.104674 2.288461 1.097082
-2.099449 1.102065 0.910697
-2.216065 1.102065 0.571058
-1.067201 2.288461 0.275007
-2.216065 1.102065 0.571058
-2.278115 1.102065 0.217359
-1.097082 2.288461 0.104674
0.122812 2.476317 -0.551699
0.034995 2.476317 -0.564119
-0.239466 2.288461 1.075734
-0.404799 2.288461 1.025029
0.122812 2.476317 -0.551699
-0.239466 2.288461 1.075734
-1.639244 -0.565203 -1.856078
-1.764567 1.102065 -1.457175
-1.909417 -0.565203 -1.576792
-1.514889 1.102065 -1.715274
-1.764567 1.102065 -1.457175
-1.639244 -0.565203 -1.856078
-0.909576 -0.565203 2.303219
-1.258680 -0.565203 2.132573
-1.163195 1.102065 1.970794
-1.576792 -0.565203 1.909417
-1.163195 1.102065 1.970794
-1.258680 -0.565203 2.132573
-2.233784 1.102065 -0.497256
-2.417151 -0.565203 -0.538075
-2.128494 1.102065 -0.840575
-2.471566 -0.565203 -0.153324
-2.417151 -0.565203 -0.538075
-2.233784 1.102065 -0.497256
1.675778 1.583664 -1.065541
2.143400 0.000000 -1.362878
1.488459 1.583664 -1.314572
0.476951 2.476317 -0.303269
-0.826032 2.288461 0.729532
-0.929986 2.288461 0.591331
1.847038 1.583664 0.729423
2.187417 -0.000000 1.291050
2.362450 0.000000 0.932967
1.938405 1.583664 0.431502
1.847038 1.583664 0.729423
2.362450 0.000000 0.932967
0.431502 1.583664 -1.938405
0.729423 1.583664 -1.847038
0.932967 0.000000 -2.362450
0.729423 1.583664 -1.847038
1.291050 -0.000000 -2.187417
0.932967 0.000000 -2.362450
-0.431502 1.583664 1.938405
-0.729423 1.583664 1.847038
-0.932967 -0.000000 2.362450
-0.729423 1.583664 1.847038
-1.291050 0.000000 2.187417
-0.932967 -0.000000 2.362450
-1.715274 1.102065 1.514889
-1.931137 1.102065 1.227911
-0.929986 2.288461 0.591331
-1.931137 1.102065 1.227911
-2.099449 1.102065 0.910697
-1.011041 2.288461 0.438568
1.970794 1.102065 1.163195
1.764567 1.102065 1.457175
0.849770 2.288461 0.701738
0.849770 2.288461 0.701738
1.764567 1.102065 1.457175
0.729532 2.288461 0.826032
-1.821833 1.583664 0.790273
-2.330212 -0.000000 1.010797
-1.675778 1.583664 1.065541
-1.923029 1.583664 0.495546
-2.330212 -0.000000 1.010797
-1.821833 1.583664 0.790273
0.790273 1.583664 1.821833
1.010797 0.000000 2.330212
1.065541 1.583664 1.675778
1.010797 0.000000 2.330212
0.790273 1.583664 1.821833
0.633827 0.000000 2.459647
-0.790273 1.583664 -1.821833
-1.010797 -0.000000 -2.330212
-1.065541 1.583664 -1.675778
-1.010797 -0.000000 -2.330212
-0.790273 1.583664 -1.821833
-0.633827 -0.000000 -2.459647
-1.938405 1.583664 -0.431502
-2.479313 0.000000 -0.551912
-1.982042 1.583664 -0.122957
-2.479313 0.000000 -0.551912
-1.938405 1.583664 -0.431502
-2.362450 -0.000000 -0.932967
2.459647 0.000000 -0.633827
1.923029 1.583664 -0.495546
2.528517 0.000000 -0.241250
1.821833 1.583664 -0.790273
1.923029 1.583664 -0.495546
2.459647 0.000000 -0.633827
-0.790273 1.583664 -1.821833
-0.495546 1.583664 -1.923029
-0.633827 -0.000000 -2.459647
-0.633827 -0.000000 -2.459647
-0.495546 1.583664 -1.923029
-0.241250 -0.000000 -2.528517
0.188617 1.583664 1.976874
0.633827 0.000000 2.459647
0.495546 1.583664 1.923029
0.790273 1.583664 1.821833
0.495546 1.583664 1.923029
0.633827 0.000000 2.459647
-2.459647 -0.000000 0.633827
-2.330212 -0.000000 1.010797
-1.923029 1.583664 0.495546
-2.459647 -0.000000 0.633827
-1.923029 1.583664 0.495546
-2.528517 -0.000000 0.241250
0.617936 -0.565203 2.397979
0.235201 -0.565203 2.465122
0.217359 1.102065 2.278115
-0.153324 -0.565203 2.471566
0.217359 1.102065 2.278115
0.235201 -0.565203 2.465122
-0.497256 1.102065 2.233784
-0.538075 -0.565203 2.417151
-0.840575 1.102065 2.128494
-0.153324 -0.565203 2.471566
-0.538075 -0.565203 2.417151
-0.497256 1.102065 2.233784
2.233784 1.102065 0.497256
2.417151 -0.565203 0.538075
2.128494 1.102065 0.840575
2.471566 -0.565203 0.153324
2.417151 -0.565203 0.538075
2.233784 1.102065 0.497256
0.153324 -0.565203 -2.471566
0.538075 -0.565203 -2.417151
0.497256 1.102065 -2.233784
0.497256 1.102065 -2.233784
0.538075 -0.565203 -2.417151
0.840575 1.102065 -2.128494
2.465122 -0.565203 -0.235201
2.216065 1.102065 -0.571058
2.397979 -0.565203 -0.617936
2.271789 -0.565203 -0.985454
2.397979 -0.565203 -0.617936
2.216065 1.102065 -0.571058
-0.985454 -0.565203 -2.271789
-0.617936 -0.565203 -2.397979
-0.571058 1.102065 -2.216065
-0.571058 1.102065 -2.216065
-0.617936 -0.565203 -2.397979
-0.217359 1.102065 -2.278115
-1.227911 1.102065 -1.931137
-1.328708 -0.565203 -2.089660
-0.910697 1.102065 -2.099449
-1.639244 -0.565203 -1.856078
-1.328708 -0.565203 -2.089660
-1.227911 1.102065 -1.931137
1.639244 -0.565203 1.856078
1.328708 -0.565203 2.089660
1.227911 1.102065 1.931137
1.227911 1.102065 1.931137
1.328708 -0.565203 2.089660
0.910697 1.102065 2.099449
2.089660 -0.565203 -1.328708
2.271789 -0.565203 -0.985454
2.099449 1.102065 -0.910697
2.099449 1.102065 -0.910697
2.271789 -0.565203 -0.985454
2.216065 1.102065 -0.571058
-0.141693 1.102065 2.284070
0.217359 1.102065 2.278115
-0.153324 -0.565203 2.471566
-0.141693 1.102065 2.284070
-0.153324 -0.565203 2.471566
-0.497256 1.102065 2.233784
1.976874 1.583664 -0.188617
0.562648 2.476317 -0.053683
1.982042 1.583664 0.122957
1.923029 1.583664 -0.495546
0.547323 2.476317 -0.141040
1.976874 1.583664 -0.188617
-2.397979 -0.565203 0.617936
-2.271789 -0.565203 0.985454
-1.452864 -1.985852 0.630222
-1.533565 -1.985852 0.395185
-2.397979 -0.565203 0.617936
-1.452864 -1.985852 0.630222
0.617936 -0.565203 2.397979
0.985454 -0.565203 2.271789
0.630222 -1.985852 1.452864
0.395185 -1.985852 1.533565
0.617936 -0.565203 2.397979
0.630222 -1.985852 1.452864
-2.089660 -0.565203 1.328708
-1.715274 1.102065 1.514889
-1.856078 -0.565203 1.639244
-1.856078 -0.565203 1.639244
-1.336388 -1.985852 0.849741
-2.089660 -0.565203 1.328708
1.576792 -0.565203 -1.909417
1.163195 1.102065 -1.970794
1.258680 -0.565203 -2.132573
1.258680 -0.565203 -2.132573
1.008396 -1.985852 -1.221118
1.576792 -0.565203 -1.909417
-1.909417 -0.565203 -1.576792
-2.132573 -0.565203 -1.258680
-1.363832 -1.985852 -0.804956
-1.909417 -0.565203 -1.576792
-1.970794 1.102065 -1.163195
-2.132573 -0.565203 -1.258680
2.132573 -0.565203 1.258680
1.909417 -0.565203 1.576792
1.764567 1.102065 1.457175
2.132573 -0.565203 1.258680
1.221118 -1.985852 1.008396
1.909417 -0.565203 1.576792
-0.849770 2.288461 -0.701738
0.486746 2.476317 0.287286
-0.949084 2.288461 -0.560165
0.435812 2.476317 0.359892
0.486746 2.476317 0.287286
-0.849770 2.288461 -0.701738
-0.217359 1.102065 -2.278115
0.141693 1.102065 -2.284070
0.068236 2.288461 -1.099950
-0.104674 2.288461 -1.097082
-0.217359 1.102065 -2.278115
0.068236 2.288461 -1.099950
-2.278115 1.102065 0.217359
-2.284070 1.102065 -0.141693
-1.099950 2.288461 -0.068236
-1.097082 2.288461 0.104674
-2.278115 1.102065 0.217359
-1.099950 2.288461 -0.068236
-0.630222 -1.985852 -1.452864
0.000000 -2.540000 0.000000
-0.395185 -1.985852 -1.533565
0.000000 -2.540000 0.000000
0.000000 -2.540000 0.000000
-0.630222 -1.985852 -1.452864
1.545826 -1.985852 0.344112
1.580626 -1.985852 0.098055
0.000000 -2.540000 0.000000
0.000000 -2.540000 0.000000
1.545826 -1.985852 0.344112
0.000000 -2.540000 0.000000
-0.188617 1.583664 -1.976874
0.157267 -0.000000 -2.535127
-0.241250 -0.000000 -2.528517
-0.495546 1.583664 -1.923029
-0.188617 1.583664 -1.976874
-0.241250 -0.000000 -2.528517
0.241250 0.000000 2.528517
0.633827 0.000000 2.459647
0.188617 1.583664 1.976874
0.188617 1.583664 1.976874
-0.157267 0.000000 2.535127
0.241250 0.000000 2.528517
-1.923029 1.583664 0.495546
-1.976874 1.583664 0.188617
-2.528517 -0.000000 0.241250
-1.976874 1.583664 0.188617
-2.535127 0.000000 -0.157267
-2.528517 -0.000000 0.241250
-1.938405 1.583664 -0.431502
-1.847038 1.583664 -0.729423
-2.362450 -0.000000 -0.932967
-1.847038 1.583664 -0.729423
-2.187417 0.000000 -1.291050
-2.362450 -0.000000 -0.932967
1.097082 2.288461 -0.104674
2.278115 1.102065 -0.217359
1.099950 2.288461 0.068236
2.278115 1.102065 -0.217359
2.284070 1.102065 0.141693
1.099950 2.288461 0.068236
0.701738 2.288461 -0.849770
1.457175 1.102065 -1.764567
0.826032 2.288461 -0.729532
1.163195 1.102065 -1.970794
1.457175 1.102065 -1.764567
0.701738 2.288461 -0.849770
1.821833 1.583664 -0.790273
2.330212 0.000000 -1.010797
1.675778 1.583664 -1.065541
2.330212 0.000000 -1.010797
1.821833 1.583664 -0.790273
2.459647 0.000000 -0.633827
2.479313 -0.000000 0.551912
1.938405 1.583664 0.431502
2.362450 0.000000 0.932967
1.938405 1.583664 0.431502
2.479313 -0.000000 0.551912
1.982042 1.583664 0.122957
-0.551912 0.000000 2.479313
-0.431502 1.583664 1.938405
-0.932967 -0.000000 2.362450
-0.431502 1.583664 1.938405
-0.551912 0.000000 2.479313
-0.122957 1.583664 1.982042
0.431502 1.583664 -1.938405
0.551912 -0.000000 -2.479313
0.122957 1.583664 -1.982042
0.551912 -0.000000 -2.479313
0.431502 1.583664 -1.938405
0.932967 0.000000 -2.362450
-2.284070 1.102065 -0.141693
-2.471566 -0.565203 -0.153324
-2.233784 1.102065 -0.497256
-2.465122 -0.565203 0.235201
-2.471566 -0.565203 -0.153324
-2.284070 1.102065 -0.141693
2.465122 -0.565203 -0.235201
2.471566 -0.565203 0.153324
2.284070 1.102065 0.141693
2.284070 1.102065 0.141693
2.471566 -0.565203 0.153324
2.233784 1.102065 0.497256
0.141693 1.102065 -2.284070
0.153324 -0.565203 -2.471566
0.497256 1.102065 -2.233784
-0.235201 -0.565203 -2.465122
0.153324 -0.565203 -2.471566
0.141693 1.102065 -2.284070
2.128494 1.102065 0.840575
2.303219 -0.565203 0.909576
1.970794 1.102065 1.163195
2.417151 -0.565203 0.538075
2.303219 -0.565203 0.909576
2.128494 1.102065 0.840575
0.538075 -0.565203 -2.417151
0.909576 -0.565203 -2.303219
0.840575 1.102065 -2.128494
0.840575 1.102065 -2.128494
0.909576 -0.565203 -2.303219
1.163195 1.102065 -1.970794
-2.417151 -0.565203 -0.538075
-2.303219 -0.565203 -0.909576
-2.128494 1.102065 -0.840575
-2.128494 1.102065 -0.840575
-2.303219 -0.565203 -0.909576
-1.970794 1.102065 -1.163195
-0.538075 -0.565203 2.417151
-0.909576 -0.565203 2.303219
-0.840575 1.102065 2.128494
-0.840575 1.102065 2.128494
-0.909576 -0.565203 2.303219
-1.163195 1.102065 1.970794
-0.910697 1.102065 -2.099449
-0.985454 -0.565203 -2.271789
-0.571058 1.102065 -2.216065
-1.328708 -0.565203 -2.089660
-0.985454 -0.565203 -2.271789
-0.910697 1.102065 -2.099449
-2.099449 1.102065 0.910697
-2.271789 -0.565203 0.985454
-2.216065 1.102065 0.571058
-2.089660 -0.565203 1.328708
-2.271789 -0.565203 0.985454
-2.099449 1.102065 0.910697
0.910697 1.102065 2.099449
0.985454 -0.565203 2.271789
0.571058 1.102065 2.216065
1.328708 -0.565203 2.089660
0.985454 -0.565203 2.271789
0.910697 1.102065 2.099449
1.856078 -0.565203 -1.639244
2.089660 -0.565203 -1.328708
1.931137 1.102065 -1.227911
1.931137 1.102065 -1.227911
2.089660 -0.565203 -1.328708
2.099449 1.102065 -0.910697
-1.163195 1.102065 1.970794
-1.457175 1.102065 1.764567
-0.701738 2.288461 0.849770
-0.701738 2.288461 0.849770
-1.457175 1.102065 1.764567
-0.826032 2.288461 0.729532
-0.729532 2.288461 -0.826032
-1.514889 1.102065 -1.715274
-0.591331 2.288461 -0.929986
-1.764567 1.102065 -1.457175
-1.514889 1.102065 -1.715274
-0.729532 2.288461 -0.826032
0.729532 2.288461 0.826032
1.514889 1.102065 1.715274
0.591331 2.288461 0.929986
1.764567 1.102065 1.457175
1.514889 1.102065 1.715274
0.729532 2.288461 0.826032
1.457175 1.102065 -1.764567
1.715274 1.102065 -1.514889
0.826032 2.288461 -0.729532
0.826032 2.288461 -0.729532
1.715274 1.102065 -1.514889
0.929986 2.288461 -0.591331
-0.344112 -1.985852 1.545826
-0.098055 -1.985852 1.580626
0.000000 -2.540000 0.000000
-0.098055 -1.985852 1.580626
-0.344112 -1.985852 1.545826
-0.153324 -0.565203 2.471566
-0.395185 -1.985852 -1.533565
0.000000 -2.540000 0.000000
-0.150417 -1.985852 -1.576505
-0.150417 -1.985852 -1.576505
-0.235201 -0.565203 -2.465122
-0.395185 -1.985852 -1.533565
1.363832 -1.985852 0.804956
1.472964 -1.985852 0.581696
0.000000 -2.540000 0.000000
1.363832 -1.985852 0.804956
2.132573 -0.565203 1.258680
1.472964 -1.985852 0.581696
-0.804956 -1.985852 1.363832
-0.581696 -1.985852 1.472964
0.000000 -2.540000 0.000000
-0.804956 -1.985852 1.363832
-1.258680 -0.565203 2.132573
-0.581696 -1.985852 1.472964
-1.363832 -1.985852 -0.804956
-2.132573 -0.565203 -1.258680
-1.472964 -1.985852 -0.581696
-1.363832 -1.985852 -0.804956
-1.472964 -1.985852 -0.581696
0.000000 -2.540000 0.000000
-1.580626 -1.985852 -0.098055
-1.576505 -1.985852 0.150417
0.000000 -2.540000 0.000000
0.000000 -2.540000 0.000000
-1.580626 -1.985852 -0.098055
0.000000 -2.540000 0.000000
1.452864 -1.985852 -0.630222
1.336388 -1.985852 -0.849741
0.000000 -2.540000 0.000000
0.000000 -2.540000 0.000000
1.452864 -1.985852 -0.630222
0.000000 -2.540000 0.000000
0.395185 -1.985852 1.533565
0.630222 -1.985852 1.452864
0.000000 -2.540000 0.000000
0.000000 -2.540000 0.000000
0.395185 -1.985852 1.533565
0.000000 -2.540000 0.000000
-1.533565 -1.985852 0.395185
-1.452864 -1.985852 0.630222
0.000000 -2.540000 -0.000000
0.000000 -2.540000 -0.000000
-1.533565 -1.985852 0.395185
0.000000 -2.540000 -0.000000
1.533565 -1.985852 -0.395185
1.452864 -1.985852 -0.630222
0.000000 -2.540000 0.000000
0.000000 -2.540000 0.000000
1.533565 -1.985852 -0.395185
0.000000 -2.540000 0.000000
0.344112 -1.985852 -1.545826
0.000000 -2.540000 0.000000
0.581696 -1.985852 -1.472964
0.000000 -2.540000 0.000000
0.000000 -2.540000 0.000000
0.344112 -1.985852 -1.545826
-1.576505 -1.985852 0.150417
-1.533565 -1.985852 0.395185
0.000000 -2.540000 -0.000000
0.000000 -2.540000 0.000000
-1.576505 -1.985852 0.150417
0.000000 -2.540000 -0.000000
1.576505 -1.985852 -0.150417
1.533565 -1.985852 -0.395185
0.000000 -2.540000 0.000000
0.000000 -2.540000 0.000000
1.576505 -1.985852 -0.150417
0.000000 -2.540000 0.000000
0.804956 -1.985852 -1.363832
1.258680 -0.565203 -2.132573
0.581696 -1.985852 -1.472964
0.581696 -1.985852 -1.472964
0.000000 -2.540000 0.000000
0.804956 -1.985852 -1.363832
-0.562648 2.476317 0.053683
-0.547323 2.476317 0.141040
1.097082 2.288461 -0.104674
-0.562648 2.476317 0.053683
-1.923029 1.583664 0.495546
-0.547323 2.476317 0.141040
0.122957 1.583664 -1.982042
-0.188617 1.583664 -1.976874
-0.053683 2.476317 -0.562648
0.034995 2.476317 -0.564119
-0.053683 2.476317 -0.562648
-0.068236 2.288461 1.099950
1.580626 -1.985852 0.098055
1.576505 -1.985852 -0.150417
0.000000 -2.540000 0.000000
0.000000 -2.540000 0.000000
1.580626 -1.985852 0.098055
0.000000 -2.540000 0.000000
0.098055 -1.985852 -1.580626
0.000000 -2.540000 0.000000
0.344112 -1.985852 -1.545826
0.000000 -2.540000 0.000000
0.000000 -2.540000 0.000000
0.098055 -1.985852 -1.580626
-1.545826 -1.985852 -0.344112
-1.580626 -1.985852 -0.098055
0.000000 -2.540000 0.000000
0.000000 -2.540000 0.000000
-1.545826 -1.985852 -0.344112
0.000000 -2.540000 0.000000
0.150417 -1.985852 1.576505
0.395185 -1.985852 1.533565
0.000000 -2.540000 0.000000
0.000000 -2.540000 -0.000000
0.150417 -1.985852 1.576505
0.000000 -2.540000 0.000000
-0.591331 2.288461 -0.929986
-0.438568 2.288461 -1.011041
0.224924 2.476317 0.518521
-0.591331 2.288461 -0.929986
-1.227911 1.102065 -1.931137
-0.438568 2.288461 -1.011041
-0.435812 2.476317 -0.359892
-0.486746 2.476317 -0.287286
0.849770 2.288461 0.701738
-1.710191 1.583664 -1.009383
-1.531233 1.583664 -1.264489
-1.958521 -0.000000 -1.617342
0.239466 2.288461 -1.075734
0.497256 1.102065 -2.233784
0.404799 2.288461 -1.025029
0.239466 2.288461 -1.075734
0.404799 2.288461 -1.025029
-0.207605 2.476317 0.525695
-0.068236 2.288461 1.099950
-0.141693 1.102065 2.284070
-0.239466 2.288461 1.075734
-0.239466 2.288461 1.075734
0.034995 2.476317 -0.564119
-0.068236 2.288461 1.099950
1.067201 2.288461 -0.275007
2.216065 1.102065 -0.571058
1.097082 2.288461 -0.104674
1.097082 2.288461 -0.104674
-0.547323 2.476317 0.141040
1.067201 2.288461 -0.275007
-1.097082 2.288461 0.104674
0.547323 2.476317 -0.141040
-1.067201 2.288461 0.275007
-1.067201 2.288461 0.275007
-2.216065 1.102065 0.571058
-1.097082 2.288461 0.104674
0.104674 2.288461 1.097082
-0.141040 2.476317 -0.547323
0.275007 2.288461 1.067201
0.275007 2.288461 1.067201
0.571058 1.102065 2.216065
0.104674 2.288461 1.097082
-1.011041 2.288461 0.438568
0.476951 2.476317 -0.303269
-0.929986 2.288461 0.591331
-0.929986 2.288461 0.591331
-1.931137 1.102065 1.227911
-1.011041 2.288461 0.438568
0.591331 2.288461 0.929986
1.227911 1.102065 1.931137
0.438568 2.288461 1.011041
0.438568 2.288461 1.011041
-0.303269 2.476317 -0.476951
0.591331 2.288461 0.929986
0.929986 2.288461 -0.591331
1.931137 1.102065 -1.227911
1.011041 2.288461 -0.438568
1.011041 2.288461 -0.438568
-0.476951 2.476317 0.303269
0.929986 2.288461 -0.591331
-0.560165 2.288461 0.949084
-0.404799 2.288461 1.025029
-1.163195 1.102065 1.970794
-0.560165 2.288461 0.949084
0.207605 2.476317 -0.525695
-0.404799 2.288461 1.025029
0.949084 2.288461 0.560165
1.025029 2.288461 0.404799
1.970794 1.102065 1.163195
0.949084 2.288461 0.560165
-0.525695 2.476317 -0.207605
1.025029 2.288461 0.404799
-0.949084 2.288461 -0.560165
0.525695 2.476317 0.207605
-1.025029 2.288461 -0.404799
-1.025029 2.288461 -0.404799
-2.128494 1.102065 -0.840575
-0.949084 2.288461 -0.560165
0.141040 2.476317 0.547323
-0.275007 2.288461 -1.067201
0.053683 2.476317 0.562648
-0.275007 2.288461 -1.067201
-0.104674 2.288461 -1.097082
0.053683 2.476317 0.562648
-0.104674 2.288461 -1.097082
0.068236 2.288461 -1.099950
-0.034995 2.476317 0.564119
0.053683 2.476317 0.562648
-0.104674 2.288461 -1.097082
-0.034995 2.476317 0.564119
1.075734 2.288461 0.239466
-0.564119 2.476317 -0.034995
1.099950 2.288461 0.068236
-0.551699 2.476317 -0.122812
-0.564119 2.476317 -0.034995
1.075734 2.288461 0.239466
-1.075734 2.288461 -0.239466
0.564119 2.476317 0.034995
-1.099950 2.288461 -0.068236
0.551699 2.476317 0.122812
0.564119 2.476317 0.034995
-1.075734 2.288461 -0.239466
0.560165 2.288461 -0.949084
0.701738 2.288461 -0.849770
-0.359892 2.476317 0.435812
-0.287286 2.476317 0.486746
0.560165 2.288461 -0.949084
-0.359892 2.476317 0.435812
-0.525695 2.476317 -0.207605
-0.551699 2.476317 -0.122812
1.025029 2.288461 0.404799
-0.525695 2.476317 -0.207605
-1.938405 1.583664 -0.431502
-0.551699 2.476317 -0.122812
-0.122812 2.476317 0.551699
0.239466 2.288461 -1.075734
-0.207605 2.476317 0.525695
-0.122812 2.476317 0.551699
-0.207605 2.476317 0.525695
-0.729423 1.583664 1.847038
0.729423 1.583664 -1.847038
0.207605 2.476317 -0.525695
1.009383 1.583664 -1.710191
0.287286 2.476317 -0.486746
0.207605 2.476317 -0.525695
-0.560165 2.288461 0.949084
1.847038 1.583664 0.729423
0.525695 2.476317 0.207605
1.710191 1.583664 1.009383
0.486746 2.476317 0.287286
0.525695 2.476317 0.207605
-0.949084 2.288461 -0.560165
-0.547323 2.476317 0.141040
-1.821833 1.583664 0.790273
-0.518521 2.476317 0.224924
-0.547323 2.476317 0.141040
-0.518521 2.476317 0.224924
1.067201 2.288461 -0.275007
-0.141040 2.476317 -0.547323
-0.224924 2.476317 -0.518521
0.275007 2.288461 1.067201
-0.141040 2.476317 -0.547323
-0.790273 1.583664 -1.821833
-0.224924 2.476317 -0.518521
0.141040 2.476317 0.547323
0.790273 1.583664 1.821833
0.224924 2.476317 0.518521
0.224924 2.476317 0.518521
-0.438568 2.288461 -1.011041
0.141040 2.476317 0.547323
0.562648 2.476317 -0.053683
0.547323 2.476317 -0.141040
-1.097082 2.288461 0.104674
0.547323 2.476317 -0.141040
0.562648 2.476317 -0.053683
1.976874 1.583664 -0.188617
1.048336 -1.985852 1.187006
0.849741 -1.985852 1.336388
1.639244 -0.565203 1.856078
0.849741 -1.985852 1.336388
1.048336 -1.985852 1.187006
0.000000 -2.540000 0.000000
-1.048336 -1.985852 -1.187006
0.000000 -2.540000 0.000000
-0.849741 -1.985852 -1.336388
-1.048336 -1.985852 -1.187006
-0.849741 -1.985852 -1.336388
-1.639244 -0.565203 -1.856078
-1.336388 -1.985852 0.849741
-1.187006 -1.985852 1.048336
0.000000 -2.540000 0.000000
-1.187006 -1.985852 1.048336
-1.336388 -1.985852 0.849741
-1.856078 -0.565203 1.639244
1.187006 -1.985852 -1.048336
1.336388 -1.985852 -0.849741
1.856078 -0.565203 -1.639244
1.336388 -1.985852 -0.849741
1.187006 -1.985852 -1.048336
0.000000 -2.540000 0.000000
</float_array>
          <technique_common>
            <accessor source="#FBXASC227FBXASC130FBXASC189FBXASC227FBXASC131FBXASC170FBXASC227FBXASC131FBXASC131FBXASC227FBXASC131FBXASC1377-Normal0-array" count="2460" stride="3">
              <param name="X" type="float"/>
              <param name="Y" type="float"/>
              <param name="Z" type="float"/>
            </accessor>
          </technique_common>
        </source>
        <vertices id="FBXASC227FBXASC130FBXASC189FBXASC227FBXASC131FBXASC170FBXASC227FBXASC131FBXASC131FBXASC227FBXASC131FBXASC1377-VERTEX">
          <input semantic="POSITION" source="#FBXASC227FBXASC130FBXASC189FBXASC227FBXASC131FBXASC170FBXASC227FBXASC131FBXASC131FBXASC227FBXASC131FBXASC1377-POSITION"/>
        </vertices>
        <triangles count="820" material="MaterialFBXASC032FBXASC03526">
          <input semantic="VERTEX" offset="0" source="#FBXASC227FBXASC130FBXASC189FBXASC227FBXASC131FBXASC170FBXASC227FBXASC131FBXASC131FBXASC227FBXASC131FBXASC1377-VERTEX"/>
          <input semantic="NORMAL" offset="1" source="#FBXASC227FBXASC130FBXASC189FBXASC227FBXASC131FBXASC170FBXASC227FBXASC131FBXASC131FBXASC227FBXASC131FBXASC1377-Normal0"/>
          <p> 123 0 32 1 56 2 120 3 9 4 34 5 170 6 40 7 172 8 141 9 74 10 152 11 58 12 144 13 64 14 131 15 162 16 53 17 157 18 40 19 41 20 179 21 31 22 191 23 152 24 272 25 141 26 164 27 40 28 166 29 221 30 9 31 154 32 177 33 32 34 53 35 216 36 119 37 149 38 269 39 179 40 191 41 222 42 31 43 145 44 54 45 66 46 151 47 69 48 23 49 138 50 173 51 163 52 53 53 8 54 244 55 206 56 160 57 72 58 41 59 139 60 150 61 132 62 265 63 221 64 154 65 13 66 156 67 48 68 75 69 120 70 34 71 191 72 42 73 269 74 14 75 121 76 125 77 67 78 59 79 124 80 59 81 74 82 124 83 158 84 100 85 55 86 148 87 146 88 65 89 226 90 265 91 154 92 57 93 120 94 75 95 207 96 111 97 277 98 176 99 174 100 53 101 167 102 40 103 55 104 254 105 263 106 344 107 95 108 333 109 396 110 168 111 107 112 41 113 253 114 102 115 233 116 118 117 40 118 175 119 86 120 53 121 192 122 201 123 110 124 385 125 144 126 9 127 64 128 207 129 277 130 9 131 248 132 266 133 343 134 217 135 83 136 96 137 220 138 25 139 187 140 288 141 399 142 239 143 60 144 244 145 8 146 8 147 74 148 60 149 126 150 32 151 189 152 143 153 86 154 223 155 159 156 108 157 53 158 186 159 28 160 178 161 203 162 155 163 183 164 153 165 157 166 41 167 92 168 81 169 129 170 22 171 0 172 136 173 145 174 31 175 74 176 74 177 31 178 60 179 100 180 158 181 190 182 181 183 32 184 109 185 116 186 188 187 134 188 134 189 9 190 116 191 147 192 117 193 101 194 117 195 9 196 101 197 215 198 35 199 185 200 215 201 79 202 35 203 358 204 283 205 301 206 389 207 256 208 238 209 134 210 188 211 37 212 290 213 381 214 150 215 310 216 255 217 400 218 195 219 88 220 62 221 108 222 159 223 178 224 231 225 89 226 214 227 228 228 190 229 80 230 40 231 157 232 197 233 225 234 77 235 102 236 93 237 41 238 114 239 268 240 258 241 391 242 224 243 273 244 329 245 43 246 142 247 42 248 43 249 31 250 142 251 72 252 160 253 193 254 94 255 25 256 220 257 236 258 88 259 195 260 214 261 89 262 45 263 166 264 40 265 171 266 208 267 99 268 19 269 359 270 249 271 289 272 272 273 152 274 113 275 127 276 117 277 147 278 380 279 300 280 367 281 320 282 286 283 333 284 49 285 128 286 198 287 140 288 93 289 114 290 107 291 168 292 187 293 172 294 40 295 169 296 274 297 200 298 184 299 239 300 237 301 98 302 87 303 153 304 210 305 53 306 204 307 192 308 81 309 165 310 53 311 255 312 339 313 376 314 209 315 181 316 109 317 123 318 56 319 199 320 83 321 55 322 194 323 199 324 56 325 213 326 27 327 211 328 126 329 355 330 326 331 296 332 63 333 137 334 36 335 312 336 309 337 257 338 390 339 243 340 68 341 15 342 74 343 119 344 216 345 15 346 119 347 128 348 31 349 26 350 198 351 128 352 26 353 299 354 287 355 260 356 385 357 110 358 287 359 112 360 62 361 38 362 162 363 176 364 53 365 17 366 137 367 63 368 63 369 9 370 17 371 12 372 150 373 139 374 139 375 9 376 12 377 391 378 258 379 280 380 202 381 341 382 386 383 14 384 31 385 148 386 148 387 65 388 14 389 249 390 262 391 382 392 382 393 262 394 395 395 356 396 327 397 295 398 58 399 64 400 132 401 282 402 235 403 270 404 360 405 180 406 284 407 377 408 312 409 257 410 230 411 92 412 129 413 374 414 267 415 371 416 54 417 151 418 222 419 155 420 29 421 41 422 29 423 155 424 203 425 198 426 26 427 73 428 399 429 288 430 276 431 9 432 74 433 13 434 9 435 84 436 74 437 326 438 275 439 334 440 251 441 130 442 347 443 50 444 20 445 229 446 220 447 50 448 279 449 41 450 40 451 170 452 41 453 170 454 114 455 213 456 56 457 211 458 278 459 301 460 7 461 169 462 40 463 118 464 200 465 21 466 184 467 80 468 40 469 197 470 40 471 158 472 55 473 161 474 81 475 53 476 81 477 161 478 129 479 82 480 9 481 23 482 69 483 82 484 23 485 171 486 40 487 167 488 217 489 19 490 83 491 336 492 364 493 317 494 364 495 235 496 350 497 185 498 35 499 85 500 175 501 40 502 164 503 143 504 27 505 86 506 189 507 32 508 177 509 232 510 87 511 5 512 232 513 197 514 87 515 236 516 45 517 88 518 174 519 173 520 53 521 163 522 159 523 53 524 231 525 39 526 89 527 38 528 131 529 181 530 112 531 38 532 90 533 263 534 403 535 302 536 281 537 298 538 332 539 136 540 0 541 92 542 165 543 204 544 53 545 229 546 20 547 93 548 205 549 168 550 41 551 183 552 72 553 193 554 304 555 401 556 239 557 291 558 67 559 335 560 124 561 206 562 67 563 194 564 123 565 199 566 343 567 266 568 311 569 223 570 86 571 192 572 271 573 402 574 303 575 210 576 29 577 203 578 237 579 5 580 98 581 46 582 85 583 99 584 46 585 99 586 208 587 100 588 32 589 55 590 32 591 100 592 109 593 13 594 48 595 101 596 101 597 9 598 13 599 102 600 77 601 51 602 200 603 51 604 21 605 307 606 52 607 404 608 228 609 80 610 16 611 305 612 283 613 212 614 63 615 36 616 226 617 309 618 105 619 405 620 10 621 39 622 231 623 276 624 288 625 259 626 333 627 286 628 349 629 25 630 107 631 187 632 107 633 160 634 41 635 108 636 161 637 53 638 28 639 108 640 178 641 109 642 100 643 190 644 209 645 109 646 2 647 188 648 116 649 61 650 365 651 245 652 353 653 264 654 270 655 331 656 111 657 82 658 69 659 340 660 310 661 250 662 383 663 340 664 250 665 298 666 281 667 330 668 113 669 15 670 216 671 140 672 114 673 225 674 225 675 114 676 77 677 248 678 24 679 115 680 301 681 115 682 7 683 116 684 9 685 33 686 61 687 116 688 33 689 34 690 9 691 117 692 127 693 34 694 117 695 118 696 175 697 79 698 21 699 118 700 79 701 119 702 74 703 59 704 149 705 119 706 59 707 120 708 57 709 17 710 17 711 9 712 120 713 14 714 65 715 121 716 267 717 319 718 371 719 341 720 202 721 267 722 218 723 71 724 348 725 55 726 123 727 194 728 55 729 32 730 123 731 8 732 206 733 124 734 124 735 74 736 8 737 142 738 125 739 42 740 323 741 357 742 292 743 56 744 32 745 126 746 56 747 126 748 211 749 300 750 227 751 367 752 75 753 34 754 127 755 60 756 31 757 128 758 128 759 49 760 60 761 30 762 129 763 28 764 230 765 129 766 30 767 296 768 326 769 334 770 208 771 19 772 217 773 131 774 32 775 181 776 32 777 131 778 53 779 381 780 252 781 369 782 381 783 290 784 252 785 133 786 49 787 379 788 60 789 49 790 244 791 134 792 37 793 12 794 12 795 9 796 134 797 306 798 383 799 393 800 214 801 45 802 236 803 136 804 92 805 230 806 346 807 271 808 303 809 247 810 293 811 137 812 17 813 57 814 137 815 138 816 144 817 58 818 246 819 294 820 138 821 64 822 9 823 139 824 132 825 64 826 139 827 229 828 93 829 140 830 76 831 313 832 406 833 141 834 156 835 13 836 13 837 74 838 141 839 142 840 31 841 14 842 142 843 14 844 125 845 7 846 27 847 143 848 278 849 7 850 143 851 23 852 9 853 144 854 138 855 23 856 144 857 364 858 336 859 145 860 74 861 84 862 145 863 378 864 122 865 374 866 146 867 66 868 54 869 101 870 48 871 147 872 366 873 380 874 48 875 66 876 146 877 148 878 148 879 31 880 66 881 149 882 67 883 291 884 149 885 59 886 67 887 37 888 290 889 150 890 12 891 37 892 150 893 222 894 151 895 31 896 66 897 31 898 151 899 152 900 74 901 15 902 113 903 152 904 15 905 29 906 153 907 41 908 153 909 29 910 210 911 154 912 63 913 226 914 154 915 9 916 63 917 72 918 155 919 41 920 155 921 72 922 183 923 380 924 366 925 300 926 366 927 234 928 352 929 197 930 157 931 87 932 157 933 153 934 87 935 158 936 40 937 80 938 190 939 158 940 80 941 178 942 159 943 39 944 159 945 163 946 39 947 193 948 160 949 25 950 160 951 107 952 25 953 129 954 161 955 28 956 161 957 108 958 28 959 162 960 131 961 38 962 62 963 162 964 38 965 39 966 163 967 89 968 163 969 173 970 89 971 35 972 164 973 85 974 164 975 166 976 85 977 165 978 81 979 92 980 0 981 165 982 92 983 166 984 171 985 99 986 85 987 166 988 99 989 19 990 167 991 83 992 167 993 55 994 83 995 168 996 205 997 20 998 187 999 168 1000 20 1001 51 1002 169 1003 21 1004 169 1005 118 1006 21 1007 170 1008 172 1009 77 1010 114 1011 170 1012 77 1013 171 1014 167 1015 19 1016 99 1017 171 1018 19 1019 172 1020 169 1021 51 1022 77 1023 172 1024 51 1025 173 1026 174 1027 45 1028 89 1029 173 1030 45 1031 174 1032 176 1033 88 1034 45 1035 174 1036 88 1037 175 1038 164 1039 35 1040 79 1041 175 1042 35 1043 88 1044 176 1045 62 1046 176 1047 162 1048 62 1049 177 1050 53 1051 86 1052 27 1053 177 1054 86 1055 186 1056 178 1057 10 1058 10 1059 178 1060 39 1061 73 1062 26 1063 179 1064 26 1065 31 1066 179 1067 294 1068 246 1069 322 1070 111 1071 408 1072 264 1073 90 1074 38 1075 181 1076 90 1077 181 1078 209 1079 361 1080 268 1081 285 1082 232 1083 5 1084 182 1085 98 1086 183 1087 44 1088 44 1089 183 1090 193 1091 184 1092 21 1093 79 1094 184 1095 79 1096 215 1097 185 1098 85 1099 46 1100 344 1101 263 1102 302 1103 337 1104 312 1105 377 1106 30 1107 28 1108 186 1109 220 1110 187 1111 50 1112 50 1113 187 1114 20 1115 324 1116 362 1117 316 1118 362 1119 365 1120 316 1121 189 1122 27 1123 126 1124 189 1125 177 1126 27 1127 2 1128 109 1129 190 1130 2 1131 190 1132 228 1133 191 1134 31 1135 43 1136 43 1137 42 1138 191 1139 223 1140 192 1141 22 1142 22 1143 192 1144 0 1145 44 1146 193 1147 94 1148 94 1149 193 1150 25 1151 96 1152 83 1153 194 1154 96 1155 194 1156 24 1157 195 1158 62 1159 112 1160 340 1161 383 1162 195 1163 375 1164 196 1165 351 1166 269 1167 42 1168 196 1169 16 1170 80 1171 197 1172 16 1173 197 1174 232 1175 379 1176 240 1177 133 1178 379 1179 372 1180 240 1181 24 1182 194 1183 199 1184 24 1185 199 1186 115 1187 102 1188 200 1189 233 1190 102 1191 51 1192 200 1193 388 1194 315 1195 297 1196 295 1197 327 1198 315 1199 371 1200 319 1201 368 1202 368 1203 323 1204 292 1205 5 1206 203 1207 98 1208 98 1209 203 1210 183 1211 192 1212 204 1213 0 1214 204 1215 165 1216 0 1217 20 1218 205 1219 93 1220 205 1221 41 1222 93 1223 321 1224 335 1225 354 1226 363 1227 320 1228 335 1229 82 1230 111 1231 207 1232 207 1233 9 1234 82 1235 208 1236 325 1237 254 1238 46 1239 208 1240 254 1241 255 1242 90 1243 209 1244 339 1245 255 1246 209 1247 5 1248 87 1249 210 1250 5 1251 210 1252 203 1253 7 1254 211 1255 27 1256 213 1257 211 1258 7 1259 293 1260 247 1261 212 1262 226 1263 410 1264 328 1265 115 1266 213 1267 7 1268 115 1269 199 1270 213 1271 214 1272 4 1273 135 1274 231 1275 214 1276 135 1277 215 1278 302 1279 1 1280 184 1281 215 1282 274 1283 113 1284 409 1285 47 1286 291 1287 335 1288 321 1289 325 1290 208 1291 217 1292 311 1293 325 1294 217 1295 350 1296 235 1297 282 1298 397 1299 218 1300 18 1301 398 1302 251 1303 219 1304 352 1305 234 1306 281 1307 345 1308 106 1309 304 1310 279 1311 106 1312 345 1313 265 1314 33 1315 221 1316 33 1317 9 1318 221 1319 378 1320 336 1321 122 1322 122 1323 336 1324 317 1325 223 1326 97 1327 143 1328 303 1329 97 1330 223 1331 42 1332 411 1333 224 1334 42 1335 224 1336 329 1337 313 1338 308 1339 406 1340 253 1341 225 1342 102 1343 226 1344 104 1345 265 1346 226 1347 328 1348 104 1349 367 1350 227 1351 373 1352 373 1353 275 1354 370 1355 314 1356 307 1357 103 1358 339 1359 314 1360 376 1361 338 1362 313 1363 76 1364 50 1365 338 1366 279 1367 230 1368 337 1369 70 1370 136 1371 230 1372 70 1373 105 1374 10 1375 231 1376 105 1377 231 1378 135 1379 182 1380 52 1381 232 1382 52 1383 16 1384 232 1385 332 1386 298 1387 233 1388 200 1389 274 1390 233 1391 113 1392 330 1393 272 1394 113 1395 47 1396 330 1397 277 1398 111 1399 235 1400 111 1401 264 1402 331 1403 195 1404 383 1405 236 1406 4 1407 214 1408 236 1409 5 1410 237 1411 182 1412 399 1413 276 1414 342 1415 130 1416 6 1417 387 1418 266 1419 407 1420 311 1421 44 1422 239 1423 98 1424 304 1425 239 1426 44 1427 240 1428 372 1429 318 1430 3 1431 242 1432 349 1433 97 1434 278 1435 143 1436 392 1437 299 1438 241 1439 279 1440 242 1441 106 1442 384 1443 242 1444 3 1445 180 1446 243 1447 390 1448 322 1449 246 1450 356 1451 244 1452 49 1453 133 1454 206 1455 244 1456 363 1457 104 1458 245 1459 265 1460 358 1461 299 1462 104 1463 58 1464 246 1465 138 1466 252 1467 327 1468 369 1469 57 1470 247 1471 137 1472 275 1473 326 1474 370 1475 301 1476 283 1477 78 1478 266 1479 248 1480 389 1481 359 1482 47 1483 249 1484 47 1485 291 1486 321 1487 383 1488 250 1489 393 1490 18 1491 400 1492 397 1493 300 1494 366 1495 352 1496 251 1497 91 1498 219 1499 315 1500 201 1501 297 1502 252 1503 290 1504 324 1505 233 1506 289 1507 253 1508 308 1509 253 1510 11 1511 254 1512 6 1513 130 1514 398 1515 130 1516 251 1517 397 1518 71 1519 218 1520 255 1521 376 1522 71 1523 212 1524 247 1525 355 1526 305 1527 212 1528 256 1529 377 1530 257 1531 388 1532 68 1533 405 1534 390 1535 319 1536 323 1537 368 1538 258 1539 202 1540 280 1541 3 1542 259 1543 288 1544 318 1545 375 1546 351 1547 316 1548 365 1549 353 1550 110 1551 260 1552 287 1553 317 1554 364 1555 350 1556 218 1557 261 1558 18 1559 320 1560 354 1561 335 1562 262 1563 95 1564 395 1565 219 1566 263 1567 398 1568 403 1569 263 1570 219 1571 360 1572 264 1573 180 1574 264 1575 294 1576 322 1577 61 1578 33 1579 265 1580 61 1581 365 1582 188 1583 238 1584 266 1585 389 1586 407 1587 266 1588 238 1589 341 1590 267 1591 348 1592 122 1593 267 1594 374 1595 361 1596 224 1597 268 1598 224 1599 292 1600 357 1601 73 1602 179 1603 269 1604 372 1605 375 1606 318 1607 360 1608 270 1609 264 1610 135 1611 4 1612 306 1613 70 1614 271 1615 346 1616 297 1617 377 1618 388 1619 141 1620 272 1621 156 1622 156 1623 366 1624 48 1625 237 1626 342 1627 182 1628 361 1629 273 1630 224 1631 233 1632 274 1633 332 1634 274 1635 215 1636 1 1637 334 1638 275 1639 347 1640 227 1641 275 1642 373 1643 273 1644 276 1645 329 1646 351 1647 196 1648 276 1649 84 1650 364 1651 145 1652 9 1653 277 1654 84 1655 301 1656 278 1657 241 1658 278 1659 97 1660 241 1661 395 1662 95 1663 396 1664 279 1665 338 1666 76 1667 71 1668 376 1669 386 1670 280 1671 404 1672 391 1673 91 1674 281 1675 394 1676 394 1677 281 1678 332 1679 393 1680 282 1681 306 1682 282 1683 18 1684 261 1685 104 1686 328 1687 283 1688 358 1689 104 1690 283 1691 105 1692 135 1693 284 1694 405 1695 105 1696 390 1697 52 1698 182 1699 285 1700 404 1701 52 1702 391 1703 240 1704 286 1705 133 1706 286 1707 320 1708 363 1709 402 1710 271 1711 287 1712 241 1713 97 1714 392 1715 242 1716 384 1717 106 1718 401 1719 288 1720 239 1721 382 1722 395 1723 406 1724 253 1725 289 1726 11 1727 188 1728 362 1729 37 1730 365 1731 362 1732 188 1733 216 1734 149 1735 409 1736 113 1737 216 1738 409 1739 121 1740 292 1741 125 1742 125 1743 411 1744 42 1745 137 1746 293 1747 36 1748 36 1749 410 1750 226 1751 69 1752 408 1753 111 1754 138 1755 294 1756 69 1757 243 1758 295 1759 68 1760 295 1761 315 1762 388 1763 256 1764 296 1765 238 1766 296 1767 334 1768 387 1769 271 1770 70 1771 385 1772 287 1773 271 1774 385 1775 47 1776 298 1777 330 1778 359 1779 298 1780 47 1781 353 1782 245 1783 299 1784 104 1785 299 1786 245 1787 251 1788 300 1789 91 1790 227 1791 300 1792 251 1793 248 1794 115 1795 301 1796 248 1797 301 1798 78 1799 302 1800 215 1801 185 1802 344 1803 302 1804 185 1805 346 1806 303 1807 22 1808 303 1809 223 1810 22 1811 345 1812 304 1813 94 1814 304 1815 44 1816 94 1817 283 1818 305 1819 78 1820 305 1821 256 1822 389 1823 282 1824 270 1825 306 1826 306 1827 270 1828 135 1829 307 1830 16 1831 52 1832 314 1833 16 1834 307 1835 308 1836 225 1837 253 1838 225 1839 308 1840 140 1841 309 1842 10 1843 105 1844 10 1845 309 1846 186 1847 310 1848 90 1849 255 1850 90 1851 310 1852 112 1853 96 1854 311 1855 217 1856 343 1857 311 1858 96 1859 309 1860 312 1861 186 1862 186 1863 312 1864 30 1865 338 1866 140 1867 313 1868 308 1869 313 1870 140 1871 228 1872 16 1873 314 1874 228 1875 314 1876 2 1877 327 1878 252 1879 315 1880 324 1881 315 1882 252 1883 110 1884 316 1885 260 1886 324 1887 316 1888 110 1889 218 1890 317 1891 261 1892 122 1893 317 1894 218 1895 240 1896 318 1897 3 1898 3 1899 318 1900 259 1901 267 1902 202 1903 319 1904 323 1905 319 1906 202 1907 354 1908 320 1909 95 1910 95 1911 320 1912 333 1913 249 1914 321 1915 262 1916 47 1917 321 1918 249 1919 264 1920 322 1921 180 1922 180 1923 322 1924 243 1925 357 1926 323 1927 258 1928 258 1929 323 1930 202 1931 201 1932 315 1933 324 1934 201 1935 324 1936 110 1937 325 1938 6 1939 254 1940 311 1941 407 1942 325 1943 326 1944 355 1945 247 1946 370 1947 326 1948 247 1949 327 1950 356 1951 246 1952 369 1953 327 1954 246 1955 212 1956 283 1957 328 1958 328 1959 293 1960 212 1961 329 1962 276 1963 196 1964 196 1965 42 1966 329 1967 330 1968 234 1969 272 1970 330 1971 281 1972 234 1973 235 1974 331 1975 270 1976 235 1977 111 1978 331 1979 332 1980 1 1981 394 1982 274 1983 1 1984 332 1985 333 1986 349 1987 242 1988 396 1989 333 1990 242 1991 334 1992 347 1993 130 1994 387 1995 334 1996 130 1997 335 1998 206 1999 363 2000 67 2001 206 2002 335 2003 336 2004 378 2005 222 2006 145 2007 336 2008 222 2009 337 2010 230 2011 30 2012 312 2013 337 2014 30 2015 229 2016 140 2017 338 2018 338 2019 50 2020 229 2021 314 2022 339 2023 2 2024 339 2025 209 2026 2 2027 310 2028 340 2029 112 2030 340 2031 195 2032 112 2033 386 2034 341 2035 71 2036 341 2037 348 2038 71 2039 342 2040 273 2041 182 2042 276 2043 273 2044 342 2045 343 2046 24 2047 248 2048 24 2049 343 2050 96 2051 46 2052 344 2053 185 2054 344 2055 46 2056 254 2057 220 2058 345 2059 94 2060 345 2061 220 2062 279 2063 346 2064 136 2065 70 2066 136 2067 346 2068 22 2069 347 2070 227 2071 251 2072 275 2073 227 2074 347 2075 267 2076 122 2077 348 2078 348 2079 122 2080 218 2081 349 2082 240 2083 3 2084 286 2085 240 2086 349 2087 261 2088 350 2089 282 2090 317 2091 350 2092 261 2093 318 2094 351 2095 259 2096 259 2097 351 2098 276 2099 300 2100 352 2101 91 2102 91 2103 352 2104 281 2105 316 2106 353 2107 260 2108 260 2109 353 2110 299 2111 262 2112 354 2113 95 2114 321 2115 354 2116 262 2117 256 2118 355 2119 296 2120 212 2121 355 2122 256 2123 243 2124 356 2125 295 2126 322 2127 356 2128 243 2129 224 2130 357 2131 268 2132 268 2133 357 2134 258 2135 299 2136 358 2137 241 2138 241 2139 358 2140 301 2141 233 2142 359 2143 289 2144 298 2145 359 2146 233 2147 135 2148 360 2149 284 2150 270 2151 360 2152 135 2153 273 2154 361 2155 182 2156 182 2157 361 2158 285 2159 362 2160 290 2161 37 2162 290 2163 362 2164 324 2165 363 2166 244 2167 133 2168 133 2169 286 2170 363 2171 277 2172 364 2173 84 2174 277 2175 235 2176 364 2177 265 2178 365 2179 61 2180 265 2181 245 2182 365 2183 272 2184 234 2185 366 2186 272 2187 366 2188 156 2189 367 2190 373 2191 127 2192 147 2193 367 2194 127 2195 368 2196 292 2197 121 2198 65 2199 368 2200 121 2201 369 2202 246 2203 58 2204 132 2205 369 2206 58 2207 370 2208 247 2209 57 2210 75 2211 370 2212 57 2213 371 2214 368 2215 65 2216 146 2217 371 2218 65 2219 372 2220 73 2221 375 2222 198 2223 73 2224 372 2225 373 2226 370 2227 75 2228 127 2229 373 2230 75 2231 374 2232 371 2233 146 2234 54 2235 374 2236 146 2237 269 2238 196 2239 375 2240 375 2241 73 2242 269 2243 376 2244 103 2245 386 2246 376 2247 314 2248 103 2249 70 2250 337 2251 377 2252 70 2253 377 2254 297 2255 378 2256 374 2257 54 2258 222 2259 378 2260 54 2261 379 2262 198 2263 372 2264 49 2265 198 2266 379 2267 380 2268 367 2269 147 2270 48 2271 380 2272 147 2273 381 2274 369 2275 132 2276 150 2277 381 2278 132 2279 289 2280 382 2281 11 2282 289 2283 249 2284 382 2285 4 2286 383 2287 306 2288 383 2289 4 2290 236 2291 384 2292 3 2293 288 2294 384 2295 288 2296 401 2297 297 2298 201 2299 385 2300 385 2301 70 2302 297 2303 280 2304 202 2305 386 2306 386 2307 103 2308 280 2309 387 2310 407 2311 238 2312 238 2313 296 2314 387 2315 388 2316 257 2317 68 2318 68 2319 295 2320 388 2321 389 2322 248 2323 78 2324 78 2325 305 2326 389 2327 284 2328 180 2329 390 2330 390 2331 105 2332 284 2333 285 2334 268 2335 391 2336 391 2337 52 2338 285 2339 392 2340 287 2341 299 2342 392 2343 402 2344 287 2345 393 2346 18 2347 282 2348 393 2349 250 2350 18 2351 394 2352 403 2353 219 2354 219 2355 91 2356 394 2357 406 2358 395 2359 76 2360 395 2361 396 2362 76 2363 396 2364 242 2365 279 2366 76 2367 396 2368 279 2369 397 2370 255 2371 71 2372 400 2373 255 2374 397 2375 398 2376 254 2377 130 2378 263 2379 254 2380 398 2381 399 2382 342 2383 237 2384 239 2385 399 2386 237 2387 250 2388 400 2389 18 2390 250 2391 310 2392 400 2393 106 2394 384 2395 401 2396 106 2397 401 2398 304 2399 303 2400 402 2401 97 2402 97 2403 402 2404 392 2405 302 2406 403 2407 1 2408 1 2409 403 2410 394 2411 103 2412 307 2413 404 2414 103 2415 404 2416 280 2417 257 2418 405 2419 68 2420 257 2421 309 2422 405 2423 406 2424 308 2425 11 2426 11 2427 382 2428 406 2429 6 2430 407 2431 387 2432 407 2433 6 2434 325 2435 408 2436 294 2437 264 2438 294 2439 408 2440 69 2441 409 2442 149 2443 291 2444 409 2445 291 2446 47 2447 293 2448 410 2449 36 2450 410 2451 293 2452 328 2453 411 2454 292 2455 224 2456 292 2457 411 2458 125 2459</p>
        </triangles>
      </mesh>
    </geometry>
    <geometry id="FBXASC227FBXASC130FBXASC189FBXASC227FBXASC131FBXASC170FBXASC227FBXASC131FBXASC131FBXASC227FBXASC131FBXASC1378-lib" name="FBXASC227FBXASC130FBXASC189FBXASC227FBXASC131FBXASC170FBXASC227FBXASC131FBXASC131FBXASC227FBXASC131FBXASC1378Mesh">
      <mesh>
        <source id="FBXASC227FBXASC130FBXASC189FBXASC227FBXASC131FBXASC170FBXASC227FBXASC131FBXASC131FBXASC227FBXASC131FBXASC1378-POSITION">
          <float_array id="FBXASC227FBXASC130FBXASC189FBXASC227FBXASC131FBXASC170FBXASC227FBXASC131FBXASC131FBXASC227FBXASC131FBXASC1378-POSITION-array" count="1032">0.000190022 0.001281496 -7.6182e-05 -5.006e-05 0.001281496 0.00019851 -7.6182e-05 0.001281496 -0.000190022 -0.000198155 0.001273819 1.3322e-05 0.000131173 0.001281496 0.00015718 8.2119e-05 0.001281496 -0.000204608 -0.000199367 0.001281496 9.4133e-05 0.00019851 0.001281496 5.006e-05 -0.000196055 0.001375984 -1.7682e-05 4.741e-05 0.001257874 0.000215315 -1.3205e-05 0.001375984 -0.000196407 -0.000169005 0.00128937 0.000100933 -0.000154147 0.001281496 -0.000134725 1.784e-05 0.001273819 -0.0001978 7.3252e-05 0.001375984 0.000182714 0.000190875 0.001375984 4.8134e-05 -4.8134e-05 0.001375984 0.000190875 -0.000190875 0.00128937 -4.8134e-05 0.000169005 0.001375984 -0.000100933 -0.00013878 0.001281496 0.000171313 0.000220466 0.001281496 1.691e-06 -0.000148218 0.001375984 -0.000129543 -0.000182714 0.001375984 7.3252e-05 0.000134725 0.001281496 -0.000154147 0.000160463 0.001281496 0.000151194 1.3205e-05 0.00128937 0.000196407 0.000148218 0.001375984 0.000129543 0.000108769 0.001281496 0.000191774 0.000182606 0.001273819 7.809e-05 -4.741e-05 0.001281496 -0.000215315 0.00018311 0.001281496 -0.000122796 -0.000217752 0.001281496 -3.4531e-05 1.3733e-05 0.001281496 0.000204263 7.7401e-05 0.001375984 -0.000180995 -0.000108769 0.001281496 -0.000191774 -8.2119e-05 0.001281496 0.000204608 0.000191923 0.001375984 -4.3767e-05 -0.000197899 0.001281496 -9.718e-05 0.000196407 0.00128937 -1.3205e-05 0.000154147 0.001281496 0.000134725 7.7401e-05 0.00128937 -0.000180995 -0.000218256 0.001281496 3.1187e-05 -0.000104762 0.001375984 0.000166658 0.00021117 0.001281496 -6.3368e-05 5.006e-05 0.001281496 -0.00019851 -7.0612e-05 0.00127808 -0.000176129 -0.000108953 0.001281496 0.000173325 -0.000190875 0.001375984 -4.8134e-05 7.3252e-05 0.00128937 0.000182714 -0.000190022 0.001281496 7.6182e-05 7.8971e-05 0.001257874 0.000205844 -0.000160463 0.001281496 -0.000151194 -0.000162763 0.001281496 0.000148716 0.000197899 0.001281496 9.718e-05 0.000108953 0.001281496 -0.000173325 1.3205e-05 0.001375984 0.000196407 -1.8161e-05 0.001281496 0.000219723 0.000169005 0.00128937 -0.000100933 -7.7401e-05 0.00128937 0.000180995 -0.000182606 0.001273819 -7.809e-05 0.000129543 0.001375984 -0.000148218 -1.3733e-05 0.001281496 -0.000204263 0.000190875 0.00128937 4.8134e-05 -0.000220466 0.001281496 -1.691e-06 -4.3767e-05 0.00128937 -0.000191923 -0.000100933 0.001375984 -0.000169005 -0.000131173 0.001281496 -0.00015718 -0.000129543 0.00128937 0.000148218 7.6182e-05 0.001281496 0.000190022 1.8161e-05 0.001281496 -0.000219723 0.000217752 0.001281496 3.4531e-05 0.00013878 0.001281496 -0.000171313 0.000218256 0.001281496 -3.1187e-05 -4.3767e-05 0.001375984 -0.000191923 -0.000169005 0.001375984 0.000100933 0.000193631 0.001273819 -4.4157e-05 -0.000181205 0.001281496 -0.00012559 -0.000210173 0.001281496 -6.6599e-05 0.000162763 0.001281496 -0.000148716 0.000142876 0.00127808 0.000124875 -0.00021117 0.001281496 6.3368e-05 -0.00018311 0.001281496 0.000122796 -7.8971e-05 0.001257874 -0.000205844 -0.000185007 0.00127808 4.219e-05 0.000101831 0.001273819 0.000170509 -1.784e-05 0.001273819 0.0001978 0.000210173 0.001257874 6.6599e-05 -7.809e-05 0.001273819 0.000182606 -0.00019851 0.001281496 -5.006e-05 4.5518e-05 0.001281496 0.0001996 -0.000142876 0.00127808 -0.000124875 -0.000134725 0.001281496 0.000154147 0.000196055 0.001375984 1.7682e-05 5.0707e-05 0.001257874 -0.000214562 0.000124875 0.00127808 -0.000142876 -1.7682e-05 0.001375984 0.000196055 0.000126128 0.001375984 0.000151135 -1.4789e-05 0.001257874 -0.000219976 -5.0707e-05 0.001257874 0.000214562 4.3767e-05 0.00128937 0.000191923 0.000199367 0.001257874 -9.4133e-05 -0.000196407 0.00128937 1.3205e-05 -0.000136136 0.001257874 -0.000173421 -0.000111697 0.001257874 0.000190084 0.000136136 0.001257874 0.000173421 4.8134e-05 0.001375984 -0.000190875 0.000181205 0.001257874 0.00012559 0.000111697 0.001257874 -0.000190084 0.0001978 0.001273819 1.784e-05 1.7045e-05 0.00127808 -0.000188989 7.809e-05 0.001273819 -0.000182606 0.000126128 0.00128937 0.000151135 0.000181205 0.001281496 0.00012559 -0.000180995 0.00128937 -7.7401e-05 0.000180995 0.00128937 7.7401e-05 -0.000101831 0.001273819 -0.000170509 -0.000100933 0.00128937 -0.000169005 0.000170509 0.001273819 -0.000101831 -0.000170509 0.001273819 0.000101831 0.000220466 0.001257874 1.691e-06 0.000196407 0.001375984 -1.3205e-05 0.000182714 0.001375984 -7.3252e-05 0.000100933 0.001375984 0.000169005 -4.8134e-05 0.00128937 0.000190875 1.7682e-05 0.001375984 -0.000196055 0.000182714 0.00128937 -7.3252e-05 -0.000182714 0.00128937 7.3252e-05 -0.000196407 0.001375984 1.3205e-05 -4.5518e-05 0.001281496 -0.0001996 0.000180995 0.001375984 7.7401e-05 -0.000191923 0.001375984 4.3767e-05 0.000191923 0.00128937 -4.3767e-05 4.8134e-05 0.00128937 -0.000190875 1.8161e-05 0.001257874 -0.000219723 0.000196055 0.00128937 1.7682e-05 -0.000196055 0.00128937 -1.7682e-05 0.000100933 0.00128937 0.000169005 0.000166658 0.001375984 0.000104762 -0.000148218 0.00128937 -0.000129543 0.000151135 0.001375984 -0.000126128 1.4789e-05 0.001257874 0.000219976 4.3767e-05 0.001375984 0.000191923 -0.000218256 0.001257874 3.1187e-05 -0.000220466 0.001257874 -1.691e-06 -0.000217752 0.001257874 -3.4531e-05 -0.00018311 0.001257874 0.000122796 0.00021117 0.001257874 -6.3368e-05 8.2119e-05 0.001257874 -0.000204608 0.000217752 0.001257874 3.4531e-05 0.000162763 0.001257874 -0.000148716 -0.000199367 0.001257874 9.4133e-05 -0.000181205 0.001257874 -0.00012559 -8.2119e-05 0.001257874 0.000204608 0.000218256 0.001257874 -3.1187e-05 -0.000162763 0.001257874 0.000148716 -0.00021117 0.001257874 6.3368e-05 0.00018311 0.001257874 -0.000122796 0.000108769 0.001257874 0.000191774 -0.000210173 0.001257874 -6.6599e-05 -0.000160463 0.001257874 -0.000151194 -0.000197899 0.001257874 -9.718e-05 0.00013878 0.001257874 -0.000171313 -0.000108769 0.001257874 -0.000191774 -0.00013878 0.001257874 0.000171313 0.000160463 0.001257874 0.000151194 0.000104762 0.001375984 -0.000166658 0.000210173 0.001281496 6.6599e-05 -7.7401e-05 0.001375984 0.000180995 0.000204263 0.001281496 -1.3733e-05 0.000199367 0.001281496 -9.4133e-05 -0.000124875 0.00127808 0.000142876 -0.000180995 0.001375984 -7.7401e-05 7.0612e-05 0.00127808 0.000176129 0.000148218 0.00128937 0.000129543 -0.000191923 0.00128937 4.3767e-05 -4.64e-05 0.00127808 0.000183996 -0.0001996 0.001281496 4.5518e-05 0.000173325 0.001281496 0.000108953 -0.000173325 0.001281496 -0.000108953 0.00015718 0.001281496 -0.000131173 -0.00015718 0.001281496 0.000131173 -4.741e-05 0.001257874 -0.000215315 -0.000129543 0.001375984 0.000148218 -1.7682e-05 0.00128937 0.000196055 -0.000203897 0.001281496 -1.839e-05 -0.000136136 0.001281496 -0.000173421 0.000136136 0.001281496 0.000173421 -0.000111697 0.001281496 0.000190084 0.000111697 0.001281496 -0.000190084 0.000129543 0.00128937 -0.000148218 1.7682e-05 0.00128937 -0.000196055 -0.000183996 0.00127808 -4.64e-05 -0.000166658 0.001375984 -0.000104762 0.000183996 0.00127808 4.64e-05 7.8971e-05 0.001281496 0.000205844 -7.8971e-05 0.001281496 -0.000205844 5.0707e-05 0.001281496 -0.000214562 -5.0707e-05 0.001281496 0.000214562 -1.3205e-05 0.00128937 -0.000196407 4.741e-05 0.001281496 0.000215315 -7.3252e-05 0.001375984 -0.000182714 -7.3252e-05 0.00128937 -0.000182714 -0.000126128 0.001375984 -0.000151135 0.000197899 0.001257874 9.718e-05 -1.8161e-05 0.001257874 0.000219723 -0.000151135 0.001375984 0.000126128 0.000176129 0.00127808 -7.0612e-05 -1.4789e-05 0.001281496 -0.000219976 1.4789e-05 0.001281496 0.000219976 1.839e-05 0.001281496 -0.000203897 0.000203897 0.001281496 1.839e-05 -0.000204263 0.001281496 1.3733e-05 0.00010497 0.001281496 0.000175765 -0.00010497 0.001281496 -0.000175765 -0.000104762 0.00128937 0.000166658 0.0001996 0.001281496 -4.5518e-05 1.2729e-05 0.00127808 0.000189329 -0.000188235 0.001281496 -8.0497e-05 8.0497e-05 0.001281496 -0.000188235 -8.0497e-05 0.001281496 0.000188235 -1.839e-05 0.001281496 0.000203897 0.000188235 0.001281496 8.0497e-05 -0.000176129 0.00127808 7.0612e-05 4.64e-05 0.00127808 -0.000183996 -0.000175765 0.001281496 0.00010497 0.000175765 0.001281496 -0.00010497 -0.000166658 0.00128937 -0.000104762 0.000185007 0.00127808 -4.219e-05 -0.0001978 0.001273819 -1.784e-05 0.000166658 0.00128937 0.000104762 0.000104762 0.00128937 -0.000166658 4.4157e-05 0.001273819 0.000193631 -4.4157e-05 0.001273819 -0.000193631 -0.000178157 0.001287652 7.1425e-05 0.000178157 0.001287652 -7.1425e-05 -0.000126128 0.00128937 -0.000151135 0.000160652 0.00127808 0.000100987 -0.000100987 0.00127808 0.000160652 0.000100987 0.00127808 -0.000160652 -0.000160652 0.00127808 -0.000100987 -0.000151135 0.00128937 0.000126128 0.000151135 0.00128937 -0.000126128 4.219e-05 0.00127808 0.000185007 -4.219e-05 0.00127808 -0.000185007 -0.000188989 0.00127808 -1.7045e-05 0.000188989 0.00127808 1.7045e-05 0.000186114 0.001287652 4.6934e-05 -0.000186114 0.001287652 -4.6934e-05 4.6934e-05 0.001287652 -0.000186114 -1.2876e-05 0.001287652 -0.000191509 -7.1425e-05 0.001287652 -0.000178157 -0.000168142 0.001273819 -0.000105695 0.000105695 0.001273819 -0.000168142 -0.000105695 0.001273819 0.000168142 0.000198155 0.001273819 -1.3322e-05 0.000168142 0.001273819 0.000105695 -1.8235e-05 0.001276587 0.000202186 -0.000193631 0.001273819 4.4157e-05 0.000133595 0.001276587 -0.000152853 0.000152853 0.001276587 0.000133595 -0.000133595 0.001276587 0.000152853 -0.000152853 0.001276587 -0.000133595 1.8235e-05 0.001276587 -0.000202186 7.1425e-05 0.001287652 0.000178157 -1.2729e-05 0.00127808 -0.000189329 1.2876e-05 0.001287652 0.000191509 -0.000191509 0.001287652 1.2876e-05 0.000191509 0.001287652 -1.2876e-05 -1.7241e-05 0.001287652 0.000191165 0.000196844 0.001276587 4.964e-05 -4.5136e-05 0.001276587 -0.000197925 0.000197925 0.001276587 -4.5136e-05 4.5136e-05 0.001276587 0.000197925 -7.4612e-05 0.00127808 0.000174472 7.4612e-05 0.00127808 -0.000174472 -0.000174472 0.00127808 -7.4612e-05 0.000174472 0.00127808 7.4612e-05 -0.000189329 0.00127808 1.2729e-05 0.000189329 0.00127808 -1.2729e-05 -0.000188428 0.001276587 7.5543e-05 -0.000202186 0.001276587 -1.8235e-05 -7.5471e-05 0.001287652 0.000176481 -0.000121583 0.00127808 -0.000145688 -0.000145688 0.00127808 0.000121583 0.000145688 0.00127808 -0.000121583 0.000121583 0.00127808 0.000145688 0.000188592 0.001274402 -4.3008e-05 -0.000188592 0.001274402 4.3008e-05 -1.3322e-05 0.001273819 -0.000198155 1.3322e-05 0.001273819 0.000198155 -1.7045e-05 0.00127808 0.000188989 -0.00015248 0.001273819 0.000127251 -0.000187137 0.001287652 4.2676e-05 0.000187137 0.001287652 -4.2676e-05 7.5471e-05 0.001287652 -0.000176481 -0.000176481 0.001287652 -7.5471e-05 0.000176481 0.001287652 7.5471e-05 -4.964e-05 0.001276587 0.000196844 -0.000196844 0.001276587 -4.964e-05 4.964e-05 0.001276587 -0.000196844 -0.000197925 0.001276587 4.5136e-05 0.000162914 0.00127808 -9.7295e-05 -0.000162914 0.00127808 9.7295e-05 -9.7295e-05 0.00127808 -0.000162914 9.7295e-05 0.00127808 0.000162914 1.7241e-05 0.001287652 -0.000191165 4.2676e-05 0.001287652 0.000187137 -4.6934e-05 0.001287652 0.000186114 -4.2676e-05 0.001287652 -0.000187137 0.000191165 0.001287652 1.7241e-05 -0.000191165 0.001287652 -1.7241e-05 0.000202186 0.001276587 1.8235e-05 7.5543e-05 0.001276587 0.000188428 -7.5543e-05 0.001276587 -0.000188428 0.000188428 0.001276587 -7.5543e-05 -4.3008e-05 0.001274402 -0.000188592 4.3008e-05 0.001274402 0.000188592 7.6058e-05 0.001274402 -0.000177854 0.000177854 0.001274402 7.6058e-05 -7.6058e-05 0.001274402 0.000177854 -0.000177854 0.001274402 -7.6058e-05 -4.8563e-05 0.001273819 0.000192574 4.8563e-05 0.001273819 -0.000192574 -0.000192574 0.001273819 -4.8563e-05 0.000127251 0.001273819 0.00015248 -0.000127251 0.001273819 -0.00015248 0.00015248 0.001273819 -0.000127251 0.000192574 0.001273819 4.8563e-05 -7.3904e-05 0.001273819 -0.00018434 7.3904e-05 0.001273819 0.00018434 0.00018434 0.001273819 -7.3904e-05 -0.00018434 0.001273819 7.3904e-05 1.2976e-05 0.001274402 0.000192998 -1.2976e-05 0.001274402 -0.000192998 0.000192998 0.001274402 -1.2976e-05 -0.000192998 0.001274402 1.2976e-05 -0.000126313 0.001287652 0.000144522 -0.000144522 0.001287652 -0.000126313 0.000144522 0.001287652 0.000126313 0.000126313 0.001287652 -0.000144522 -9.8415e-05 0.001287652 -0.00016479 0.00016479 0.001287652 -9.8415e-05 -0.00016479 0.001287652 9.8415e-05 9.8415e-05 0.001287652 0.00016479</float_array>
          <technique_common>
            <accessor source="#FBXASC227FBXASC130FBXASC189FBXASC227FBXASC131FBXASC170FBXASC227FBXASC131FBXASC131FBXASC227FBXASC131FBXASC1378-POSITION-array" count="344" stride="3">
              <param name="X" type="float"/>
              <param name="Y" type="float"/>
              <param name="Z" type="float"/>
            </accessor>
          </technique_common>
        </source>
        <source id="FBXASC227FBXASC130FBXASC189FBXASC227FBXASC131FBXASC170FBXASC227FBXASC131FBXASC131FBXASC227FBXASC131FBXASC1378-Normal0">
          <float_array id="FBXASC227FBXASC130FBXASC189FBXASC227FBXASC131FBXASC170FBXASC227FBXASC131FBXASC131FBXASC227FBXASC131FBXASC1378-Normal0-array" count="6156">
-0.000000 2.540000 -0.000000
-0.000000 2.540000 -0.000000
-0.000000 2.540000 -0.000000
0.000000 -2.540000 0.000000
0.000000 -2.540000 0.000000
0.000000 -2.540000 0.000000
-0.000000 2.540000 -0.000000
-0.000000 2.540000 -0.000000
-0.000000 2.540000 -0.000000
0.000000 -2.540000 0.000000
0.000000 -2.540000 0.000000
0.000000 -2.540000 0.000000
-0.000000 2.540000 -0.000000
-0.000000 2.540000 -0.000000
-0.000000 2.540000 -0.000000
0.000000 -2.540000 0.000000
0.000000 -2.540000 0.000000
0.000000 -2.540000 0.000000
-0.000000 2.540000 -0.000000
-0.000000 2.540000 -0.000000
-0.000000 2.540000 -0.000000
0.000000 -2.540000 0.000000
0.000000 -2.540000 0.000000
0.000000 -2.540000 0.000000
-0.946173 2.288461 0.565070
0.433944 2.476317 -0.362143
-0.846127 2.288461 0.706127
0.000000 -2.540000 0.000000
0.000000 -2.540000 0.000000
0.000000 -2.540000 0.000000
0.000000 -2.540000 0.000000
0.000000 -2.540000 0.000000
0.000000 -2.540000 0.000000
-0.000000 2.540000 -0.000000
-0.000000 2.540000 -0.000000
-0.000000 2.540000 -0.000000
-0.000000 2.540000 -0.000000
-0.000000 2.540000 -0.000000
-0.000000 2.540000 -0.000000
-2.335412 -0.000000 -0.998724
-2.150425 -0.000000 -1.351767
-2.335412 -0.000000 -0.998724
0.000000 -2.540000 0.000000
0.000000 -2.540000 0.000000
0.000000 -2.540000 0.000000
-0.441529 1.583664 -1.936146
-0.125666 2.476317 -0.551056
-0.133213 1.583664 -1.981379
1.671525 0.000000 -1.912486
1.351767 0.000000 -2.150425
1.671525 0.000000 -1.912486
-0.170386 -0.000000 -2.534279
0.228161 -0.000000 -2.529732
-0.170386 -0.000000 -2.534279
-1.901231 -0.565203 1.586653
-1.964748 1.102065 1.173380
-1.757001 1.102065 1.466288
-2.534279 -0.000000 0.170386
-2.534279 -0.000000 0.170386
-2.476424 -0.000000 0.564736
0.000000 -2.540000 0.000000
0.000000 -2.540000 0.000000
0.000000 -2.540000 0.000000
-0.945181 -0.000000 -2.357590
-1.302353 -0.000000 -2.180706
-0.945181 -0.000000 -2.357590
0.000000 -2.540000 0.000000
0.000000 -2.540000 0.000000
0.000000 -2.540000 0.000000
0.228161 -0.000000 -2.529732
0.621089 -0.000000 -2.462894
0.228161 -0.000000 -2.529732
0.945181 0.000000 2.357590
0.564736 0.000000 2.476424
0.945181 0.000000 2.357590
2.150425 0.000000 1.351767
2.150425 0.000000 1.351767
2.335412 0.000000 0.998724
2.476424 0.000000 -0.564736
2.357590 0.000000 -0.945181
2.476424 0.000000 -0.564736
2.335412 0.000000 0.998724
2.150425 0.000000 1.351767
2.335412 0.000000 0.998724
-1.351767 -0.000000 2.150425
-1.351767 -0.000000 2.150425
-1.671525 -0.000000 1.912486
0.170386 0.000000 2.534279
-0.228161 0.000000 2.529732
0.170386 0.000000 2.534279
0.000000 -2.540000 0.000000
0.000000 -2.540000 0.000000
0.000000 -2.540000 0.000000
-2.534279 -0.000000 0.170386
-2.534279 -0.000000 0.170386
-2.529732 -0.000000 -0.228161
1.671525 0.000000 -1.912486
1.950125 0.000000 -1.627457
1.671525 0.000000 -1.912486
2.357590 0.000000 -0.945181
2.357590 0.000000 -0.945181
2.476424 0.000000 -0.564736
0.000000 -2.540000 0.000000
0.000000 -2.540000 0.000000
0.000000 -2.540000 0.000000
0.371949 2.476317 -0.425568
1.524669 1.583664 -1.272397
1.306851 1.583664 -1.495242
-2.529732 -0.000000 -0.228161
-2.534279 -0.000000 0.170386
-1.981379 1.583664 0.133213
0.000000 -2.540000 0.000000
0.000000 -2.540000 0.000000
0.000000 -2.540000 0.000000
-2.150425 -0.000000 -1.351767
-2.150425 -0.000000 -1.351767
-2.335412 -0.000000 -0.998724
-1.627457 -0.000000 -1.950125
-1.627457 -0.000000 -1.950125
-1.302353 -0.000000 -2.180706
-1.950125 -0.000000 1.627457
-1.671525 -0.000000 1.912486
-1.950125 -0.000000 1.627457
-2.357590 -0.000000 0.945181
-2.476424 -0.000000 0.564736
-2.357590 -0.000000 0.945181
-1.056854 1.583664 1.681270
-1.671525 -0.000000 1.912486
-1.351767 -0.000000 2.150425
0.000000 -2.540000 0.000000
0.000000 -2.540000 0.000000
0.000000 -2.540000 0.000000
0.000000 -2.540000 0.000000
0.000000 -2.540000 0.000000
0.000000 -2.540000 0.000000
2.087613 0.000000 1.446884
2.279943 0.000000 1.119581
2.087613 0.000000 1.446884
0.508810 1.102065 2.231180
0.166114 -0.565203 2.470739
0.153512 1.102065 2.283306
-0.228161 0.000000 2.529732
-0.621089 0.000000 2.462894
-0.228161 0.000000 2.529732
-0.000000 2.540000 -0.000000
-0.000000 2.540000 -0.000000
-0.000000 2.540000 -0.000000
1.302353 0.000000 2.180706
1.627457 0.000000 1.950125
1.302353 0.000000 2.180706
-0.738973 1.583664 -1.843238
-0.210323 2.476317 -0.524613
-0.441529 1.583664 -1.936146
1.568389 0.000000 1.997938
1.848649 0.000000 1.741866
1.568389 0.000000 1.997938
2.462894 0.000000 0.621089
2.335412 0.000000 0.998724
2.462894 0.000000 0.621089
0.000000 -2.540000 0.000000
0.000000 -2.540000 0.000000
0.000000 -2.540000 0.000000
0.000000 -2.540000 0.000000
0.000000 -2.540000 0.000000
0.000000 -2.540000 0.000000
0.441529 1.583664 1.936146
0.125666 2.476317 0.551056
0.133213 1.583664 1.981379
-0.000000 2.540000 -0.000000
-0.000000 2.540000 -0.000000
-0.000000 2.540000 -0.000000
0.000000 -2.540000 0.000000
0.000000 -2.540000 0.000000
0.000000 -2.540000 0.000000
0.000000 -2.540000 0.000000
0.000000 -2.540000 0.000000
0.000000 -2.540000 0.000000
1.925568 1.583664 0.485587
1.977824 1.583664 0.178383
0.548046 2.476317 0.138205
0.546197 0.000000 2.480578
0.909808 0.000000 2.371466
0.909808 0.000000 2.371466
0.000000 -2.540000 0.000000
0.000000 -2.540000 0.000000
0.000000 -2.540000 0.000000
-0.000000 2.540000 -0.000000
-0.000000 2.540000 -0.000000
-0.000000 2.540000 -0.000000
0.621089 -0.000000 -2.462894
0.621089 -0.000000 -2.462894
0.228161 -0.000000 -2.529732
0.000000 -2.540000 0.000000
0.000000 -2.540000 0.000000
0.000000 -2.540000 0.000000
1.495242 1.583664 1.306851
1.272397 1.583664 1.524669
1.627457 0.000000 1.950125
-1.901231 -0.565203 1.586653
-1.757001 1.102065 1.466288
-1.629616 -0.565203 1.864536
-0.584176 0.000000 2.471910
-0.209232 0.000000 2.531368
-0.584176 0.000000 2.471910
-0.000000 2.540000 -0.000000
-0.000000 2.540000 -0.000000
-0.000000 2.540000 -0.000000
2.529732 0.000000 0.228161
2.534279 0.000000 -0.170386
2.529732 0.000000 0.228161
-0.000000 2.540000 -0.000000
-0.000000 2.540000 -0.000000
-0.000000 2.540000 -0.000000
-0.000000 2.540000 -0.000000
-0.000000 2.540000 -0.000000
-0.000000 2.540000 -0.000000
2.414334 -0.565203 -0.550577
2.470739 -0.565203 -0.166114
2.231180 1.102065 -0.508810
2.279210 1.102065 0.205566
2.283306 1.102065 -0.153512
2.470739 -0.565203 -0.166114
1.912486 0.000000 1.671525
1.912486 0.000000 1.671525
1.627457 0.000000 1.950125
-0.000000 2.540000 -0.000000
-0.000000 2.540000 -0.000000
-0.000000 2.540000 -0.000000
0.998724 0.000000 -2.335412
0.998724 0.000000 -2.335412
1.351767 0.000000 -2.150425
0.973684 -0.565203 -2.276859
1.217900 1.102065 -1.937466
0.899819 1.102065 -2.104134
-0.000000 2.540000 -0.000000
-0.000000 2.540000 -0.000000
-0.000000 2.540000 -0.000000
-0.000000 2.540000 -0.000000
-0.000000 2.540000 -0.000000
-0.000000 2.540000 -0.000000
-1.351767 -0.000000 2.150425
-0.998724 -0.000000 2.335412
-1.351767 -0.000000 2.150425
-0.000000 2.540000 -0.000000
-0.000000 2.540000 -0.000000
-0.000000 2.540000 -0.000000
2.296845 0.000000 -1.084484
2.109557 0.000000 -1.414698
2.296845 0.000000 -1.084484
-0.000000 2.540000 -0.000000
-0.000000 2.540000 -0.000000
-0.000000 2.540000 -0.000000
0.899819 1.102065 -2.104134
0.586510 2.288461 -0.933034
0.433330 2.288461 -1.013297
0.584176 -0.000000 -2.471910
0.209232 -0.000000 -2.531368
0.584176 -0.000000 -2.471910
-0.073928 2.288461 -1.099582
0.125666 2.476317 0.551056
-0.245030 2.288461 -1.074480
-0.565070 2.288461 -0.946173
0.362143 2.476317 0.433944
-0.706127 2.288461 -0.846127
-1.286831 -0.000000 2.189901
-0.946070 -0.000000 2.357234
-1.286831 -0.000000 2.189901
-0.000000 2.540000 -0.000000
-0.000000 2.540000 -0.000000
-0.000000 2.540000 -0.000000
-2.462894 -0.000000 -0.621089
-2.529732 -0.000000 -0.228161
-2.462894 -0.000000 -0.621089
-0.000000 2.540000 -0.000000
-0.000000 2.540000 -0.000000
-0.000000 2.540000 -0.000000
0.000000 -2.540000 0.000000
0.000000 -2.540000 0.000000
0.812004 -1.985852 1.359648
1.627457 0.000000 1.950125
1.627457 0.000000 1.950125
1.302353 0.000000 2.180706
-0.000000 2.540000 -0.000000
-0.000000 2.540000 -0.000000
-0.000000 2.540000 -0.000000
-0.000000 2.540000 -0.000000
-0.000000 2.540000 -0.000000
-0.000000 2.540000 -0.000000
0.546197 0.000000 2.480578
0.909808 0.000000 2.371466
0.546197 0.000000 2.480578
0.000000 -2.540000 0.000000
0.000000 -2.540000 0.000000
0.000000 -2.540000 0.000000
-0.000000 2.540000 -0.000000
-0.000000 2.540000 -0.000000
-0.000000 2.540000 -0.000000
-0.000000 2.540000 -0.000000
-0.000000 2.540000 -0.000000
-0.000000 2.540000 -0.000000
0.000000 -2.540000 0.000000
0.000000 -2.540000 0.000000
0.000000 -2.540000 0.000000
-0.000000 2.540000 -0.000000
-0.000000 2.540000 -0.000000
-0.000000 2.540000 -0.000000
-0.000000 2.540000 -0.000000
-0.000000 2.540000 -0.000000
-0.000000 2.540000 -0.000000
-0.000000 2.540000 -0.000000
-0.000000 2.540000 -0.000000
-0.000000 2.540000 -0.000000
0.000000 -2.540000 0.000000
0.000000 -2.540000 0.000000
0.000000 -2.540000 0.000000
-0.000000 2.540000 -0.000000
-0.000000 2.540000 -0.000000
-0.000000 2.540000 -0.000000
0.564736 0.000000 2.476424
0.564736 0.000000 2.476424
0.945181 0.000000 2.357590
-0.000000 2.540000 -0.000000
-0.000000 2.540000 -0.000000
-0.000000 2.540000 -0.000000
-0.000000 2.540000 -0.000000
-0.000000 2.540000 -0.000000
-0.000000 2.540000 -0.000000
-0.209232 0.000000 2.531368
0.170386 0.000000 2.534279
0.170386 0.000000 2.534279
2.124115 1.102065 -0.851579
2.414334 -0.565203 -0.550577
2.231180 1.102065 -0.508810
1.901231 -0.565203 -1.586653
1.964748 1.102065 -1.173380
1.757001 1.102065 -1.466288
-0.222440 -0.565203 2.466306
-0.205566 1.102065 2.279210
0.166114 -0.565203 2.470739
-0.973684 -0.565203 2.276859
-1.217900 1.102065 1.937466
-0.899819 1.102065 2.104134
-1.535589 -1.985852 -0.387243
-1.577262 -1.985852 -0.142256
0.000000 -2.540000 0.000000
-2.462894 -0.000000 -0.621089
-2.462894 -0.000000 -0.621089
-2.335412 -0.000000 -0.998724
2.180706 0.000000 -1.302353
2.180706 0.000000 -1.302353
1.950125 0.000000 -1.627457
-0.000000 2.540000 -0.000000
-0.000000 2.540000 -0.000000
-0.000000 2.540000 -0.000000
0.209232 -0.000000 -2.531368
-0.170386 -0.000000 -2.534279
-0.170386 -0.000000 -2.534279
-0.000000 2.540000 -0.000000
-0.000000 2.540000 -0.000000
-0.000000 2.540000 -0.000000
1.535589 -1.985852 0.387243
1.577262 -1.985852 0.142256
0.000000 -2.540000 0.000000
2.534279 0.000000 -0.170386
2.534279 0.000000 -0.170386
2.529732 0.000000 0.228161
0.000000 -2.540000 0.000000
0.000000 -2.540000 0.000000
0.000000 -2.540000 0.000000
-0.000000 2.540000 -0.000000
-0.000000 2.540000 -0.000000
-0.000000 2.540000 -0.000000
-0.106234 -1.985852 -1.580097
-0.352107 -1.985852 -1.544025
0.000000 -2.540000 0.000000
-0.564736 -0.000000 -2.476424
-0.945181 -0.000000 -2.357590
-0.564736 -0.000000 -2.476424
-0.000000 2.540000 -0.000000
-0.000000 2.540000 -0.000000
-0.000000 2.540000 -0.000000
-1.627457 -0.000000 -1.950125
-1.627457 -0.000000 -1.950125
-1.912486 -0.000000 -1.671525
0.000000 -2.540000 0.000000
0.000000 -2.540000 0.000000
0.000000 -2.540000 0.000000
-0.000000 2.540000 -0.000000
-0.000000 2.540000 -0.000000
-0.000000 2.540000 -0.000000
-1.671525 -0.000000 1.912486
-1.671525 -0.000000 1.912486
-1.950125 -0.000000 1.627457
-1.042179 -1.985852 1.192416
0.000000 -2.540000 0.000000
-1.215883 -1.985852 1.014703
-0.000000 2.540000 -0.000000
-0.000000 2.540000 -0.000000
-0.000000 2.540000 -0.000000
0.909808 0.000000 2.371466
1.253094 0.000000 2.209379
0.909808 0.000000 2.371466
-0.000000 2.540000 -0.000000
-0.000000 2.540000 -0.000000
-0.000000 2.540000 -0.000000
-0.000000 2.540000 -0.000000
-0.000000 2.540000 -0.000000
-0.000000 2.540000 -0.000000
-0.000000 2.540000 -0.000000
-0.000000 2.540000 -0.000000
-0.000000 2.540000 -0.000000
2.421342 0.000000 0.767269
2.508653 0.000000 0.397816
2.421342 0.000000 0.767269
-0.000000 2.540000 -0.000000
-0.000000 2.540000 -0.000000
-0.000000 2.540000 -0.000000
-0.000000 2.540000 -0.000000
-0.000000 2.540000 -0.000000
-0.000000 2.540000 -0.000000
-0.000000 2.540000 -0.000000
-0.000000 2.540000 -0.000000
-0.000000 2.540000 -0.000000
0.000000 -2.540000 0.000000
0.000000 -2.540000 0.000000
0.000000 -2.540000 0.000000
-0.564736 -0.000000 -2.476424
-0.170386 -0.000000 -2.534279
-0.564736 -0.000000 -2.476424
-0.000000 2.540000 -0.000000
-0.000000 2.540000 -0.000000
-0.000000 2.540000 -0.000000
-2.357590 -0.000000 0.945181
-2.357590 -0.000000 0.945181
-2.180706 -0.000000 1.302353
-0.000000 2.540000 -0.000000
-0.000000 2.540000 -0.000000
-0.000000 2.540000 -0.000000
0.946173 2.288461 -0.565070
-0.433944 2.476317 0.362143
0.846127 2.288461 -0.706127
-0.000000 2.540000 -0.000000
-0.000000 2.540000 -0.000000
-0.000000 2.540000 -0.000000
0.000000 -2.540000 0.000000
0.000000 -2.540000 0.000000
0.000000 -2.540000 0.000000
-0.000000 2.540000 -0.000000
-0.000000 2.540000 -0.000000
-0.000000 2.540000 -0.000000
-0.000000 2.540000 -0.000000
-0.000000 2.540000 -0.000000
-0.000000 2.540000 -0.000000
0.000000 -2.540000 0.000000
0.000000 -2.540000 0.000000
0.000000 -2.540000 0.000000
-0.000000 2.540000 -0.000000
-0.000000 2.540000 -0.000000
-0.000000 2.540000 -0.000000
0.000000 -2.540000 0.000000
0.000000 -2.540000 0.000000
0.000000 -2.540000 0.000000
-0.425568 2.476317 -0.371949
-1.495242 1.583664 -1.306851
-0.478515 2.476317 -0.300796
-0.425568 2.476317 -0.371949
-1.272397 1.583664 -1.524669
-1.495242 1.583664 -1.306851
-0.000000 2.540000 -0.000000
-0.000000 2.540000 -0.000000
-0.000000 2.540000 -0.000000
0.000000 -2.540000 0.000000
0.000000 -2.540000 0.000000
0.000000 -2.540000 0.000000
-0.000000 2.540000 -0.000000
-0.000000 2.540000 -0.000000
-0.000000 2.540000 -0.000000
0.000000 -2.540000 0.000000
0.000000 -2.540000 0.000000
0.000000 -2.540000 0.000000
-0.909808 -0.000000 -2.371466
-1.253094 -0.000000 -2.209379
-0.909808 -0.000000 -2.371466
-0.546197 -0.000000 -2.480578
-0.909808 -0.000000 -2.371466
-0.909808 -0.000000 -2.371466
0.551056 2.476317 -0.125666
0.524613 2.476317 -0.210323
-1.022920 2.288461 0.410099
-2.283306 1.102065 0.153512
-1.097610 2.288461 -0.098995
-1.099582 2.288461 0.073928
-0.000000 2.540000 -0.000000
-0.000000 2.540000 -0.000000
-0.000000 2.540000 -0.000000
-1.495242 1.583664 -1.306851
-1.272397 1.583664 -1.524669
-1.627457 -0.000000 -1.950125
-0.000000 2.540000 -0.000000
-0.000000 2.540000 -0.000000
-0.000000 2.540000 -0.000000
0.485587 1.583664 -1.925568
0.178383 1.583664 -1.977824
0.138205 2.476317 -0.548046
2.279943 0.000000 1.119581
2.421342 0.000000 0.767269
2.421342 0.000000 0.767269
0.000000 -2.540000 0.000000
0.000000 -2.540000 0.000000
0.000000 -2.540000 0.000000
-0.000000 2.540000 -0.000000
-0.000000 2.540000 -0.000000
-0.000000 2.540000 -0.000000
1.056854 1.583664 -1.681270
1.671525 0.000000 -1.912486
1.351767 0.000000 -2.150425
-0.000000 2.540000 -0.000000
-0.000000 2.540000 -0.000000
-0.000000 2.540000 -0.000000
-0.000000 2.540000 -0.000000
-0.000000 2.540000 -0.000000
-0.000000 2.540000 -0.000000
-0.170386 -0.000000 -2.534279
-0.441529 1.583664 -1.936146
-0.133213 1.583664 -1.981379
0.170386 0.000000 2.534279
0.546197 0.000000 2.480578
0.546197 0.000000 2.480578
0.425568 2.476317 0.371949
1.495242 1.583664 1.306851
0.478515 2.476317 0.300796
0.425568 2.476317 0.371949
1.272397 1.583664 1.524669
1.495242 1.583664 1.306851
-0.000000 2.540000 -0.000000
-0.000000 2.540000 -0.000000
-0.000000 2.540000 -0.000000
-0.000000 2.540000 -0.000000
-0.000000 2.540000 -0.000000
-0.000000 2.540000 -0.000000
2.462894 0.000000 0.621089
2.529732 0.000000 0.228161
2.462894 0.000000 0.621089
-0.000000 2.540000 -0.000000
-0.000000 2.540000 -0.000000
-0.000000 2.540000 -0.000000
0.000000 -2.540000 0.000000
0.000000 -2.540000 0.000000
0.000000 -2.540000 0.000000
0.946070 0.000000 -2.357234
0.584176 -0.000000 -2.471910
0.584176 -0.000000 -2.471910
-0.371949 2.476317 0.425568
-1.306851 1.583664 1.495242
-0.300796 2.476317 0.478515
-0.371949 2.476317 0.425568
-1.524669 1.583664 1.272397
-1.306851 1.583664 1.495242
-0.000000 2.540000 -0.000000
-0.000000 2.540000 -0.000000
-0.000000 2.540000 -0.000000
-0.621089 0.000000 2.462894
-0.621089 0.000000 2.462894
-0.228161 0.000000 2.529732
1.627457 0.000000 1.950125
1.912486 0.000000 1.671525
1.627457 0.000000 1.950125
-0.000000 2.540000 -0.000000
-0.000000 2.540000 -0.000000
-0.000000 2.540000 -0.000000
-0.546197 -0.000000 -2.480578
-0.170386 -0.000000 -2.534279
-0.170386 -0.000000 -2.534279
0.000000 -2.540000 0.000000
0.000000 -2.540000 0.000000
0.000000 -2.540000 0.000000
-0.946070 -0.000000 2.357234
-0.584176 0.000000 2.471910
-0.584176 0.000000 2.471910
0.000000 -2.540000 0.000000
0.000000 -2.540000 0.000000
0.000000 -2.540000 0.000000
0.921484 -0.565203 2.298481
0.550577 -0.565203 2.414334
0.851579 1.102065 2.124115
0.170386 0.000000 2.534279
0.170386 0.000000 2.534279
0.564736 0.000000 2.476424
0.000000 -2.540000 0.000000
0.000000 -2.540000 0.000000
0.000000 -2.540000 0.000000
2.432825 0.000000 -0.730044
2.296845 0.000000 -1.084484
2.296845 0.000000 -1.084484
-2.476424 -0.000000 0.564736
-2.534279 -0.000000 0.170386
-2.476424 -0.000000 0.564736
-2.466306 -0.565203 -0.222440
-2.279210 1.102065 -0.205566
-2.470739 -0.565203 0.166114
-1.253094 -0.000000 -2.209379
-1.568389 -0.000000 -1.997938
-1.568389 -0.000000 -1.997938
-1.568389 -0.000000 -1.997938
-1.848649 -0.000000 -1.741866
-1.568389 -0.000000 -1.997938
0.000000 -2.540000 0.000000
0.000000 -2.540000 0.000000
0.000000 -2.540000 0.000000
-1.598846 -0.000000 1.973649
-1.286831 -0.000000 2.189901
-1.286831 -0.000000 2.189901
1.253094 0.000000 2.209379
1.568389 0.000000 1.997938
1.568389 0.000000 1.997938
0.000000 -2.540000 0.000000
0.000000 -2.540000 0.000000
0.000000 -2.540000 0.000000
0.998724 0.000000 -2.335412
0.621089 -0.000000 -2.462894
0.998724 0.000000 -2.335412
-0.000000 2.540000 -0.000000
-0.000000 2.540000 -0.000000
-0.000000 2.540000 -0.000000
1.848649 0.000000 1.741866
2.087613 0.000000 1.446884
2.087613 0.000000 1.446884
0.000000 -2.540000 0.000000
0.000000 -2.540000 0.000000
0.000000 -2.540000 0.000000
1.598846 0.000000 -1.973649
1.286831 0.000000 -2.189901
1.286831 0.000000 -2.189901
1.286831 0.000000 -2.189901
0.946070 0.000000 -2.357234
1.286831 0.000000 -2.189901
-0.000000 2.540000 -0.000000
-0.000000 2.540000 -0.000000
-0.000000 2.540000 -0.000000
-0.562918 2.476317 -0.050771
-0.548046 2.476317 -0.138205
-1.925568 1.583664 -0.485587
0.205566 1.102065 -2.279210
0.605517 -0.565203 -2.401145
0.559582 1.102065 -2.218991
-0.073928 2.288461 -1.099582
-0.245030 2.288461 -1.074480
-0.153512 1.102065 -2.283306
-0.485587 1.583664 1.925568
-0.178383 1.583664 1.977824
-0.138205 2.476317 0.548046
-0.000000 2.540000 -0.000000
-0.000000 2.540000 -0.000000
-0.000000 2.540000 -0.000000
1.586653 -0.565203 1.901231
1.269700 -0.565203 2.126031
1.173380 1.102065 1.964748
1.586653 -0.565203 1.901231
1.173380 1.102065 1.964748
1.466288 1.102065 1.757001
-0.000000 2.540000 -0.000000
-0.000000 2.540000 -0.000000
-0.000000 2.540000 -0.000000
-0.000000 2.540000 -0.000000
-0.000000 2.540000 -0.000000
-0.000000 2.540000 -0.000000
-2.466306 -0.565203 -0.222440
-2.401145 -0.565203 -0.605517
-2.279210 1.102065 -0.205566
-2.276859 -0.565203 -0.973684
-1.937466 1.102065 -1.217900
-2.104134 1.102065 -0.899819
2.466306 -0.565203 0.222440
2.401145 -0.565203 0.605517
2.279210 1.102065 0.205566
2.276859 -0.565203 0.973684
1.937466 1.102065 1.217900
2.104134 1.102065 0.899819
-0.000000 2.540000 -0.000000
-0.000000 2.540000 -0.000000
-0.000000 2.540000 -0.000000
0.738973 1.583664 1.843238
0.210323 2.476317 0.524613
0.441529 1.583664 1.936146
-1.586653 -0.565203 -1.901231
-1.269700 -0.565203 -2.126031
-1.173380 1.102065 -1.964748
-1.302353 -0.000000 -2.180706
-1.302353 -0.000000 -2.180706
-0.945181 -0.000000 -2.357590
-0.000000 2.540000 -0.000000
-0.000000 2.540000 -0.000000
-0.000000 2.540000 -0.000000
-0.485253 2.476317 0.289801
-0.524613 2.476317 0.210323
-1.843238 1.583664 0.738973
0.551056 2.476317 -0.125666
1.843238 1.583664 -0.738973
0.524613 2.476317 -0.210323
-0.000000 2.540000 -0.000000
-0.000000 2.540000 -0.000000
-0.000000 2.540000 -0.000000
2.539925 0.000000 0.019478
2.514459 0.000000 -0.359296
2.539925 0.000000 0.019478
2.508653 0.000000 0.397816
2.539925 0.000000 0.019478
2.539925 0.000000 0.019478
-0.000000 2.540000 -0.000000
-0.000000 2.540000 -0.000000
-0.000000 2.540000 -0.000000
2.534279 0.000000 -0.170386
2.476424 0.000000 -0.564736
2.534279 0.000000 -0.170386
-0.000000 2.540000 -0.000000
-0.000000 2.540000 -0.000000
-0.000000 2.540000 -0.000000
2.357590 0.000000 -0.945181
2.357590 0.000000 -0.945181
2.180706 0.000000 -1.302353
0.945181 0.000000 2.357590
1.302353 0.000000 2.180706
0.945181 0.000000 2.357590
-0.000000 2.540000 -0.000000
-0.000000 2.540000 -0.000000
-0.000000 2.540000 -0.000000
-0.621089 0.000000 2.462894
-0.998724 -0.000000 2.335412
-0.621089 0.000000 2.462894
-0.605517 -0.565203 2.401145
-0.559582 1.102065 2.218991
-0.222440 -0.565203 2.466306
-0.000000 2.540000 -0.000000
-0.000000 2.540000 -0.000000
-0.000000 2.540000 -0.000000
0.228161 -0.000000 -2.529732
0.228161 -0.000000 -2.529732
-0.170386 -0.000000 -2.534279
1.901231 -0.565203 -1.586653
2.126031 -0.565203 -1.269700
1.964748 1.102065 -1.173380
2.180706 0.000000 -1.302353
2.357590 0.000000 -0.945181
2.180706 0.000000 -1.302353
-1.964748 1.102065 1.173380
-1.901231 -0.565203 1.586653
-2.126031 -0.565203 1.269700
-2.180706 -0.000000 1.302353
-2.357590 -0.000000 0.945181
-2.180706 -0.000000 1.302353
-0.000000 2.540000 -0.000000
-0.000000 2.540000 -0.000000
-0.000000 2.540000 -0.000000
-2.529732 -0.000000 -0.228161
-2.534279 -0.000000 0.170386
-2.529732 -0.000000 -0.228161
0.170386 0.000000 2.534279
0.441529 1.583664 1.936146
0.133213 1.583664 1.981379
-0.000000 2.540000 -0.000000
-0.000000 2.540000 -0.000000
-0.000000 2.540000 -0.000000
2.335412 0.000000 0.998724
2.335412 0.000000 0.998724
2.462894 0.000000 0.621089
-0.000000 2.540000 -0.000000
-0.000000 2.540000 -0.000000
-0.000000 2.540000 -0.000000
-0.000000 2.540000 -0.000000
-0.000000 2.540000 -0.000000
-0.000000 2.540000 -0.000000
-2.476424 -0.000000 0.564736
-2.476424 -0.000000 0.564736
-2.357590 -0.000000 0.945181
2.476424 0.000000 -0.564736
2.476424 0.000000 -0.564736
2.534279 0.000000 -0.170386
2.466306 -0.565203 0.222440
2.279210 1.102065 0.205566
2.470739 -0.565203 -0.166114
0.621089 -0.000000 -2.462894
0.621089 -0.000000 -2.462894
0.998724 0.000000 -2.335412
0.000000 -2.540000 0.000000
0.387243 -1.985852 -1.535589
0.000000 -2.540000 0.000000
0.584176 -0.000000 -2.471910
0.209232 -0.000000 -2.531368
0.209232 -0.000000 -2.531368
0.209232 -0.000000 -2.531368
0.209232 -0.000000 -2.531368
-0.170386 -0.000000 -2.534279
0.000000 -2.540000 0.000000
1.535589 -1.985852 0.387243
0.000000 -2.540000 0.000000
2.529732 0.000000 0.228161
2.529732 0.000000 0.228161
2.462894 0.000000 0.621089
0.000000 -2.540000 0.000000
-1.535589 -1.985852 -0.387243
0.000000 -2.540000 0.000000
-2.529732 -0.000000 -0.228161
-2.529732 -0.000000 -0.228161
-2.462894 -0.000000 -0.621089
0.000000 -2.540000 0.000000
0.000000 -2.540000 0.000000
0.812004 -1.985852 1.359648
1.302353 0.000000 2.180706
1.302353 0.000000 2.180706
0.945181 0.000000 2.357590
-0.000000 2.540000 -0.000000
-0.000000 2.540000 -0.000000
-0.000000 2.540000 -0.000000
1.912486 0.000000 1.671525
1.912486 0.000000 1.671525
2.150425 0.000000 1.351767
-1.586653 -0.565203 -1.901231
-1.173380 1.102065 -1.964748
-1.466288 1.102065 -1.757001
-2.096509 -0.565203 -1.317875
-1.937466 1.102065 -1.217900
-2.276859 -0.565203 -0.973684
1.950125 0.000000 -1.627457
1.950125 0.000000 -1.627457
1.671525 0.000000 -1.912486
-0.000000 2.540000 -0.000000
-0.000000 2.540000 -0.000000
-0.000000 2.540000 -0.000000
0.170386 0.000000 2.534279
0.546197 0.000000 2.480578
0.170386 0.000000 2.534279
0.000000 -2.540000 0.000000
0.000000 -2.540000 0.000000
0.000000 -2.540000 0.000000
-0.000000 2.540000 -0.000000
-0.000000 2.540000 -0.000000
-0.000000 2.540000 -0.000000
0.564736 0.000000 2.476424
0.170386 0.000000 2.534279
0.564736 0.000000 2.476424
-2.514459 -0.000000 0.359296
-2.432825 -0.000000 0.730044
-2.514459 -0.000000 0.359296
-2.539925 -0.000000 -0.019478
-2.514459 -0.000000 0.359296
-2.514459 -0.000000 0.359296
-2.508653 -0.000000 -0.397816
-2.539925 -0.000000 -0.019478
-2.539925 -0.000000 -0.019478
-2.539925 -0.000000 -0.019478
-2.514459 -0.000000 0.359296
-2.539925 -0.000000 -0.019478
-2.421342 -0.000000 -0.767269
-2.508653 -0.000000 -0.397816
-2.508653 -0.000000 -0.397816
-2.508653 -0.000000 -0.397816
-2.539925 -0.000000 -0.019478
-2.508653 -0.000000 -0.397816
-2.109557 -0.000000 1.414698
-1.875145 -0.000000 1.713310
-2.109557 -0.000000 1.414698
-2.296845 -0.000000 1.084484
-2.109557 -0.000000 1.414698
-2.109557 -0.000000 1.414698
2.432825 0.000000 -0.730044
2.296845 0.000000 -1.084484
2.432825 0.000000 -0.730044
2.514459 0.000000 -0.359296
2.432825 0.000000 -0.730044
2.432825 0.000000 -0.730044
0.946070 0.000000 -2.357234
0.584176 -0.000000 -2.471910
0.946070 0.000000 -2.357234
1.286831 0.000000 -2.189901
0.946070 0.000000 -2.357234
0.946070 0.000000 -2.357234
2.508653 0.000000 0.397816
2.539925 0.000000 0.019478
2.508653 0.000000 0.397816
2.421342 0.000000 0.767269
2.508653 0.000000 0.397816
2.508653 0.000000 0.397816
1.875145 0.000000 -1.713310
1.598846 0.000000 -1.973649
1.875145 0.000000 -1.713310
2.109557 0.000000 -1.414698
1.875145 0.000000 -1.713310
1.875145 0.000000 -1.713310
-2.432825 -0.000000 0.730044
-2.296845 -0.000000 1.084484
-2.296845 -0.000000 1.084484
-2.296845 -0.000000 1.084484
-2.109557 -0.000000 1.414698
-2.296845 -0.000000 1.084484
-1.848649 -0.000000 -1.741866
-2.087613 -0.000000 -1.446884
-2.087613 -0.000000 -1.446884
-2.087613 -0.000000 -1.446884
-2.279943 -0.000000 -1.119581
-2.087613 -0.000000 -1.446884
-0.946070 -0.000000 2.357234
-0.584176 0.000000 2.471910
-0.946070 -0.000000 2.357234
-1.286831 -0.000000 2.189901
-0.946070 -0.000000 2.357234
-0.946070 -0.000000 2.357234
2.539925 0.000000 0.019478
2.514459 0.000000 -0.359296
2.514459 0.000000 -0.359296
2.514459 0.000000 -0.359296
2.432825 0.000000 -0.730044
2.514459 0.000000 -0.359296
-1.875145 -0.000000 1.713310
-1.598846 -0.000000 1.973649
-1.875145 -0.000000 1.713310
-2.109557 -0.000000 1.414698
-1.875145 -0.000000 1.713310
-1.875145 -0.000000 1.713310
-2.432825 -0.000000 0.730044
-2.296845 -0.000000 1.084484
-2.432825 -0.000000 0.730044
-2.514459 -0.000000 0.359296
-2.432825 -0.000000 0.730044
-2.432825 -0.000000 0.730044
2.296845 0.000000 -1.084484
2.109557 0.000000 -1.414698
2.109557 0.000000 -1.414698
2.109557 0.000000 -1.414698
1.875145 0.000000 -1.713310
2.109557 0.000000 -1.414698
1.253094 0.000000 2.209379
1.568389 0.000000 1.997938
1.253094 0.000000 2.209379
0.909808 0.000000 2.371466
1.253094 0.000000 2.209379
1.253094 0.000000 2.209379
-2.421342 -0.000000 -0.767269
-2.508653 -0.000000 -0.397816
-2.421342 -0.000000 -0.767269
-2.279943 -0.000000 -1.119581
-2.421342 -0.000000 -0.767269
-2.421342 -0.000000 -0.767269
-1.848649 -0.000000 -1.741866
-2.087613 -0.000000 -1.446884
-1.848649 -0.000000 -1.741866
-1.568389 -0.000000 -1.997938
-1.848649 -0.000000 -1.741866
-1.848649 -0.000000 -1.741866
-2.087613 -0.000000 -1.446884
-2.279943 -0.000000 -1.119581
-2.279943 -0.000000 -1.119581
-2.279943 -0.000000 -1.119581
-2.421342 -0.000000 -0.767269
-2.279943 -0.000000 -1.119581
1.598846 0.000000 -1.973649
1.286831 0.000000 -2.189901
1.598846 0.000000 -1.973649
1.875145 0.000000 -1.713310
1.598846 0.000000 -1.973649
1.598846 0.000000 -1.973649
-0.909808 -0.000000 -2.371466
-1.253094 -0.000000 -2.209379
-1.253094 -0.000000 -2.209379
-1.253094 -0.000000 -2.209379
-1.568389 -0.000000 -1.997938
-1.253094 -0.000000 -2.209379
-1.875145 -0.000000 1.713310
-1.598846 -0.000000 1.973649
-1.598846 -0.000000 1.973649
-1.598846 -0.000000 1.973649
-1.286831 -0.000000 2.189901
-1.598846 -0.000000 1.973649
1.568389 0.000000 1.997938
1.848649 0.000000 1.741866
1.848649 0.000000 1.741866
1.848649 0.000000 1.741866
2.087613 0.000000 1.446884
1.848649 0.000000 1.741866
-0.000000 2.540000 -0.000000
-0.000000 2.540000 -0.000000
-0.000000 2.540000 -0.000000
1.351767 0.000000 -2.150425
0.998724 0.000000 -2.335412
1.351767 0.000000 -2.150425
-0.000000 2.540000 -0.000000
-0.000000 2.540000 -0.000000
-0.000000 2.540000 -0.000000
-0.000000 2.540000 -0.000000
-0.000000 2.540000 -0.000000
-0.000000 2.540000 -0.000000
-0.000000 2.540000 -0.000000
-0.000000 2.540000 -0.000000
-0.000000 2.540000 -0.000000
-0.998724 -0.000000 2.335412
-0.998724 -0.000000 2.335412
-0.621089 0.000000 2.462894
-0.000000 2.540000 -0.000000
-0.000000 2.540000 -0.000000
-0.000000 2.540000 -0.000000
-0.000000 2.540000 -0.000000
-0.000000 2.540000 -0.000000
-0.000000 2.540000 -0.000000
-0.000000 2.540000 -0.000000
-0.000000 2.540000 -0.000000
-0.000000 2.540000 -0.000000
-0.000000 2.540000 -0.000000
-0.000000 2.540000 -0.000000
-0.000000 2.540000 -0.000000
-0.899819 1.102065 2.104134
-0.586510 2.288461 0.933034
-0.433330 2.288461 1.013297
0.371949 2.476317 -0.425568
1.306851 1.583664 -1.495242
0.300796 2.476317 -0.478515
-2.335412 -0.000000 -0.998724
-2.462894 -0.000000 -0.621089
-2.335412 -0.000000 -0.998724
-0.000000 2.540000 -0.000000
-0.000000 2.540000 -0.000000
-0.000000 2.540000 -0.000000
0.565070 2.288461 0.946173
-0.362143 2.476317 -0.433944
0.706127 2.288461 0.846127
0.073928 2.288461 1.099582
-0.125666 2.476317 -0.551056
0.245030 2.288461 1.074480
2.096509 -0.565203 1.317875
1.937466 1.102065 1.217900
2.276859 -0.565203 0.973684
1.586653 -0.565203 1.901231
1.466288 1.102065 1.757001
1.864536 -0.565203 1.629616
-2.414334 -0.565203 0.550577
-2.470739 -0.565203 0.166114
-2.231180 1.102065 0.508810
-2.279210 1.102065 -0.205566
-2.283306 1.102065 0.153512
-2.470739 -0.565203 0.166114
0.508810 1.102065 2.231180
0.153512 1.102065 2.283306
0.073928 2.288461 1.099582
0.138205 2.476317 -0.548046
0.050771 2.476317 -0.562918
-0.269480 2.288461 1.068610
-0.000000 2.540000 -0.000000
-0.000000 2.540000 -0.000000
-0.000000 2.540000 -0.000000
1.936146 1.583664 -0.441529
1.843238 1.583664 -0.738973
0.551056 2.476317 -0.125666
-0.000000 2.540000 -0.000000
-0.000000 2.540000 -0.000000
-0.000000 2.540000 -0.000000
-1.681270 1.583664 -1.056854
-1.912486 -0.000000 -1.671525
-2.150425 -0.000000 -1.351767
1.681270 1.583664 1.056854
1.912486 0.000000 1.671525
2.150425 0.000000 1.351767
-0.000000 2.540000 -0.000000
-0.000000 2.540000 -0.000000
-0.000000 2.540000 -0.000000
-0.000000 2.540000 -0.000000
-0.000000 2.540000 -0.000000
-0.000000 2.540000 -0.000000
-1.306851 1.583664 1.495242
-1.524669 1.583664 1.272397
-1.950125 -0.000000 1.627457
1.306851 1.583664 -1.495242
1.524669 1.583664 -1.272397
1.950125 0.000000 -1.627457
-0.000000 2.540000 -0.000000
-0.000000 2.540000 -0.000000
-0.000000 2.540000 -0.000000
-0.546197 -0.000000 -2.480578
-0.546197 -0.000000 -2.480578
-0.170386 -0.000000 -2.534279
-0.546197 -0.000000 -2.480578
-0.909808 -0.000000 -2.371466
-0.546197 -0.000000 -2.480578
-0.000000 2.540000 -0.000000
-0.000000 2.540000 -0.000000
-0.000000 2.540000 -0.000000
-1.671525 -0.000000 1.912486
-1.351767 -0.000000 2.150425
-1.671525 -0.000000 1.912486
-0.228161 0.000000 2.529732
-0.228161 0.000000 2.529732
0.170386 0.000000 2.534279
0.550577 -0.565203 2.414334
0.166114 -0.565203 2.470739
0.508810 1.102065 2.231180
1.925568 1.583664 0.485587
2.529732 0.000000 0.228161
1.977824 1.583664 0.178383
-0.000000 2.540000 -0.000000
-0.000000 2.540000 -0.000000
-0.000000 2.540000 -0.000000
-0.000000 2.540000 -0.000000
-0.000000 2.540000 -0.000000
-0.000000 2.540000 -0.000000
-0.000000 2.540000 -0.000000
-0.000000 2.540000 -0.000000
-0.000000 2.540000 -0.000000
-0.000000 2.540000 -0.000000
-0.000000 2.540000 -0.000000
-0.000000 2.540000 -0.000000
-0.000000 2.540000 -0.000000
-0.000000 2.540000 -0.000000
-0.000000 2.540000 -0.000000
-0.000000 2.540000 -0.000000
-0.000000 2.540000 -0.000000
-0.000000 2.540000 -0.000000
-0.000000 2.540000 -0.000000
-0.000000 2.540000 -0.000000
-0.000000 2.540000 -0.000000
-0.000000 2.540000 -0.000000
-0.000000 2.540000 -0.000000
-0.000000 2.540000 -0.000000
-0.000000 2.540000 -0.000000
-0.000000 2.540000 -0.000000
-0.000000 2.540000 -0.000000
1.901231 -0.565203 -1.586653
1.757001 1.102065 -1.466288
1.629616 -0.565203 -1.864536
1.317875 -0.565203 -2.096509
1.217900 1.102065 -1.937466
0.973684 -0.565203 -2.276859
0.222440 -0.565203 -2.466306
0.605517 -0.565203 -2.401145
0.205566 1.102065 -2.279210
-0.508810 1.102065 -2.231180
-0.166114 -0.565203 -2.470739
-0.153512 1.102065 -2.283306
-2.104134 1.102065 -0.899819
-0.933034 2.288461 -0.586510
-1.013297 2.288461 -0.433330
0.548046 2.476317 0.138205
0.562918 2.476317 0.050771
-1.068610 2.288461 -0.269480
-0.000000 2.540000 -0.000000
-0.000000 2.540000 -0.000000
-0.000000 2.540000 -0.000000
-1.912486 -0.000000 -1.671525
-1.912486 -0.000000 -1.671525
-2.150425 -0.000000 -1.351767
-0.548046 2.476317 -0.138205
-0.562918 2.476317 -0.050771
1.068610 2.288461 0.269480
2.104134 1.102065 0.899819
0.933034 2.288461 0.586510
1.013297 2.288461 0.433330
-0.000000 2.540000 -0.000000
-0.000000 2.540000 -0.000000
-0.000000 2.540000 -0.000000
-0.000000 2.540000 -0.000000
-0.000000 2.540000 -0.000000
-0.000000 2.540000 -0.000000
-0.000000 2.540000 -0.000000
-0.000000 2.540000 -0.000000
-0.000000 2.540000 -0.000000
-0.000000 2.540000 -0.000000
-0.000000 2.540000 -0.000000
-0.000000 2.540000 -0.000000
-0.000000 2.540000 -0.000000
-0.000000 2.540000 -0.000000
-0.000000 2.540000 -0.000000
-0.000000 2.540000 -0.000000
-0.000000 2.540000 -0.000000
-0.000000 2.540000 -0.000000
-0.000000 2.540000 -0.000000
-0.000000 2.540000 -0.000000
-0.000000 2.540000 -0.000000
-0.000000 2.540000 -0.000000
-0.000000 2.540000 -0.000000
-0.000000 2.540000 -0.000000
-0.170386 -0.000000 -2.534279
-0.170386 -0.000000 -2.534279
-0.564736 -0.000000 -2.476424
0.000000 -2.540000 0.000000
-0.106234 -1.985852 -1.580097
0.000000 -2.540000 0.000000
-0.000000 2.540000 -0.000000
-0.000000 2.540000 -0.000000
-0.000000 2.540000 -0.000000
-0.000000 2.540000 -0.000000
-0.000000 2.540000 -0.000000
-0.000000 2.540000 -0.000000
-0.945181 -0.000000 -2.357590
-0.945181 -0.000000 -2.357590
-0.564736 -0.000000 -2.476424
-0.000000 2.540000 -0.000000
-0.000000 2.540000 -0.000000
-0.000000 2.540000 -0.000000
-0.550577 -0.565203 -2.414334
-0.508810 1.102065 -2.231180
-0.921484 -0.565203 -2.298481
-0.550577 -0.565203 -2.414334
-0.166114 -0.565203 -2.470739
-0.508810 1.102065 -2.231180
-1.302353 -0.000000 -2.180706
-1.627457 -0.000000 -1.950125
-1.302353 -0.000000 -2.180706
-0.000000 2.540000 -0.000000
-0.000000 2.540000 -0.000000
-0.000000 2.540000 -0.000000
2.087613 0.000000 1.446884
2.279943 0.000000 1.119581
2.279943 0.000000 1.119581
2.279943 0.000000 1.119581
2.421342 0.000000 0.767269
2.279943 0.000000 1.119581
-0.584176 0.000000 2.471910
-0.209232 0.000000 2.531368
-0.209232 0.000000 2.531368
-0.209232 0.000000 2.531368
0.170386 0.000000 2.534279
-0.209232 0.000000 2.531368
-2.180706 -0.000000 1.302353
-2.180706 -0.000000 1.302353
-1.950125 -0.000000 1.627457
-0.000000 2.540000 -0.000000
-0.000000 2.540000 -0.000000
-0.000000 2.540000 -0.000000
2.231180 1.102065 -0.508810
1.074480 2.288461 -0.245030
2.124115 1.102065 -0.851579
-0.524613 2.476317 0.210323
-0.485253 2.476317 0.289801
1.022920 2.288461 -0.410099
-0.000000 2.540000 -0.000000
-0.000000 2.540000 -0.000000
-0.000000 2.540000 -0.000000
-0.000000 2.540000 -0.000000
-0.000000 2.540000 -0.000000
-0.000000 2.540000 -0.000000
-0.000000 2.540000 -0.000000
-0.000000 2.540000 -0.000000
-0.000000 2.540000 -0.000000
-0.000000 2.540000 -0.000000
-0.000000 2.540000 -0.000000
-0.000000 2.540000 -0.000000
-0.228161 -0.000000 2.529732
0.170386 0.000000 2.534279
0.133213 1.583664 1.981379
-0.485587 1.583664 1.925568
-0.228161 -0.000000 2.529732
-0.178383 1.583664 1.977824
-1.977824 1.583664 -0.178383
-0.562918 2.476317 -0.050771
-1.925568 1.583664 -0.485587
-0.563930 2.476317 0.037914
-0.562918 2.476317 -0.050771
-1.977824 1.583664 -0.178383
2.534279 0.000000 -0.170386
1.936146 1.583664 -0.441529
1.981379 1.583664 -0.133213
2.529732 0.000000 0.228161
2.534279 0.000000 -0.170386
1.981379 1.583664 -0.133213
-1.627457 -0.000000 -1.950125
-1.272397 1.583664 -1.524669
-1.302353 -0.000000 -2.180706
-1.018221 1.583664 -1.704944
-0.945181 -0.000000 -2.357590
-1.302353 -0.000000 -2.180706
1.627457 0.000000 1.950125
1.272397 1.583664 1.524669
1.302353 0.000000 2.180706
1.018221 1.583664 1.704944
0.945181 0.000000 2.357590
1.302353 0.000000 2.180706
-0.605517 -0.565203 2.401145
-0.973684 -0.565203 2.276859
-0.559582 1.102065 2.218991
-0.998724 -0.000000 2.335412
-0.998724 -0.000000 2.335412
-1.351767 -0.000000 2.150425
-1.843238 1.583664 0.738973
-0.524613 2.476317 0.210323
-1.936146 1.583664 0.441529
-2.534279 -0.000000 0.170386
-1.936146 1.583664 0.441529
-1.981379 1.583664 0.133213
-0.269480 2.288461 1.068610
0.050771 2.476317 -0.562918
-0.098995 2.288461 1.097610
-0.559582 1.102065 2.218991
-0.205566 1.102065 2.279210
-0.222440 -0.565203 2.466306
2.335412 0.000000 0.998724
1.825899 1.583664 0.780834
2.150425 0.000000 1.351767
1.925568 1.583664 0.485587
1.825899 1.583664 0.780834
2.335412 0.000000 0.998724
-0.998724 -0.000000 2.335412
-0.780834 1.583664 1.825899
-1.351767 -0.000000 2.150425
-0.485587 1.583664 1.925568
-0.780834 1.583664 1.825899
-0.998724 -0.000000 2.335412
0.998724 0.000000 -2.335412
0.780834 1.583664 -1.825899
1.351767 0.000000 -2.150425
0.485587 1.583664 -1.925568
0.780834 1.583664 -1.825899
0.998724 0.000000 -2.335412
0.228161 0.000000 -2.529732
-0.170386 -0.000000 -2.534279
-0.133213 1.583664 -1.981379
0.228161 0.000000 -2.529732
0.178383 1.583664 -1.977824
0.621089 0.000000 -2.462894
-2.335412 -0.000000 -0.998724
-1.825899 1.583664 -0.780834
-2.150425 -0.000000 -1.351767
-1.925568 1.583664 -0.485587
-1.825899 1.583664 -0.780834
-2.335412 -0.000000 -0.998724
-2.124115 1.102065 0.851579
-2.414334 -0.565203 0.550577
-2.231180 1.102065 0.508810
-2.231180 1.102065 0.508810
-1.074480 2.288461 0.245030
-2.124115 1.102065 0.851579
0.269480 2.288461 -1.068610
-0.050771 2.476317 0.562918
0.098995 2.288461 -1.097610
-0.138205 2.476317 0.548046
-0.050771 2.476317 0.562918
0.269480 2.288461 -1.068610
1.950125 0.000000 -1.627457
1.524669 1.583664 -1.272397
2.180706 0.000000 -1.302353
1.704944 1.583664 -1.018221
2.357590 0.000000 -0.945181
2.180706 0.000000 -1.302353
-1.950125 -0.000000 1.627457
-1.524669 1.583664 1.272397
-2.180706 -0.000000 1.302353
-1.704944 1.583664 1.018221
-2.357590 -0.000000 0.945181
-2.180706 -0.000000 1.302353
-1.586653 -0.565203 -1.901231
-1.466288 1.102065 -1.757001
-1.864536 -0.565203 -1.629616
-2.150425 -0.000000 -1.351767
-1.912486 -0.000000 -1.671525
-2.150425 -0.000000 -1.351767
1.099582 2.288461 -0.073928
1.074480 2.288461 -0.245030
2.283306 1.102065 -0.153512
2.283306 1.102065 -0.153512
1.097610 2.288461 0.098995
1.099582 2.288461 -0.073928
1.977824 1.583664 0.178383
2.529732 0.000000 0.228161
1.981379 1.583664 -0.133213
-1.099582 2.288461 0.073928
-1.074480 2.288461 0.245030
-2.283306 1.102065 0.153512
2.150425 0.000000 1.351767
1.912486 0.000000 1.671525
2.150425 0.000000 1.351767
1.014703 -1.985852 1.215883
1.192416 -1.985852 1.042179
0.000000 -2.540000 0.000000
1.351767 0.000000 -2.150425
1.351767 0.000000 -2.150425
1.671525 0.000000 -1.912486
1.042179 -1.985852 -1.192416
0.000000 -2.540000 0.000000
1.215883 -1.985852 -1.014703
-0.289801 2.476317 -0.485253
-0.210323 2.476317 -0.524613
-0.738973 1.583664 -1.843238
-0.210323 2.476317 -0.524613
-0.289801 2.476317 -0.485253
0.410099 2.288461 1.022920
0.289801 2.476317 0.485253
0.210323 2.476317 0.524613
0.738973 1.583664 1.843238
0.210323 2.476317 0.524613
0.289801 2.476317 0.485253
-0.410099 2.288461 -1.022920
0.000000 -2.540000 0.000000
-1.469934 -1.985852 0.589311
0.000000 -2.540000 0.000000
0.000000 -2.540000 0.000000
-1.544025 -1.985852 0.352107
0.000000 -2.540000 0.000000
0.000000 -2.540000 0.000000
1.544025 -1.985852 -0.352107
0.000000 -2.540000 0.000000
0.000000 -2.540000 0.000000
1.469934 -1.985852 -0.589311
0.000000 -2.540000 0.000000
-1.912486 -0.000000 -1.671525
-1.627457 -0.000000 -1.950125
-1.912486 -0.000000 -1.671525
-1.014703 -1.985852 -1.215883
-1.192416 -1.985852 -1.042179
0.000000 -2.540000 0.000000
2.096509 -0.565203 1.317875
1.723091 1.102065 1.505992
1.937466 1.102065 1.217900
0.933034 2.288461 0.586510
-0.425568 2.476317 -0.371949
-0.478515 2.476317 -0.300796
-0.586510 2.288461 0.933034
0.371949 2.476317 -0.425568
0.300796 2.476317 -0.478515
-1.317875 -0.565203 2.096509
-1.505992 1.102065 1.723091
-1.217900 1.102065 1.937466
0.586510 2.288461 -0.933034
-0.371949 2.476317 0.425568
-0.300796 2.476317 0.478515
1.317875 -0.565203 -2.096509
1.505992 1.102065 -1.723091
1.217900 1.102065 -1.937466
-0.933034 2.288461 -0.586510
0.425568 2.476317 0.371949
0.478515 2.476317 0.300796
-2.096509 -0.565203 -1.317875
-1.723091 1.102065 -1.505992
-1.937466 1.102065 -1.217900
-1.950125 -0.000000 1.627457
-2.180706 -0.000000 1.302353
-1.950125 -0.000000 1.627457
0.000000 -2.540000 0.000000
-1.359648 -1.985852 0.812004
0.000000 -2.540000 0.000000
0.000000 -2.540000 0.000000
1.359648 -1.985852 -0.812004
0.000000 -2.540000 0.000000
1.950125 0.000000 -1.627457
2.180706 0.000000 -1.302353
1.950125 0.000000 -1.627457
0.851579 1.102065 2.124115
0.550577 -0.565203 2.414334
0.508810 1.102065 2.231180
0.245030 2.288461 1.074480
-0.125666 2.476317 -0.551056
0.410099 2.288461 1.022920
-0.508810 1.102065 -2.231180
-0.851579 1.102065 -2.124115
-0.921484 -0.565203 -2.298481
-0.245030 2.288461 -1.074480
0.125666 2.476317 0.551056
-0.410099 2.288461 -1.022920
-1.068610 2.288461 -0.269480
0.562918 2.476317 0.050771
-1.097610 2.288461 -0.098995
-2.279210 1.102065 -0.205566
-2.401145 -0.565203 -0.605517
-2.218991 1.102065 -0.559582
2.279210 1.102065 0.205566
2.401145 -0.565203 0.605517
2.218991 1.102065 0.559582
1.068610 2.288461 0.269480
-0.562918 2.476317 -0.050771
1.097610 2.288461 0.098995
0.000000 -2.540000 0.000000
1.456106 -1.985852 0.622694
0.000000 -2.540000 0.000000
1.340768 -1.985852 0.842813
1.456106 -1.985852 0.622694
0.000000 -2.540000 0.000000
0.000000 -2.540000 0.000000
-1.456106 -1.985852 -0.622694
0.000000 -2.540000 0.000000
-1.340768 -1.985852 -0.842813
-1.456106 -1.985852 -0.622694
0.000000 -2.540000 0.000000
0.000000 -2.540000 0.000000
0.622694 -1.985852 -1.456106
0.000000 -2.540000 0.000000
0.842813 -1.985852 -1.340768
0.622694 -1.985852 -1.456106
0.000000 -2.540000 0.000000
0.000000 -2.540000 0.000000
0.142256 -1.985852 -1.577262
0.000000 -2.540000 0.000000
0.387243 -1.985852 -1.535589
0.142256 -1.985852 -1.577262
0.000000 -2.540000 0.000000
0.000000 -2.540000 0.000000
-0.812004 -1.985852 -1.359648
0.000000 -2.540000 0.000000
0.000000 -2.540000 0.000000
-0.589311 -1.985852 -1.469934
0.000000 -2.540000 0.000000
1.825899 1.583664 0.780834
1.681270 1.583664 1.056854
2.150425 0.000000 1.351767
-1.013297 2.288461 -0.433330
0.519678 2.476317 0.222237
-1.068610 2.288461 -0.269480
-0.780834 1.583664 1.825899
-1.056854 1.583664 1.681270
-1.351767 -0.000000 2.150425
0.433330 2.288461 -1.013297
-0.222237 2.476317 0.519678
0.269480 2.288461 -1.068610
-0.433330 2.288461 1.013297
0.222237 2.476317 -0.519678
-0.269480 2.288461 1.068610
0.780834 1.583664 -1.825899
1.056854 1.583664 -1.681270
1.351767 0.000000 -2.150425
1.074480 2.288461 -0.245030
-0.551056 2.476317 0.125666
1.022920 2.288461 -0.410099
-1.936146 1.583664 0.441529
-0.551056 2.476317 0.125666
-1.981379 1.583664 0.133213
1.013297 2.288461 0.433330
-0.519678 2.476317 -0.222237
1.068610 2.288461 0.269480
-1.825899 1.583664 -0.780834
-1.681270 1.583664 -1.056854
-2.150425 -0.000000 -1.351767
-0.037914 2.476317 -0.563930
-0.125666 2.476317 -0.551056
0.073928 2.288461 1.099582
0.138205 2.476317 -0.548046
0.178383 1.583664 -1.977824
0.050771 2.476317 -0.562918
-1.074480 2.288461 0.245030
0.551056 2.476317 -0.125666
-1.022920 2.288461 0.410099
1.981379 1.583664 -0.133213
1.936146 1.583664 -0.441529
0.551056 2.476317 -0.125666
-1.306851 1.583664 1.495242
-1.950125 -0.000000 1.627457
-1.671525 -0.000000 1.912486
-1.306851 1.583664 1.495242
-1.671525 -0.000000 1.912486
-1.056854 1.583664 1.681270
-1.495242 1.583664 -1.306851
-1.912486 -0.000000 -1.671525
-1.681270 1.583664 -1.056854
-1.495242 1.583664 -1.306851
-1.627457 -0.000000 -1.950125
-1.912486 -0.000000 -1.671525
1.306851 1.583664 -1.495242
1.671525 0.000000 -1.912486
1.056854 1.583664 -1.681270
1.306851 1.583664 -1.495242
1.950125 0.000000 -1.627457
1.671525 0.000000 -1.912486
1.495242 1.583664 1.306851
1.912486 0.000000 1.671525
1.681270 1.583664 1.056854
1.495242 1.583664 1.306851
1.627457 0.000000 1.950125
1.912486 0.000000 1.671525
-0.138205 2.476317 0.548046
-0.178383 1.583664 1.977824
-0.050771 2.476317 0.562918
0.037914 2.476317 0.563930
0.125666 2.476317 0.551056
-0.073928 2.288461 -1.099582
0.589311 -1.985852 1.469934
0.000000 -2.540000 0.000000
0.352107 -1.985852 1.544025
0.000000 -2.540000 0.000000
0.000000 -2.540000 0.000000
0.589311 -1.985852 1.469934
-0.153512 1.102065 -2.283306
0.222440 -0.565203 -2.466306
0.205566 1.102065 -2.279210
-0.153512 1.102065 -2.283306
0.098995 2.288461 -1.097610
-0.073928 2.288461 -1.099582
0.106234 -1.985852 1.580097
0.000000 -2.540000 0.000000
-0.142256 -1.985852 1.577262
0.000000 -2.540000 0.000000
0.000000 -2.540000 0.000000
0.106234 -1.985852 1.580097
-1.580097 -1.985852 0.106234
-1.544025 -1.985852 0.352107
0.000000 -2.540000 0.000000
0.000000 -2.540000 0.000000
-1.580097 -1.985852 0.106234
0.000000 -2.540000 0.000000
1.580097 -1.985852 -0.106234
1.544025 -1.985852 -0.352107
0.000000 -2.540000 0.000000
0.000000 -2.540000 0.000000
1.580097 -1.985852 -0.106234
0.000000 -2.540000 0.000000
-0.142256 -1.985852 1.577262
0.000000 -2.540000 0.000000
-0.387243 -1.985852 1.535589
0.000000 -2.540000 0.000000
0.000000 -2.540000 0.000000
-0.142256 -1.985852 1.577262
-2.462894 -0.000000 -0.621089
-2.529732 -0.000000 -0.228161
-1.925568 1.583664 -0.485587
-1.925568 1.583664 -0.485587
-2.335412 -0.000000 -0.998724
-2.462894 -0.000000 -0.621089
0.441529 1.583664 1.936146
0.170386 0.000000 2.534279
0.564736 0.000000 2.476424
0.738973 1.583664 1.843238
0.441529 1.583664 1.936146
0.564736 0.000000 2.476424
-2.476424 -0.000000 0.564736
-2.357590 -0.000000 0.945181
-1.936146 1.583664 0.441529
-1.936146 1.583664 0.441529
-2.534279 -0.000000 0.170386
-2.476424 -0.000000 0.564736
-0.738973 1.583664 -1.843238
-0.441529 1.583664 -1.936146
-0.564736 -0.000000 -2.476424
-0.441529 1.583664 -1.936146
-0.170386 -0.000000 -2.534279
-0.564736 -0.000000 -2.476424
-0.559582 1.102065 2.218991
-0.973684 -0.565203 2.276859
-0.899819 1.102065 2.104134
-0.899819 1.102065 2.104134
-0.433330 2.288461 1.013297
-0.559582 1.102065 2.218991
0.899819 1.102065 -2.104134
0.433330 2.288461 -1.013297
0.559582 1.102065 -2.218991
0.559582 1.102065 -2.218991
0.973684 -0.565203 -2.276859
0.899819 1.102065 -2.104134
-2.104134 1.102065 -0.899819
-1.013297 2.288461 -0.433330
-2.218991 1.102065 -0.559582
-2.218991 1.102065 -0.559582
-2.276859 -0.565203 -0.973684
-2.104134 1.102065 -0.899819
2.104134 1.102065 0.899819
2.218991 1.102065 0.559582
2.401145 -0.565203 0.605517
2.104134 1.102065 0.899819
1.013297 2.288461 0.433330
2.218991 1.102065 0.559582
-2.231180 1.102065 0.508810
-2.470739 -0.565203 0.166114
-2.283306 1.102065 0.153512
-2.283306 1.102065 0.153512
-1.074480 2.288461 0.245030
-2.231180 1.102065 0.508810
2.283306 1.102065 -0.153512
1.074480 2.288461 -0.245030
2.231180 1.102065 -0.508810
2.231180 1.102065 -0.508810
2.470739 -0.565203 -0.166114
2.283306 1.102065 -0.153512
1.843238 1.583664 -0.738973
2.357590 0.000000 -0.945181
1.704944 1.583664 -1.018221
1.936146 1.583664 -0.441529
2.357590 0.000000 -0.945181
1.843238 1.583664 -0.738973
1.977824 1.583664 0.178383
0.563930 2.476317 -0.037914
0.562918 2.476317 0.050771
0.548046 2.476317 0.138205
1.977824 1.583664 0.178383
0.562918 2.476317 0.050771
0.000000 -2.540000 0.000000
-0.842813 -1.985852 1.340768
-0.622694 -1.985852 1.456106
-1.317875 -0.565203 2.096509
-1.217900 1.102065 1.937466
-0.973684 -0.565203 2.276859
-1.864536 -0.565203 -1.629616
-1.466288 1.102065 -1.757001
-1.723091 1.102065 -1.505992
0.362143 2.476317 0.433944
-0.829797 2.288461 -0.725247
-0.706127 2.288461 -0.846127
0.433944 2.476317 -0.362143
-0.725247 2.288461 0.829797
-0.846127 2.288461 0.706127
-1.629616 -0.565203 1.864536
-1.757001 1.102065 1.466288
-1.505992 1.102065 1.723091
-0.433944 2.476317 0.362143
0.725247 2.288461 -0.829797
0.846127 2.288461 -0.706127
1.629616 -0.565203 -1.864536
1.757001 1.102065 -1.466288
1.505992 1.102065 -1.723091
-0.362143 2.476317 -0.433944
0.829797 2.288461 0.725247
0.706127 2.288461 0.846127
1.864536 -0.565203 1.629616
1.466288 1.102065 1.757001
1.723091 1.102065 1.505992
1.074480 2.288461 -0.245030
1.099582 2.288461 -0.073928
-0.563930 2.476317 0.037914
-0.551056 2.476317 0.125666
1.074480 2.288461 -0.245030
-0.563930 2.476317 0.037914
-1.074480 2.288461 0.245030
-1.099582 2.288461 0.073928
0.563930 2.476317 -0.037914
0.551056 2.476317 -0.125666
-1.074480 2.288461 0.245030
0.563930 2.476317 -0.037914
-0.178383 1.583664 1.977824
0.037914 2.476317 0.563930
-0.050771 2.476317 0.562918
-0.178383 1.583664 1.977824
-0.228161 -0.000000 2.529732
0.133213 1.583664 1.981379
-0.133213 1.583664 -1.981379
0.178383 1.583664 -1.977824
0.228161 0.000000 -2.529732
0.178383 1.583664 -1.977824
-0.037914 2.476317 -0.563930
0.050771 2.476317 -0.562918
-0.205566 1.102065 2.279210
0.153512 1.102065 2.283306
0.166114 -0.565203 2.470739
0.153512 1.102065 2.283306
-0.098995 2.288461 1.097610
0.073928 2.288461 1.099582
0.485253 2.476317 -0.289801
0.433944 2.476317 -0.362143
-0.946173 2.288461 0.565070
1.524669 1.583664 -1.272397
1.704944 1.583664 -1.018221
2.180706 0.000000 -1.302353
-2.298481 -0.565203 0.921484
-2.414334 -0.565203 0.550577
-2.124115 1.102065 0.851579
-1.544025 -1.985852 0.352107
-1.469934 -1.985852 0.589311
0.000000 -2.540000 0.000000
1.544025 -1.985852 -0.352107
1.469934 -1.985852 -0.589311
0.000000 -2.540000 0.000000
2.298481 -0.565203 -0.921484
2.414334 -0.565203 -0.550577
2.124115 1.102065 -0.851579
0.605517 -0.565203 -2.401145
0.973684 -0.565203 -2.276859
0.559582 1.102065 -2.218991
0.622694 -1.985852 -1.456106
0.387243 -1.985852 -1.535589
0.000000 -2.540000 0.000000
-2.401145 -0.565203 -0.605517
-2.276859 -0.565203 -0.973684
-2.218991 1.102065 -0.559582
-1.456106 -1.985852 -0.622694
-1.535589 -1.985852 -0.387243
0.000000 -2.540000 0.000000
1.456106 -1.985852 0.622694
1.535589 -1.985852 0.387243
0.000000 -2.540000 0.000000
2.276859 -0.565203 0.973684
2.104134 1.102065 0.899819
2.401145 -0.565203 0.605517
0.178383 1.583664 -1.977824
0.485587 1.583664 -1.925568
0.621089 0.000000 -2.462894
0.485587 1.583664 -1.925568
0.998724 0.000000 -2.335412
0.621089 0.000000 -2.462894
2.462894 0.000000 0.621089
2.529732 0.000000 0.228161
1.925568 1.583664 0.485587
1.925568 1.583664 0.485587
2.335412 0.000000 0.998724
2.462894 0.000000 0.621089
-0.485587 1.583664 1.925568
-0.998724 -0.000000 2.335412
-0.621089 -0.000000 2.462894
-0.621089 -0.000000 2.462894
-0.228161 -0.000000 2.529732
-0.485587 1.583664 1.925568
1.936146 1.583664 -0.441529
2.534279 0.000000 -0.170386
2.476424 0.000000 -0.564736
2.476424 0.000000 -0.564736
2.357590 0.000000 -0.945181
1.936146 1.583664 -0.441529
1.022920 2.288461 -0.410099
-0.485253 2.476317 0.289801
0.946173 2.288461 -0.565070
1.964748 1.102065 -1.173380
2.298481 -0.565203 -0.921484
2.124115 1.102065 -0.851579
-2.124115 1.102065 0.851579
-1.964748 1.102065 1.173380
-2.126031 -0.565203 1.269700
-1.022920 2.288461 0.410099
0.485253 2.476317 -0.289801
-0.946173 2.288461 0.565070
-1.173380 1.102065 -1.964748
-0.921484 -0.565203 -2.298481
-0.851579 1.102065 -2.124115
-0.410099 2.288461 -1.022920
0.289801 2.476317 0.485253
-0.565070 2.288461 -0.946173
1.173380 1.102065 1.964748
0.921484 -0.565203 2.298481
0.851579 1.102065 2.124115
0.410099 2.288461 1.022920
-0.289801 2.476317 -0.485253
0.565070 2.288461 0.946173
0.142256 -1.985852 -1.577262
-0.106234 -1.985852 -1.580097
0.000000 -2.540000 0.000000
-0.166114 -0.565203 -2.470739
0.222440 -0.565203 -2.466306
-0.153512 1.102065 -2.283306
0.352107 -1.985852 1.544025
0.000000 -2.540000 0.000000
0.106234 -1.985852 1.580097
0.000000 -2.540000 0.000000
0.000000 -2.540000 0.000000
0.352107 -1.985852 1.544025
-0.387243 -1.985852 1.535589
0.000000 -2.540000 0.000000
-0.622694 -1.985852 1.456106
0.000000 -2.540000 0.000000
0.000000 -2.540000 0.000000
-0.387243 -1.985852 1.535589
-0.352107 -1.985852 -1.544025
-0.589311 -1.985852 -1.469934
0.000000 -2.540000 0.000000
0.000000 -2.540000 0.000000
-0.352107 -1.985852 -1.544025
0.000000 -2.540000 0.000000
1.577262 -1.985852 0.142256
1.580097 -1.985852 -0.106234
0.000000 -2.540000 0.000000
0.000000 -2.540000 0.000000
1.577262 -1.985852 0.142256
0.000000 -2.540000 0.000000
0.000000 -2.540000 0.000000
-1.577262 -1.985852 -0.142256
0.000000 -2.540000 0.000000
-1.577262 -1.985852 -0.142256
-1.580097 -1.985852 0.106234
0.000000 -2.540000 0.000000
-1.977824 1.583664 -0.178383
-2.529732 -0.000000 -0.228161
-1.981379 1.583664 0.133213
-1.925568 1.583664 -0.485587
-2.529732 -0.000000 -0.228161
-1.977824 1.583664 -0.178383
-0.738973 1.583664 -1.843238
-0.945181 -0.000000 -2.357590
-1.018221 1.583664 -1.704944
-0.945181 -0.000000 -2.357590
-0.738973 1.583664 -1.843238
-0.564736 -0.000000 -2.476424
0.945181 0.000000 2.357590
0.738973 1.583664 1.843238
0.564736 0.000000 2.476424
0.738973 1.583664 1.843238
0.945181 0.000000 2.357590
1.018221 1.583664 1.704944
-1.936146 1.583664 0.441529
-2.357590 -0.000000 0.945181
-1.843238 1.583664 0.738973
-1.843238 1.583664 0.738973
-2.357590 -0.000000 0.945181
-1.704944 1.583664 1.018221
-0.508810 1.102065 -2.231180
-0.245030 2.288461 -1.074480
-0.851579 1.102065 -2.124115
-0.153512 1.102065 -2.283306
-0.245030 2.288461 -1.074480
-0.508810 1.102065 -2.231180
0.508810 1.102065 2.231180
0.245030 2.288461 1.074480
0.851579 1.102065 2.124115
0.245030 2.288461 1.074480
0.508810 1.102065 2.231180
0.073928 2.288461 1.099582
0.433330 2.288461 -1.013297
-0.300796 2.476317 0.478515
-0.222237 2.476317 0.519678
0.586510 2.288461 -0.933034
-0.300796 2.476317 0.478515
0.433330 2.288461 -1.013297
1.013297 2.288461 0.433330
-0.478515 2.476317 -0.300796
-0.519678 2.476317 -0.222237
0.933034 2.288461 0.586510
-0.478515 2.476317 -0.300796
1.013297 2.288461 0.433330
-0.433330 2.288461 1.013297
0.300796 2.476317 -0.478515
0.222237 2.476317 -0.519678
-0.586510 2.288461 0.933034
0.300796 2.476317 -0.478515
-0.433330 2.288461 1.013297
-0.933034 2.288461 -0.586510
0.478515 2.476317 0.300796
-1.013297 2.288461 -0.433330
-1.013297 2.288461 -0.433330
0.478515 2.476317 0.300796
0.519678 2.476317 0.222237
0.780834 1.583664 -1.825899
0.485587 1.583664 -1.925568
0.138205 2.476317 -0.548046
0.222237 2.476317 -0.519678
0.138205 2.476317 -0.548046
-0.269480 2.288461 1.068610
-0.222237 2.476317 0.519678
-0.138205 2.476317 0.548046
0.269480 2.288461 -1.068610
-0.780834 1.583664 1.825899
-0.485587 1.583664 1.925568
-0.138205 2.476317 0.548046
1.825899 1.583664 0.780834
1.925568 1.583664 0.485587
0.548046 2.476317 0.138205
0.519678 2.476317 0.222237
0.548046 2.476317 0.138205
-1.068610 2.288461 -0.269480
-0.289801 2.476317 -0.485253
-0.362143 2.476317 -0.433944
0.565070 2.288461 0.946173
-1.272397 1.583664 -1.524669
-1.018221 1.583664 -1.704944
-1.302353 -0.000000 -2.180706
1.272397 1.583664 1.524669
1.018221 1.583664 1.704944
1.302353 0.000000 2.180706
0.289801 2.476317 0.485253
0.362143 2.476317 0.433944
-0.565070 2.288461 -0.946173
-1.524669 1.583664 1.272397
-1.704944 1.583664 1.018221
-2.180706 -0.000000 1.302353
-0.485253 2.476317 0.289801
-0.433944 2.476317 0.362143
0.946173 2.288461 -0.565070
-0.519678 2.476317 -0.222237
-0.548046 2.476317 -0.138205
1.068610 2.288461 0.269480
-1.925568 1.583664 -0.485587
-0.548046 2.476317 -0.138205
-1.825899 1.583664 -0.780834
0.125666 2.476317 0.551056
0.210323 2.476317 0.524613
-0.410099 2.288461 -1.022920
0.210323 2.476317 0.524613
0.125666 2.476317 0.551056
0.441529 1.583664 1.936146
-0.125666 2.476317 -0.551056
-0.210323 2.476317 -0.524613
0.410099 2.288461 1.022920
-0.210323 2.476317 -0.524613
-0.125666 2.476317 -0.551056
-0.441529 1.583664 -1.936146
-0.524613 2.476317 0.210323
-0.551056 2.476317 0.125666
-1.936146 1.583664 0.441529
-0.551056 2.476317 0.125666
-0.524613 2.476317 0.210323
1.022920 2.288461 -0.410099
0.524613 2.476317 -0.210323
0.485253 2.476317 -0.289801
-1.022920 2.288461 0.410099
1.843238 1.583664 -0.738973
0.485253 2.476317 -0.289801
0.524613 2.476317 -0.210323
0.050771 2.476317 -0.562918
-0.037914 2.476317 -0.563930
0.073928 2.288461 1.099582
0.073928 2.288461 1.099582
-0.098995 2.288461 1.097610
0.050771 2.476317 -0.562918
-0.050771 2.476317 0.562918
0.037914 2.476317 0.563930
-0.073928 2.288461 -1.099582
0.098995 2.288461 -1.097610
-0.050771 2.476317 0.562918
-0.073928 2.288461 -1.099582
1.099582 2.288461 -0.073928
-0.562918 2.476317 -0.050771
-0.563930 2.476317 0.037914
1.097610 2.288461 0.098995
-0.562918 2.476317 -0.050771
1.099582 2.288461 -0.073928
-1.097610 2.288461 -0.098995
0.562918 2.476317 0.050771
-1.099582 2.288461 0.073928
-1.099582 2.288461 0.073928
0.562918 2.476317 0.050771
0.563930 2.476317 -0.037914
-1.317875 -0.565203 2.096509
-1.629616 -0.565203 1.864536
-1.505992 1.102065 1.723091
0.000000 -2.540000 0.000000
0.000000 -2.540000 0.000000
-1.042179 -1.985852 1.192416
-2.096509 -0.565203 -1.317875
-1.864536 -0.565203 -1.629616
-1.723091 1.102065 -1.505992
-1.192416 -1.985852 -1.042179
0.000000 -2.540000 0.000000
0.000000 -2.540000 0.000000
1.192416 -1.985852 1.042179
0.000000 -2.540000 0.000000
0.000000 -2.540000 0.000000
2.096509 -0.565203 1.317875
1.864536 -0.565203 1.629616
1.723091 1.102065 1.505992
0.000000 -2.540000 0.000000
0.000000 -2.540000 0.000000
1.042179 -1.985852 -1.192416
1.317875 -0.565203 -2.096509
1.629616 -0.565203 -1.864536
1.505992 1.102065 -1.723091
-0.589311 -1.985852 -1.469934
-0.812004 -1.985852 -1.359648
0.000000 -2.540000 0.000000
-1.269700 -0.565203 -2.126031
-0.921484 -0.565203 -2.298481
-1.173380 1.102065 -1.964748
2.126031 -0.565203 -1.269700
2.298481 -0.565203 -0.921484
1.964748 1.102065 -1.173380
1.469934 -1.985852 -0.589311
1.359648 -1.985852 -0.812004
0.000000 -2.540000 0.000000
-2.298481 -0.565203 0.921484
-2.124115 1.102065 0.851579
-2.126031 -0.565203 1.269700
-1.469934 -1.985852 0.589311
-1.359648 -1.985852 0.812004
0.000000 -2.540000 0.000000
0.812004 -1.985852 1.359648
0.000000 -2.540000 0.000000
0.589311 -1.985852 1.469934
1.269700 -0.565203 2.126031
0.921484 -0.565203 2.298481
1.173380 1.102065 1.964748
</float_array>
          <technique_common>
            <accessor source="#FBXASC227FBXASC130FBXASC189FBXASC227FBXASC131FBXASC170FBXASC227FBXASC131FBXASC131FBXASC227FBXASC131FBXASC1378-Normal0-array" count="2052" stride="3">
              <param name="X" type="float"/>
              <param name="Y" type="float"/>
              <param name="Z" type="float"/>
            </accessor>
          </technique_common>
        </source>
        <vertices id="FBXASC227FBXASC130FBXASC189FBXASC227FBXASC131FBXASC170FBXASC227FBXASC131FBXASC131FBXASC227FBXASC131FBXASC1378-VERTEX">
          <input semantic="POSITION" source="#FBXASC227FBXASC130FBXASC189FBXASC227FBXASC131FBXASC170FBXASC227FBXASC131FBXASC131FBXASC227FBXASC131FBXASC1378-POSITION"/>
        </vertices>
        <triangles count="684" material="MaterialFBXASC032FBXASC03526">
          <input semantic="VERTEX" offset="0" source="#FBXASC227FBXASC130FBXASC189FBXASC227FBXASC131FBXASC170FBXASC227FBXASC131FBXASC131FBXASC227FBXASC131FBXASC1378-VERTEX"/>
          <input semantic="NORMAL" offset="1" source="#FBXASC227FBXASC130FBXASC189FBXASC227FBXASC131FBXASC170FBXASC227FBXASC131FBXASC131FBXASC227FBXASC131FBXASC1378-Normal0"/>
          <p> 137 0 129 1 8 2 161 3 149 4 50 5 60 6 165 7 47 8 160 9 151 10 9 11 95 12 55 13 8 14 50 15 86 16 157 17 171 18 10 19 192 20 82 21 181 22 50 23 302 24 291 25 283 26 150 27 155 28 9 29 146 30 153 31 50 32 36 33 121 34 47 35 130 36 42 37 127 38 171 39 226 40 113 41 152 42 103 43 9 44 272 45 231 46 289 47 189 48 165 49 60 50 10 51 190 52 198 53 240 54 302 55 283 56 127 57 101 58 130 59 159 60 102 61 9 62 201 63 65 64 200 65 133 66 93 67 50 68 124 69 132 70 190 71 14 72 99 73 48 74 137 75 229 76 129 77 131 78 121 79 36 80 129 81 229 82 114 83 214 84 42 85 67 86 55 87 95 88 25 89 144 90 158 91 9 92 101 93 127 94 135 95 60 96 241 97 189 98 125 99 121 100 131 101 154 102 145 103 9 104 170 105 291 106 260 107 210 108 168 109 254 110 119 111 148 112 50 113 192 114 226 115 171 116 235 117 202 118 116 119 240 120 182 121 205 122 22 123 174 124 126 125 252 126 23 127 54 128 107 129 161 130 50 131 104 132 86 133 164 134 106 135 203 136 112 137 242 138 265 139 216 140 95 141 123 142 183 143 122 144 96 145 8 146 136 147 96 148 122 149 312 150 329 151 272 152 104 153 164 154 186 155 15 156 114 157 62 158 148 159 86 160 50 161 97 162 133 163 50 164 270 165 232 166 288 167 225 168 30 169 179 170 156 171 100 172 50 173 142 174 143 175 9 176 298 177 280 178 323 179 199 180 50 181 194 182 204 183 98 184 140 185 105 186 124 187 47 188 105 189 132 190 124 191 162 192 82 193 9 194 261 195 325 196 66 197 240 198 283 199 336 200 98 201 204 202 197 203 92 204 120 205 47 206 134 207 120 208 92 209 217 210 77 211 88 212 178 213 37 214 217 215 293 216 267 217 227 218 245 219 278 220 267 221 173 222 26 223 111 224 4 225 24 226 39 227 40 228 33 229 230 230 294 231 238 232 274 233 211 234 63 235 41 236 211 237 41 238 176 239 214 240 167 241 42 242 42 243 167 244 8 245 100 246 156 247 169 248 215 249 72 250 43 251 274 252 238 253 317 254 93 255 133 256 196 257 333 258 232 259 315 260 303 261 325 262 282 263 103 264 152 265 187 266 219 267 35 268 1 269 17 270 8 271 47 272 8 273 15 274 47 275 111 276 136 277 343 278 111 279 96 280 136 281 49 282 80 283 6 284 224 285 81 286 180 287 9 288 50 289 199 290 9 291 82 292 50 293 178 294 76 295 37 296 66 297 51 298 12 299 163 300 154 301 9 302 91 303 19 304 46 305 177 306 53 307 221 308 221 309 53 310 166 311 147 312 107 313 50 314 218 315 188 316 5 317 141 318 99 319 14 320 141 321 14 322 8 323 220 324 56 325 32 326 56 327 140 328 208 329 206 330 293 331 227 332 241 333 301 334 284 335 268 336 290 337 265 338 281 339 237 340 273 341 247 342 310 343 135 344 17 345 47 346 113 347 18 348 57 349 139 350 18 351 139 352 47 353 133 354 97 355 207 356 128 357 29 358 195 359 246 360 309 361 134 362 38 363 120 364 134 365 143 366 144 367 9 368 184 369 63 370 211 371 249 372 308 373 64 374 64 375 201 376 73 377 21 378 10 379 202 380 202 381 235 382 21 383 102 384 162 385 9 386 213 387 34 388 185 389 67 390 182 391 240 392 336 393 67 394 240 395 68 396 27 397 212 398 50 399 157 400 194 401 209 402 69 403 61 404 209 405 196 406 69 407 210 408 70 409 20 410 86 411 148 412 166 413 23 414 78 415 71 416 23 417 71 418 54 419 168 420 72 421 215 422 153 423 119 424 50 425 73 426 10 427 64 428 65 429 10 430 200 431 22 432 126 433 74 434 205 435 182 436 22 437 301 438 326 439 284 440 215 441 43 442 0 443 151 444 159 445 9 446 12 447 51 448 76 449 217 450 37 451 77 452 158 453 160 454 9 455 179 456 30 457 78 458 149 459 156 460 50 461 79 462 259 463 255 464 79 465 324 466 259 467 176 468 41 469 80 470 155 471 142 472 9 473 224 474 6 475 81 476 145 477 150 478 9 479 82 480 162 481 195 482 29 483 82 484 195 485 257 486 331 487 222 488 277 489 244 490 335 491 212 492 27 493 186 494 259 495 324 496 4 497 220 498 197 499 56 500 297 501 256 502 321 503 53 504 86 505 166 506 106 507 86 508 203 509 219 510 187 511 35 512 253 513 91 514 46 515 88 516 77 517 31 518 184 519 31 520 63 521 32 522 272 523 289 524 208 525 9 526 199 527 90 528 261 529 251 530 90 531 325 532 261 533 180 534 81 535 52 536 91 537 52 538 19 539 62 540 92 541 15 542 15 543 92 544 47 545 93 546 147 547 50 548 5 549 93 550 196 551 94 552 258 553 252 554 94 555 326 556 258 557 16 558 95 559 8 560 16 561 123 562 95 563 111 564 26 565 96 566 96 567 26 568 8 569 29 570 207 571 97 572 181 573 97 574 50 575 35 576 98 577 197 578 98 579 152 580 9 581 263 582 306 583 172 584 55 585 25 586 99 587 100 588 146 589 50 590 43 591 100 592 169 593 130 594 101 595 174 596 310 597 244 598 266 599 34 600 102 601 185 602 102 603 159 604 185 605 103 606 163 607 9 608 19 609 103 610 187 611 27 612 104 613 186 614 157 615 86 616 104 617 40 618 105 619 33 620 33 621 105 622 47 623 24 624 106 625 112 626 164 627 86 628 106 629 71 630 107 631 188 632 107 633 147 634 188 635 7 636 70 637 210 638 108 639 327 640 269 641 109 642 248 643 223 644 333 645 315 646 264 647 299 648 262 649 322 650 218 651 5 652 44 653 111 654 343 655 304 656 111 657 304 658 285 659 177 660 112 661 53 662 39 663 24 664 112 665 310 666 247 667 244 668 295 669 239 670 275 671 309 672 246 673 245 674 296 675 236 676 276 677 2 678 34 679 213 680 313 681 328 682 270 683 235 684 340 685 303 686 116 687 65 688 201 689 225 690 169 691 30 692 117 693 330 694 314 695 257 696 279 697 331 698 49 699 6 700 224 701 119 702 153 703 20 704 70 705 119 706 20 707 120 708 36 709 47 710 38 711 36 712 120 713 121 714 18 715 47 716 121 717 125 718 18 719 48 720 122 721 14 722 14 723 122 724 8 725 16 726 58 727 123 728 307 729 175 730 268 731 124 732 10 733 47 734 124 735 190 736 10 737 241 738 341 739 301 740 18 741 125 742 57 743 302 744 240 745 342 746 74 747 126 748 11 749 127 750 42 751 8 752 135 753 127 754 8 755 61 756 270 757 288 758 61 759 29 760 128 761 129 762 114 763 15 764 129 765 15 766 8 767 22 768 42 769 130 770 130 771 174 772 22 773 131 774 36 775 38 776 309 777 245 778 267 779 132 780 105 781 40 782 132 783 248 784 190 785 196 786 133 787 69 788 69 789 133 790 207 791 62 792 246 793 134 794 134 795 92 796 62 797 17 798 247 799 135 800 135 801 8 802 17 803 136 804 48 805 343 806 136 807 122 808 48 809 26 810 137 811 8 812 26 813 173 814 137 815 235 816 303 817 282 818 226 819 239 820 295 821 139 822 241 823 60 824 139 825 60 826 47 827 140 828 9 829 208 830 140 831 98 832 9 833 55 834 141 835 8 836 141 837 55 838 99 839 142 840 155 841 41 842 63 843 142 844 41 845 31 846 143 847 63 848 143 849 142 850 63 851 77 852 144 853 31 854 144 855 143 856 31 857 145 858 154 859 81 860 6 861 145 862 81 863 146 864 100 865 43 866 72 867 146 868 43 869 147 870 93 871 5 872 188 873 147 874 5 875 148 876 119 877 70 878 166 879 148 880 70 881 149 882 161 883 78 884 30 885 149 886 78 887 80 888 150 889 6 890 150 891 145 892 6 893 51 894 151 895 76 896 151 897 160 898 76 899 152 900 98 901 35 902 187 903 152 904 35 905 20 906 153 907 72 908 153 909 146 910 72 911 154 912 163 913 52 914 81 915 154 916 52 917 155 918 150 919 80 920 41 921 155 922 80 923 169 924 156 925 30 926 156 927 149 928 30 929 157 930 104 931 27 932 194 933 157 934 27 935 158 936 144 937 77 938 37 939 158 940 77 941 159 942 151 943 51 944 185 945 159 946 51 947 76 948 160 949 37 950 160 951 158 952 37 953 161 954 107 955 71 956 78 957 161 958 71 959 195 960 162 961 34 962 162 963 102 964 34 965 52 966 163 967 19 968 163 969 103 970 19 971 186 972 164 973 24 974 164 975 106 976 24 977 165 978 33 979 47 980 230 981 33 982 165 983 221 984 166 985 7 986 7 987 166 988 70 989 167 990 16 991 8 992 167 993 58 994 16 995 210 996 20 997 168 998 168 999 20 1000 72 1001 0 1002 169 1003 225 1004 0 1005 43 1006 169 1007 273 1008 237 1009 319 1010 170 1011 260 1012 253 1013 113 1014 47 1015 171 1016 47 1017 10 1018 171 1019 304 1020 324 1021 285 1022 332 1023 231 1024 316 1025 229 1026 236 1027 296 1028 111 1029 285 1030 338 1031 292 1032 266 1033 83 1034 244 1035 277 1036 266 1037 242 1038 216 1039 332 1040 321 1041 85 1042 175 1043 176 1044 80 1045 49 1046 300 1047 279 1048 257 1049 39 1050 112 1051 177 1052 255 1053 39 1054 177 1055 251 1056 12 1057 178 1058 12 1059 76 1060 178 1061 179 1062 78 1063 23 1064 258 1065 326 1066 179 1067 260 1068 291 1069 180 1070 180 1071 52 1072 91 1073 181 1074 29 1075 97 1076 181 1077 82 1078 29 1079 182 1080 42 1081 22 1082 67 1083 42 1084 182 1085 95 1086 183 1087 25 1088 306 1089 265 1090 242 1091 298 1092 184 1093 280 1094 88 1095 31 1096 184 1097 213 1098 185 1099 66 1100 66 1101 185 1102 51 1103 212 1104 186 1105 4 1106 4 1107 186 1108 24 1109 46 1110 19 1111 187 1112 46 1113 187 1114 219 1115 54 1116 71 1117 188 1118 54 1119 188 1120 218 1121 241 1122 284 1123 339 1124 230 1125 238 1126 294 1127 305 1128 248 1129 109 1130 243 1131 249 1132 264 1133 275 1134 239 1135 320 1136 323 1137 228 1138 191 1139 192 1140 10 1141 21 1142 21 1143 138 1144 192 1145 327 1146 108 1147 193 1148 276 1149 236 1150 318 1151 89 1152 194 1153 68 1154 68 1155 194 1156 27 1157 128 1158 195 1159 2 1160 2 1161 195 1162 34 1163 44 1164 5 1165 196 1166 44 1167 196 1168 209 1169 1 1170 35 1171 197 1172 1 1173 197 1174 220 1175 10 1176 198 1177 64 1178 198 1179 249 1180 64 1181 32 1182 199 1183 89 1184 89 1185 199 1186 194 1187 201 1188 200 1189 73 1190 10 1191 73 1192 200 1193 308 1194 243 1195 250 1196 308 1197 249 1198 243 1199 116 1200 202 1201 65 1202 202 1203 10 1204 65 1205 112 1206 203 1207 53 1208 203 1209 86 1210 53 1211 197 1212 204 1213 56 1214 204 1215 140 1216 56 1217 74 1218 11 1219 205 1220 74 1221 205 1222 22 1223 227 1224 286 1225 206 1226 330 1227 117 1228 206 1229 61 1230 207 1231 29 1232 69 1233 207 1234 61 1235 32 1236 56 1237 208 1238 32 1239 208 1240 199 1241 209 1242 61 1243 288 1244 299 1245 209 1246 262 1247 311 1248 108 1249 269 1250 254 1251 108 1252 311 1253 211 1254 300 1255 3 1256 184 1257 211 1258 3 1259 4 1260 324 1261 212 1262 84 1263 68 1264 212 1265 66 1266 325 1267 213 1268 115 1269 2 1270 213 1271 307 1272 281 1273 175 1274 58 1275 167 1276 214 1277 314 1278 330 1279 271 1280 168 1281 271 1282 254 1283 175 1284 85 1285 290 1286 175 1287 290 1288 268 1289 217 1290 59 1291 178 1292 298 1293 59 1294 217 1295 218 1296 110 1297 54 1298 299 1299 110 1300 218 1301 219 1302 87 1303 46 1304 297 1305 87 1306 219 1307 220 1308 32 1309 289 1310 220 1311 256 1312 1 1313 221 1314 28 1315 177 1316 269 1317 28 1318 221 1319 222 1320 292 1321 83 1322 83 1323 287 1324 222 1325 223 1326 13 1327 109 1328 322 1329 13 1330 223 1331 180 1332 291 1333 224 1334 118 1335 49 1336 224 1337 179 1338 326 1339 225 1340 117 1341 0 1342 225 1343 235 1344 282 1345 337 1346 192 1347 138 1348 226 1349 334 1350 286 1351 278 1352 278 1353 245 1354 334 1355 280 1356 184 1357 3 1358 335 1359 287 1360 277 1361 137 1362 173 1363 229 1364 111 1365 338 1366 173 1367 230 1368 165 1369 189 1370 339 1371 189 1372 241 1373 84 1374 329 1375 312 1376 329 1377 84 1378 172 1379 115 1380 328 1381 313 1382 328 1383 115 1384 45 1385 126 1386 233 1387 11 1388 174 1389 292 1390 126 1391 131 1392 293 1393 125 1394 125 1395 234 1396 57 1397 21 1398 235 1399 138 1400 235 1401 337 1402 138 1403 229 1404 79 1405 236 1406 236 1407 79 1408 255 1409 237 1410 170 1411 253 1412 214 1413 170 1414 237 1415 238 1416 94 1417 252 1418 230 1419 94 1420 238 1421 239 1422 90 1423 251 1424 226 1425 90 1426 239 1427 205 1428 11 1429 240 1430 11 1431 342 1432 240 1433 57 1434 341 1435 241 1436 139 1437 57 1438 241 1439 172 1440 306 1441 242 1442 316 1443 231 1444 172 1445 243 1446 45 1447 250 1448 315 1449 232 1450 45 1451 191 1452 228 1453 244 1454 244 1455 247 1456 191 1457 245 1458 246 1459 193 1460 193 1461 108 1462 245 1463 114 1464 296 1465 62 1466 229 1467 296 1468 114 1469 113 1470 295 1471 17 1472 226 1473 295 1474 113 1475 40 1476 294 1477 132 1478 230 1479 294 1480 40 1481 190 1482 305 1483 198 1484 248 1485 305 1486 190 1487 116 1488 340 1489 235 1490 201 1491 250 1492 116 1493 59 1494 251 1495 178 1496 320 1497 59 1498 191 1499 110 1500 252 1501 54 1502 317 1503 110 1504 223 1505 319 1506 87 1507 175 1508 87 1509 253 1510 46 1511 286 1512 75 1513 206 1514 271 1515 75 1516 254 1517 318 1518 28 1519 193 1520 28 1521 255 1522 177 1523 289 1524 231 1525 332 1526 321 1527 256 1528 85 1529 287 1530 257 1531 222 1532 3 1533 300 1534 257 1535 258 1536 179 1537 23 1538 258 1539 23 1540 252 1541 259 1542 39 1543 255 1544 259 1545 4 1546 39 1547 260 1548 91 1549 253 1550 260 1551 180 1552 91 1553 261 1554 12 1555 251 1556 261 1557 66 1558 12 1559 322 1560 262 1561 13 1562 288 1563 232 1564 333 1565 263 1566 99 1567 306 1568 48 1569 99 1570 263 1571 264 1572 305 1573 109 1574 264 1575 109 1576 333 1577 265 1578 183 1579 268 1580 25 1581 183 1582 265 1583 266 1584 292 1585 174 1586 101 1587 266 1588 174 1589 267 1590 293 1591 131 1592 38 1593 267 1594 131 1595 268 1596 123 1597 307 1598 183 1599 123 1600 268 1601 7 1602 210 1603 269 1604 269 1605 221 1606 7 1607 270 1608 61 1609 128 1610 313 1611 270 1612 128 1613 215 1614 0 1615 271 1616 271 1617 168 1618 215 1619 312 1620 272 1621 89 1622 272 1623 32 1624 89 1625 175 1626 281 1627 273 1628 273 1629 319 1630 175 1631 274 1632 317 1633 223 1634 223 1635 294 1636 274 1637 275 1638 320 1639 191 1640 191 1641 295 1642 275 1643 276 1644 193 1645 246 1646 276 1647 318 1648 193 1649 83 1650 266 1651 277 1652 277 1653 287 1654 83 1655 278 1656 286 1657 227 1658 227 1659 267 1660 278 1661 279 1662 49 1663 118 1664 300 1665 49 1666 279 1667 280 1668 3 1669 228 1670 323 1671 280 1672 228 1673 58 1674 214 1675 281 1676 214 1677 237 1678 281 1679 337 1680 282 1681 90 1682 325 1683 90 1684 282 1685 291 1686 170 1687 283 1688 336 1689 283 1690 170 1691 326 1692 94 1693 284 1694 339 1695 284 1696 94 1697 324 1698 79 1699 285 1700 338 1701 285 1702 79 1703 286 1704 334 1705 254 1706 75 1707 286 1708 254 1709 287 1710 335 1711 3 1712 257 1713 287 1714 3 1715 262 1716 288 1717 13 1718 262 1719 209 1720 288 1721 289 1722 256 1723 220 1724 256 1725 289 1726 85 1727 290 1728 216 1729 265 1730 216 1731 290 1732 332 1733 118 1734 291 1735 302 1736 291 1737 118 1738 224 1739 233 1740 292 1741 222 1742 292 1743 233 1744 126 1745 293 1746 234 1747 125 1748 234 1749 293 1750 206 1751 248 1752 294 1753 223 1754 294 1755 248 1756 132 1757 247 1758 295 1759 191 1760 295 1761 247 1762 17 1763 296 1764 246 1765 62 1766 296 1767 276 1768 246 1769 256 1770 297 1771 1 1772 297 1773 219 1774 1 1775 88 1776 184 1777 298 1778 298 1779 217 1780 88 1781 299 1782 218 1783 44 1784 44 1785 209 1786 299 1787 300 1788 211 1789 176 1790 176 1791 49 1792 300 1793 206 1794 117 1795 301 1796 301 1797 234 1798 206 1799 222 1800 302 1801 342 1802 222 1803 118 1804 302 1805 303 1806 250 1807 45 1808 45 1809 115 1810 303 1811 304 1812 263 1813 172 1814 172 1815 84 1816 304 1817 305 1818 249 1819 198 1820 249 1821 305 1822 264 1823 306 1824 25 1825 265 1826 99 1827 25 1828 306 1829 307 1830 58 1831 281 1832 123 1833 58 1834 307 1835 308 1836 250 1837 201 1838 64 1839 308 1840 201 1841 309 1842 267 1843 38 1844 134 1845 309 1846 38 1847 135 1848 310 1849 101 1850 310 1851 266 1852 101 1853 311 1854 210 1855 254 1856 269 1857 210 1858 311 1859 312 1860 68 1861 84 1862 68 1863 312 1864 89 1865 2 1866 313 1867 128 1868 313 1869 2 1870 115 1871 271 1872 0 1873 314 1874 314 1875 0 1876 117 1877 243 1878 315 1879 45 1880 264 1881 315 1882 243 1883 242 1884 316 1885 172 1886 316 1887 242 1888 332 1889 317 1890 252 1891 110 1892 238 1893 252 1894 317 1895 318 1896 255 1897 28 1898 236 1899 255 1900 318 1901 319 1902 253 1903 87 1904 237 1905 253 1906 319 1907 239 1908 251 1909 320 1910 320 1911 251 1912 59 1913 87 1914 297 1915 321 1916 87 1917 321 1918 175 1919 110 1920 322 1921 223 1922 110 1923 299 1924 322 1925 59 1926 298 1927 323 1928 59 1929 323 1930 191 1931 84 1932 324 1933 304 1934 324 1935 84 1936 212 1937 325 1938 115 1939 213 1940 115 1941 325 1942 303 1943 326 1944 117 1945 225 1946 117 1947 326 1948 301 1949 28 1950 327 1951 193 1952 269 1953 327 1954 28 1955 232 1956 328 1957 45 1958 328 1959 232 1960 270 1961 231 1962 329 1963 172 1964 329 1965 231 1966 272 1967 330 1968 75 1969 271 1970 75 1971 330 1972 206 1973 331 1974 118 1975 222 1976 279 1977 118 1978 331 1979 85 1980 289 1981 332 1982 332 1983 290 1984 85 1985 13 1986 288 1987 333 1988 109 1989 13 1990 333 1991 334 1992 108 1993 254 1994 245 1995 108 1996 334 1997 244 1998 228 1999 335 2000 335 2001 228 2002 3 2003 214 2004 336 2005 170 2006 214 2007 67 2008 336 2009 226 2010 337 2011 90 2012 337 2013 226 2014 138 2015 338 2016 229 2017 173 2018 229 2019 338 2020 79 2021 230 2022 189 2023 339 2024 230 2025 339 2026 94 2027 250 2028 340 2029 116 2030 340 2031 250 2032 303 2033 341 2034 234 2035 301 2036 234 2037 341 2038 57 2039 233 2040 222 2041 342 2042 233 2043 342 2044 11 2045 343 2046 48 2047 263 2048 343 2049 263 2050 304 2051</p>
        </triangles>
      </mesh>
    </geometry>
    <geometry id="FBXASC227FBXASC130FBXASC189FBXASC227FBXASC131FBXASC170FBXASC227FBXASC131FBXASC131FBXASC227FBXASC131FBXASC1379-lib" name="FBXASC227FBXASC130FBXASC189FBXASC227FBXASC131FBXASC170FBXASC227FBXASC131FBXASC131FBXASC227FBXASC131FBXASC1379Mesh">
      <mesh>
        <source id="FBXASC227FBXASC130FBXASC189FBXASC227FBXASC131FBXASC170FBXASC227FBXASC131FBXASC131FBXASC227FBXASC131FBXASC1379-POSITION">
          <float_array id="FBXASC227FBXASC130FBXASC189FBXASC227FBXASC131FBXASC170FBXASC227FBXASC131FBXASC131FBXASC227FBXASC131FBXASC1379-POSITION-array" count="492">0.000198853 0.001379921 0.000204767 0.000219055 0.001379921 -0.000182995 -0.000279649 0.001379921 -5.7169e-05 -1.399e-05 0.001257874 -0.00026538 -0.000155384 0.001399606 0.000239432 0.000284076 0.001399606 -2.7799e-05 4.8951e-05 0.001379921 0.000281204 -0.000248068 0.001257874 9.5312e-05 -9.0315e-05 0.001399606 -0.000270768 -0.000242806 0.001257874 -0.000108015 0.000206473 0.001257874 -0.000167304 9.5312e-05 0.001257874 0.000248068 -0.000227151 0.001399606 -0.000172842 0.00022292 0.001257874 0.000144668 -0.000144668 0.001257874 0.00022292 3.6111e-05 0.001379921 -0.00028314 -0.000284076 0.001399606 2.7799e-05 -0.000243882 0.001399606 0.000148302 -2.7697e-05 0.001257874 0.000264301 0.00026538 0.001257874 -1.399e-05 -0.000167304 0.001257874 -0.000206473 0.000279649 0.001379921 5.7169e-05 -3.6111e-05 0.001379921 0.00028314 0.000219055 0.001399606 -0.000182995 2.7697e-05 0.001257874 -0.000264301 0.000250375 0.001399606 0.000137057 -0.000129662 0.001379921 -0.000254283 0.00027676 0.001399606 -6.9828e-05 -0.000250375 0.001399606 -0.000137057 0.000155384 0.001399606 -0.000239432 -0.000219055 0.001379921 0.000182995 0.000167304 0.001257874 0.000206473 -0.000206473 0.001257874 0.000167304 -0.000117963 0.001379921 0.000259917 -0.00027676 0.001379921 6.9828e-05 -0.00022292 0.001360236 -0.000144668 0.000256714 0.001257874 6.8701e-05 0.000166113 0.001399606 0.000232117 -0.00026538 0.001257874 1.399e-05 5.5332e-05 0.001360236 0.000259924 0.000230104 0.001360236 -0.000132945 -9.5312e-05 0.001360236 -0.000248068 0.000248068 0.001257874 -9.5312e-05 1.399e-05 0.001257874 0.00026538 -6.493e-06 0.001399606 -0.000285359 -0.00026538 0.001360236 1.399e-05 0.000264301 0.001360236 2.7697e-05 0.000197544 0.001360236 0.000177759 6.8701e-05 0.001360236 -0.000256714 -0.000206473 0.001360236 0.000167304 9.0315e-05 0.001399606 0.000270768 -0.000256714 0.001257874 -6.8701e-05 -0.000108015 0.001360236 0.000242806 0.000263261 0.001379921 -0.000110297 0.000144668 0.001257874 -0.00022292 -7.7907e-05 0.001399606 0.000274595 -0.000166113 0.001399606 -0.000232117 0.000227151 0.001399606 0.000172842 -0.000198853 0.001379921 -0.000204767 7.7907e-05 0.001399606 -0.000274595 0.000144668 0.001360236 -0.00022292 -0.000268005 0.001399606 -9.821e-05 0.000243882 0.001399606 -0.000148302 -6.8701e-05 0.001257874 0.000256714 -0.000263261 0.001399606 0.000110297 6.493e-06 0.001399606 0.000285359 -0.000285046 0.001399606 -1.4851e-05 5.5332e-05 0.001257874 0.000259924 -0.000108015 0.001257874 0.000242806 -0.000189334 0.001399606 0.000213599 0.000132945 0.001257874 0.000230104 -0.000177759 0.001257874 0.000197544 -5.5332e-05 0.001257874 -0.000259924 6.8701e-05 0.001257874 -0.000256714 0.000197544 0.001257874 0.000177759 -0.00027676 0.001399606 6.9828e-05 -0.000248068 0.001360236 9.5312e-05 0.000117963 0.001379921 -0.000259917 0.000259924 0.001360236 -5.5332e-05 -4.8951e-05 0.001379921 -0.000281204 -0.000132945 0.001257874 -0.000230104 -0.000256714 0.001360236 -6.8701e-05 0.000242806 0.001360236 0.000108015 -0.000230104 0.001257874 0.000132945 0.000284076 0.001379921 -2.7799e-05 -0.000167304 0.001360236 -0.000206473 0.000129662 0.001379921 0.000254283 0.000132945 0.001360236 0.000230104 -1.399e-05 0.001360236 -0.00026538 -2.7697e-05 0.001360236 0.000264301 0.000285046 0.001399606 1.4851e-05 0.000242806 0.001257874 0.000108015 -0.000259924 0.001257874 5.5332e-05 -0.000219055 0.001399606 0.000182995 -0.000279649 0.001399606 -5.7169e-05 -3.6111e-05 0.001399606 0.00028314 -0.000198853 0.001399606 -0.000204767 0.000263261 0.001399606 -0.000110297 -0.000117963 0.001399606 0.000259917 0.000264301 0.001257874 2.7697e-05 4.8951e-05 0.001399606 0.000281204 0.000250375 0.001379921 0.000137057 -0.000264301 0.001257874 -2.7697e-05 -0.000129662 0.001399606 -0.000254283 -0.000250375 0.001379921 -0.000137057 0.000259924 0.001257874 -5.5332e-05 0.000129662 0.001399606 0.000254283 -0.00022292 0.001257874 -0.000144668 -4.8951e-05 0.001399606 -0.000281204 0.000198853 0.001399606 0.000204767 0.000230104 0.001257874 -0.000132945 3.6111e-05 0.001399606 -0.00028314 -0.000197544 0.001257874 -0.000177759 0.000268005 0.001399606 9.821e-05 -0.000144668 0.001360236 0.00022292 0.000189334 0.001379921 -0.000213599 -0.000189334 0.001379921 0.000213599 0.000177759 0.001257874 -0.000197544 -0.000263261 0.001379921 0.000110297 -0.000285046 0.001379921 -1.4851e-05 2.7697e-05 0.001360236 -0.000264301 7.7907e-05 0.001379921 -0.000274595 -7.7907e-05 0.001379921 0.000274595 0.000108015 0.001257874 -0.000242806 0.000177759 0.001360236 -0.000197544 0.000117963 0.001399606 -0.000259917 -0.000166113 0.001379921 -0.000232117 0.000166113 0.001379921 0.000232117 -9.5312e-05 0.001257874 -0.000248068 0.000279649 0.001399606 5.7169e-05 0.000189334 0.001399606 -0.000213599 -6.8701e-05 0.001360236 0.000256714 1.399e-05 0.001360236 0.00026538 -5.5332e-05 0.001360236 -0.000259924 9.5312e-05 0.001360236 0.000248068 -0.000132945 0.001360236 -0.000230104 0.000167304 0.001360236 0.000206473 -0.000197544 0.001360236 -0.000177759 0.00022292 0.001360236 0.000144668 -0.000242806 0.001360236 -0.000108015 0.000256714 0.001360236 6.8701e-05 -0.000264301 0.001360236 -2.7697e-05 -0.000227151 0.001379921 -0.000172842 0.000227151 0.001379921 0.000172842 0.00026538 0.001360236 -1.399e-05 -0.000268005 0.001379921 -9.821e-05 0.000268005 0.001379921 9.821e-05 0.000248068 0.001360236 -9.5312e-05 -0.000230104 0.001360236 0.000132945 0.000206473 0.001360236 -0.000167304 -0.000177759 0.001360236 0.000197544 0.000108015 0.001360236 -0.000242806 0.000285046 0.001379921 1.4851e-05 -0.000259924 0.001360236 5.5332e-05 9.0315e-05 0.001379921 0.000270768 -9.0315e-05 0.001379921 -0.000270768 0.00027676 0.001379921 -6.9828e-05 6.493e-06 0.001379921 0.000285359 -6.493e-06 0.001379921 -0.000285359 -0.000243882 0.001379921 0.000148302 0.000243882 0.001379921 -0.000148302 -0.000284076 0.001379921 2.7799e-05 -0.000155384 0.001379921 0.000239432 0.000155384 0.001379921 -0.000239432</float_array>
          <technique_common>
            <accessor source="#FBXASC227FBXASC130FBXASC189FBXASC227FBXASC131FBXASC170FBXASC227FBXASC131FBXASC131FBXASC227FBXASC131FBXASC1379-POSITION-array" count="164" stride="3">
              <param name="X" type="float"/>
              <param name="Y" type="float"/>
              <param name="Z" type="float"/>
            </accessor>
          </technique_common>
        </source>
        <source id="FBXASC227FBXASC130FBXASC189FBXASC227FBXASC131FBXASC170FBXASC227FBXASC131FBXASC131FBXASC227FBXASC131FBXASC1379-Normal0">
          <float_array id="FBXASC227FBXASC130FBXASC189FBXASC227FBXASC131FBXASC170FBXASC227FBXASC131FBXASC131FBXASC227FBXASC131FBXASC1379-Normal0-array" count="2916">
-0.000000 2.540000 -0.000000
-0.000000 2.540000 -0.000000
-0.000000 2.540000 -0.000000
0.000000 -2.540000 0.000000
0.000000 -2.540000 0.000000
0.000000 -2.540000 0.000000
0.000000 -2.540000 0.000000
0.000000 -2.540000 0.000000
0.000000 -2.540000 0.000000
-0.000000 2.540000 -0.000000
-0.000000 2.540000 -0.000000
-0.000000 2.540000 -0.000000
0.000000 -2.540000 0.000000
0.000000 -2.540000 0.000000
0.000000 -2.540000 0.000000
-0.000000 2.540000 -0.000000
-0.000000 2.540000 -0.000000
-0.000000 2.540000 -0.000000
2.526167 0.000000 0.264723
2.526167 0.000000 0.264723
2.453654 0.000000 0.656644
-0.000000 2.540000 -0.000000
-0.000000 2.540000 -0.000000
-0.000000 2.540000 -0.000000
0.000000 -2.540000 0.000000
0.000000 -2.540000 0.000000
0.000000 -2.540000 0.000000
-0.000000 2.540000 -0.000000
-0.000000 2.540000 -0.000000
-0.000000 2.540000 -0.000000
-2.484332 -0.000000 0.528862
-2.371013 -0.000000 0.910986
-2.484332 -0.000000 0.528862
-0.656644 0.000000 2.453654
-0.656644 0.000000 2.453654
-1.032395 0.000000 2.320724
1.032395 -0.000000 -2.320724
1.032395 -0.000000 -2.320724
1.382726 0.000000 -2.130650
-0.910986 -0.000000 -2.371013
-0.528862 -0.000000 -2.484332
-0.910986 -0.000000 -2.371013
-2.536478 -0.000000 0.133716
-2.536478 -0.000000 0.133716
-2.526167 -0.000000 -0.264723
-1.270678 -0.000000 -2.199313
-1.599082 -0.000000 -1.973458
-1.270678 -0.000000 -2.199313
1.382726 0.000000 -2.130650
1.032395 -0.000000 -2.320724
1.382726 0.000000 -2.130650
2.536478 0.000000 -0.133716
2.484332 0.000000 -0.528862
2.536478 0.000000 -0.133716
-0.656644 0.000000 2.453654
-0.656644 0.000000 2.453654
-0.264723 0.000000 2.526167
0.910986 0.000000 2.371013
1.270678 0.000000 2.199313
0.910986 0.000000 2.371013
-0.000000 2.540000 -0.000000
-0.000000 2.540000 -0.000000
-0.000000 2.540000 -0.000000
-2.320724 -0.000000 -1.032395
-2.320724 -0.000000 -1.032395
-2.453654 -0.000000 -0.656644
1.888112 0.000000 1.699010
1.599082 0.000000 1.973458
1.888112 0.000000 1.699010
2.130650 0.000000 1.382726
2.130650 0.000000 1.382726
2.320724 0.000000 1.032395
0.000000 -2.540000 0.000000
0.000000 -2.540000 0.000000
0.000000 -2.540000 0.000000
-1.973458 -0.000000 1.599082
-2.199313 -0.000000 1.270678
-1.973458 -0.000000 1.599082
0.264723 -0.000000 -2.526167
0.264723 -0.000000 -2.526167
-0.133716 -0.000000 -2.536478
-0.000000 2.540000 -0.000000
-0.000000 2.540000 -0.000000
-0.000000 2.540000 -0.000000
-0.000000 2.540000 -0.000000
-0.000000 2.540000 -0.000000
-0.000000 2.540000 -0.000000
-1.756688 -1.796051 0.373962
-1.676560 -1.796051 0.644164
-1.741477 -1.796051 0.439385
-1.699010 -0.000000 1.888112
-1.382726 -0.000000 2.130650
-1.699010 -0.000000 1.888112
-0.000000 2.540000 -0.000000
-0.000000 2.540000 -0.000000
-0.000000 2.540000 -0.000000
0.528862 0.000000 2.484332
0.133716 0.000000 2.536478
0.528862 0.000000 2.484332
0.000000 -2.540000 0.000000
0.000000 -2.540000 0.000000
0.000000 -2.540000 0.000000
2.199313 0.000000 -1.270678
2.371013 0.000000 -0.910986
2.199313 0.000000 -1.270678
0.000000 -2.540000 0.000000
0.000000 -2.540000 0.000000
0.000000 -2.540000 0.000000
0.000000 -2.540000 0.000000
0.000000 -2.540000 0.000000
0.000000 -2.540000 0.000000
-2.130650 -0.000000 -1.382726
-1.888112 -0.000000 -1.699010
-2.130650 -0.000000 -1.382726
1.741477 -1.796051 -0.439385
1.787513 -1.796051 -0.174924
1.756688 -1.796051 -0.373962
2.384915 0.000000 0.873944
2.488533 0.000000 0.508730
2.488533 0.000000 0.508730
-0.464317 -1.796051 1.734996
-0.187188 -1.796051 1.786270
-0.227221 -1.796051 1.781620
-0.000000 2.540000 -0.000000
-0.000000 2.540000 -0.000000
-0.000000 2.540000 -0.000000
2.170248 0.000000 -1.319707
2.170248 0.000000 -1.319707
2.342700 0.000000 -0.981508
0.977735 -1.796051 -1.506597
0.730014 -1.796051 -1.641000
0.742268 -1.796051 -1.635493
-0.133716 -0.000000 -2.536478
0.264723 -0.000000 -2.526167
-0.133716 -0.000000 -2.536478
0.000000 -2.540000 0.000000
0.000000 -2.540000 0.000000
0.000000 -2.540000 0.000000
1.641000 -1.796051 0.730014
1.575450 -1.796051 0.862413
1.506597 -1.796051 0.977735
-0.000000 2.540000 -0.000000
-0.000000 2.540000 -0.000000
-0.000000 2.540000 -0.000000
-0.000000 2.540000 -0.000000
-0.000000 2.540000 -0.000000
-0.000000 2.540000 -0.000000
-0.057776 -0.000000 -2.539343
-0.435600 -0.000000 -2.502369
-0.057776 -0.000000 -2.539343
2.527925 0.000000 -0.247380
2.527925 0.000000 -0.247380
2.462820 0.000000 -0.621384
-0.000000 2.540000 -0.000000
-0.000000 2.540000 -0.000000
-0.000000 2.540000 -0.000000
-1.575450 -1.796051 -0.862413
-1.641000 -1.796051 -0.730014
-1.686390 -1.796051 -0.617972
-0.000000 2.540000 -0.000000
-0.000000 2.540000 -0.000000
-0.000000 2.540000 -0.000000
-0.000000 2.540000 -0.000000
-0.000000 2.540000 -0.000000
-0.000000 2.540000 -0.000000
1.382726 0.000000 -2.130650
1.684839 0.000000 -1.900768
1.684839 0.000000 -1.900768
-0.000000 2.540000 -0.000000
-0.000000 2.540000 -0.000000
-0.000000 2.540000 -0.000000
-2.170248 -0.000000 1.319707
-2.170248 -0.000000 1.319707
-2.342700 -0.000000 0.981508
1.270678 0.000000 2.199313
1.270678 0.000000 2.199313
0.910986 0.000000 2.371013
0.000000 -2.540000 0.000000
0.000000 -2.540000 0.000000
0.000000 -2.540000 0.000000
0.000000 -2.540000 0.000000
0.000000 -2.540000 0.000000
0.000000 -2.540000 0.000000
-1.382726 -0.000000 2.130650
-1.382726 -0.000000 2.130650
-1.699010 -0.000000 1.888112
-1.684839 -0.000000 1.900768
-1.382726 -0.000000 2.130650
-1.382726 -0.000000 2.130650
-0.000000 2.540000 -0.000000
-0.000000 2.540000 -0.000000
-0.000000 2.540000 -0.000000
-2.527925 -0.000000 0.247380
-2.527925 -0.000000 0.247380
-2.536560 -0.000000 -0.132151
-0.000000 2.540000 -0.000000
-0.000000 2.540000 -0.000000
-0.000000 2.540000 -0.000000
-1.045245 -1.796051 -1.460570
-1.130722 -1.796051 -1.395445
-1.251257 -1.796051 -1.288471
-1.429318 -1.796051 -1.087589
-1.506597 -1.796051 -0.977735
-1.575450 -1.796051 -0.862413
2.320724 0.000000 1.032395
2.130650 0.000000 1.382726
2.320724 0.000000 1.032395
0.000000 -2.540000 0.000000
0.000000 -2.540000 0.000000
0.000000 -2.540000 0.000000
1.478199 0.000000 2.065557
1.478199 0.000000 2.065557
1.769544 0.000000 1.822172
0.803693 0.000000 2.409497
1.153834 0.000000 2.262801
1.153834 0.000000 2.262801
0.000000 -2.540000 0.000000
0.000000 -2.540000 0.000000
0.000000 -2.540000 0.000000
-2.371013 -0.000000 0.910986
-2.371013 -0.000000 0.910986
-2.484332 -0.000000 0.528862
0.815884 -1.796051 1.600042
0.568297 -1.796051 1.703772
0.644164 -1.796051 1.676560
0.308016 -1.796051 1.769442
0.040854 -1.796051 1.795587
0.094551 -1.796051 1.793561
1.973458 0.000000 -1.599082
1.699010 0.000000 -1.888112
1.973458 0.000000 -1.599082
1.534597 -1.796051 -0.933174
1.656539 -1.796051 -0.694031
1.555149 -1.796051 -0.898505
-0.898505 -1.796051 -1.555149
-1.130722 -1.796051 -1.395445
-1.045245 -1.796051 -1.460570
-0.040854 -1.796051 -1.795587
-0.094551 -1.796051 -1.793561
-0.308016 -1.796051 -1.769442
0.000000 -2.540000 0.000000
0.000000 -2.540000 0.000000
0.000000 -2.540000 0.000000
2.484332 0.000000 -0.528862
2.484332 0.000000 -0.528862
2.536478 0.000000 -0.133716
0.000000 -2.540000 0.000000
0.000000 -2.540000 0.000000
0.000000 -2.540000 0.000000
0.133716 0.000000 2.536478
-0.264723 0.000000 2.526167
0.133716 0.000000 2.536478
-0.435600 -0.000000 -2.502369
-0.435600 -0.000000 -2.502369
-0.803693 -0.000000 -2.409497
-0.000000 2.540000 -0.000000
-0.000000 2.540000 -0.000000
-0.000000 2.540000 -0.000000
-1.793619 -1.796051 -0.093445
-1.793561 -1.796051 0.094551
-1.787513 -1.796051 0.174924
-1.641000 -1.796051 -0.730014
-1.734996 -1.796051 -0.464317
-1.686390 -1.796051 -0.617972
1.686390 -1.796051 0.617972
1.575450 -1.796051 0.862413
1.641000 -1.796051 0.730014
1.756688 -1.796051 -0.373962
1.787513 -1.796051 -0.174924
1.793561 -1.796051 -0.094551
0.898505 -1.796051 1.555149
0.815884 -1.796051 1.600042
0.644164 -1.796051 1.676560
1.575450 -1.796051 0.862413
1.429318 -1.796051 1.087589
1.506597 -1.796051 0.977735
0.742268 -1.796051 -1.635493
0.730014 -1.796051 -1.641000
0.490220 -1.796051 -1.727855
0.187188 -1.796051 -1.786270
-0.094551 -1.796051 -1.793561
-0.040854 -1.796051 -1.795587
-1.656539 -1.796051 0.694031
-1.555149 -1.796051 0.898505
-1.534597 -1.796051 0.933174
-0.977735 -1.796051 1.506597
-1.191361 -1.796051 1.344046
-1.201381 -1.796051 1.335097
-0.000000 2.540000 -0.000000
-0.000000 2.540000 -0.000000
-0.000000 2.540000 -0.000000
0.803693 0.000000 2.409497
1.153834 0.000000 2.262801
0.803693 0.000000 2.409497
-2.453654 -0.000000 -0.656644
-2.320724 -0.000000 -1.032395
-2.453654 -0.000000 -0.656644
0.000000 -2.540000 0.000000
0.000000 -2.540000 0.000000
0.000000 -2.540000 0.000000
-0.977735 -1.796051 1.506597
-1.191361 -1.796051 1.344046
-0.977735 -1.796051 1.506597
-0.742268 -1.796051 1.635493
-0.730014 -1.796051 1.641000
-0.490220 -1.796051 1.727855
-0.000000 2.540000 -0.000000
-0.000000 2.540000 -0.000000
-0.000000 2.540000 -0.000000
2.527925 0.000000 -0.247380
2.462820 0.000000 -0.621384
2.462820 0.000000 -0.621384
0.000000 -2.540000 0.000000
0.000000 -2.540000 0.000000
0.000000 -2.540000 0.000000
1.699010 0.000000 -1.888112
1.699010 0.000000 -1.888112
1.973458 0.000000 -1.599082
-0.000000 2.540000 -0.000000
-0.000000 2.540000 -0.000000
-0.000000 2.540000 -0.000000
-0.693275 0.000000 2.443557
-0.693275 0.000000 2.443557
-1.049725 0.000000 2.312937
-1.478199 -0.000000 -2.065557
-1.478199 -0.000000 -2.065557
-1.769544 -0.000000 -1.822172
-1.478199 -0.000000 -2.065557
-1.153834 -0.000000 -2.262801
-1.153834 -0.000000 -2.262801
2.228023 0.000000 1.219636
2.021361 0.000000 1.538083
2.021361 0.000000 1.538083
-0.000000 2.540000 -0.000000
-0.000000 2.540000 -0.000000
-0.000000 2.540000 -0.000000
-0.000000 2.540000 -0.000000
-0.000000 2.540000 -0.000000
-0.000000 2.540000 -0.000000
-2.021361 -0.000000 -1.538083
-2.228023 -0.000000 -1.219636
-2.021361 -0.000000 -1.538083
0.321339 -0.000000 -2.519592
0.321339 -0.000000 -2.519592
-0.057776 -0.000000 -2.539343
0.693275 -0.000000 -2.443557
0.693275 -0.000000 -2.443557
1.049725 -0.000000 -2.312937
1.201381 -1.796051 -1.335097
1.378374 -1.796051 -1.151471
1.395445 -1.796051 -1.130722
0.977735 -1.796051 -1.506597
1.191361 -1.796051 -1.344046
0.977735 -1.796051 -1.506597
-2.384915 -0.000000 -0.873944
-2.384915 -0.000000 -0.873944
-2.228023 -0.000000 -1.219636
-0.000000 2.540000 -0.000000
-0.000000 2.540000 -0.000000
-0.000000 2.540000 -0.000000
-0.000000 2.540000 -0.000000
-0.000000 2.540000 -0.000000
-0.000000 2.540000 -0.000000
2.170248 0.000000 -1.319707
1.949316 0.000000 -1.628425
1.949316 0.000000 -1.628425
-0.264723 0.000000 2.526167
-0.656644 0.000000 2.453654
-0.264723 0.000000 2.526167
0.000000 -2.540000 0.000000
0.000000 -2.540000 0.000000
0.000000 -2.540000 0.000000
-0.000000 2.540000 -0.000000
-0.000000 2.540000 -0.000000
-0.000000 2.540000 -0.000000
-2.170248 -0.000000 1.319707
-2.342700 -0.000000 0.981508
-2.342700 -0.000000 0.981508
0.435600 0.000000 2.502369
0.057776 0.000000 2.539343
0.057776 0.000000 2.539343
0.435600 0.000000 2.502369
0.057776 0.000000 2.539343
0.435600 0.000000 2.502369
-0.000000 2.540000 -0.000000
-0.000000 2.540000 -0.000000
-0.000000 2.540000 -0.000000
-2.527925 -0.000000 0.247380
-2.536560 -0.000000 -0.132151
-2.536560 -0.000000 -0.132151
0.000000 -2.540000 0.000000
0.000000 -2.540000 0.000000
0.000000 -2.540000 0.000000
0.910986 0.000000 2.371013
0.910986 0.000000 2.371013
0.528862 0.000000 2.484332
-1.032395 0.000000 2.320724
-1.032395 0.000000 2.320724
-1.382726 -0.000000 2.130650
0.000000 -2.540000 0.000000
0.000000 -2.540000 0.000000
0.000000 -2.540000 0.000000
-1.684839 -0.000000 1.900768
-1.684839 -0.000000 1.900768
-1.382726 -0.000000 2.130650
-0.000000 2.540000 -0.000000
-0.000000 2.540000 -0.000000
-0.000000 2.540000 -0.000000
0.000000 -2.540000 0.000000
0.000000 -2.540000 0.000000
0.000000 -2.540000 0.000000
1.599082 0.000000 1.973458
1.599082 0.000000 1.973458
1.270678 0.000000 2.199313
-1.699010 -0.000000 1.888112
-1.973458 -0.000000 1.599082
-1.699010 -0.000000 1.888112
0.000000 -2.540000 0.000000
0.000000 -2.540000 0.000000
0.000000 -2.540000 0.000000
0.000000 -2.540000 0.000000
0.000000 -2.540000 0.000000
0.000000 -2.540000 0.000000
-0.528862 -0.000000 -2.484332
-0.133716 -0.000000 -2.536478
-0.528862 -0.000000 -2.484332
0.000000 -2.540000 0.000000
0.000000 -2.540000 0.000000
0.000000 -2.540000 0.000000
0.264723 -0.000000 -2.526167
0.264723 -0.000000 -2.526167
0.656644 -0.000000 -2.453654
0.000000 -2.540000 0.000000
0.000000 -2.540000 0.000000
0.000000 -2.540000 0.000000
2.130650 0.000000 1.382726
1.888112 0.000000 1.699010
2.130650 0.000000 1.382726
-2.527925 -0.000000 0.247380
-2.527925 -0.000000 0.247380
-2.462820 -0.000000 0.621384
-2.462820 -0.000000 0.621384
-2.342700 -0.000000 0.981508
-2.342700 -0.000000 0.981508
-1.395445 -1.796051 1.130722
-1.534597 -1.796051 0.933174
-1.555149 -1.796051 0.898505
-2.199313 -0.000000 1.270678
-2.199313 -0.000000 1.270678
-1.973458 -0.000000 1.599082
1.382726 0.000000 -2.130650
1.382726 0.000000 -2.130650
1.684839 0.000000 -1.900768
0.693275 -0.000000 -2.443557
1.049725 -0.000000 -2.312937
1.049725 -0.000000 -2.312937
1.555149 -1.796051 -0.898505
1.656539 -1.796051 -0.694031
1.676560 -1.796051 -0.644164
2.371013 0.000000 -0.910986
2.371013 0.000000 -0.910986
2.199313 0.000000 -1.270678
-0.568297 -1.796051 -1.703772
-0.644164 -1.796051 -1.676560
-0.815884 -1.796051 -1.600042
-1.153834 -0.000000 -2.262801
-0.803693 -0.000000 -2.409497
-0.803693 -0.000000 -2.409497
-1.599082 -0.000000 -1.973458
-1.599082 -0.000000 -1.973458
-1.270678 -0.000000 -2.199313
0.000000 -2.540000 0.000000
0.000000 -2.540000 0.000000
0.000000 -2.540000 0.000000
-2.526167 -0.000000 -0.264723
-2.536478 -0.000000 0.133716
-2.526167 -0.000000 -0.264723
-1.786270 -1.796051 -0.187188
-1.793561 -1.796051 0.094551
-1.793619 -1.796051 -0.093445
2.453654 0.000000 0.656644
2.526167 0.000000 0.264723
2.453654 0.000000 0.656644
1.786270 -1.796051 0.187188
1.759658 -1.796051 0.359726
1.734996 -1.796051 0.464317
-2.199313 -0.000000 1.270678
-2.371013 -0.000000 0.910986
-2.199313 -0.000000 1.270678
0.000000 -2.540000 0.000000
0.000000 -2.540000 0.000000
0.000000 -2.540000 0.000000
2.536560 0.000000 0.132151
2.536560 0.000000 0.132151
2.488533 0.000000 0.508730
1.793619 -1.796051 0.093445
1.759658 -1.796051 0.359726
1.786270 -1.796051 0.187188
-1.888112 -0.000000 -1.699010
-1.888112 -0.000000 -1.699010
-2.130650 -0.000000 -1.382726
-1.335097 -1.796051 -1.201381
-1.506597 -1.796051 -0.977735
-1.429318 -1.796051 -1.087589
1.251257 -1.796051 1.288471
1.045245 -1.796051 1.460570
1.130722 -1.796051 1.395445
1.478199 0.000000 2.065557
1.769544 0.000000 1.822172
1.769544 0.000000 1.822172
1.599082 0.000000 1.973458
1.599082 0.000000 1.973458
1.888112 0.000000 1.699010
1.335097 -1.796051 1.201381
1.251257 -1.796051 1.288471
1.130722 -1.796051 1.395445
-0.528862 -0.000000 -2.484332
-0.528862 -0.000000 -2.484332
-0.910986 -0.000000 -2.371013
-0.373962 -1.796051 -1.756688
-0.644164 -1.796051 -1.676560
-0.568297 -1.796051 -1.703772
0.133716 0.000000 2.536478
0.133716 0.000000 2.536478
0.528862 0.000000 2.484332
0.373962 -1.796051 1.756688
0.308016 -1.796051 1.769442
0.094551 -1.796051 1.793561
2.527925 0.000000 -0.247380
2.536560 0.000000 0.132151
2.536560 0.000000 0.132151
-0.000000 2.540000 -0.000000
-0.000000 2.540000 -0.000000
-0.000000 2.540000 -0.000000
0.000000 -2.540000 0.000000
0.000000 -2.540000 0.000000
0.000000 -2.540000 0.000000
2.453654 0.000000 0.656644
2.320724 0.000000 1.032395
2.453654 0.000000 0.656644
0.000000 -2.540000 0.000000
0.000000 -2.540000 0.000000
0.000000 -2.540000 0.000000
-2.484332 -0.000000 0.528862
-2.484332 -0.000000 0.528862
-2.536478 -0.000000 0.133716
-1.949316 -0.000000 1.628425
-2.170248 -0.000000 1.319707
-1.949316 -0.000000 1.628425
-1.684839 -0.000000 1.900768
-1.949316 -0.000000 1.628425
-1.949316 -0.000000 1.628425
-2.488533 -0.000000 -0.508730
-2.384915 -0.000000 -0.873944
-2.488533 -0.000000 -0.508730
-2.536560 -0.000000 -0.132151
-2.488533 -0.000000 -0.508730
-2.488533 -0.000000 -0.508730
-0.693275 0.000000 2.443557
-0.693275 0.000000 2.443557
-0.321339 0.000000 2.519592
-0.321339 0.000000 2.519592
-0.321339 0.000000 2.519592
0.057776 0.000000 2.539343
-1.769544 -0.000000 -1.822172
-1.769544 -0.000000 -1.822172
-2.021361 -0.000000 -1.538083
-1.478199 -0.000000 -2.065557
-1.769544 -0.000000 -1.822172
-1.769544 -0.000000 -1.822172
2.170248 0.000000 -1.319707
2.342700 0.000000 -0.981508
2.342700 0.000000 -0.981508
2.342700 0.000000 -0.981508
2.462820 0.000000 -0.621384
2.342700 0.000000 -0.981508
-0.693275 0.000000 2.443557
-1.049725 0.000000 2.312937
-1.049725 0.000000 2.312937
-1.049725 0.000000 2.312937
-1.382726 -0.000000 2.130650
-1.382726 -0.000000 2.130650
0.000000 -2.540000 0.000000
0.000000 -2.540000 0.000000
0.000000 -2.540000 0.000000
2.536478 0.000000 -0.133716
2.536478 0.000000 -0.133716
2.526167 0.000000 0.264723
0.435600 0.000000 2.502369
0.435600 0.000000 2.502369
0.803693 0.000000 2.409497
-0.000000 2.540000 -0.000000
-0.000000 2.540000 -0.000000
-0.000000 2.540000 -0.000000
2.384915 0.000000 0.873944
2.384915 0.000000 0.873944
2.228023 0.000000 1.219636
2.228023 0.000000 1.219636
2.021361 0.000000 1.538083
2.228023 0.000000 1.219636
-2.526167 -0.000000 -0.264723
-2.453654 -0.000000 -0.656644
-2.526167 -0.000000 -0.264723
0.000000 -2.540000 0.000000
0.000000 -2.540000 0.000000
0.000000 -2.540000 0.000000
-1.153834 -0.000000 -2.262801
-0.803693 -0.000000 -2.409497
-1.153834 -0.000000 -2.262801
-0.000000 2.540000 -0.000000
-0.000000 2.540000 -0.000000
-0.000000 2.540000 -0.000000
-2.384915 -0.000000 -0.873944
-2.228023 -0.000000 -1.219636
-2.228023 -0.000000 -1.219636
-2.021361 -0.000000 -1.538083
-2.228023 -0.000000 -1.219636
-2.228023 -0.000000 -1.219636
2.371013 0.000000 -0.910986
2.484332 0.000000 -0.528862
2.371013 0.000000 -0.910986
0.000000 -2.540000 0.000000
0.000000 -2.540000 0.000000
0.000000 -2.540000 0.000000
-0.000000 2.540000 -0.000000
-0.000000 2.540000 -0.000000
-0.000000 2.540000 -0.000000
1.478199 0.000000 2.065557
1.153834 0.000000 2.262801
1.153834 0.000000 2.262801
-2.320724 -0.000000 -1.032395
-2.130650 -0.000000 -1.382726
-2.320724 -0.000000 -1.032395
0.000000 -2.540000 0.000000
0.000000 -2.540000 0.000000
0.000000 -2.540000 0.000000
-0.057776 -0.000000 -2.539343
-0.435600 -0.000000 -2.502369
-0.435600 -0.000000 -2.502369
-0.000000 2.540000 -0.000000
-0.000000 2.540000 -0.000000
-0.000000 2.540000 -0.000000
-0.000000 2.540000 -0.000000
-0.000000 2.540000 -0.000000
-0.000000 2.540000 -0.000000
1.769544 0.000000 1.822172
1.769544 0.000000 1.822172
2.021361 0.000000 1.538083
0.000000 -2.540000 0.000000
0.000000 -2.540000 0.000000
0.000000 -2.540000 0.000000
1.973458 0.000000 -1.599082
2.199313 0.000000 -1.270678
1.973458 0.000000 -1.599082
-0.000000 2.540000 -0.000000
-0.000000 2.540000 -0.000000
-0.000000 2.540000 -0.000000
0.693275 -0.000000 -2.443557
0.693275 -0.000000 -2.443557
0.321339 -0.000000 -2.519592
0.000000 -2.540000 0.000000
0.000000 -2.540000 0.000000
0.000000 -2.540000 0.000000
-1.888112 -0.000000 -1.699010
-1.888112 -0.000000 -1.699010
-1.599082 -0.000000 -1.973458
2.384915 0.000000 0.873944
2.228023 0.000000 1.219636
2.228023 0.000000 1.219636
-0.000000 2.540000 -0.000000
-0.000000 2.540000 -0.000000
-0.000000 2.540000 -0.000000
-1.382726 -0.000000 2.130650
-1.032395 0.000000 2.320724
-1.382726 -0.000000 2.130650
-0.977735 -1.796051 1.506597
-0.730014 -1.796051 1.641000
-0.742268 -1.796051 1.635493
1.191361 -1.796051 -1.344046
1.378374 -1.796051 -1.151471
1.201381 -1.796051 -1.335097
1.684839 0.000000 -1.900768
1.684839 0.000000 -1.900768
1.949316 0.000000 -1.628425
-1.191361 -1.796051 1.344046
-1.378374 -1.796051 1.151471
-1.201381 -1.796051 1.335097
-1.684839 -0.000000 1.900768
-1.684839 -0.000000 1.900768
-1.949316 -0.000000 1.628425
0.000000 -2.540000 0.000000
0.000000 -2.540000 0.000000
0.000000 -2.540000 0.000000
1.699010 0.000000 -1.888112
1.382726 0.000000 -2.130650
1.699010 0.000000 -1.888112
-1.741477 -1.796051 0.439385
-1.676560 -1.796051 0.644164
-1.656539 -1.796051 0.694031
-2.462820 -0.000000 0.621384
-2.342700 -0.000000 0.981508
-2.462820 -0.000000 0.621384
-1.759658 -1.796051 -0.359726
-1.786270 -1.796051 -0.187188
-1.793619 -1.796051 -0.093445
-2.536560 -0.000000 -0.132151
-2.536560 -0.000000 -0.132151
-2.488533 -0.000000 -0.508730
0.656644 -0.000000 -2.453654
0.264723 -0.000000 -2.526167
0.656644 -0.000000 -2.453654
0.464317 -1.796051 -1.734996
0.187188 -1.796051 -1.786270
0.227221 -1.796051 -1.781620
0.490220 -1.796051 -1.727855
0.464317 -1.796051 -1.734996
0.227221 -1.796051 -1.781620
0.693275 -0.000000 -2.443557
0.321339 -0.000000 -2.519592
0.321339 -0.000000 -2.519592
-0.490220 -1.796051 1.727855
-0.464317 -1.796051 1.734996
-0.227221 -1.796051 1.781620
-0.693275 0.000000 2.443557
-0.321339 0.000000 2.519592
-0.321339 0.000000 2.519592
0.656644 -0.000000 -2.453654
0.656644 -0.000000 -2.453654
1.032395 -0.000000 -2.320724
0.000000 -2.540000 0.000000
0.000000 -2.540000 0.000000
0.000000 -2.540000 0.000000
0.977735 -1.796051 -1.506597
1.191361 -1.796051 -1.344046
1.201381 -1.796051 -1.335097
1.382726 0.000000 -2.130650
1.382726 0.000000 -2.130650
1.699010 0.000000 -1.888112
1.382726 0.000000 -2.130650
1.049725 -0.000000 -2.312937
1.049725 -0.000000 -2.312937
-0.000000 2.540000 -0.000000
-0.000000 2.540000 -0.000000
-0.000000 2.540000 -0.000000
-0.815884 -1.796051 -1.600042
-0.898505 -1.796051 -1.555149
-1.045245 -1.796051 -1.460570
-1.478199 -0.000000 -2.065557
-1.478199 -0.000000 -2.065557
-1.153834 -0.000000 -2.262801
1.045245 -1.796051 1.460570
0.815884 -1.796051 1.600042
0.898505 -1.796051 1.555149
1.478199 0.000000 2.065557
1.478199 0.000000 2.065557
1.153834 0.000000 2.262801
-1.270678 -0.000000 -2.199313
-1.270678 -0.000000 -2.199313
-0.910986 -0.000000 -2.371013
0.000000 -2.540000 0.000000
0.000000 -2.540000 0.000000
0.000000 -2.540000 0.000000
2.536560 0.000000 0.132151
2.488533 0.000000 0.508730
2.488533 0.000000 0.508730
-0.000000 2.540000 -0.000000
-0.000000 2.540000 -0.000000
-0.000000 2.540000 -0.000000
1.684839 0.000000 -1.900768
1.949316 0.000000 -1.628425
1.949316 0.000000 -1.628425
-0.000000 2.540000 -0.000000
-0.000000 2.540000 -0.000000
-0.000000 2.540000 -0.000000
-1.032395 0.000000 2.320724
-0.656644 0.000000 2.453654
-1.032395 0.000000 2.320724
-0.730014 -1.796051 1.641000
-0.464317 -1.796051 1.734996
-0.490220 -1.796051 1.727855
-0.187188 -1.796051 1.786270
0.094551 -1.796051 1.793561
0.040854 -1.796051 1.795587
-0.264723 0.000000 2.526167
-0.264723 0.000000 2.526167
0.133716 0.000000 2.536478
-0.133716 -0.000000 -2.536478
-0.133716 -0.000000 -2.536478
-0.528862 -0.000000 -2.484332
-0.094551 -1.796051 -1.793561
-0.373962 -1.796051 -1.756688
-0.308016 -1.796051 -1.769442
0.528862 0.000000 2.484332
0.910986 0.000000 2.371013
0.528862 0.000000 2.484332
0.644164 -1.796051 1.676560
0.568297 -1.796051 1.703772
0.373962 -1.796051 1.756688
-0.910986 -0.000000 -2.371013
-1.270678 -0.000000 -2.199313
-0.910986 -0.000000 -2.371013
-0.644164 -1.796051 -1.676560
-0.898505 -1.796051 -1.555149
-0.815884 -1.796051 -1.600042
1.130722 -1.796051 1.395445
1.045245 -1.796051 1.460570
0.898505 -1.796051 1.555149
1.270678 0.000000 2.199313
1.599082 0.000000 1.973458
1.270678 0.000000 2.199313
-1.599082 -0.000000 -1.973458
-1.888112 -0.000000 -1.699010
-1.599082 -0.000000 -1.973458
-1.130722 -1.796051 -1.395445
-1.335097 -1.796051 -1.201381
-1.251257 -1.796051 -1.288471
1.888112 0.000000 1.699010
1.888112 0.000000 1.699010
2.130650 0.000000 1.382726
1.506597 -1.796051 0.977735
1.429318 -1.796051 1.087589
1.335097 -1.796051 1.201381
-2.130650 -0.000000 -1.382726
-2.130650 -0.000000 -1.382726
-2.320724 -0.000000 -1.032395
-1.506597 -1.796051 -0.977735
-1.641000 -1.796051 -0.730014
-1.575450 -1.796051 -0.862413
1.734996 -1.796051 0.464317
1.686390 -1.796051 0.617972
1.641000 -1.796051 0.730014
2.320724 0.000000 1.032395
2.320724 0.000000 1.032395
2.453654 0.000000 0.656644
-2.453654 -0.000000 -0.656644
-2.453654 -0.000000 -0.656644
-2.526167 -0.000000 -0.264723
-1.734996 -1.796051 -0.464317
-1.786270 -1.796051 -0.187188
-1.759658 -1.796051 -0.359726
-1.251257 -1.796051 -1.288471
-1.335097 -1.796051 -1.201381
-1.429318 -1.796051 -1.087589
-1.769544 -0.000000 -1.822172
-2.021361 -0.000000 -1.538083
-2.021361 -0.000000 -1.538083
1.769544 0.000000 1.822172
2.021361 0.000000 1.538083
2.021361 0.000000 1.538083
1.429318 -1.796051 1.087589
1.251257 -1.796051 1.288471
1.335097 -1.796051 1.201381
1.793561 -1.796051 -0.094551
1.793619 -1.796051 0.093445
1.786270 -1.796051 0.187188
2.526167 0.000000 0.264723
2.536478 0.000000 -0.133716
2.526167 0.000000 0.264723
-2.488533 -0.000000 -0.508730
-2.384915 -0.000000 -0.873944
-2.384915 -0.000000 -0.873944
-1.686390 -1.796051 -0.617972
-1.734996 -1.796051 -0.464317
-1.759658 -1.796051 -0.359726
1.759658 -1.796051 0.359726
1.686390 -1.796051 0.617972
1.734996 -1.796051 0.464317
2.384915 0.000000 0.873944
2.488533 0.000000 0.508730
2.384915 0.000000 0.873944
1.676560 -1.796051 -0.644164
1.741477 -1.796051 -0.439385
1.756688 -1.796051 -0.373962
2.484332 0.000000 -0.528862
2.484332 0.000000 -0.528862
2.371013 0.000000 -0.910986
-2.371013 -0.000000 0.910986
-2.371013 -0.000000 0.910986
-2.199313 -0.000000 1.270678
-1.676560 -1.796051 0.644164
-1.555149 -1.796051 0.898505
-1.656539 -1.796051 0.694031
1.395445 -1.796051 -1.130722
1.534597 -1.796051 -0.933174
1.555149 -1.796051 -0.898505
2.199313 0.000000 -1.270678
2.199313 0.000000 -1.270678
1.973458 0.000000 -1.599082
-1.201381 -1.796051 1.335097
-1.378374 -1.796051 1.151471
-1.395445 -1.796051 1.130722
-1.973458 -0.000000 1.599082
-1.973458 -0.000000 1.599082
-1.699010 -0.000000 1.888112
0.730014 -1.796051 -1.641000
0.464317 -1.796051 -1.734996
0.490220 -1.796051 -1.727855
1.032395 -0.000000 -2.320724
0.656644 -0.000000 -2.453654
1.032395 -0.000000 -2.320724
2.527925 0.000000 -0.247380
2.527925 0.000000 -0.247380
2.536560 0.000000 0.132151
1.787513 -1.796051 -0.174924
1.793619 -1.796051 0.093445
1.793561 -1.796051 -0.094551
-2.536478 -0.000000 0.133716
-2.484332 -0.000000 0.528862
-2.536478 -0.000000 0.133716
-1.793561 -1.796051 0.094551
-1.756688 -1.796051 0.373962
-1.741477 -1.796051 0.439385
0.568297 -1.796051 1.703772
0.308016 -1.796051 1.769442
0.373962 -1.796051 1.756688
0.435600 0.000000 2.502369
0.803693 0.000000 2.409497
0.803693 0.000000 2.409497
-0.308016 -1.796051 -1.769442
-0.373962 -1.796051 -1.756688
-0.568297 -1.796051 -1.703772
-0.435600 -0.000000 -2.502369
-0.803693 -0.000000 -2.409497
-0.803693 -0.000000 -2.409497
1.656539 -1.796051 -0.694031
1.741477 -1.796051 -0.439385
1.676560 -1.796051 -0.644164
2.342700 0.000000 -0.981508
2.462820 0.000000 -0.621384
2.462820 0.000000 -0.621384
-0.227221 -1.796051 1.781620
-0.187188 -1.796051 1.786270
0.040854 -1.796051 1.795587
-0.321339 0.000000 2.519592
0.057776 0.000000 2.539343
0.057776 0.000000 2.539343
0.227221 -1.796051 -1.781620
0.187188 -1.796051 -1.786270
-0.040854 -1.796051 -1.795587
0.321339 -0.000000 -2.519592
-0.057776 -0.000000 -2.539343
-0.057776 -0.000000 -2.539343
-1.378374 -1.796051 1.151471
-1.534597 -1.796051 0.933174
-1.395445 -1.796051 1.130722
-1.949316 -0.000000 1.628425
-2.170248 -0.000000 1.319707
-2.170248 -0.000000 1.319707
1.378374 -1.796051 -1.151471
1.534597 -1.796051 -0.933174
1.395445 -1.796051 -1.130722
2.170248 0.000000 -1.319707
1.949316 0.000000 -1.628425
2.170248 0.000000 -1.319707
-1.787513 -1.796051 0.174924
-1.793561 -1.796051 0.094551
-1.741477 -1.796051 0.439385
-2.527925 -0.000000 0.247380
-2.462820 -0.000000 0.621384
-2.462820 -0.000000 0.621384
-0.977735 -1.796051 1.506597
-0.977735 -1.796051 1.506597
-0.742268 -1.796051 1.635493
-1.049725 0.000000 2.312937
-1.049725 0.000000 2.312937
-1.382726 -0.000000 2.130650
0.977735 -1.796051 -1.506597
0.977735 -1.796051 -1.506597
0.742268 -1.796051 -1.635493
1.382726 0.000000 -2.130650
1.049725 -0.000000 -2.312937
1.382726 0.000000 -2.130650
</float_array>
          <technique_common>
            <accessor source="#FBXASC227FBXASC130FBXASC189FBXASC227FBXASC131FBXASC170FBXASC227FBXASC131FBXASC131FBXASC227FBXASC131FBXASC1379-Normal0-array" count="972" stride="3">
              <param name="X" type="float"/>
              <param name="Y" type="float"/>
              <param name="Z" type="float"/>
            </accessor>
          </technique_common>
        </source>
        <vertices id="FBXASC227FBXASC130FBXASC189FBXASC227FBXASC131FBXASC170FBXASC227FBXASC131FBXASC131FBXASC227FBXASC131FBXASC1379-VERTEX">
          <input semantic="POSITION" source="#FBXASC227FBXASC130FBXASC189FBXASC227FBXASC131FBXASC170FBXASC227FBXASC131FBXASC131FBXASC227FBXASC131FBXASC1379-POSITION"/>
        </vertices>
        <triangles count="324" material="MaterialFBXASC032FBXASC03527">
          <input semantic="VERTEX" offset="0" source="#FBXASC227FBXASC130FBXASC189FBXASC227FBXASC131FBXASC170FBXASC227FBXASC131FBXASC131FBXASC227FBXASC131FBXASC1379-VERTEX"/>
          <input semantic="NORMAL" offset="1" source="#FBXASC227FBXASC130FBXASC189FBXASC227FBXASC131FBXASC170FBXASC227FBXASC131FBXASC131FBXASC227FBXASC131FBXASC1379-Normal0"/>
          <p> 55 0 5 1 98 2 63 3 68 4 3 5 99 6 36 7 24 8 96 9 23 10 56 11 38 12 102 13 3 14 64 15 5 16 75 17 99 18 46 19 36 20 97 21 62 22 16 23 74 24 31 25 24 26 106 27 5 28 50 29 92 30 76 31 153 32 63 33 131 34 68 35 123 36 151 37 60 38 41 39 72 40 128 41 38 42 45 43 102 44 80 45 85 46 135 47 54 48 123 49 60 50 19 51 78 52 144 53 131 54 63 55 89 56 11 57 87 58 134 59 28 60 23 61 12 62 139 63 9 64 81 65 47 66 31 67 74 68 138 69 13 70 82 71 32 72 83 73 3 74 49 75 83 76 32 77 120 78 24 79 88 80 44 81 23 82 111 83 66 84 23 85 94 86 153 87 76 88 34 89 71 90 114 91 150 92 69 93 5 94 93 95 39 96 43 97 67 98 67 99 43 100 24 101 40 102 42 103 110 104 110 105 42 106 24 107 107 108 112 109 72 110 35 111 112 112 107 113 156 114 84 115 78 116 113 117 21 118 129 119 131 120 89 121 22 122 65 123 5 124 95 125 160 126 62 127 53 128 60 129 151 130 77 131 88 132 24 133 3 134 24 135 43 136 3 137 82 138 101 139 138 140 109 141 5 142 37 143 56 144 23 145 103 146 158 147 79 148 44 149 5 150 84 151 27 152 5 153 27 154 75 155 104 156 139 157 145 158 94 159 23 160 61 161 59 162 23 163 125 164 29 165 130 166 115 167 93 168 5 169 17 170 159 171 17 172 118 173 70 174 87 175 11 176 70 177 11 178 24 179 14 180 71 181 3 182 14 183 114 184 71 185 116 186 162 187 4 188 98 189 5 190 4 191 161 192 16 193 119 194 75 195 27 196 16 197 126 198 85 199 58 200 142 201 35 202 104 203 82 204 13 205 91 206 91 207 13 208 24 209 37 210 127 211 109 212 50 213 86 214 106 215 7 216 92 217 3 218 7 219 76 220 92 221 86 222 154 223 134 224 6 225 157 226 132 227 10 228 124 229 149 230 160 231 53 232 40 233 135 234 85 235 126 236 158 237 88 238 79 239 105 240 19 241 24 242 105 243 78 244 19 245 43 246 18 247 3 248 132 249 18 250 43 251 108 252 79 253 8 254 8 255 23 256 108 257 119 258 45 259 161 260 139 261 81 262 145 263 146 264 101 265 82 266 78 267 84 268 144 269 87 270 86 271 134 272 101 273 143 274 138 275 77 276 151 277 121 278 120 279 88 280 158 281 118 282 148 283 159 284 114 285 116 286 150 287 100 288 5 289 65 290 154 291 86 292 50 293 81 294 9 295 51 296 51 297 9 298 3 299 162 300 116 301 114 302 33 303 52 304 122 305 27 306 97 307 16 308 84 309 156 310 27 311 117 312 10 313 24 314 117 315 124 316 10 317 95 318 5 319 55 320 122 321 55 322 33 323 56 324 126 325 96 326 56 327 103 328 26 329 101 330 57 331 143 332 25 333 5 334 57 335 12 336 23 337 96 338 142 339 104 340 12 341 111 342 15 343 44 344 121 345 59 346 77 347 124 348 1 349 149 350 163 351 115 352 60 353 145 354 61 355 104 356 61 357 23 358 28 359 62 360 23 361 16 362 62 363 1 364 23 365 89 366 63 367 18 368 18 369 63 370 3 371 17 372 5 373 64 374 17 375 64 376 118 377 6 378 65 379 157 380 100 381 65 382 6 383 16 384 23 385 66 386 16 387 66 388 119 389 11 390 67 391 24 392 11 393 134 394 67 395 68 396 52 397 14 398 68 399 14 400 3 401 69 402 116 403 4 404 4 405 5 406 69 407 31 408 70 409 24 410 31 411 136 412 70 413 150 414 32 415 71 416 71 417 32 418 3 419 3 420 9 421 72 422 133 423 3 424 72 425 73 426 54 427 24 428 24 429 120 430 73 431 13 432 74 433 24 434 138 435 74 436 13 437 16 438 161 439 75 440 75 441 118 442 64 443 49 444 159 445 148 446 148 447 83 448 49 449 163 450 29 451 115 452 59 453 125 454 77 455 40 456 53 457 147 458 147 459 42 460 40 461 155 462 41 463 26 464 26 465 8 466 155 467 20 468 85 469 80 470 20 471 80 472 72 473 102 474 45 475 141 476 141 477 45 478 119 479 36 480 46 481 140 482 46 483 21 484 140 485 148 486 7 487 83 488 83 489 7 490 3 491 152 492 90 493 21 494 152 495 21 496 46 497 137 498 112 499 35 500 137 501 35 502 142 503 0 504 127 505 136 506 127 507 0 508 109 509 136 510 31 511 47 512 47 513 0 514 136 515 133 516 72 517 41 518 133 519 41 520 155 521 132 522 43 523 39 524 39 525 6 526 132 527 5 528 90 529 152 530 90 531 5 532 25 533 36 534 91 535 24 536 140 537 91 538 36 539 92 540 38 541 3 542 92 543 153 544 38 545 93 546 17 547 30 548 69 549 93 550 30 551 94 552 61 553 2 554 66 555 94 556 2 557 55 558 122 559 95 560 95 561 22 562 65 563 96 564 58 565 12 566 126 567 58 568 96 569 62 570 97 571 53 572 97 573 27 574 53 575 55 576 98 577 33 578 98 579 4 580 162 581 19 582 99 583 24 584 19 585 144 586 99 587 100 588 6 589 50 590 50 591 5 592 100 593 146 594 113 595 101 596 25 597 57 598 101 599 141 600 51 601 102 602 102 603 51 604 3 605 103 606 8 607 26 608 103 609 23 610 8 611 61 612 28 613 104 614 12 615 104 616 28 617 147 618 105 619 42 620 42 621 105 622 24 623 37 624 5 625 106 626 37 627 106 628 86 629 139 630 107 631 9 632 9 633 107 634 72 635 44 636 79 637 108 638 108 639 23 640 44 641 57 642 5 643 109 644 109 645 0 646 57 647 10 648 110 649 24 650 149 651 110 652 10 653 111 654 23 655 59 656 59 657 121 658 111 659 112 660 20 661 72 662 112 663 137 664 20 665 113 666 25 667 101 668 113 669 90 670 25 671 14 672 52 673 114 674 114 675 52 676 33 677 115 678 1 679 124 680 115 681 130 682 1 683 116 684 30 685 150 686 116 687 69 688 30 689 54 690 117 691 24 692 117 693 54 694 124 695 34 696 76 697 118 698 34 699 118 700 75 701 2 702 141 703 119 704 119 705 66 706 2 707 73 708 120 709 48 710 48 711 120 712 15 713 121 714 48 715 15 716 121 717 15 718 111 719 122 720 131 721 22 722 122 723 22 724 95 725 73 726 48 727 123 728 123 729 54 730 73 731 60 732 115 733 124 734 54 735 60 736 124 737 29 738 77 739 125 740 125 741 23 742 29 743 26 744 135 745 126 746 126 747 56 748 26 749 127 750 86 751 87 752 127 753 37 754 86 755 80 756 135 757 128 758 80 759 128 760 72 761 90 762 129 763 21 764 129 765 90 766 113 767 130 768 23 769 1 770 29 771 23 772 130 773 68 774 131 775 52 776 52 777 131 778 122 779 89 780 132 781 157 782 89 783 18 784 132 785 88 786 3 787 133 788 88 789 133 790 79 791 67 792 134 793 39 794 134 795 154 796 39 797 128 798 135 799 41 800 41 801 135 802 26 803 136 804 127 805 87 806 70 807 136 808 87 809 20 810 137 811 85 812 85 813 137 814 58 815 47 816 74 817 138 818 138 819 143 820 47 821 35 822 107 823 139 824 35 825 139 826 104 827 140 828 146 829 82 830 82 831 91 832 140 833 81 834 51 835 141 836 81 837 141 838 2 839 58 840 137 841 142 842 58 843 142 844 12 845 0 846 143 847 57 848 143 849 0 850 47 851 144 852 152 853 46 854 99 855 144 856 46 857 2 858 61 859 145 860 145 861 81 862 2 863 21 864 146 865 140 866 146 867 21 868 113 869 147 870 156 871 78 872 78 873 105 874 147 875 76 876 7 877 148 878 76 879 148 880 118 881 149 882 160 883 40 884 40 885 110 886 149 887 150 888 30 889 49 890 49 891 32 892 150 893 151 894 48 895 121 896 123 897 48 898 151 899 84 900 5 901 152 902 84 903 152 904 144 905 38 906 153 907 45 908 45 909 153 910 34 911 154 912 6 913 39 914 6 915 154 916 50 917 79 918 133 919 155 920 79 921 155 922 8 923 53 924 156 925 147 926 53 927 27 928 156 929 22 930 89 931 157 932 22 933 157 934 65 935 15 936 120 937 158 938 15 939 158 940 44 941 30 942 159 943 49 944 30 945 17 946 159 947 1 948 160 949 149 950 160 951 1 952 62 953 161 954 45 955 34 956 161 957 34 958 75 959 162 960 114 961 33 962 33 963 98 964 162 965 163 966 60 967 77 968 163 969 77 970 29 971</p>
        </triangles>
      </mesh>
    </geometry>
    <geometry id="FBXASC227FBXASC130FBXASC189FBXASC227FBXASC131FBXASC170FBXASC227FBXASC131FBXASC131FBXASC227FBXASC131FBXASC13710-lib" name="FBXASC227FBXASC130FBXASC189FBXASC227FBXASC131FBXASC170FBXASC227FBXASC131FBXASC131FBXASC227FBXASC131FBXASC13710Mesh">
      <mesh>
        <source id="FBXASC227FBXASC130FBXASC189FBXASC227FBXASC131FBXASC170FBXASC227FBXASC131FBXASC131FBXASC227FBXASC131FBXASC13710-POSITION">
          <float_array id="FBXASC227FBXASC130FBXASC189FBXASC227FBXASC131FBXASC170FBXASC227FBXASC131FBXASC131FBXASC227FBXASC131FBXASC13710-POSITION-array" count="1107">-0.000686353 -0.001242126 -0.000383257 0.000610814 -0.001399606 -1.5995e-05 -6.6168e-05 -0.001399606 0.000613845 -0.000568507 -0.001399606 0.000223941 0.000445659 -0.001242126 -0.000425243 0.000450738 -0.001399606 0.000586787 -0.000366299 -0.001242126 -0.000520219 0.000695241 -0.001242126 0.000366888 -0.000496618 -0.001242126 0.000609374 -0.00025825 -0.001399606 0.000742478 -0.000776043 -0.001399606 -0.000125397 0.00056469 -0.001399606 -0.00024962 0.000772854 -0.001399606 0.000143748 -0.000665355 -0.001399606 0.000418653 0.000121819 -0.001242126 0.000598757 0.000279425 -0.001399606 0.000734771 -0.00052783 -0.001242126 -0.000582548 0.000768417 -0.001242126 -0.00016584 -0.000575969 -0.001242126 -0.000206612 0.000467034 -0.001242126 0.000403812 -0.000449452 -0.001242126 0.000415237 -0.000303489 -0.001399606 0.000531341 0.00057698 -0.001242126 0.000219724 0.000675087 -0.001399606 -0.000402771 4.8489e-05 -0.001242126 0.000784612 -0.000219283 -0.001399606 -0.000676076 -0.000610814 -0.001399606 1.5995e-05 -0.00077213 -0.001399606 0.000147588 0.000433879 -0.001399606 -0.00054204 -0.000478192 -0.001399606 -0.000380371 0.000319259 -0.001399606 0.000520983 -0.000340583 -0.001399606 -0.000512764 0.000502391 -0.001399606 -0.000390392 0.000617334 -0.001242126 9.134e-06 -0.000768417 -0.001242126 0.00016584 -0.000482041 -0.001399606 0.000620969 0.000478192 -0.001399606 0.000380371 0.000296755 -0.001242126 0.000727945 0.000564366 -0.001242126 -0.000236473 -0.00057698 -0.001399606 -0.000219724 -0.000116194 -0.001242126 0.000606369 -0.000449755 -0.001399606 0.000453414 -0.000316577 -0.001242126 0.00053006 0.000673141 -0.001399606 0.000307187 -0.000778796 -0.001242126 -0.000106975 -0.000467034 -0.001242126 -0.000403812 7.0539e-05 -0.001399606 0.000736551 -0.00068444 -0.001242126 0.000386664 0.000499641 -0.001242126 0.000606898 -0.000275769 -0.001242126 0.000736151 0.000776043 -0.001242126 0.000125397 0.000764272 -0.001399606 -0.000183999 -0.000703738 -0.001399606 -0.000350313 0.000665355 -0.001242126 -0.000418653 0.00059303 -0.001399606 0.000171756 -0.000583228 -0.001242126 0.000202557 0.000109053 -0.001399606 0.00060211 0.000447589 -0.001242126 -0.000495718 0.000330882 -0.001242126 0.000514729 -0.00051388 -0.001399606 -0.00059489 -0.000617334 -0.001242126 -9.134e-06 -0.000256444 -0.001242126 -0.000645209 0.000686859 -0.001399606 -7.2219e-05 0.000562476 -0.001242126 -0.000419568 0.000527482 -0.001399606 0.00051889 -3.1894e-05 -0.001242126 0.000739233 0.000572587 -0.001242126 0.000386182 0.000190394 -0.001399606 0.000663884 -0.000670137 -0.001242126 -0.000167056 -0.000602603 -0.001242126 0.000429364 0.000686859 -0.001242126 -7.2219e-05 -0.000733541 -0.001242126 9.6957e-05 -0.000624248 -0.001242126 -0.000397238 -0.00041941 -0.001242126 0.000609572 -0.000713112 -0.001399606 0.000197368 -0.000670137 -0.001399606 -0.000167056 -0.000280886 -0.001399606 0.000630947 0.00073761 -0.001242126 5.8434e-05 0.000572587 -0.001399606 0.000386182 -0.000624248 -0.001399606 -0.000397238 0.00073761 -0.001399606 5.8434e-05 0.000560073 -0.001399606 -0.000418757 -0.000415229 -0.001399606 -0.000565687 -0.000413168 -0.001242126 -0.000564209 0.000505088 -0.001242126 0.000471039 0.000677081 -0.001399606 0.000399411 -4.815e-05 -0.001399606 0.000688965 0.000370314 -0.001242126 -0.000613419 0.000656142 -0.001242126 -0.000341996 -0.000376176 -0.001399606 0.000579209 -0.000551591 -0.001399606 0.000415619 -0.000185631 -0.001399606 0.000716257 0.0003182 -0.001399606 0.000668006 0.000313522 -0.001242126 0.000615382 0.000670137 -0.001399606 0.000167056 -0.000479743 -0.001242126 0.000496828 -0.000635732 -0.001242126 -0.000269882 -0.000686859 -0.001399606 7.2219e-05 -0.000660476 -0.001242126 0.000201899 -0.00073761 -0.001242126 -5.8434e-05 -0.000283098 -0.001399606 -0.00060492 -0.000620736 -0.001242126 0.000302784 0.000660476 -0.001399606 -0.000201899 0.000722465 -0.001242126 0.000159776 2.9886e-05 -0.001399606 0.00078554 -0.000505088 -0.001242126 -0.000471039 -0.000527482 -0.001399606 -0.00051889 0.000673141 -0.001242126 0.000307187 0.00051388 -0.001399606 0.00059489 -0.00073761 -0.001399606 -5.8434e-05 -0.00059303 -0.001399606 -0.000171756 8.4141e-05 -0.001242126 0.000685501 -0.000267555 -0.001242126 0.000579895 0.000656142 -0.001399606 -0.000341996 -0.000577708 -0.001399606 0.000272245 0.000444913 -0.001399606 -0.00043154 0.000167791 -0.001242126 0.000616206 -0.000222788 -0.001242126 0.000753878 0.000713112 -0.001242126 -0.000197368 -0.00045763 -0.001399606 0.000404877 -0.000299302 -0.001242126 -0.000542764 -0.000155388 -0.001242126 0.000672938 -0.000174787 -0.001242126 -0.000694885 0.000491078 -0.001242126 -0.000388509 0.000450738 -0.001242126 0.000586787 0.000407366 -0.001399606 -0.000582422 0.000591165 -0.001399606 0.000241637 -0.000135311 -0.001399606 0.000624143 0.000617546 -0.001242126 0.000162792 0.000222862 -0.001242126 0.000705561 -0.000499602 -0.001399606 0.000545785 -0.000635732 -0.001399606 -0.000269882 0.000297537 -0.001242126 0.000565098 -0.000656142 -0.001399606 0.000341996 -0.000504846 -0.001242126 0.000391145 0.000583228 -0.001242126 -0.000202557 0.00077541 -0.001399606 -0.000129253 -0.000677081 -0.001399606 -0.000399411 -0.000617546 -0.001242126 -0.000162792 -0.000564366 -0.001242126 0.000236473 0.000635981 -0.001399606 -5.8239e-05 -0.000472868 -0.001399606 -0.000429255 -0.000638158 -0.001399606 -2.4874e-05 0.000568507 -0.001399606 -0.000223941 -7.7392e-05 -0.001242126 0.000606992 -0.000611209 -0.001242126 2.9187e-05 -0.000272125 -0.001399606 0.000554195 -0.000486975 -0.001242126 -0.000370519 0.00014777 -0.001399606 0.000599457 0.000524625 -0.001399606 0.000364188 0.000611209 -0.001242126 -2.9187e-05 0.000486975 -0.001242126 0.000370519 -0.000369768 -0.001399606 -0.000522634 0.000368427 -0.001399606 0.000521657 -0.000282803 -0.001242126 0.000683744 8.6319e-05 -0.001242126 0.000632782 0.000703738 -0.001399606 0.000350313 0.000781112 -0.001399606 8.8494e-05 0.000433879 -0.001242126 -0.00054204 0.000638158 -0.001399606 2.4874e-05 0.000624248 -0.001242126 0.000397238 -0.000524625 -0.001399606 -0.000364188 -0.000635981 -0.001399606 5.8239e-05 -0.000655249 -0.001242126 0.000434299 0.000472868 -0.001399606 0.000429255 0.000222862 -0.001399606 0.000705561 -0.000722465 -0.001242126 -0.000159776 -0.000572587 -0.001242126 -0.000386182 8.4141e-05 -0.001399606 0.000685501 -0.000479743 -0.001399606 0.000496828 -0.000620736 -0.001399606 0.000302784 0.000405973 -0.001399606 0.000558728 -0.000689698 -0.001242126 -3.6173e-05 -9.0315e-05 -0.001399606 0.000604312 0.000505088 -0.001399606 0.000471039 0.000689698 -0.001242126 3.6173e-05 0.000313522 -0.001399606 0.000615382 0.000635732 -0.001242126 0.000269882 -0.00060818 -0.001399606 0.000194889 -0.000722465 -0.001399606 -0.000159776 0.000297537 -0.001399606 0.000565098 -0.000504846 -0.001399606 0.000391145 0.000713112 -0.001399606 -0.000197368 -0.000673141 -0.001242126 -0.000307187 0.000733541 -0.001242126 -9.6957e-05 -0.000527482 -0.001242126 -0.00051889 -0.000673141 -0.001399606 -0.000307187 -0.000713112 -0.001242126 0.000197368 -0.00041941 -0.001399606 0.000609572 -0.000602603 -0.001399606 0.000429364 -0.000733541 -0.001399606 9.6957e-05 -0.000656142 -0.001242126 0.000341996 -0.000499602 -0.001242126 0.000545785 0.000733541 -0.001399606 -9.6957e-05 0.000624248 -0.001399606 0.000397238 0.000670137 -0.001242126 0.000167056 0.000190394 -0.001242126 0.000663884 -0.000280886 -0.001242126 0.000630947 -4.815e-05 -0.001242126 0.000688965 -0.000686859 -0.001242126 7.2219e-05 -0.000572587 -0.001399606 -0.000386182 0.000620736 -0.001399606 -0.000302784 -0.000660476 -0.001399606 0.000201899 -0.000155388 -0.001399606 0.000672938 -0.000551591 -0.001242126 0.000415619 0.000689698 -0.001399606 3.6173e-05 -0.000376176 -0.001242126 0.000579209 0.000635732 -0.001399606 0.000269882 0.000620736 -0.001242126 -0.000302784 -0.000301856 -0.001399606 -0.00053696 0.000527482 -0.001242126 0.00051889 -0.000689698 -0.001399606 -3.6173e-05 -0.000591165 -0.001242126 -0.000241637 -0.000335556 -0.001242126 -0.000513423 0.000471004 -0.001399606 -0.000392882 -3.1894e-05 -0.001399606 0.000739233 0.000447589 -0.001399606 -0.000495718 -0.00077541 -0.001242126 0.000129253 -7.36e-06 -0.001242126 0.000786074 -0.000283098 -0.001242126 -0.00060492 0.00060818 -0.001399606 -0.000194889 0.000592849 -0.001242126 -0.00042755 7.0539e-05 -0.001242126 0.000736551 0.0003182 -0.001242126 0.000668006 -0.000185631 -0.001242126 0.000716257 0.000722465 -0.001399606 0.000159776 -0.000282803 -0.001399606 0.000683744 -0.000778796 -0.001399606 -0.000106975 0.000655249 -0.001399606 -0.000434299 -0.000467194 -0.001242126 0.000632216 -0.000510916 -0.001399606 0.000597437 0.000261938 -0.001242126 0.000741185 0.000368427 -0.001242126 0.000521657 0.000405973 -0.001242126 0.000558728 0.00068444 -0.001242126 -0.000386664 0.00052783 -0.001242126 0.000582548 -0.000772854 -0.001242126 -0.000143748 0.000660476 -0.001242126 -0.000201899 -0.000703738 -0.001242126 -0.000350313 0.000781112 -0.001242126 8.8494e-05 0.000313918 -0.001399606 0.00072071 -0.000764272 -0.001399606 0.000183999 -0.000505088 -0.001399606 -0.000471039 -0.000340621 -0.001242126 0.000540224 -0.000499641 -0.001242126 -0.000606898 -0.000340621 -0.001399606 0.000540224 -0.000240587 -0.001399606 0.000748388 0.000370314 -0.001399606 -0.000613419 -0.000256444 -0.001399606 -0.000645209 8.6319e-05 -0.001399606 0.000632782 0.00077213 -0.001242126 -0.000147588 0.000686353 -0.001242126 0.000383257 -0.000675087 -0.001399606 0.000402771 -5.3083e-05 -0.001242126 0.000636433 -0.000635981 -0.001242126 5.8239e-05 -0.000219283 -0.001242126 -0.000676076 0.00046258 -0.001242126 -0.000399311 -0.000524625 -0.001242126 -0.000364188 0.000524625 -0.001242126 0.000364188 -0.000577708 -0.001242126 0.000272245 0.000635981 -0.001242126 -5.8239e-05 -0.000449755 -0.001242126 0.000453414 0.000407366 -0.001242126 -0.000582422 0.000577708 -0.001242126 -0.000272245 -0.000541484 -0.001399606 -0.000569879 0.000591193 -0.001399606 -0.00042721 -0.000440457 -0.001242126 -0.000581391 0.000577708 -0.001399606 -0.000272245 0.000541484 -0.001399606 0.000569879 -0.000389114 -0.001242126 -0.000542809 0.000530814 -0.001399606 -0.000405325 0.00060818 -0.001242126 -0.000194889 -0.000174787 -0.001399606 -0.000694885 0.000533673 -0.001242126 -0.000407126 -0.000391322 -0.001399606 -0.000545368 -5.3083e-05 -0.001399606 0.000636433 -0.000441941 -0.001399606 -0.000582201 -0.000135311 -0.001242126 0.000624143 -0.000478776 -0.001242126 0.000389817 0.000300756 -0.001242126 0.000539194 -0.000472868 -0.001242126 -0.000429255 -0.00060818 -0.001242126 0.000194889 9.8203e-05 -0.001242126 0.000609541 -0.000617546 -0.001399606 -0.000162792 -0.000638158 -0.001242126 -2.4874e-05 0.000638158 -0.001242126 2.4874e-05 -0.00061601 -0.001399606 4.143e-05 0.000591165 -0.001242126 0.000241637 0.00061601 -0.001399606 -4.143e-05 -0.000291555 -0.001242126 0.000536978 0.000472868 -0.001242126 0.000429255 -0.00056469 -0.001399606 0.00024962 -0.000591165 -0.001399606 -0.000241637 0.000498522 -0.001399606 0.000364226 -0.000498522 -0.001399606 -0.000364226 0.00057698 -0.001399606 0.000219724 0.00059303 -0.001242126 0.000171756 -0.000267555 -0.001399606 0.000579895 0.000343885 -0.001399606 0.000512765 -0.00044526 -0.001399606 0.000427701 0.000617546 -0.001399606 0.000162792 -0.00059303 -0.001242126 -0.000171756 0.000167791 -0.001399606 0.000616206 1.1267e-05 -0.001399606 0.000786028 0.000655249 -0.001242126 -0.000434299 -0.000781112 -0.001242126 -8.8494e-05 -0.000116194 -0.001399606 0.000606369 0.00014777 -0.001242126 0.000599457 2.9886e-05 -0.001242126 0.00078554 -0.000686353 -0.001399606 -0.000383257 0.00077213 -0.001399606 -0.000147588 0.000776043 -0.001399606 0.000125397 -0.000675087 -0.001242126 0.000402771 0.000686353 -0.001399606 0.000383257 0.000506414 -0.001242126 -0.000391688 0.000445606 -0.001242126 -0.000440872 -0.000499641 -0.001399606 -0.000606898 0.000703738 -0.001242126 0.000350313 0.000261938 -0.001399606 0.000741185 -0.000764272 -0.001242126 0.000183999 0.000764272 -0.001242126 -0.000183999 -0.000655249 -0.001399606 0.000434299 -0.000772854 -0.001399606 -0.000143748 0.00068444 -0.001399606 -0.000386664 0.000313918 -0.001242126 0.00072071 -0.000275769 -0.001399606 0.000736151 -0.000467194 -0.001399606 0.000632216 -0.000781112 -0.001399606 -8.8494e-05 -0.000510916 -0.001242126 0.000597437 -0.00051388 -0.001242126 -0.00059489 0.000665355 -0.001399606 -0.000418653 0.000695241 -0.001399606 0.000366888 -0.00025825 -0.001242126 0.000742478 0.000778796 -0.001242126 0.000106975 0.000768417 -0.001399606 -0.00016584 0.000778796 -0.001399606 0.000106975 -0.000496618 -0.001399606 0.000609374 -0.000695241 -0.001242126 -0.000366888 -0.000695241 -0.001399606 -0.000366888 -0.000482041 -0.001242126 0.000620969 0.000279425 -0.001242126 0.000734771 -0.000768417 -0.001399606 0.00016584 0.000447326 -0.001399606 -0.00044741 -0.00029697 -0.001242126 -0.000558646 0.000675087 -0.001242126 -0.000402771 -0.000776043 -0.001242126 -0.000125397 0.00051388 -0.001242126 0.00059489 -0.000240587 -0.001242126 0.000748388 0.000499641 -0.001399606 0.000606898 -0.00077541 -0.001399606 0.000129253 0.00077541 -0.001242126 -0.000129253 0.000772854 -0.001242126 0.000143748 -0.000677081 -0.001242126 -0.000399411 0.000677081 -0.001242126 0.000399411 -0.00068444 -0.001399606 0.000386664 4.8489e-05 -0.001399606 0.000784612 -0.000222788 -0.001399606 0.000753878 -0.000325621 -0.001399606 -0.000517108 0.000584332 -0.001399606 0.000181619 -0.000584332 -0.001399606 -0.000181619 0.000575969 -0.001242126 0.000206612 -0.000665355 -0.001242126 0.000418653 -0.00077213 -0.001242126 0.000147588 0.000296755 -0.001399606 0.000727945 -0.00057698 -0.001242126 -0.000219724 -0.000103457 -0.001242126 0.000603097 0.000486427 -0.001399606 -0.000388543 -0.000351574 -0.001242126 -0.000513783 0.000134879 -0.001399606 0.000596855</float_array>
          <technique_common>
            <accessor source="#FBXASC227FBXASC130FBXASC189FBXASC227FBXASC131FBXASC170FBXASC227FBXASC131FBXASC131FBXASC227FBXASC131FBXASC13710-POSITION-array" count="369" stride="3">
              <param name="X" type="float"/>
              <param name="Y" type="float"/>
              <param name="Z" type="float"/>
            </accessor>
          </technique_common>
        </source>
        <source id="FBXASC227FBXASC130FBXASC189FBXASC227FBXASC131FBXASC170FBXASC227FBXASC131FBXASC131FBXASC227FBXASC131FBXASC13710-Normal0">
          <float_array id="FBXASC227FBXASC130FBXASC189FBXASC227FBXASC131FBXASC170FBXASC227FBXASC131FBXASC131FBXASC227FBXASC131FBXASC13710-Normal0-array" count="6606">
0.000000 -2.540000 0.000000
0.000000 -2.540000 0.000000
0.000000 -2.540000 0.000000
-0.000000 2.540000 -0.000000
-0.000000 2.540000 -0.000000
-0.000000 2.540000 -0.000000
0.000000 -2.540000 0.000000
0.000000 -2.540000 0.000000
0.000000 -2.540000 0.000000
-0.000000 2.540000 -0.000000
-0.000000 2.540000 -0.000000
-0.000000 2.540000 -0.000000
0.000000 -2.540000 0.000000
0.000000 -2.540000 0.000000
0.000000 -2.540000 0.000000
-0.000000 2.540000 -0.000000
-0.000000 2.540000 -0.000000
-0.000000 2.540000 -0.000000
-0.000000 2.540000 -0.000000
-0.000000 2.540000 -0.000000
-0.000000 2.540000 -0.000000
0.000000 -2.540000 0.000000
0.000000 -2.540000 0.000000
0.000000 -2.540000 0.000000
-0.000000 2.540000 -0.000000
-0.000000 2.540000 -0.000000
-0.000000 2.540000 -0.000000
0.000000 -2.540000 0.000000
0.000000 -2.540000 0.000000
0.000000 -2.540000 0.000000
-0.000000 2.540000 -0.000000
-0.000000 2.540000 -0.000000
-0.000000 2.540000 -0.000000
0.000000 -2.540000 0.000000
0.000000 -2.540000 0.000000
0.000000 -2.540000 0.000000
-0.000000 2.540000 -0.000000
-0.000000 2.540000 -0.000000
-0.000000 2.540000 -0.000000
0.000000 -2.540000 0.000000
0.000000 -2.540000 0.000000
0.000000 -2.540000 0.000000
-0.000000 2.540000 -0.000000
-0.000000 2.540000 -0.000000
-0.000000 2.540000 -0.000000
0.000000 -2.540000 0.000000
0.000000 -2.540000 0.000000
0.000000 -2.540000 0.000000
-0.000000 2.540000 -0.000000
-0.000000 2.540000 -0.000000
-0.000000 2.540000 -0.000000
0.000000 -2.540000 0.000000
0.000000 -2.540000 0.000000
0.000000 -2.540000 0.000000
-0.000000 2.540000 -0.000000
-0.000000 2.540000 -0.000000
-0.000000 2.540000 -0.000000
0.000000 -2.540000 0.000000
0.000000 -2.540000 0.000000
0.000000 -2.540000 0.000000
0.000000 -2.540000 0.000000
0.000000 -2.540000 0.000000
0.000000 -2.540000 0.000000
-0.000000 2.540000 -0.000000
-0.000000 2.540000 -0.000000
-0.000000 2.540000 -0.000000
0.000000 -2.540000 0.000000
0.000000 -2.540000 0.000000
0.000000 -2.540000 0.000000
-0.000000 2.540000 -0.000000
-0.000000 2.540000 -0.000000
-0.000000 2.540000 -0.000000
0.000000 -2.540000 0.000000
0.000000 -2.540000 0.000000
0.000000 -2.540000 0.000000
-0.000000 2.540000 -0.000000
-0.000000 2.540000 -0.000000
-0.000000 2.540000 -0.000000
0.000000 -2.540000 0.000000
0.000000 -2.540000 0.000000
0.000000 -2.540000 0.000000
-0.000000 2.540000 -0.000000
-0.000000 2.540000 -0.000000
-0.000000 2.540000 -0.000000
0.000000 -2.540000 0.000000
0.000000 -2.540000 0.000000
0.000000 -2.540000 0.000000
-2.236039 0.000000 1.204877
-2.161555 0.000000 1.333897
-2.236039 0.000000 1.204877
-0.000000 2.540000 -0.000000
-0.000000 2.540000 -0.000000
-0.000000 2.540000 -0.000000
0.000000 -2.540000 0.000000
0.000000 -2.540000 0.000000
0.000000 -2.540000 0.000000
-0.000000 2.540000 -0.000000
-0.000000 2.540000 -0.000000
-0.000000 2.540000 -0.000000
0.000000 -2.540000 0.000000
0.000000 -2.540000 0.000000
0.000000 -2.540000 0.000000
-0.000000 2.540000 -0.000000
-0.000000 2.540000 -0.000000
-0.000000 2.540000 -0.000000
0.000000 -2.540000 0.000000
0.000000 -2.540000 0.000000
0.000000 -2.540000 0.000000
-0.000000 2.540000 -0.000000
-0.000000 2.540000 -0.000000
-0.000000 2.540000 -0.000000
0.000000 -2.540000 0.000000
0.000000 -2.540000 0.000000
0.000000 -2.540000 0.000000
0.000000 -2.540000 0.000000
0.000000 -2.540000 0.000000
0.000000 -2.540000 0.000000
-0.000000 2.540000 -0.000000
-0.000000 2.540000 -0.000000
-0.000000 2.540000 -0.000000
0.000000 -2.540000 0.000000
0.000000 -2.540000 0.000000
0.000000 -2.540000 0.000000
-0.000000 2.540000 -0.000000
-0.000000 2.540000 -0.000000
-0.000000 2.540000 -0.000000
0.000000 -2.540000 0.000000
0.000000 -2.540000 0.000000
0.000000 -2.540000 0.000000
-0.000000 2.540000 -0.000000
-0.000000 2.540000 -0.000000
-0.000000 2.540000 -0.000000
-0.000000 2.540000 -0.000000
-0.000000 2.540000 -0.000000
-0.000000 2.540000 -0.000000
0.000000 -2.540000 0.000000
0.000000 -2.540000 0.000000
0.000000 -2.540000 0.000000
-0.000000 2.540000 -0.000000
-0.000000 2.540000 -0.000000
-0.000000 2.540000 -0.000000
0.000000 -2.540000 0.000000
0.000000 -2.540000 0.000000
0.000000 -2.540000 0.000000
-0.000000 2.540000 -0.000000
-0.000000 2.540000 -0.000000
-0.000000 2.540000 -0.000000
0.000000 -2.540000 0.000000
0.000000 -2.540000 0.000000
0.000000 -2.540000 0.000000
-0.000000 2.540000 -0.000000
-0.000000 2.540000 -0.000000
-0.000000 2.540000 -0.000000
0.000000 -2.540000 0.000000
0.000000 -2.540000 0.000000
0.000000 -2.540000 0.000000
0.000000 -2.540000 0.000000
0.000000 -2.540000 0.000000
0.000000 -2.540000 0.000000
-0.000000 2.540000 -0.000000
-0.000000 2.540000 -0.000000
-0.000000 2.540000 -0.000000
0.670997 0.000000 -2.449768
0.670997 0.000000 -2.449768
0.813465 0.000000 -2.406216
0.000000 -2.540000 0.000000
0.000000 -2.540000 0.000000
0.000000 -2.540000 0.000000
0.000000 -2.540000 0.000000
0.000000 -2.540000 0.000000
0.000000 -2.540000 0.000000
-0.000000 2.540000 -0.000000
-0.000000 2.540000 -0.000000
-0.000000 2.540000 -0.000000
1.210221 -0.000000 -2.233152
0.824828 -0.000000 -2.402344
1.222793 -0.000000 -2.226292
-2.513469 -0.000000 -0.366162
-2.513469 -0.000000 -0.366162
-2.300377 -0.000000 -1.076970
2.510698 0.000000 0.384704
2.510698 0.000000 0.384704
2.514737 0.000000 -0.357346
-0.518458 0.000000 -2.486524
-0.504429 0.000000 -2.489408
-0.086410 0.000000 -2.538530
1.283965 -0.000000 -2.191582
1.565542 -0.000000 -2.000170
1.283965 -0.000000 -2.191582
1.060667 0.000000 2.307940
1.060667 0.000000 2.307940
0.923535 0.000000 2.366153
-0.923535 -0.000000 -2.366153
-0.923535 -0.000000 -2.366153
-1.060667 -0.000000 -2.307940
0.074411 0.000000 2.538910
0.074411 0.000000 2.538910
-0.074565 0.000000 2.538905
1.688982 0.000000 1.897087
1.688982 0.000000 1.897087
1.574857 0.000000 1.992844
-2.433688 0.000000 -0.727160
-2.433688 0.000000 -0.727160
-2.228403 0.000000 -1.218942
2.161555 -0.000000 -1.333897
2.236039 -0.000000 -1.204877
2.161555 -0.000000 -1.333897
-0.670997 0.000000 2.449768
-0.670997 0.000000 2.449768
-0.813465 0.000000 2.406216
-2.169836 -0.000000 1.320383
-1.846583 -0.000000 1.744056
-2.169836 -0.000000 1.320383
2.487417 0.000000 -0.514158
2.513282 0.000000 -0.367444
2.487417 0.000000 -0.514158
-0.074411 -0.000000 -2.538910
-0.074411 -0.000000 -2.538910
0.074565 -0.000000 -2.538905
1.786063 0.000000 1.805984
1.786063 0.000000 1.805984
1.677111 0.000000 1.907589
-0.058567 -0.000000 -2.539325
-0.207339 -0.000000 -2.531523
-0.058567 -0.000000 -2.539325
-1.574978 0.000000 1.992748
-1.574978 0.000000 1.992748
-1.689097 0.000000 1.896985
-2.457060 0.000000 0.643783
-2.490577 0.000000 0.498626
-2.457060 0.000000 0.643783
2.161474 0.000000 1.334028
2.161474 0.000000 1.334028
2.235966 0.000000 1.205013
-2.296033 0.000000 -1.086201
-2.228403 0.000000 -1.218942
-2.296033 0.000000 -1.086201
0.798288 0.000000 2.411293
0.938282 0.000000 2.360345
0.798288 0.000000 2.411293
-2.510917 -0.000000 -0.383272
-2.535622 -0.000000 0.149064
-2.510917 -0.000000 -0.383272
1.574857 0.000000 1.992844
1.688982 0.000000 1.897087
1.574857 0.000000 1.992844
-0.293507 0.000000 2.522985
0.046565 0.000000 2.539573
-0.293507 0.000000 2.522985
1.574978 -0.000000 -1.992748
1.689097 -0.000000 -1.896985
1.574978 -0.000000 -1.992748
-0.798435 0.000000 2.411245
-0.798435 0.000000 2.411245
-0.938425 0.000000 2.360288
-0.912342 -0.000000 -2.370492
-0.587105 -0.000000 -2.471216
-0.912342 -0.000000 -2.370492
-0.000000 2.540000 -0.000000
-0.000000 2.540000 -0.000000
-0.000000 2.540000 -0.000000
-0.000000 2.540000 -0.000000
-0.000000 2.540000 -0.000000
-0.000000 2.540000 -0.000000
2.513259 0.000000 0.367596
2.487386 0.000000 0.514309
2.513259 0.000000 0.367596
-2.176052 0.000000 1.310113
-2.331723 0.000000 1.007308
-2.331723 0.000000 1.007308
-2.038216 -0.000000 -1.515677
-1.677111 -0.000000 -1.907589
-2.038216 -0.000000 -1.515677
0.086410 0.000000 2.538530
0.425148 0.000000 2.504166
0.086410 0.000000 2.538530
2.392296 -0.000000 -0.853533
2.392296 -0.000000 -0.853533
2.484959 -0.000000 -0.525908
-1.587381 0.000000 1.982882
-1.587381 0.000000 1.982882
-1.468401 0.000000 2.072534
-2.535622 -0.000000 0.149064
-2.535622 -0.000000 0.149064
-2.492905 -0.000000 0.486850
1.935329 0.000000 1.645023
2.235966 0.000000 1.205013
1.935329 0.000000 1.645023
0.058567 0.000000 2.539325
0.207339 0.000000 2.531523
0.058567 0.000000 2.539325
1.565542 -0.000000 -2.000170
1.565542 -0.000000 -2.000170
1.283965 -0.000000 -2.191582
1.396904 0.000000 2.121382
1.668077 0.000000 1.915494
1.396904 0.000000 2.121382
0.456967 -0.000000 -2.498556
0.456967 -0.000000 -2.498556
-0.074411 -0.000000 -2.538910
-1.574978 0.000000 1.992748
-1.956098 0.000000 1.620272
-1.574978 0.000000 1.992748
0.293507 0.000000 -2.522985
0.293507 0.000000 -2.522985
-0.046565 0.000000 -2.539573
1.677111 0.000000 1.907589
1.786063 0.000000 1.805984
1.677111 0.000000 1.907589
-0.086410 0.000000 -2.538530
-0.504429 0.000000 -2.489408
-0.086410 0.000000 -2.538530
0.207339 0.000000 2.531523
0.207339 0.000000 2.531523
0.058567 0.000000 2.539325
1.689097 -0.000000 -1.896985
1.689097 -0.000000 -1.896985
1.574978 -0.000000 -1.992748
-0.074565 0.000000 2.538905
0.074411 0.000000 2.538910
-0.074565 0.000000 2.538905
-1.786063 -0.000000 -1.805984
-1.677111 -0.000000 -1.907589
-1.786063 -0.000000 -1.805984
-2.088694 -0.000000 1.445323
-2.169836 -0.000000 1.320383
-2.088694 -0.000000 1.445323
2.487386 0.000000 0.514309
2.487386 0.000000 0.514309
2.513259 0.000000 0.367596
0.375436 -0.000000 -2.512100
0.375436 -0.000000 -2.512100
0.375436 -0.000000 -2.512100
2.514737 0.000000 -0.357346
2.510698 0.000000 0.384704
2.514737 0.000000 -0.357346
2.513282 0.000000 -0.367444
2.513282 0.000000 -0.367444
2.487417 0.000000 -0.514158
-1.468401 0.000000 2.072534
-1.587381 0.000000 1.982882
-1.468401 0.000000 2.072534
0.824828 -0.000000 -2.402344
0.824828 -0.000000 -2.402344
1.210221 -0.000000 -2.233152
-2.161555 0.000000 1.333897
-2.161555 0.000000 1.333897
-2.236039 0.000000 1.204877
-1.060667 -0.000000 -2.307940
-0.923535 -0.000000 -2.366153
-1.060667 -0.000000 -2.307940
-0.938425 0.000000 2.360288
-0.798435 0.000000 2.411245
-0.938425 0.000000 2.360288
0.375436 -0.000000 -2.512100
0.375436 -0.000000 -2.512100
0.375436 -0.000000 -2.512100
-2.300377 -0.000000 -1.076970
-2.513469 -0.000000 -0.366162
-2.300377 -0.000000 -1.076970
1.060667 0.000000 2.307940
2.141041 0.000000 1.366581
2.141041 0.000000 1.366581
0.000000 -2.540000 0.000000
0.000000 -2.540000 0.000000
0.000000 -2.540000 0.000000
-0.000000 2.540000 -0.000000
-0.000000 2.540000 -0.000000
-0.000000 2.540000 -0.000000
-0.863145 0.000000 -2.388845
-1.300185 0.000000 -2.181999
-1.397770 0.000000 -2.120811
0.000000 -2.540000 0.000000
0.000000 -2.540000 0.000000
0.000000 -2.540000 0.000000
2.392296 -0.000000 -0.853533
2.484959 -0.000000 -0.525908
2.484959 -0.000000 -0.525908
-2.176052 0.000000 1.310113
-2.331723 0.000000 1.007308
-2.176052 0.000000 1.310113
-0.000000 2.540000 -0.000000
-0.000000 2.540000 -0.000000
-0.000000 2.540000 -0.000000
0.046565 0.000000 2.539573
0.046565 0.000000 2.539573
-0.293507 0.000000 2.522985
-0.000000 2.540000 -0.000000
-0.000000 2.540000 -0.000000
-0.000000 2.540000 -0.000000
0.000000 -2.540000 0.000000
0.000000 -2.540000 0.000000
0.000000 -2.540000 0.000000
-1.596735 -0.000000 1.975357
-1.596735 -0.000000 1.975357
-1.846583 -0.000000 1.744056
-0.000000 2.540000 -0.000000
-0.000000 2.540000 -0.000000
-0.000000 2.540000 -0.000000
-0.207339 -0.000000 -2.531523
-0.207339 -0.000000 -2.531523
-0.058567 -0.000000 -2.539325
0.938282 0.000000 2.360345
0.938282 0.000000 2.360345
0.798288 0.000000 2.411293
-0.000000 2.540000 -0.000000
-0.000000 2.540000 -0.000000
-0.000000 2.540000 -0.000000
1.668077 0.000000 1.915494
1.668077 0.000000 1.915494
1.396904 0.000000 2.121382
-0.000000 2.540000 -0.000000
-0.000000 2.540000 -0.000000
-0.000000 2.540000 -0.000000
-0.000000 2.540000 -0.000000
-0.000000 2.540000 -0.000000
-0.000000 2.540000 -0.000000
-1.396904 -0.000000 -2.121382
-1.396904 -0.000000 -2.121382
-1.668077 -0.000000 -1.915494
-0.046565 0.000000 -2.539573
0.293507 0.000000 -2.522985
-0.046565 0.000000 -2.539573
-0.000000 2.540000 -0.000000
-0.000000 2.540000 -0.000000
-0.000000 2.540000 -0.000000
0.949427 0.000000 2.355884
1.255984 0.000000 2.207738
0.949427 0.000000 2.355884
-0.000000 2.540000 -0.000000
-0.000000 2.540000 -0.000000
-0.000000 2.540000 -0.000000
-0.456967 0.000000 2.498556
-0.456967 0.000000 2.498556
-0.787030 0.000000 2.414992
0.000000 -2.540000 0.000000
0.000000 -2.540000 0.000000
0.000000 -2.540000 0.000000
-0.587105 -0.000000 -2.471216
-0.587105 -0.000000 -2.471216
-0.912342 -0.000000 -2.370492
0.000000 -2.540000 0.000000
0.000000 -2.540000 0.000000
0.000000 -2.540000 0.000000
0.000000 -2.540000 0.000000
0.000000 -2.540000 0.000000
0.000000 -2.540000 0.000000
-2.529068 -0.000000 -0.235405
-2.510917 -0.000000 -0.383272
-2.529068 -0.000000 -0.235405
0.938425 -0.000000 -2.360288
0.938425 -0.000000 -2.360288
0.798435 -0.000000 -2.411245
-0.000000 2.540000 -0.000000
-0.000000 2.540000 -0.000000
-0.000000 2.540000 -0.000000
-0.670997 0.000000 2.449768
0.761711 0.000000 2.423096
0.761711 0.000000 2.423096
0.000000 -2.540000 0.000000
0.000000 -2.540000 0.000000
0.000000 -2.540000 0.000000
0.000000 -2.540000 0.000000
0.000000 -2.540000 0.000000
0.000000 -2.540000 0.000000
0.813465 0.000000 -2.406216
0.670997 0.000000 -2.449768
0.813465 0.000000 -2.406216
0.000000 -2.540000 0.000000
0.000000 -2.540000 0.000000
0.000000 -2.540000 0.000000
0.798435 -0.000000 -2.411245
0.938425 -0.000000 -2.360288
0.798435 -0.000000 -2.411245
-1.397770 0.000000 -2.120811
-1.300185 0.000000 -2.181999
-0.826786 0.000000 -2.401671
0.000000 -2.540000 0.000000
0.000000 -2.540000 0.000000
0.000000 -2.540000 0.000000
0.857640 -0.000000 -2.390827
1.374085 -0.000000 -2.136233
-0.143511 -0.000000 -2.535943
0.000000 -2.540000 0.000000
0.000000 -2.540000 0.000000
0.000000 -2.540000 0.000000
-0.000000 2.540000 -0.000000
-0.000000 2.540000 -0.000000
-0.000000 2.540000 -0.000000
1.956759 -0.000000 -1.619473
1.881328 -0.000000 -1.706519
1.492841 -0.000000 -2.055001
-0.000000 2.540000 -0.000000
-0.000000 2.540000 -0.000000
-0.000000 2.540000 -0.000000
2.236039 -0.000000 -1.204877
2.236039 -0.000000 -1.204877
2.161555 -0.000000 -1.333897
1.956098 -0.000000 -1.620272
2.155226 -0.000000 -1.344098
1.956098 -0.000000 -1.620272
0.000000 -2.540000 0.000000
0.000000 -2.540000 0.000000
0.000000 -2.540000 0.000000
-2.490577 0.000000 0.498626
-2.490577 0.000000 0.498626
-2.457060 0.000000 0.643783
0.000000 -2.540000 0.000000
0.000000 -2.540000 0.000000
0.000000 -2.540000 0.000000
1.896880 -0.000000 -1.689214
1.896880 -0.000000 -1.689214
2.304140 -0.000000 -1.068896
-0.000000 2.540000 -0.000000
-0.000000 2.540000 -0.000000
-0.000000 2.540000 -0.000000
-0.000000 2.540000 -0.000000
-0.000000 2.540000 -0.000000
-0.000000 2.540000 -0.000000
2.222617 0.000000 1.229460
2.038216 0.000000 1.515677
2.222617 0.000000 1.229460
1.255984 0.000000 2.207738
1.255984 0.000000 2.207738
0.949427 0.000000 2.355884
0.000000 -2.540000 0.000000
0.000000 -2.540000 0.000000
0.000000 -2.540000 0.000000
0.000000 -2.540000 0.000000
0.000000 -2.540000 0.000000
0.000000 -2.540000 0.000000
0.425148 0.000000 2.504166
0.425148 0.000000 2.504166
0.086410 0.000000 2.538530
1.697929 0.000000 1.889084
1.935329 0.000000 1.645023
1.697929 0.000000 1.889084
0.000000 -2.540000 0.000000
0.000000 -2.540000 0.000000
0.000000 -2.540000 0.000000
0.000000 -2.540000 0.000000
0.000000 -2.540000 0.000000
0.000000 -2.540000 0.000000
2.514969 0.000000 0.355714
2.539949 0.000000 0.016155
2.514969 0.000000 0.355714
2.539949 0.000000 0.016155
2.539949 0.000000 0.016155
2.514969 0.000000 0.355714
-0.000000 2.540000 -0.000000
-0.000000 2.540000 -0.000000
-0.000000 2.540000 -0.000000
0.000000 -2.540000 0.000000
0.000000 -2.540000 0.000000
0.000000 -2.540000 0.000000
0.587105 0.000000 2.471216
0.912342 0.000000 2.370492
0.587105 0.000000 2.471216
-0.000000 2.540000 -0.000000
-0.000000 2.540000 -0.000000
-0.000000 2.540000 -0.000000
-2.433688 0.000000 -0.727160
-2.433688 0.000000 -0.727160
-2.509077 0.000000 -0.395135
-0.000000 2.540000 -0.000000
-0.000000 2.540000 -0.000000
-0.000000 2.540000 -0.000000
-2.155226 0.000000 1.344098
-1.956098 0.000000 1.620272
-2.155226 0.000000 1.344098
-1.668077 -0.000000 -1.915494
-1.396904 -0.000000 -2.121382
-1.668077 -0.000000 -1.915494
0.000000 -2.540000 0.000000
0.000000 -2.540000 0.000000
0.000000 -2.540000 0.000000
-0.000000 2.540000 -0.000000
-0.000000 2.540000 -0.000000
-0.000000 2.540000 -0.000000
-0.787030 0.000000 2.414992
-0.456967 0.000000 2.498556
-0.787030 0.000000 2.414992
-1.565542 0.000000 2.000170
-1.565542 0.000000 2.000170
-1.283965 0.000000 2.191582
-0.000000 2.540000 -0.000000
-0.000000 2.540000 -0.000000
-0.000000 2.540000 -0.000000
-1.890945 -0.000000 -1.695856
-1.320117 -0.000000 -2.169998
-1.890945 -0.000000 -1.695856
0.000000 -2.540000 0.000000
0.000000 -2.540000 0.000000
0.000000 -2.540000 0.000000
-2.038216 -0.000000 -1.515677
-2.038216 -0.000000 -1.515677
-2.222617 -0.000000 -1.229460
-0.000000 2.540000 -0.000000
-0.000000 2.540000 -0.000000
-0.000000 2.540000 -0.000000
0.000000 -2.540000 0.000000
0.000000 -2.540000 0.000000
0.000000 -2.540000 0.000000
0.074565 -0.000000 -2.538905
-0.074411 -0.000000 -2.538910
0.074565 -0.000000 -2.538905
-0.000000 2.540000 -0.000000
-0.000000 2.540000 -0.000000
-0.000000 2.540000 -0.000000
0.912342 0.000000 2.370492
0.912342 0.000000 2.370492
0.587105 0.000000 2.471216
0.000000 -2.540000 0.000000
0.000000 -2.540000 0.000000
0.000000 -2.540000 0.000000
2.241636 0.000000 1.194432
2.381246 0.000000 0.883894
2.241636 0.000000 1.194432
-2.392296 0.000000 0.853533
-2.392296 0.000000 0.853533
-2.484959 0.000000 0.525908
-0.000000 2.540000 -0.000000
-0.000000 2.540000 -0.000000
-0.000000 2.540000 -0.000000
0.000000 -2.540000 0.000000
0.000000 -2.540000 0.000000
0.000000 -2.540000 0.000000
-2.392296 0.000000 0.853533
-2.484959 0.000000 0.525908
-2.484959 0.000000 0.525908
2.155226 -0.000000 -1.344098
2.155226 -0.000000 -1.344098
1.956098 -0.000000 -1.620272
-0.000000 2.540000 -0.000000
-0.000000 2.540000 -0.000000
-0.000000 2.540000 -0.000000
0.000000 -2.540000 0.000000
0.000000 -2.540000 0.000000
0.000000 -2.540000 0.000000
-0.824828 0.000000 2.402344
-0.824828 0.000000 2.402344
-1.138718 0.000000 2.270445
-1.283965 0.000000 2.191582
-1.565542 0.000000 2.000170
-1.283965 0.000000 2.191582
0.000000 -2.540000 0.000000
0.000000 -2.540000 0.000000
0.000000 -2.540000 0.000000
-2.523676 -0.000000 -0.287504
-2.447037 0.000000 0.680888
-2.447037 0.000000 0.680888
0.000000 -2.540000 0.000000
0.000000 -2.540000 0.000000
0.000000 -2.540000 0.000000
-0.000000 2.540000 -0.000000
-0.000000 2.540000 -0.000000
-0.000000 2.540000 -0.000000
2.381246 0.000000 0.883894
2.381246 0.000000 0.883894
2.241636 0.000000 1.194432
-0.000000 2.540000 -0.000000
-0.000000 2.540000 -0.000000
-0.000000 2.540000 -0.000000
-2.529068 -0.000000 -0.235405
-2.529068 -0.000000 -0.235405
-2.254014 -0.000000 1.170905
0.000000 -2.540000 0.000000
0.000000 -2.540000 0.000000
0.000000 -2.540000 0.000000
2.038216 0.000000 1.515677
2.038216 0.000000 1.515677
2.222617 0.000000 1.229460
-1.786063 -0.000000 -1.805984
-2.479319 -0.000000 -0.551887
-2.479319 -0.000000 -0.551887
0.000000 -2.540000 0.000000
0.000000 -2.540000 0.000000
0.000000 -2.540000 0.000000
0.000000 -2.540000 0.000000
0.000000 -2.540000 0.000000
0.000000 -2.540000 0.000000
1.183915 0.000000 -2.247209
2.233237 0.000000 -1.210064
1.845945 0.000000 -1.744731
-0.000000 2.540000 -0.000000
-0.000000 2.540000 -0.000000
-0.000000 2.540000 -0.000000
-0.974032 -0.000000 2.345818
-2.088694 -0.000000 1.445323
-0.974032 -0.000000 2.345818
-0.834434 0.000000 2.399025
-0.777361 0.000000 2.418121
-0.777361 0.000000 2.418121
-0.000000 2.540000 -0.000000
-0.000000 2.540000 -0.000000
-0.000000 2.540000 -0.000000
-0.000000 2.540000 -0.000000
-0.000000 2.540000 -0.000000
-0.000000 2.540000 -0.000000
0.787030 -0.000000 -2.414992
0.787030 -0.000000 -2.414992
0.456967 -0.000000 -2.498556
0.000000 -2.540000 0.000000
0.000000 -2.540000 0.000000
0.000000 -2.540000 0.000000
-2.296033 0.000000 -1.086201
-2.518554 0.000000 0.329373
-2.518554 0.000000 0.329373
-0.475163 -0.000000 -2.495159
-1.781866 -0.000000 -1.810125
-1.255176 -0.000000 -2.208197
-0.000000 2.540000 -0.000000
-0.000000 2.540000 -0.000000
-0.000000 2.540000 -0.000000
-0.000000 2.540000 -0.000000
-0.000000 2.540000 -0.000000
-0.000000 2.540000 -0.000000
2.235966 0.000000 1.205013
2.161474 0.000000 1.334028
2.235966 0.000000 1.205013
-1.320117 -0.000000 -2.169998
-1.320117 -0.000000 -2.169998
-1.890945 -0.000000 -1.695856
-0.000000 2.540000 -0.000000
-0.000000 2.540000 -0.000000
-0.000000 2.540000 -0.000000
-0.000000 2.540000 -0.000000
-0.000000 2.540000 -0.000000
-0.000000 2.540000 -0.000000
2.233237 0.000000 -1.210064
2.489834 0.000000 -0.502321
1.845945 0.000000 -1.744731
-0.000000 2.540000 -0.000000
-0.000000 2.540000 -0.000000
-0.000000 2.540000 -0.000000
-1.138718 0.000000 2.270445
-0.824828 0.000000 2.402344
-1.138718 0.000000 2.270445
0.000000 -2.540000 0.000000
0.000000 -2.540000 0.000000
0.000000 -2.540000 0.000000
2.304140 -0.000000 -1.068896
1.896880 -0.000000 -1.689214
2.304140 -0.000000 -1.068896
2.523676 0.000000 0.287504
2.447037 -0.000000 -0.680888
2.447037 -0.000000 -0.680888
0.000000 -2.540000 0.000000
0.000000 -2.540000 0.000000
0.000000 -2.540000 0.000000
1.095467 0.000000 2.291626
2.161474 0.000000 1.334028
1.095467 0.000000 2.291626
0.000000 -2.540000 0.000000
0.000000 -2.540000 0.000000
0.000000 -2.540000 0.000000
1.544522 0.000000 2.016445
1.544522 0.000000 2.016445
2.188522 0.000000 1.289175
-0.000000 2.540000 -0.000000
-0.000000 2.540000 -0.000000
-0.000000 2.540000 -0.000000
-1.846583 -0.000000 1.744056
-1.596735 -0.000000 1.975357
-1.846583 -0.000000 1.744056
-0.000000 2.540000 -0.000000
-0.000000 2.540000 -0.000000
-0.000000 2.540000 -0.000000
0.000000 -2.540000 0.000000
0.000000 -2.540000 0.000000
0.000000 -2.540000 0.000000
-2.509077 0.000000 -0.395135
-2.433688 0.000000 -0.727160
-2.509077 0.000000 -0.395135
0.000000 -2.540000 0.000000
0.000000 -2.540000 0.000000
0.000000 -2.540000 0.000000
-1.689097 0.000000 1.896985
-1.574978 0.000000 1.992748
-1.689097 0.000000 1.896985
-0.000000 2.540000 -0.000000
-0.000000 2.540000 -0.000000
-0.000000 2.540000 -0.000000
0.847839 0.000000 2.394320
0.847839 0.000000 2.394320
1.327146 0.000000 2.165706
-2.222617 -0.000000 -1.229460
-2.038216 -0.000000 -1.515677
-2.222617 -0.000000 -1.229460
0.000000 -2.540000 0.000000
0.000000 -2.540000 0.000000
0.000000 -2.540000 0.000000
-2.210719 0.000000 1.250728
-2.210719 0.000000 1.250728
-1.902348 0.000000 1.683055
-0.000000 2.540000 -0.000000
-0.000000 2.540000 -0.000000
-0.000000 2.540000 -0.000000
-0.000000 2.540000 -0.000000
-0.000000 2.540000 -0.000000
-0.000000 2.540000 -0.000000
2.505171 -0.000000 -0.419189
2.505171 -0.000000 -0.419189
2.363261 -0.000000 -0.930913
2.482835 0.000000 -0.535846
2.482835 0.000000 -0.535846
2.494833 0.000000 -0.476872
0.000000 -2.540000 0.000000
0.000000 -2.540000 0.000000
0.000000 -2.540000 0.000000
0.000000 -2.540000 0.000000
0.000000 -2.540000 0.000000
0.000000 -2.540000 0.000000
-2.217680 -0.000000 -1.238343
-2.246397 -0.000000 -1.185453
-2.246397 -0.000000 -1.185453
-1.544522 -0.000000 -2.016445
-1.544522 -0.000000 -2.016445
-2.188522 -0.000000 -1.289175
-0.000000 2.540000 -0.000000
-0.000000 2.540000 -0.000000
-0.000000 2.540000 -0.000000
-0.000000 2.540000 -0.000000
-0.000000 2.540000 -0.000000
-0.000000 2.540000 -0.000000
-2.505171 0.000000 0.419189
-2.505171 0.000000 0.419189
-2.363261 0.000000 0.930913
0.000000 -2.540000 0.000000
0.000000 -2.540000 0.000000
0.000000 -2.540000 0.000000
0.923535 0.000000 2.366153
1.060667 0.000000 2.307940
0.923535 0.000000 2.366153
0.000000 -2.540000 0.000000
0.000000 -2.540000 0.000000
0.000000 -2.540000 0.000000
-2.532340 0.000000 -0.197111
-2.236039 0.000000 1.204877
-2.236039 0.000000 1.204877
-2.066586 0.000000 1.476762
-0.938425 0.000000 2.360288
-0.938425 0.000000 2.360288
0.000000 -2.540000 0.000000
0.000000 -2.540000 0.000000
0.000000 -2.540000 0.000000
2.505171 -0.000000 -0.419189
2.363261 -0.000000 -0.930913
2.363261 -0.000000 -0.930913
0.000000 -2.540000 0.000000
0.000000 -2.540000 0.000000
0.000000 -2.540000 0.000000
-0.000000 2.540000 -0.000000
-0.000000 2.540000 -0.000000
-0.000000 2.540000 -0.000000
-0.889557 0.000000 2.379136
-0.889557 0.000000 2.379136
-0.375436 0.000000 2.512100
-2.497462 -0.000000 -0.462910
-2.497462 -0.000000 -0.462910
-2.539129 0.000000 0.066489
-0.000000 2.540000 -0.000000
-0.000000 2.540000 -0.000000
-0.000000 2.540000 -0.000000
-1.211983 -0.000000 2.232195
-0.721368 -0.000000 2.435411
-0.721368 -0.000000 2.435411
0.000000 -2.540000 0.000000
0.000000 -2.540000 0.000000
0.000000 -2.540000 0.000000
-0.000000 2.540000 -0.000000
-0.000000 2.540000 -0.000000
-0.000000 2.540000 -0.000000
-1.615614 0.000000 -1.959947
-1.615614 0.000000 -1.959947
-1.987825 0.000000 -1.581187
0.000000 -2.540000 0.000000
0.000000 -2.540000 0.000000
0.000000 -2.540000 0.000000
0.506395 0.000000 2.489009
1.012852 0.000000 2.329320
1.012852 0.000000 2.329320
0.000000 -2.540000 0.000000
0.000000 -2.540000 0.000000
0.000000 -2.540000 0.000000
-0.813465 0.000000 2.406216
-0.670997 0.000000 2.449768
-0.813465 0.000000 2.406216
2.497462 0.000000 0.462910
2.497462 0.000000 0.462910
2.539129 -0.000000 -0.066489
-0.000000 2.540000 -0.000000
-0.000000 2.540000 -0.000000
-0.000000 2.540000 -0.000000
1.615614 0.000000 1.959947
1.615614 0.000000 1.959947
1.987825 0.000000 1.581187
-0.000000 2.540000 -0.000000
-0.000000 2.540000 -0.000000
-0.000000 2.540000 -0.000000
1.492841 -0.000000 -2.055001
1.881328 -0.000000 -1.706519
1.468712 -0.000000 -2.072314
0.000000 -2.540000 0.000000
0.000000 -2.540000 0.000000
0.000000 -2.540000 0.000000
-1.468401 0.000000 2.072534
-0.112973 0.000000 2.537486
-0.112973 0.000000 2.537486
0.000000 -2.540000 0.000000
0.000000 -2.540000 0.000000
0.000000 -2.540000 0.000000
-2.492905 -0.000000 0.486850
-2.535622 -0.000000 0.149064
-2.492905 -0.000000 0.486850
-0.000000 2.540000 -0.000000
-0.000000 2.540000 -0.000000
-0.000000 2.540000 -0.000000
0.506395 0.000000 2.489009
0.506395 0.000000 2.489009
1.012852 0.000000 2.329320
-0.000000 2.540000 -0.000000
-0.000000 2.540000 -0.000000
-0.000000 2.540000 -0.000000
2.246397 0.000000 1.185453
2.246397 0.000000 1.185453
2.217680 0.000000 1.238343
0.000000 -2.540000 0.000000
0.000000 -2.540000 0.000000
0.000000 -2.540000 0.000000
2.516372 0.000000 0.345649
2.516372 0.000000 0.345649
2.507476 0.000000 0.405171
0.000000 -2.540000 0.000000
0.000000 -2.540000 0.000000
0.000000 -2.540000 0.000000
-0.000000 2.540000 -0.000000
-0.000000 2.540000 -0.000000
-0.000000 2.540000 -0.000000
2.514737 0.000000 -0.357346
2.514737 0.000000 -0.357346
2.304140 -0.000000 -1.068896
0.000000 -2.540000 0.000000
0.000000 -2.540000 0.000000
0.000000 -2.540000 0.000000
2.066586 -0.000000 -1.476762
0.938425 -0.000000 -2.360288
0.938425 -0.000000 -2.360288
-0.000000 2.540000 -0.000000
-0.000000 2.540000 -0.000000
-0.000000 2.540000 -0.000000
-0.293507 0.000000 2.522985
-0.813465 0.000000 2.406216
-0.293507 0.000000 2.522985
0.000000 -2.540000 0.000000
0.000000 -2.540000 0.000000
0.000000 -2.540000 0.000000
0.670997 0.000000 -2.449768
-0.761711 0.000000 -2.423096
-0.761711 0.000000 -2.423096
0.000000 -2.540000 0.000000
0.000000 -2.540000 0.000000
0.000000 -2.540000 0.000000
-1.060667 -0.000000 -2.307940
-2.141041 -0.000000 -1.366581
-2.141041 -0.000000 -1.366581
-0.000000 2.540000 -0.000000
-0.000000 2.540000 -0.000000
-0.000000 2.540000 -0.000000
-2.149831 0.000000 1.352710
-2.181277 0.000000 1.301396
-2.149831 0.000000 1.352710
0.000000 -2.540000 0.000000
0.000000 -2.540000 0.000000
0.000000 -2.540000 0.000000
2.532340 0.000000 0.197111
2.236039 -0.000000 -1.204877
2.236039 -0.000000 -1.204877
-1.846583 -0.000000 1.744056
-1.846583 -0.000000 1.744056
-2.169836 -0.000000 1.320383
0.000000 -2.540000 0.000000
0.000000 -2.540000 0.000000
0.000000 -2.540000 0.000000
-0.058567 -0.000000 -2.539325
-0.058567 -0.000000 -2.539325
-0.587105 -0.000000 -2.471216
-0.000000 2.540000 -0.000000
-0.000000 2.540000 -0.000000
-0.000000 2.540000 -0.000000
0.813465 0.000000 -2.406216
0.813465 0.000000 -2.406216
0.293507 0.000000 -2.522985
-0.000000 2.540000 -0.000000
-0.000000 2.540000 -0.000000
-0.000000 2.540000 -0.000000
0.000000 -2.540000 0.000000
0.000000 -2.540000 0.000000
0.000000 -2.540000 0.000000
2.513259 0.000000 0.367596
2.513259 0.000000 0.367596
2.381246 0.000000 0.883894
0.000000 -2.540000 0.000000
0.000000 -2.540000 0.000000
0.000000 -2.540000 0.000000
-2.228403 0.000000 -1.218942
-2.228403 0.000000 -1.218942
-2.296033 0.000000 -1.086201
-1.677111 -0.000000 -1.907589
-1.677111 -0.000000 -1.907589
-1.786063 -0.000000 -1.805984
0.000000 -2.540000 0.000000
0.000000 -2.540000 0.000000
0.000000 -2.540000 0.000000
0.000000 -2.540000 0.000000
0.000000 -2.540000 0.000000
0.000000 -2.540000 0.000000
-1.138718 0.000000 2.270445
-1.138718 0.000000 2.270445
-1.587381 0.000000 1.982882
-0.000000 2.540000 -0.000000
-0.000000 2.540000 -0.000000
-0.000000 2.540000 -0.000000
-1.283965 0.000000 2.191582
-1.283965 0.000000 2.191582
-0.798435 0.000000 2.411245
0.000000 -2.540000 0.000000
0.000000 -2.540000 0.000000
0.000000 -2.540000 0.000000
-0.889557 0.000000 2.379136
-0.375436 0.000000 2.512100
-0.375436 0.000000 2.512100
2.161555 -0.000000 -1.333897
2.161555 -0.000000 -1.333897
2.392296 -0.000000 -0.853533
0.000000 -2.540000 0.000000
0.000000 -2.540000 0.000000
0.000000 -2.540000 0.000000
0.798435 -0.000000 -2.411245
1.283965 -0.000000 -2.191582
0.798435 -0.000000 -2.411245
-0.000000 2.540000 -0.000000
-0.000000 2.540000 -0.000000
-0.000000 2.540000 -0.000000
0.000000 -2.540000 0.000000
0.000000 -2.540000 0.000000
0.000000 -2.540000 0.000000
2.487417 0.000000 -0.514158
2.487417 0.000000 -0.514158
2.539949 0.000000 0.016155
-0.000000 2.540000 -0.000000
-0.000000 2.540000 -0.000000
-0.000000 2.540000 -0.000000
1.574978 -0.000000 -1.992748
1.956098 -0.000000 -1.620272
1.574978 -0.000000 -1.992748
0.000000 -2.540000 0.000000
0.000000 -2.540000 0.000000
0.000000 -2.540000 0.000000
-1.436873 0.000000 2.094516
-0.074565 0.000000 2.538905
-0.074565 0.000000 2.538905
-0.587105 -0.000000 -2.471216
-0.058567 -0.000000 -2.539325
-0.587105 -0.000000 -2.471216
0.000000 -2.540000 0.000000
0.000000 -2.540000 0.000000
0.000000 -2.540000 0.000000
2.312206 0.000000 1.051335
2.513282 0.000000 -0.367444
2.513282 0.000000 -0.367444
0.000000 -2.540000 0.000000
0.000000 -2.540000 0.000000
0.000000 -2.540000 0.000000
-0.633852 0.000000 2.459641
0.798288 0.000000 2.411293
0.798288 0.000000 2.411293
0.000000 -2.540000 0.000000
0.000000 -2.540000 0.000000
0.000000 -2.540000 0.000000
0.456967 -0.000000 -2.498556
0.787030 -0.000000 -2.414992
0.456967 -0.000000 -2.498556
0.000000 -2.540000 0.000000
0.000000 -2.540000 0.000000
0.000000 -2.540000 0.000000
-0.000000 2.540000 -0.000000
-0.000000 2.540000 -0.000000
-0.000000 2.540000 -0.000000
-1.956098 0.000000 1.620272
-1.956098 0.000000 1.620272
-1.574978 0.000000 1.992748
1.396904 0.000000 2.121382
0.923535 0.000000 2.366153
1.396904 0.000000 2.121382
-0.000000 2.540000 -0.000000
-0.000000 2.540000 -0.000000
-0.000000 2.540000 -0.000000
-2.392296 0.000000 0.853533
-2.392296 0.000000 0.853533
-2.161555 0.000000 1.333897
-0.000000 2.540000 -0.000000
-0.000000 2.540000 -0.000000
-0.000000 2.540000 -0.000000
0.000000 -2.540000 0.000000
0.000000 -2.540000 0.000000
0.000000 -2.540000 0.000000
-1.956098 0.000000 1.620272
-1.956098 0.000000 1.620272
-2.155226 0.000000 1.344098
-0.456967 0.000000 2.498556
-0.456967 0.000000 2.498556
0.074411 0.000000 2.538910
-0.000000 2.540000 -0.000000
-0.000000 2.540000 -0.000000
-0.000000 2.540000 -0.000000
1.688982 0.000000 1.897087
1.688982 0.000000 1.897087
1.255984 0.000000 2.207738
0.000000 -2.540000 0.000000
0.000000 -2.540000 0.000000
0.000000 -2.540000 0.000000
0.000000 -2.540000 0.000000
0.000000 -2.540000 0.000000
0.000000 -2.540000 0.000000
0.938282 0.000000 2.360345
0.938282 0.000000 2.360345
0.425148 0.000000 2.504166
0.000000 -2.540000 0.000000
0.000000 -2.540000 0.000000
0.000000 -2.540000 0.000000
-1.396904 -0.000000 -2.121382
-0.923535 -0.000000 -2.366153
-1.396904 -0.000000 -2.121382
-0.000000 2.540000 -0.000000
-0.000000 2.540000 -0.000000
-0.000000 2.540000 -0.000000
-1.677111 -0.000000 -1.907589
-1.677111 -0.000000 -1.907589
-2.038216 -0.000000 -1.515677
-0.000000 2.540000 -0.000000
-0.000000 2.540000 -0.000000
-0.000000 2.540000 -0.000000
-2.228403 0.000000 -1.218942
-2.433688 0.000000 -0.727160
-2.228403 0.000000 -1.218942
0.000000 -2.540000 0.000000
0.000000 -2.540000 0.000000
0.000000 -2.540000 0.000000
0.923535 0.000000 2.366153
0.923535 0.000000 2.366153
1.396904 0.000000 2.121382
-0.813465 0.000000 2.406216
-0.813465 0.000000 2.406216
-0.293507 0.000000 2.522985
0.000000 -2.540000 0.000000
0.000000 -2.540000 0.000000
0.000000 -2.540000 0.000000
-0.000000 2.540000 -0.000000
-0.000000 2.540000 -0.000000
-0.000000 2.540000 -0.000000
0.058567 0.000000 2.539325
0.058567 0.000000 2.539325
0.587105 0.000000 2.471216
-0.000000 2.540000 -0.000000
-0.000000 2.540000 -0.000000
-0.000000 2.540000 -0.000000
-2.169836 -0.000000 1.320383
-2.169836 -0.000000 1.320383
-2.088694 -0.000000 1.445323
-0.000000 2.540000 -0.000000
-0.000000 2.540000 -0.000000
-0.000000 2.540000 -0.000000
-2.510917 -0.000000 -0.383272
-2.510917 -0.000000 -0.383272
-2.529068 -0.000000 -0.235405
-2.490577 0.000000 0.498626
-2.331723 0.000000 1.007308
-2.490577 0.000000 0.498626
-0.000000 2.540000 -0.000000
-0.000000 2.540000 -0.000000
-0.000000 2.540000 -0.000000
-0.000000 2.540000 -0.000000
-0.000000 2.540000 -0.000000
-0.000000 2.540000 -0.000000
-0.923535 -0.000000 -2.366153
-0.923535 -0.000000 -2.366153
-1.396904 -0.000000 -2.121382
0.293507 0.000000 -2.522985
0.813465 0.000000 -2.406216
0.293507 0.000000 -2.522985
0.000000 -2.540000 0.000000
0.000000 -2.540000 0.000000
0.000000 -2.540000 0.000000
0.000000 -2.540000 0.000000
0.000000 -2.540000 0.000000
0.000000 -2.540000 0.000000
2.038216 0.000000 1.515677
1.677111 0.000000 1.907589
2.038216 0.000000 1.515677
0.074411 0.000000 2.538910
-0.456967 0.000000 2.498556
0.074411 0.000000 2.538910
0.000000 -2.540000 0.000000
0.000000 -2.540000 0.000000
0.000000 -2.540000 0.000000
0.000000 -2.540000 0.000000
0.000000 -2.540000 0.000000
0.000000 -2.540000 0.000000
2.235966 0.000000 1.205013
2.235966 0.000000 1.205013
1.935329 0.000000 1.645023
0.425148 0.000000 2.504166
0.938282 0.000000 2.360345
0.425148 0.000000 2.504166
-0.000000 2.540000 -0.000000
-0.000000 2.540000 -0.000000
-0.000000 2.540000 -0.000000
1.283965 -0.000000 -2.191582
1.283965 -0.000000 -2.191582
0.798435 -0.000000 -2.411245
0.000000 -2.540000 0.000000
0.000000 -2.540000 0.000000
0.000000 -2.540000 0.000000
-0.000000 2.540000 -0.000000
-0.000000 2.540000 -0.000000
-0.000000 2.540000 -0.000000
1.255984 0.000000 2.207738
1.688982 0.000000 1.897087
1.255984 0.000000 2.207738
1.956098 -0.000000 -1.620272
1.956098 -0.000000 -1.620272
1.574978 -0.000000 -1.992748
0.000000 -2.540000 0.000000
0.000000 -2.540000 0.000000
0.000000 -2.540000 0.000000
1.677111 0.000000 1.907589
1.677111 0.000000 1.907589
2.038216 0.000000 1.515677
-0.000000 2.540000 -0.000000
-0.000000 2.540000 -0.000000
-0.000000 2.540000 -0.000000
-1.781866 -0.000000 -1.810125
-2.234176 -0.000000 -1.208329
-1.255176 -0.000000 -2.208197
0.000000 -2.540000 0.000000
0.000000 -2.540000 0.000000
0.000000 -2.540000 0.000000
2.392296 -0.000000 -0.853533
2.161555 -0.000000 -1.333897
2.392296 -0.000000 -0.853533
-0.000000 2.540000 -0.000000
-0.000000 2.540000 -0.000000
-0.000000 2.540000 -0.000000
0.000000 -2.540000 0.000000
0.000000 -2.540000 0.000000
0.000000 -2.540000 0.000000
-0.798435 0.000000 2.411245
-1.283965 0.000000 2.191582
-0.798435 0.000000 2.411245
-0.000000 2.540000 -0.000000
-0.000000 2.540000 -0.000000
-0.000000 2.540000 -0.000000
-2.447037 0.000000 0.680888
-1.689097 0.000000 1.896985
-2.447037 0.000000 0.680888
-0.000000 2.540000 -0.000000
-0.000000 2.540000 -0.000000
-0.000000 2.540000 -0.000000
-0.143511 -0.000000 -2.535943
1.374085 -0.000000 -2.136233
0.581579 -0.000000 -2.472522
0.000000 -2.540000 0.000000
0.000000 -2.540000 0.000000
0.000000 -2.540000 0.000000
0.166729 0.000000 -2.534522
-0.121155 0.000000 -2.537109
-0.689470 0.000000 -2.444633
0.000000 -2.540000 0.000000
0.000000 -2.540000 0.000000
0.000000 -2.540000 0.000000
-2.331723 0.000000 1.007308
-2.331723 0.000000 1.007308
-2.490577 0.000000 0.498626
2.304140 -0.000000 -1.068896
2.514737 0.000000 -0.357346
2.304140 -0.000000 -1.068896
0.000000 -2.540000 0.000000
0.000000 -2.540000 0.000000
0.000000 -2.540000 0.000000
-2.494833 -0.000000 0.476872
-2.494833 -0.000000 0.476872
-2.482835 -0.000000 0.535846
-0.000000 2.540000 -0.000000
-0.000000 2.540000 -0.000000
-0.000000 2.540000 -0.000000
-0.000000 2.540000 -0.000000
-0.000000 2.540000 -0.000000
-0.000000 2.540000 -0.000000
0.036404 0.000000 2.539739
0.036404 0.000000 2.539739
0.096566 0.000000 2.538164
-2.300377 -0.000000 -1.076970
-1.890945 -0.000000 -1.695856
-2.300377 -0.000000 -1.076970
-0.000000 2.540000 -0.000000
-0.000000 2.540000 -0.000000
-0.000000 2.540000 -0.000000
0.000000 -2.540000 0.000000
0.000000 -2.540000 0.000000
0.000000 -2.540000 0.000000
1.436873 -0.000000 -2.094516
0.074565 -0.000000 -2.538905
0.074565 -0.000000 -2.538905
-0.000000 2.540000 -0.000000
-0.000000 2.540000 -0.000000
-0.000000 2.540000 -0.000000
-0.518458 0.000000 -2.486524
-0.798651 0.000000 -2.411173
-0.504429 0.000000 -2.489408
2.381246 0.000000 0.883894
2.513259 0.000000 0.367596
2.381246 0.000000 0.883894
-0.000000 2.540000 -0.000000
-0.000000 2.540000 -0.000000
-0.000000 2.540000 -0.000000
-0.000000 2.540000 -0.000000
-0.000000 2.540000 -0.000000
-0.000000 2.540000 -0.000000
2.539949 0.000000 0.016155
2.487417 0.000000 -0.514158
2.539949 0.000000 0.016155
1.935329 0.000000 1.645023
1.935329 0.000000 1.645023
1.697929 0.000000 1.889084
-0.000000 2.540000 -0.000000
-0.000000 2.540000 -0.000000
-0.000000 2.540000 -0.000000
0.587105 0.000000 2.471216
0.058567 0.000000 2.539325
0.587105 0.000000 2.471216
0.000000 -2.540000 0.000000
0.000000 -2.540000 0.000000
0.000000 -2.540000 0.000000
-2.535622 -0.000000 0.149064
-2.535622 -0.000000 0.149064
-2.510917 -0.000000 -0.383272
0.000000 -2.540000 0.000000
0.000000 -2.540000 0.000000
0.000000 -2.540000 0.000000
-2.507476 -0.000000 -0.405171
-2.516372 -0.000000 -0.345649
-2.516372 -0.000000 -0.345649
0.000000 -2.540000 0.000000
0.000000 -2.540000 0.000000
0.000000 -2.540000 0.000000
2.181277 -0.000000 -1.301396
2.149831 -0.000000 -1.352710
2.149831 -0.000000 -1.352710
0.000000 -2.540000 0.000000
0.000000 -2.540000 0.000000
0.000000 -2.540000 0.000000
-1.604626 0.000000 1.968953
-1.604626 0.000000 1.968953
-1.557526 0.000000 2.006418
-0.000000 2.540000 -0.000000
-0.000000 2.540000 -0.000000
-0.000000 2.540000 -0.000000
-1.604626 0.000000 1.968953
-1.557526 0.000000 2.006418
-1.557526 0.000000 2.006418
0.000000 -2.540000 0.000000
0.000000 -2.540000 0.000000
0.000000 -2.540000 0.000000
-0.000000 2.540000 -0.000000
-0.000000 2.540000 -0.000000
-0.000000 2.540000 -0.000000
0.958845 0.000000 2.352066
0.902850 0.000000 2.374123
0.902850 0.000000 2.374123
-0.000000 2.540000 -0.000000
-0.000000 2.540000 -0.000000
-0.000000 2.540000 -0.000000
-1.468401 0.000000 2.072534
-1.468401 0.000000 2.072534
-0.112973 0.000000 2.537486
-1.587381 0.000000 1.982882
-1.138718 0.000000 2.270445
-1.587381 0.000000 1.982882
-0.000000 2.540000 -0.000000
-0.000000 2.540000 -0.000000
-0.000000 2.540000 -0.000000
-0.000000 2.540000 -0.000000
-0.000000 2.540000 -0.000000
-0.000000 2.540000 -0.000000
2.211498 -0.000000 -1.249351
2.181277 -0.000000 -1.301396
2.181277 -0.000000 -1.301396
-0.000000 2.540000 -0.000000
-0.000000 2.540000 -0.000000
-0.000000 2.540000 -0.000000
1.705474 0.000000 1.882275
1.660400 0.000000 1.922153
1.660400 0.000000 1.922153
-0.000000 2.540000 -0.000000
-0.000000 2.540000 -0.000000
-0.000000 2.540000 -0.000000
-2.497173 -0.000000 -0.464465
-2.507476 -0.000000 -0.405171
-2.507476 -0.000000 -0.405171
-0.000000 2.540000 -0.000000
-0.000000 2.540000 -0.000000
-0.000000 2.540000 -0.000000
-0.074411 -0.000000 -2.538910
0.456967 -0.000000 -2.498556
-0.074411 -0.000000 -2.538910
-2.217680 -0.000000 -1.238343
-2.217680 -0.000000 -1.238343
-2.246397 -0.000000 -1.185453
-0.000000 2.540000 -0.000000
-0.000000 2.540000 -0.000000
-0.000000 2.540000 -0.000000
2.516372 0.000000 0.345649
2.507476 0.000000 0.405171
2.507476 0.000000 0.405171
-0.000000 2.540000 -0.000000
-0.000000 2.540000 -0.000000
-0.000000 2.540000 -0.000000
0.000000 -2.540000 0.000000
0.000000 -2.540000 0.000000
0.000000 -2.540000 0.000000
0.958845 0.000000 2.352066
0.958845 0.000000 2.352066
0.902850 0.000000 2.374123
-2.494833 -0.000000 0.476872
-2.482835 -0.000000 0.535846
-2.482835 -0.000000 0.535846
0.000000 -2.540000 0.000000
0.000000 -2.540000 0.000000
0.000000 -2.540000 0.000000
0.000000 -2.540000 0.000000
0.000000 -2.540000 0.000000
0.000000 -2.540000 0.000000
-2.161555 0.000000 1.333897
-2.392296 0.000000 0.853533
-2.161555 0.000000 1.333897
-0.000000 2.540000 -0.000000
-0.000000 2.540000 -0.000000
-0.000000 2.540000 -0.000000
0.245620 0.000000 2.528096
0.245620 0.000000 2.528096
1.574857 0.000000 1.992844
-1.705474 -0.000000 -1.882275
-1.660400 -0.000000 -1.922153
-1.660400 -0.000000 -1.922153
-0.000000 2.540000 -0.000000
-0.000000 2.540000 -0.000000
-0.000000 2.540000 -0.000000
0.000000 -2.540000 0.000000
0.000000 -2.540000 0.000000
0.000000 -2.540000 0.000000
0.245620 0.000000 2.528096
1.574857 0.000000 1.992844
1.574857 0.000000 1.992844
-0.834434 0.000000 2.399025
-0.777361 0.000000 2.418121
-0.834434 0.000000 2.399025
0.000000 -2.540000 0.000000
0.000000 -2.540000 0.000000
0.000000 -2.540000 0.000000
1.327719 -0.000000 -2.165355
1.896880 -0.000000 -1.689214
1.327719 -0.000000 -2.165355
0.000000 -2.540000 0.000000
0.000000 -2.540000 0.000000
0.000000 -2.540000 0.000000
-1.890945 -0.000000 -1.695856
-1.890945 -0.000000 -1.695856
-2.300377 -0.000000 -1.076970
0.000000 -2.540000 0.000000
0.000000 -2.540000 0.000000
0.000000 -2.540000 0.000000
1.813185 0.000000 1.778752
2.487386 0.000000 0.514309
2.487386 0.000000 0.514309
0.000000 -2.540000 0.000000
0.000000 -2.540000 0.000000
0.000000 -2.540000 0.000000
2.482835 0.000000 -0.535846
2.494833 0.000000 -0.476872
2.494833 0.000000 -0.476872
-0.000000 2.540000 -0.000000
-0.000000 2.540000 -0.000000
-0.000000 2.540000 -0.000000
2.246397 0.000000 1.185453
2.217680 0.000000 1.238343
2.217680 0.000000 1.238343
-0.000000 2.540000 -0.000000
-0.000000 2.540000 -0.000000
-0.000000 2.540000 -0.000000
-2.149831 0.000000 1.352710
-2.181277 0.000000 1.301396
-2.181277 0.000000 1.301396
0.000000 -2.540000 0.000000
0.000000 -2.540000 0.000000
0.000000 -2.540000 0.000000
-2.457060 0.000000 0.643783
-2.457060 0.000000 0.643783
-1.717607 0.000000 1.871210
-0.000000 2.540000 -0.000000
-0.000000 2.540000 -0.000000
-0.000000 2.540000 -0.000000
-0.000000 2.540000 -0.000000
-0.000000 2.540000 -0.000000
-0.000000 2.540000 -0.000000
-1.060667 -0.000000 -2.307940
-1.060667 -0.000000 -2.307940
-2.141041 -0.000000 -1.366581
-0.000000 2.540000 -0.000000
-0.000000 2.540000 -0.000000
-0.000000 2.540000 -0.000000
-1.320117 -0.000000 -2.169998
-1.320117 -0.000000 -2.169998
-0.636615 -0.000000 -2.458927
1.183915 0.000000 -2.247209
1.845945 0.000000 -1.744731
0.878679 0.000000 -2.383175
-0.000000 2.540000 -0.000000
-0.000000 2.540000 -0.000000
-0.000000 2.540000 -0.000000
-0.000000 2.540000 -0.000000
-0.000000 2.540000 -0.000000
-0.000000 2.540000 -0.000000
0.670997 0.000000 -2.449768
0.670997 0.000000 -2.449768
-0.761711 0.000000 -2.423096
-0.670997 0.000000 2.449768
-0.670997 0.000000 2.449768
0.761711 0.000000 2.423096
-0.000000 2.540000 -0.000000
-0.000000 2.540000 -0.000000
-0.000000 2.540000 -0.000000
-0.000000 2.540000 -0.000000
-0.000000 2.540000 -0.000000
-0.000000 2.540000 -0.000000
-1.786063 -0.000000 -1.805984
-1.786063 -0.000000 -1.805984
-2.479319 -0.000000 -0.551887
1.060667 0.000000 2.307940
1.060667 0.000000 2.307940
2.141041 0.000000 1.366581
-0.000000 2.540000 -0.000000
-0.000000 2.540000 -0.000000
-0.000000 2.540000 -0.000000
-2.296033 0.000000 -1.086201
-2.296033 0.000000 -1.086201
-2.518554 0.000000 0.329373
-0.000000 2.540000 -0.000000
-0.000000 2.540000 -0.000000
-0.000000 2.540000 -0.000000
-0.000000 2.540000 -0.000000
-0.000000 2.540000 -0.000000
-0.000000 2.540000 -0.000000
1.896880 -0.000000 -1.689214
1.896880 -0.000000 -1.689214
1.327719 -0.000000 -2.165355
-0.000000 2.540000 -0.000000
-0.000000 2.540000 -0.000000
-0.000000 2.540000 -0.000000
1.786063 0.000000 1.805984
1.786063 0.000000 1.805984
2.479319 0.000000 0.551887
-1.705474 -0.000000 -1.882275
-1.705474 -0.000000 -1.882275
-1.660400 -0.000000 -1.922153
0.000000 -2.540000 0.000000
0.000000 -2.540000 0.000000
0.000000 -2.540000 0.000000
-0.826786 0.000000 -2.401671
-0.798651 0.000000 -2.411173
-0.518458 0.000000 -2.486524
0.000000 -2.540000 0.000000
0.000000 -2.540000 0.000000
0.000000 -2.540000 0.000000
-0.000000 2.540000 -0.000000
-0.000000 2.540000 -0.000000
-0.000000 2.540000 -0.000000
1.492841 -0.000000 -2.055001
1.468712 -0.000000 -2.072314
1.222793 -0.000000 -2.226292
0.000000 -2.540000 0.000000
0.000000 -2.540000 0.000000
0.000000 -2.540000 0.000000
1.786063 0.000000 1.805984
2.479319 0.000000 0.551887
2.479319 0.000000 0.551887
1.705474 0.000000 1.882275
1.705474 0.000000 1.882275
1.660400 0.000000 1.922153
0.000000 -2.540000 0.000000
0.000000 -2.540000 0.000000
0.000000 -2.540000 0.000000
1.374085 -0.000000 -2.136233
1.523861 -0.000000 -2.032104
1.956759 -0.000000 -1.619473
-0.000000 2.540000 -0.000000
-0.000000 2.540000 -0.000000
-0.000000 2.540000 -0.000000
-0.689470 0.000000 -2.444633
-0.863145 0.000000 -2.388845
-1.397770 0.000000 -2.120811
0.000000 -2.540000 0.000000
0.000000 -2.540000 0.000000
0.000000 -2.540000 0.000000
1.436873 -0.000000 -2.094516
1.436873 -0.000000 -2.094516
0.074565 -0.000000 -2.538905
-0.000000 2.540000 -0.000000
-0.000000 2.540000 -0.000000
-0.000000 2.540000 -0.000000
0.000000 -2.540000 0.000000
0.000000 -2.540000 0.000000
0.000000 -2.540000 0.000000
-0.636615 -0.000000 -2.458927
-1.320117 -0.000000 -2.169998
-0.636615 -0.000000 -2.458927
-0.826786 0.000000 -2.401671
-1.300185 0.000000 -2.181999
-0.798651 0.000000 -2.411173
-0.000000 2.540000 -0.000000
-0.000000 2.540000 -0.000000
-0.000000 2.540000 -0.000000
1.523861 -0.000000 -2.032104
1.881328 -0.000000 -1.706519
1.956759 -0.000000 -1.619473
0.000000 -2.540000 0.000000
0.000000 -2.540000 0.000000
0.000000 -2.540000 0.000000
-2.457060 0.000000 0.643783
-1.717607 0.000000 1.871210
-1.717607 0.000000 1.871210
0.000000 -2.540000 0.000000
0.000000 -2.540000 0.000000
0.000000 -2.540000 0.000000
0.000000 -2.540000 0.000000
0.000000 -2.540000 0.000000
0.000000 -2.540000 0.000000
1.222793 -0.000000 -2.226292
1.468712 -0.000000 -2.072314
1.210221 -0.000000 -2.233152
2.161474 0.000000 1.334028
2.161474 0.000000 1.334028
1.095467 0.000000 2.291626
-0.000000 2.540000 -0.000000
-0.000000 2.540000 -0.000000
-0.000000 2.540000 -0.000000
-0.000000 2.540000 -0.000000
-0.000000 2.540000 -0.000000
-0.000000 2.540000 -0.000000
-0.633852 0.000000 2.459641
-0.633852 0.000000 2.459641
0.798288 0.000000 2.411293
-0.000000 2.540000 -0.000000
-0.000000 2.540000 -0.000000
-0.000000 2.540000 -0.000000
2.312206 0.000000 1.051335
2.312206 0.000000 1.051335
2.513282 0.000000 -0.367444
-2.532340 0.000000 -0.197111
-2.532340 0.000000 -0.197111
-2.236039 0.000000 1.204877
-0.000000 2.540000 -0.000000
-0.000000 2.540000 -0.000000
-0.000000 2.540000 -0.000000
-1.436873 0.000000 2.094516
-1.436873 0.000000 2.094516
-0.074565 0.000000 2.538905
-0.000000 2.540000 -0.000000
-0.000000 2.540000 -0.000000
-0.000000 2.540000 -0.000000
-0.000000 2.540000 -0.000000
-0.000000 2.540000 -0.000000
-0.000000 2.540000 -0.000000
1.813185 0.000000 1.778752
1.813185 0.000000 1.778752
2.487386 0.000000 0.514309
0.000000 -2.540000 0.000000
0.000000 -2.540000 0.000000
0.000000 -2.540000 0.000000
-0.207339 -0.000000 -2.531523
-0.207339 -0.000000 -2.531523
-1.544522 -0.000000 -2.016445
-2.066586 0.000000 1.476762
-2.066586 0.000000 1.476762
-0.938425 0.000000 2.360288
-0.000000 2.540000 -0.000000
-0.000000 2.540000 -0.000000
-0.000000 2.540000 -0.000000
-0.000000 2.540000 -0.000000
-0.000000 2.540000 -0.000000
-0.000000 2.540000 -0.000000
2.066586 -0.000000 -1.476762
2.066586 -0.000000 -1.476762
0.938425 -0.000000 -2.360288
0.000000 -2.540000 0.000000
0.000000 -2.540000 0.000000
0.000000 -2.540000 0.000000
-2.497462 -0.000000 -0.462910
-2.539129 0.000000 0.066489
-2.539129 0.000000 0.066489
1.689097 -0.000000 -1.896985
2.447037 -0.000000 -0.680888
1.689097 -0.000000 -1.896985
-0.000000 2.540000 -0.000000
-0.000000 2.540000 -0.000000
-0.000000 2.540000 -0.000000
0.000000 -2.540000 0.000000
0.000000 -2.540000 0.000000
0.000000 -2.540000 0.000000
2.497462 0.000000 0.462910
2.539129 -0.000000 -0.066489
2.539129 -0.000000 -0.066489
-1.211983 -0.000000 2.232195
-1.211983 -0.000000 2.232195
-0.721368 -0.000000 2.435411
-0.000000 2.540000 -0.000000
-0.000000 2.540000 -0.000000
-0.000000 2.540000 -0.000000
-0.000000 2.540000 -0.000000
-0.000000 2.540000 -0.000000
-0.000000 2.540000 -0.000000
2.532340 0.000000 0.197111
2.532340 0.000000 0.197111
2.236039 -0.000000 -1.204877
0.000000 -2.540000 0.000000
0.000000 -2.540000 0.000000
0.000000 -2.540000 0.000000
-2.505171 0.000000 0.419189
-2.363261 0.000000 0.930913
-2.363261 0.000000 0.930913
0.000000 -2.540000 0.000000
0.000000 -2.540000 0.000000
0.000000 -2.540000 0.000000
-1.689097 0.000000 1.896985
-1.689097 0.000000 1.896985
-2.447037 0.000000 0.680888
1.615614 0.000000 1.959947
1.987825 0.000000 1.581187
1.987825 0.000000 1.581187
0.000000 -2.540000 0.000000
0.000000 -2.540000 0.000000
0.000000 -2.540000 0.000000
0.000000 -2.540000 0.000000
0.000000 -2.540000 0.000000
0.000000 -2.540000 0.000000
-1.615614 0.000000 -1.959947
-1.987825 0.000000 -1.581187
-1.987825 0.000000 -1.581187
2.447037 -0.000000 -0.680888
2.447037 -0.000000 -0.680888
1.689097 -0.000000 -1.896985
0.000000 -2.540000 0.000000
0.000000 -2.540000 0.000000
0.000000 -2.540000 0.000000
1.544522 0.000000 2.016445
1.544522 0.000000 2.016445
0.207339 0.000000 2.531523
-0.000000 2.540000 -0.000000
-0.000000 2.540000 -0.000000
-0.000000 2.540000 -0.000000
-2.529068 -0.000000 -0.235405
-2.254014 -0.000000 1.170905
-2.254014 -0.000000 1.170905
0.000000 -2.540000 0.000000
0.000000 -2.540000 0.000000
0.000000 -2.540000 0.000000
0.847839 0.000000 2.394320
1.327146 0.000000 2.165706
1.327146 0.000000 2.165706
0.000000 -2.540000 0.000000
0.000000 -2.540000 0.000000
0.000000 -2.540000 0.000000
-2.210719 0.000000 1.250728
-1.902348 0.000000 1.683055
-1.902348 0.000000 1.683055
0.000000 -2.540000 0.000000
0.000000 -2.540000 0.000000
0.000000 -2.540000 0.000000
0.000000 -2.540000 0.000000
0.000000 -2.540000 0.000000
0.000000 -2.540000 0.000000
0.207339 0.000000 2.531523
1.544522 0.000000 2.016445
0.207339 0.000000 2.531523
-1.544522 -0.000000 -2.016445
-0.207339 -0.000000 -2.531523
-1.544522 -0.000000 -2.016445
-0.000000 2.540000 -0.000000
-0.000000 2.540000 -0.000000
-0.000000 2.540000 -0.000000
-2.088694 -0.000000 1.445323
-2.088694 -0.000000 1.445323
-0.974032 -0.000000 2.345818
0.000000 -2.540000 0.000000
0.000000 -2.540000 0.000000
0.000000 -2.540000 0.000000
0.036404 0.000000 2.539739
0.096566 0.000000 2.538164
0.096566 0.000000 2.538164
0.000000 -2.540000 0.000000
0.000000 -2.540000 0.000000
0.000000 -2.540000 0.000000
2.149831 -0.000000 -1.352710
2.149831 -0.000000 -1.352710
2.117179 -0.000000 -1.403266
-0.000000 2.540000 -0.000000
-0.000000 2.540000 -0.000000
-0.000000 2.540000 -0.000000
-0.000000 2.540000 -0.000000
-0.000000 2.540000 -0.000000
-0.000000 2.540000 -0.000000
-2.516372 -0.000000 -0.345649
-2.516372 -0.000000 -0.345649
-2.523855 -0.000000 -0.285932
0.000000 -2.540000 0.000000
0.000000 -2.540000 0.000000
0.000000 -2.540000 0.000000
0.155096 0.000000 2.535260
1.095467 0.000000 2.291626
1.095467 0.000000 2.291626
-0.000000 2.540000 -0.000000
-0.000000 2.540000 -0.000000
-0.000000 2.540000 -0.000000
-0.974032 -0.000000 2.345818
-0.974032 -0.000000 2.345818
-0.022198 -0.000000 2.539903
0.096566 0.000000 2.538164
0.096566 0.000000 2.538164
0.156674 0.000000 2.535163
-0.000000 2.540000 -0.000000
-0.000000 2.540000 -0.000000
-0.000000 2.540000 -0.000000
-2.187718 -0.000000 -1.290538
-2.217680 -0.000000 -1.238343
-2.217680 -0.000000 -1.238343
0.000000 -2.540000 0.000000
0.000000 -2.540000 0.000000
0.000000 -2.540000 0.000000
0.000000 -2.540000 0.000000
0.000000 -2.540000 0.000000
0.000000 -2.540000 0.000000
2.494833 0.000000 -0.476872
2.494833 0.000000 -0.476872
2.505431 0.000000 -0.417629
2.507476 0.000000 0.405171
2.507476 0.000000 0.405171
2.497173 0.000000 0.464465
0.000000 -2.540000 0.000000
0.000000 -2.540000 0.000000
0.000000 -2.540000 0.000000
-0.000000 2.540000 -0.000000
-0.000000 2.540000 -0.000000
-0.000000 2.540000 -0.000000
-2.181277 0.000000 1.301396
-2.211498 0.000000 1.249351
-2.181277 0.000000 1.301396
0.000000 -2.540000 0.000000
0.000000 -2.540000 0.000000
0.000000 -2.540000 0.000000
2.217680 0.000000 1.238343
2.217680 0.000000 1.238343
2.187718 0.000000 1.290538
-0.000000 2.540000 -0.000000
-0.000000 2.540000 -0.000000
-0.000000 2.540000 -0.000000
-0.689470 0.000000 -2.444633
-0.121155 0.000000 -2.537109
-0.863145 0.000000 -2.388845
-0.000000 2.540000 -0.000000
-0.000000 2.540000 -0.000000
-0.000000 2.540000 -0.000000
2.537203 0.000000 -0.119169
2.495455 0.000000 0.473610
2.489834 0.000000 -0.502321
0.000000 -2.540000 0.000000
0.000000 -2.540000 0.000000
0.000000 -2.540000 0.000000
-1.660400 -0.000000 -1.922153
-1.660400 -0.000000 -1.922153
-1.614393 -0.000000 -1.960953
-0.000000 2.540000 -0.000000
-0.000000 2.540000 -0.000000
-0.000000 2.540000 -0.000000
2.273853 0.000000 1.131898
2.246397 0.000000 1.185453
2.246397 0.000000 1.185453
0.000000 -2.540000 0.000000
0.000000 -2.540000 0.000000
0.000000 -2.540000 0.000000
0.902850 0.000000 2.374123
0.902850 0.000000 2.374123
0.846348 0.000000 2.394848
-0.000000 2.540000 -0.000000
-0.000000 2.540000 -0.000000
-0.000000 2.540000 -0.000000
-2.482835 -0.000000 0.535846
-2.482835 -0.000000 0.535846
-2.469442 -0.000000 0.594521
2.469442 0.000000 -0.594521
2.482835 0.000000 -0.535846
2.482835 0.000000 -0.535846
-0.000000 2.540000 -0.000000
-0.000000 2.540000 -0.000000
-0.000000 2.540000 -0.000000
-2.117179 0.000000 1.403266
-2.117179 0.000000 1.403266
-2.149831 0.000000 1.352710
0.000000 -2.540000 0.000000
0.000000 -2.540000 0.000000
0.000000 -2.540000 0.000000
0.000000 -2.540000 0.000000
0.000000 -2.540000 0.000000
0.000000 -2.540000 0.000000
-2.497173 -0.000000 -0.464465
-2.507476 -0.000000 -0.405171
-2.497173 -0.000000 -0.464465
0.000000 -2.540000 0.000000
0.000000 -2.540000 0.000000
0.000000 -2.540000 0.000000
2.211498 -0.000000 -1.249351
2.181277 -0.000000 -1.301396
2.211498 -0.000000 -1.249351
1.014303 0.000000 2.328689
0.958845 0.000000 2.352066
1.014303 0.000000 2.328689
-0.000000 2.540000 -0.000000
-0.000000 2.540000 -0.000000
-0.000000 2.540000 -0.000000
-0.891038 0.000000 2.378582
-0.834434 0.000000 2.399025
-0.891038 0.000000 2.378582
0.000000 -2.540000 0.000000
0.000000 -2.540000 0.000000
0.000000 -2.540000 0.000000
0.000000 -2.540000 0.000000
0.000000 -2.540000 0.000000
0.000000 -2.540000 0.000000
-1.509552 0.000000 2.042756
-1.557526 0.000000 2.006418
-1.509552 0.000000 2.042756
0.000000 -2.540000 0.000000
0.000000 -2.540000 0.000000
0.000000 -2.540000 0.000000
-2.523855 -0.000000 -0.285932
-2.516372 -0.000000 -0.345649
-2.523855 -0.000000 -0.285932
-0.000000 2.540000 -0.000000
-0.000000 2.540000 -0.000000
-0.000000 2.540000 -0.000000
-1.650825 0.000000 1.930382
-1.650825 0.000000 1.930382
-1.604626 0.000000 1.968953
-1.614393 -0.000000 -1.960953
-1.660400 -0.000000 -1.922153
-1.614393 -0.000000 -1.960953
-0.000000 2.540000 -0.000000
-0.000000 2.540000 -0.000000
-0.000000 2.540000 -0.000000
0.000000 -2.540000 0.000000
0.000000 -2.540000 0.000000
0.000000 -2.540000 0.000000
2.117179 -0.000000 -1.403266
2.149831 -0.000000 -1.352710
2.117179 -0.000000 -1.403266
2.273853 0.000000 1.131898
2.273853 0.000000 1.131898
2.246397 0.000000 1.185453
0.000000 -2.540000 0.000000
0.000000 -2.540000 0.000000
0.000000 -2.540000 0.000000
-0.891038 0.000000 2.378582
-0.834434 0.000000 2.399025
-0.834434 0.000000 2.399025
-0.000000 2.540000 -0.000000
-0.000000 2.540000 -0.000000
-0.000000 2.540000 -0.000000
-0.000000 2.540000 -0.000000
-0.000000 2.540000 -0.000000
-0.000000 2.540000 -0.000000
2.523855 0.000000 0.285932
2.516372 0.000000 0.345649
2.516372 0.000000 0.345649
0.000000 -2.540000 0.000000
0.000000 -2.540000 0.000000
0.000000 -2.540000 0.000000
2.469442 0.000000 -0.594521
2.469442 0.000000 -0.594521
2.482835 0.000000 -0.535846
2.523855 0.000000 0.285932
2.523855 0.000000 0.285932
2.516372 0.000000 0.345649
0.000000 -2.540000 0.000000
0.000000 -2.540000 0.000000
0.000000 -2.540000 0.000000
0.000000 -2.540000 0.000000
0.000000 -2.540000 0.000000
0.000000 -2.540000 0.000000
-1.650825 0.000000 1.930382
-1.604626 0.000000 1.968953
-1.604626 0.000000 1.968953
-0.000000 2.540000 -0.000000
-0.000000 2.540000 -0.000000
-0.000000 2.540000 -0.000000
-2.246397 -0.000000 -1.185453
-2.246397 -0.000000 -1.185453
-2.273853 -0.000000 -1.131898
0.000000 -2.540000 0.000000
0.000000 -2.540000 0.000000
0.000000 -2.540000 0.000000
-2.273853 -0.000000 -1.131898
-2.246397 -0.000000 -1.185453
-2.273853 -0.000000 -1.131898
-1.557526 0.000000 2.006418
-1.557526 0.000000 2.006418
-1.509552 0.000000 2.042756
-0.000000 2.540000 -0.000000
-0.000000 2.540000 -0.000000
-0.000000 2.540000 -0.000000
-0.000000 2.540000 -0.000000
-0.000000 2.540000 -0.000000
-0.000000 2.540000 -0.000000
0.846348 0.000000 2.394848
0.902850 0.000000 2.374123
0.846348 0.000000 2.394848
-2.469442 -0.000000 0.594521
-2.482835 -0.000000 0.535846
-2.469442 -0.000000 0.594521
0.000000 -2.540000 0.000000
0.000000 -2.540000 0.000000
0.000000 -2.540000 0.000000
0.000000 -2.540000 0.000000
0.000000 -2.540000 0.000000
0.000000 -2.540000 0.000000
2.407359 0.000000 0.810077
2.495455 0.000000 0.473610
2.537203 0.000000 -0.119169
-0.000000 2.540000 -0.000000
-0.000000 2.540000 -0.000000
-0.000000 2.540000 -0.000000
-2.539012 0.000000 0.070837
-2.524885 -0.000000 -0.276685
-2.391497 -0.000000 -0.855769
-0.000000 2.540000 -0.000000
-0.000000 2.540000 -0.000000
-0.000000 2.540000 -0.000000
2.181277 -0.000000 -1.301396
2.181277 -0.000000 -1.301396
2.149831 -0.000000 -1.352710
-2.507476 -0.000000 -0.405171
-2.507476 -0.000000 -0.405171
-2.516372 -0.000000 -0.345649
-0.000000 2.540000 -0.000000
-0.000000 2.540000 -0.000000
-0.000000 2.540000 -0.000000
-0.000000 2.540000 -0.000000
-0.000000 2.540000 -0.000000
-0.000000 2.540000 -0.000000
1.660400 0.000000 1.922153
1.614393 0.000000 1.960953
1.660400 0.000000 1.922153
-0.777361 0.000000 2.418121
-0.777361 0.000000 2.418121
-0.719851 0.000000 2.435860
-0.000000 2.540000 -0.000000
-0.000000 2.540000 -0.000000
-0.000000 2.540000 -0.000000
0.000000 -2.540000 0.000000
0.000000 -2.540000 0.000000
0.000000 -2.540000 0.000000
1.614393 0.000000 1.960953
1.614393 0.000000 1.960953
1.660400 0.000000 1.922153
0.000000 -2.540000 0.000000
0.000000 -2.540000 0.000000
0.000000 -2.540000 0.000000
-2.505431 -0.000000 0.417629
-2.494833 -0.000000 0.476872
-2.505431 -0.000000 0.417629
2.505431 0.000000 -0.417629
2.494833 0.000000 -0.476872
2.505431 0.000000 -0.417629
-0.000000 2.540000 -0.000000
-0.000000 2.540000 -0.000000
-0.000000 2.540000 -0.000000
-0.000000 2.540000 -0.000000
-0.000000 2.540000 -0.000000
-0.000000 2.540000 -0.000000
2.497173 0.000000 0.464465
2.507476 0.000000 0.405171
2.497173 0.000000 0.464465
-2.187718 -0.000000 -1.290538
-2.187718 -0.000000 -1.290538
-2.217680 -0.000000 -1.238343
-0.000000 2.540000 -0.000000
-0.000000 2.540000 -0.000000
-0.000000 2.540000 -0.000000
-0.000000 2.540000 -0.000000
-0.000000 2.540000 -0.000000
-0.000000 2.540000 -0.000000
2.187718 0.000000 1.290538
2.217680 0.000000 1.238343
2.187718 0.000000 1.290538
0.000000 -2.540000 0.000000
0.000000 -2.540000 0.000000
0.000000 -2.540000 0.000000
-2.211498 0.000000 1.249351
-2.211498 0.000000 1.249351
-2.181277 0.000000 1.301396
0.156674 0.000000 2.535163
0.096566 0.000000 2.538164
0.156674 0.000000 2.535163
0.000000 -2.540000 0.000000
0.000000 -2.540000 0.000000
0.000000 -2.540000 0.000000
0.000000 -2.540000 0.000000
0.000000 -2.540000 0.000000
0.000000 -2.540000 0.000000
-0.719851 0.000000 2.435860
-0.777361 0.000000 2.418121
-0.719851 0.000000 2.435860
-0.475163 -0.000000 -2.495159
-1.255176 -0.000000 -2.208197
-0.143511 -0.000000 -2.535943
0.000000 -2.540000 0.000000
0.000000 -2.540000 0.000000
0.000000 -2.540000 0.000000
1.544522 0.000000 2.016445
2.188522 0.000000 1.289175
2.188522 0.000000 1.289175
0.000000 -2.540000 0.000000
0.000000 -2.540000 0.000000
0.000000 -2.540000 0.000000
-1.544522 -0.000000 -2.016445
-2.188522 -0.000000 -1.289175
-2.188522 -0.000000 -1.289175
0.000000 -2.540000 0.000000
0.000000 -2.540000 0.000000
0.000000 -2.540000 0.000000
-0.000000 2.540000 -0.000000
-0.000000 2.540000 -0.000000
-0.000000 2.540000 -0.000000
2.523676 0.000000 0.287504
2.523676 0.000000 0.287504
2.447037 -0.000000 -0.680888
-2.117179 0.000000 1.403266
-2.149831 0.000000 1.352710
-2.149831 0.000000 1.352710
-0.000000 2.540000 -0.000000
-0.000000 2.540000 -0.000000
-0.000000 2.540000 -0.000000
-2.505431 -0.000000 0.417629
-2.494833 -0.000000 0.476872
-2.494833 -0.000000 0.476872
-0.000000 2.540000 -0.000000
-0.000000 2.540000 -0.000000
-0.000000 2.540000 -0.000000
0.000000 -2.540000 0.000000
0.000000 -2.540000 0.000000
0.000000 -2.540000 0.000000
1.014303 0.000000 2.328689
0.958845 0.000000 2.352066
0.958845 0.000000 2.352066
-2.523676 -0.000000 -0.287504
-2.523676 -0.000000 -0.287504
-2.447037 0.000000 0.680888
-0.000000 2.540000 -0.000000
-0.000000 2.540000 -0.000000
-0.000000 2.540000 -0.000000
0.155096 0.000000 2.535260
0.155096 0.000000 2.535260
1.095467 0.000000 2.291626
-0.000000 2.540000 -0.000000
-0.000000 2.540000 -0.000000
-0.000000 2.540000 -0.000000
0.000000 -2.540000 0.000000
0.000000 -2.540000 0.000000
0.000000 -2.540000 0.000000
1.183915 0.000000 -2.247209
0.878679 0.000000 -2.383175
0.166729 0.000000 -2.534522
-0.000000 2.540000 -0.000000
-0.000000 2.540000 -0.000000
-0.000000 2.540000 -0.000000
-0.475163 -0.000000 -2.495159
-0.143511 -0.000000 -2.535943
0.581579 -0.000000 -2.472522
-0.974032 -0.000000 2.345818
-0.022198 -0.000000 2.539903
-0.022198 -0.000000 2.539903
0.000000 -2.540000 0.000000
0.000000 -2.540000 0.000000
0.000000 -2.540000 0.000000
</float_array>
          <technique_common>
            <accessor source="#FBXASC227FBXASC130FBXASC189FBXASC227FBXASC131FBXASC170FBXASC227FBXASC131FBXASC131FBXASC227FBXASC131FBXASC13710-Normal0-array" count="2202" stride="3">
              <param name="X" type="float"/>
              <param name="Y" type="float"/>
              <param name="Z" type="float"/>
            </accessor>
          </technique_common>
        </source>
        <vertices id="FBXASC227FBXASC130FBXASC189FBXASC227FBXASC131FBXASC170FBXASC227FBXASC131FBXASC131FBXASC227FBXASC131FBXASC13710-VERTEX">
          <input semantic="POSITION" source="#FBXASC227FBXASC130FBXASC189FBXASC227FBXASC131FBXASC170FBXASC227FBXASC131FBXASC131FBXASC227FBXASC131FBXASC13710-POSITION"/>
        </vertices>
        <triangles count="734" material="MaterialFBXASC032FBXASC03525">
          <input semantic="VERTEX" offset="0" source="#FBXASC227FBXASC130FBXASC189FBXASC227FBXASC131FBXASC170FBXASC227FBXASC131FBXASC131FBXASC227FBXASC131FBXASC13710-VERTEX"/>
          <input semantic="NORMAL" offset="1" source="#FBXASC227FBXASC130FBXASC189FBXASC227FBXASC131FBXASC170FBXASC227FBXASC131FBXASC131FBXASC227FBXASC131FBXASC13710-Normal0"/>
          <p> 359 0 11 1 26 2 301 3 60 4 4 5 36 6 298 7 3 8 20 9 42 10 38 11 143 12 288 13 3 14 135 15 14 16 150 17 19 18 14 19 58 20 30 21 368 22 3 23 147 24 18 25 4 26 31 27 11 28 29 29 33 30 14 31 296 32 1 33 358 34 3 35 139 36 278 37 38 38 291 39 173 40 119 41 289 42 365 43 38 44 299 45 173 46 21 47 167 48 212 49 257 50 294 51 11 52 39 53 256 54 139 55 38 56 214 57 11 58 209 59 295 60 293 61 3 62 360 63 14 64 151 65 89 66 169 67 245 68 95 69 243 70 261 71 56 72 2 73 3 74 144 75 282 76 38 77 67 78 302 79 180 80 93 81 132 82 196 83 242 84 82 85 141 86 280 87 105 88 141 89 70 90 271 91 260 92 182 93 62 94 102 95 172 96 284 97 68 98 75 99 283 100 142 101 66 102 287 103 258 104 207 105 78 106 126 107 101 108 134 109 259 110 90 111 170 112 181 113 203 114 76 115 127 116 154 117 121 118 197 119 94 120 300 121 159 122 195 123 285 124 128 125 201 126 267 127 81 128 208 129 63 130 263 131 111 132 155 133 253 134 168 135 275 136 249 137 219 138 343 139 57 140 100 141 214 142 209 143 98 144 281 145 254 146 286 147 143 148 3 149 145 150 55 151 4 152 97 153 162 154 178 155 216 156 342 157 100 158 57 159 213 160 315 161 257 162 161 163 167 164 186 165 79 166 131 167 174 168 153 169 164 170 233 171 84 172 232 173 276 174 244 175 266 176 209 177 343 178 100 179 315 180 342 181 57 182 265 183 221 184 228 185 77 186 157 187 80 188 260 189 140 190 70 191 97 192 199 193 162 194 98 195 202 196 281 197 206 198 89 199 243 200 130 201 192 202 169 203 174 204 164 205 84 206 258 207 149 208 66 209 67 210 129 211 196 212 176 213 132 214 93 215 237 216 102 217 271 218 263 219 267 220 208 221 68 222 283 223 75 224 96 225 131 226 212 227 275 228 198 229 253 230 127 231 277 232 203 233 41 234 95 235 261 236 134 237 90 238 181 239 76 240 154 241 197 242 243 243 89 244 245 245 194 246 85 247 160 248 207 249 126 250 177 251 172 252 211 253 142 254 236 255 166 256 322 257 105 258 280 259 83 260 213 261 45 262 315 263 168 264 155 265 111 266 303 267 65 268 215 269 191 270 170 271 133 272 321 273 69 274 163 275 64 276 210 277 235 278 171 279 233 280 232 281 154 282 226 283 325 284 91 285 121 286 224 287 195 288 128 289 94 290 239 291 157 292 77 293 193 294 136 295 184 296 118 297 182 298 102 299 96 300 186 301 131 302 72 303 79 304 137 305 208 306 267 307 201 308 228 309 221 310 304 311 128 312 300 313 94 314 126 315 287 316 177 317 281 318 202 319 178 320 114 321 101 322 259 323 302 324 67 325 116 326 249 327 155 328 168 329 122 330 87 331 247 332 57 333 342 334 216 335 180 336 132 337 176 338 153 339 171 340 232 341 316 342 244 343 276 344 105 345 242 346 141 347 162 348 199 349 254 350 284 351 172 352 142 353 272 354 122 355 247 356 100 357 343 358 219 359 140 360 150 361 288 362 140 363 288 364 143 365 273 366 314 367 263 368 314 369 273 370 270 371 171 372 153 373 174 374 64 375 235 376 268 377 218 378 65 379 303 380 198 381 111 382 253 383 85 384 353 385 160 386 177 387 287 388 66 389 176 390 67 391 180 392 318 393 231 394 165 395 68 396 284 397 138 398 138 399 283 400 68 401 204 402 90 403 134 404 204 405 134 406 101 407 136 408 350 409 184 410 237 411 271 412 70 413 199 414 98 415 254 416 71 417 190 418 217 419 352 420 72 421 137 422 96 423 212 424 167 425 326 426 73 427 229 428 206 429 243 430 95 431 74 432 187 433 241 434 202 435 97 436 178 437 166 438 179 439 322 440 211 441 75 442 142 443 76 444 297 445 127 446 297 447 76 448 112 449 159 450 285 451 175 452 175 453 285 454 195 455 149 456 151 457 293 458 149 459 293 460 126 461 200 462 161 463 131 464 167 465 161 466 200 467 205 468 94 469 159 470 205 471 159 472 175 473 270 474 273 475 81 476 81 477 267 478 270 479 152 480 6 481 31 482 152 483 31 484 141 485 83 486 280 487 269 488 269 489 274 490 83 491 84 492 290 493 232 494 164 495 290 496 84 497 107 498 156 499 43 500 313 501 194 502 43 503 86 504 198 505 275 506 86 507 275 508 168 509 125 510 262 511 158 512 262 513 255 514 158 515 344 516 221 517 88 518 234 519 88 520 323 521 188 522 73 523 326 524 130 525 169 526 89 527 133 528 170 529 90 530 189 531 69 532 321 533 356 534 91 535 117 536 9 537 226 538 91 539 15 540 165 541 92 542 240 543 92 544 324 545 92 546 223 547 324 548 129 549 93 550 196 551 311 552 225 553 80 554 225 555 12 556 103 557 8 558 73 559 192 560 192 561 130 562 328 563 0 564 183 565 72 566 52 567 183 568 238 569 217 570 190 571 349 572 27 573 190 574 74 575 34 576 187 577 71 578 241 579 187 580 319 581 305 582 327 583 99 584 345 585 99 586 166 587 61 588 25 589 248 590 25 591 28 592 248 593 191 594 133 595 47 596 312 597 69 598 191 599 102 600 62 601 220 602 271 603 102 604 220 605 50 606 77 607 103 608 12 609 351 610 103 611 104 612 215 613 46 614 355 615 46 616 24 617 106 618 185 619 16 620 16 621 185 622 266 623 59 624 276 625 106 626 106 627 16 628 264 629 317 630 156 631 107 632 7 633 107 634 160 635 108 636 5 637 64 638 348 639 48 640 5 641 99 642 327 643 109 644 227 645 179 646 109 647 359 648 364 649 39 650 39 651 11 652 359 653 308 654 222 655 65 656 46 657 222 658 24 659 112 660 40 661 289 662 297 663 112 664 289 665 23 666 113 667 265 668 88 669 113 670 323 671 114 672 139 673 291 674 114 675 291 676 181 677 115 678 214 679 100 680 214 681 115 682 256 683 116 684 132 685 307 686 148 687 116 688 307 689 332 690 246 691 347 692 224 693 121 694 154 695 17 696 118 697 184 698 320 699 51 700 118 701 41 702 299 703 245 704 41 705 20 706 299 707 213 708 120 709 357 710 120 711 213 712 57 713 121 714 277 715 197 716 203 717 277 718 121 719 255 720 25 721 61 722 255 723 61 724 158 725 4 726 139 727 256 728 115 729 4 730 256 731 346 732 210 733 124 734 5 735 48 736 124 737 125 738 28 739 25 740 28 741 125 742 158 743 358 744 22 745 295 746 358 747 295 748 3 749 40 750 127 751 306 752 127 753 146 754 306 755 54 756 296 757 360 758 296 759 14 760 360 761 165 762 231 763 129 764 37 765 223 766 129 767 35 768 130 769 188 770 328 771 130 772 230 773 131 774 161 775 292 776 212 777 131 778 292 779 58 780 14 781 279 782 298 783 58 784 279 785 47 786 133 787 354 788 13 789 133 790 189 791 299 792 20 793 278 794 278 795 20 796 38 797 38 798 14 799 135 800 11 801 38 802 135 803 334 804 17 805 310 806 310 807 193 808 182 809 309 810 79 811 186 812 309 813 338 814 337 815 110 816 301 817 18 818 18 819 301 820 4 821 55 822 139 823 4 824 291 825 139 826 55 827 62 828 140 829 220 830 70 831 140 832 62 833 141 834 31 835 29 836 29 837 280 838 141 839 26 840 284 841 142 842 142 843 110 844 26 845 11 846 135 847 143 848 11 849 143 850 26 851 365 852 144 853 38 854 2 855 144 856 365 857 286 858 145 859 60 860 60 861 145 862 4 863 146 864 42 865 21 866 21 867 173 868 146 869 45 870 147 871 4 872 294 873 147 874 45 875 368 876 56 877 3 878 368 879 282 880 56 881 78 882 149 883 126 884 66 885 149 886 78 887 288 888 150 889 33 890 150 891 14 892 33 893 293 894 151 895 19 896 151 897 14 898 19 899 83 900 274 901 82 902 82 903 274 904 141 905 153 906 58 907 298 908 153 909 298 910 164 911 49 912 154 913 325 914 332 915 347 916 154 917 368 918 14 919 282 920 282 921 14 922 38 923 331 924 7 925 313 926 331 927 313 928 43 929 335 930 333 931 311 932 335 933 311 934 80 935 158 936 219 937 57 938 57 939 216 940 158 941 159 942 54 943 1 944 1 945 285 946 159 947 160 948 177 949 66 950 160 951 66 952 194 953 161 954 294 955 292 956 161 957 147 958 294 959 162 960 286 961 178 962 162 963 145 964 286 965 361 966 69 967 312 968 361 969 312 970 13 971 164 972 298 973 36 974 36 975 290 976 164 977 165 978 129 979 67 980 165 981 67 982 176 983 68 984 75 985 166 986 166 987 99 988 68 989 167 990 200 991 72 992 72 993 96 994 167 995 46 996 86 997 168 998 168 999 111 1000 46 1001 169 1002 41 1003 245 1004 169 1005 95 1006 41 1007 170 1008 101 1009 114 1010 170 1011 114 1012 181 1013 5 1014 171 1015 174 1016 5 1017 124 1018 171 1019 99 1020 172 1021 68 1022 99 1023 109 1024 172 1025 2 1026 173 1027 3 1028 2 1029 365 1030 173 1031 174 1032 84 1033 64 1034 64 1035 5 1036 174 1037 175 1038 77 1039 205 1040 77 1041 175 1042 103 1043 92 1044 165 1045 176 1046 176 1047 93 1048 92 1049 107 1050 177 1051 160 1052 177 1053 107 1054 207 1055 178 1056 286 1057 3 1058 3 1059 281 1060 178 1061 166 1062 75 1063 179 1064 179 1065 75 1066 211 1067 30 1068 132 1069 180 1070 180 1071 148 1072 30 1073 119 1074 134 1075 181 1076 181 1077 291 1078 119 1079 118 1080 51 1081 182 1082 334 1083 310 1084 182 1085 183 1086 96 1087 72 1088 183 1089 186 1090 96 1091 184 1092 70 1093 193 1094 184 1095 118 1096 70 1097 185 1098 106 1099 105 1100 185 1101 105 1102 83 1103 338 1104 309 1105 186 1106 186 1107 183 1108 52 1109 187 1110 74 1111 98 1112 187 1113 98 1114 71 1115 89 1116 206 1117 188 1118 188 1119 130 1120 89 1121 189 1122 133 1123 90 1124 90 1125 204 1126 189 1127 190 1128 97 1129 74 1130 71 1131 97 1132 190 1133 191 1134 69 1135 101 1136 101 1137 170 1138 191 1139 192 1140 73 1141 95 1142 169 1143 192 1144 95 1145 193 1146 62 1147 182 1148 70 1149 62 1150 193 1151 66 1152 78 1153 194 1154 194 1155 78 1156 43 1157 103 1158 175 1159 195 1160 195 1161 94 1162 103 1163 196 1164 132 1165 116 1166 67 1167 196 1168 116 1169 197 1170 277 1171 112 1172 76 1173 197 1174 112 1175 86 1176 65 1177 198 1178 65 1179 111 1180 198 1181 71 1182 98 1183 199 1184 199 1185 97 1186 71 1187 72 1188 200 1189 79 1190 79 1191 200 1192 131 1193 113 1194 201 1195 81 1196 88 1197 201 1198 113 1199 98 1200 74 1201 202 1202 74 1203 97 1204 202 1205 91 1206 76 1207 203 1208 203 1209 121 1210 91 1211 189 1212 204 1213 69 1214 69 1215 204 1216 101 1217 77 1218 80 1219 205 1220 80 1221 94 1222 205 1223 73 1224 206 1225 95 1226 188 1227 206 1228 73 1229 107 1230 43 1231 207 1232 43 1233 78 1234 207 1235 208 1236 201 1237 88 1238 88 1239 63 1240 208 1241 120 1242 209 1243 357 1244 209 1245 11 1246 357 1247 64 1248 84 1249 210 1250 210 1251 84 1252 124 1253 109 1254 179 1255 211 1256 172 1257 109 1258 211 1259 212 1260 364 1261 257 1262 364 1263 212 1264 39 1265 6 1266 45 1267 367 1268 31 1269 6 1270 367 1271 32 1272 11 1273 366 1274 366 1275 123 1276 32 1277 215 1278 86 1279 46 1280 215 1281 65 1282 86 1283 158 1284 216 1285 28 1286 28 1287 216 1288 100 1289 362 1290 27 1291 34 1292 362 1293 34 1294 71 1295 218 1296 308 1297 65 1298 218 1299 303 1300 308 1301 219 1302 61 1303 100 1304 61 1305 219 1306 158 1307 220 1308 140 1309 143 1310 143 1311 271 1312 220 1313 221 1314 63 1315 88 1316 265 1317 63 1318 221 1319 46 1320 111 1321 222 1322 222 1323 111 1324 65 1325 223 1326 93 1327 129 1328 92 1329 93 1330 223 1331 91 1332 224 1333 117 1334 347 1335 224 1336 154 1337 103 1338 94 1339 225 1340 225 1341 94 1342 80 1343 226 1344 154 1345 76 1346 226 1347 76 1348 91 1349 10 1350 227 1351 44 1352 10 1353 179 1354 227 1355 23 1356 330 1357 53 1358 330 1359 23 1360 265 1361 8 1362 336 1363 339 1364 339 1365 73 1366 8 1367 336 1368 35 1369 339 1370 336 1371 130 1372 35 1373 340 1374 37 1375 129 1376 37 1377 340 1378 15 1379 232 1380 19 1381 58 1382 153 1383 232 1384 58 1385 171 1386 124 1387 233 1388 124 1389 84 1390 233 1391 234 1392 344 1393 88 1394 234 1395 23 1396 344 1397 235 1398 210 1399 346 1400 235 1401 346 1402 108 1403 236 1404 345 1405 166 1406 236 1407 10 1408 345 1409 118 1410 237 1411 70 1412 237 1413 118 1414 102 1415 0 1416 309 1417 337 1418 337 1419 183 1420 0 1421 333 1422 50 1423 311 1424 333 1425 77 1426 50 1427 363 1428 15 1429 92 1430 363 1431 37 1432 15 1433 27 1434 341 1435 34 1436 341 1437 27 1438 74 1439 106 1440 82 1441 242 1442 105 1443 106 1444 242 1445 243 1446 42 1447 261 1448 21 1449 42 1450 243 1451 16 1452 329 1453 59 1454 329 1455 16 1456 266 1457 245 1458 299 1459 21 1460 21 1461 243 1462 245 1463 9 1464 246 1465 332 1466 246 1467 9 1468 91 1469 87 1470 125 1471 247 1472 247 1473 125 1474 25 1475 61 1476 248 1477 100 1478 248 1479 28 1480 100 1481 56 1482 155 1483 249 1484 249 1485 2 1486 56 1487 17 1488 250 1489 310 1490 250 1491 17 1492 184 1493 7 1494 251 1495 313 1496 251 1497 7 1498 160 1499 13 1500 312 1501 252 1502 252 1503 133 1504 13 1505 275 1506 253 1507 144 1508 253 1509 282 1510 144 1511 254 1512 55 1513 145 1514 162 1515 254 1516 145 1517 122 1518 255 1519 262 1520 25 1521 255 1522 122 1523 214 1524 256 1525 123 1526 123 1527 256 1528 38 1529 257 1530 364 1531 147 1532 161 1533 257 1534 147 1535 149 1536 258 1537 151 1538 258 1539 22 1540 151 1541 259 1542 278 1543 139 1544 114 1545 259 1546 139 1547 140 1548 260 1549 150 1550 260 1551 135 1552 150 1553 41 1554 261 1555 20 1556 261 1557 42 1558 20 1559 87 1560 122 1561 262 1562 262 1563 125 1564 87 1565 263 1566 314 1567 38 1568 267 1569 263 1570 38 1571 264 1572 16 1573 59 1574 264 1575 59 1576 106 1577 81 1578 63 1579 265 1580 265 1581 113 1582 81 1583 266 1584 185 1585 83 1586 83 1587 82 1588 266 1589 267 1590 11 1591 32 1592 267 1593 38 1594 11 1595 268 1596 235 1597 108 1598 268 1599 108 1600 64 1601 6 1602 152 1603 269 1604 269 1605 280 1606 6 1607 32 1608 314 1609 270 1610 270 1611 267 1612 32 1613 143 1614 135 1615 271 1616 271 1617 135 1618 260 1619 272 1620 247 1621 25 1622 272 1623 25 1624 122 1625 81 1626 273 1627 63 1628 63 1629 273 1630 263 1631 152 1632 274 1633 269 1634 274 1635 152 1636 141 1637 275 1638 144 1639 2 1640 275 1641 2 1642 249 1643 276 1644 82 1645 106 1646 266 1647 82 1648 276 1649 277 1650 127 1651 40 1652 277 1653 40 1654 112 1655 134 1656 278 1657 259 1658 119 1659 278 1660 134 1661 132 1662 279 1663 307 1664 30 1665 279 1666 132 1667 29 1668 45 1669 280 1670 280 1671 45 1672 6 1673 3 1674 55 1675 281 1676 281 1677 55 1678 254 1679 155 1680 282 1681 253 1682 56 1683 282 1684 155 1685 283 1686 110 1687 142 1688 283 1689 138 1690 110 1691 26 1692 60 1693 284 1694 284 1695 60 1696 138 1697 285 1698 33 1699 128 1700 1 1701 33 1702 285 1703 26 1704 143 1705 286 1706 286 1707 60 1708 26 1709 126 1710 22 1711 287 1712 287 1713 22 1714 258 1715 288 1716 1 1717 3 1718 288 1719 33 1720 1 1721 146 1722 289 1723 42 1724 42 1725 289 1726 38 1727 290 1728 19 1729 232 1730 36 1731 19 1732 290 1733 3 1734 173 1735 291 1736 291 1737 55 1738 3 1739 292 1740 294 1741 39 1742 212 1743 292 1744 39 1745 293 1746 19 1747 36 1748 293 1749 36 1750 3 1751 29 1752 11 1753 294 1754 294 1755 45 1756 29 1757 295 1758 22 1759 126 1760 126 1761 293 1762 295 1763 296 1764 54 1765 128 1766 128 1767 33 1768 296 1769 297 1770 289 1771 146 1772 297 1773 146 1774 127 1775 298 1776 279 1777 30 1778 298 1779 30 1780 3 1781 299 1782 278 1783 119 1784 119 1785 173 1786 299 1787 300 1788 54 1789 159 1790 128 1791 54 1792 300 1793 110 1794 138 1795 301 1796 138 1797 60 1798 301 1799 302 1800 116 1801 148 1802 302 1803 148 1804 180 1805 303 1806 104 1807 308 1808 303 1809 215 1810 104 1811 53 1812 330 1813 304 1814 304 1815 221 1816 53 1817 305 1818 99 1819 44 1820 44 1821 227 1822 305 1823 146 1824 173 1825 306 1826 173 1827 40 1828 306 1829 279 1830 14 1831 307 1832 148 1833 307 1834 14 1835 308 1836 104 1837 24 1838 24 1839 222 1840 308 1841 137 1842 309 1843 0 1844 137 1845 79 1846 309 1847 136 1848 193 1849 310 1850 310 1851 250 1852 136 1853 311 1854 50 1855 12 1856 12 1857 225 1858 311 1859 47 1860 312 1861 191 1862 312 1863 47 1864 252 1865 85 1866 194 1867 313 1868 313 1869 251 1870 85 1871 314 1872 123 1873 38 1874 32 1875 123 1876 314 1877 315 1878 45 1879 4 1880 115 1881 315 1882 4 1883 316 1884 276 1885 59 1886 59 1887 329 1888 316 1889 317 1890 107 1891 7 1892 317 1893 7 1894 331 1895 318 1896 165 1897 15 1898 15 1899 340 1900 318 1901 319 1902 187 1903 34 1904 34 1905 341 1906 319 1907 320 1908 17 1909 334 1910 320 1911 118 1912 17 1913 321 1914 163 1915 13 1916 321 1917 13 1918 189 1919 322 1920 179 1921 10 1922 322 1923 10 1924 236 1925 323 1926 113 1927 23 1928 323 1929 23 1930 234 1931 324 1932 37 1933 240 1934 324 1935 223 1936 37 1937 325 1938 9 1939 49 1940 325 1941 226 1942 9 1943 326 1944 35 1945 188 1946 229 1947 35 1948 326 1949 327 1950 227 1951 109 1952 305 1953 227 1954 327 1955 328 1956 8 1957 192 1958 328 1959 230 1960 8 1961 316 1962 329 1963 244 1964 244 1965 329 1966 266 1967 228 1968 330 1969 265 1970 304 1971 330 1972 228 1973 156 1974 317 1975 331 1976 156 1977 331 1978 43 1979 49 1980 9 1981 332 1982 49 1983 332 1984 154 1985 239 1986 77 1987 333 1988 239 1989 333 1990 335 1991 51 1992 334 1993 182 1994 51 1995 320 1996 334 1997 157 1998 239 1999 335 2000 157 2001 335 2002 80 2003 230 2004 130 2005 336 2006 230 2007 336 2008 8 2009 238 2010 183 2011 337 2012 337 2013 338 2014 238 2015 52 2016 338 2017 186 2018 238 2019 338 2020 52 2021 339 2022 35 2023 229 2024 229 2025 73 2026 339 2027 231 2028 340 2029 129 2030 318 2031 340 2032 231 2033 319 2034 341 2035 241 2036 241 2037 341 2038 74 2039 342 2040 115 2041 100 2042 342 2043 315 2044 115 2045 343 2046 120 2047 57 2048 343 2049 209 2050 120 2051 53 2052 221 2053 344 2054 344 2055 23 2056 53 2057 345 2058 10 2059 44 2060 44 2061 99 2062 345 2063 48 2064 346 2065 124 2066 346 2067 48 2068 108 2069 347 2070 246 2071 117 2072 117 2073 224 2074 347 2075 348 2076 5 2077 108 2078 48 2079 348 2080 108 2081 349 2082 190 2083 27 2084 349 2085 27 2086 217 2087 136 2088 250 2089 350 2090 350 2091 250 2092 184 2093 351 2094 50 2095 103 2096 12 2097 50 2098 351 2099 352 2100 137 2101 0 2102 352 2103 0 2104 72 2105 353 2106 251 2107 160 2108 85 2109 251 2110 353 2111 354 2112 133 2113 252 2114 47 2115 354 2116 252 2117 24 2118 104 2119 355 2120 355 2121 104 2122 46 2123 356 2124 246 2125 91 2126 117 2127 246 2128 356 2129 213 2130 357 2131 31 2132 357 2133 11 2134 31 2135 54 2136 360 2137 358 2138 54 2139 358 2140 1 2141 110 2142 18 2143 359 2144 110 2145 359 2146 26 2147 22 2148 360 2149 151 2150 358 2151 360 2152 22 2153 163 2154 361 2155 13 2156 163 2157 69 2158 361 2159 217 2160 27 2161 362 2162 217 2163 362 2164 71 2165 240 2166 363 2167 92 2168 240 2169 37 2170 363 2171 359 2172 18 2173 364 2174 364 2175 18 2176 147 2177 173 2178 365 2179 40 2180 40 2181 365 2182 289 2183 366 2184 11 2185 214 2186 214 2187 123 2188 366 2189 367 2190 45 2191 213 2192 213 2193 31 2194 367 2195 148 2196 14 2197 368 2198 148 2199 368 2200 30 2201</p>
        </triangles>
      </mesh>
    </geometry>
  </library_geometries>
  <library_visual_scenes>
    <visual_scene id="r_wrist_p_link" name="r_wrist_p_link">
      <node name="FBXASC227FBXASC130FBXASC189FBXASC227FBXASC131FBXASC170FBXASC227FBXASC131FBXASC131FBXASC227FBXASC131FBXASC1371" id="FBXASC227FBXASC130FBXASC189FBXASC227FBXASC131FBXASC170FBXASC227FBXASC131FBXASC131FBXASC227FBXASC131FBXASC1371" sid="FBXASC227FBXASC130FBXASC189FBXASC227FBXASC131FBXASC170FBXASC227FBXASC131FBXASC131FBXASC227FBXASC131FBXASC1371">
        <matrix sid="matrix">25.4 0 0 0 0 25.4 0 0 0 0 25.4 0 0 0 0 1</matrix>
        <instance_geometry url="#FBXASC227FBXASC130FBXASC189FBXASC227FBXASC131FBXASC170FBXASC227FBXASC131FBXASC131FBXASC227FBXASC131FBXASC1371-lib">
          <bind_material>
            <technique_common>
              <instance_material symbol="MaterialFBXASC032FBXASC03525" target="#MaterialFBXASC032FBXASC03525"/>
            </technique_common>
          </bind_material>
        </instance_geometry>
        <extra>
          <technique profile="FCOLLADA">
            <visibility>1.000000</visibility>
          </technique>
        </extra>
      </node>
      <node name="FBXASC227FBXASC130FBXASC189FBXASC227FBXASC131FBXASC170FBXASC227FBXASC131FBXASC131FBXASC227FBXASC131FBXASC1372" id="FBXASC227FBXASC130FBXASC189FBXASC227FBXASC131FBXASC170FBXASC227FBXASC131FBXASC131FBXASC227FBXASC131FBXASC1372" sid="FBXASC227FBXASC130FBXASC189FBXASC227FBXASC131FBXASC170FBXASC227FBXASC131FBXASC131FBXASC227FBXASC131FBXASC1372">
        <matrix sid="matrix">25.4 0 0 0 0 25.4 0 0 0 0 25.4 0 0 0 0 1</matrix>
        <instance_geometry url="#FBXASC227FBXASC130FBXASC189FBXASC227FBXASC131FBXASC170FBXASC227FBXASC131FBXASC131FBXASC227FBXASC131FBXASC1372-lib">
          <bind_material>
            <technique_common>
              <instance_material symbol="MaterialFBXASC032FBXASC03526" target="#MaterialFBXASC032FBXASC03526"/>
            </technique_common>
          </bind_material>
        </instance_geometry>
        <extra>
          <technique profile="FCOLLADA">
            <visibility>1.000000</visibility>
          </technique>
        </extra>
      </node>
      <node name="FBXASC227FBXASC130FBXASC189FBXASC227FBXASC131FBXASC170FBXASC227FBXASC131FBXASC131FBXASC227FBXASC131FBXASC1373" id="FBXASC227FBXASC130FBXASC189FBXASC227FBXASC131FBXASC170FBXASC227FBXASC131FBXASC131FBXASC227FBXASC131FBXASC1373" sid="FBXASC227FBXASC130FBXASC189FBXASC227FBXASC131FBXASC170FBXASC227FBXASC131FBXASC131FBXASC227FBXASC131FBXASC1373">
        <matrix sid="matrix">25.4 0 0 0 0 25.4 0 0 0 0 25.4 0 0 0 0 1</matrix>
        <instance_geometry url="#FBXASC227FBXASC130FBXASC189FBXASC227FBXASC131FBXASC170FBXASC227FBXASC131FBXASC131FBXASC227FBXASC131FBXASC1373-lib">
          <bind_material>
            <technique_common>
              <instance_material symbol="MaterialFBXASC032FBXASC03526" target="#MaterialFBXASC032FBXASC03526"/>
            </technique_common>
          </bind_material>
        </instance_geometry>
        <extra>
          <technique profile="FCOLLADA">
            <visibility>1.000000</visibility>
          </technique>
        </extra>
      </node>
      <node name="FBXASC227FBXASC130FBXASC189FBXASC227FBXASC131FBXASC170FBXASC227FBXASC131FBXASC131FBXASC227FBXASC131FBXASC1374" id="FBXASC227FBXASC130FBXASC189FBXASC227FBXASC131FBXASC170FBXASC227FBXASC131FBXASC131FBXASC227FBXASC131FBXASC1374" sid="FBXASC227FBXASC130FBXASC189FBXASC227FBXASC131FBXASC170FBXASC227FBXASC131FBXASC131FBXASC227FBXASC131FBXASC1374">
        <matrix sid="matrix">25.4 0 0 0 0 25.4 0 0 0 0 25.4 0 0 0 0 1</matrix>
        <instance_geometry url="#FBXASC227FBXASC130FBXASC189FBXASC227FBXASC131FBXASC170FBXASC227FBXASC131FBXASC131FBXASC227FBXASC131FBXASC1374-lib">
          <bind_material>
            <technique_common>
              <instance_material symbol="MaterialFBXASC032FBXASC03526" target="#MaterialFBXASC032FBXASC03526"/>
            </technique_common>
          </bind_material>
        </instance_geometry>
        <extra>
          <technique profile="FCOLLADA">
            <visibility>1.000000</visibility>
          </technique>
        </extra>
      </node>
      <node name="FBXASC227FBXASC130FBXASC189FBXASC227FBXASC131FBXASC170FBXASC227FBXASC131FBXASC131FBXASC227FBXASC131FBXASC1375" id="FBXASC227FBXASC130FBXASC189FBXASC227FBXASC131FBXASC170FBXASC227FBXASC131FBXASC131FBXASC227FBXASC131FBXASC1375" sid="FBXASC227FBXASC130FBXASC189FBXASC227FBXASC131FBXASC170FBXASC227FBXASC131FBXASC131FBXASC227FBXASC131FBXASC1375">
        <matrix sid="matrix">25.4 0 0 0 0 25.4 0 0 0 0 25.4 0 0 0 0 1</matrix>
        <instance_geometry url="#FBXASC227FBXASC130FBXASC189FBXASC227FBXASC131FBXASC170FBXASC227FBXASC131FBXASC131FBXASC227FBXASC131FBXASC1375-lib">
          <bind_material>
            <technique_common>
              <instance_material symbol="MaterialFBXASC032FBXASC03526" target="#MaterialFBXASC032FBXASC03526"/>
            </technique_common>
          </bind_material>
        </instance_geometry>
        <extra>
          <technique profile="FCOLLADA">
            <visibility>1.000000</visibility>
          </technique>
        </extra>
      </node>
      <node name="FBXASC227FBXASC130FBXASC189FBXASC227FBXASC131FBXASC170FBXASC227FBXASC131FBXASC131FBXASC227FBXASC131FBXASC1376" id="FBXASC227FBXASC130FBXASC189FBXASC227FBXASC131FBXASC170FBXASC227FBXASC131FBXASC131FBXASC227FBXASC131FBXASC1376" sid="FBXASC227FBXASC130FBXASC189FBXASC227FBXASC131FBXASC170FBXASC227FBXASC131FBXASC131FBXASC227FBXASC131FBXASC1376">
        <matrix sid="matrix">25.4 0 0 0 0 25.4 0 0 0 0 25.4 0 0 0 0 1</matrix>
        <instance_geometry url="#FBXASC227FBXASC130FBXASC189FBXASC227FBXASC131FBXASC170FBXASC227FBXASC131FBXASC131FBXASC227FBXASC131FBXASC1376-lib">
          <bind_material>
            <technique_common>
              <instance_material symbol="MaterialFBXASC032FBXASC03527" target="#MaterialFBXASC032FBXASC03527"/>
            </technique_common>
          </bind_material>
        </instance_geometry>
        <extra>
          <technique profile="FCOLLADA">
            <visibility>1.000000</visibility>
          </technique>
        </extra>
      </node>
      <node name="FBXASC227FBXASC130FBXASC189FBXASC227FBXASC131FBXASC170FBXASC227FBXASC131FBXASC131FBXASC227FBXASC131FBXASC1377" id="FBXASC227FBXASC130FBXASC189FBXASC227FBXASC131FBXASC170FBXASC227FBXASC131FBXASC131FBXASC227FBXASC131FBXASC1377" sid="FBXASC227FBXASC130FBXASC189FBXASC227FBXASC131FBXASC170FBXASC227FBXASC131FBXASC131FBXASC227FBXASC131FBXASC1377">
        <matrix sid="matrix">25.4 0 0 0 0 25.4 0 0 0 0 25.4 0 0 0 0 1</matrix>
        <instance_geometry url="#FBXASC227FBXASC130FBXASC189FBXASC227FBXASC131FBXASC170FBXASC227FBXASC131FBXASC131FBXASC227FBXASC131FBXASC1377-lib">
          <bind_material>
            <technique_common>
              <instance_material symbol="MaterialFBXASC032FBXASC03526" target="#MaterialFBXASC032FBXASC03526"/>
            </technique_common>
          </bind_material>
        </instance_geometry>
        <extra>
          <technique profile="FCOLLADA">
            <visibility>1.000000</visibility>
          </technique>
        </extra>
      </node>
      <node name="FBXASC227FBXASC130FBXASC189FBXASC227FBXASC131FBXASC170FBXASC227FBXASC131FBXASC131FBXASC227FBXASC131FBXASC1378" id="FBXASC227FBXASC130FBXASC189FBXASC227FBXASC131FBXASC170FBXASC227FBXASC131FBXASC131FBXASC227FBXASC131FBXASC1378" sid="FBXASC227FBXASC130FBXASC189FBXASC227FBXASC131FBXASC170FBXASC227FBXASC131FBXASC131FBXASC227FBXASC131FBXASC1378">
        <matrix sid="matrix">25.4 0 0 0 0 25.4 0 0 0 0 25.4 0 0 0 0 1</matrix>
        <instance_geometry url="#FBXASC227FBXASC130FBXASC189FBXASC227FBXASC131FBXASC170FBXASC227FBXASC131FBXASC131FBXASC227FBXASC131FBXASC1378-lib">
          <bind_material>
            <technique_common>
              <instance_material symbol="MaterialFBXASC032FBXASC03526" target="#MaterialFBXASC032FBXASC03526"/>
            </technique_common>
          </bind_material>
        </instance_geometry>
        <extra>
          <technique profile="FCOLLADA">
            <visibility>1.000000</visibility>
          </technique>
        </extra>
      </node>
      <node name="FBXASC227FBXASC130FBXASC189FBXASC227FBXASC131FBXASC170FBXASC227FBXASC131FBXASC131FBXASC227FBXASC131FBXASC1379" id="FBXASC227FBXASC130FBXASC189FBXASC227FBXASC131FBXASC170FBXASC227FBXASC131FBXASC131FBXASC227FBXASC131FBXASC1379" sid="FBXASC227FBXASC130FBXASC189FBXASC227FBXASC131FBXASC170FBXASC227FBXASC131FBXASC131FBXASC227FBXASC131FBXASC1379">
        <matrix sid="matrix">25.4 0 0 0 0 25.4 0 0 0 0 25.4 0 0 0 0 1</matrix>
        <instance_geometry url="#FBXASC227FBXASC130FBXASC189FBXASC227FBXASC131FBXASC170FBXASC227FBXASC131FBXASC131FBXASC227FBXASC131FBXASC1379-lib">
          <bind_material>
            <technique_common>
              <instance_material symbol="MaterialFBXASC032FBXASC03527" target="#MaterialFBXASC032FBXASC03527"/>
            </technique_common>
          </bind_material>
        </instance_geometry>
        <extra>
          <technique profile="FCOLLADA">
            <visibility>1.000000</visibility>
          </technique>
        </extra>
      </node>
      <node name="FBXASC227FBXASC130FBXASC189FBXASC227FBXASC131FBXASC170FBXASC227FBXASC131FBXASC131FBXASC227FBXASC131FBXASC13710" id="FBXASC227FBXASC130FBXASC189FBXASC227FBXASC131FBXASC170FBXASC227FBXASC131FBXASC131FBXASC227FBXASC131FBXASC13710" sid="FBXASC227FBXASC130FBXASC189FBXASC227FBXASC131FBXASC170FBXASC227FBXASC131FBXASC131FBXASC227FBXASC131FBXASC13710">
        <matrix sid="matrix">25.4 0 0 0 0 25.4 0 0 0 0 25.4 0 0 0 0 1</matrix>
        <instance_geometry url="#FBXASC227FBXASC130FBXASC189FBXASC227FBXASC131FBXASC170FBXASC227FBXASC131FBXASC131FBXASC227FBXASC131FBXASC13710-lib">
          <bind_material>
            <technique_common>
              <instance_material symbol="MaterialFBXASC032FBXASC03525" target="#MaterialFBXASC032FBXASC03525"/>
            </technique_common>
          </bind_material>
        </instance_geometry>
        <extra>
          <technique profile="FCOLLADA">
            <visibility>1.000000</visibility>
          </technique>
        </extra>
      </node>
      <extra>
        <technique profile="MAX3D">
          <frame_rate>30.000000</frame_rate>
        </technique>
        <technique profile="FCOLLADA">
          <start_time>0.000000</start_time>
          <end_time>3.333333</end_time>
        </technique>
      </extra>
    </visual_scene>
  </library_visual_scenes>
  <scene>
    <instance_visual_scene url="#r_wrist_p_link"/>
  </scene>
</COLLADA>