<?xml version='1.0' encoding='UTF-8'?>
<COLLADA xmlns="http://www.collada.org/2005/11/COLLADASchema" version="1.4.1">
  <asset>
    <contributor>
      <author/>
      <authoring_tool>FBX COLLADA exporter</authoring_tool>
      <comments/>
    </contributor>
    <created>2026-08-14T11:13:59Z</created>
    <keywords/>
    <modified>2026-08-14T11:13:59Z</modified>
    <revision/>
    <subject/>
    <title/>
    <unit meter="1.0" name="meter"/>
    <up_axis>Z_UP</up_axis>
  </asset>
  <library_materials>
    <material id="MaterialFBXASC032FBXASC03525" name="MaterialFBXASC032FBXASC03525">
      <instance_effect url="#MaterialFBXASC032FBXASC03525-fx"/>
    </material>
  </library_materials>
  <library_effects>
    <effect id="MaterialFBXASC032FBXASC03525-fx" name="MaterialFBXASC032FBXASC03525">
      <profile_COMMON>
        <technique sid="standard">
          <phong>
            <emission>
              <color sid="emission">0.000000  0.000000 0.000000 1.000000</color>
            </emission>
            <ambient>
              <color sid="ambient">0.745098  0.737255 0.729412 1.000000</color>
            </ambient>
            <diffuse>
              <color sid="diffuse">0.745098  0.737255 0.729412 1.000000</color>
            </diffuse>
            <specular>
              <color sid="specular">0.000000  0.000000 0.000000 1.000000</color>
            </specular>
            <shininess>
              <float sid="shininess">1.000000</float>
            </shininess>
            <transparency>
              <float sid="transparency">0.000000</float>
            </transparency>
          </phong>
        </technique>
      </profile_COMMON>
    </effect>
  </library_effects>
  <library_geometries>
    <geometry id="FBXASC227FBXASC130FBXASC189FBXASC227FBXASC131FBXASC170FBXASC227FBXASC131FBXASC131FBXASC227FBXASC131FBXASC1371-lib" name="FBXASC227FBXASC130FBXASC189FBXASC227FBXASC131FBXASC170FBXASC227FBXASC131FBXASC131FBXASC227FBXASC131FBXASC1371Mesh">
      <mesh>
        <source id="FBXASC227FBXASC130FBXASC189FBXASC227FBXASC131FBXASC170FBXASC227FBXASC131FBXASC131FBXASC227FBXASC131FBXASC1371-POSITION">
          <float_array id="FBXASC227FBXASC130FBXASC189FBXASC227FBXASC131FBXASC170FBXASC227FBXASC131FBXASC131FBXASC227FBXASC131FBXASC1371-POSITION-array" count="1638">0.000298388 0.001850394 0.001852188 0.000708661 -0.001850394 -0.009527559 0.00022842 -0.001968504 0.001892584 -0.000971255 0.001968504 -0.006397638 0.000728346 0.001968504 -0.009527559 -0.001043307 -0.001850394 -0.006325585 -0.000249985 0.001968504 0.004305425 0.000437008 0.001850394 -0.003937008 0.000728346 -0.000832822 -0.0011623 -0.000284606 -0.001850394 0.004346685 0.000339407 -0.001850394 -0.001852188 0.000648079 0.001850394 0.005011106 -0.000602945 -0.001850394 -0.010012844 0.000409375 -0.001968504 -0.004012928 0.00020791 0.001850394 -0.00783362 -0.000314642 0.001850394 -0.009640311 0.000728346 -0.001968504 0.004409449 0.00020791 -0.001850394 -0.007914412 0.00020791 0.001850394 -0.005865116 0.00020791 0.001850394 -0.001928108 0.00020791 -0.001850394 -0.005945908 -0.000525226 0.001850394 0.003013935 -0.001968504 -0.001968504 0.001414525 0.000728346 0.00125896 -0.007860381 0.000259843 -0.001850394 -0.003834721 0.000728346 0.000832822 -0.0011623 0.000846457 -0.000832822 -0.008286519 0.000429885 0.001968504 4.0396e-05 -0.000564557 0.001968504 -0.008037092 -0.000564557 -0.001850394 -0.008037092 0.000200787 -0.001968504 -0 -0.001961796 0.001850394 0.001465474 0.000244928 0.001850394 -0.010125182 0.000244928 -0.001850394 -0.010125182 0.00020791 0.001968504 -0.003977404 -0.000525226 -0.001850394 0.003013935 0.000437008 0.001968504 -0.001968504 -0.000543597 -0.001850394 -0.009368807 0.000429885 -0.001850394 4.0396e-05 -0.001942131 0.001968504 -0.006200788 -0.001870079 -0.001850394 -0.00627284 0.000244928 0.001968504 0.004441747 0.000244928 -0.001968504 -0.009559857 0.000223798 0.001968504 0.005396805 -0.000155372 -0.001968504 0.005064626 -0.000602945 -0.001850394 0.004894734 0.000223798 0.001850394 -0.010514915 -0.000584523 0.001850394 -0.010063457 -0.000519839 0.001850394 -0.009292932 -0.000374016 -0.001968504 -0.00984252 0.000244928 -0.001968504 0.004441747 0.00047669 -0.001850394 0.005248783 -0.000346998 -0.001850394 -0.010460414 -0.000374016 0.001968504 0.00472441 -0.000602945 0.001968504 0.004894734 0.000728346 -0.001437008 -0.000935846 0.000728346 -0.001318898 -0.001889764 0.000846457 0.000832822 -0.008286519 0.000728346 0.001437008 -0.000935846 0.000728346 0.00125896 -0.001588438 0.000648079 0.001850394 -0.010129215 5.3228e-05 0.001968504 -0.009472311 0.000846457 -0.00125896 -0.007860381 -0.000519839 0.001968504 0.004174821 -0.000346998 0.001850394 -0.010460414 -0.000346998 -0.001850394 0.005342304 0.000223798 -0.001850394 -0.010514915 0.000708661 0.001968504 0.004409449 -0.000543597 -0.001850394 0.004250697 -0.000346998 0.001850394 0.005342304 0.000358865 -0.001968504 0.004829782 0.000358865 0.001850394 -0.009737147 0.000244928 0.001850394 0.005007071 -0.000374016 0.001968504 -0.00984252 0.000437008 0.001850394 -0.005905512 0.000200787 0.001850394 0 0.000409375 -0.001850394 -0.005981431 0.000437008 0.001968504 -0.007874016 0.000377953 -0.001850394 0.00207079 -0.000374016 -0.001968504 0.00472441 -0.000384295 -0.001968504 -0.009345991 0.000409375 -0.001850394 -0.007949935 0.00020791 -0.001850394 -0.0020089 0.000648079 -0.001968504 -0.010129215 0.000358865 0.001850394 0.004619037 -0.000155372 -0.001850394 -0.009502303 -0.000944882 -0.001850394 -0.007556257 0.000648079 -0.001850394 0.005011106 0.000358865 -0.001968504 -0.009947892 0.000200787 0.001968504 0.001968504 -0.000155372 -0.001968504 -0.010182736 -0.000402716 0.001968504 -0.009396605 -0.000155372 0.001968504 -0.010182736 -0.000695857 0.001968504 -0.009708413 -0.000155372 0.001850394 0.005064626 -0.000695857 -0.001850394 -0.009708413 -0.000887226 0.001968504 -0.007695451 0.000429885 -0.001968504 -4.0396e-05 -0.000155372 0.001850394 0.004384193 -0.000695857 -0.001850394 0.004590303 0.000846457 -0.000531496 -0.001102362 -0.000402716 -0.001850394 -0.009396605 -0.000402716 0.001850394 -0.009396605 0.000728346 0.000531496 -0.001102362 0.000259843 0.001850394 -0.003834721 -0.000567309 -0.001850394 -0.01026721 -0.000695857 0.001968504 0.004590303 0.000259843 0.001968504 -0.006007798 0.000259843 -0.001850394 -0.005803226 -0.000602945 0.001968504 -0.010012844 0.000728346 -0.000531496 -0.008346457 0.000429885 0.001968504 0.001928108 0.00020791 0.001968504 -0.007914412 -0.000627123 -0.001968504 0.002837444 0.000358865 -0.001850394 0.004619037 0.00047669 0.001968504 -0.010366893 -0.000567309 -0.001850394 0.005149099 0.000259843 -0.001968504 -0.007771729 0.00047669 0.001850394 0.005248783 5.3228e-05 -0.001850394 -0.009472311 0.00047669 -0.001850394 -0.010366893 0.000728346 0.001318898 -0.007559055 -0.000971255 -0.001968504 -0.006397638 -0.000402716 -0.001850394 0.004278494 -0.000155372 -0.001968504 0.004384193 -0.000627123 0.001850394 0.002837444 -0.000567309 0.001850394 0.005149099 -0.001141732 0.001968504 -0.006299212 0.000377953 0.001850394 0.000102286 0.00020791 0.001968504 -0.001928108 0.000223798 -0.001850394 0.005396805 -0.000402716 0.001850394 0.004278494 0.00020791 -0.001850394 -0.003977404 -0.000511811 0.001968504 -0.008233942 0.000437008 -0.001850394 -0.001968504 -6.7358e-05 -0.001850394 0.005429862 0.000200787 -0.001850394 0.001968504 -6.7358e-05 -0.001850394 -0.010547973 -0.001771654 0.001850394 -0.006299212 -0.000511811 -0.001850394 -0.008233942 -6.7358e-05 0.001850394 -0.010547973 -6.7358e-05 0.001850394 0.005429862 0.000728346 -0.001088273 -0.001332987 0.000358865 0.001968504 -0.009947892 0.000358865 0.001968504 0.004829782 -0.001968504 -0.001850394 -0.006102362 -0.000602945 -0.001968504 -0.010012844 -0.000567309 0.001968504 -0.01026721 0.000728346 0.001088273 -0.001332987 0.000429885 -0.001968504 0.0020089 0.000846457 0.000531496 -0.008346457 0.000200787 0.001968504 -0 -0.000314642 -0.001850394 -0.009640311 0.000728346 -0.001088273 -0.008115832 0.000339407 0.001850394 -0.005789196 -0.000155372 0.001850394 -0.009502303 -0.000314642 -0.001850394 0.004522201 -0.000537877 0.001850394 0.004972278 0.000200787 -0.001850394 -0 -0.000314642 0.001850394 0.004522201 -0.000519839 -0.001968504 -0.009292932 0.000728346 -0.001318898 -0.007559055 0.000728346 -0.00125896 -0.001588438 -0.000537877 -0.001968504 0.004972278 0.000846457 0.001318898 -0.001889764 0.000846457 0.001088273 -0.008115832 0.000339407 0.001968504 -0.004053324 -0.000582115 0.001850394 -0.009438362 5.3228e-05 -0.001850394 0.004354201 0.000437008 -0.001850394 -0.003937008 -0.000314642 0.001850394 -0.010044728 0.000708661 0.001968504 0.00472441 0.000244928 -0.001968504 0.005007071 0.000708661 0.001850394 -0.00984252 -0.000543597 0.001850394 0.004250697 0.000708661 -0.001850394 0.00472441 -0.000944882 -0.001850394 -0.006496063 -0.000314642 -0.001850394 0.004926618 0.000298388 0.001968504 0.00208482 -0.000314642 -0.001850394 -0.010044728 5.3228e-05 0.001850394 0.004354201 0.000708661 -0.001968504 -0.00984252 5.3228e-05 -0.001850394 0.005094618 0.00020791 -0.001968504 -0.005945908 0.000437008 -0.001968504 -0.007874016 5.3228e-05 0.001968504 0.005094618 0.000298388 -0.001968504 0.000116316 -0.000543597 -0.001968504 0.004250697 -0.000314642 0.001968504 0.004926618 5.3228e-05 -0.001850394 -0.010212729 0.000259843 0.001968504 -0.00207079 0.000259843 -0.001968504 -0.00207079 0.000200787 0.001850394 0.001968504 0.000244928 0.001850394 -0.009559857 0.000339407 0.001850394 -0.0077577 0.000846457 -0.001437008 -0.008416162 0.000358865 -0.001850394 -0.009737147 0.000708661 0.001850394 -0.009527559 5.3228e-05 0.001850394 -0.010212729 -0.000944882 0.001850394 -0.006496063 0.000429885 0.001850394 0.0020089 0.00020791 -0.001968504 -0.00783362 0.000298388 -0.001850394 -0.000116316 -0.001771654 -0.001968504 -0.006299212 -0.000627123 0.001968504 0.002837444 -0.000690623 0.001850394 -0.010001393 -0.000511811 -0.001968504 -0.008233942 -0.001910848 -0.001850394 0.001553719 0.000339407 0.001850394 -0.001852188 -0.000525226 -0.001968504 0.003013935 -0.000284606 -0.001968504 0.004346685 0.000339407 -0.001968504 -0.001852188 0.00047669 -0.001968504 -0.010366893 -0.000284606 0.001850394 0.004346685 0.000437008 -0.001968504 -0.005905512 -0.000627123 -0.001850394 0.002837444 0.000437008 0.001850394 -0.007874016 0.000437008 0.001968504 -0.005905512 0.000377953 0.001968504 -0.000102286 0.00020791 -0.001968504 -0.003896612 0.000377953 -0.001968504 0.001866217 0.000728346 0.001850394 0.004409449 0.000339407 0.001968504 -0.007990332 0.000728346 -0.001850394 0.004409449 0.00020791 0.001968504 -0.005945908 -0.000511811 0.001850394 -0.008233942 0.000437008 0.001968504 -0.003937008 -0.000511811 -0.001850394 -0.00921383 0.000259843 0.001968504 -0.003834721 -0.001910848 0.001968504 0.001553719 -0.000690623 0.001850394 0.004883283 0.000429885 0.001850394 -4.0396e-05 0.000259843 -0.001968504 -0.005803226 -0.001771654 0.001968504 -0.006299212 0.000244928 -0.001850394 -0.009559857 -0.000511811 0.001968504 0.003115832 -0.000564557 -0.001968504 -0.008037092 -0.000564557 0.001850394 -0.008037092 0.000358865 0.001850394 -0.009947892 -0.000284606 0.001968504 -0.009464796 0.000259843 -0.001968504 -0.004039294 -0.000511811 0.001968504 -0.00921383 0.000429885 -0.001850394 0.001928108 -0.000690623 -0.001968504 0.004883283 0.00020791 0.001850394 -0.003896612 0.000244928 -0.001850394 0.004441747 0.000244928 0.001968504 -0.009559857 0.000437008 0.001850394 -0.001968504 -0.001043307 0.001850394 -0.006325585 0.000298388 -0.001850394 0.001852188 -0.000511811 -0.001850394 0.00409572 0.000437008 -0.001968504 -0.001968504 0.000339407 -0.001850394 -0.0077577 0.000259843 -0.001968504 -0.007976302 0.000259843 -0.001968504 -0.003834721 0.000244928 0.001850394 0.004441747 -0.000402716 0.001968504 0.004278494 -0.000402716 -0.001968504 0.004278494 -0.001141732 -0.001968504 -0.006299212 0.000259843 0.001968504 -0.005803226 0.000259843 0.001968504 -0.007771729 -0.000284606 0.001850394 -0.009328414 -0.001968504 0.001850394 -0.006102362 -0.000346998 -0.001968504 0.005342304 0.000298388 0.001850394 -0.000116316 -0.000537877 -0.001850394 -0.0099353 0.00020791 -0.001968504 -0.001928108 0.000708661 -0.001968504 -0.009527559 -0.001942131 -0.001968504 -0.006200788 -0.000284606 -0.001850394 -0.009328414 0.000728346 0.000531496 -0.008346457 -0.000346998 0.001968504 0.005342304 -0.000346998 -0.001968504 -0.010460414 -0.000346998 0.001968504 -0.010460414 0.000846457 0.001318898 -0.007559055 -0.000537877 -0.001968504 -0.0099353 0.000298388 -0.001968504 -0.000116316 0.00020791 -0.001850394 -0.00783362 0.000223798 -0.001968504 0.005396805 0.000846457 0.001437008 -0.008416162 -0.000543597 0.001968504 -0.009368807 0.000298388 -0.001968504 0.00208482 0.000358865 0.001850394 0.004829782 0.000298388 0.001968504 0.001852188 0.000259843 0.001850394 -0.006007798 0.000298388 0.001968504 0.000116316 0.000728346 -0.000531496 -0.001102362 0.000728346 -0.000832822 -0.008286519 0.000728346 0.000832822 -0.008286519 0.000728346 0.001318898 -0.001889764 0.000846457 0.000832822 -0.0011623 0.000846457 -0.001318898 -0.001889764 0.000846457 -0.001318898 -0.007559055 -0.000284606 -0.001968504 -0.009328414 0.000728346 0.001088273 -0.008115832 0.000846457 0.000531496 -0.001102362 0.000846457 -0.000832822 -0.0011623 0.000846457 -0.001088273 -0.001332987 0.000846457 0.001088273 -0.001332987 0.000846457 -0.00125896 -0.001588438 0.000846457 0.00125896 -0.001588438 -0.000567309 -0.001968504 -0.01026721 0.000223798 -0.001968504 -0.010514915 0.000259843 0.001850394 -0.004039294 -0.000537877 -0.001850394 0.004972278 -0.000155372 0.001968504 0.005064626 -0.000155372 -0.001850394 -0.010182736 -0.000155372 0.001968504 0.004384193 -0.000155372 0.001968504 -0.009502303 -0.000537877 0.001968504 0.00481719 -0.000582115 0.001968504 0.004320252 -0.000582115 -0.001968504 -0.009438362 -0.000537877 0.001850394 -0.0099353 -0.000537877 0.001968504 -0.010090388 0.000358865 -0.001850394 0.004829782 -0.000155372 0.001850394 -0.010182736 -0.000567309 0.001850394 -0.01026721 -0.000374016 0.001850394 0.00472441 0.000358865 -0.001850394 -0.009947892 -0.000374016 0.001850394 -0.00984252 -0.000374016 -0.001850394 0.00472441 0.000223798 0.001850394 0.005396805 -0.000155372 -0.001850394 0.004384193 -0.000155372 -0.001850394 0.005064626 -0.000374016 -0.001850394 -0.00984252 -0.000155372 -0.001968504 -0.009502303 0.000223798 0.001968504 -0.010514915 0.000728346 -0.00125896 -0.007860381 0.000846457 0.00125896 -0.007860381 0.000846457 -0.000531496 -0.008346457 0.000846457 -0.001088273 -0.008115832 0.00047669 0.001968504 0.005248783 -6.7358e-05 0.001968504 0.005429862 0.00047669 -0.001968504 0.005248783 -6.7358e-05 0.001968504 -0.010547973 -6.7358e-05 -0.001968504 -0.010547973 -0.000567309 0.001968504 0.005149099 0.000298388 -0.001850394 0.000116316 0.000358865 0.001968504 0.004619037 0.000358865 -0.001968504 -0.009737147 0.000358865 0.001968504 -0.009737147 5.3228e-05 0.001968504 0.004354201 5.3228e-05 -0.001968504 -0.009472311 5.3228e-05 -0.001968504 0.004354201 0.000244928 -0.001968504 -0.010125182 -0.000314642 -0.001968504 -0.009640311 0.000244928 -0.001850394 0.005007071 0.000244928 0.001968504 0.005007071 -0.001771654 -0.001850394 -0.006299212 -0.000511811 0.001850394 0.00409572 -0.000944882 -0.001968504 -0.006496063 -0.000337649 0.001968504 -0.009319061 5.3228e-05 0.001850394 -0.009472311 0.00047669 0.001850394 -0.010366893 -0.000314642 0.001968504 0.004522201 -0.000314642 0.001968504 -0.009640311 0.000358865 -0.001968504 0.004619037 -0.000567309 -0.001968504 0.005149099 -0.000314642 -0.001968504 0.004522201 -6.7358e-05 -0.001968504 0.005429862 0.000244928 0.001968504 -0.010125182 -0.000690623 -0.001968504 -0.010001393 0.000259843 0.001968504 -0.001866217 0.000259843 0.001850394 -0.007976302 -0.000944882 0.001968504 -0.006496063 0.000259843 -0.001850394 -0.006007798 0.000648079 -0.001968504 0.005011106 -0.000695857 -0.001968504 0.004590303 -0.000695857 -0.001968504 -0.009708413 0.000708661 -0.001850394 -0.00984252 0.000648079 0.001968504 -0.010129215 -0.000690623 -0.001850394 -0.010001393 5.3228e-05 0.001850394 0.005094618 5.3228e-05 0.001968504 -0.010212729 -0.000314642 0.001850394 0.004926618 -0.000314642 -0.001968504 -0.010044728 0.000259843 0.001850394 -0.00207079 0.000298388 0.001850394 0.00208482 0.000259843 -0.001968504 -0.006007798 -0.000511811 -0.001968504 0.00409572 -0.000249985 -0.001968504 0.004251564 -0.000249985 0.001850394 0.004251564 -0.000511811 -0.001850394 0.003115832 0.000259843 -0.001850394 -0.004039294 0.000259843 -0.001850394 -0.00207079 -0.001968504 -0.001850394 0.001414525 -0.000284606 0.001968504 0.004210304 0.00020791 0.001968504 -0.00783362 -0.001141732 -0.001850394 -0.006299212 -0.000564557 -0.001968504 0.002918982 -0.001141732 0.001850394 -0.006299212 -0.000564557 0.001968504 0.002918982 0.000259843 -0.001968504 -0.001866217 -0.000602945 -0.001968504 0.004894734 -0.001968504 0.001968504 0.001414525 0.000339407 -0.001968504 -0.0077577 0.000339407 -0.001968504 -0.005789196 0.000708661 0.001850394 0.00472441 -0.000695857 0.001850394 0.004590303 0.000648079 -0.001850394 -0.010129215 -0.000695857 0.001850394 -0.009708413 5.3228e-05 -0.001968504 -0.010212729 5.3228e-05 -0.001968504 0.005094618 -0.000690623 0.001968504 -0.010001393 -0.000314642 -0.001968504 0.004926618 0.000648079 0.001968504 0.005011106 -0.000314642 0.001968504 -0.010044728 0.000708661 -0.001968504 0.00472441 0.000708661 0.001968504 -0.00984252 -0.001870079 0.001850394 -0.00627284 -0.000944882 -0.001968504 -0.007556257 -0.000944882 0.001850394 -0.007556257 0.000377953 0.001850394 0.001866217 0.000259843 0.001850394 -0.001866217 0.000339407 0.001968504 -0.006021828 -0.001870079 0.001968504 -0.00627284 -0.000690623 0.001968504 0.004883283 -0.000249985 -0.001850394 0.004251564 0.000259843 -0.001850394 -0.001866217 0.000339407 0.001850394 -0.003820692 -0.001870079 -0.001968504 -0.00627284 0.000339407 -0.001850394 -0.005789196 -0.000602945 0.001850394 0.004894734 -0.000511811 0.001850394 -0.00921383 0.000377953 -0.001968504 0.000102286 -0.000525226 0.001968504 -0.008132045 -0.000525226 -0.001968504 -0.008132045 0.000377953 -0.001850394 -0.000102286 0.000339407 -0.001968504 -0.003820692 -0.000525226 0.001850394 -0.008132045 0.000259843 0.001850394 -0.005803226 0.000259843 0.001850394 -0.007771729 -0.000525226 -0.001850394 -0.008132045 -0.001043307 -0.001968504 -0.006325585 0.000409375 0.001850394 -0.005981431 -0.000690623 -0.001850394 0.004883283 0.000409375 0.001850394 -0.004012928 0.000437008 -0.001968504 -0.003937008 -0.000511811 -0.001968504 -0.00921383 -0.000627123 0.001968504 -0.007955554 0.000409375 0.001850394 -0.007949935 0.000298388 0.001968504 -0.000116316 0.000298388 -0.001968504 0.001852188 -0.000627123 -0.001968504 -0.007955554 -0.001043307 0.001968504 -0.006325585 0.000259843 0.001968504 -0.004039294 0.000339407 -0.001850394 -0.003820692 -0.000525226 0.001968504 0.003013935 0.000409375 -0.001968504 -0.005981431 -0.000564557 0.001850394 0.002918982 0.000298388 0.001850394 0.000116316 0.000377953 0.001968504 0.001866217 0.000377953 0.001968504 0.00207079 0.000377953 -0.001850394 0.000102286 0.000377953 0.001968504 0.000102286 0.000259843 -0.001850394 -0.007771729 0.000409375 0.001968504 -0.001892584 -0.000971255 -0.001850394 -0.006397638 -0.000971255 0.001850394 -0.006397638 -0.001942131 -0.001850394 -0.006200788 0.00022842 0.001968504 0.001892584 0.000409375 0.001968504 -0.003861088 0.00020791 0.001850394 -0.003977404 0.00020791 0.001850394 -0.005945908 -0.001968504 -0.001968504 -0.006102362 0.000409375 0.001968504 -0.005829592 0.000409375 0.001968504 -0.007798096 -0.000511811 -0.001968504 0.003115832 0.00020791 0.001850394 -0.0020089 -0.000519839 0.001968504 -0.009292932 -0.000511811 0.001850394 0.003115832 0.00020791 -0.001968504 -0.005865116 0.00020791 0.001850394 -0.007914412 0.00020791 0.001968504 -0.0020089 0.00022842 0.001850394 0.001892584 -0.000564557 -0.001850394 0.002918982 -0.001968504 0.001968504 -0.006102362 0.000298388 -0.001850394 0.00208482 0.000200787 -0.001968504 0.001968504 -0.000582115 -0.001850394 0.004320252 0.000259843 0.001968504 -0.007976302 0.00020791 -0.001968504 -0.003977404 0.00020791 0.001968504 -0.005865116 0.00020791 -0.001850394 -0.005865116 -0.001942131 0.001850394 -0.006200788 0.00020791 -0.001968504 -0.0020089 0.00020791 -0.001850394 -0.003896612 -0.000627123 -0.001850394 -0.007955554 -0.000627123 0.001850394 -0.007955554 0.00020791 0.001968504 -0.003896612 0.00020791 -0.001968504 -0.007914412 0.000377953 -0.001850394 0.001866217 0.00020791 -0.001850394 -0.001928108 0.000377953 -0.001968504 -0.000102286 0.000377953 0.001850394 -0.000102286 -0.000543597 0.001850394 -0.009368807 0.000409375 -0.001968504 -0.007949935 0.000259843 -0.001850394 -0.007976302 -0.000519839 -0.001850394 -0.009292932 -0.000582115 -0.001850394 -0.009438362 -0.000582115 0.001850394 0.004320252 -0.000582115 -0.001968504 0.004320252 -0.000384295 0.001850394 -0.009345991 -0.000602945 0.001850394 -0.010012844 0.00022842 -0.001850394 0.001892584 -0.000402716 -0.001968504 -0.009396605 0.000437008 -0.001850394 -0.005905512 0.000437008 -0.001850394 -0.007874016 0.000429885 -0.001968504 0.001928108 0.000429885 0.001850394 0.001928108 -0.000582115 0.001968504 -0.009438362 -0.000511811 0.001968504 0.00409572 -0.000384295 -0.001850394 -0.009345991 0.000409375 -0.001850394 -0.004012928 -0.000584523 -0.001968504 -0.010063457 -0.000543597 -0.001968504 -0.009368807 -0.000584523 -0.001850394 -0.010063457 -0.000584523 0.001968504 -0.010063457 -0.001968504 0.001850394 0.001414525 -0.001961796 -0.001968504 0.001465474 0.000728346 0.001437008 -0.008416162 0.000728346 -0.001437008 -0.008416162 -7.874e-05 0.001850394 -0.010393701 -7.874e-05 -0.001850394 -0.010393701 0.000245236 -0.001850394 -0.009396605 0.000245236 0.001968504 -0.009396605 0.000245236 0.001850394 -0.009396605 -7.874e-05 0.001850394 0.00527559 -7.874e-05 0.001968504 -0.010393701 0.000245236 -0.001968504 0.004278494 -7.874e-05 0.001968504 0.00527559 0.000245236 -0.001850394 0.004278494 0.000245236 0.001850394 0.004278494 -7.874e-05 -0.001850394 0.00527559 -7.874e-05 -0.001968504 0.00527559 0.000445464 0.001968504 0.004894734 0.000445464 -0.001850394 0.004894734 0.000245236 0.001968504 0.004278494 0.000445464 0.001850394 -0.010012844 0.000445464 -0.001968504 0.004894734 0.000445464 -0.001968504 -0.010012844 0.000245236 -0.001968504 -0.009396605 0.000445464 0.001850394 0.004894734 0.000445464 0.001968504 -0.010012844 -7.874e-05 -0.001968504 -0.010393701 0.000445464 -0.001850394 -0.010012844</float_array>
          <technique_common>
            <accessor source="#FBXASC227FBXASC130FBXASC189FBXASC227FBXASC131FBXASC170FBXASC227FBXASC131FBXASC131FBXASC227FBXASC131FBXASC1371-POSITION-array" count="546" stride="3">
              <param name="X" type="float"/>
              <param name="Y" type="float"/>
              <param name="Z" type="float"/>
            </accessor>
          </technique_common>
        </source>
        <source id="FBXASC227FBXASC130FBXASC189FBXASC227FBXASC131FBXASC170FBXASC227FBXASC131FBXASC131FBXASC227FBXASC131FBXASC1371-Normal0">
          <float_array id="FBXASC227FBXASC130FBXASC189FBXASC227FBXASC131FBXASC170FBXASC227FBXASC131FBXASC131FBXASC227FBXASC131FBXASC1371-Normal0-array" count="10674">
2.540000 0.000000 -0.000000
2.540000 0.000000 -0.000000
2.540000 0.000000 -0.000000
-2.540000 -0.000000 0.000000
-2.540000 -0.000000 0.000000
-2.540000 -0.000000 0.000000
0.000000 2.540000 0.000000
0.000000 2.540000 0.000000
0.000000 2.540000 0.000000
0.000000 -2.540000 0.000000
0.000000 -2.540000 0.000000
0.000000 -2.540000 0.000000
0.000000 -2.540000 0.000000
0.000000 -2.540000 0.000000
0.000000 -2.540000 0.000000
0.000000 2.540000 0.000000
0.000000 2.540000 0.000000
0.000000 2.540000 0.000000
0.000000 -2.540000 0.000000
0.000000 -2.540000 0.000000
0.000000 -2.540000 0.000000
0.000000 2.540000 0.000000
0.000000 2.540000 0.000000
0.000000 2.540000 0.000000
0.000000 -2.540000 0.000000
0.000000 -2.540000 0.000000
0.000000 -2.540000 0.000000
0.000000 -2.540000 0.000000
0.000000 -2.540000 0.000000
0.000000 -2.540000 0.000000
0.000000 2.540000 0.000000
0.000000 2.540000 0.000000
0.000000 2.540000 0.000000
0.000000 2.540000 0.000000
0.000000 2.540000 0.000000
0.000000 2.540000 0.000000
-2.540000 -0.000000 0.000000
-2.540000 -0.000000 0.000000
-2.540000 -0.000000 0.000000
2.540000 0.000000 -0.000000
2.540000 0.000000 -0.000000
2.540000 0.000000 -0.000000
-2.540000 -0.000000 0.000000
-2.540000 -0.000000 0.000000
-2.540000 -0.000000 0.000000
2.540000 0.000000 -0.000000
2.540000 0.000000 -0.000000
2.540000 0.000000 -0.000000
0.000000 -2.540000 0.000000
0.000000 -2.540000 0.000000
0.000000 -2.540000 0.000000
0.000000 2.540000 0.000000
0.000000 2.540000 0.000000
0.000000 2.540000 0.000000
0.000000 -2.540000 0.000000
0.000000 -2.540000 0.000000
0.000000 -2.540000 0.000000
0.000000 -2.540000 0.000000
0.000000 -2.540000 0.000000
0.000000 -2.540000 0.000000
0.000000 2.540000 0.000000
0.000000 2.540000 0.000000
0.000000 2.540000 0.000000
0.000000 2.540000 0.000000
0.000000 2.540000 0.000000
0.000000 2.540000 0.000000
0.000000 -2.540000 0.000000
0.000000 -2.540000 0.000000
0.000000 -2.540000 0.000000
0.000000 -2.540000 0.000000
0.000000 -2.540000 0.000000
0.000000 -2.540000 0.000000
0.000000 2.540000 0.000000
0.000000 2.540000 0.000000
0.000000 2.540000 0.000000
0.000000 2.540000 0.000000
0.000000 2.540000 0.000000
0.000000 2.540000 0.000000
0.000000 -2.540000 0.000000
0.000000 -2.540000 0.000000
0.000000 -2.540000 0.000000
0.000000 2.540000 0.000000
0.000000 2.540000 0.000000
0.000000 2.540000 0.000000
0.000000 -2.540000 0.000000
0.000000 -2.540000 0.000000
0.000000 -2.540000 0.000000
0.000000 2.540000 0.000000
0.000000 2.540000 0.000000
0.000000 2.540000 0.000000
0.000000 -2.540000 0.000000
0.000000 -2.540000 0.000000
0.000000 -2.540000 0.000000
0.000000 2.540000 0.000000
0.000000 2.540000 0.000000
0.000000 2.540000 0.000000
0.000000 2.540000 0.000000
0.000000 2.540000 0.000000
0.000000 2.540000 0.000000
0.000000 -2.540000 0.000000
0.000000 -2.540000 0.000000
0.000000 -2.540000 0.000000
0.000000 2.540000 0.000000
0.000000 2.540000 0.000000
0.000000 2.540000 0.000000
0.000000 -2.540000 0.000000
0.000000 -2.540000 0.000000
0.000000 -2.540000 0.000000
0.000000 -2.540000 0.000000
0.000000 -2.540000 0.000000
0.000000 -2.540000 0.000000
0.000000 2.540000 0.000000
0.000000 2.540000 0.000000
0.000000 2.540000 0.000000
0.000000 2.540000 0.000000
0.000000 2.540000 0.000000
0.000000 2.540000 0.000000
0.000000 2.540000 0.000000
0.000000 2.540000 0.000000
0.000000 2.540000 0.000000
0.000000 -2.540000 0.000000
0.000000 -2.540000 0.000000
0.000000 -2.540000 0.000000
0.000000 -2.540000 0.000000
0.000000 -2.540000 0.000000
0.000000 -2.540000 0.000000
0.000000 -2.540000 0.000000
0.000000 -2.540000 0.000000
0.000000 -2.540000 0.000000
0.000000 -2.540000 0.000000
0.000000 -2.540000 0.000000
0.000000 -2.540000 0.000000
0.000000 2.540000 0.000000
0.000000 2.540000 0.000000
0.000000 2.540000 0.000000
0.000000 2.540000 0.000000
0.000000 2.540000 0.000000
0.000000 2.540000 0.000000
0.000000 2.540000 0.000000
0.000000 2.540000 0.000000
0.000000 2.540000 0.000000
0.000000 2.540000 0.000000
0.000000 2.540000 0.000000
0.000000 2.540000 0.000000
0.000000 -2.540000 0.000000
0.000000 -2.540000 0.000000
0.000000 -2.540000 0.000000
0.000000 -2.540000 0.000000
0.000000 -2.540000 0.000000
0.000000 -2.540000 0.000000
0.000000 -2.540000 0.000000
0.000000 -2.540000 0.000000
0.000000 -2.540000 0.000000
0.000000 -2.540000 0.000000
0.000000 -2.540000 0.000000
0.000000 -2.540000 0.000000
0.000000 2.540000 0.000000
0.000000 2.540000 0.000000
0.000000 2.540000 0.000000
0.000000 2.540000 0.000000
0.000000 2.540000 0.000000
0.000000 2.540000 0.000000
0.000000 2.540000 0.000000
0.000000 2.540000 0.000000
0.000000 2.540000 0.000000
0.000000 -2.540000 0.000000
0.000000 -2.540000 0.000000
0.000000 -2.540000 0.000000
0.000000 -2.540000 0.000000
0.000000 -2.540000 0.000000
0.000000 -2.540000 0.000000
0.000000 2.540000 0.000000
0.000000 2.540000 0.000000
0.000000 2.540000 0.000000
0.000000 2.540000 0.000000
0.000000 2.540000 0.000000
0.000000 2.540000 0.000000
0.000000 -2.540000 0.000000
0.000000 -2.540000 0.000000
0.000000 -2.540000 0.000000
0.000000 2.540000 0.000000
0.000000 2.540000 0.000000
0.000000 2.540000 0.000000
0.000000 -2.540000 0.000000
0.000000 -2.540000 0.000000
0.000000 -2.540000 0.000000
2.540000 0.000000 -0.000000
2.540000 0.000000 -0.000000
2.540000 0.000000 -0.000000
-2.540000 -0.000000 0.000000
-2.540000 -0.000000 0.000000
-2.540000 -0.000000 0.000000
-2.540000 -0.000000 0.000000
-2.540000 -0.000000 0.000000
-2.540000 -0.000000 0.000000
2.540000 0.000000 -0.000000
2.540000 0.000000 -0.000000
2.540000 0.000000 -0.000000
0.000000 -2.540000 0.000000
0.000000 -2.540000 0.000000
0.000000 -2.540000 0.000000
0.000000 2.540000 0.000000
0.000000 2.540000 0.000000
0.000000 2.540000 0.000000
0.000000 2.540000 0.000000
0.000000 2.540000 0.000000
0.000000 2.540000 0.000000
0.000000 -2.540000 0.000000
0.000000 -2.540000 0.000000
0.000000 -2.540000 0.000000
-2.540000 -0.000000 0.000000
-2.540000 -0.000000 0.000000
-2.540000 -0.000000 0.000000
2.540000 0.000000 -0.000000
2.540000 0.000000 -0.000000
2.540000 0.000000 -0.000000
-2.540000 -0.000000 0.000000
-2.540000 -0.000000 0.000000
-2.540000 -0.000000 0.000000
-2.540000 -0.000000 0.000000
-2.540000 -0.000000 0.000000
-2.540000 -0.000000 0.000000
2.540000 0.000000 -0.000000
2.540000 0.000000 -0.000000
2.540000 0.000000 -0.000000
2.540000 0.000000 -0.000000
2.540000 0.000000 -0.000000
2.540000 0.000000 -0.000000
0.000000 -2.540000 0.000000
0.000000 -2.540000 0.000000
0.000000 -2.540000 0.000000
0.000000 -2.540000 0.000000
0.000000 -2.540000 0.000000
0.000000 -2.540000 0.000000
0.000000 2.540000 0.000000
0.000000 2.540000 0.000000
0.000000 2.540000 0.000000
0.000000 2.540000 0.000000
0.000000 2.540000 0.000000
0.000000 2.540000 0.000000
0.000000 -2.540000 0.000000
0.000000 -2.540000 0.000000
0.000000 -2.540000 0.000000
0.000000 2.540000 0.000000
0.000000 2.540000 0.000000
0.000000 2.540000 0.000000
0.000000 -2.540000 0.000000
0.000000 -2.540000 0.000000
0.000000 -2.540000 0.000000
0.000000 2.540000 0.000000
0.000000 2.540000 0.000000
0.000000 2.540000 0.000000
0.000000 -2.540000 0.000000
0.000000 -2.540000 0.000000
0.000000 -2.540000 0.000000
0.000000 -2.540000 0.000000
0.000000 -2.540000 0.000000
0.000000 -2.540000 0.000000
0.000000 2.540000 0.000000
0.000000 2.540000 0.000000
0.000000 2.540000 0.000000
0.000000 2.540000 0.000000
0.000000 2.540000 0.000000
0.000000 2.540000 0.000000
0.000000 -2.540000 0.000000
0.000000 -2.540000 0.000000
0.000000 -2.540000 0.000000
0.000000 2.540000 0.000000
0.000000 2.540000 0.000000
0.000000 2.540000 0.000000
0.000000 -2.540000 0.000000
0.000000 -2.540000 0.000000
0.000000 -2.540000 0.000000
0.000000 2.540000 0.000000
0.000000 2.540000 0.000000
0.000000 2.540000 0.000000
0.000000 -2.540000 0.000000
0.000000 -2.540000 0.000000
0.000000 -2.540000 0.000000
0.000000 2.540000 0.000000
0.000000 2.540000 0.000000
0.000000 2.540000 0.000000
0.000000 -2.540000 0.000000
0.000000 -2.540000 0.000000
0.000000 -2.540000 0.000000
0.000000 2.540000 0.000000
0.000000 2.540000 0.000000
0.000000 2.540000 0.000000
0.000000 2.540000 0.000000
0.000000 2.540000 0.000000
0.000000 2.540000 0.000000
0.000000 -2.540000 0.000000
0.000000 -2.540000 0.000000
0.000000 -2.540000 0.000000
0.000000 -2.540000 0.000000
0.000000 -2.540000 0.000000
0.000000 -2.540000 0.000000
0.000000 2.540000 0.000000
0.000000 2.540000 0.000000
0.000000 2.540000 0.000000
0.000000 -2.540000 0.000000
0.000000 -2.540000 0.000000
0.000000 -2.540000 0.000000
0.000000 2.540000 0.000000
0.000000 2.540000 0.000000
0.000000 2.540000 0.000000
0.000000 2.540000 0.000000
0.000000 2.540000 0.000000
0.000000 2.540000 0.000000
0.000000 -2.540000 0.000000
0.000000 -2.540000 0.000000
0.000000 -2.540000 0.000000
0.000000 -2.540000 0.000000
0.000000 -2.540000 0.000000
0.000000 -2.540000 0.000000
0.000000 2.540000 0.000000
0.000000 2.540000 0.000000
0.000000 2.540000 0.000000
0.000000 2.540000 0.000000
0.000000 2.540000 0.000000
0.000000 2.540000 0.000000
0.000000 2.540000 0.000000
0.000000 2.540000 0.000000
0.000000 2.540000 0.000000
0.000000 2.540000 0.000000
0.000000 2.540000 0.000000
0.000000 2.540000 0.000000
0.000000 -2.540000 0.000000
0.000000 -2.540000 0.000000
0.000000 -2.540000 0.000000
0.000000 2.540000 0.000000
0.000000 2.540000 0.000000
0.000000 2.540000 0.000000
0.000000 -2.540000 0.000000
0.000000 -2.540000 0.000000
0.000000 -2.540000 0.000000
0.000000 2.540000 0.000000
0.000000 2.540000 0.000000
0.000000 2.540000 0.000000
0.000000 -2.540000 0.000000
0.000000 -2.540000 0.000000
0.000000 -2.540000 0.000000
0.000000 -2.540000 0.000000
0.000000 -2.540000 0.000000
0.000000 -2.540000 0.000000
0.000000 2.540000 0.000000
0.000000 2.540000 0.000000
0.000000 2.540000 0.000000
0.000000 2.540000 0.000000
0.000000 2.540000 0.000000
0.000000 2.540000 0.000000
0.000000 -2.540000 0.000000
0.000000 -2.540000 0.000000
0.000000 -2.540000 0.000000
0.000000 2.540000 0.000000
0.000000 2.540000 0.000000
0.000000 2.540000 0.000000
0.000000 -2.540000 0.000000
0.000000 -2.540000 0.000000
0.000000 -2.540000 0.000000
0.000000 2.540000 0.000000
0.000000 2.540000 0.000000
0.000000 2.540000 0.000000
0.000000 -2.540000 0.000000
0.000000 -2.540000 0.000000
0.000000 -2.540000 0.000000
0.000000 -2.540000 0.000000
0.000000 -2.540000 0.000000
0.000000 -2.540000 0.000000
0.000000 2.540000 0.000000
0.000000 2.540000 0.000000
0.000000 2.540000 0.000000
0.000000 -2.540000 0.000000
0.000000 -2.540000 0.000000
0.000000 -2.540000 0.000000
0.000000 -2.540000 0.000000
0.000000 -2.540000 0.000000
0.000000 -2.540000 0.000000
0.000000 2.540000 0.000000
0.000000 2.540000 0.000000
0.000000 2.540000 0.000000
0.000000 2.540000 0.000000
0.000000 2.540000 0.000000
0.000000 2.540000 0.000000
0.000000 -2.540000 0.000000
0.000000 -2.540000 0.000000
0.000000 -2.540000 0.000000
0.000000 2.540000 0.000000
0.000000 2.540000 0.000000
0.000000 2.540000 0.000000
0.000000 2.540000 0.000000
0.000000 2.540000 0.000000
0.000000 2.540000 0.000000
0.000000 -2.540000 0.000000
0.000000 -2.540000 0.000000
0.000000 -2.540000 0.000000
0.000000 2.540000 0.000000
0.000000 2.540000 0.000000
0.000000 2.540000 0.000000
0.000000 2.540000 0.000000
0.000000 2.540000 0.000000
0.000000 2.540000 0.000000
0.000000 -2.540000 0.000000
0.000000 -2.540000 0.000000
0.000000 -2.540000 0.000000
0.000000 -2.540000 0.000000
0.000000 -2.540000 0.000000
0.000000 -2.540000 0.000000
0.000000 -2.540000 0.000000
0.000000 -2.540000 0.000000
0.000000 -2.540000 0.000000
0.000000 2.540000 0.000000
0.000000 2.540000 0.000000
0.000000 2.540000 0.000000
0.000000 2.540000 0.000000
0.000000 2.540000 0.000000
0.000000 2.540000 0.000000
0.000000 -2.540000 0.000000
0.000000 -2.540000 0.000000
0.000000 -2.540000 0.000000
0.000000 2.540000 0.000000
0.000000 2.540000 0.000000
0.000000 2.540000 0.000000
0.000000 -2.540000 0.000000
0.000000 -2.540000 0.000000
0.000000 -2.540000 0.000000
-2.540000 -0.000000 0.000000
-2.540000 -0.000000 0.000000
-2.540000 -0.000000 0.000000
-2.540000 -0.000000 0.000000
-2.540000 -0.000000 0.000000
-2.540000 -0.000000 0.000000
2.540000 0.000000 -0.000000
2.540000 0.000000 -0.000000
2.540000 0.000000 -0.000000
-2.540000 -0.000000 0.000000
-2.540000 -0.000000 0.000000
-2.540000 -0.000000 0.000000
2.540000 0.000000 -0.000000
2.540000 0.000000 -0.000000
2.540000 0.000000 -0.000000
-2.540000 -0.000000 0.000000
-2.540000 -0.000000 0.000000
-2.540000 -0.000000 0.000000
-2.540000 -0.000000 0.000000
-2.540000 -0.000000 0.000000
-2.540000 -0.000000 0.000000
-2.540000 -0.000000 0.000000
-2.540000 -0.000000 0.000000
-2.540000 -0.000000 0.000000
2.540000 0.000000 -0.000000
2.540000 0.000000 -0.000000
2.540000 0.000000 -0.000000
-2.540000 -0.000000 0.000000
-2.540000 -0.000000 0.000000
-2.540000 -0.000000 0.000000
0.000000 2.540000 0.000000
0.000000 2.540000 0.000000
0.000000 2.540000 0.000000
0.000000 -2.540000 0.000000
0.000000 -2.540000 0.000000
0.000000 -2.540000 0.000000
0.000000 -2.540000 0.000000
0.000000 -2.540000 0.000000
0.000000 -2.540000 0.000000
0.000000 2.540000 0.000000
0.000000 2.540000 0.000000
0.000000 2.540000 0.000000
2.540000 0.000000 -0.000000
2.540000 0.000000 -0.000000
2.540000 0.000000 -0.000000
-2.540000 -0.000000 0.000000
-2.540000 -0.000000 0.000000
-2.540000 -0.000000 0.000000
0.000000 -2.540000 0.000000
0.000000 -2.540000 0.000000
0.000000 -2.540000 0.000000
0.000000 2.540000 0.000000
0.000000 2.540000 0.000000
0.000000 2.540000 0.000000
0.000000 -2.540000 0.000000
0.000000 -2.540000 0.000000
0.000000 -2.540000 0.000000
0.000000 2.540000 0.000000
0.000000 2.540000 0.000000
0.000000 2.540000 0.000000
0.000000 -2.540000 0.000000
0.000000 -2.540000 0.000000
0.000000 -2.540000 0.000000
0.000000 2.540000 0.000000
0.000000 2.540000 0.000000
0.000000 2.540000 0.000000
0.000000 2.540000 0.000000
0.000000 2.540000 0.000000
0.000000 2.540000 0.000000
0.000000 -2.540000 0.000000
0.000000 -2.540000 0.000000
0.000000 -2.540000 0.000000
0.000000 2.540000 0.000000
0.000000 2.540000 0.000000
0.000000 2.540000 0.000000
0.000000 -2.540000 0.000000
0.000000 -2.540000 0.000000
0.000000 -2.540000 0.000000
0.000000 2.540000 0.000000
0.000000 2.540000 0.000000
0.000000 2.540000 0.000000
0.000000 -2.540000 0.000000
0.000000 -2.540000 0.000000
0.000000 -2.540000 0.000000
0.000000 -2.540000 0.000000
0.000000 -2.540000 0.000000
0.000000 -2.540000 0.000000
0.000000 2.540000 0.000000
0.000000 2.540000 0.000000
0.000000 2.540000 0.000000
0.000000 2.540000 0.000000
0.000000 2.540000 0.000000
0.000000 2.540000 0.000000
0.000000 -2.540000 0.000000
0.000000 -2.540000 0.000000
0.000000 -2.540000 0.000000
0.000000 -2.540000 0.000000
0.000000 -2.540000 0.000000
0.000000 -2.540000 0.000000
0.000000 2.540000 0.000000
0.000000 2.540000 0.000000
0.000000 2.540000 0.000000
0.000000 -2.540000 0.000000
0.000000 -2.540000 0.000000
0.000000 -2.540000 0.000000
0.000000 2.540000 0.000000
0.000000 2.540000 0.000000
0.000000 2.540000 0.000000
0.000000 -2.540000 0.000000
0.000000 -2.540000 0.000000
0.000000 -2.540000 0.000000
0.000000 2.540000 0.000000
0.000000 2.540000 0.000000
0.000000 2.540000 0.000000
0.000000 -2.540000 0.000000
0.000000 -2.540000 0.000000
0.000000 -2.540000 0.000000
0.000000 2.540000 0.000000
0.000000 2.540000 0.000000
0.000000 2.540000 0.000000
0.000000 2.540000 0.000000
0.000000 2.540000 0.000000
0.000000 2.540000 0.000000
0.000000 -2.540000 0.000000
0.000000 -2.540000 0.000000
0.000000 -2.540000 0.000000
0.000000 2.540000 0.000000
0.000000 2.540000 0.000000
0.000000 2.540000 0.000000
0.000000 -2.540000 0.000000
0.000000 -2.540000 0.000000
0.000000 -2.540000 0.000000
0.000000 2.540000 0.000000
0.000000 2.540000 0.000000
0.000000 2.540000 0.000000
0.000000 2.540000 0.000000
0.000000 2.540000 0.000000
0.000000 2.540000 0.000000
0.000000 -2.540000 0.000000
0.000000 -2.540000 0.000000
0.000000 -2.540000 0.000000
0.000000 -2.540000 0.000000
0.000000 -2.540000 0.000000
0.000000 -2.540000 0.000000
0.000000 2.540000 0.000000
0.000000 2.540000 0.000000
0.000000 2.540000 0.000000
0.000000 -2.540000 0.000000
0.000000 -2.540000 0.000000
0.000000 -2.540000 0.000000
0.000000 -2.540000 0.000000
0.000000 -2.540000 0.000000
0.000000 -2.540000 0.000000
0.000000 -2.540000 0.000000
0.000000 -2.540000 0.000000
0.000000 -2.540000 0.000000
0.000000 2.540000 0.000000
0.000000 2.540000 0.000000
0.000000 2.540000 0.000000
0.000000 2.540000 0.000000
0.000000 2.540000 0.000000
0.000000 2.540000 0.000000
0.000000 2.540000 0.000000
0.000000 2.540000 0.000000
0.000000 2.540000 0.000000
0.000000 -2.540000 0.000000
0.000000 -2.540000 0.000000
0.000000 -2.540000 0.000000
0.000000 2.540000 0.000000
0.000000 2.540000 0.000000
0.000000 2.540000 0.000000
0.000000 -2.540000 0.000000
0.000000 -2.540000 0.000000
0.000000 -2.540000 0.000000
0.000000 -2.540000 0.000000
0.000000 -2.540000 0.000000
0.000000 -2.540000 0.000000
0.000000 2.540000 0.000000
0.000000 2.540000 0.000000
0.000000 2.540000 0.000000
0.000000 -2.540000 0.000000
0.000000 -2.540000 0.000000
0.000000 -2.540000 0.000000
0.000000 2.540000 0.000000
0.000000 2.540000 0.000000
0.000000 2.540000 0.000000
0.000000 -2.540000 0.000000
0.000000 -2.540000 0.000000
0.000000 -2.540000 0.000000
0.000000 -2.540000 0.000000
0.000000 -2.540000 0.000000
0.000000 -2.540000 0.000000
0.000000 2.540000 0.000000
0.000000 2.540000 0.000000
0.000000 2.540000 0.000000
0.000000 2.540000 0.000000
0.000000 2.540000 0.000000
0.000000 2.540000 0.000000
0.000000 2.540000 0.000000
0.000000 2.540000 0.000000
0.000000 2.540000 0.000000
0.000000 2.540000 0.000000
0.000000 2.540000 0.000000
0.000000 2.540000 0.000000
0.000000 -2.540000 0.000000
0.000000 -2.540000 0.000000
0.000000 -2.540000 0.000000
0.000000 -2.540000 0.000000
0.000000 -2.540000 0.000000
0.000000 -2.540000 0.000000
0.000000 2.540000 0.000000
0.000000 2.540000 0.000000
0.000000 2.540000 0.000000
0.000000 -2.540000 0.000000
0.000000 -2.540000 0.000000
0.000000 -2.540000 0.000000
0.000000 -2.540000 0.000000
0.000000 -2.540000 0.000000
0.000000 -2.540000 0.000000
0.000000 -2.540000 0.000000
0.000000 -2.540000 0.000000
0.000000 -2.540000 0.000000
0.000000 2.540000 0.000000
0.000000 2.540000 0.000000
0.000000 2.540000 0.000000
0.000000 -2.540000 0.000000
0.000000 -2.540000 0.000000
0.000000 -2.540000 0.000000
0.000000 2.540000 0.000000
0.000000 2.540000 0.000000
0.000000 2.540000 0.000000
0.000000 -2.540000 0.000000
0.000000 -2.540000 0.000000
0.000000 -2.540000 0.000000
0.000000 -2.540000 0.000000
0.000000 -2.540000 0.000000
0.000000 -2.540000 0.000000
0.000000 2.540000 0.000000
0.000000 2.540000 0.000000
0.000000 2.540000 0.000000
0.000000 2.540000 0.000000
0.000000 2.540000 0.000000
0.000000 2.540000 0.000000
0.000000 -2.540000 0.000000
0.000000 -2.540000 0.000000
0.000000 -2.540000 0.000000
0.000000 -2.540000 0.000000
0.000000 -2.540000 0.000000
0.000000 -2.540000 0.000000
0.000000 2.540000 0.000000
0.000000 2.540000 0.000000
0.000000 2.540000 0.000000
0.000000 2.540000 0.000000
0.000000 2.540000 0.000000
0.000000 2.540000 0.000000
0.000000 -2.540000 0.000000
0.000000 -2.540000 0.000000
0.000000 -2.540000 0.000000
0.000000 -2.540000 0.000000
0.000000 -2.540000 0.000000
0.000000 -2.540000 0.000000
0.000000 2.540000 0.000000
0.000000 2.540000 0.000000
0.000000 2.540000 0.000000
0.000000 -2.540000 0.000000
0.000000 -2.540000 0.000000
0.000000 -2.540000 0.000000
0.000000 2.540000 0.000000
0.000000 2.540000 0.000000
0.000000 2.540000 0.000000
0.000000 2.540000 0.000000
0.000000 2.540000 0.000000
0.000000 2.540000 0.000000
0.000000 -2.540000 0.000000
0.000000 -2.540000 0.000000
0.000000 -2.540000 0.000000
0.000000 -2.540000 0.000000
0.000000 -2.540000 0.000000
0.000000 -2.540000 0.000000
0.000000 2.540000 0.000000
0.000000 2.540000 0.000000
0.000000 2.540000 0.000000
0.000000 2.540000 0.000000
0.000000 2.540000 0.000000
0.000000 2.540000 0.000000
0.000000 2.540000 0.000000
0.000000 2.540000 0.000000
0.000000 2.540000 0.000000
0.000000 -2.540000 0.000000
0.000000 -2.540000 0.000000
0.000000 -2.540000 0.000000
0.000000 2.540000 0.000000
0.000000 2.540000 0.000000
0.000000 2.540000 0.000000
0.000000 2.540000 0.000000
0.000000 2.540000 0.000000
0.000000 2.540000 0.000000
0.000000 2.540000 0.000000
0.000000 2.540000 0.000000
0.000000 2.540000 0.000000
0.000000 2.540000 0.000000
0.000000 2.540000 0.000000
0.000000 2.540000 0.000000
0.000000 -2.540000 0.000000
0.000000 -2.540000 0.000000
0.000000 -2.540000 0.000000
0.000000 -2.540000 0.000000
0.000000 -2.540000 0.000000
0.000000 -2.540000 0.000000
0.000000 2.540000 0.000000
0.000000 2.540000 0.000000
0.000000 2.540000 0.000000
0.000000 2.540000 0.000000
0.000000 2.540000 0.000000
0.000000 2.540000 0.000000
0.000000 -2.540000 0.000000
0.000000 -2.540000 0.000000
0.000000 -2.540000 0.000000
0.000000 2.540000 0.000000
0.000000 2.540000 0.000000
0.000000 2.540000 0.000000
0.000000 -2.540000 0.000000
0.000000 -2.540000 0.000000
0.000000 -2.540000 0.000000
0.000000 2.540000 0.000000
0.000000 2.540000 0.000000
0.000000 2.540000 0.000000
0.000000 -2.540000 0.000000
0.000000 -2.540000 0.000000
0.000000 -2.540000 0.000000
0.000000 2.540000 0.000000
0.000000 2.540000 0.000000
0.000000 2.540000 0.000000
0.000000 -2.540000 0.000000
0.000000 -2.540000 0.000000
0.000000 -2.540000 0.000000
0.000000 -2.540000 0.000000
0.000000 -2.540000 0.000000
0.000000 -2.540000 0.000000
0.000000 -2.540000 0.000000
0.000000 -2.540000 0.000000
0.000000 -2.540000 0.000000
-1.270000 0.000000 2.199704
-1.270000 0.000000 2.199704
0.441066 0.000000 2.501412
-1.270000 0.000000 -2.199704
-1.270000 0.000000 -2.199704
0.441066 0.000000 -2.501412
0.000000 2.540000 0.000000
0.000000 2.540000 0.000000
0.000000 2.540000 0.000000
0.000000 2.540000 0.000000
0.000000 2.540000 0.000000
0.000000 2.540000 0.000000
0.000000 -2.540000 0.000000
0.000000 -2.540000 0.000000
0.000000 -2.540000 0.000000
0.000000 -2.540000 0.000000
0.000000 -2.540000 0.000000
0.000000 -2.540000 0.000000
0.000000 -2.540000 0.000000
0.000000 -2.540000 0.000000
0.000000 -2.540000 0.000000
0.000000 2.540000 0.000000
0.000000 2.540000 0.000000
0.000000 2.540000 0.000000
-2.540000 -0.000000 0.000000
-2.540000 -0.000000 0.000000
-2.540000 -0.000000 0.000000
2.540000 0.000000 -0.000000
2.540000 0.000000 -0.000000
2.540000 0.000000 -0.000000
0.000000 2.540000 0.000000
0.000000 2.540000 0.000000
0.000000 2.540000 0.000000
0.000000 2.540000 0.000000
0.000000 2.540000 0.000000
0.000000 2.540000 0.000000
0.000000 -2.540000 0.000000
0.000000 -2.540000 0.000000
0.000000 -2.540000 0.000000
0.000000 -2.540000 0.000000
0.000000 -2.540000 0.000000
0.000000 -2.540000 0.000000
2.540000 0.000000 -0.000000
2.540000 0.000000 -0.000000
2.540000 0.000000 -0.000000
-2.540000 -0.000000 0.000000
-2.540000 -0.000000 0.000000
-2.540000 -0.000000 0.000000
0.000000 -2.540000 0.000000
0.000000 -2.540000 0.000000
0.000000 -2.540000 0.000000
-0.441066 0.000000 -2.501412
1.270000 0.000000 -2.199704
-0.441066 0.000000 -2.501412
0.000000 -2.540000 0.000000
0.000000 -2.540000 0.000000
0.000000 -2.540000 0.000000
0.000000 2.540000 0.000000
0.000000 2.540000 0.000000
0.000000 2.540000 0.000000
0.000000 2.540000 0.000000
0.000000 2.540000 0.000000
0.000000 2.540000 0.000000
0.000000 -2.540000 0.000000
0.000000 -2.540000 0.000000
0.000000 -2.540000 0.000000
0.000000 -2.540000 0.000000
0.000000 -2.540000 0.000000
0.000000 -2.540000 0.000000
0.000000 2.540000 0.000000
0.000000 2.540000 0.000000
0.000000 2.540000 0.000000
0.000000 2.540000 0.000000
0.000000 2.540000 0.000000
0.000000 2.540000 0.000000
0.000000 -2.540000 0.000000
0.000000 -2.540000 0.000000
0.000000 -2.540000 0.000000
0.000000 -2.540000 0.000000
0.000000 -2.540000 0.000000
0.000000 -2.540000 0.000000
0.000000 2.540000 0.000000
0.000000 2.540000 0.000000
0.000000 2.540000 0.000000
2.540000 0.000000 -0.000000
2.540000 0.000000 -0.000000
2.540000 0.000000 -0.000000
-2.540000 -0.000000 0.000000
-2.540000 -0.000000 0.000000
-2.540000 -0.000000 0.000000
0.441066 0.000000 2.501412
-1.270000 0.000000 2.199704
0.441066 0.000000 2.501412
0.441066 0.000000 -2.501412
-1.270000 0.000000 -2.199704
0.441066 0.000000 -2.501412
0.000000 -2.540000 0.000000
0.000000 -2.540000 0.000000
0.000000 -2.540000 0.000000
0.000000 -2.540000 0.000000
0.000000 -2.540000 0.000000
0.000000 -2.540000 0.000000
0.000000 -2.540000 0.000000
0.000000 -2.540000 0.000000
0.000000 -2.540000 0.000000
0.000000 2.540000 0.000000
0.000000 2.540000 0.000000
0.000000 2.540000 0.000000
0.000000 -2.540000 0.000000
0.000000 -2.540000 0.000000
0.000000 -2.540000 0.000000
0.000000 2.540000 0.000000
0.000000 2.540000 0.000000
0.000000 2.540000 0.000000
0.000000 -2.540000 0.000000
0.000000 -2.540000 0.000000
0.000000 -2.540000 0.000000
0.000000 2.540000 0.000000
0.000000 2.540000 0.000000
0.000000 2.540000 0.000000
0.000000 2.540000 0.000000
0.000000 2.540000 0.000000
0.000000 2.540000 0.000000
0.000000 -2.540000 0.000000
0.000000 -2.540000 0.000000
0.000000 -2.540000 0.000000
0.000000 2.540000 0.000000
0.000000 2.540000 0.000000
0.000000 2.540000 0.000000
0.000000 -2.540000 0.000000
0.000000 -2.540000 0.000000
0.000000 -2.540000 0.000000
2.386819 0.000000 0.868731
1.270000 0.000000 2.199704
2.386819 0.000000 0.868731
0.000000 2.540000 0.000000
0.000000 2.540000 0.000000
0.000000 2.540000 0.000000
0.000000 2.540000 0.000000
0.000000 2.540000 0.000000
0.000000 2.540000 0.000000
0.000000 -2.540000 0.000000
0.000000 -2.540000 0.000000
0.000000 -2.540000 0.000000
0.000000 2.540000 0.000000
0.000000 2.540000 0.000000
0.000000 2.540000 0.000000
0.000000 -2.540000 0.000000
0.000000 -2.540000 0.000000
0.000000 -2.540000 0.000000
0.000000 2.540000 0.000000
0.000000 2.540000 0.000000
0.000000 2.540000 0.000000
0.000000 -2.540000 0.000000
0.000000 -2.540000 0.000000
0.000000 -2.540000 0.000000
2.540000 0.000000 -0.000000
2.540000 0.000000 -0.000000
2.540000 0.000000 -0.000000
-2.540000 -0.000000 0.000000
-2.540000 -0.000000 0.000000
-2.540000 -0.000000 0.000000
0.000000 2.540000 0.000000
0.000000 2.540000 0.000000
0.000000 2.540000 0.000000
0.000000 -2.540000 0.000000
0.000000 -2.540000 0.000000
0.000000 -2.540000 0.000000
0.000000 -2.540000 0.000000
0.000000 -2.540000 0.000000
0.000000 -2.540000 0.000000
0.000000 -2.540000 0.000000
0.000000 -2.540000 0.000000
0.000000 -2.540000 0.000000
0.000000 2.540000 0.000000
0.000000 2.540000 0.000000
0.000000 2.540000 0.000000
0.000000 2.540000 0.000000
0.000000 2.540000 0.000000
0.000000 2.540000 0.000000
0.000000 -2.540000 0.000000
0.000000 -2.540000 0.000000
0.000000 -2.540000 0.000000
0.000000 2.540000 0.000000
0.000000 2.540000 0.000000
0.000000 2.540000 0.000000
0.000000 -2.540000 0.000000
0.000000 -2.540000 0.000000
0.000000 -2.540000 0.000000
0.000000 2.540000 0.000000
0.000000 2.540000 0.000000
0.000000 2.540000 0.000000
0.000000 -2.540000 0.000000
0.000000 -2.540000 0.000000
0.000000 -2.540000 0.000000
0.000000 2.540000 0.000000
0.000000 2.540000 0.000000
0.000000 2.540000 0.000000
0.000000 -2.540000 0.000000
0.000000 -2.540000 0.000000
0.000000 -2.540000 0.000000
0.000000 2.540000 0.000000
0.000000 2.540000 0.000000
0.000000 2.540000 0.000000
-1.270000 0.000000 2.199704
-1.270000 0.000000 2.199704
0.441066 0.000000 2.501412
-1.270000 0.000000 -2.199704
-1.270000 0.000000 -2.199704
0.441066 0.000000 -2.501412
0.000000 -2.540000 0.000000
0.000000 -2.540000 0.000000
0.000000 -2.540000 0.000000
-0.441066 0.000000 -2.501412
1.270000 0.000000 -2.199704
-0.441066 0.000000 -2.501412
0.000000 -2.540000 0.000000
0.000000 -2.540000 0.000000
0.000000 -2.540000 0.000000
0.000000 2.540000 0.000000
0.000000 2.540000 0.000000
0.000000 2.540000 0.000000
0.000000 -2.540000 0.000000
0.000000 -2.540000 0.000000
0.000000 -2.540000 0.000000
0.000000 2.540000 0.000000
0.000000 2.540000 0.000000
0.000000 2.540000 0.000000
0.000000 2.540000 0.000000
0.000000 2.540000 0.000000
0.000000 2.540000 0.000000
0.000000 -2.540000 0.000000
0.000000 -2.540000 0.000000
0.000000 -2.540000 0.000000
0.000000 2.540000 0.000000
0.000000 2.540000 0.000000
0.000000 2.540000 0.000000
0.000000 -2.540000 0.000000
0.000000 -2.540000 0.000000
0.000000 -2.540000 0.000000
0.000000 -2.540000 0.000000
0.000000 -2.540000 0.000000
0.000000 -2.540000 0.000000
0.000000 2.540000 0.000000
0.000000 2.540000 0.000000
0.000000 2.540000 0.000000
0.000000 -2.540000 0.000000
0.000000 -2.540000 0.000000
0.000000 -2.540000 0.000000
0.000000 2.540000 0.000000
0.000000 2.540000 0.000000
0.000000 2.540000 0.000000
0.000000 2.540000 0.000000
0.000000 2.540000 0.000000
0.000000 2.540000 0.000000
0.000000 -2.540000 0.000000
0.000000 -2.540000 0.000000
0.000000 -2.540000 0.000000
-1.270000 0.000000 2.199704
0.441066 0.000000 2.501412
-1.270000 0.000000 2.199704
1.945753 0.000000 -1.632681
1.945753 0.000000 -1.632681
0.441066 0.000000 -2.501412
0.000000 2.540000 0.000000
0.000000 2.540000 0.000000
0.000000 2.540000 0.000000
0.000000 -2.540000 0.000000
0.000000 -2.540000 0.000000
0.000000 -2.540000 0.000000
0.000000 2.540000 0.000000
0.000000 2.540000 0.000000
0.000000 2.540000 0.000000
0.000000 -2.540000 0.000000
0.000000 -2.540000 0.000000
0.000000 -2.540000 0.000000
0.000000 2.540000 0.000000
0.000000 2.540000 0.000000
0.000000 2.540000 0.000000
0.000000 -2.540000 0.000000
0.000000 -2.540000 0.000000
0.000000 -2.540000 0.000000
0.000000 2.540000 0.000000
0.000000 2.540000 0.000000
0.000000 2.540000 0.000000
0.000000 -2.540000 0.000000
0.000000 -2.540000 0.000000
0.000000 -2.540000 0.000000
0.000000 2.540000 0.000000
0.000000 2.540000 0.000000
0.000000 2.540000 0.000000
0.000000 -2.540000 0.000000
0.000000 -2.540000 0.000000
0.000000 -2.540000 0.000000
-2.540000 -0.000000 0.000000
-2.540000 -0.000000 0.000000
-2.540000 -0.000000 0.000000
2.540000 0.000000 -0.000000
2.540000 0.000000 -0.000000
2.540000 0.000000 -0.000000
-2.437112 0.000000 0.715601
-2.437112 0.000000 0.715601
-1.663346 0.000000 1.919604
0.000000 2.540000 0.000000
0.000000 2.540000 0.000000
0.000000 2.540000 0.000000
0.000000 -2.540000 0.000000
0.000000 -2.540000 0.000000
0.000000 -2.540000 0.000000
0.000000 2.540000 0.000000
0.000000 2.540000 0.000000
0.000000 2.540000 0.000000
0.000000 2.540000 0.000000
0.000000 2.540000 0.000000
0.000000 2.540000 0.000000
0.000000 -2.540000 0.000000
0.000000 -2.540000 0.000000
0.000000 -2.540000 0.000000
-2.033361 0.000000 -1.522184
-2.475346 0.000000 -0.569438
-2.475346 0.000000 -0.569438
-2.494105 0.000000 0.480668
-2.475346 0.000000 -0.569438
-2.475346 0.000000 -0.569438
0.000000 2.540000 0.000000
0.000000 2.540000 0.000000
0.000000 2.540000 0.000000
0.000000 2.540000 0.000000
0.000000 2.540000 0.000000
0.000000 2.540000 0.000000
2.540000 0.000000 -0.000000
2.540000 0.000000 -0.000000
2.540000 0.000000 -0.000000
-2.540000 -0.000000 0.000000
-2.540000 -0.000000 0.000000
-2.540000 -0.000000 0.000000
1.945753 0.000000 -1.632681
0.441066 0.000000 -2.501412
0.441066 0.000000 -2.501412
-2.386819 0.000000 0.868731
-2.386819 0.000000 0.868731
-1.270000 0.000000 2.199704
2.540000 0.000000 -0.000000
2.540000 0.000000 -0.000000
2.540000 0.000000 -0.000000
-2.540000 -0.000000 0.000000
-2.540000 -0.000000 0.000000
-2.540000 -0.000000 0.000000
0.441066 0.000000 2.501412
1.945753 0.000000 1.632681
0.441066 0.000000 2.501412
0.441066 0.000000 -2.501412
1.945753 0.000000 -1.632681
0.441066 0.000000 -2.501412
0.000000 -2.540000 0.000000
0.000000 -2.540000 0.000000
0.000000 -2.540000 0.000000
0.000000 2.540000 0.000000
0.000000 2.540000 0.000000
0.000000 2.540000 0.000000
-2.540000 -0.000000 0.000000
-2.540000 -0.000000 0.000000
-2.540000 -0.000000 0.000000
2.540000 0.000000 -0.000000
2.540000 0.000000 -0.000000
2.540000 0.000000 -0.000000
0.000000 -2.540000 0.000000
0.000000 -2.540000 0.000000
0.000000 -2.540000 0.000000
0.000000 2.540000 0.000000
0.000000 2.540000 0.000000
0.000000 2.540000 0.000000
0.000000 -2.540000 0.000000
0.000000 -2.540000 0.000000
0.000000 -2.540000 0.000000
0.000000 2.540000 0.000000
0.000000 2.540000 0.000000
0.000000 2.540000 0.000000
0.000000 2.540000 0.000000
0.000000 2.540000 0.000000
0.000000 2.540000 0.000000
0.000000 2.540000 0.000000
0.000000 2.540000 0.000000
0.000000 2.540000 0.000000
0.000000 -2.540000 0.000000
0.000000 -2.540000 0.000000
0.000000 -2.540000 0.000000
0.000000 -2.540000 0.000000
0.000000 -2.540000 0.000000
0.000000 -2.540000 0.000000
-2.033361 0.000000 1.522184
-2.475346 0.000000 0.569438
-2.475346 0.000000 0.569438
-2.494105 0.000000 -0.480668
-2.475346 0.000000 0.569438
-2.475346 0.000000 0.569438
0.441066 0.000000 2.501412
1.945753 0.000000 1.632681
1.945753 0.000000 1.632681
0.441066 0.000000 -2.501412
1.945753 0.000000 -1.632681
1.945753 0.000000 -1.632681
0.000000 2.540000 0.000000
0.000000 2.540000 0.000000
0.000000 2.540000 0.000000
0.000000 -2.540000 0.000000
0.000000 -2.540000 0.000000
0.000000 -2.540000 0.000000
0.000000 -2.540000 0.000000
0.000000 -2.540000 0.000000
0.000000 -2.540000 0.000000
-2.540000 0.000000 0.000000
-2.540000 0.000000 0.000000
-2.540000 0.000000 0.000000
2.540000 0.000000 -0.000000
2.540000 0.000000 -0.000000
2.540000 0.000000 -0.000000
-2.540000 -0.000000 0.000000
-2.540000 -0.000000 0.000000
-2.540000 -0.000000 0.000000
-2.540000 -0.000000 0.000000
-2.540000 -0.000000 0.000000
-2.540000 -0.000000 0.000000
2.540000 0.000000 -0.000000
2.540000 0.000000 -0.000000
2.540000 0.000000 -0.000000
-2.494105 0.000000 -0.480668
-2.475346 0.000000 0.569438
-2.475346 0.000000 0.569438
-2.475346 0.000000 0.569438
-2.475346 0.000000 0.569438
-2.033361 0.000000 1.522184
-2.540000 -0.000000 0.000000
-2.540000 -0.000000 0.000000
-2.540000 -0.000000 0.000000
2.540000 0.000000 -0.000000
2.540000 0.000000 -0.000000
2.540000 0.000000 -0.000000
-2.540000 -0.000000 0.000000
-2.540000 -0.000000 0.000000
-2.540000 -0.000000 0.000000
2.540000 0.000000 -0.000000
2.540000 0.000000 -0.000000
2.540000 0.000000 -0.000000
0.000000 2.540000 0.000000
0.000000 2.540000 0.000000
0.000000 2.540000 0.000000
1.270000 0.000000 2.199704
1.270000 0.000000 2.199704
2.386819 0.000000 0.868731
0.000000 2.540000 0.000000
0.000000 2.540000 0.000000
0.000000 2.540000 0.000000
0.000000 -2.540000 0.000000
0.000000 -2.540000 0.000000
0.000000 -2.540000 0.000000
0.000000 -2.540000 0.000000
0.000000 -2.540000 0.000000
0.000000 -2.540000 0.000000
-1.663346 0.000000 1.919604
-1.663346 0.000000 1.919604
-0.361480 0.000000 2.514147
-2.540000 0.000000 -0.000000
-2.540000 0.000000 -0.000000
-1.945753 0.000000 -1.632681
-0.441066 0.000000 2.501412
1.270000 0.000000 2.199704
-0.441066 0.000000 2.501412
0.000000 2.540000 0.000000
0.000000 2.540000 0.000000
0.000000 2.540000 0.000000
0.000000 -2.540000 0.000000
0.000000 -2.540000 0.000000
0.000000 -2.540000 0.000000
0.000000 2.540000 0.000000
0.000000 2.540000 0.000000
0.000000 2.540000 0.000000
0.000000 -2.540000 0.000000
0.000000 -2.540000 0.000000
0.000000 -2.540000 0.000000
0.000000 -2.540000 0.000000
0.000000 -2.540000 0.000000
0.000000 -2.540000 0.000000
0.000000 2.540000 0.000000
0.000000 2.540000 0.000000
0.000000 2.540000 0.000000
0.000000 -2.540000 0.000000
0.000000 -2.540000 0.000000
0.000000 -2.540000 0.000000
0.000000 2.540000 0.000000
0.000000 2.540000 0.000000
0.000000 2.540000 0.000000
0.000000 2.540000 0.000000
0.000000 2.540000 0.000000
0.000000 2.540000 0.000000
0.000000 -2.540000 0.000000
0.000000 -2.540000 0.000000
0.000000 -2.540000 0.000000
0.000000 -2.540000 0.000000
0.000000 -2.540000 0.000000
0.000000 -2.540000 0.000000
0.000000 2.540000 0.000000
0.000000 2.540000 0.000000
0.000000 2.540000 0.000000
-2.199704 0.000000 -1.270000
-2.199704 0.000000 -1.270000
-1.270000 0.000000 -2.199704
-2.540000 0.000000 0.000000
-2.540000 0.000000 0.000000
-2.540000 0.000000 0.000000
0.000000 2.540000 0.000000
0.000000 2.540000 0.000000
0.000000 2.540000 0.000000
0.000000 -2.540000 0.000000
0.000000 -2.540000 0.000000
0.000000 -2.540000 0.000000
0.000000 2.540000 0.000000
0.000000 2.540000 0.000000
0.000000 2.540000 0.000000
0.441066 0.000000 -2.501412
1.945753 0.000000 -1.632681
1.945753 0.000000 -1.632681
0.000000 -2.540000 0.000000
0.000000 -2.540000 0.000000
0.000000 -2.540000 0.000000
0.000000 2.540000 0.000000
0.000000 2.540000 0.000000
0.000000 2.540000 0.000000
0.000000 2.540000 0.000000
0.000000 2.540000 0.000000
0.000000 2.540000 0.000000
-0.361480 0.000000 2.514147
-1.663346 0.000000 1.919604
-1.663346 0.000000 1.919604
0.000000 2.540000 0.000000
0.000000 2.540000 0.000000
0.000000 2.540000 0.000000
0.000000 -2.540000 0.000000
0.000000 -2.540000 0.000000
0.000000 -2.540000 0.000000
0.000000 2.540000 0.000000
0.000000 2.540000 0.000000
0.000000 2.540000 0.000000
0.000000 -2.540000 0.000000
0.000000 -2.540000 0.000000
0.000000 -2.540000 0.000000
2.386819 0.000000 -0.868731
1.270000 0.000000 -2.199704
2.386819 0.000000 -0.868731
1.270000 0.000000 2.199704
-0.441066 0.000000 2.501412
1.270000 0.000000 2.199704
-2.540000 0.000000 -0.000000
-2.540000 0.000000 -0.000000
-1.945753 0.000000 -1.632681
0.000000 -2.540000 0.000000
0.000000 -2.540000 0.000000
0.000000 -2.540000 0.000000
0.000000 -2.540000 0.000000
0.000000 -2.540000 0.000000
0.000000 -2.540000 0.000000
0.000000 2.540000 0.000000
0.000000 2.540000 0.000000
0.000000 2.540000 0.000000
-1.270000 0.000000 -2.199704
-2.386819 0.000000 -0.868731
-1.270000 0.000000 -2.199704
0.000000 -2.540000 0.000000
0.000000 -2.540000 0.000000
0.000000 -2.540000 0.000000
0.000000 -2.540000 0.000000
0.000000 -2.540000 0.000000
0.000000 -2.540000 0.000000
-2.494105 0.000000 -0.480668
-2.086429 0.000000 -1.448591
-2.086429 0.000000 -1.448591
0.000000 2.540000 0.000000
0.000000 2.540000 0.000000
0.000000 2.540000 0.000000
0.000000 -2.540000 0.000000
0.000000 -2.540000 0.000000
0.000000 -2.540000 0.000000
0.000000 -2.540000 0.000000
0.000000 -2.540000 0.000000
0.000000 -2.540000 0.000000
0.000000 2.540000 0.000000
0.000000 2.540000 0.000000
0.000000 2.540000 0.000000
0.000000 2.540000 0.000000
0.000000 2.540000 0.000000
0.000000 2.540000 0.000000
2.386819 0.000000 0.868731
1.270000 0.000000 2.199704
2.386819 0.000000 0.868731
2.386819 0.000000 -0.868731
1.270000 0.000000 -2.199704
2.386819 0.000000 -0.868731
-0.441066 0.000000 2.501412
1.270000 0.000000 2.199704
1.270000 0.000000 2.199704
0.000000 -2.540000 0.000000
0.000000 -2.540000 0.000000
0.000000 -2.540000 0.000000
1.945753 0.000000 1.632681
1.945753 0.000000 1.632681
0.441066 0.000000 2.501412
-2.437112 0.000000 -0.715601
-1.663346 0.000000 -1.919604
-1.663346 0.000000 -1.919604
0.000000 -2.540000 0.000000
0.000000 -2.540000 0.000000
0.000000 -2.540000 0.000000
0.000000 -2.540000 0.000000
0.000000 -2.540000 0.000000
0.000000 -2.540000 0.000000
2.386819 0.000000 -0.868731
2.386819 0.000000 -0.868731
1.270000 0.000000 -2.199704
2.540000 0.000000 -0.000000
2.540000 0.000000 -0.000000
2.540000 0.000000 -0.000000
2.540000 0.000000 -0.000000
2.540000 0.000000 -0.000000
2.540000 0.000000 -0.000000
-1.663346 0.000000 -1.919604
-1.663346 0.000000 -1.919604
-2.437112 0.000000 -0.715601
0.000000 -2.540000 0.000000
0.000000 -2.540000 0.000000
0.000000 -2.540000 0.000000
2.540000 0.000000 -0.000000
2.540000 0.000000 -0.000000
2.540000 0.000000 -0.000000
0.000000 -2.540000 0.000000
0.000000 -2.540000 0.000000
0.000000 -2.540000 0.000000
0.000000 2.540000 0.000000
0.000000 2.540000 0.000000
0.000000 2.540000 0.000000
-2.199704 0.000000 -1.270000
-2.199704 0.000000 -1.270000
-1.270000 0.000000 -2.199704
-2.540000 0.000000 0.000000
-2.540000 0.000000 0.000000
-2.540000 0.000000 0.000000
-2.386819 0.000000 0.868731
-2.386819 0.000000 0.868731
-2.386819 0.000000 -0.868731
-2.386819 0.000000 0.868731
-2.386819 0.000000 0.868731
-1.270000 0.000000 2.199704
0.000000 -2.540000 0.000000
0.000000 -2.540000 0.000000
0.000000 -2.540000 0.000000
2.386819 0.000000 -0.868731
1.270000 0.000000 -2.199704
2.386819 0.000000 -0.868731
0.000000 2.540000 0.000000
0.000000 2.540000 0.000000
0.000000 2.540000 0.000000
-1.270000 0.000000 2.199704
-1.270000 0.000000 2.199704
-2.386819 0.000000 0.868731
0.000000 0.000000 -2.540000
-0.000000 0.000000 -2.540000
-0.000000 0.000000 -2.540000
-2.199704 0.000000 -1.270000
-1.270000 0.000000 -2.199704
-2.199704 0.000000 -1.270000
-2.199704 0.000000 1.270000
-2.453452 0.000000 0.657400
-2.199704 0.000000 1.270000
-1.796051 0.000000 1.796051
-1.796051 0.000000 1.796051
-1.796051 0.000000 1.796051
0.000000 -2.540000 0.000000
0.000000 -2.540000 0.000000
0.000000 -2.540000 0.000000
0.000000 -2.540000 0.000000
0.000000 -2.540000 0.000000
0.000000 -2.540000 0.000000
-2.453452 0.000000 -0.657400
-2.453452 0.000000 -0.657400
-2.199704 0.000000 -1.270000
-2.540000 0.000000 0.000000
-2.540000 0.000000 0.000000
-2.540000 0.000000 0.000000
-1.796051 0.000000 1.796051
-1.796051 0.000000 1.796051
-1.796051 0.000000 1.796051
-2.540000 0.000000 0.000000
-2.540000 0.000000 0.000000
-2.540000 0.000000 0.000000
0.000000 -2.540000 0.000000
0.000000 -2.540000 0.000000
0.000000 -2.540000 0.000000
2.386819 0.000000 -0.868731
2.386819 0.000000 -0.868731
1.270000 0.000000 -2.199704
-2.540000 0.000000 0.000000
-2.540000 0.000000 0.000000
-2.540000 0.000000 0.000000
-2.453452 0.000000 0.657400
-2.199704 0.000000 1.270000
-2.453452 0.000000 0.657400
0.441066 0.000000 -2.501412
-1.270000 0.000000 -2.199704
-1.270000 0.000000 -2.199704
0.441066 0.000000 2.501412
-1.270000 0.000000 2.199704
-1.270000 0.000000 2.199704
-2.540000 0.000000 -0.000000
-1.945753 0.000000 -1.632681
-1.945753 0.000000 -1.632681
1.270000 0.000000 -2.199704
1.270000 0.000000 -2.199704
2.386819 0.000000 -0.868731
1.708563 0.000000 -1.879471
1.708563 0.000000 -1.879471
2.322859 0.000000 -1.027582
0.802142 0.000000 -2.410014
1.708563 0.000000 -1.879471
1.708563 0.000000 -1.879471
-1.270000 0.000000 -2.199704
-1.270000 0.000000 -2.199704
0.441066 0.000000 -2.501412
-1.270000 0.000000 2.199704
0.441066 0.000000 2.501412
-1.270000 0.000000 2.199704
-2.540000 0.000000 -0.000000
-2.540000 0.000000 -0.000000
-1.945753 0.000000 -1.632681
1.270000 0.000000 2.199704
-0.441066 0.000000 2.501412
-0.441066 0.000000 2.501412
-2.199704 0.000000 1.270000
-1.796051 0.000000 1.796051
-2.199704 0.000000 1.270000
-1.796051 0.000000 1.796051
-1.796051 0.000000 1.796051
-1.796051 0.000000 1.796051
-1.945753 0.000000 1.632681
-2.540000 0.000000 0.000000
-1.945753 0.000000 1.632681
-1.945753 0.000000 -1.632681
-1.945753 0.000000 -1.632681
-2.540000 0.000000 0.000000
-1.945753 0.000000 -1.632681
-1.945753 0.000000 -1.632681
-2.540000 0.000000 0.000000
-1.945753 0.000000 1.632681
-2.540000 0.000000 0.000000
-1.945753 0.000000 1.632681
0.000000 2.540000 0.000000
0.000000 2.540000 0.000000
0.000000 2.540000 0.000000
-1.270000 0.000000 2.199704
-1.270000 0.000000 2.199704
-2.386819 0.000000 0.868731
2.386819 0.000000 0.868731
1.270000 0.000000 2.199704
2.386819 0.000000 0.868731
2.386819 0.000000 -0.868731
1.270000 0.000000 -2.199704
2.386819 0.000000 -0.868731
0.441066 0.000000 2.501412
1.945753 0.000000 1.632681
0.441066 0.000000 2.501412
0.000000 -2.540000 0.000000
0.000000 -2.540000 0.000000
0.000000 -2.540000 0.000000
0.000000 0.000000 2.540000
0.000000 0.000000 2.540000
0.000000 0.000000 2.540000
2.540000 0.000000 0.000000
2.540000 0.000000 -0.000000
2.540000 0.000000 -0.000000
1.270000 0.000000 2.199704
1.270000 0.000000 2.199704
2.386819 0.000000 0.868731
0.000000 2.540000 0.000000
0.000000 2.540000 0.000000
0.000000 2.540000 0.000000
2.540000 0.000000 -0.000000
2.540000 0.000000 0.000000
2.540000 0.000000 -0.000000
0.000000 0.000000 2.540000
0.000000 0.000000 2.540000
0.000000 0.000000 2.540000
2.386819 0.000000 0.868731
1.270000 0.000000 2.199704
2.386819 0.000000 0.868731
2.386819 0.000000 -0.868731
1.270000 0.000000 -2.199704
2.386819 0.000000 -0.868731
-2.453452 0.000000 -0.657400
-2.199704 0.000000 -1.270000
-2.453452 0.000000 -0.657400
-2.540000 0.000000 0.000000
-2.540000 0.000000 0.000000
-2.540000 0.000000 0.000000
-1.945753 0.000000 1.632681
-2.540000 0.000000 0.000000
-1.945753 0.000000 1.632681
-1.945753 0.000000 -1.632681
-1.945753 0.000000 -1.632681
-2.540000 0.000000 0.000000
0.000000 2.540000 0.000000
0.000000 2.540000 0.000000
0.000000 2.540000 0.000000
-2.488204 0.000000 0.510332
-2.334930 0.000000 0.999850
-2.488204 0.000000 0.510332
2.386819 0.000000 -0.868731
2.386819 0.000000 0.868731
2.386819 0.000000 -0.868731
0.000000 2.540000 0.000000
0.000000 2.540000 0.000000
0.000000 2.540000 0.000000
-1.796051 0.000000 1.796051
-1.796051 0.000000 1.796051
-1.796051 0.000000 1.796051
-2.540000 0.000000 0.000000
-2.540000 0.000000 0.000000
-2.540000 0.000000 0.000000
0.000000 -2.540000 0.000000
0.000000 -2.540000 0.000000
0.000000 -2.540000 0.000000
0.000000 -2.540000 0.000000
0.000000 -2.540000 0.000000
0.000000 -2.540000 0.000000
0.000000 -2.540000 0.000000
0.000000 -2.540000 0.000000
0.000000 -2.540000 0.000000
-1.270000 0.000000 -2.199704
-2.386819 0.000000 -0.868731
-1.270000 0.000000 -2.199704
-2.540000 0.000000 -0.000000
-1.945753 0.000000 -1.632681
-1.945753 0.000000 -1.632681
1.270000 0.000000 -2.199704
1.270000 0.000000 -2.199704
2.386819 0.000000 -0.868731
0.000000 0.000000 -2.540000
0.000000 0.000000 -2.540000
0.000000 0.000000 -2.540000
-1.270000 0.000000 -2.199704
-1.270000 0.000000 -2.199704
-2.199704 0.000000 -1.270000
-1.663346 0.000000 -1.919604
-1.663346 0.000000 -1.919604
-0.361480 0.000000 -2.514147
0.000000 2.540000 0.000000
0.000000 2.540000 0.000000
0.000000 2.540000 0.000000
-2.453452 0.000000 0.657400
-2.453452 0.000000 0.657400
-2.199704 0.000000 1.270000
-2.540000 0.000000 0.000000
-2.540000 0.000000 0.000000
-2.540000 0.000000 0.000000
-2.199704 0.000000 -1.270000
-2.453452 0.000000 -0.657400
-2.199704 0.000000 -1.270000
-1.796051 0.000000 -1.796051
-1.796051 0.000000 -1.796051
-1.796051 0.000000 -1.796051
-1.796051 0.000000 -1.796051
-1.796051 0.000000 -1.796051
-1.796051 0.000000 -1.796051
-2.199704 0.000000 -1.270000
-2.199704 0.000000 -1.270000
-2.453452 0.000000 -0.657400
0.000000 -2.540000 0.000000
0.000000 -2.540000 0.000000
0.000000 -2.540000 0.000000
-2.437112 0.000000 -0.715601
-2.437112 0.000000 0.715601
-2.437112 0.000000 0.715601
-1.270000 0.000000 -2.199704
-1.270000 0.000000 -2.199704
0.441066 0.000000 -2.501412
0.000000 2.540000 0.000000
0.000000 2.540000 0.000000
0.000000 2.540000 0.000000
0.441066 0.000000 2.501412
0.441066 0.000000 2.501412
-1.270000 0.000000 2.199704
0.000000 2.540000 0.000000
0.000000 2.540000 0.000000
0.000000 2.540000 0.000000
0.000000 -2.540000 0.000000
0.000000 -2.540000 0.000000
0.000000 -2.540000 0.000000
-0.441066 0.000000 2.501412
1.270000 0.000000 2.199704
1.270000 0.000000 2.199704
-2.540000 0.000000 0.000000
-2.540000 0.000000 0.000000
-2.540000 0.000000 0.000000
-2.334930 0.000000 0.999850
-2.488204 0.000000 0.510332
-2.334930 0.000000 0.999850
0.000000 2.540000 0.000000
0.000000 2.540000 0.000000
0.000000 2.540000 0.000000
-2.386819 0.000000 0.868731
-2.386819 0.000000 0.868731
-2.386819 0.000000 -0.868731
0.000000 -2.540000 0.000000
0.000000 -2.540000 0.000000
0.000000 -2.540000 0.000000
0.000000 -2.540000 0.000000
0.000000 -2.540000 0.000000
0.000000 -2.540000 0.000000
1.270000 0.000000 -2.199704
2.386819 0.000000 -0.868731
1.270000 0.000000 -2.199704
0.000000 -2.540000 0.000000
0.000000 -2.540000 0.000000
0.000000 -2.540000 0.000000
0.000000 2.540000 0.000000
0.000000 2.540000 0.000000
0.000000 2.540000 0.000000
-1.663346 0.000000 1.919604
-1.663346 0.000000 1.919604
-2.437112 0.000000 0.715601
0.000000 2.540000 0.000000
0.000000 2.540000 0.000000
0.000000 2.540000 0.000000
-1.663346 0.000000 -1.919604
-1.663346 0.000000 -1.919604
-0.361480 0.000000 -2.514147
-1.945753 0.000000 -1.632681
-1.945753 0.000000 -1.632681
-2.540000 0.000000 0.000000
1.270000 0.000000 2.199704
-0.441066 0.000000 2.501412
-0.441066 0.000000 2.501412
-1.270000 0.000000 -2.199704
-1.270000 0.000000 -2.199704
0.000000 0.000000 -2.540000
0.000000 0.000000 -2.540000
0.000000 0.000000 -2.540000
0.000000 0.000000 -2.540000
1.945753 0.000000 1.632681
1.945753 0.000000 1.632681
0.441066 0.000000 2.501412
0.000000 2.540000 0.000000
0.000000 2.540000 0.000000
0.000000 2.540000 0.000000
-2.540000 0.000000 0.000000
-2.488204 0.000000 -0.510332
-2.488204 0.000000 -0.510332
0.000000 2.540000 0.000000
0.000000 2.540000 0.000000
0.000000 2.540000 0.000000
-2.540000 0.000000 -0.000000
-2.540000 0.000000 -0.000000
-1.945753 0.000000 -1.632681
-0.441066 0.000000 2.501412
1.270000 0.000000 2.199704
-0.441066 0.000000 2.501412
-0.441066 0.000000 -2.501412
-0.441066 0.000000 -2.501412
1.270000 0.000000 -2.199704
-2.540000 0.000000 -0.000000
-1.945753 0.000000 -1.632681
-1.945753 0.000000 -1.632681
1.270000 0.000000 2.199704
-0.441066 0.000000 2.501412
-0.441066 0.000000 2.501412
1.270000 0.000000 2.199704
1.270000 0.000000 2.199704
-0.441066 0.000000 2.501412
-2.540000 0.000000 -0.000000
-1.945753 0.000000 -1.632681
-1.945753 0.000000 -1.632681
1.270000 0.000000 -2.199704
1.270000 0.000000 -2.199704
2.386819 0.000000 -0.868731
0.000000 -2.540000 0.000000
0.000000 -2.540000 0.000000
0.000000 -2.540000 0.000000
-2.437112 0.000000 0.715601
-1.663346 0.000000 1.919604
-1.663346 0.000000 1.919604
0.441066 0.000000 2.501412
0.441066 0.000000 2.501412
-1.270000 0.000000 2.199704
0.441066 0.000000 -2.501412
-1.270000 0.000000 -2.199704
0.441066 0.000000 -2.501412
0.441066 0.000000 2.501412
-1.270000 0.000000 2.199704
0.441066 0.000000 2.501412
0.441066 0.000000 -2.501412
-1.270000 0.000000 -2.199704
0.441066 0.000000 -2.501412
0.000000 0.000000 -2.540000
-0.000000 0.000000 -2.540000
0.000000 0.000000 -2.540000
-1.270000 0.000000 -2.199704
0.000000 0.000000 -2.540000
-1.270000 0.000000 -2.199704
-0.441066 0.000000 -2.501412
1.270000 0.000000 -2.199704
-0.441066 0.000000 -2.501412
1.270000 0.000000 -2.199704
1.270000 0.000000 -2.199704
2.386819 0.000000 -0.868731
-0.441066 0.000000 -2.501412
1.270000 0.000000 -2.199704
-0.441066 0.000000 -2.501412
1.270000 0.000000 -2.199704
2.386819 0.000000 -0.868731
1.270000 0.000000 -2.199704
0.000000 -2.540000 0.000000
0.000000 -2.540000 0.000000
0.000000 -2.540000 0.000000
0.441066 0.000000 -2.501412
-1.270000 0.000000 -2.199704
0.441066 0.000000 -2.501412
0.000000 -2.540000 0.000000
0.000000 -2.540000 0.000000
0.000000 -2.540000 0.000000
-1.270000 0.000000 2.199704
0.441066 0.000000 2.501412
-1.270000 0.000000 2.199704
-2.540000 0.000000 0.000000
-2.540000 0.000000 0.000000
-2.540000 0.000000 0.000000
-2.199704 0.000000 -1.270000
-1.270000 0.000000 -2.199704
-2.199704 0.000000 -1.270000
-1.243717 0.000000 2.214671
-1.243717 0.000000 2.214671
-0.241427 0.000000 2.528500
-2.033361 0.000000 1.522184
-1.243717 0.000000 2.214671
-1.243717 0.000000 2.214671
0.441066 0.000000 2.501412
1.945753 0.000000 1.632681
1.945753 0.000000 1.632681
0.000000 -2.540000 0.000000
0.000000 -2.540000 0.000000
0.000000 -2.540000 0.000000
1.945753 0.000000 -1.632681
1.945753 0.000000 -1.632681
0.441066 0.000000 -2.501412
0.000000 2.540000 0.000000
0.000000 2.540000 0.000000
0.000000 2.540000 0.000000
1.945753 0.000000 1.632681
1.945753 0.000000 1.632681
0.441066 0.000000 2.501412
0.000000 2.540000 0.000000
0.000000 2.540000 0.000000
0.000000 2.540000 0.000000
2.386819 0.000000 0.868731
1.270000 0.000000 2.199704
2.386819 0.000000 0.868731
0.000000 -2.540000 0.000000
0.000000 -2.540000 0.000000
0.000000 -2.540000 0.000000
2.540000 0.000000 -0.000000
2.540000 0.000000 -0.000000
2.540000 0.000000 -0.000000
-2.540000 0.000000 0.000000
-2.540000 0.000000 0.000000
-2.540000 0.000000 0.000000
-2.199704 0.000000 -1.270000
-2.199704 0.000000 -1.270000
-2.540000 0.000000 0.000000
-1.270000 0.000000 -2.199704
-1.270000 0.000000 -2.199704
0.441066 0.000000 -2.501412
0.000000 2.540000 0.000000
0.000000 2.540000 0.000000
0.000000 2.540000 0.000000
0.000000 2.540000 0.000000
0.000000 2.540000 0.000000
0.000000 2.540000 0.000000
0.441066 0.000000 2.501412
-1.270000 0.000000 2.199704
-1.270000 0.000000 2.199704
0.000000 -0.972016 2.346654
0.000000 0.000000 2.540000
0.000000 0.000000 2.540000
0.000000 0.000000 2.540000
0.000000 0.000000 2.540000
0.000000 0.000000 2.540000
-1.243717 0.000000 2.214671
-1.243717 0.000000 2.214671
-2.033361 0.000000 1.522184
-1.243717 0.000000 2.214671
-1.243717 0.000000 2.214671
-0.241427 0.000000 2.528500
-1.243717 0.000000 -2.214671
-1.243717 0.000000 -2.214671
-2.033361 0.000000 -1.522184
-0.241427 0.000000 -2.528500
-1.243717 0.000000 -2.214671
-1.243717 0.000000 -2.214671
-1.243717 0.000000 -2.214671
-1.243717 0.000000 -2.214671
-0.241427 0.000000 -2.528500
-1.243717 0.000000 -2.214671
-1.243717 0.000000 -2.214671
-2.033361 0.000000 -1.522184
0.000000 -2.346654 0.972016
0.000000 -2.540000 0.000000
0.000000 -2.540000 0.000000
0.000000 -2.540000 0.000000
0.000000 -2.540000 0.000000
0.000000 -2.540000 0.000000
0.000000 -2.540000 0.000000
0.000000 -2.540000 0.000000
0.000000 -2.540000 0.000000
0.441066 0.000000 -2.501412
1.945753 0.000000 -1.632681
0.441066 0.000000 -2.501412
1.945753 0.000000 1.632681
0.441066 0.000000 2.501412
0.441066 0.000000 2.501412
0.000000 -2.540000 0.000000
0.000000 -2.540000 0.000000
0.000000 -2.540000 0.000000
0.441066 0.000000 2.501412
0.441066 0.000000 2.501412
1.945753 0.000000 1.632681
0.000000 -2.540000 0.000000
0.000000 -2.540000 0.000000
0.000000 -2.540000 0.000000
2.386819 0.000000 -0.868731
2.386819 0.000000 -0.868731
2.386819 0.000000 0.868731
0.000000 2.540000 0.000000
0.000000 2.540000 0.000000
0.000000 2.540000 0.000000
0.802142 0.000000 2.410014
0.802142 0.000000 2.410014
1.708563 0.000000 1.879471
0.802142 0.000000 2.410014
-0.241427 0.000000 2.528500
0.802142 0.000000 2.410014
2.540000 0.000000 -0.000000
2.540000 0.000000 -0.000000
2.540000 0.000000 -0.000000
2.540000 0.000000 -0.000000
2.540000 0.000000 -0.000000
2.540000 0.000000 -0.000000
-2.494105 0.000000 0.480668
-2.086429 0.000000 1.448591
-2.086429 0.000000 1.448591
-2.334930 0.000000 0.999850
-2.086429 0.000000 1.448591
-2.334930 0.000000 0.999850
0.000000 -2.540000 0.000000
0.000000 -2.540000 0.000000
0.000000 -2.540000 0.000000
0.441066 0.000000 -2.501412
-1.270000 0.000000 -2.199704
0.441066 0.000000 -2.501412
-2.437112 0.000000 -0.715601
-2.437112 0.000000 0.715601
-2.437112 0.000000 -0.715601
-1.663346 0.000000 -1.919604
-2.437112 0.000000 -0.715601
-2.437112 0.000000 -0.715601
0.441066 0.000000 2.501412
1.945753 0.000000 1.632681
0.441066 0.000000 2.501412
0.000000 2.540000 0.000000
0.000000 2.540000 0.000000
0.000000 2.540000 0.000000
1.270000 0.000000 2.199704
1.270000 0.000000 2.199704
2.386819 0.000000 0.868731
-0.441066 0.000000 2.501412
-0.441066 0.000000 2.501412
1.270000 0.000000 2.199704
0.441066 0.000000 -2.501412
1.945753 0.000000 -1.632681
1.945753 0.000000 -1.632681
0.000000 2.540000 0.000000
0.000000 2.540000 0.000000
0.000000 2.540000 0.000000
-0.000000 -0.000000 -2.540000
-0.000000 0.000000 -2.540000
-0.000000 -0.000000 -2.540000
-0.000000 0.972016 -2.346654
-0.000000 -0.000000 -2.540000
-0.000000 -0.000000 -2.540000
0.000000 0.972016 2.346654
0.000000 1.796051 1.796051
0.000000 0.972016 2.346654
0.000000 0.000000 2.540000
0.000000 0.972016 2.346654
0.000000 0.972016 2.346654
0.000000 -0.972016 2.346654
0.000000 0.000000 2.540000
0.000000 -0.972016 2.346654
0.000000 -0.972016 2.346654
0.000000 -0.972016 2.346654
0.000000 -1.796051 1.796051
-0.000000 -2.346654 -0.972016
0.000000 -2.540000 0.000000
0.000000 -2.540000 0.000000
0.000000 -2.540000 0.000000
0.000000 -2.540000 0.000000
0.000000 -2.540000 0.000000
-0.000000 -0.972016 -2.346654
-0.000000 0.000000 -2.540000
-0.000000 -0.972016 -2.346654
-0.000000 -1.796051 -1.796051
-0.000000 -0.972016 -2.346654
-0.000000 -0.972016 -2.346654
0.000000 2.540000 0.000000
0.000000 2.540000 0.000000
0.000000 2.540000 0.000000
-0.000000 2.346654 -0.972016
0.000000 2.540000 0.000000
0.000000 2.540000 0.000000
0.000000 2.540000 0.000000
0.000000 2.540000 0.000000
0.000000 2.540000 0.000000
0.000000 2.540000 0.000000
0.000000 2.346654 0.972016
0.000000 2.540000 0.000000
0.000000 -2.540000 0.000000
0.000000 -2.540000 0.000000
0.000000 -2.540000 0.000000
0.441066 0.000000 -2.501412
-1.270000 0.000000 -2.199704
0.441066 0.000000 -2.501412
0.000000 -2.540000 0.000000
0.000000 -2.540000 0.000000
0.000000 -2.540000 0.000000
0.441066 0.000000 2.501412
-1.270000 0.000000 2.199704
0.441066 0.000000 2.501412
0.000000 -1.796051 1.796051
0.000000 -1.796051 1.796051
0.000000 -2.346654 0.972016
0.000000 -0.972016 2.346654
0.000000 -1.796051 1.796051
0.000000 -1.796051 1.796051
-0.000000 -0.972016 -2.346654
-0.000000 0.000000 -2.540000
-0.000000 0.000000 -2.540000
-0.000000 -0.000000 -2.540000
-0.000000 0.000000 -2.540000
-0.000000 0.000000 -2.540000
-0.000000 0.972016 -2.346654
-0.000000 0.972016 -2.346654
-0.000000 1.796051 -1.796051
-0.000000 0.972016 -2.346654
-0.000000 0.972016 -2.346654
-0.000000 -0.000000 -2.540000
-0.000000 1.796051 -1.796051
-0.000000 1.796051 -1.796051
-0.000000 2.346654 -0.972016
-0.000000 0.972016 -2.346654
-0.000000 1.796051 -1.796051
-0.000000 1.796051 -1.796051
-0.000000 -1.796051 -1.796051
-0.000000 -1.796051 -1.796051
-0.000000 -0.972016 -2.346654
-0.000000 -2.346654 -0.972016
-0.000000 -1.796051 -1.796051
-0.000000 -1.796051 -1.796051
-0.000000 2.346654 -0.972016
-0.000000 2.346654 -0.972016
0.000000 2.540000 0.000000
-0.000000 1.796051 -1.796051
-0.000000 2.346654 -0.972016
-0.000000 2.346654 -0.972016
-0.000000 -2.346654 -0.972016
-0.000000 -2.346654 -0.972016
-0.000000 -1.796051 -1.796051
-0.000000 -2.346654 -0.972016
-0.000000 -2.346654 -0.972016
0.000000 -2.540000 0.000000
-1.243717 0.000000 -2.214671
-2.033361 0.000000 -1.522184
-2.033361 0.000000 -1.522184
-2.033361 0.000000 -1.522184
-2.033361 0.000000 -1.522184
-2.475346 0.000000 -0.569438
0.802142 0.000000 -2.410014
0.802142 0.000000 -2.410014
1.708563 0.000000 -1.879471
0.802142 0.000000 -2.410014
0.802142 0.000000 -2.410014
-0.241427 0.000000 -2.528500
-0.441066 0.000000 2.501412
-0.441066 0.000000 2.501412
1.270000 0.000000 2.199704
1.270000 0.000000 2.199704
-0.441066 0.000000 2.501412
1.270000 0.000000 2.199704
0.000000 2.540000 0.000000
0.000000 2.540000 0.000000
0.000000 2.540000 0.000000
0.441066 0.000000 -2.501412
0.441066 0.000000 -2.501412
1.945753 0.000000 -1.632681
1.945753 0.000000 1.632681
0.441066 0.000000 2.501412
1.945753 0.000000 1.632681
0.000000 2.540000 0.000000
0.000000 2.540000 0.000000
0.000000 2.540000 0.000000
1.055154 0.000000 -2.310465
1.055154 0.000000 -2.310465
2.136784 0.000000 -1.373228
-0.361480 0.000000 -2.514147
1.055154 0.000000 -2.310465
1.055154 0.000000 -2.310465
1.055154 0.000000 2.310465
1.055154 0.000000 2.310465
-0.361480 0.000000 2.514147
2.136784 0.000000 1.373228
1.055154 0.000000 2.310465
1.055154 0.000000 2.310465
1.055154 0.000000 2.310465
1.055154 0.000000 2.310465
-0.361480 0.000000 2.514147
1.055154 0.000000 2.310465
1.055154 0.000000 2.310465
2.136784 0.000000 1.373228
1.055154 0.000000 -2.310465
2.136784 0.000000 -1.373228
1.055154 0.000000 -2.310465
-0.361480 0.000000 -2.514147
1.055154 0.000000 -2.310465
1.055154 0.000000 -2.310465
0.441066 0.000000 -2.501412
0.441066 0.000000 -2.501412
1.945753 0.000000 -1.632681
1.945753 0.000000 1.632681
1.945753 0.000000 1.632681
0.441066 0.000000 2.501412
0.000000 2.540000 0.000000
0.000000 2.540000 0.000000
0.000000 2.540000 0.000000
0.000000 2.540000 0.000000
0.000000 2.540000 0.000000
0.000000 2.540000 0.000000
-2.086429 0.000000 -1.448591
-2.086429 0.000000 -1.448591
-2.494105 0.000000 -0.480668
-2.334930 0.000000 -0.999850
-2.334930 0.000000 -0.999850
-2.086429 0.000000 -1.448591
-2.086429 0.000000 1.448591
-2.086429 0.000000 1.448591
-2.494105 0.000000 0.480668
-2.334930 0.000000 0.999850
-2.334930 0.000000 0.999850
-2.086429 0.000000 1.448591
1.945753 0.000000 -1.632681
0.441066 0.000000 -2.501412
1.945753 0.000000 -1.632681
0.000000 -2.540000 0.000000
0.000000 -2.540000 0.000000
0.000000 -2.540000 0.000000
0.441066 0.000000 2.501412
1.945753 0.000000 1.632681
0.441066 0.000000 2.501412
0.000000 -2.540000 0.000000
0.000000 -2.540000 0.000000
0.000000 -2.540000 0.000000
0.441066 0.000000 -2.501412
0.441066 0.000000 -2.501412
1.945753 0.000000 -1.632681
0.000000 2.540000 0.000000
0.000000 2.540000 0.000000
0.000000 2.540000 0.000000
0.000000 2.540000 0.000000
0.000000 2.540000 0.000000
0.000000 2.540000 0.000000
1.945753 0.000000 1.632681
1.945753 0.000000 1.632681
0.441066 0.000000 2.501412
-2.437112 0.000000 0.715601
-2.437112 0.000000 -0.715601
-2.437112 0.000000 -0.715601
-1.663346 0.000000 -1.919604
-2.437112 0.000000 -0.715601
-2.437112 0.000000 -0.715601
1.055154 0.000000 2.310465
-0.361480 0.000000 2.514147
1.055154 0.000000 2.310465
2.136784 0.000000 1.373228
1.055154 0.000000 2.310465
1.055154 0.000000 2.310465
-1.243717 0.000000 -2.214671
-2.033361 0.000000 -1.522184
-2.033361 0.000000 -1.522184
-2.475346 0.000000 -0.569438
-2.033361 0.000000 -1.522184
-2.033361 0.000000 -1.522184
2.136784 0.000000 -1.373228
2.540000 0.000000 0.000000
2.540000 0.000000 0.000000
2.136784 0.000000 1.373228
2.540000 0.000000 0.000000
2.540000 0.000000 0.000000
-2.437112 0.000000 -0.715601
-2.437112 0.000000 0.715601
-2.437112 0.000000 0.715601
-1.663346 0.000000 1.919604
-2.437112 0.000000 0.715601
-2.437112 0.000000 0.715601
2.540000 0.000000 0.000000
2.540000 0.000000 0.000000
2.136784 0.000000 -1.373228
2.136784 0.000000 1.373228
2.540000 0.000000 0.000000
2.540000 0.000000 0.000000
2.136784 0.000000 -1.373228
2.540000 0.000000 0.000000
2.540000 0.000000 0.000000
2.136784 0.000000 1.373228
2.540000 0.000000 0.000000
2.540000 0.000000 0.000000
1.708563 0.000000 1.879471
0.802142 0.000000 2.410014
0.802142 0.000000 2.410014
-0.241427 0.000000 2.528500
0.802142 0.000000 2.410014
0.802142 0.000000 2.410014
-0.361480 0.000000 2.514147
1.055154 0.000000 2.310465
1.055154 0.000000 2.310465
1.055154 0.000000 2.310465
2.136784 0.000000 1.373228
1.055154 0.000000 2.310465
1.055154 0.000000 -2.310465
-0.361480 0.000000 -2.514147
1.055154 0.000000 -2.310465
2.136784 0.000000 -1.373228
1.055154 0.000000 -2.310465
1.055154 0.000000 -2.310465
2.136784 0.000000 -1.373228
2.540000 0.000000 0.000000
2.540000 0.000000 0.000000
2.136784 0.000000 1.373228
2.540000 0.000000 0.000000
2.540000 0.000000 0.000000
2.136784 0.000000 -1.373228
1.055154 0.000000 -2.310465
1.055154 0.000000 -2.310465
-0.361480 0.000000 -2.514147
1.055154 0.000000 -2.310465
1.055154 0.000000 -2.310465
1.708563 0.000000 -1.879471
0.802142 0.000000 -2.410014
0.802142 0.000000 -2.410014
-0.241427 0.000000 -2.528500
0.802142 0.000000 -2.410014
0.802142 0.000000 -2.410014
0.000000 2.346654 0.972016
0.000000 2.346654 0.972016
0.000000 1.796051 1.796051
0.000000 2.540000 0.000000
0.000000 2.346654 0.972016
0.000000 2.346654 0.972016
0.000000 -2.346654 0.972016
0.000000 -2.540000 0.000000
0.000000 -2.346654 0.972016
0.000000 -1.796051 1.796051
0.000000 -2.346654 0.972016
0.000000 -2.346654 0.972016
0.000000 0.000000 2.540000
0.000000 0.000000 2.540000
0.000000 0.000000 2.540000
0.000000 0.000000 2.540000
0.000000 0.000000 2.540000
0.000000 0.972016 2.346654
0.000000 0.972016 2.346654
0.000000 1.796051 1.796051
0.000000 1.796051 1.796051
0.000000 2.346654 0.972016
0.000000 1.796051 1.796051
0.000000 1.796051 1.796051
1.708563 0.000000 1.879471
0.802142 0.000000 2.410014
1.708563 0.000000 1.879471
1.708563 0.000000 1.879471
2.322859 0.000000 1.027582
1.708563 0.000000 1.879471
-0.241427 0.000000 2.528500
-0.241427 0.000000 2.528500
0.802142 0.000000 2.410014
-1.243717 0.000000 2.214671
-0.241427 0.000000 2.528500
-0.241427 0.000000 2.528500
1.708563 0.000000 1.879471
1.708563 0.000000 1.879471
2.322859 0.000000 1.027582
0.802142 0.000000 2.410014
1.708563 0.000000 1.879471
1.708563 0.000000 1.879471
-0.241427 0.000000 -2.528500
-0.241427 0.000000 -2.528500
0.802142 0.000000 -2.410014
-1.243717 0.000000 -2.214671
-0.241427 0.000000 -2.528500
-0.241427 0.000000 -2.528500
-0.241427 0.000000 -2.528500
-0.241427 0.000000 -2.528500
-1.243717 0.000000 -2.214671
0.802142 0.000000 -2.410014
-0.241427 0.000000 -2.528500
-0.241427 0.000000 -2.528500
-1.243717 0.000000 2.214671
-2.033361 0.000000 1.522184
-2.033361 0.000000 1.522184
-2.033361 0.000000 1.522184
-2.033361 0.000000 1.522184
-2.475346 0.000000 0.569438
0.441066 0.000000 -2.501412
0.441066 0.000000 -2.501412
1.945753 0.000000 -1.632681
0.000000 2.540000 0.000000
0.000000 2.540000 0.000000
0.000000 2.540000 0.000000
-2.437112 0.000000 -0.715601
-2.437112 0.000000 0.715601
-2.437112 0.000000 0.715601
-2.437112 0.000000 0.715601
-1.663346 0.000000 1.919604
-2.437112 0.000000 0.715601
-1.663346 0.000000 -1.919604
-2.437112 0.000000 -0.715601
-2.437112 0.000000 -0.715601
-2.437112 0.000000 -0.715601
-2.437112 0.000000 -0.715601
-2.437112 0.000000 0.715601
-2.437112 0.000000 -0.715601
-2.437112 0.000000 -0.715601
-1.663346 0.000000 -1.919604
-2.437112 0.000000 -0.715601
-2.437112 0.000000 -0.715601
-2.437112 0.000000 0.715601
1.055154 0.000000 2.310465
-0.361480 0.000000 2.514147
-0.361480 0.000000 2.514147
-0.361480 0.000000 2.514147
-0.361480 0.000000 2.514147
-1.663346 0.000000 1.919604
-1.663346 0.000000 -1.919604
-0.361480 0.000000 -2.514147
-0.361480 0.000000 -2.514147
-0.361480 0.000000 -2.514147
-0.361480 0.000000 -2.514147
1.055154 0.000000 -2.310465
-0.361480 0.000000 2.514147
-0.361480 0.000000 2.514147
1.055154 0.000000 2.310465
-1.663346 0.000000 1.919604
-0.361480 0.000000 2.514147
-0.361480 0.000000 2.514147
-1.663346 0.000000 1.919604
-2.437112 0.000000 0.715601
-1.663346 0.000000 1.919604
-1.663346 0.000000 1.919604
-0.361480 0.000000 2.514147
-1.663346 0.000000 1.919604
2.136784 0.000000 -1.373228
2.540000 0.000000 0.000000
2.136784 0.000000 -1.373228
2.136784 0.000000 -1.373228
1.055154 0.000000 -2.310465
2.136784 0.000000 -1.373228
-1.663346 0.000000 -1.919604
-1.663346 0.000000 -1.919604
-2.437112 0.000000 -0.715601
-1.663346 0.000000 -1.919604
-1.663346 0.000000 -1.919604
-0.361480 0.000000 -2.514147
-0.361480 0.000000 -2.514147
-1.663346 0.000000 -1.919604
-1.663346 0.000000 -1.919604
-1.663346 0.000000 -1.919604
-1.663346 0.000000 -1.919604
-2.437112 0.000000 -0.715601
-0.000000 0.000000 -2.540000
-0.000000 0.000000 -2.540000
-1.270000 0.000000 -2.199704
0.000000 2.540000 0.000000
0.000000 2.540000 0.000000
0.000000 2.540000 0.000000
-2.488204 0.000000 -0.510332
-2.488204 0.000000 -0.510332
-2.540000 0.000000 0.000000
-2.540000 0.000000 0.000000
-2.540000 0.000000 0.000000
-2.540000 0.000000 0.000000
0.000000 -2.540000 0.000000
0.000000 -2.540000 0.000000
0.000000 -2.540000 0.000000
-2.540000 0.000000 0.000000
-2.540000 0.000000 0.000000
-2.199704 0.000000 -1.270000
1.945753 0.000000 -1.632681
1.945753 0.000000 -1.632681
2.540000 0.000000 0.000000
0.000000 2.540000 0.000000
0.000000 2.540000 0.000000
0.000000 2.540000 0.000000
-0.361480 0.000000 -2.514147
1.055154 0.000000 -2.310465
-0.361480 0.000000 -2.514147
-1.663346 0.000000 -1.919604
-0.361480 0.000000 -2.514147
-0.361480 0.000000 -2.514147
2.322859 0.000000 -1.027582
1.708563 0.000000 -1.879471
1.708563 0.000000 -1.879471
1.708563 0.000000 -1.879471
0.802142 0.000000 -2.410014
1.708563 0.000000 -1.879471
1.055154 0.000000 2.310465
2.136784 0.000000 1.373228
2.136784 0.000000 1.373228
2.136784 0.000000 1.373228
2.540000 0.000000 0.000000
2.136784 0.000000 1.373228
2.540000 0.000000 0.000000
2.136784 0.000000 -1.373228
2.136784 0.000000 -1.373228
1.055154 0.000000 -2.310465
2.136784 0.000000 -1.373228
2.136784 0.000000 -1.373228
-2.437112 0.000000 0.715601
-2.437112 0.000000 -0.715601
-2.437112 0.000000 0.715601
-1.663346 0.000000 1.919604
-2.437112 0.000000 0.715601
-2.437112 0.000000 0.715601
-2.033361 0.000000 1.522184
-1.243717 0.000000 2.214671
-2.033361 0.000000 1.522184
-2.475346 0.000000 0.569438
-2.033361 0.000000 1.522184
-2.033361 0.000000 1.522184
1.055154 0.000000 2.310465
2.136784 0.000000 1.373228
2.136784 0.000000 1.373228
2.136784 0.000000 1.373228
2.136784 0.000000 1.373228
2.540000 0.000000 0.000000
-1.243717 0.000000 2.214671
-0.241427 0.000000 2.528500
-0.241427 0.000000 2.528500
0.802142 0.000000 2.410014
-0.241427 0.000000 2.528500
-0.241427 0.000000 2.528500
-0.361480 0.000000 2.514147
-1.663346 0.000000 1.919604
-1.663346 0.000000 1.919604
-2.437112 0.000000 0.715601
-1.663346 0.000000 1.919604
-1.663346 0.000000 1.919604
0.000000 -2.540000 0.000000
0.000000 -2.540000 0.000000
0.000000 -2.540000 0.000000
0.000000 -2.540000 0.000000
0.000000 -2.540000 0.000000
0.000000 -2.540000 0.000000
1.270000 0.000000 -2.199704
2.386819 0.000000 -0.868731
1.270000 0.000000 -2.199704
0.000000 2.540000 0.000000
0.000000 2.540000 0.000000
0.000000 2.540000 0.000000
1.270000 0.000000 2.199704
-0.441066 0.000000 2.501412
1.270000 0.000000 2.199704
-0.441066 0.000000 2.501412
-0.441066 0.000000 2.501412
1.270000 0.000000 2.199704
0.000000 2.540000 0.000000
0.000000 2.540000 0.000000
0.000000 2.540000 0.000000
-2.540000 0.000000 0.000000
-2.540000 0.000000 0.000000
-2.199704 0.000000 -1.270000
0.000000 2.540000 0.000000
0.000000 2.540000 0.000000
0.000000 2.540000 0.000000
2.386819 0.000000 0.868731
2.386819 0.000000 0.868731
1.270000 0.000000 2.199704
1.708563 0.000000 1.879471
2.322859 0.000000 1.027582
2.322859 0.000000 1.027582
2.540000 0.000000 0.000000
2.322859 0.000000 1.027582
2.322859 0.000000 1.027582
-2.494105 0.000000 -0.480668
-2.494105 0.000000 -0.480668
-2.475346 0.000000 0.569438
-2.494105 0.000000 -0.480668
-2.494105 0.000000 -0.480668
-2.086429 0.000000 -1.448591
-2.494105 0.000000 0.480668
-2.494105 0.000000 0.480668
-2.475346 0.000000 -0.569438
-2.086429 0.000000 1.448591
-2.494105 0.000000 0.480668
-2.494105 0.000000 0.480668
2.540000 0.000000 -0.000000
2.540000 0.000000 -0.000000
2.540000 0.000000 -0.000000
2.540000 0.000000 -0.000000
2.322859 0.000000 -1.027582
2.540000 0.000000 -0.000000
2.322859 0.000000 -1.027582
2.322859 0.000000 -1.027582
1.708563 0.000000 -1.879471
2.540000 0.000000 -0.000000
2.322859 0.000000 -1.027582
2.322859 0.000000 -1.027582
0.000000 2.540000 0.000000
0.000000 2.540000 0.000000
0.000000 2.540000 0.000000
0.000000 2.540000 0.000000
0.000000 2.540000 0.000000
0.000000 2.540000 0.000000
-0.361480 0.000000 -2.514147
-0.361480 0.000000 -2.514147
1.055154 0.000000 -2.310465
-0.361480 0.000000 -2.514147
-0.361480 0.000000 -2.514147
-1.663346 0.000000 -1.919604
-0.361480 0.000000 2.514147
-1.663346 0.000000 1.919604
-0.361480 0.000000 2.514147
1.055154 0.000000 2.310465
-0.361480 0.000000 2.514147
-0.361480 0.000000 2.514147
2.136784 0.000000 -1.373228
2.136784 0.000000 -1.373228
2.540000 0.000000 0.000000
1.055154 0.000000 -2.310465
2.136784 0.000000 -1.373228
2.136784 0.000000 -1.373228
2.136784 0.000000 1.373228
2.136784 0.000000 1.373228
1.055154 0.000000 2.310465
2.136784 0.000000 1.373228
2.136784 0.000000 1.373228
2.540000 0.000000 0.000000
1.270000 0.000000 2.199704
1.270000 0.000000 2.199704
-0.441066 0.000000 2.501412
1.270000 0.000000 2.199704
1.270000 0.000000 2.199704
2.386819 0.000000 0.868731
0.441066 0.000000 -2.501412
1.945753 0.000000 -1.632681
0.441066 0.000000 -2.501412
0.000000 -2.540000 0.000000
0.000000 -2.540000 0.000000
0.000000 -2.540000 0.000000
0.000000 -2.540000 0.000000
0.000000 -2.540000 0.000000
0.000000 -2.540000 0.000000
1.270000 0.000000 2.199704
2.386819 0.000000 0.868731
1.270000 0.000000 2.199704
-2.540000 0.000000 0.000000
-2.540000 0.000000 0.000000
-2.488204 0.000000 -0.510332
-2.540000 0.000000 0.000000
-2.540000 0.000000 0.000000
-2.540000 0.000000 0.000000
-2.386819 0.000000 0.868731
-2.386819 0.000000 -0.868731
-2.386819 0.000000 0.868731
0.000000 -2.540000 0.000000
0.000000 -2.540000 0.000000
0.000000 -2.540000 0.000000
0.000000 -2.540000 0.000000
0.000000 -2.540000 0.000000
0.000000 -2.540000 0.000000
-2.386819 0.000000 -0.868731
-2.386819 0.000000 0.868731
-2.386819 0.000000 -0.868731
-2.453452 0.000000 0.657400
-2.453452 0.000000 0.657400
-2.540000 0.000000 0.000000
0.000000 2.540000 0.000000
0.000000 2.540000 0.000000
0.000000 2.540000 0.000000
1.270000 0.000000 2.199704
1.270000 0.000000 2.199704
2.386819 0.000000 0.868731
0.000000 2.540000 0.000000
0.000000 2.540000 0.000000
0.000000 2.540000 0.000000
0.000000 2.540000 0.000000
0.000000 2.540000 0.000000
0.000000 2.540000 0.000000
1.270000 0.000000 2.199704
1.270000 0.000000 2.199704
2.386819 0.000000 0.868731
0.000000 2.540000 0.000000
0.000000 2.540000 0.000000
0.000000 2.540000 0.000000
-2.540000 0.000000 0.000000
-2.540000 0.000000 0.000000
-2.453452 0.000000 0.657400
0.000000 2.540000 0.000000
0.000000 2.540000 0.000000
0.000000 2.540000 0.000000
-2.386819 0.000000 0.868731
-2.386819 0.000000 0.868731
-2.386819 0.000000 -0.868731
2.386819 0.000000 -0.868731
2.386819 0.000000 0.868731
2.386819 0.000000 -0.868731
0.000000 2.540000 0.000000
0.000000 2.540000 0.000000
0.000000 2.540000 0.000000
0.000000 2.540000 0.000000
0.000000 2.540000 0.000000
0.000000 2.540000 0.000000
0.000000 0.000000 -2.540000
0.000000 0.000000 -2.540000
-1.270000 0.000000 -2.199704
0.000000 -2.540000 0.000000
0.000000 -2.540000 0.000000
0.000000 -2.540000 0.000000
-2.199704 0.000000 1.270000
-1.796051 0.000000 1.796051
-1.796051 0.000000 1.796051
0.000000 -2.540000 0.000000
0.000000 -2.540000 0.000000
0.000000 -2.540000 0.000000
0.000000 0.000000 -2.540000
-1.270000 0.000000 -2.199704
0.000000 0.000000 -2.540000
0.000000 2.540000 0.000000
0.000000 2.540000 0.000000
0.000000 2.540000 0.000000
-1.796051 0.000000 1.796051
-1.796051 0.000000 1.796051
-2.199704 0.000000 1.270000
0.000000 -2.540000 0.000000
0.000000 -2.540000 0.000000
0.000000 -2.540000 0.000000
1.270000 0.000000 -2.199704
-0.441066 0.000000 -2.501412
1.270000 0.000000 -2.199704
0.000000 -2.540000 0.000000
0.000000 -2.540000 0.000000
0.000000 -2.540000 0.000000
0.441066 0.000000 2.501412
0.441066 0.000000 2.501412
1.945753 0.000000 1.632681
1.945753 0.000000 -1.632681
0.441066 0.000000 -2.501412
1.945753 0.000000 -1.632681
0.000000 -2.540000 0.000000
0.000000 -2.540000 0.000000
0.000000 -2.540000 0.000000
0.000000 2.540000 0.000000
0.000000 2.540000 0.000000
0.000000 2.540000 0.000000
-2.540000 0.000000 0.000000
-2.540000 0.000000 0.000000
-2.453452 0.000000 0.657400
1.270000 0.000000 -2.199704
-0.441066 0.000000 -2.501412
1.270000 0.000000 -2.199704
0.000000 -2.540000 0.000000
0.000000 -2.540000 0.000000
0.000000 -2.540000 0.000000
0.000000 -2.540000 0.000000
0.000000 -2.540000 0.000000
0.000000 -2.540000 0.000000
1.270000 0.000000 -2.199704
-0.441066 0.000000 -2.501412
1.270000 0.000000 -2.199704
2.540000 0.000000 0.000000
2.540000 0.000000 0.000000
2.322859 0.000000 1.027582
2.540000 0.000000 -0.000000
2.540000 0.000000 0.000000
2.540000 0.000000 0.000000
-2.086429 0.000000 -1.448591
-2.494105 0.000000 -0.480668
-2.494105 0.000000 -0.480668
-2.494105 0.000000 -0.480668
-2.475346 0.000000 0.569438
-2.494105 0.000000 -0.480668
1.708563 0.000000 -1.879471
2.322859 0.000000 -1.027582
2.322859 0.000000 -1.027582
2.540000 0.000000 -0.000000
2.322859 0.000000 -1.027582
2.322859 0.000000 -1.027582
-2.494105 0.000000 0.480668
-2.494105 0.000000 0.480668
-2.475346 0.000000 -0.569438
-2.494105 0.000000 0.480668
-2.086429 0.000000 1.448591
-2.494105 0.000000 0.480668
-1.663346 0.000000 1.919604
-0.361480 0.000000 2.514147
-0.361480 0.000000 2.514147
1.055154 0.000000 2.310465
-0.361480 0.000000 2.514147
-0.361480 0.000000 2.514147
1.055154 0.000000 -2.310465
-0.361480 0.000000 -2.514147
-0.361480 0.000000 -2.514147
-1.663346 0.000000 -1.919604
-0.361480 0.000000 -2.514147
-0.361480 0.000000 -2.514147
-2.494105 0.000000 0.480668
-2.475346 0.000000 -0.569438
-2.475346 0.000000 -0.569438
-2.475346 0.000000 -0.569438
-2.033361 0.000000 -1.522184
-2.475346 0.000000 -0.569438
2.136784 0.000000 -1.373228
2.136784 0.000000 -1.373228
1.055154 0.000000 -2.310465
2.136784 0.000000 -1.373228
2.540000 0.000000 0.000000
2.136784 0.000000 -1.373228
2.540000 0.000000 0.000000
2.322859 0.000000 1.027582
2.322859 0.000000 1.027582
1.708563 0.000000 1.879471
2.322859 0.000000 1.027582
2.322859 0.000000 1.027582
2.136784 0.000000 1.373228
2.136784 0.000000 1.373228
1.055154 0.000000 2.310465
2.136784 0.000000 1.373228
2.540000 0.000000 0.000000
2.136784 0.000000 1.373228
2.540000 0.000000 0.000000
2.540000 0.000000 0.000000
2.322859 0.000000 1.027582
2.540000 0.000000 -0.000000
2.540000 0.000000 0.000000
2.540000 0.000000 0.000000
2.540000 0.000000 -0.000000
2.540000 0.000000 -0.000000
2.540000 0.000000 -0.000000
2.540000 0.000000 -0.000000
2.540000 0.000000 -0.000000
2.322859 0.000000 -1.027582
-1.270000 0.000000 -2.199704
-1.270000 0.000000 -2.199704
0.000000 0.000000 -2.540000
0.000000 -2.540000 0.000000
0.000000 -2.540000 0.000000
0.000000 -2.540000 0.000000
-2.540000 0.000000 0.000000
-2.540000 0.000000 0.000000
-2.540000 0.000000 0.000000
-1.796051 0.000000 -1.796051
-1.796051 0.000000 -1.796051
-1.796051 0.000000 -1.796051
-1.796051 0.000000 -1.796051
-1.796051 0.000000 -1.796051
-1.796051 0.000000 -1.796051
-2.540000 0.000000 0.000000
-2.540000 0.000000 0.000000
-2.540000 0.000000 0.000000
0.000000 -2.540000 0.000000
0.000000 -2.540000 0.000000
0.000000 -2.540000 0.000000
-1.270000 0.000000 2.199704
-1.270000 0.000000 2.199704
0.441066 0.000000 2.501412
0.000000 -2.540000 0.000000
0.000000 -2.540000 0.000000
0.000000 -2.540000 0.000000
1.270000 0.000000 -2.199704
1.270000 0.000000 -2.199704
-0.441066 0.000000 -2.501412
1.270000 0.000000 2.199704
-0.441066 0.000000 2.501412
1.270000 0.000000 2.199704
0.000000 2.540000 0.000000
0.000000 2.540000 0.000000
0.000000 2.540000 0.000000
0.000000 2.540000 0.000000
0.000000 2.540000 0.000000
0.000000 2.540000 0.000000
0.000000 0.000000 -2.540000
-1.270000 0.000000 -2.199704
0.000000 0.000000 -2.540000
0.000000 2.540000 0.000000
0.000000 2.540000 0.000000
0.000000 2.540000 0.000000
0.000000 2.540000 0.000000
0.000000 2.540000 0.000000
0.000000 2.540000 0.000000
-2.386819 0.000000 -0.868731
-2.386819 0.000000 -0.868731
-2.386819 0.000000 0.868731
0.000000 2.540000 0.000000
0.000000 2.540000 0.000000
0.000000 2.540000 0.000000
0.000000 2.540000 0.000000
0.000000 2.540000 0.000000
0.000000 2.540000 0.000000
-0.441066 0.000000 -2.501412
-0.441066 0.000000 -2.501412
1.270000 0.000000 -2.199704
1.270000 0.000000 -2.199704
1.270000 0.000000 -2.199704
-0.441066 0.000000 -2.501412
0.000000 -2.540000 0.000000
0.000000 -2.540000 0.000000
0.000000 -2.540000 0.000000
-1.270000 0.000000 -2.199704
-0.000000 0.000000 -2.540000
-1.270000 0.000000 -2.199704
0.000000 -2.540000 0.000000
0.000000 -2.540000 0.000000
0.000000 -2.540000 0.000000
0.000000 2.540000 0.000000
0.000000 2.540000 0.000000
0.000000 2.540000 0.000000
-0.441066 0.000000 -2.501412
-0.441066 0.000000 -2.501412
1.270000 0.000000 -2.199704
1.945753 0.000000 -1.632681
0.441066 0.000000 -2.501412
1.945753 0.000000 -1.632681
0.000000 -2.540000 0.000000
0.000000 -2.540000 0.000000
0.000000 -2.540000 0.000000
0.441066 0.000000 2.501412
1.945753 0.000000 1.632681
0.441066 0.000000 2.501412
0.000000 -2.540000 0.000000
0.000000 -2.540000 0.000000
0.000000 -2.540000 0.000000
-2.540000 0.000000 0.000000
-2.540000 0.000000 0.000000
-2.488204 0.000000 0.510332
0.000000 -2.540000 0.000000
0.000000 -2.540000 0.000000
0.000000 -2.540000 0.000000
0.000000 -2.540000 0.000000
0.000000 -2.540000 0.000000
0.000000 -2.540000 0.000000
0.441066 0.000000 -2.501412
-1.270000 0.000000 -2.199704
0.441066 0.000000 -2.501412
-2.453452 0.000000 -0.657400
-2.540000 0.000000 0.000000
-2.453452 0.000000 -0.657400
0.000000 2.540000 0.000000
0.000000 2.540000 0.000000
0.000000 2.540000 0.000000
-2.453452 0.000000 -0.657400
-2.453452 0.000000 -0.657400
-2.540000 0.000000 0.000000
0.000000 -2.540000 0.000000
0.000000 -2.540000 0.000000
0.000000 -2.540000 0.000000
0.441066 0.000000 2.501412
-1.270000 0.000000 2.199704
0.441066 0.000000 2.501412
0.000000 2.540000 0.000000
0.000000 2.540000 0.000000
0.000000 2.540000 0.000000
1.270000 0.000000 -2.199704
-0.441066 0.000000 -2.501412
1.270000 0.000000 -2.199704
0.000000 -2.540000 0.000000
0.000000 -2.540000 0.000000
0.000000 -2.540000 0.000000
0.000000 -2.540000 0.000000
0.000000 -2.540000 0.000000
0.000000 -2.540000 0.000000
-2.453452 0.000000 -0.657400
-2.540000 0.000000 0.000000
-2.540000 0.000000 0.000000
0.000000 -2.540000 0.000000
0.000000 -2.540000 0.000000
0.000000 -2.540000 0.000000
1.270000 0.000000 -2.199704
1.270000 0.000000 -2.199704
-0.441066 0.000000 -2.501412
0.000000 -2.540000 0.000000
0.000000 -2.540000 0.000000
0.000000 -2.540000 0.000000
1.270000 0.000000 -2.199704
1.270000 0.000000 -2.199704
-0.441066 0.000000 -2.501412
0.000000 2.540000 0.000000
0.000000 2.540000 0.000000
0.000000 2.540000 0.000000
-2.453452 0.000000 -0.657400
-2.540000 0.000000 0.000000
-2.540000 0.000000 0.000000
0.000000 -2.540000 0.000000
0.000000 -2.540000 0.000000
0.000000 -2.540000 0.000000
-1.270000 0.000000 -2.199704
-2.199704 0.000000 -1.270000
-1.270000 0.000000 -2.199704
-2.540000 0.000000 0.000000
-2.540000 0.000000 0.000000
-1.945753 0.000000 1.632681
0.000000 -2.540000 0.000000
0.000000 -2.540000 0.000000
0.000000 -2.540000 0.000000
0.000000 2.540000 0.000000
0.000000 2.540000 0.000000
0.000000 2.540000 0.000000
0.000000 2.540000 0.000000
0.000000 2.540000 0.000000
0.000000 2.540000 0.000000
0.000000 -2.540000 0.000000
0.000000 -2.540000 0.000000
0.000000 -2.540000 0.000000
-2.540000 0.000000 0.000000
-2.540000 0.000000 0.000000
-1.945753 0.000000 1.632681
0.000000 -2.540000 0.000000
0.000000 -2.540000 0.000000
0.000000 -2.540000 0.000000
-2.540000 0.000000 -0.000000
-1.945753 0.000000 1.632681
-2.540000 0.000000 -0.000000
-2.540000 0.000000 0.000000
-2.540000 0.000000 0.000000
-2.488204 0.000000 0.510332
0.000000 -2.540000 0.000000
0.000000 -2.540000 0.000000
0.000000 -2.540000 0.000000
-2.199704 0.000000 -1.270000
-1.796051 0.000000 -1.796051
-2.199704 0.000000 -1.270000
0.000000 2.540000 0.000000
0.000000 2.540000 0.000000
0.000000 2.540000 0.000000
-2.540000 0.000000 0.000000
-2.540000 0.000000 0.000000
-1.945753 0.000000 1.632681
0.000000 -2.540000 0.000000
0.000000 -2.540000 0.000000
0.000000 -2.540000 0.000000
0.000000 2.540000 0.000000
0.000000 2.540000 0.000000
0.000000 2.540000 0.000000
0.441066 0.000000 2.501412
-1.270000 0.000000 2.199704
0.441066 0.000000 2.501412
0.000000 -2.540000 0.000000
0.000000 -2.540000 0.000000
0.000000 -2.540000 0.000000
0.441066 0.000000 2.501412
0.441066 0.000000 2.501412
-1.270000 0.000000 2.199704
0.000000 -2.540000 0.000000
0.000000 -2.540000 0.000000
0.000000 -2.540000 0.000000
-2.199704 0.000000 -1.270000
-1.796051 0.000000 -1.796051
-2.199704 0.000000 -1.270000
-1.270000 0.000000 -2.199704
-2.199704 0.000000 -1.270000
-1.270000 0.000000 -2.199704
0.000000 2.540000 0.000000
0.000000 2.540000 0.000000
0.000000 2.540000 0.000000
0.000000 2.540000 0.000000
0.000000 2.540000 0.000000
0.000000 2.540000 0.000000
2.386819 0.000000 0.868731
1.270000 0.000000 2.199704
2.386819 0.000000 0.868731
-0.441066 0.000000 -2.501412
-0.441066 0.000000 -2.501412
1.270000 0.000000 -2.199704
0.000000 2.540000 0.000000
0.000000 2.540000 0.000000
0.000000 2.540000 0.000000
0.000000 2.540000 0.000000
0.000000 2.540000 0.000000
0.000000 2.540000 0.000000
-2.453452 0.000000 0.657400
-2.540000 0.000000 0.000000
-2.453452 0.000000 0.657400
-1.945753 0.000000 1.632681
-1.945753 0.000000 1.632681
-2.540000 0.000000 -0.000000
0.000000 -2.540000 0.000000
0.000000 -2.540000 0.000000
0.000000 -2.540000 0.000000
0.000000 -2.540000 0.000000
0.000000 -2.540000 0.000000
0.000000 -2.540000 0.000000
-2.199704 0.000000 1.270000
-1.796051 0.000000 1.796051
-2.199704 0.000000 1.270000
0.000000 -2.540000 0.000000
0.000000 -2.540000 0.000000
0.000000 -2.540000 0.000000
0.441066 0.000000 -2.501412
-1.270000 0.000000 -2.199704
0.441066 0.000000 -2.501412
-1.270000 0.000000 2.199704
-2.386819 0.000000 0.868731
-1.270000 0.000000 2.199704
0.000000 2.540000 0.000000
0.000000 2.540000 0.000000
0.000000 2.540000 0.000000
0.000000 2.540000 0.000000
0.000000 2.540000 0.000000
0.000000 2.540000 0.000000
-1.270000 0.000000 -2.199704
-1.270000 0.000000 -2.199704
0.441066 0.000000 -2.501412
-2.386819 0.000000 -0.868731
-2.386819 0.000000 -0.868731
-1.270000 0.000000 -2.199704
0.000000 2.540000 0.000000
0.000000 2.540000 0.000000
0.000000 2.540000 0.000000
-2.386819 0.000000 -0.868731
-2.386819 0.000000 -0.868731
-1.270000 0.000000 -2.199704
0.000000 2.540000 0.000000
0.000000 2.540000 0.000000
0.000000 2.540000 0.000000
0.000000 2.540000 0.000000
0.000000 2.540000 0.000000
0.000000 2.540000 0.000000
1.270000 0.000000 -2.199704
1.270000 0.000000 -2.199704
2.386819 0.000000 -0.868731
-2.540000 0.000000 0.000000
-1.945753 0.000000 -1.632681
-2.540000 0.000000 0.000000
0.000000 2.540000 0.000000
0.000000 2.540000 0.000000
0.000000 2.540000 0.000000
0.000000 2.540000 0.000000
0.000000 2.540000 0.000000
0.000000 2.540000 0.000000
-2.199704 0.000000 -1.270000
-2.540000 0.000000 0.000000
-2.199704 0.000000 -1.270000
0.000000 -2.540000 0.000000
0.000000 -2.540000 0.000000
0.000000 -2.540000 0.000000
-2.199704 0.000000 -1.270000
-2.540000 0.000000 0.000000
-2.199704 0.000000 -1.270000
0.000000 2.540000 0.000000
0.000000 2.540000 0.000000
0.000000 2.540000 0.000000
-1.270000 0.000000 -2.199704
-1.270000 0.000000 -2.199704
-2.199704 0.000000 -1.270000
1.945753 0.000000 1.632681
2.540000 0.000000 0.000000
1.945753 0.000000 1.632681
0.000000 2.540000 0.000000
0.000000 2.540000 0.000000
0.000000 2.540000 0.000000
-2.540000 0.000000 0.000000
-1.945753 0.000000 -1.632681
-2.540000 0.000000 0.000000
0.000000 2.540000 0.000000
0.000000 2.540000 0.000000
0.000000 2.540000 0.000000
2.386819 0.000000 0.868731
2.386819 0.000000 0.868731
2.386819 0.000000 -0.868731
0.000000 -2.540000 0.000000
0.000000 -2.540000 0.000000
0.000000 -2.540000 0.000000
2.386819 0.000000 0.868731
2.386819 0.000000 0.868731
2.386819 0.000000 -0.868731
0.000000 -2.540000 0.000000
0.000000 -2.540000 0.000000
0.000000 -2.540000 0.000000
-2.540000 0.000000 0.000000
-2.199704 0.000000 -1.270000
-2.540000 0.000000 0.000000
0.000000 -2.540000 0.000000
0.000000 -2.540000 0.000000
0.000000 -2.540000 0.000000
0.000000 2.540000 0.000000
0.000000 2.540000 0.000000
0.000000 2.540000 0.000000
-2.540000 0.000000 0.000000
-1.945753 0.000000 -1.632681
-2.540000 0.000000 0.000000
-2.540000 0.000000 0.000000
-1.945753 0.000000 -1.632681
-2.540000 0.000000 0.000000
0.000000 2.540000 0.000000
0.000000 2.540000 0.000000
0.000000 2.540000 0.000000
-2.453452 0.000000 0.657400
-2.540000 0.000000 0.000000
-2.540000 0.000000 0.000000
0.000000 -2.540000 0.000000
0.000000 -2.540000 0.000000
0.000000 -2.540000 0.000000
0.000000 -2.540000 0.000000
0.000000 -2.540000 0.000000
0.000000 -2.540000 0.000000
2.386819 0.000000 0.868731
2.386819 0.000000 0.868731
2.386819 0.000000 -0.868731
-2.488204 0.000000 0.510332
-2.540000 0.000000 0.000000
-2.488204 0.000000 0.510332
0.000000 2.540000 0.000000
0.000000 2.540000 0.000000
0.000000 2.540000 0.000000
0.000000 -2.540000 0.000000
0.000000 -2.540000 0.000000
0.000000 -2.540000 0.000000
-2.540000 0.000000 0.000000
-2.540000 0.000000 0.000000
-2.453452 0.000000 0.657400
2.386819 0.000000 0.868731
2.386819 0.000000 -0.868731
2.386819 0.000000 0.868731
0.000000 -2.540000 0.000000
0.000000 -2.540000 0.000000
0.000000 -2.540000 0.000000
0.000000 -2.540000 0.000000
0.000000 -2.540000 0.000000
0.000000 -2.540000 0.000000
2.386819 0.000000 0.868731
2.386819 0.000000 0.868731
2.386819 0.000000 -0.868731
2.386819 0.000000 -0.868731
2.386819 0.000000 0.868731
2.386819 0.000000 -0.868731
0.000000 2.540000 0.000000
0.000000 2.540000 0.000000
0.000000 2.540000 0.000000
0.000000 -2.540000 0.000000
0.000000 -2.540000 0.000000
0.000000 -2.540000 0.000000
2.540000 0.000000 0.000000
2.540000 0.000000 0.000000
1.945753 0.000000 1.632681
0.000000 2.540000 0.000000
0.000000 2.540000 0.000000
0.000000 2.540000 0.000000
-2.199704 0.000000 1.270000
-2.199704 0.000000 1.270000
-2.453452 0.000000 0.657400
0.000000 2.540000 0.000000
0.000000 2.540000 0.000000
0.000000 2.540000 0.000000
-2.540000 0.000000 0.000000
-2.199704 0.000000 -1.270000
-2.540000 0.000000 0.000000
-1.270000 0.000000 -2.199704
-1.270000 0.000000 -2.199704
0.441066 0.000000 -2.501412
0.000000 2.540000 0.000000
0.000000 2.540000 0.000000
0.000000 2.540000 0.000000
0.000000 -2.540000 0.000000
0.000000 -2.540000 0.000000
0.000000 -2.540000 0.000000
2.540000 0.000000 0.000000
2.540000 0.000000 0.000000
1.945753 0.000000 1.632681
-2.334930 0.000000 -0.999850
-2.086429 0.000000 -1.448591
-2.334930 0.000000 -0.999850
0.000000 2.540000 0.000000
0.000000 2.540000 0.000000
0.000000 2.540000 0.000000
2.386819 0.000000 0.868731
1.270000 0.000000 2.199704
2.386819 0.000000 0.868731
0.000000 2.540000 0.000000
0.000000 2.540000 0.000000
0.000000 2.540000 0.000000
0.000000 -2.540000 0.000000
0.000000 -2.540000 0.000000
0.000000 -2.540000 0.000000
2.386819 0.000000 0.868731
2.386819 0.000000 -0.868731
2.386819 0.000000 0.868731
0.000000 2.540000 0.000000
0.000000 2.540000 0.000000
0.000000 2.540000 0.000000
2.386819 0.000000 -0.868731
2.386819 0.000000 0.868731
2.386819 0.000000 -0.868731
2.386819 0.000000 -0.868731
2.386819 0.000000 -0.868731
2.386819 0.000000 0.868731
0.000000 2.540000 0.000000
0.000000 2.540000 0.000000
0.000000 2.540000 0.000000
-2.199704 0.000000 -1.270000
-2.199704 0.000000 -1.270000
-2.540000 0.000000 0.000000
0.000000 -2.540000 0.000000
0.000000 -2.540000 0.000000
0.000000 -2.540000 0.000000
2.386819 0.000000 0.868731
2.386819 0.000000 -0.868731
2.386819 0.000000 0.868731
0.000000 -2.540000 0.000000
0.000000 -2.540000 0.000000
0.000000 -2.540000 0.000000
0.000000 2.540000 0.000000
0.000000 2.540000 0.000000
0.000000 2.540000 0.000000
2.386819 0.000000 -0.868731
2.386819 0.000000 -0.868731
2.386819 0.000000 0.868731
0.000000 2.540000 0.000000
0.000000 2.540000 0.000000
0.000000 2.540000 0.000000
-2.199704 0.000000 -1.270000
-1.796051 0.000000 -1.796051
-1.796051 0.000000 -1.796051
0.000000 -2.540000 0.000000
0.000000 -2.540000 0.000000
0.000000 -2.540000 0.000000
-1.796051 0.000000 -1.796051
-1.796051 0.000000 -1.796051
-2.199704 0.000000 -1.270000
0.000000 2.540000 0.000000
0.000000 2.540000 0.000000
0.000000 2.540000 0.000000
2.386819 0.000000 -0.868731
2.386819 0.000000 -0.868731
1.270000 0.000000 -2.199704
0.000000 -2.540000 0.000000
0.000000 -2.540000 0.000000
0.000000 -2.540000 0.000000
2.386819 0.000000 0.868731
2.386819 0.000000 -0.868731
2.386819 0.000000 0.868731
-1.270000 0.000000 2.199704
-2.386819 0.000000 0.868731
-1.270000 0.000000 2.199704
0.000000 2.540000 0.000000
0.000000 2.540000 0.000000
0.000000 2.540000 0.000000
2.386819 0.000000 -0.868731
2.386819 0.000000 -0.868731
2.386819 0.000000 0.868731
0.000000 2.540000 0.000000
0.000000 2.540000 0.000000
0.000000 2.540000 0.000000
0.000000 -2.540000 0.000000
0.000000 -2.540000 0.000000
0.000000 -2.540000 0.000000
-2.386819 0.000000 0.868731
-1.270000 0.000000 2.199704
-2.386819 0.000000 0.868731
0.000000 -2.540000 0.000000
0.000000 -2.540000 0.000000
0.000000 -2.540000 0.000000
-2.386819 0.000000 0.868731
-1.270000 0.000000 2.199704
-2.386819 0.000000 0.868731
0.000000 -2.540000 0.000000
0.000000 -2.540000 0.000000
0.000000 -2.540000 0.000000
-2.488204 0.000000 0.510332
-2.488204 0.000000 0.510332
-2.334930 0.000000 0.999850
-1.945753 0.000000 1.632681
-1.945753 0.000000 1.632681
-2.540000 0.000000 -0.000000
0.000000 -2.540000 0.000000
0.000000 -2.540000 0.000000
0.000000 -2.540000 0.000000
0.000000 2.540000 0.000000
0.000000 2.540000 0.000000
0.000000 2.540000 0.000000
1.270000 0.000000 2.199704
1.270000 0.000000 2.199704
2.386819 0.000000 0.868731
-2.488204 0.000000 0.510332
-2.540000 0.000000 0.000000
-2.488204 0.000000 0.510332
0.000000 2.540000 0.000000
0.000000 2.540000 0.000000
0.000000 2.540000 0.000000
0.000000 2.540000 0.000000
0.000000 2.540000 0.000000
0.000000 2.540000 0.000000
-2.334930 0.000000 0.999850
-2.086429 0.000000 1.448591
-2.086429 0.000000 1.448591
-2.334930 0.000000 -0.999850
-2.086429 0.000000 -1.448591
-2.086429 0.000000 -1.448591
0.000000 -2.540000 0.000000
0.000000 -2.540000 0.000000
0.000000 -2.540000 0.000000
-2.086429 0.000000 -1.448591
-2.086429 0.000000 -1.448591
-2.334930 0.000000 -0.999850
0.000000 -2.540000 0.000000
0.000000 -2.540000 0.000000
0.000000 -2.540000 0.000000
2.540000 0.000000 0.000000
1.945753 0.000000 -1.632681
2.540000 0.000000 0.000000
0.000000 -2.540000 0.000000
0.000000 -2.540000 0.000000
0.000000 -2.540000 0.000000
0.000000 -2.540000 0.000000
0.000000 -2.540000 0.000000
0.000000 -2.540000 0.000000
2.540000 0.000000 0.000000
1.945753 0.000000 1.632681
2.540000 0.000000 0.000000
0.000000 2.540000 0.000000
0.000000 2.540000 0.000000
0.000000 2.540000 0.000000
1.945753 0.000000 1.632681
2.540000 0.000000 0.000000
1.945753 0.000000 1.632681
2.540000 0.000000 0.000000
1.945753 0.000000 -1.632681
2.540000 0.000000 0.000000
0.000000 -2.540000 0.000000
0.000000 -2.540000 0.000000
0.000000 -2.540000 0.000000
-2.540000 0.000000 -0.000000
-1.945753 0.000000 1.632681
-2.540000 0.000000 -0.000000
0.000000 2.540000 0.000000
0.000000 2.540000 0.000000
0.000000 2.540000 0.000000
-2.540000 0.000000 -0.000000
-1.945753 0.000000 1.632681
-2.540000 0.000000 -0.000000
0.000000 2.540000 0.000000
0.000000 2.540000 0.000000
0.000000 2.540000 0.000000
-2.386819 0.000000 -0.868731
-2.386819 0.000000 0.868731
-2.386819 0.000000 -0.868731
0.000000 -2.540000 0.000000
0.000000 -2.540000 0.000000
0.000000 -2.540000 0.000000
-2.386819 0.000000 -0.868731
-2.386819 0.000000 0.868731
-2.386819 0.000000 -0.868731
0.000000 -2.540000 0.000000
0.000000 -2.540000 0.000000
0.000000 -2.540000 0.000000
-2.086429 0.000000 1.448591
-2.086429 0.000000 1.448591
-2.334930 0.000000 0.999850
0.000000 2.540000 0.000000
0.000000 2.540000 0.000000
0.000000 2.540000 0.000000
-2.488204 0.000000 -0.510332
-2.540000 0.000000 0.000000
-2.540000 0.000000 0.000000
0.000000 2.540000 0.000000
0.000000 2.540000 0.000000
0.000000 2.540000 0.000000
1.945753 0.000000 -1.632681
1.945753 0.000000 -1.632681
2.540000 0.000000 0.000000
0.000000 2.540000 0.000000
0.000000 2.540000 0.000000
0.000000 2.540000 0.000000
0.000000 2.540000 0.000000
0.000000 2.540000 0.000000
0.000000 2.540000 0.000000
-1.945753 0.000000 1.632681
-1.945753 0.000000 1.632681
-2.540000 0.000000 -0.000000
0.000000 -2.540000 0.000000
0.000000 -2.540000 0.000000
0.000000 -2.540000 0.000000
1.945753 0.000000 1.632681
1.945753 0.000000 1.632681
2.540000 0.000000 0.000000
0.000000 -2.540000 0.000000
0.000000 -2.540000 0.000000
0.000000 -2.540000 0.000000
-2.334930 0.000000 0.999850
-2.334930 0.000000 0.999850
-2.488204 0.000000 0.510332
2.540000 0.000000 0.000000
1.945753 0.000000 1.632681
2.540000 0.000000 0.000000
0.000000 2.540000 0.000000
0.000000 2.540000 0.000000
0.000000 2.540000 0.000000
0.000000 2.540000 0.000000
0.000000 2.540000 0.000000
0.000000 2.540000 0.000000
1.945753 0.000000 1.632681
1.945753 0.000000 1.632681
2.540000 0.000000 0.000000
-2.453452 0.000000 0.657400
-2.540000 0.000000 0.000000
-2.453452 0.000000 0.657400
0.000000 -2.540000 0.000000
0.000000 -2.540000 0.000000
0.000000 -2.540000 0.000000
-2.453452 0.000000 0.657400
-2.540000 0.000000 0.000000
-2.453452 0.000000 0.657400
0.000000 -2.540000 0.000000
0.000000 -2.540000 0.000000
0.000000 -2.540000 0.000000
-2.540000 -0.000000 0.000000
-2.540000 -0.000000 0.000000
-2.540000 -0.000000 0.000000
-2.540000 -0.000000 0.000000
-2.540000 -0.000000 0.000000
-2.540000 -0.000000 0.000000
-2.540000 -0.000000 0.000000
-2.540000 -0.000000 0.000000
-2.540000 -0.000000 0.000000
-2.540000 -0.000000 0.000000
-2.540000 -0.000000 0.000000
-2.540000 -0.000000 0.000000
0.000000 -2.540000 0.000000
0.000000 -2.540000 0.000000
0.000000 -2.540000 0.000000
0.000000 -2.540000 0.000000
0.000000 -2.540000 0.000000
0.000000 -2.540000 0.000000
0.000000 2.540000 0.000000
0.000000 2.540000 0.000000
0.000000 2.540000 0.000000
0.000000 2.540000 0.000000
0.000000 2.540000 0.000000
0.000000 2.540000 0.000000
0.000000 2.540000 0.000000
0.000000 2.540000 0.000000
0.000000 2.540000 0.000000
0.000000 2.540000 0.000000
0.000000 2.540000 0.000000
0.000000 2.540000 0.000000
0.000000 2.540000 0.000000
0.000000 2.540000 0.000000
0.000000 2.540000 0.000000
0.000000 2.540000 0.000000
0.000000 2.540000 0.000000
0.000000 2.540000 0.000000
0.000000 -2.540000 0.000000
0.000000 -2.540000 0.000000
0.000000 -2.540000 0.000000
0.000000 -2.540000 0.000000
0.000000 -2.540000 0.000000
0.000000 -2.540000 0.000000
0.000000 -2.540000 0.000000
0.000000 -2.540000 0.000000
0.000000 -2.540000 0.000000
0.000000 -2.540000 0.000000
0.000000 -2.540000 0.000000
0.000000 -2.540000 0.000000
0.000000 2.540000 0.000000
0.000000 2.540000 0.000000
0.000000 2.540000 0.000000
0.000000 2.540000 0.000000
0.000000 2.540000 0.000000
0.000000 2.540000 0.000000
0.000000 -2.540000 0.000000
0.000000 -2.540000 0.000000
0.000000 -2.540000 0.000000
0.000000 -2.540000 0.000000
0.000000 -2.540000 0.000000
0.000000 -2.540000 0.000000
0.000000 2.540000 0.000000
0.000000 2.540000 0.000000
0.000000 2.540000 0.000000
0.000000 2.540000 0.000000
0.000000 2.540000 0.000000
0.000000 2.540000 0.000000
0.000000 2.540000 0.000000
0.000000 2.540000 0.000000
0.000000 2.540000 0.000000
0.000000 2.540000 0.000000
0.000000 2.540000 0.000000
0.000000 2.540000 0.000000
0.000000 -2.540000 0.000000
0.000000 -2.540000 0.000000
0.000000 -2.540000 0.000000
0.000000 -2.540000 0.000000
0.000000 -2.540000 0.000000
0.000000 -2.540000 0.000000
0.000000 2.540000 0.000000
0.000000 2.540000 0.000000
0.000000 2.540000 0.000000
0.000000 2.540000 0.000000
0.000000 2.540000 0.000000
0.000000 2.540000 0.000000
0.000000 -2.540000 0.000000
0.000000 -2.540000 0.000000
0.000000 -2.540000 0.000000
0.000000 -2.540000 0.000000
0.000000 -2.540000 0.000000
0.000000 -2.540000 0.000000
0.000000 2.540000 0.000000
0.000000 2.540000 0.000000
0.000000 2.540000 0.000000
0.000000 2.540000 0.000000
0.000000 2.540000 0.000000
0.000000 2.540000 0.000000
0.000000 2.540000 0.000000
0.000000 2.540000 0.000000
0.000000 2.540000 0.000000
0.000000 2.540000 0.000000
0.000000 2.540000 0.000000
0.000000 2.540000 0.000000
0.000000 2.540000 0.000000
0.000000 2.540000 0.000000
0.000000 2.540000 0.000000
0.000000 2.540000 0.000000
0.000000 2.540000 0.000000
0.000000 2.540000 0.000000
0.000000 -2.540000 0.000000
0.000000 -2.540000 0.000000
0.000000 -2.540000 0.000000
0.000000 -2.540000 0.000000
0.000000 -2.540000 0.000000
0.000000 -2.540000 0.000000
0.000000 -2.540000 0.000000
0.000000 -2.540000 0.000000
0.000000 -2.540000 0.000000
0.000000 -2.540000 0.000000
0.000000 -2.540000 0.000000
0.000000 -2.540000 0.000000
0.000000 -2.540000 0.000000
0.000000 -2.540000 0.000000
0.000000 -2.540000 0.000000
0.000000 -2.540000 0.000000
0.000000 -2.540000 0.000000
0.000000 -2.540000 0.000000
0.000000 -2.540000 0.000000
0.000000 -2.540000 0.000000
0.000000 -2.540000 0.000000
0.000000 -2.540000 0.000000
0.000000 -2.540000 0.000000
0.000000 -2.540000 0.000000
0.000000 -2.540000 0.000000
0.000000 -2.540000 0.000000
0.000000 -2.540000 0.000000
0.000000 -2.540000 0.000000
0.000000 -2.540000 0.000000
0.000000 -2.540000 0.000000
0.000000 2.540000 0.000000
0.000000 2.540000 0.000000
0.000000 2.540000 0.000000
0.000000 2.540000 0.000000
0.000000 2.540000 0.000000
0.000000 2.540000 0.000000
0.000000 -2.540000 0.000000
0.000000 -2.540000 0.000000
0.000000 -2.540000 0.000000
0.000000 -2.540000 0.000000
0.000000 -2.540000 0.000000
0.000000 -2.540000 0.000000
0.000000 2.540000 0.000000
0.000000 2.540000 0.000000
0.000000 2.540000 0.000000
0.000000 2.540000 0.000000
0.000000 2.540000 0.000000
0.000000 2.540000 0.000000
</float_array>
          <technique_common>
            <accessor source="#FBXASC227FBXASC130FBXASC189FBXASC227FBXASC131FBXASC170FBXASC227FBXASC131FBXASC131FBXASC227FBXASC131FBXASC1371-Normal0-array" count="3558" stride="3">
              <param name="X" type="float"/>
              <param name="Y" type="float"/>
              <param name="Z" type="float"/>
            </accessor>
          </technique_common>
        </source>
        <vertices id="FBXASC227FBXASC130FBXASC189FBXASC227FBXASC131FBXASC170FBXASC227FBXASC131FBXASC131FBXASC227FBXASC131FBXASC1371-VERTEX">
          <input semantic="POSITION" source="#FBXASC227FBXASC130FBXASC189FBXASC227FBXASC131FBXASC170FBXASC227FBXASC131FBXASC131FBXASC227FBXASC131FBXASC1371-POSITION"/>
        </vertices>
        <triangles count="1186" material="MaterialFBXASC032FBXASC03525">
          <input semantic="VERTEX" offset="0" source="#FBXASC227FBXASC130FBXASC189FBXASC227FBXASC131FBXASC170FBXASC227FBXASC131FBXASC131FBXASC227FBXASC131FBXASC1371-VERTEX"/>
          <input semantic="NORMAL" offset="1" source="#FBXASC227FBXASC130FBXASC189FBXASC227FBXASC131FBXASC170FBXASC227FBXASC131FBXASC131FBXASC227FBXASC131FBXASC1371-Normal0"/>
          <p> 292 0 291 1 16 2 223 3 55 4 1 5 4 6 36 7 67 8 221 9 247 10 197 11 267 12 251 13 437 14 169 15 134 16 1 17 75 18 125 19 19 20 204 21 151 22 129 23 197 24 7 25 74 26 125 27 458 28 468 29 4 30 217 31 226 32 3 33 204 34 473 35 197 36 58 37 221 38 67 39 16 40 290 41 221 42 286 43 223 44 274 45 67 46 164 47 113 48 122 49 485 50 457 51 215 52 82 53 16 54 251 55 267 56 30 57 113 58 266 59 215 60 158 61 492 62 1 63 134 64 223 65 532 66 200 67 221 68 221 69 231 70 247 71 67 72 36 73 27 74 67 75 452 76 537 77 201 78 206 79 293 80 139 81 277 82 269 83 485 84 350 85 219 86 176 87 82 88 486 89 183 90 206 91 201 92 139 93 20 94 277 95 133 96 387 97 239 98 462 99 237 100 18 101 34 102 482 103 28 104 14 105 225 106 261 107 526 108 472 109 352 110 77 111 543 112 525 113 168 114 136 115 322 116 242 117 223 118 38 119 478 120 343 121 124 122 16 123 97 124 251 125 342 126 490 127 325 128 184 129 267 130 214 131 85 132 17 133 119 134 1 135 507 136 506 137 133 138 224 139 387 140 4 141 77 142 217 143 216 144 197 145 74 146 463 147 225 148 14 149 247 150 231 151 208 152 468 153 199 154 244 155 364 156 473 157 489 158 362 159 441 160 456 161 1 162 506 163 169 164 251 165 428 166 437 167 267 168 437 169 214 170 446 171 134 172 169 173 89 174 235 175 386 176 470 177 192 178 381 179 388 180 207 181 215 182 519 183 258 184 113 185 279 186 150 187 195 188 1 189 270 190 197 191 289 192 197 193 121 194 279 195 67 196 274 197 471 198 240 199 481 200 513 201 421 202 383 203 132 204 483 205 29 206 481 207 236 208 471 209 103 210 286 211 221 212 295 213 16 214 100 215 1 216 110 217 270 218 56 219 161 220 1 221 195 222 292 223 16 224 150 225 329 226 195 227 75 228 192 229 21 230 221 231 509 232 231 233 151 234 447 235 89 236 27 237 111 238 67 239 462 240 199 241 237 242 34 243 28 244 364 245 481 246 350 247 236 248 132 249 29 250 176 251 30 252 478 253 209 254 16 255 508 256 97 257 158 258 35 259 136 260 249 261 453 262 337 263 31 264 390 265 125 266 127 267 229 268 204 269 538 270 197 271 216 272 4 273 543 274 77 275 540 276 267 277 184 278 1 279 545 280 507 281 154 282 436 283 303 284 226 285 217 286 166 287 190 288 461 289 228 290 376 291 104 292 247 293 467 294 478 295 380 296 136 297 382 298 417 299 197 300 247 301 7 302 36 303 461 304 190 305 226 306 36 307 4 308 247 309 419 310 7 311 272 312 90 313 375 314 52 315 179 316 306 317 418 318 158 319 202 320 223 321 134 322 38 323 233 324 229 325 127 326 31 327 138 328 390 329 348 330 207 331 388 332 519 333 203 334 258 335 341 336 89 337 307 338 192 339 180 340 98 341 540 342 184 343 541 344 507 345 545 346 524 347 331 348 144 349 43 350 118 351 321 352 282 353 304 354 320 355 123 356 79 357 163 358 257 359 373 360 528 361 92 362 173 363 197 364 538 365 522 366 198 367 315 368 408 369 543 370 4 371 14 372 261 373 155 374 312 375 319 376 102 377 313 378 469 379 91 380 351 381 241 382 133 383 201 384 293 385 325 386 101 387 324 388 265 389 269 390 277 391 85 392 275 393 49 394 505 395 531 396 223 397 78 398 536 399 223 400 531 401 529 402 149 403 16 404 16 405 539 406 529 407 275 408 272 409 49 410 52 411 265 412 324 413 309 414 53 415 256 416 69 417 94 418 141 419 332 420 305 421 271 422 317 423 157 424 131 425 223 426 8 427 55 428 1 429 55 430 56 431 299 432 297 433 16 434 55 435 142 436 162 437 165 438 57 439 279 440 520 441 288 442 294 443 289 444 58 445 197 446 221 447 58 448 25 449 300 450 67 451 298 452 148 453 58 454 59 455 115 456 326 457 143 458 353 459 238 460 46 461 352 462 472 463 155 464 308 465 112 466 61 467 62 468 195 469 330 470 153 471 521 472 327 473 131 474 349 475 470 476 511 477 256 478 235 479 131 480 157 481 174 482 256 483 63 484 309 485 312 486 64 487 319 488 273 489 313 490 73 491 304 492 65 493 320 494 359 495 534 496 278 497 533 498 323 499 135 500 263 501 163 502 79 503 137 504 306 505 523 506 302 507 88 508 344 509 302 510 344 511 544 512 318 513 66 514 33 515 171 516 67 517 535 518 221 519 542 520 532 521 257 522 467 523 380 524 156 525 123 526 320 527 257 528 358 529 79 530 382 531 123 532 417 533 69 534 157 535 317 536 309 537 271 538 53 539 172 540 278 541 534 542 533 543 346 544 182 545 536 546 114 547 314 548 539 549 366 550 333 551 340 552 525 553 543 554 46 555 238 556 32 557 530 558 305 559 332 560 43 561 144 562 347 563 372 564 527 565 94 566 282 567 321 568 72 569 91 570 73 571 313 572 15 573 102 574 319 575 74 576 436 577 154 578 284 579 431 580 434 581 445 582 465 583 259 584 217 585 77 586 414 587 285 588 283 589 454 590 208 591 494 592 264 593 362 594 151 595 441 596 450 597 0 598 75 599 117 600 448 601 378 602 513 603 506 604 421 605 214 606 437 607 396 608 76 609 455 610 365 611 434 612 194 613 216 614 526 615 440 616 363 617 107 618 466 619 260 620 77 621 525 622 222 623 491 624 453 625 249 626 531 627 477 628 136 629 424 630 508 631 220 632 281 633 529 634 478 635 65 636 323 637 177 638 263 639 404 640 44 641 438 642 80 643 206 644 505 645 160 646 275 647 76 648 507 649 252 650 541 651 253 652 490 653 81 654 524 655 497 656 184 657 214 658 395 659 191 660 254 661 251 662 492 663 158 664 418 665 24 666 384 667 134 668 392 669 30 670 266 671 181 672 267 673 540 674 369 675 545 676 1 677 67 678 537 679 535 680 192 681 532 682 180 683 345 684 505 685 49 686 101 687 152 688 324 689 350 690 410 691 443 692 176 693 487 694 86 695 175 696 223 697 536 698 407 699 539 700 16 701 540 702 339 703 88 704 545 705 318 706 196 707 67 708 111 709 452 710 454 711 283 712 451 713 544 714 401 715 90 716 189 717 523 718 306 719 91 720 355 721 73 722 239 723 387 724 308 725 273 726 406 727 92 728 140 729 315 730 64 731 64 732 315 733 170 734 273 735 92 736 334 737 109 738 93 739 510 740 503 741 167 742 400 743 271 744 305 745 188 746 69 747 374 748 94 749 12 750 95 751 499 752 146 753 311 754 368 755 364 756 439 757 96 758 199 759 411 760 488 761 186 762 442 763 30 764 211 765 493 766 276 767 493 768 427 769 276 770 453 771 424 772 337 773 354 774 256 775 53 776 89 777 386 778 307 779 192 780 98 781 381 782 131 783 159 784 317 785 393 786 367 787 501 788 45 789 479 790 99 791 223 792 286 793 8 794 16 795 296 796 100 797 265 798 498 799 101 800 512 801 227 802 139 803 423 804 502 805 225 806 102 807 48 808 312 809 290 810 16 811 295 812 221 813 25 814 103 815 430 816 303 817 462 818 419 819 228 820 461 821 275 822 301 823 272 824 105 825 265 826 52 827 54 828 310 829 106 830 422 831 398 832 500 833 463 834 14 835 284 836 107 837 260 838 224 839 132 840 108 841 483 842 232 843 240 844 471 845 312 846 316 847 64 848 403 849 93 850 109 851 195 852 329 853 26 854 287 855 110 856 1 857 0 858 451 859 283 860 178 861 200 862 377 863 231 864 509 865 412 866 200 867 532 868 377 869 526 870 363 871 472 872 224 873 260 874 387 875 209 876 389 877 30 878 475 879 158 880 215 881 356 882 529 883 539 884 531 885 136 886 168 887 543 888 370 889 115 890 60 891 538 892 353 893 304 894 116 895 65 896 357 897 163 898 263 899 490 900 253 901 17 902 76 903 252 904 455 905 405 906 535 907 331 908 397 909 542 910 221 911 196 912 524 913 545 914 541 915 490 916 342 917 120 918 66 919 318 920 212 921 88 922 302 923 274 924 328 925 279 926 520 927 23 928 121 929 5 930 215 931 457 932 113 933 258 934 433 935 257 936 379 937 467 938 257 939 163 940 187 941 123 942 68 943 304 944 250 945 123 946 382 947 478 948 124 949 380 950 136 951 417 952 322 953 21 954 449 955 75 956 391 957 447 958 151 959 126 960 157 961 69 962 309 963 336 964 271 965 125 966 248 967 458 968 127 969 204 970 444 971 494 972 218 973 264 974 454 975 128 976 285 977 468 978 104 979 376 980 208 981 362 982 456 983 333 984 278 985 70 986 51 987 314 988 130 989 131 990 470 991 381 992 354 993 6 994 256 995 235 996 256 997 386 998 213 999 159 1000 131 1001 486 1002 82 1003 24 1004 191 1005 219 1006 254 1007 18 1008 237 1009 429 1010 28 1011 482 1012 425 1013 251 1014 97 1015 211 1016 10 1017 38 1018 134 1019 135 1020 323 1021 65 1022 263 1023 44 1024 359 1025 491 1026 249 1027 220 1028 478 1029 136 1030 281 1031 52 1032 306 1033 137 1034 335 1035 90 1036 272 1037 394 1038 233 1039 476 1040 518 1041 262 1042 138 1043 29 1044 483 1045 432 1046 471 1047 236 1048 426 1049 334 1050 92 1051 528 1052 522 1053 315 1054 140 1055 43 1056 530 1057 332 1058 72 1059 321 1060 527 1061 55 1062 8 1063 142 1064 297 1065 296 1066 16 1067 238 1068 143 1069 32 1070 143 1071 326 1072 360 1073 542 1074 282 1075 84 1076 535 1077 537 1078 338 1079 385 1080 348 1081 145 1082 22 1083 464 1084 203 1085 301 1086 361 1087 371 1088 95 1089 371 1090 361 1091 403 1092 109 1093 147 1094 147 1095 313 1096 273 1097 298 1098 67 1099 290 1100 25 1101 58 1102 148 1103 136 1104 477 1105 281 1106 508 1107 242 1108 220 1109 57 1110 150 1111 279 1112 197 1113 270 1114 288 1115 441 1116 151 1117 264 1118 450 1119 75 1120 285 1121 325 1122 293 1123 345 1124 269 1125 85 1126 152 1127 287 1128 521 1129 153 1130 330 1131 195 1132 26 1133 430 1134 462 1135 18 1136 34 1137 259 1138 482 1139 155 1140 261 1141 15 1142 239 1143 308 1144 355 1145 322 1146 9 1147 156 1148 156 1149 9 1150 123 1151 210 1152 124 1153 358 1154 210 1155 358 1156 257 1157 336 1158 416 1159 230 1160 106 1161 230 1162 416 1163 202 1164 158 1165 30 1166 186 1167 30 1168 158 1169 307 1170 6 1171 354 1172 213 1173 98 1174 159 1175 275 1176 515 1177 311 1178 139 1179 227 1180 438 1181 292 1182 195 1183 62 1184 327 1185 521 1186 161 1187 56 1188 55 1189 162 1190 291 1191 299 1192 16 1193 367 1194 243 1195 435 1196 435 1197 243 1198 116 1199 59 1200 58 1201 289 1202 164 1203 67 1204 300 1205 520 1206 294 1207 23 1208 328 1209 165 1210 279 1211 166 1212 465 1213 445 1214 303 1215 445 1216 462 1217 313 1218 280 1219 469 1220 312 1221 495 1222 167 1223 478 1224 529 1225 343 1226 50 1227 245 1228 343 1229 169 1230 437 1231 446 1232 513 1233 383 1234 13 1235 73 1236 406 1237 273 1238 64 1239 170 1240 319 1241 171 1242 535 1243 405 1244 397 1245 11 1246 542 1247 70 1248 278 1249 172 1250 130 1251 314 1252 346 1253 173 1254 538 1255 60 1256 408 1257 370 1258 543 1259 309 1260 63 1261 310 1262 174 1263 349 1264 131 1265 407 1266 366 1267 539 1268 175 1269 536 1270 87 1271 457 1272 122 1273 5 1274 410 1275 350 1276 176 1277 65 1278 177 1279 320 1280 79 1281 404 1282 263 1283 537 1284 178 1285 89 1286 178 1287 192 1288 89 1289 272 1290 375 1291 49 1292 324 1293 179 1294 52 1295 537 1296 89 1297 341 1298 180 1299 255 1300 41 1301 369 1302 399 1303 545 1304 181 1305 540 1306 83 1307 533 1308 182 1309 323 1310 359 1311 44 1312 534 1313 483 1314 232 1315 471 1316 378 1317 448 1318 365 1319 507 1320 184 1321 252 1322 541 1323 496 1324 253 1325 72 1326 527 1327 372 1328 43 1329 347 1330 530 1331 453 1332 97 1333 424 1334 97 1335 508 1336 424 1337 187 1338 379 1339 257 1340 99 1341 479 1342 501 1343 271 1344 188 1345 53 1346 317 1347 374 1348 69 1349 544 1350 344 1351 401 1352 33 1353 523 1354 189 1355 190 1356 228 1357 473 1358 468 1359 190 1360 473 1361 492 1362 392 1363 266 1364 251 1365 384 1366 191 1367 75 1368 0 1369 474 1370 460 1371 474 1372 0 1373 71 1374 193 1375 246 1376 538 1377 216 1378 526 1379 284 1380 14 1381 431 1382 14 1383 387 1384 260 1385 267 1386 4 1387 195 1388 267 1389 195 1390 16 1391 42 1392 234 1393 339 1394 540 1395 541 1396 339 1397 197 1398 173 1399 4 1400 522 1401 32 1402 198 1403 360 1404 528 1405 373 1406 3 1407 458 1408 248 1409 96 1410 199 1411 364 1412 111 1413 509 1414 452 1415 509 1416 111 1417 412 1418 117 1419 378 1420 201 1421 277 1422 117 1423 201 1424 10 1425 427 1426 38 1427 427 1428 493 1429 38 1430 388 1431 203 1432 348 1433 459 1434 420 1435 268 1436 449 1437 21 1438 391 1439 229 1440 125 1441 204 1442 503 1443 400 1444 205 1445 205 1446 316 1447 503 1448 432 1449 426 1450 29 1451 206 1452 139 1453 438 1454 519 1455 113 1456 207 1457 22 1458 385 1459 464 1460 413 1461 75 1462 19 1463 19 1464 129 1465 413 1466 382 1467 467 1468 250 1469 35 1470 389 1471 209 1472 257 1473 9 1474 210 1475 123 1476 380 1477 417 1478 251 1479 211 1480 10 1481 418 1482 392 1483 492 1484 212 1485 120 1486 83 1487 66 1488 120 1489 212 1490 6 1491 213 1492 256 1493 386 1494 131 1495 381 1496 506 1497 214 1498 421 1499 365 1500 448 1501 76 1502 475 1503 215 1504 389 1505 113 1506 215 1507 207 1508 440 1509 77 1510 222 1511 194 1512 466 1513 216 1514 154 1515 465 1516 74 1517 434 1518 217 1519 414 1520 456 1521 218 1522 27 1523 218 1524 494 1525 27 1526 481 1527 240 1528 132 1529 486 1530 254 1531 219 1532 249 1533 2 1534 442 1535 30 1536 442 1537 2 1538 67 1539 221 1540 16 1541 171 1542 221 1543 67 1544 363 1545 480 1546 472 1547 222 1548 525 1549 480 1550 223 1551 175 1552 16 1553 221 1554 223 1555 16 1556 463 1557 107 1558 224 1559 482 1560 259 1561 18 1562 429 1563 237 1564 425 1565 225 1566 133 1567 423 1568 436 1569 226 1570 166 1571 419 1572 461 1573 7 1574 265 1575 37 1576 498 1577 498 1578 37 1579 160 1580 244 1581 34 1582 489 1583 364 1584 489 1585 34 1586 31 1587 125 1588 229 1589 476 1590 518 1591 394 1592 230 1593 422 1594 126 1595 230 1596 398 1597 422 1598 231 1599 412 1600 128 1601 454 1602 231 1603 128 1604 214 1605 396 1606 421 1607 108 1608 232 1609 483 1610 127 1611 138 1612 233 1613 415 1614 409 1615 39 1616 234 1617 42 1618 119 1619 17 1620 524 1621 119 1622 21 1623 447 1624 391 1625 511 1626 235 1627 470 1628 29 1629 426 1630 236 1631 487 1632 443 1633 86 1634 411 1635 439 1636 488 1637 237 1638 28 1639 425 1640 538 1641 526 1642 71 1643 340 1644 143 1645 238 1646 239 1647 261 1648 351 1649 351 1650 133 1651 239 1652 91 1653 102 1654 239 1655 239 1656 355 1657 91 1658 232 1659 13 1660 240 1661 13 1662 383 1663 240 1664 133 1665 241 1666 423 1667 495 1668 469 1669 280 1670 78 1671 223 1672 242 1673 242 1674 508 1675 78 1676 243 1677 367 1678 393 1679 243 1680 393 1681 357 1682 104 1683 244 1684 228 1685 244 1686 104 1687 468 1688 536 1689 531 1690 114 1691 245 1692 50 1693 114 1694 112 1695 525 1696 61 1697 246 1698 193 1699 61 1700 208 1701 456 1702 247 1703 376 1704 247 1705 36 1706 444 1707 248 1708 127 1709 390 1710 138 1711 127 1712 504 1713 2 1714 249 1715 158 1716 504 1717 249 1718 379 1719 187 1720 68 1721 123 1722 250 1723 68 1724 134 1725 251 1726 10 1727 134 1728 384 1729 251 1730 252 1731 395 1732 455 1733 184 1734 395 1735 252 1736 253 1737 496 1738 81 1739 497 1740 253 1741 81 1742 437 1743 428 1744 446 1745 24 1746 254 1747 486 1748 532 1749 542 1750 84 1751 84 1752 41 1753 255 1754 256 1755 131 1756 386 1757 256 1758 213 1759 131 1760 257 1761 380 1762 123 1763 123 1764 9 1765 257 1766 258 1767 203 1768 388 1769 433 1770 258 1771 5 1772 154 1773 259 1774 465 1775 259 1776 430 1777 18 1778 194 1779 260 1780 466 1781 431 1782 14 1783 260 1784 225 1785 502 1786 261 1787 351 1788 261 1789 502 1790 15 1791 261 1792 102 1793 239 1794 102 1795 261 1796 262 1797 518 1798 476 1799 39 1800 409 1801 484 1802 65 1803 263 1804 135 1805 116 1806 263 1807 65 1808 264 1809 151 1810 75 1811 413 1812 264 1813 75 1814 146 1815 12 1816 265 1817 105 1818 516 1819 265 1820 516 1821 514 1822 265 1823 12 1824 499 1825 265 1826 485 1827 191 1828 82 1829 485 1830 219 1831 191 1832 181 1833 1 1834 267 1835 385 1836 145 1837 464 1838 459 1839 268 1840 145 1841 269 1842 293 1843 512 1844 512 1845 139 1846 269 1847 269 1848 152 1849 101 1850 101 1851 293 1852 269 1853 57 1854 270 1855 150 1856 270 1857 110 1858 150 1859 69 1860 271 1861 126 1862 271 1863 69 1864 332 1865 52 1866 272 1867 105 1868 335 1869 272 1870 52 1871 64 1872 273 1873 140 1874 273 1875 64 1876 147 1877 23 1878 274 1879 121 1880 164 1881 121 1882 274 1883 514 1884 301 1885 275 1886 275 1887 146 1888 265 1889 514 1890 275 1891 265 1892 275 1893 311 1894 146 1895 276 1896 202 1897 30 1898 392 1899 276 1900 30 1901 277 1902 201 1903 17 1904 277 1905 17 1906 85 1907 130 1908 278 1909 51 1910 130 1911 135 1912 278 1913 4 1914 279 1915 195 1916 4 1917 67 1918 279 1919 93 1920 167 1921 510 1922 280 1923 167 1924 495 1925 149 1926 529 1927 281 1928 477 1929 149 1930 281 1931 144 1932 338 1933 282 1934 347 1935 144 1936 282 1937 283 1938 460 1939 0 1940 285 1941 460 1942 283 1943 284 1944 107 1945 463 1946 434 1947 414 1948 284 1949 285 1950 75 1951 151 1952 151 1953 460 1954 285 1955 286 1956 103 1957 100 1958 8 1959 286 1960 100 1961 287 1962 153 1963 26 1964 110 1965 287 1966 26 1967 288 1968 270 1969 57 1970 288 1971 57 1972 294 1973 59 1974 289 1975 164 1976 289 1977 121 1978 164 1979 290 1980 295 1981 25 1982 298 1983 290 1984 25 1985 56 1986 291 1987 161 1988 299 1989 291 1990 56 1991 291 1992 292 1993 161 1994 292 1995 62 1996 161 1997 206 1998 80 1999 293 2000 512 2001 293 2002 80 2003 345 2004 293 2005 505 2006 505 2007 293 2008 101 2009 294 2010 165 2011 23 2012 57 2013 165 2014 294 2015 25 2016 295 2017 103 2018 100 2019 103 2020 295 2021 8 2022 296 2023 142 2024 296 2025 8 2026 100 2027 142 2028 297 2029 162 2030 296 2031 297 2032 142 2033 148 2034 298 2035 25 2036 300 2037 298 2038 148 2039 162 2040 299 2041 56 2042 297 2043 299 2044 162 2045 59 2046 300 2047 148 2048 300 2049 59 2050 164 2051 272 2052 301 2053 105 2054 105 2055 301 2056 371 2057 302 2058 66 2059 212 2060 66 2061 302 2062 137 2063 436 2064 166 2065 303 2066 303 2067 166 2068 445 2069 304 2070 479 2071 45 2072 304 2073 163 2074 45 2075 393 2076 304 2077 45 2078 45 2079 116 2080 304 2081 305 2082 94 2083 188 2084 372 2085 94 2086 305 2087 306 2088 90 2089 189 2090 375 2091 90 2092 306 2093 307 2094 98 2095 341 2096 98 2097 307 2098 159 2099 155 2100 15 2101 308 2102 61 2103 155 2104 308 2105 309 2106 157 2107 54 2108 54 2109 422 2110 309 2111 309 2112 310 2113 54 2114 54 2115 336 2116 309 2117 310 2118 500 2119 106 2120 63 2121 174 2122 310 2123 311 2124 499 2125 368 2126 515 2127 37 2128 311 2129 109 2130 312 2131 503 2132 47 2133 316 2134 312 2135 313 2136 47 2137 312 2138 312 2139 167 2140 503 2141 313 2142 312 2143 109 2144 109 2145 510 2146 313 2147 147 2148 517 2149 313 2150 517 2151 47 2152 313 2153 114 2154 70 2155 314 2156 346 2157 314 2158 70 2159 315 2160 198 2161 92 2162 170 2163 315 2164 92 2165 64 2166 316 2167 147 2168 205 2169 147 2170 316 2171 374 2172 317 2173 53 2174 159 2175 53 2176 317 2177 196 2178 318 2179 88 2180 33 2181 88 2182 318 2183 319 2184 73 2185 15 2186 170 2187 73 2188 319 2189 177 2190 79 2191 320 2192 156 2193 320 2194 79 2195 118 2196 43 2197 321 2198 141 2199 321 2200 43 2201 168 2202 322 2203 124 2204 322 2205 156 2206 124 2207 323 2208 182 2209 44 2210 177 2211 323 2212 44 2213 152 2214 49 2215 324 2216 179 2217 324 2218 49 2219 345 2220 85 2221 325 2222 342 2223 325 2224 85 2225 115 2226 46 2227 326 2228 334 2229 326 2230 46 2231 327 2232 62 2233 153 2234 161 2235 62 2236 327 2237 328 2238 274 2239 23 2240 165 2241 328 2242 23 2243 150 2244 110 2245 329 2246 329 2247 110 2248 26 2249 26 2250 153 2251 330 2252 62 2253 330 2254 153 2255 331 2256 43 2257 118 2258 118 2259 11 2260 331 2261 332 2262 141 2263 43 2264 69 2265 141 2266 332 2267 51 2268 333 2269 87 2270 278 2271 333 2272 51 2273 140 2274 334 2275 46 2276 273 2277 334 2278 140 2279 137 2280 335 2281 52 2282 302 2283 335 2284 137 2285 271 2286 336 2287 126 2288 126 2289 336 2290 230 2291 337 2292 186 2293 158 2294 249 2295 337 2296 158 2297 282 2298 338 2299 84 2300 338 2301 41 2302 84 2303 234 2304 196 2305 339 2306 339 2307 196 2308 88 2309 340 2310 71 2311 246 2312 71 2313 340 2314 238 2315 98 2316 180 2317 341 2318 341 2319 180 2320 41 2321 42 2322 342 2323 119 2324 119 2325 342 2326 85 2327 343 2328 168 2329 124 2330 245 2331 168 2332 343 2333 344 2334 88 2335 33 2336 33 2337 189 2338 344 2339 345 2340 49 2341 152 2342 152 2343 85 2344 345 2345 172 2346 346 2347 70 2348 346 2349 172 2350 182 2351 185 2352 347 2353 72 2354 72 2355 347 2356 282 2357 348 2358 203 2359 40 2360 145 2361 348 2362 40 2363 174 2364 63 2365 349 2366 349 2367 511 2368 470 2369 485 2370 122 2371 350 2372 176 2373 350 2374 122 2375 351 2376 502 2377 91 2378 91 2379 241 2380 351 2381 352 2382 155 2383 61 2384 193 2385 352 2386 61 2387 60 2388 353 2389 115 2390 353 2391 46 2392 115 2393 307 2394 354 2395 159 2396 354 2397 53 2398 159 2399 73 2400 355 2401 15 2402 308 2403 15 2404 355 2405 356 2406 70 2407 114 2408 50 2409 356 2410 114 2411 357 2412 263 2413 116 2414 243 2415 357 2416 116 2417 124 2418 156 2419 358 2420 358 2421 156 2422 79 2423 263 2424 359 2425 135 2426 278 2427 135 2428 359 2429 373 2430 32 2431 360 2432 143 2433 360 2434 32 2435 146 2436 368 2437 361 2438 361 2439 301 2440 146 2441 413 2442 129 2443 362 2444 129 2445 151 2446 362 2447 363 2448 222 2449 480 2450 440 2451 222 2452 363 2453 3 2454 473 2455 364 2456 364 2457 199 2458 3 2459 365 2460 277 2461 20 2462 20 2463 183 2464 365 2465 333 2466 366 2467 87 2468 175 2469 87 2470 366 2471 99 2472 367 2473 435 2474 367 2475 99 2476 501 2477 368 2478 95 2479 361 2480 499 2481 95 2482 368 2483 369 2484 1 2485 181 2486 181 2487 83 2488 369 2489 370 2490 60 2491 115 2492 173 2493 60 2494 370 2495 371 2496 95 2497 12 2498 371 2499 12 2500 105 2501 185 2502 372 2503 305 2504 372 2505 185 2506 72 2507 198 2508 32 2509 373 2510 92 2511 198 2512 373 2513 188 2514 374 2515 53 2516 94 2517 374 2518 188 2519 179 2520 375 2521 306 2522 375 2523 179 2524 49 2525 190 2526 376 2527 36 2528 376 2529 190 2530 468 2531 377 2532 192 2533 178 2534 377 2535 532 2536 192 2537 201 2538 378 2539 183 2540 365 2541 183 2542 378 2543 250 2544 379 2545 68 2546 467 2547 379 2548 250 2549 380 2550 210 2551 417 2552 380 2553 124 2554 210 2555 381 2556 98 2557 213 2558 6 2559 381 2560 213 2561 35 2562 209 2563 382 2564 35 2565 382 2566 136 2567 240 2568 383 2569 132 2570 383 2571 108 2572 132 2573 24 2574 82 2575 384 2576 191 2577 384 2578 82 2579 385 2580 207 2581 348 2582 385 2583 22 2584 207 2585 307 2586 386 2587 6 2588 386 2589 381 2590 6 2591 14 2592 112 2593 387 2594 387 2595 112 2596 308 2597 388 2598 215 2599 5 2600 258 2601 388 2602 5 2603 30 2604 389 2605 113 2606 389 2607 215 2608 113 2609 125 2610 390 2611 248 2612 127 2613 248 2614 390 2615 391 2616 151 2617 204 2618 204 2619 125 2620 391 2621 211 2622 276 2623 392 2624 418 2625 211 2626 392 2627 357 2628 393 2629 163 2630 163 2631 304 2632 393 2633 45 2634 163 2635 393 2636 501 2637 163 2638 393 2639 394 2640 229 2641 233 2642 394 2643 518 2644 229 2645 455 2646 395 2647 117 2648 395 2649 448 2650 117 2651 396 2652 13 2653 232 2654 108 2655 396 2656 232 2657 397 2658 171 2659 11 2660 221 2661 171 2662 397 2663 500 2664 398 2665 106 2666 398 2667 230 2668 106 2669 120 2670 399 2671 83 2672 369 2673 83 2674 399 2675 400 2676 93 2677 205 2678 400 2679 167 2680 93 2681 344 2682 189 2683 401 2684 90 2685 401 2686 189 2687 44 2688 182 2689 402 2690 172 2691 402 2692 182 2693 93 2694 403 2695 205 2696 403 2697 147 2698 205 2699 404 2700 177 2701 44 2702 404 2703 79 2704 177 2705 171 2706 405 2707 11 2708 331 2709 11 2710 405 2711 406 2712 170 2713 92 2714 406 2715 73 2716 170 2717 407 2718 175 2719 366 2720 16 2721 175 2722 407 2723 4 2724 173 2725 408 2726 408 2727 173 2728 370 2729 409 2730 415 2731 138 2732 138 2733 262 2734 409 2735 86 2736 410 2737 176 2738 443 2739 410 2740 86 2741 96 2742 439 2743 411 2744 411 2745 199 2746 96 2747 128 2748 412 2749 0 2750 412 2751 451 2752 0 2753 208 2754 264 2755 413 2756 413 2757 362 2758 208 2759 284 2760 414 2761 107 2762 414 2763 466 2764 107 2765 476 2766 233 2767 415 2768 138 2769 415 2770 233 2771 54 2772 106 2773 416 2774 416 2775 336 2776 54 2777 210 2778 9 2779 417 2780 322 2781 417 2782 9 2783 418 2784 202 2785 10 2786 10 2787 211 2788 418 2789 104 2790 228 2791 419 2792 247 2793 104 2794 419 2795 40 2796 203 2797 420 2798 203 2799 464 2800 420 2801 383 2802 421 2803 108 2804 421 2805 396 2806 108 2807 54 2808 157 2809 422 2810 126 2811 422 2812 157 2813 309 2814 422 2815 157 2816 500 2817 157 2818 422 2819 423 2820 241 2821 48 2822 102 2823 423 2824 48 2825 424 2826 220 2827 186 2828 337 2829 424 2830 186 2831 425 2832 133 2833 429 2834 425 2835 224 2836 133 2837 426 2838 432 2839 206 2840 183 2841 426 2842 206 2843 276 2844 427 2845 202 2846 10 2847 202 2848 427 2849 24 2850 428 2851 254 2852 251 2853 254 2854 428 2855 463 2856 429 2857 225 2858 429 2859 133 2860 225 2861 154 2862 303 2863 430 2864 430 2865 259 2866 154 2867 434 2868 431 2869 194 2870 431 2871 260 2872 194 2873 432 2874 20 2875 139 2876 432 2877 139 2878 206 2879 113 2880 433 2881 122 2882 5 2883 122 2884 433 2885 74 2886 217 2887 434 2888 216 2889 74 2890 434 2891 45 2892 99 2893 435 2894 435 2895 116 2896 45 2897 74 2898 7 2899 436 2900 7 2901 226 2902 436 2903 396 2904 437 2905 13 2906 169 2907 13 2908 437 2909 438 2910 227 2911 160 2912 505 2913 438 2914 160 2915 237 2916 439 2917 28 2918 364 2919 28 2920 439 2921 216 2922 77 2923 440 2924 526 2925 216 2926 440 2927 456 2928 441 2929 218 2930 264 2931 218 2932 441 2933 186 2934 220 2935 442 2936 249 2937 442 2938 220 2939 443 2940 236 2941 350 2942 236 2943 443 2944 29 2945 444 2946 3 2947 248 2948 444 2949 204 2950 3 2951 445 2952 259 2953 34 2954 462 2955 445 2956 34 2957 446 2958 428 2959 24 2960 134 2961 446 2962 24 2963 447 2964 235 2965 89 2966 21 2967 235 2968 447 2969 76 2970 448 2971 214 2972 395 2973 214 2974 448 2975 75 2976 449 2977 125 2978 391 2979 125 2980 449 2981 128 2982 0 2983 450 2984 285 2985 128 2986 450 2987 412 2988 111 2989 451 2990 27 2991 451 2992 111 2993 537 2994 452 2995 178 2996 452 2997 200 2998 178 2999 38 3000 97 3001 453 3002 491 3003 38 3004 453 3005 27 3006 231 3007 454 3008 454 3009 451 3010 27 3011 365 3012 455 3013 277 3014 455 3015 117 3016 277 3017 247 3018 456 3019 36 3020 456 3021 27 3022 36 3023 457 3024 82 3025 176 3026 457 3027 176 3028 122 3029 468 3030 458 3031 199 3032 3 3033 199 3034 458 3035 145 3036 40 3037 459 3038 40 3039 420 3040 459 3041 460 3042 89 3043 474 3044 151 3045 89 3046 460 3047 7 3048 461 3049 226 3050 461 3051 36 3052 226 3053 462 3054 34 3055 244 3056 244 3057 199 3058 462 3059 463 3060 224 3061 18 3062 18 3063 429 3064 463 3065 145 3066 268 3067 464 3068 420 3069 464 3070 268 3071 166 3072 217 3073 465 3074 74 3075 465 3076 217 3077 216 3078 466 3079 77 3080 414 3081 77 3082 466 3083 209 3084 467 3085 382 3086 209 3087 478 3088 467 3089 19 3090 125 3091 468 3092 468 3093 473 3094 19 3095 48 3096 241 3097 469 3098 91 3099 469 3100 241 3101 21 3102 192 3103 470 3104 470 3105 235 3106 21 3107 20 3108 471 3109 183 3110 471 3111 426 3112 183 3113 155 3114 472 3115 14 3116 472 3117 112 3118 14 3119 19 3120 473 3121 129 3122 204 3123 129 3124 473 3125 75 3126 474 3127 192 3128 89 3129 192 3130 474 3131 475 3132 35 3133 158 3134 475 3135 389 3136 35 3137 476 3138 415 3139 39 3140 476 3141 39 3142 262 3143 78 3144 149 3145 477 3146 531 3147 78 3148 477 3149 30 3150 2 3151 478 3152 136 3153 478 3154 2 3155 187 3156 479 3157 68 3158 304 3159 68 3160 479 3161 472 3162 480 3163 112 3164 480 3165 525 3166 112 3167 219 3168 350 3169 481 3170 132 3171 219 3172 481 3173 425 3174 482 3175 224 3176 18 3177 224 3178 482 3179 483 3180 471 3181 20 3182 432 3183 483 3184 20 3185 39 3186 484 3187 262 3188 409 3189 262 3190 484 3191 82 3192 266 3193 485 3194 266 3195 113 3196 485 3197 176 3198 486 3199 132 3200 486 3201 219 3202 132 3203 176 3204 29 3205 487 3206 29 3207 443 3208 487 3209 488 3210 237 3211 199 3212 488 3213 439 3214 237 3215 473 3216 228 3217 489 3218 244 3219 489 3220 228 3221 325 3222 490 3223 201 3224 17 3225 201 3226 490 3227 220 3228 242 3229 491 3230 242 3231 38 3232 491 3233 492 3234 266 3235 82 3236 215 3237 492 3238 82 3239 211 3240 97 3241 493 3242 38 3243 493 3244 97 3245 208 3246 231 3247 494 3248 27 3249 494 3250 231 3251 312 3252 48 3253 495 3254 48 3255 469 3256 495 3257 81 3258 496 3259 184 3260 541 3261 184 3262 496 3263 497 3264 524 3265 17 3266 253 3267 497 3268 17 3269 160 3270 227 3271 498 3272 101 3273 498 3274 227 3275 265 3276 499 3277 37 3278 37 3279 499 3280 311 3281 174 3282 500 3283 310 3284 174 3285 157 3286 500 3287 501 3288 479 3289 187 3290 187 3291 163 3292 501 3293 91 3294 502 3295 102 3296 502 3297 423 3298 102 3299 503 3300 316 3301 47 3302 503 3303 47 3304 109 3305 158 3306 136 3307 504 3308 504 3309 136 3310 2 3311 101 3312 80 3313 505 3314 80 3315 438 3316 505 3317 506 3318 76 3319 214 3320 506 3321 507 3322 76 3323 507 3324 81 3325 184 3326 507 3327 524 3328 81 3329 78 3330 508 3331 149 3332 16 3333 149 3334 508 3335 452 3336 509 3337 200 3338 221 3339 200 3340 509 3341 510 3342 167 3343 280 3344 313 3345 510 3346 280 3347 63 3348 511 3349 349 3350 256 3351 511 3352 63 3353 512 3354 80 3355 101 3356 101 3357 227 3358 512 3359 169 3360 506 3361 513 3362 513 3363 13 3364 169 3365 146 3366 301 3367 514 3368 514 3369 516 3370 146 3371 275 3372 160 3373 515 3374 37 3375 515 3376 160 3377 146 3378 516 3379 12 3380 105 3381 12 3382 516 3383 147 3384 109 3385 517 3386 47 3387 517 3388 109 3389 229 3390 518 3391 31 3392 31 3393 518 3394 138 3395 207 3396 22 3397 519 3398 519 3399 22 3400 203 3401 520 3402 121 3403 197 3404 197 3405 288 3406 520 3407 1 3408 521 3409 287 3410 161 3411 521 3412 1 3413 46 3414 32 3415 522 3416 46 3417 522 3418 140 3419 33 3420 66 3421 523 3422 137 3423 523 3424 66 3425 119 3426 524 3427 234 3428 234 3429 524 3430 196 3431 246 3432 525 3433 340 3434 61 3435 525 3436 246 3437 526 3438 352 3439 193 3440 71 3441 526 3442 193 3443 141 3444 527 3445 321 3446 141 3447 94 3448 527 3449 360 3450 326 3451 528 3452 334 3453 528 3454 326 3455 343 3456 529 3457 50 3458 50 3459 529 3460 356 3461 530 3462 347 3463 185 3464 530 3465 185 3466 305 3467 531 3468 168 3469 245 3470 114 3471 531 3472 245 3473 255 3474 532 3475 84 3476 180 3477 532 3478 255 3479 130 3480 533 3481 135 3482 130 3483 346 3484 533 3485 172 3486 534 3487 402 3488 402 3489 534 3490 44 3491 535 3492 338 3493 144 3494 331 3495 535 3496 144 3497 87 3498 536 3499 51 3500 51 3501 536 3502 314 3503 537 3504 341 3505 41 3506 338 3507 537 3508 41 3509 538 3510 71 3511 238 3512 353 3513 538 3514 238 3515 539 3516 333 3517 70 3518 539 3519 70 3520 356 3521 212 3522 540 3523 88 3524 83 3525 540 3526 212 3527 541 3528 342 3529 42 3530 339 3531 541 3532 42 3533 542 3534 11 3535 118 3536 542 3537 118 3538 282 3539 543 3540 115 3541 143 3542 543 3543 143 3544 340 3545 302 3546 544 3547 335 3548 544 3549 90 3550 335 3551 545 3552 399 3553 120 3554 545 3555 120 3556 318 3557</p>
        </triangles>
      </mesh>
    </geometry>
  </library_geometries>
  <library_visual_scenes>
    <visual_scene id="leg_shank_link_dummy" name="leg_shank_link_dummy">
      <node name="FBXASC227FBXASC130FBXASC189FBXASC227FBXASC131FBXASC170FBXASC227FBXASC131FBXASC131FBXASC227FBXASC131FBXASC1371" id="FBXASC227FBXASC130FBXASC189FBXASC227FBXASC131FBXASC170FBXASC227FBXASC131FBXASC131FBXASC227FBXASC131FBXASC1371" sid="FBXASC227FBXASC130FBXASC189FBXASC227FBXASC131FBXASC170FBXASC227FBXASC131FBXASC131FBXASC227FBXASC131FBXASC1371">
        <matrix sid="matrix">25.4 -0 0 -0 0 25.4 -0 0 0 0 25.4 0.25 0 0 0 1</matrix>
        <instance_geometry url="#FBXASC227FBXASC130FBXASC189FBXASC227FBXASC131FBXASC170FBXASC227FBXASC131FBXASC131FBXASC227FBXASC131FBXASC1371-lib">
          <bind_material>
            <technique_common>
              <instance_material symbol="MaterialFBXASC032FBXASC03525" target="#MaterialFBXASC032FBXASC03525"/>
            </technique_common>
          </bind_material>
        </instance_geometry>
        <extra>
          <technique profile="FCOLLADA">
            <visibility>1.000000</visibility>
          </technique>
        </extra>
      </node>
      <extra>
        <technique profile="MAX3D">
          <frame_rate>30.000000</frame_rate>
        </technique>
        <technique profile="FCOLLADA">
          <start_time>0.000000</start_time>
          <end_time>3.333333</end_time>
        </technique>
      </extra>
    </visual_scene>
  </library_visual_scenes>
  <scene>
    <instance_visual_scene url="#leg_shank_link_dummy"/>
  </scene>
</COLLADA>