<?xml version='1.0' encoding='UTF-8'?>
<COLLADA xmlns="http://www.collada.org/2005/11/COLLADASchema" version="1.4.1">
  <asset>
    <contributor>
      <author/>
      <authoring_tool>FBX COLLADA exporter</authoring_tool>
      <comments/>
    </contributor>
    <created>2026-08-14T12:40:01Z</created>
    <keywords/>
    <modified>2026-08-14T12:40:01Z</modified>
    <revision/>
    <subject/>
    <title/>
    <unit meter="1.0" name="meter"/>
    <up_axis>Z_UP</up_axis>
  </asset>
  <library_materials>
    <material id="MaterialFBXASC032FBXASC03525" name="MaterialFBXASC032FBXASC03525">
      <instance_effect url="#MaterialFBXASC032FBXASC03525-fx"/>
    </material>
    <material id="MaterialFBXASC032FBXASC03526" name="MaterialFBXASC032FBXASC03526">
      <instance_effect url="#MaterialFBXASC032FBXASC03526-fx"/>
    </material>
    <material id="MaterialFBXASC032FBXASC03527" name="MaterialFBXASC032FBXASC03527">
      <instance_effect url="#MaterialFBXASC032FBXASC03527-fx"/>
    </material>
    <material id="MaterialFBXASC032FBXASC03528" name="MaterialFBXASC032FBXASC03528">
      <instance_effect url="#MaterialFBXASC032FBXASC03528-fx"/>
    </material>
  </library_materials>
  <library_effects>
    <effect id="MaterialFBXASC032FBXASC03525-fx" name="MaterialFBXASC032FBXASC03525">
      <profile_COMMON>
        <technique sid="standard">
          <phong>
            <emission>
              <color sid="emission">0.000000  0.000000 0.000000 1.000000</color>
            </emission>
            <ambient>
              <color sid="ambient">0.270588  0.270588 0.270588 1.000000</color>
            </ambient>
            <diffuse>
              <color sid="diffuse">0.270588  0.270588 0.270588 1.000000</color>
            </diffuse>
            <specular>
              <color sid="specular">0.000000  0.000000 0.000000 1.000000</color>
            </specular>
            <shininess>
              <float sid="shininess">1.000000</float>
            </shininess>
            <transparency>
              <float sid="transparency">0.000000</float>
            </transparency>
          </phong>
        </technique>
      </profile_COMMON>
    </effect>
    <effect id="MaterialFBXASC032FBXASC03526-fx" name="MaterialFBXASC032FBXASC03526">
      <profile_COMMON>
        <technique sid="standard">
          <phong>
            <emission>
              <color sid="emission">0.000000  0.000000 0.000000 1.000000</color>
            </emission>
            <ambient>
              <color sid="ambient">0.749020  0.749020 0.749020 1.000000</color>
            </ambient>
            <diffuse>
              <color sid="diffuse">0.749020  0.749020 0.749020 1.000000</color>
            </diffuse>
            <specular>
              <color sid="specular">0.000000  0.000000 0.000000 1.000000</color>
            </specular>
            <shininess>
              <float sid="shininess">1.000000</float>
            </shininess>
            <transparency>
              <float sid="transparency">0.000000</float>
            </transparency>
          </phong>
        </technique>
      </profile_COMMON>
    </effect>
    <effect id="MaterialFBXASC032FBXASC03527-fx" name="MaterialFBXASC032FBXASC03527">
      <profile_COMMON>
        <technique sid="standard">
          <phong>
            <emission>
              <color sid="emission">0.000000  0.000000 0.000000 1.000000</color>
            </emission>
            <ambient>
              <color sid="ambient">0.996078  0.996078 1.000000 1.000000</color>
            </ambient>
            <diffuse>
              <color sid="diffuse">0.996078  0.996078 1.000000 1.000000</color>
            </diffuse>
            <specular>
              <color sid="specular">0.000000  0.000000 0.000000 1.000000</color>
            </specular>
            <shininess>
              <float sid="shininess">1.000000</float>
            </shininess>
            <transparency>
              <float sid="transparency">0.000000</float>
            </transparency>
          </phong>
        </technique>
      </profile_COMMON>
    </effect>
    <effect id="MaterialFBXASC032FBXASC03528-fx" name="MaterialFBXASC032FBXASC03528">
      <profile_COMMON>
        <technique sid="standard">
          <phong>
            <emission>
              <color sid="emission">0.000000  0.000000 0.000000 1.000000</color>
            </emission>
            <ambient>
              <color sid="ambient">0.698039  0.698039 0.698039 1.000000</color>
            </ambient>
            <diffuse>
              <color sid="diffuse">0.698039  0.698039 0.698039 1.000000</color>
            </diffuse>
            <specular>
              <color sid="specular">0.000000  0.000000 0.000000 1.000000</color>
            </specular>
            <shininess>
              <float sid="shininess">1.000000</float>
            </shininess>
            <transparency>
              <float sid="transparency">0.000000</float>
            </transparency>
          </phong>
        </technique>
      </profile_COMMON>
    </effect>
  </library_effects>
  <library_geometries>
    <geometry id="FBXASC227FBXASC130FBXASC189FBXASC227FBXASC131FBXASC170FBXASC227FBXASC131FBXASC131FBXASC227FBXASC131FBXASC1371-lib" name="FBXASC227FBXASC130FBXASC189FBXASC227FBXASC131FBXASC170FBXASC227FBXASC131FBXASC131FBXASC227FBXASC131FBXASC1371Mesh">
      <mesh>
        <source id="FBXASC227FBXASC130FBXASC189FBXASC227FBXASC131FBXASC170FBXASC227FBXASC131FBXASC131FBXASC227FBXASC131FBXASC1371-POSITION">
          <float_array id="FBXASC227FBXASC130FBXASC189FBXASC227FBXASC131FBXASC170FBXASC227FBXASC131FBXASC131FBXASC227FBXASC131FBXASC1371-POSITION-array" count="2268">-8.8554e-05 9.2168e-05 0.000748031 0.000966201 -0.001181102 0.000667395 0.000966201 0.001181102 0.000311024 0.001392658 0.000637795 -0.001683345 -0.000128762 -0.000844721 -0.000413486 0.000430081 -0.000932788 -0.00144833 -0.000294117 0.000590551 -0.000317876 0.001664623 -0.001614173 -0.001386575 -0.000428061 -0.001968504 0.000619544 0.001099253 0.001968504 -0.000520635 -0.00014802 0.001273156 0.000984252 0.000949805 -0.001614173 -0.000562047 0.000254553 0.001968504 0.000350362 0.000783965 0.001614173 -0.001759498 0.000984686 -5.6893e-05 0.000748031 -0.00019685 -0.000590551 0.000385746 -0.00051137 0.001968504 -0.000552785 0.000783965 -0.001614173 -0.001759498 0.001954788 0.00094323 0.000462923 0.001956821 -0.000826772 -0.000511811 0.001954453 -0.000962425 0.000571781 0.000986625 0.000637795 -0.000886461 -0.000254553 -0.001968504 -0.000350362 0.00057562 0.001968504 -0.000716979 -0.000120313 0.001084337 0.000416022 0.001252748 -0.000637795 -0.001705504 0.000966201 0.001181102 0.000984252 0.001392658 -0.000637795 -0.000822152 -0.000196416 -0.00112421 0.000984252 0.000904079 0.000590551 -0.001869166 0.000385841 0.000826772 -0.000196666 0.001942014 -0.000590551 -0.001415393 -4.0492e-05 -0.001406119 -0.001001757 0.001924625 0.001614173 -0.00141129 0.000785396 -0.001968504 5.616e-05 0.000332051 0.000281941 0.000984252 -0.000252855 0.000590551 -0.000783465 0.001897522 0.001968504 -0.000504717 -2.9061e-05 -0.001143172 0.000432095 0.001897522 -0.001968504 0.000984252 0 -0.001968504 0.000433071 0.001159783 -0.001181102 0.000311024 0.001897522 0.001968504 0.000984252 0.001897522 -0.001968504 -0.000504717 0.000822152 -0.000637795 -0.001112839 0.001386575 0.001614173 -0.001664623 0.001619035 0.000637795 -0.000986625 -0.000720565 0.001968504 0.000218762 0.001954904 0.000936582 -8.7146e-05 -0.000360368 -0.000732133 -0.000721873 -0.000214902 0 0.000984252 0.000785396 0.001968504 5.616e-05 -0.00041683 0.000590551 0.000117488 0.001386575 -0.001614173 -0.001664623 -0.00035934 0.001968504 0.000984252 0.001886238 0.000590551 -0.001569344 0.001971252 0 0.000984252 0.000332051 -0.000281941 0.000748031 0.000254553 0.001968504 -0.000350362 0.000796904 0.001181102 -0.00022723 0.000372026 -0.000826772 0.000221691 0.000601202 0.001152384 -0.000669291 0.001054966 -0.000590551 -0.001932765 -0.000720565 -0.001968504 0.000218762 0.000380214 -0.001797836 0.000699717 0.000796904 -0.001181102 -0.00022723 0.001159783 -0.001181102 0.000984252 0.000454202 0.001404135 0.000679084 0.000886461 0.000637795 -0.001518871 -0.00066128 -0.000590551 -0.000408146 0.001386575 -0.001614173 -0.000840873 0.001159783 0 0.000984252 -0.00051137 -0.001968504 -0.000552785 0.001660092 0.001181102 0.000667395 0.001386575 0.001614173 -0.000840873 0.000411875 -0.001968504 0.000133826 -0.000326608 0.000590551 0.000492014 -0.000433071 0.001968504 0 0.000818114 -0.001968504 -0.000643942 0.000128762 -0.000826772 -0.000413486 0.000662247 0.000251344 0.000748031 0.000840873 0.001614173 -0.001118922 0.000522462 -0.001309864 -0.000669291 0.000714298 -0.001181102 0.000420081 0.000601202 0.000590551 -0.000669291 -0.000572745 -0.000590551 0.000143925 0.001705504 -0.000637795 -0.001252748 0.001536436 0.000590551 -0.001901641 -0.000710404 0.000590551 -0.000314961 5.6244e-05 -0.000826772 0.000429403 0.001536436 -0.000590551 -0.001901641 0.000966201 0.001181102 0.000667395 0 0.001968504 0.000433071 0.000840873 -0.001614173 -0.001118922 0.001376622 0.001614173 -0.001931872 -0.000600004 0.000590551 -0.000493831 0.00195324 -0.001031922 -8.7146e-05 0.000740226 -0.000165805 0.000984252 0.001956821 0.000826772 -0.000511811 0.000254553 -0.001968504 -0.000350362 -0.000411875 -0.001968504 0.000133826 0.00074021 -0.001968504 -0.000268496 0.00074021 0.001968504 -0.000268496 0.001376622 -0.001614173 -0.001931872 0.001660092 0.001181102 -0.00022723 -0.000254553 0.001968504 -0.000350362 0.00044338 -0.000313617 0.000984252 0.000385841 0.000826772 0.000196666 0.000660031 0.001614173 -0.000704536 0.000454202 -0.001404135 0.000679084 0.000649429 0.001218244 -0.001644457 0.000178749 0.000113777 0.000748031 -6.7973e-05 0.000826772 -0.000427703 0.001956821 0.000826772 0.000748031 0.000782039 -5.7874e-05 0.000748031 0.000383145 -0.000765574 -0.001408886 -0.000348793 -0.000590551 -0.000256698 -0.000236782 0.001199963 -0.000825076 0.001660092 -0.001181102 0.000667395 0.001660092 -0.001181102 -0.00022723 0.000483207 0.001968504 0.000621701 0.000740872 -0.001614173 -0.000680187 0.001667153 0.001614173 -0.001804855 0.000949805 0.001614173 -0.000562047 6.7563e-05 0.000826772 0.000427768 0.000714298 0.001181102 0.000420081 -0.00035934 -0.001968504 0.000984252 -0.00019685 -0.000826772 0.000748031 -0.000700247 0.001968504 -0.000276993 0.000886461 -0.000637795 -0.001518871 -0.000700247 -0.001968504 -0.000276993 0.001943077 -0.001614173 -0.000498532 0.000128762 -0.000905512 -0.000669291 0.000568844 -0.001356246 -0.001554397 -3.9804e-05 -5.6893e-05 0.000984252 -0.00043667 -0.000590551 0.00039758 0.001685819 0.001614173 -0.001252748 0.001619035 0.000637795 -0.001518871 -0.00019685 0.000826772 0.000748031 0.000411875 0.001968504 -0.000133826 0.000558634 0.000302937 0.000984252 0.001667153 -0.001614173 -0.001804855 0.001099253 -0.001968504 -0.000520635 -0.000294117 0.000590551 0.000317876 -0.000385975 -0.001614173 -0.000677211 -0.000428061 0.001968504 0.000619544 0.001943077 0.001614173 -0.000498532 -0.000128762 -0.000759794 -0.000511085 -0.000200074 -0.000590551 -0.000873524 -0.000385975 0.001614173 -0.000677211 0.001619035 -0.000637795 -0.001518871 0.001943077 -0.001614173 -0.001252748 -8.8554e-05 -9.2168e-05 0.000748031 0.001956821 -0.000826772 0.000748031 -0.000139603 -0.001320705 -0.00087615 -2.1319e-05 -0.001181102 0.000984252 -0.000120308 0.001277868 0.000416024 0.001392658 0.000637795 -0.000822152 0.000254553 -0.001968504 0.000350362 -0.000350362 0.001968504 0.000254553 0.000651216 0.000590551 -0.001623614 0.000966201 -0.001181102 0.000984252 0.000432165 -0.000826772 -2.8002e-05 0.001118922 -0.001614173 -0.000840873 0.000156299 -0.000946078 -0.001194744 -0 -0.001968504 -0.000433071 0.000694477 -0.001968504 0.000371084 0.001159783 0.001181102 0.000984252 0.001033082 9.2054e-05 0.000748031 -0.000156417 -0.001269991 0.000403837 0.000694477 0.001968504 0.000371084 -0.000520399 0.000590551 0.00027917 0.001118922 0.001614173 -0.001664623 -0.000196416 0.00112421 0.000984252 0.001159783 0.001181102 0.000311024 0.000984686 5.6893e-05 0.000984252 -0.00019685 -0.000590551 0.000556777 0.000483207 -0.001968504 0.000621701 0.000380214 0.001797836 0.000699717 0.000822001 -0.001181102 0.000104899 0.000128762 -0.000590551 -0.000511811 -0.000393701 0 0.000984252 0.001960944 0.000590551 -0.001252748 0.000771831 -0.000590551 -0.001772614 0.000239682 -0.000212188 0.000984252 0.001059956 -0.001614173 -0.001915609 -0.00019685 0.000590551 -0.000511811 0.000662247 -0.000251344 0.000748031 0.000822152 0.000637795 -0.001112839 -0.000254553 -0.001968504 0.000350362 0.001118922 0.001614173 -0.000840873 0.001701358 -0.001968504 0.000708661 0.001159783 0.001181102 0.000667395 -0.000527703 -0.000590551 -0.000570441 0.001217342 0.001614173 -0.001942168 0.000768557 -0.001582064 -0.000248244 0.000768557 0.001582064 -0.000248244 0.001118922 -0.001614173 -0.001664623 0.001701358 -0.001968504 -0.000268496 0.001252748 0.001614173 -0.000498532 0.000840873 0.001614173 -0.001386575 -0.000128762 -0.000905512 -0.000669291 0.000522462 -0.001052341 -0.000669291 0.001252748 -0.001614173 -0.000498532 0.001796595 -0.000590551 -0.001706369 -2.9059e-05 0.001143175 0.000432095 0.001216426 0.000590551 -0.001960012 0.000156765 -0.000590551 -0.001203629 -0.000350362 0.001968504 -0.000254553 0.001701358 0.001968504 0.000708661 0.000966201 -0.001181102 0.000311024 -0.000133826 0.001968504 0.000411875 0.000411875 -0.001968504 -0.000133826 0.00057562 -0.001968504 -0.000716979 -0.000418533 -0.000828424 -0.000665776 -0.000214902 0 0.000550062 0.001971252 0 0.000748031 0.000818114 0.001968504 -0.000643942 0.000411875 0.001968504 0.000133826 0.001033082 -0.001273156 0.00067222 0.001952975 0.001047101 0.000500729 0.001543307 0.001039521 0.00054372 -0.000411875 -0.001968504 -0.000133826 0.000196481 0.000826772 -0.000385935 -0.00041683 -0.000590551 0.000117488 -0 0.001968504 -0.000433071 0.000569393 -0.00100541 -0.001564776 0.001701358 0.001968504 -0.000268496 -0.000590551 0.000590551 0 0.001870255 -0.001614173 -0.001561356 0.00160311 -0.001614173 -0.000998196 0.000782039 5.7874e-05 0.000984252 -0.00020735 -0.001143621 0.000380206 -8.82e-05 9.2054e-05 0.000984252 -0.000369324 0.000590551 -0.000226164 0.000340307 -0.000826772 -0.000267846 0.001033082 -9.2054e-05 0.000984252 -0.000156368 -0.001092193 0.000403856 -2.1319e-05 0.001181102 0.000984252 -0.000369558 -0.001968504 -0.000683973 -0.000369324 -0.000590551 0.000226164 0.000840873 -0.001614173 -0.001386575 -0.000369558 0.001968504 -0.000683973 0.001960944 -0.000590551 -0.001252748 -0.00014802 -0.001273156 0.000984252 0.000986625 -0.000637795 -0.000886461 0.001092902 -0.001273156 0.000984252 0.000239682 0.000212188 0.000748031 -0.00065404 -0.001968504 0.000373232 0.000615301 0.001181102 0.000555063 0.000615301 -0.001181102 0.000555063 0.001112839 0.000637795 -0.001683345 0.000822001 0.001181102 0.000104899 0.001141298 -5.6893e-05 0.000748031 0.001092902 0.001273156 0.000984252 0.000239682 -0.000212188 0.000748031 0.000587195 -0.000850251 -0.001085886 0.00063916 -0.000765574 -0.001134344 0.001543307 0.000984252 0.000447992 0.001543307 -0.000962425 0.000571781 0.001543307 -0.001025274 0.000462923 0.001952975 -0.001047101 0.000500729 0.000740226 0.000165805 0.000984252 0.00160311 0.001614173 -0.001507301 0.00015748 0 0.000984252 -0.00065404 0.001968504 0.000373232 0.000239682 0.000212188 0.000984252 0.001943077 0.001614173 -0.001252748 0.00044338 0.000313617 0.000748031 0.001033082 0.001273156 0.00067222 -0.00019685 0.000590551 0.000556777 0.000292534 -0.000787402 -0.001324545 0.00034322 -0.001968504 0.000708661 -4.3506e-05 -0.000905512 -0.00043088 0.001705504 0.000637795 -0.001252748 0.00160311 0.001614173 -0.000998196 0.00034322 0.001968504 0.000708661 0.001252748 -0.000637795 -0.000799992 -0.000128762 -0.000590551 -0.000413486 0.00195334 0.001026172 -5.4537e-05 0.001661417 0.000967696 -3.3254e-05 0.001683345 -0.000637795 -0.001112839 -0.000590551 -0.000590551 -0.000314961 0.000575835 -0.001614173 -0.000710798 -0.00019685 -0.000826772 0.000385746 -6.7973e-05 0.000826772 0.000427703 -0.000246872 0.001152384 -0.000669291 -0.00074426 0.001968504 -0.000114667 -0.000133826 -0.001968504 0.000411875 0.001796595 0.000590551 -0.001706369 0.000984686 -0.00112421 0.000984252 -0.00019685 0.000826772 0.000385746 0.001159783 -0.001181102 0.000667395 0.001112839 -0.000637795 -0.001683345 -0.00035934 -0.001968504 0.000739031 -0.000128762 -0.000590551 -0.000669291 0.000822152 0.000637795 -0.001392658 -0.000251317 -0.000590551 -0.00035269 0.000133826 -0.001968504 -0.000411875 -0.00019685 0.000826772 -0.000385746 0.001216426 -0.000590551 -0.001960012 0.001054966 0.000590551 -0.001932765 0.000427736 0.000826772 6.7768e-05 0.001960944 0.000590551 -0.000511811 0.001960944 -0.000590551 -0.000511811 -5.0925e-05 -0.001250776 0.000430066 -0.00014855 -9.188e-05 0.000748031 -0.000621305 0.001968504 -0.000425502 -0.000621305 -0.001968504 -0.000425502 0.001954615 -0.000953138 -0.000115821 0.001661417 -0.001026172 -5.4537e-05 -7.3614e-05 -0.000826772 0.000426769 -0.000128762 -0.001309864 -0.000669291 0.000756505 -0.001968504 0.000218406 0.000756505 0.001968504 0.000218406 0.000912876 -0.001614173 -0.001853614 0.001252748 -0.001968504 -0.000504717 0.000558634 -0.000302937 0.000984252 -0.00019685 5.629e-05 0.000748031 -0.00035934 0.001968504 0.000739031 0.001252748 0.001968504 -0.000504717 0.001782874 0.001614173 -0.001694925 0.001782874 -0.001614173 -0.001694925 0.001954788 -0.00094323 0.000462923 0.000740872 0.001614173 -0.000680187 -0.00019685 0.000826772 -0.000511811 0.000289558 -0.000826772 0.000322035 0.000782039 5.7874e-05 0.000748031 -0.000590551 0.000590551 -0.000314961 -0.00020737 0.001143669 0.000380195 0.001092902 -0.001089048 0.000311024 -0.000751147 0.001968504 5.3379e-05 0.000784149 -0.001181102 0.000267957 -0.000369324 0.000590551 0.000226164 0.000784149 0.001181102 0.000267957 -0.000359052 -0.00084267 -0.000720462 -0.00043667 0.000590551 0.00039758 -0.000326608 -0.000590551 0.000492014 0.000431949 -0.001428995 -0.001438259 0.000912876 0.001614173 -0.001853614 0.000826312 -0.001181102 -6.244e-05 0.000779884 -0.001968504 -0.000108545 0.001529279 0.001614173 -0.00188527 0.000826312 0.001181102 -6.244e-05 0.000779884 0.001968504 -0.000108545 0.001217342 -0.001614173 -0.001942168 -0.000527703 0.000590551 -0.000570441 0.001870255 0.001614173 -0.001561356 0.001529279 -0.001614173 -0.00188527 0.000433071 0.001968504 -0 0.001924625 -0.001614173 -0.00141129 -0.000411875 0.001968504 -0.000133826 0.000587195 -0.000724552 -0.001085886 -8.82e-05 -0.001089048 0.000984252 0.001059956 0.001614173 -0.001915609 0.001661417 -0.000984252 -0.000127146 0.00160311 -0.001614173 -0.001507301 0.000433071 -0.001968504 -0 -8.82e-05 0.001089048 0.000984252 -0.000433071 -0.001968504 0 0.001661417 0.000984252 -0.000127146 -0.00014802 -9.2054e-05 0.000984252 0.001677879 0.000590551 -0.001819145 0.001252748 0.001614173 -0.001685819 -0.000411875 0.001968504 0.000133826 0.001097983 -0.001614173 -0.000514581 0.001097983 0.001614173 -0.000514581 0.001092902 9.2054e-05 0.000984252 -0.000133826 0.001968504 -0.000411875 0.001953691 0.001006079 0.000571781 0.001252748 -0.001614173 -0.001685819 -0.000350362 -0.001968504 -0.000254553 0.001379828 -0.000590551 -0.001949449 0.001543307 -0.000921403 0.000500729 0.000128762 -0.001052341 -0.000669291 0.000133826 0.001968504 0.000411875 0.000350362 0.001968504 0.000254553 -0.000350362 -0.001968504 0.000254553 -0.000520399 -0.000590551 0.00027917 0.000128762 -0.000826772 -0.000511811 0.001252748 0.001614173 -0.000819677 0.000984686 0.001237995 0.000984252 0.001677879 -0.000590551 -0.001819145 0.000133826 -0.001968504 0.000411875 0.000350362 -0.001968504 0.000254553 0.001141298 5.6893e-05 0.000748031 -2.1319e-05 0 0.000748031 -0.00019685 0.000590551 -0.000385746 -8.82e-05 0.001273156 0.000984252 0.000902387 0.001614173 -0.000998196 0.000602027 -0.001968504 0.000507508 -0.000254553 0.001968504 0.000350362 0.000602027 0.001968504 0.000507508 0.001252748 -0.001614173 -0.000819677 0.001886238 -0.000590551 -0.001569344 -0.000133826 -0.001968504 -0.000411875 -0.00074426 -0.001968504 -0.000114667 -0.000710404 -0.000590551 -0.000314961 0.000902387 -0.001614173 -0.000998196 -0.000393701 -0 0.00068191 0.000306154 0.000826772 0.000306301 0.001062992 0.001181102 0.000252866 0.001033082 -9.2054e-05 0.000748031 -0.000411462 -0.000590551 -0.000135089 -0.000590551 -0.000590551 0 -0.000246872 0.000590551 -0.000669291 -0.000751147 -0.001968504 5.3379e-05 0.001543307 0.000962425 0.000571781 0.001092902 -0.001273156 0.00067222 0.000404425 -0.000826772 -0.00015489 0.00015748 0 0.000748031 -0.000294117 -0.000590551 0.000317876 0.000782039 -5.7874e-05 0.000984252 0.000350362 0.001968504 -0.000254553 -5.0924e-05 0.001250776 0.000430066 0.001942014 0.000590551 -0.001415393 0.000350362 -0.001968504 -0.000254553 0.000128762 -0.000590551 -0.000669291 0.00095229 -0.001968504 -0.000567711 0.000427736 0.000826772 -6.7768e-05 0.000133826 0.001968504 -0.000411875 0.000306154 0.000826772 -0.000306301 0.00095229 0.001968504 -0.000567711 0.000904079 -0.000590551 -0.001869166 0.000984686 0.00112421 0.000984252 0.000196481 0.000826772 0.000385935 0.000363464 -0.00084267 -0.001388847 -0.000170402 -0.000827112 -0.000398137 -0.000433071 -0.000590551 0 0.00044338 0.000313617 0.000984252 0.000245579 -0.000826772 -0.000356709 0.000421031 -0.000826772 0.000101405 -0.000572745 0.000590551 0.000143925 -0.00041683 0.000590551 -0.000117488 0.001092902 -0.001089048 0.000984252 0.000740226 0.000165805 0.000748031 -0.000128762 -0.000724224 -0.000413486 0.000740226 -0.000165805 0.000748031 0.000332051 -0.000281941 0.000984252 0.000178749 -0.000113777 0.000748031 6.7563e-05 0.000826772 -0.000427768 0.000417208 -0.001609713 0.000689858 0.000417208 0.001609713 0.000689858 0.000181043 -0.000826772 0.000393413 0.000332051 0.000281941 0.000748031 -0.00019685 0.000590551 0.000385746 0.000662247 0.000251344 0.000984252 0.001379828 0.000590551 -0.001949449 0.00044338 -0.000313617 0.000748031 0.001664623 0.001614173 -0.001386575 0.001685819 -0.001614173 -0.001252748 0.000662247 -0.000251344 0.000984252 0.001953529 0.001015366 -0.000115821 0.000178749 -0.000113777 0.000984252 -0.000392017 -0.000724552 -0.000692775 -0.000771213 -0 -0.000158846 0.000998196 -0.001614173 -0.000902387 0.000998196 0.001614173 -0.000902387 -0.00066128 0.000590551 -0.000408146 0.001062992 -0.001181102 0.000252866 -0.000769499 0 0.000166949 -0.000433071 0.000590551 0 0.001518871 0.000637795 -0.001619035 0.001507301 -0.001614173 -0.00160311 0.001507301 0.001614173 -0.00160311 -0.00055489 -0.001968504 0.000509085 0.000771831 0.000590551 -0.001772614 0.001683345 -0.000637795 -0.001392658 0.000799992 -0.000637795 -0.001252748 0.001112839 0.000637795 -0.000822152 0.001661417 -0.000942332 -5.4537e-05 -0.00014802 9.2054e-05 0.000984252 0.000491196 0.001181102 0.000667395 0.000491196 -0.001181102 0.000667395 -0.000600004 -0.000590551 -0.000493831 -0.00055489 0.001968504 0.000509085 0.001092902 -9.2054e-05 0.000984252 -0.000128762 -0.000905512 -0.000413486 0.000886461 -0.000637795 -0.000986625 0.000886461 0.000637795 -0.000986625 0.000966201 0 0.000984252 0.001955037 0.000928983 0.00054372 0.000822152 -0.000637795 -0.001392658 0.001252748 0.000637795 -0.000799992 0.000178749 0.000113777 0.000984252 0.001092902 0.001089048 0.000311024 -2.1319e-05 0 0.000984252 0.001141298 0.00112421 0.000984252 0.001518871 -0.000637795 -0.001619035 -8.82e-05 -0.001273156 0.000984252 0.000661159 0.001968504 -0.000710617 -3.9804e-05 -0.00112421 0.000984252 0.000661159 -0.001968504 -0.000710617 0.001507301 0.001614173 -0.000902387 0.000984686 5.6893e-05 0.000748031 0.000660031 -0.001614173 -0.000704536 0.000558634 -0.000302937 0.000748031 0.00074329 -0.001968504 -0.00068588 0.000819677 -0.001614173 -0.001252748 0.000819677 0.001614173 -0.001252748 0.000622834 -0.001095458 -0.001622774 0.001252748 0.000637795 -0.001705504 0.001112839 -0.000637795 -0.000822152 0.000558634 0.000302937 0.000748031 -0.000156368 0.001270012 0.000403856 0.001141298 -0.001237995 0.000984252 0.001518871 0.000637795 -0.000886461 0.001954804 -0.000942332 -5.4537e-05 0.000998196 0.001614173 -0.00160311 0.000998196 -0.001614173 -0.00160311 0.000984686 -0.001237995 0.000984252 -0.000191826 -0.001275127 -0.000864876 0.001507301 -0.001614173 -0.000902387 0.000575835 0.001614173 -0.000710798 -2.9059e-05 -0.00121903 0.000432095 0.000902387 0.001614173 -0.001507301 0.001937579 -0.00192914 0.000984252 0.001937579 0.00192914 0.000984252 0.000621452 -0.000787402 -0.0010654 0.000128762 -0.000905512 -0.000413486 -0.000636046 0 0.000464162 0.001141298 0.001237995 0.000670377 0.001518871 -0.000637795 -0.000886461 0.001392658 -0.000637795 -0.001683345 0.001504961 -0.000984252 0.000511811 0.001504961 0.000984252 0.000511811 0.001632332 0.000984252 -7.874e-05 0.001543307 -0.001039521 0.00054372 0.001543307 0.000921403 0.000500729 0.000984686 0.00112421 0.000311024 0.000330499 -0.000724552 -0.00136116 -0.000138145 -0.000590551 -0.000848348 -0.00014802 0.001089048 0.000984252 4.3506e-05 -0.000905512 -0.00043088 -0.000128762 -0.000833972 -0.000490699 0.000986625 0.000637795 -0.001619035 0.001683345 0.000637795 -0.001112839 0.00074329 0.001968504 -0.00068588 0.000902387 -0.001614173 -0.001507301 0.000565581 -0.001218503 -0.001492041 0.000966201 0 0.000748031 0.000814521 0.001614173 -0.000638909 0.000814521 -0.001614173 -0.000638909 0.000150289 -0.001030814 -0.001080055 -3.9804e-05 5.6893e-05 0.000984252 0.001664623 0.001614173 -0.001118922 -0.00014802 -0.001089048 0.000984252 0.000984686 0.001237995 0.000670377 -8.82e-05 -9.2054e-05 0.000984252 0.001683345 0.000637795 -0.001392658 0.001033082 9.2054e-05 0.000984252 0.001661417 0.001026172 -5.4537e-05 -3.9914e-05 -5.7043e-05 0.000748031 -0.000390521 -0.000850251 -0.000691171 0.001937579 -0.00192914 -0.00050403 0.000984686 -0.001237995 0.000670377 -3.9804e-05 -0.001237995 0.000984252 0.000618637 -0.00084267 -0.001115207 -3.9804e-05 0.001237995 0.000984252 -0.000428061 -0.001968504 0.000701467 0.001141298 5.6893e-05 0.000984252 0.001664623 -0.001614173 -0.001118922 0.001954361 0.000967696 -3.3254e-05 0.001033082 0.001089048 0.000984252 -3.9804e-05 0.00112421 0.000984252 0.001033082 0.001273156 0.000984252 -0.000196416 5.6893e-05 0.000984252 0.001953783 -0.001000808 -3.3254e-05 -0.000196416 -5.6893e-05 0.000984252 0.000986625 -0.000637795 -0.001619035 0.001619035 -0.000637795 -0.000986625 0.000799992 0.000637795 -0.001252748 -0.00014855 9.188e-05 0.000748031 -3.9914e-05 5.7043e-05 0.000748031 -0.00019685 -5.629e-05 0.000748031 0.000548626 -0.000787402 -0.00104992 0.001033082 -0.001273156 0.000984252 0.001937579 0.00192914 -0.00050403 0.001092902 9.2054e-05 0.000748031 0.001092902 0.001273156 0.00067222 -0.000196416 0.001237995 0.000984252 -0.000196416 -0.001237995 0.000984252 0.000984686 -5.6893e-05 0.000984252 0.001632332 -0.000984252 -7.874e-05 -3.937e-05 -0.001321887 -0.0008987 -0.000339371 -0.000765574 -0.000740502 -0.000120313 -0.001277867 0.000416022 0.001141298 0.001237995 0.000984252 0.001141298 -5.6893e-05 0.000984252 0.001954072 0.000984252 0.000447992 0.001141298 -0.001237995 0.000670377 0.001159783 0 0.000748031 0.001033082 -0.001089048 0.000984252 0.001092902 -9.2054e-05 0.000748031 0.000433071 -0.001017087 -0.001341977 0.000433071 -0.001344702 -0.001334043 -0.00011127 -0.001384679 -0.000936792 0.001954072 -0.000984252 0.000447992 -0.000120308 -0.001084337 0.000416024 -0.000156417 0.001092214 0.000403837 0.001953107 0.001039521 0.00054372 0.001661417 0.000936582 -8.7146e-05 0.001141298 -0.00112421 0.000984252 0.001955037 -0.000928983 0.00054372 -5.0925e-05 0.001111428 0.000430066 0.001953107 -0.001039521 0.00054372 -0.000428061 0.001968504 0.000701467 -0.000338852 -0.000809229 -0.000739944 -0.00041951 -0.00074638 -0.000666823 -8.3332e-05 0.001271428 0.000424977 -5.0924e-05 -0.001111429 0.000430066 -8.3331e-05 -0.001271428 0.000424978 -2.9061e-05 0.001219033 0.000432095 0.001092902 0.001089048 0.000984252 -0.000128762 -0.000785767 -0.000520263 0.000303006 -0.00074638 -0.001335208 0.001953356 0.001025274 0.000462923 -0.000128762 -0.000726066 -0.000452568 -0.000214902 0.001181102 0.000984252 -0.000214902 -0.001181102 0.000984252 -0.000138046 -0.001273287 -0.000846455 0.001033082 -0.001089048 0.000311024 0.001543307 0.001047101 0.000500729 0.001543307 -0.000984252 0.000447992 0.001954453 0.000962425 0.000571781 -0.000429982 -0.000787402 -0.000656161 -0.000526259 0 0.000585707 -0.000718313 0 0.000322533 -0.00020735 0.001218584 0.000380206 0.001953783 0.001000808 -3.3254e-05 -0.00020737 -0.001218535 0.000380195 -0.000787391 0 4.141e-06 0.000613161 0.001199378 -0.001566004 -0.000128762 -0.000847754 -0.000457138 0.001954072 0.000984252 -0.000127146 0.001953691 -0.001006079 0.000571781 0.001955169 0.000921403 0.000500729 0.001661417 -0.000953138 -0.000115821 0.001954072 -0.000984252 -0.000127146 -2.1319e-05 0.001181102 0.000432546 -2.1319e-05 -0.001181102 0.000432546 0.001543307 0.00094323 0.000462923 0.000559546 -0.00074638 -0.001060103 0.001954361 -0.000967696 -3.3254e-05 0.001661417 -0.001031922 -8.7146e-05 0.001953356 -0.001025274 0.000462923 0.000984686 -0.00112421 0.000311024 0.001033082 0.001089048 0.000311024 0.001141298 -0.00112421 0.000311024 0.001141298 0.00112421 0.000311024 0.000331995 -0.000850251 -0.001359555 0.000627509 -0.001221884 -0.001624092 0.000362148 -0.000732133 -0.001390258 0.001955169 -0.000921403 0.000500729 0.000671254 0.001188532 -0.001665353 0.001661417 0.001015366 -0.000115821 -0.00028382 0.000590551 -0.000796053 0.001954804 0.000942332 -5.4537e-05 0.00195334 -0.001026172 -5.4537e-05 0.001661417 -0.000967696 -3.3254e-05 -0.000128762 -0.000738658 -0.00048712 0.00063916 -0.000809229 -0.001134344 0.001543307 -0.00094323 0.000462923 0.001543307 0.000928983 0.00054372 0.001543307 -0.000928983 0.00054372 0.001543307 0.001006079 0.000571781 0.001543307 -0.001006079 0.000571781 0.000618637 -0.000732133 -0.001115207 0.001543307 0.001025274 0.000462923 0.001543307 -0.001047101 0.000500729 0.000559546 -0.000828424 -0.001060103 -0.00019685 -5.629e-05 0.000556777 0.000566666 -0.001077231 -0.001512754 -0.000721665 -0 -0.000314961 0.000383664 -0.000809229 -0.001408329 0.000303983 -0.000828424 -0.001334161 0.000682183 0.000590551 -0.001689682 0.00058999 0.001239996 -0.001588953 0.001661417 0.000942332 -5.4537e-05 0.001661417 0.001000808 -3.3254e-05 0.001661417 -0.001000808 -3.3254e-05 0.000521173 -0.00135165 -0.001466613 -0.000172369 -0.001321958 -0.000881763 0.000499304 -0.000943624 -0.001512109 0.000499288 -0.00141882 -0.001500795 0.000521056 -0.001010078 -0.001475711 0.000567071 -0.001308342 -0.00152047 -0.00019685 5.629e-05 0.000556777 0.000651095 0.001179346 -0.001621289 -8.434e-05 -0.001320779 -0.000877565 -0.000214902 -0.001181102 0.000375989 -0.000214902 0.001181102 0.000375989 -0.00018664 -0.001112749 0.000390789 -0.000186648 0.001112757 0.000390785 -0.000199313 -0.00122151 -0.000859225 -0.000144569 -0.001358578 -0.000906609 -0.000137397 -0.001220472 -0.00083407 0.00060659 -0.001317626 -0.001602463 0.000631645 0.00120537 -0.001604356 0.000479063 -0.001347715 -0.001391524 0.000478884 -0.001014051 -0.001399898 0.000565686 -0.001139763 -0.001494044 0.000609141 -0.001051616 -0.001611149 0.000621169 0.001235343 -0.001617907 0.00068146 0.001142438 -0.00167589 0.000620973 -0.001276141 -0.001616755 0.000590551 0.00119785 -0.001536846 0.000627609 -0.001145113 -0.00162601 0.000986625 0.000688976 -0.000886461 0.000822152 -0.000688976 -0.001112839 0.001683345 0.000688976 -0.001392658 0.000822152 0.000688976 -0.001112839 0.001619035 -0.000688976 -0.001518871 0.000822152 -0.000688976 -0.001392658 0.001518871 -0.000688976 -0.000886461 0.001392658 -0.000688976 -0.001683345 0.001112839 0.000688976 -0.001683345 0.001392658 0.000688976 -0.001683345 0.001705504 -0.000688976 -0.001252748 -0.000411293 -0.001007835 0.000650727 0.001683345 0.000688976 -0.001112839 0.001518871 0.000688976 -0.000886461 0.000886461 0.000688976 -0.001518871 0.001518871 0.000688976 -0.001619035 0.000886461 -0.000688976 -0.000986625 0.000986625 -0.000688976 -0.000886461 0.000886461 -0.000688976 -0.001518871 0.001619035 0.000688976 -0.000986625 0.000986625 0.000688976 -0.001619035 0.001619035 -0.000688976 -0.000986625 0.000986625 -0.000688976 -0.001619035 0.001112839 -0.000688976 -0.000822152 0.001112839 -0.000688976 -0.001683345 0.001392658 -0.000688976 -0.000822152 0.001392658 0.000688976 -0.000822152 0.001705504 0.000688976 -0.001252748 0.000799992 0.000688976 -0.001252748 0.001252748 0.000688976 -0.000799992 0.001683345 -0.000688976 -0.001392658 0.000822152 0.000688976 -0.001392658 0.001112839 0.000688976 -0.000822152 0.001683345 -0.000688976 -0.001112839 0.001619035 0.000688976 -0.001518871 0.000886461 0.000688976 -0.000986625 0.001518871 -0.000688976 -0.001619035 0.001252748 -0.000688976 -0.001705504 0.001252748 -0.000688976 -0.000799992 0.001252748 0.000688976 -0.001705504 0.000799992 -0.000688976 -0.001252748 1.4104e-05 -0.001324415 -0.000946948 -0.00041978 -0.001494065 0.000635135 -0.0004026 -0.000509813 0.000666318 -0.00041076 0.000977295 0.000691689 0.000378475 -0.001426405 -0.001388853 0.000376535 -0.000935387 -0.001398734 0.000596521 -0.001222869 -0.001557976</float_array>
          <technique_common>
            <accessor source="#FBXASC227FBXASC130FBXASC189FBXASC227FBXASC131FBXASC170FBXASC227FBXASC131FBXASC131FBXASC227FBXASC131FBXASC1371-POSITION-array" count="756" stride="3">
              <param name="X" type="float"/>
              <param name="Y" type="float"/>
              <param name="Z" type="float"/>
            </accessor>
          </technique_common>
        </source>
        <source id="FBXASC227FBXASC130FBXASC189FBXASC227FBXASC131FBXASC170FBXASC227FBXASC131FBXASC131FBXASC227FBXASC131FBXASC1371-Normal0">
          <float_array id="FBXASC227FBXASC130FBXASC189FBXASC227FBXASC131FBXASC170FBXASC227FBXASC131FBXASC131FBXASC227FBXASC131FBXASC1371-Normal0-array" count="13860">
0.000000 0.000000 2.540000
0.000000 0.000000 2.540000
0.000000 0.000000 2.540000
-0.000000 0.000000 -2.540000
-0.000000 0.000000 -2.540000
-0.000000 0.000000 -2.540000
-0.000000 2.540000 -0.000000
-0.000000 2.540000 -0.000000
-0.000000 2.540000 -0.000000
0.000000 -2.540000 0.000000
0.000000 -2.540000 0.000000
0.000000 -2.540000 0.000000
0.000000 2.540000 0.000000
0.000000 2.540000 0.000000
0.000000 2.540000 0.000000
0.000000 -2.540000 0.000000
0.000000 -2.540000 0.000000
0.000000 -2.540000 0.000000
-0.000000 0.000000 -2.540000
-0.000000 0.000000 -2.540000
-0.000000 0.000000 -2.540000
-2.361567 -0.044329 -0.934151
-2.327594 -0.044329 -1.015845
-2.321666 -0.044329 -1.029320
-1.871354 0.044329 1.716878
-2.051446 0.044329 1.497066
-1.697347 0.044329 1.889087
1.878148 -0.000000 -1.710018
1.878148 -0.000000 -1.710018
2.238270 -0.000000 -1.200729
1.725025 -0.000000 -1.864373
1.492975 -0.000000 -2.054903
1.260417 -0.000000 -2.205209
-0.000000 2.540000 -0.000000
-0.000000 2.540000 -0.000000
-0.000000 2.540000 -0.000000
-0.000000 2.540000 -0.000000
-0.000000 2.540000 -0.000000
-0.000000 2.540000 -0.000000
0.000000 -2.540000 0.000000
0.000000 -2.540000 0.000000
0.000000 -2.540000 0.000000
0.000000 0.000000 2.540000
0.000000 0.000000 2.540000
0.000000 0.000000 2.540000
0.000000 -0.132933 2.536519
0.000000 -0.132933 2.536519
0.000000 -0.132933 2.536519
-0.000000 -2.540000 -0.000000
-0.000000 -2.540000 -0.000000
-0.000000 -2.540000 -0.000000
-0.000000 -2.540000 -0.000000
-0.000000 -2.540000 -0.000000
-0.000000 -2.540000 -0.000000
-0.000000 2.540000 -0.000000
-0.000000 2.540000 -0.000000
-0.000000 2.540000 -0.000000
2.539613 0.044329 -0.000000
2.539613 0.044329 -0.000000
2.539613 0.044329 -0.000000
-1.253350 -0.044329 2.208789
-1.269807 0.044329 2.199369
-2.539613 0.044329 0.000000
0.000000 0.000000 2.540000
0.000000 0.000000 2.540000
0.000000 0.000000 2.540000
2.237172 -0.132933 1.195403
2.186440 -0.132933 1.285850
1.939358 -0.132933 1.634876
-0.784903 -0.000000 -2.415684
-1.061836 -0.000000 -2.307402
-1.492975 -0.000000 -2.054903
-0.000000 2.540000 -0.000000
-0.000000 2.540000 -0.000000
-0.000000 2.540000 -0.000000
2.237172 0.132933 1.195403
1.939358 0.132933 1.634876
2.186440 0.132933 1.285850
-2.536519 0.000000 -0.132933
-2.536519 0.000000 -0.132933
-2.536519 0.000000 -0.132933
1.492975 -0.000000 -2.054903
2.054903 -0.000000 -1.492975
1.492975 -0.000000 -2.054903
-0.000000 0.000000 -2.540000
-0.000000 0.000000 -2.540000
-0.000000 0.000000 -2.540000
0.000000 0.000000 2.540000
0.000000 0.000000 2.540000
0.000000 0.000000 2.540000
-0.000000 0.000000 -2.540000
-0.000000 0.000000 -2.540000
-0.000000 0.000000 -2.540000
0.000000 0.000000 2.540000
0.000000 0.000000 2.540000
0.000000 0.000000 2.540000
-2.415684 0.000000 0.784903
-2.371989 0.000000 0.908442
-2.054903 0.000000 1.492975
0.000000 2.540000 0.000000
0.000000 2.540000 0.000000
0.000000 2.540000 0.000000
2.540000 0.000000 -0.000000
2.540000 0.000000 -0.000000
2.415684 0.000000 0.784903
2.540000 0.000000 -0.000000
2.540000 0.000000 -0.000000
2.540000 0.000000 -0.000000
1.725025 -0.000000 -1.864373
2.054903 -0.000000 -1.492975
1.492975 -0.000000 -2.054903
0.398666 0.000000 2.508519
0.000000 0.000000 2.540000
0.784903 0.000000 2.415684
-2.361567 -0.044329 -0.934151
-2.487399 -0.044329 -0.512329
-2.327594 -0.044329 -1.015845
-1.724583 0.044329 -1.864255
-1.724583 0.044329 -1.864255
-1.724583 0.044329 -1.864255
-0.130252 -0.044329 -2.536271
0.455712 -0.044329 -2.498392
-0.130252 -0.044329 -2.536271
-1.724583 -0.044329 -1.864255
-1.724583 -0.044329 -1.864255
-1.724583 -0.044329 -1.864255
2.539613 0.044329 -0.000000
2.539613 0.044329 -0.000000
2.539613 0.044329 -0.000000
2.539613 0.044329 -0.000000
2.539613 0.044329 -0.000000
2.539613 0.044329 -0.000000
2.271713 -0.044329 -1.135321
2.271713 -0.044329 -1.135321
1.950252 -0.044329 -1.626699
2.539613 -0.044329 -0.000000
2.539613 -0.044329 -0.000000
2.539613 -0.044329 -0.000000
0.000000 0.000000 2.540000
0.000000 0.000000 2.540000
0.000000 0.000000 2.540000
0.000000 0.000000 2.540000
0.000000 0.000000 2.540000
0.000000 0.000000 2.540000
-0.000000 -0.132933 -2.536519
-0.000000 -0.132933 -2.536519
-0.000000 -0.132933 -2.536519
-2.536519 -0.132933 0.000000
-2.536519 -0.132933 0.000000
-2.536519 -0.132933 0.000000
1.492975 0.000000 2.054903
0.784903 0.000000 2.415684
1.492975 0.000000 2.054903
-2.054903 -0.000000 -1.492975
-1.492975 -0.000000 -2.054903
-2.054903 -0.000000 -1.492975
-2.054903 0.000000 1.492975
-2.371989 0.000000 0.908442
-1.995934 0.000000 1.570938
-1.724583 -0.044329 -1.864255
-1.724583 -0.044329 -1.864255
-1.724583 -0.044329 -1.864255
-2.361567 -0.044329 -0.934151
-2.161124 -0.044329 -1.333858
-2.095335 -0.044329 -1.434994
2.413264 0.000000 0.792311
2.540000 0.000000 -0.000000
2.415684 0.000000 0.784903
-0.000000 2.540000 -0.000000
-0.000000 2.540000 -0.000000
-0.000000 2.540000 -0.000000
-1.152377 -0.000000 -2.263543
-1.492975 -0.000000 -2.054903
-1.795621 -0.000000 -1.796481
1.404764 -0.000000 -2.116185
0.924306 -0.000000 -2.365853
0.846667 -0.000000 -2.394735
-0.000000 0.000000 -2.540000
-0.000000 0.000000 -2.540000
-0.000000 0.000000 -2.540000
2.054903 -0.000000 -1.492975
1.492975 -0.000000 -2.054903
2.054903 -0.000000 -1.492975
-2.054903 0.000000 1.492975
-1.492975 0.000000 2.054903
-2.054903 0.000000 1.492975
-2.536519 0.132933 0.000000
-2.536519 0.132933 0.000000
-2.536519 0.132933 0.000000
-0.000000 0.132933 -2.536519
-0.000000 0.132933 -2.536519
-0.000000 0.132933 -2.536519
0.784903 -0.000000 -2.415684
0.784903 -0.000000 -2.415684
1.492975 -0.000000 -2.054903
-2.415684 0.000000 0.784903
-2.054903 0.000000 1.492975
-2.415684 0.000000 0.784903
0.000000 0.000000 2.540000
0.000000 0.000000 2.540000
0.000000 0.000000 2.540000
0.000000 0.000000 2.540000
0.000000 0.000000 2.540000
0.000000 0.000000 2.540000
1.524534 0.044329 -2.031116
1.524534 0.044329 -2.031116
1.950252 0.044329 -1.626699
0.000000 -2.540000 0.000000
0.000000 -2.540000 0.000000
0.000000 -2.540000 0.000000
-1.152377 0.000000 2.263543
-0.784903 0.000000 2.415684
-0.396262 0.000000 2.508899
-2.508709 -0.000000 -0.397464
-2.415684 -0.000000 -0.784903
-2.540000 -0.000000 0.000000
-0.000000 2.540000 -0.000000
-0.000000 2.540000 -0.000000
-0.000000 2.540000 -0.000000
2.539613 -0.044329 -0.000000
2.539613 -0.044329 -0.000000
2.539613 -0.044329 -0.000000
-2.536519 0.000000 -0.132933
-2.536519 0.000000 -0.132933
-2.536519 0.000000 -0.132933
-0.000000 -2.536519 -0.132933
-0.000000 -2.536519 -0.132933
-0.000000 -2.536519 -0.132933
-2.540000 -0.000000 0.000000
-2.540000 -0.000000 -0.000000
-2.415684 0.000000 0.784903
-2.415684 0.000000 0.784903
-2.415684 0.000000 0.784903
-2.054903 0.000000 1.492975
0.000000 -2.540000 0.000000
0.000000 -2.540000 0.000000
0.000000 -2.540000 0.000000
0.000000 -2.540000 0.000000
0.000000 -2.540000 0.000000
0.000000 -2.540000 0.000000
0.000000 0.000000 2.540000
0.000000 0.000000 2.540000
0.000000 0.000000 2.540000
-0.000000 0.000000 -2.540000
-0.000000 0.000000 -2.540000
-0.000000 0.000000 -2.540000
-1.724583 0.044329 -1.864255
-1.724583 0.044329 -1.864255
-1.724583 0.044329 -1.864255
0.000000 -2.540000 0.000000
0.000000 -2.540000 0.000000
0.000000 -2.540000 0.000000
-0.000000 2.540000 -0.000000
-0.000000 2.540000 -0.000000
-0.000000 2.540000 -0.000000
0.000000 0.132933 2.536519
0.000000 0.132933 2.536519
0.000000 0.132933 2.536519
2.540000 0.000000 -0.000000
2.540000 0.000000 -0.000000
2.540000 0.000000 -0.000000
1.216245 -0.000000 -2.229876
1.492975 -0.000000 -2.054903
1.260417 -0.000000 -2.205209
1.798363 -1.793737 -0.000000
2.054903 -1.492975 -0.000000
2.341824 -0.983596 -0.000000
2.540000 -0.000000 -0.000000
2.540000 0.000000 -0.000000
2.342361 0.982315 -0.000000
2.539613 -0.044329 -0.000000
2.539613 -0.044329 -0.000000
2.539613 -0.044329 -0.000000
0.000000 0.000000 2.540000
0.000000 0.000000 2.540000
0.000000 0.000000 2.540000
0.000000 -2.540000 0.000000
0.000000 -2.540000 0.000000
0.000000 -2.540000 0.000000
0.000000 -2.540000 0.000000
0.000000 -2.540000 0.000000
0.000000 -2.540000 0.000000
1.312639 -0.132933 2.170463
2.186440 -0.132933 1.285850
1.410185 -0.132933 2.108389
-0.000000 -0.132933 -2.536519
-0.000000 -0.132933 -2.536519
-0.000000 -0.132933 -2.536519
0.000000 0.000000 2.540000
0.000000 0.000000 2.540000
0.000000 0.000000 2.540000
0.000000 0.000000 2.540000
0.000000 0.000000 2.540000
0.000000 0.000000 2.540000
2.539613 -0.044329 -0.000000
2.539613 -0.044329 -0.000000
2.539613 -0.044329 -0.000000
0.000000 -2.540000 0.000000
0.000000 -2.540000 0.000000
0.000000 -2.540000 0.000000
0.000000 -2.540000 0.000000
0.000000 -2.540000 0.000000
0.000000 -2.540000 0.000000
1.492975 0.000000 2.054903
2.054903 0.000000 1.492975
1.492975 0.000000 2.054903
1.492975 0.000000 2.054903
1.492975 0.000000 2.054903
2.054903 0.000000 1.492975
-0.709254 0.044329 -2.438564
-1.250339 0.044329 -2.210495
-0.709254 0.044329 -2.438564
-0.000000 2.540000 -0.000000
-0.000000 2.540000 -0.000000
-0.000000 2.540000 -0.000000
0.784903 -0.000000 -2.415684
0.784903 -0.000000 -2.415684
-0.000000 -0.000000 -2.540000
-2.161124 0.044329 -1.333858
-2.361567 0.044329 -0.934151
-2.095335 0.044329 -1.434994
1.725025 0.000000 1.864373
1.492975 0.000000 2.054903
2.054903 0.000000 1.492975
2.539613 0.044329 -0.000000
2.539613 0.044329 -0.000000
2.539613 0.044329 -0.000000
-0.000000 -2.540000 -0.000000
-0.000000 -2.540000 -0.000000
-0.000000 -2.540000 -0.000000
1.473997 0.000000 2.068558
1.492975 0.000000 2.054903
0.984844 0.000000 2.341300
2.536519 -0.000000 -0.132933
2.536519 -0.000000 -0.132933
2.536519 -0.000000 -0.132933
0.000000 0.000000 2.540000
0.000000 0.000000 2.540000
0.000000 0.000000 2.540000
2.540000 0.000000 -0.000000
2.368479 0.917554 -0.000000
2.540000 0.000000 -0.000000
-0.000000 2.540000 -0.000000
-0.000000 2.540000 -0.000000
-0.000000 2.540000 -0.000000
-0.000000 2.540000 -0.000000
-0.000000 2.540000 -0.000000
-0.000000 2.540000 -0.000000
-2.321666 0.044329 -1.029320
-2.361567 0.044329 -0.934151
-2.161124 0.044329 -1.333858
2.540000 0.000000 -0.000000
2.540000 0.000000 -0.000000
2.444744 0.000000 0.689078
-0.709254 -0.044329 -2.438564
-0.709254 -0.044329 -2.438564
-1.250339 -0.044329 -2.210495
2.054903 0.000000 1.492975
2.054903 0.000000 1.492975
1.492975 0.000000 2.054903
0.000000 0.000000 2.540000
0.000000 0.000000 2.540000
0.000000 0.000000 2.540000
0.000000 0.000000 2.540000
0.000000 0.000000 2.540000
0.000000 0.000000 2.540000
2.271713 0.044329 -1.135321
1.950252 0.044329 -1.626699
2.271713 0.044329 -1.135321
2.539613 0.044329 -0.000000
2.539613 0.044329 -0.000000
2.539613 0.044329 -0.000000
-0.000000 0.000000 -2.540000
-0.000000 0.000000 -2.540000
-0.000000 0.000000 -2.540000
2.539613 -0.044329 -0.000000
2.539613 -0.044329 -0.000000
2.539613 -0.044329 -0.000000
-0.000000 0.000000 -2.540000
-0.000000 0.000000 -2.540000
-0.000000 0.000000 -2.540000
-0.000000 0.000000 -2.540000
-0.000000 0.000000 -2.540000
-0.000000 0.000000 -2.540000
-0.000000 2.540000 -0.000000
-0.000000 2.540000 -0.000000
-0.000000 2.540000 -0.000000
-0.000000 2.540000 -0.000000
-0.000000 2.540000 -0.000000
-0.000000 2.540000 -0.000000
2.529308 0.132933 -0.191126
2.413731 0.132933 -0.779635
2.516114 0.132933 0.321091
-2.536519 0.132933 0.000000
-2.536519 0.132933 0.000000
-2.536519 0.132933 0.000000
0.000000 2.540000 0.000000
0.000000 2.540000 0.000000
0.000000 2.540000 0.000000
-1.492975 -0.000000 -2.054903
-1.061836 -0.000000 -2.307402
-1.698282 -0.000000 -1.888766
-2.536519 0.000000 -0.132933
-2.536519 0.000000 -0.132933
-2.536519 0.000000 -0.132933
-0.000000 -2.536519 -0.132933
-0.000000 -2.536519 -0.132933
-0.000000 -2.536519 -0.132933
-0.000000 2.540000 -0.000000
-0.000000 2.540000 -0.000000
-0.000000 2.540000 -0.000000
-1.724583 -0.044329 -1.864255
-1.724583 -0.044329 -1.864255
-1.724583 -0.044329 -1.864255
0.000000 -2.540000 0.000000
0.000000 -2.540000 0.000000
0.000000 -2.540000 0.000000
-1.697347 -0.044329 1.889087
-2.051446 -0.044329 1.497066
-1.871354 -0.044329 1.716878
0.000000 -2.540000 0.000000
0.000000 -2.540000 0.000000
0.000000 -2.540000 0.000000
0.000000 -2.540000 0.000000
0.000000 -2.540000 0.000000
0.000000 -2.540000 0.000000
-2.536519 -0.132933 0.000000
-2.536519 -0.132933 0.000000
-2.536519 -0.132933 0.000000
2.529308 -0.132933 -0.191126
2.516114 -0.132933 0.321091
2.413731 -0.132933 -0.779635
-0.000000 -0.132933 -2.536519
-0.000000 -0.132933 -2.536519
-0.000000 -0.132933 -2.536519
-0.000000 0.132933 -2.536519
-0.000000 0.132933 -2.536519
-0.000000 0.132933 -2.536519
1.939358 0.132933 1.634876
1.211057 0.132933 2.228737
2.186440 0.132933 1.285850
-0.000000 2.540000 -0.000000
-0.000000 2.540000 -0.000000
-0.000000 2.540000 -0.000000
2.540000 0.000000 -0.000000
2.540000 0.000000 -0.000000
2.415684 -0.000000 -0.784903
-0.000000 2.540000 -0.000000
-0.000000 2.540000 -0.000000
-0.000000 2.540000 -0.000000
-1.724583 -0.044329 -1.864255
-1.724583 -0.044329 -1.864255
-1.724583 -0.044329 -1.864255
0.000000 -2.540000 0.000000
0.000000 -2.540000 0.000000
0.000000 -2.540000 0.000000
-2.540000 -0.000000 0.000000
-2.540000 -0.000000 0.000000
-2.415684 -0.000000 -0.784903
-2.496752 -0.466724 0.000000
-2.496752 -0.466724 0.000000
-2.159552 -1.337138 0.000000
-1.530692 2.026964 0.000000
-1.530692 2.026964 0.000000
-0.695104 2.443037 0.000000
0.000000 -2.540000 0.000000
0.000000 -2.540000 0.000000
0.000000 -2.540000 0.000000
0.000000 -2.540000 0.000000
0.000000 -2.540000 0.000000
0.000000 -2.540000 0.000000
-0.000000 0.132933 -2.536519
-0.000000 0.132933 -2.536519
-0.000000 0.132933 -2.536519
-0.000000 2.540000 -0.000000
-0.000000 2.540000 -0.000000
-0.000000 2.540000 -0.000000
-0.000000 2.540000 -0.000000
-0.000000 2.540000 -0.000000
-0.000000 2.540000 -0.000000
-0.000000 2.540000 -0.000000
-0.000000 2.540000 -0.000000
-0.000000 2.540000 -0.000000
0.000000 -2.540000 0.000000
0.000000 -2.540000 0.000000
0.000000 -2.540000 0.000000
0.000000 -2.540000 0.000000
0.000000 -2.540000 0.000000
0.000000 -2.540000 0.000000
2.540000 0.000000 -0.000000
2.540000 0.000000 -0.000000
2.540000 0.000000 -0.000000
-0.000000 -2.540000 -0.000000
-0.000000 -2.540000 -0.000000
-0.000000 -2.540000 -0.000000
-0.000000 2.540000 -0.000000
-0.000000 2.540000 -0.000000
-0.000000 2.540000 -0.000000
-0.000000 2.540000 -0.000000
-0.000000 2.540000 -0.000000
-0.000000 2.540000 -0.000000
-0.000000 0.044329 -2.539613
-0.000000 0.044329 -2.539613
-0.000000 0.044329 -2.539613
-0.088631 0.044329 -2.538066
-0.088631 0.044329 -2.538066
-0.088631 0.044329 -2.538066
-0.000000 -0.000000 -2.540000
-0.000000 -0.000000 -2.540000
-0.000000 -0.000000 -2.540000
-0.755198 0.000000 2.425134
-0.255166 0.000000 2.527151
0.000000 0.000000 2.540000
0.000000 0.000000 2.540000
0.000000 0.000000 2.540000
0.000000 0.000000 2.540000
-0.000000 0.000000 -2.540000
-0.000000 0.000000 -2.540000
-0.000000 0.000000 -2.540000
-0.000000 2.540000 -0.000000
-0.000000 2.540000 -0.000000
-0.000000 2.540000 -0.000000
-0.000000 2.540000 -0.000000
-0.000000 2.540000 -0.000000
-0.000000 2.540000 -0.000000
-0.000000 -0.000000 -2.540000
-0.000000 -0.000000 -2.540000
-0.000000 -0.000000 -2.540000
-0.000000 2.536519 -0.132933
-0.000000 2.536519 -0.132933
-0.000000 2.536519 -0.132933
0.000000 -2.540000 0.000000
0.000000 -2.540000 0.000000
0.000000 -2.540000 0.000000
0.000000 -2.540000 0.000000
0.000000 -2.540000 0.000000
0.000000 -2.540000 0.000000
0.000000 -2.540000 0.000000
0.000000 -2.540000 0.000000
0.000000 -2.540000 0.000000
-0.000000 -0.000000 -2.540000
-0.000000 -0.000000 -2.540000
-0.000000 -0.000000 -2.540000
1.878148 -0.000000 -1.710018
1.404764 -0.000000 -2.116185
1.878148 -0.000000 -1.710018
1.154545 -0.000000 -2.262438
1.492975 -0.000000 -2.054903
1.725025 -0.000000 -1.864373
-2.054903 -0.000000 -1.492975
-2.054903 -0.000000 -1.492975
-1.492975 -0.000000 -2.054903
0.000000 -2.540000 0.000000
0.000000 -2.540000 0.000000
0.000000 -2.540000 0.000000
0.000000 -2.540000 0.000000
0.000000 -2.540000 0.000000
0.000000 -2.540000 0.000000
-0.130252 0.044329 -2.536271
-0.709254 0.044329 -2.438564
-0.130252 0.044329 -2.536271
2.540000 0.000000 -0.000000
2.540000 0.000000 -0.000000
2.540000 0.000000 -0.000000
0.000000 -2.540000 0.000000
0.000000 -2.540000 0.000000
0.000000 -2.540000 0.000000
0.705620 -0.000000 -2.440020
1.154545 -0.000000 -2.262438
0.431751 -0.000000 -2.503036
-0.329879 -0.000000 -2.518488
-0.000000 -0.000000 -2.540000
0.125037 -0.000000 -2.536921
1.950252 -0.044329 -1.626699
2.271713 -0.044329 -1.135321
1.950252 -0.044329 -1.626699
-0.000000 2.540000 -0.000000
-0.000000 2.540000 -0.000000
-0.000000 2.540000 -0.000000
-0.000000 2.540000 -0.000000
-0.000000 2.540000 -0.000000
-0.000000 2.540000 -0.000000
-0.000000 0.132933 -2.536519
-0.000000 0.132933 -2.536519
-0.000000 0.132933 -2.536519
-0.000000 2.540000 -0.000000
-0.000000 2.540000 -0.000000
-0.000000 2.540000 -0.000000
-1.152377 -0.000000 -2.263543
-0.784903 -0.000000 -2.415684
-1.492975 -0.000000 -2.054903
0.000000 -2.540000 0.000000
0.000000 -2.540000 0.000000
0.000000 -2.540000 0.000000
0.000000 -2.540000 0.000000
0.000000 -2.540000 0.000000
0.000000 -2.540000 0.000000
-0.000000 2.540000 -0.000000
-0.000000 2.540000 -0.000000
-0.000000 2.540000 -0.000000
-0.000000 2.540000 -0.000000
-0.000000 2.540000 -0.000000
-0.000000 2.540000 -0.000000
0.000000 -2.540000 0.000000
0.000000 -2.540000 0.000000
0.000000 -2.540000 0.000000
0.000000 -2.540000 0.000000
0.000000 -2.540000 0.000000
0.000000 -2.540000 0.000000
2.539613 -0.044329 -0.000000
2.539613 -0.044329 -0.000000
2.539613 -0.044329 -0.000000
2.539613 -0.044329 -0.000000
2.539613 -0.044329 -0.000000
2.539613 -0.044329 -0.000000
0.000000 0.000000 2.540000
0.000000 0.000000 2.540000
0.000000 0.000000 2.540000
0.000000 0.000000 2.540000
0.000000 0.000000 2.540000
0.000000 0.000000 2.540000
2.539613 0.044329 -0.000000
2.539613 0.044329 -0.000000
2.539613 0.044329 -0.000000
2.539613 0.044329 -0.000000
2.539613 0.044329 -0.000000
2.539613 0.044329 -0.000000
-0.784903 0.000000 2.415684
-0.755198 0.000000 2.425134
0.000000 0.000000 2.540000
0.000000 -2.540000 0.000000
0.000000 -2.540000 0.000000
0.000000 -2.540000 0.000000
1.094708 -0.000000 -2.291989
0.784903 -0.000000 -2.415684
1.492975 -0.000000 -2.054903
0.000000 -2.540000 0.000000
0.000000 -2.540000 0.000000
0.000000 -2.540000 0.000000
0.000000 -2.540000 0.000000
0.000000 -2.540000 0.000000
0.000000 -2.540000 0.000000
2.413731 -0.132933 -0.779635
2.516114 -0.132933 0.321091
2.530059 -0.132933 0.180913
-0.000000 2.540000 -0.000000
-0.000000 2.540000 -0.000000
-0.000000 2.540000 -0.000000
2.413731 0.132933 -0.779635
2.530059 0.132933 0.180913
2.516114 0.132933 0.321091
1.524534 -0.044329 -2.031116
1.524534 -0.044329 -2.031116
1.017315 -0.044329 -2.326952
0.000000 -2.540000 0.000000
0.000000 -2.540000 0.000000
0.000000 -2.540000 0.000000
-0.000000 2.540000 -0.000000
-0.000000 2.540000 -0.000000
-0.000000 2.540000 -0.000000
0.000000 0.132933 2.536519
0.000000 0.132933 2.536519
0.000000 0.132933 2.536519
-0.000000 2.540000 -0.000000
-0.000000 2.540000 -0.000000
-0.000000 2.540000 -0.000000
-0.000000 2.540000 -0.000000
-0.000000 2.540000 -0.000000
-0.000000 2.540000 -0.000000
-0.695104 2.443037 0.000000
0.234362 2.529165 -0.000000
-0.695104 2.443037 0.000000
2.368479 0.917554 -0.000000
2.368479 0.917554 -0.000000
2.540000 0.000000 -0.000000
-0.000000 -2.540000 -0.000000
-0.000000 -2.540000 -0.000000
-0.000000 -2.540000 -0.000000
-2.508709 -0.000000 -0.397464
-2.540000 -0.000000 0.000000
-2.508709 0.000000 0.397464
-0.088631 -0.044329 -2.538066
-0.088631 -0.044329 -2.538066
-0.088631 -0.044329 -2.538066
1.475609 -0.044329 -2.066933
1.475609 -0.044329 -2.066933
1.020075 -0.044329 -2.325743
-0.000000 -0.132933 -2.536519
-0.000000 -0.132933 -2.536519
-0.000000 -0.132933 -2.536519
0.000000 -2.540000 0.000000
0.000000 -2.540000 0.000000
0.000000 -2.540000 0.000000
-1.724583 0.044329 -1.864255
-1.724583 0.044329 -1.864255
-1.724583 0.044329 -1.864255
-1.724583 0.044329 -1.864255
-1.724583 0.044329 -1.864255
-1.724583 0.044329 -1.864255
0.234362 -2.529165 -0.000000
1.132175 -2.273715 -0.000000
0.234362 -2.529165 -0.000000
2.368479 -0.917554 -0.000000
2.540000 0.000000 -0.000000
2.368479 -0.917554 -0.000000
0.000000 -2.540000 0.000000
0.000000 -2.540000 0.000000
0.000000 -2.540000 0.000000
1.154545 0.000000 2.262438
1.492975 0.000000 2.054903
1.154545 0.000000 2.262438
2.539613 0.044329 -0.000000
2.539613 0.044329 -0.000000
2.539613 0.044329 -0.000000
2.539613 0.044329 -0.000000
2.539613 0.044329 -0.000000
2.539613 0.044329 -0.000000
-0.000000 0.000000 -2.540000
-0.000000 0.000000 -2.540000
-0.000000 0.000000 -2.540000
-0.000000 0.000000 -2.540000
-0.000000 0.000000 -2.540000
-0.000000 0.000000 -2.540000
-2.536519 0.000000 -0.132933
-2.536519 0.000000 -0.132933
-2.536519 0.000000 -0.132933
-1.724583 -0.044329 -1.864255
-1.724583 -0.044329 -1.864255
-1.724583 -0.044329 -1.864255
-0.000000 2.540000 -0.000000
-0.000000 2.540000 -0.000000
-0.000000 2.540000 -0.000000
-0.000000 2.540000 -0.000000
-0.000000 2.540000 -0.000000
-0.000000 2.540000 -0.000000
-0.000000 -0.000000 -2.540000
-0.000000 -0.000000 -2.540000
-0.000000 -0.000000 -2.540000
-1.724583 0.044329 -1.864255
-1.724583 0.044329 -1.864255
-1.724583 0.044329 -1.864255
0.000000 -2.540000 0.000000
0.000000 -2.540000 0.000000
0.000000 -2.540000 0.000000
0.000000 -2.540000 0.000000
0.000000 -2.540000 0.000000
0.000000 -2.540000 0.000000
0.000000 -2.540000 0.000000
0.000000 -2.540000 0.000000
0.000000 -2.540000 0.000000
0.000000 -0.132933 2.536519
0.000000 -0.132933 2.536519
0.000000 -0.132933 2.536519
-0.000000 2.540000 -0.000000
-0.000000 2.540000 -0.000000
-0.000000 2.540000 -0.000000
-0.000000 2.540000 -0.000000
-0.000000 2.540000 -0.000000
-0.000000 2.540000 -0.000000
0.000000 -2.540000 0.000000
0.000000 -2.540000 0.000000
0.000000 -2.540000 0.000000
1.475609 0.044329 -2.066933
1.020075 0.044329 -2.325743
1.475609 0.044329 -2.066933
-0.000000 2.540000 -0.000000
-0.000000 2.540000 -0.000000
-0.000000 2.540000 -0.000000
1.524534 0.044329 -2.031116
1.017315 0.044329 -2.326952
1.524534 0.044329 -2.031116
1.020075 -0.044329 -2.325743
1.475609 -0.044329 -2.066933
1.020075 -0.044329 -2.325743
-0.000000 -0.044329 -2.539613
-0.000000 -0.044329 -2.539613
-0.000000 -0.044329 -2.539613
0.125037 -0.000000 -2.536921
-0.000000 -0.000000 -2.540000
-0.396262 -0.000000 -2.508899
-0.000000 -2.540000 -0.000000
-0.000000 -2.540000 -0.000000
-0.000000 -2.540000 -0.000000
2.516114 0.132933 0.321091
2.436990 0.132933 0.703568
2.400249 0.132933 0.820205
-0.000000 2.540000 -0.000000
-0.000000 2.540000 -0.000000
-0.000000 2.540000 -0.000000
-2.539613 0.044329 0.000000
-1.253350 0.044329 2.208789
-2.539613 -0.044329 0.000000
0.000000 -2.540000 0.000000
0.000000 -2.540000 0.000000
0.000000 -2.540000 0.000000
0.000000 2.540000 0.000000
0.000000 2.540000 0.000000
0.000000 2.540000 0.000000
0.000000 2.540000 0.000000
0.000000 2.540000 0.000000
0.000000 2.540000 0.000000
-0.000000 2.540000 -0.000000
-0.000000 2.540000 -0.000000
-0.000000 2.540000 -0.000000
-2.533225 -0.044329 0.180018
-2.481873 -0.044329 0.538461
-2.539578 -0.044329 0.013355
2.540000 0.000000 -0.000000
2.540000 0.000000 -0.000000
2.415684 0.000000 0.784903
0.000000 -2.540000 0.000000
0.000000 -2.540000 0.000000
0.000000 -2.540000 0.000000
0.000000 -2.540000 0.000000
0.000000 -2.540000 0.000000
0.000000 -2.540000 0.000000
-2.533225 -0.044329 0.180018
-2.539578 -0.044329 0.013355
-2.509998 -0.044329 -0.386712
2.539613 -0.044329 -0.000000
2.539613 -0.044329 -0.000000
2.539613 -0.044329 -0.000000
-0.000000 0.044329 -2.539613
-0.000000 0.044329 -2.539613
-0.000000 0.044329 -2.539613
0.000000 -0.000000 2.540000
0.000000 -0.000000 2.540000
0.000000 -0.000000 2.540000
-0.000000 2.540000 -0.000000
-0.000000 2.540000 -0.000000
-0.000000 2.540000 -0.000000
-1.724583 -0.044329 -1.864255
-1.724583 -0.044329 -1.864255
-1.724583 -0.044329 -1.864255
-1.724583 -0.044329 -1.864255
-1.724583 -0.044329 -1.864255
-1.724583 -0.044329 -1.864255
-0.775628 2.418678 0.000000
0.784903 2.415684 -0.000000
-0.784903 2.415684 0.000000
0.000000 0.000000 2.540000
0.000000 0.000000 2.540000
0.000000 0.000000 2.540000
-2.540000 -0.000000 0.000000
-2.540000 -0.000000 0.000000
-2.054903 -1.492975 0.000000
0.000000 0.000000 2.540000
0.000000 0.000000 2.540000
0.000000 0.000000 2.540000
2.238270 -0.000000 -1.200729
2.463413 -0.000000 -0.619030
2.238270 -0.000000 -1.200729
2.415684 -0.000000 -0.784903
2.444744 -0.000000 -0.689078
2.166119 -0.000000 -1.326472
-0.000000 2.540000 -0.000000
-0.000000 2.540000 -0.000000
-0.000000 2.540000 -0.000000
-0.000000 2.540000 -0.000000
-0.000000 2.540000 -0.000000
-0.000000 2.540000 -0.000000
-0.000000 2.540000 -0.000000
-0.000000 2.540000 -0.000000
-0.000000 2.540000 -0.000000
-2.054903 0.000000 1.492975
-2.054903 0.000000 1.492975
-1.492975 0.000000 2.054903
2.540000 0.000000 -0.000000
2.540000 0.000000 -0.000000
2.540000 0.000000 -0.000000
2.540000 0.000000 -0.000000
2.540000 0.000000 -0.000000
2.540000 0.000000 -0.000000
-0.000000 2.540000 -0.000000
-0.000000 2.540000 -0.000000
-0.000000 2.540000 -0.000000
-2.262991 0.000000 1.153461
-2.415684 0.000000 0.784903
-2.054903 0.000000 1.492975
0.234362 -2.529165 -0.000000
0.234362 -2.529165 -0.000000
-0.695104 -2.443037 0.000000
-2.159552 -1.337138 0.000000
-2.496752 -0.466724 0.000000
-2.159552 -1.337138 0.000000
0.000000 -2.540000 0.000000
0.000000 -2.540000 0.000000
0.000000 -2.540000 0.000000
0.000000 -2.540000 0.000000
0.000000 -2.540000 0.000000
0.000000 -2.540000 0.000000
1.020075 0.044329 -2.325743
1.020075 0.044329 -2.325743
1.475609 0.044329 -2.066933
0.000000 -2.540000 0.000000
0.000000 -2.540000 0.000000
0.000000 -2.540000 0.000000
2.166119 -0.000000 -1.326472
2.054903 -0.000000 -1.492975
1.725025 -0.000000 -1.864373
0.000000 -2.540000 0.000000
0.000000 -2.540000 0.000000
0.000000 -2.540000 0.000000
-0.088631 0.044329 -2.538066
-0.088631 0.044329 -2.538066
-0.088631 0.044329 -2.538066
-1.724583 -0.044329 -1.864255
-1.724583 -0.044329 -1.864255
-1.724583 -0.044329 -1.864255
-2.539613 0.044329 0.000000
-1.253350 -0.044329 2.208789
-2.539613 0.044329 0.000000
-0.000000 2.540000 -0.000000
-0.000000 2.540000 -0.000000
-0.000000 2.540000 -0.000000
2.539613 0.044329 -0.000000
2.539613 0.044329 -0.000000
2.539613 0.044329 -0.000000
-0.000000 -0.044329 -2.539613
-0.000000 -0.044329 -2.539613
-0.000000 -0.044329 -2.539613
-0.000000 2.540000 -0.000000
-0.000000 2.540000 -0.000000
-0.000000 2.540000 -0.000000
0.755198 0.000000 2.425134
1.473997 0.000000 2.068558
0.984844 0.000000 2.341300
-1.857029 -0.065036 1.731708
-1.745609 0.868731 1.627807
-1.713765 0.980126 1.598112
1.380002 -1.700339 -1.286873
0.322576 -2.501412 -0.300807
0.262662 -2.514481 -0.244936
-1.724583 -0.044329 -1.864255
-1.724583 -0.044329 -1.864255
-1.724583 -0.044329 -1.864255
-1.724583 -0.044329 -1.864255
-1.724583 -0.044329 -1.864255
-1.724583 -0.044329 -1.864255
-1.724583 0.044329 -1.864255
-1.724583 0.044329 -1.864255
-1.724583 0.044329 -1.864255
-0.088631 -0.044329 -2.538066
-0.088631 -0.044329 -2.538066
-0.088631 -0.044329 -2.538066
0.000000 -2.540000 0.000000
0.000000 -2.540000 0.000000
0.000000 -2.540000 0.000000
-1.492975 0.000000 2.054903
-0.784903 0.000000 2.415684
-1.492975 0.000000 2.054903
2.471731 -0.044329 -0.583251
2.471731 -0.044329 -0.583251
2.271713 -0.044329 -1.135321
0.000000 -2.540000 0.000000
0.000000 -2.540000 0.000000
0.000000 -2.540000 0.000000
2.540000 0.000000 -0.000000
2.540000 0.000000 -0.000000
2.066301 -1.477160 -0.000000
-0.000000 0.000000 -2.540000
-0.000000 0.000000 -2.540000
-0.000000 0.000000 -2.540000
2.540000 0.000000 -0.000000
2.540000 0.000000 -0.000000
2.540000 0.000000 -0.000000
-2.052035 -1.496915 0.000000
-2.540000 -0.000000 0.000000
-2.054903 -1.492975 0.000000
2.539613 -0.044329 -0.000000
2.539613 -0.044329 -0.000000
2.539613 -0.044329 -0.000000
2.539613 -0.044329 -0.000000
2.539613 -0.044329 -0.000000
2.539613 -0.044329 -0.000000
-1.206868 1.744041 -1.397638
-1.206868 1.744041 -1.397638
-1.206868 1.744041 -1.397638
-1.724583 -0.044329 -1.864255
-1.724583 -0.044329 -1.864255
-1.724583 -0.044329 -1.864255
0.000000 0.000000 2.540000
0.000000 0.000000 2.540000
0.000000 0.000000 2.540000
0.000000 0.000000 2.540000
0.000000 0.000000 2.540000
0.000000 0.000000 2.540000
-1.763119 -1.828390 0.000000
-2.054903 -1.492975 0.000000
-0.784903 -2.415684 0.000000
2.342361 0.982315 -0.000000
2.540000 0.000000 -0.000000
2.054903 1.492975 -0.000000
2.342361 0.982315 -0.000000
2.054903 1.492975 -0.000000
1.798573 1.793526 -0.000000
0.057811 2.539342 -0.000000
-0.784903 2.415684 0.000000
-0.912678 2.370363 0.000000
1.154545 -0.000000 -2.262438
1.216245 -0.000000 -2.229876
1.154545 -0.000000 -2.262438
0.398666 -0.000000 -2.508519
0.705649 -0.000000 -2.440012
0.488746 -0.000000 -2.492534
-0.784903 -0.000000 -2.415684
-0.784903 -0.000000 -2.415684
-1.492975 -0.000000 -2.054903
-0.000000 2.540000 -0.000000
-0.000000 2.540000 -0.000000
-0.000000 2.540000 -0.000000
-2.054903 -0.000000 -1.492975
-2.181968 -0.000000 -1.300237
-2.415684 -0.000000 -0.784903
0.000000 -2.540000 0.000000
0.000000 -2.540000 0.000000
0.000000 -2.540000 0.000000
2.415684 -0.000000 -0.784903
2.444744 -0.000000 -0.689078
2.540000 0.000000 -0.000000
-0.000000 2.540000 -0.000000
-0.000000 2.540000 -0.000000
-0.000000 2.540000 -0.000000
0.000000 -2.540000 0.000000
0.000000 -2.540000 0.000000
0.000000 -2.540000 0.000000
-1.724583 0.044329 -1.864255
-1.724583 0.044329 -1.864255
-1.724583 0.044329 -1.864255
0.000000 0.000000 2.540000
0.000000 0.000000 2.540000
0.000000 0.000000 2.540000
-0.784903 2.415684 0.000000
-0.784903 2.415684 0.000000
-2.054903 1.492975 0.000000
0.000000 0.000000 2.540000
0.000000 0.000000 2.540000
0.000000 0.000000 2.540000
-0.784903 -2.415684 0.000000
-0.784903 -2.415684 0.000000
-2.054903 -1.492975 0.000000
0.000000 2.540000 0.000000
0.000000 2.540000 0.000000
0.000000 2.540000 0.000000
-2.540000 -0.000000 0.000000
-2.469387 -0.000000 -0.594752
-2.534685 0.000000 0.164231
0.784903 -0.000000 -2.415684
-0.000000 -0.000000 -2.540000
0.784903 -0.000000 -2.415684
0.000000 -2.540000 0.000000
0.000000 -2.540000 0.000000
0.000000 -2.540000 0.000000
-0.000000 -2.536519 -0.132933
-0.000000 -2.536519 -0.132933
-0.000000 -2.536519 -0.132933
-1.724583 -0.044329 -1.864255
-1.724583 -0.044329 -1.864255
-1.724583 -0.044329 -1.864255
0.000000 -2.540000 0.000000
0.000000 -2.540000 0.000000
0.000000 -2.540000 0.000000
0.784903 0.000000 2.415684
0.755198 0.000000 2.425134
1.492975 0.000000 2.054903
0.000000 -2.540000 0.000000
0.000000 -2.540000 0.000000
0.000000 -2.540000 0.000000
2.530059 -0.132933 0.180913
2.516114 -0.132933 0.321091
2.436990 -0.132933 0.703568
0.000000 0.000000 2.540000
0.000000 0.000000 2.540000
0.000000 0.000000 2.540000
0.000000 0.000000 2.540000
0.000000 0.000000 2.540000
0.000000 0.000000 2.540000
-0.784903 2.415684 0.000000
-0.784903 2.415684 0.000000
0.784903 2.415684 -0.000000
-2.054903 -1.492975 0.000000
-2.540000 -0.000000 0.000000
-2.054903 -1.492975 0.000000
-2.540000 -0.000000 0.000000
-2.540000 -0.000000 0.000000
-2.054903 -1.492975 0.000000
-0.000000 0.000000 -2.540000
-0.000000 0.000000 -2.540000
-0.000000 0.000000 -2.540000
2.054903 -1.492975 -0.000000
2.054903 -1.492975 -0.000000
2.540000 0.000000 -0.000000
-0.000000 0.000000 -2.540000
-0.000000 0.000000 -2.540000
-0.000000 0.000000 -2.540000
-0.784903 2.415684 0.000000
-0.912678 2.370363 0.000000
0.057811 2.539342 -0.000000
0.488746 -0.000000 -2.492534
0.784903 -0.000000 -2.415684
0.705649 -0.000000 -2.440012
-0.000000 2.540000 -0.000000
-0.000000 2.540000 -0.000000
-0.000000 2.540000 -0.000000
2.530059 0.132933 0.180913
2.436990 0.132933 0.703568
2.516114 0.132933 0.321091
2.463413 -0.000000 -0.619030
2.540000 0.000000 -0.000000
2.463413 -0.000000 -0.619030
0.000000 -2.540000 0.000000
0.000000 -2.540000 0.000000
0.000000 -2.540000 0.000000
-0.784903 0.000000 2.415684
-0.784903 0.000000 2.415684
0.000000 0.000000 2.540000
-0.000000 2.540000 -0.000000
-0.000000 2.540000 -0.000000
-0.000000 2.540000 -0.000000
0.000000 0.000000 2.540000
0.000000 0.000000 2.540000
0.000000 0.000000 2.540000
-1.763104 1.828405 0.000000
-0.784903 2.415684 0.000000
-2.054903 1.492975 0.000000
0.000000 0.000000 2.540000
0.000000 0.000000 2.540000
0.000000 0.000000 2.540000
2.341824 -0.983596 -0.000000
2.054903 -1.492975 -0.000000
2.540000 0.000000 -0.000000
-0.000000 2.540000 -0.000000
-0.000000 2.540000 -0.000000
-0.000000 2.540000 -0.000000
0.784903 2.415684 -0.000000
-0.784903 2.415684 0.000000
0.784903 2.415684 -0.000000
2.054903 1.492975 -0.000000
2.540000 -0.000000 -0.000000
2.054903 1.492975 -0.000000
0.784903 -2.415684 -0.000000
0.784903 -2.415684 -0.000000
-0.784903 -2.415684 0.000000
0.000000 0.000000 2.540000
0.000000 0.000000 2.540000
0.000000 0.000000 2.540000
0.000000 0.000000 2.540000
0.000000 0.000000 2.540000
0.000000 0.000000 2.540000
2.540000 0.000000 -0.000000
2.540000 0.000000 -0.000000
2.540000 0.000000 -0.000000
-0.000000 2.540000 -0.000000
-0.000000 2.540000 -0.000000
-0.000000 2.540000 -0.000000
1.939358 -0.132933 1.634876
2.186440 -0.132933 1.285850
1.211057 -0.132933 2.228737
-0.000000 -0.132933 -2.536519
-0.000000 -0.132933 -2.536519
-0.000000 -0.132933 -2.536519
-0.000000 0.132933 -2.536519
-0.000000 0.132933 -2.536519
-0.000000 0.132933 -2.536519
1.312639 0.132933 2.170463
1.410185 0.132933 2.108389
2.186440 0.132933 1.285850
2.516114 -0.132933 0.321091
2.400249 -0.132933 0.820205
2.436990 -0.132933 0.703568
0.000000 -2.540000 0.000000
0.000000 -2.540000 0.000000
0.000000 -2.540000 0.000000
-2.540000 0.000000 0.000000
-2.540000 0.000000 0.000000
-2.540000 0.000000 0.000000
-2.536519 0.000000 -0.132933
-2.540000 0.000000 0.000000
-2.536519 0.000000 -0.132933
0.000000 0.000000 2.540000
0.000000 0.000000 2.540000
0.000000 0.000000 2.540000
0.000000 0.000000 2.540000
0.000000 0.000000 2.540000
0.000000 0.000000 2.540000
0.000000 -2.540000 0.000000
0.000000 -2.540000 0.000000
0.000000 -2.540000 0.000000
2.471731 0.044329 -0.583251
2.471731 0.044329 -0.583251
2.539613 0.044329 -0.000000
-1.250339 -0.044329 -2.210495
-1.250339 -0.044329 -2.210495
-1.724583 -0.044329 -1.864255
-0.000000 2.540000 -0.000000
-0.000000 2.540000 -0.000000
-0.000000 2.540000 -0.000000
1.132175 2.273715 -0.000000
1.877083 1.711187 -0.000000
1.132175 2.273715 -0.000000
0.000000 0.000000 2.540000
0.000000 0.000000 2.540000
0.000000 0.000000 2.540000
0.000000 -2.540000 0.000000
0.000000 -2.540000 0.000000
0.000000 -2.540000 0.000000
0.455712 -0.044329 -2.498392
0.455712 -0.044329 -2.498392
-0.130252 -0.044329 -2.536271
0.000000 -0.000000 2.540000
0.000000 -0.000000 2.540000
0.000000 -0.000000 2.540000
0.398666 0.000000 2.508519
0.784903 0.000000 2.415684
1.154545 0.000000 2.262438
-0.000000 0.000000 -2.540000
-0.000000 0.000000 -2.540000
-0.000000 0.000000 -2.540000
-1.530692 2.026964 0.000000
-2.159552 1.337138 0.000000
-1.530692 2.026964 0.000000
2.054903 -0.000000 -1.492975
2.054903 -0.000000 -1.492975
1.492975 -0.000000 -2.054903
-0.000000 2.540000 -0.000000
-0.000000 2.540000 -0.000000
-0.000000 2.540000 -0.000000
2.054903 -0.000000 -1.492975
2.415684 -0.000000 -0.784903
2.166119 -0.000000 -1.326472
0.000000 -2.540000 0.000000
0.000000 -2.540000 0.000000
0.000000 -2.540000 0.000000
-0.000000 2.540000 -0.000000
-0.000000 2.540000 -0.000000
-0.000000 2.540000 -0.000000
-0.000000 -0.000000 -2.540000
0.784903 -0.000000 -2.415684
-0.000000 -0.000000 -2.540000
0.000000 -2.540000 0.000000
0.000000 -2.540000 0.000000
0.000000 -2.540000 0.000000
0.000000 -2.540000 0.000000
0.000000 -2.540000 0.000000
0.000000 -2.540000 0.000000
-0.000000 0.132933 -2.536519
-0.000000 0.132933 -2.536519
-0.000000 0.132933 -2.536519
2.054903 -1.492975 -0.000000
0.784903 -2.415684 -0.000000
2.054903 -1.492975 -0.000000
-1.724583 -0.044329 -1.864255
-1.960870 -0.044329 -1.613885
-1.724583 -0.044329 -1.864255
-0.000000 2.540000 -0.000000
-0.000000 2.540000 -0.000000
-0.000000 2.540000 -0.000000
-0.130252 0.044329 -2.536271
-0.130252 0.044329 -2.536271
0.455712 0.044329 -2.498392
-0.000000 2.540000 -0.000000
-0.000000 2.540000 -0.000000
-0.000000 2.540000 -0.000000
2.384497 -0.132933 -0.864928
2.413731 -0.132933 -0.779635
2.512302 -0.132933 -0.349666
0.000000 -0.132933 2.536519
0.000000 -0.132933 2.536519
0.000000 -0.132933 2.536519
2.384497 0.132933 -0.864928
2.512302 0.132933 -0.349666
2.413731 0.132933 -0.779635
0.000000 0.132933 2.536519
0.000000 0.132933 2.536519
0.000000 0.132933 2.536519
0.000000 -2.540000 0.000000
0.000000 -2.540000 0.000000
0.000000 -2.540000 0.000000
-0.784903 0.000000 2.415684
0.000000 0.000000 2.540000
-0.784903 0.000000 2.415684
0.000000 -2.540000 0.000000
0.000000 -2.540000 0.000000
0.000000 -2.540000 0.000000
0.000000 -2.540000 0.000000
0.000000 -2.540000 0.000000
0.000000 -2.540000 0.000000
-0.000000 2.540000 -0.000000
-0.000000 2.540000 -0.000000
-0.000000 2.540000 -0.000000
0.521127 -0.044329 -2.485571
1.020075 -0.044329 -2.325743
0.521127 -0.044329 -2.485571
2.540000 0.000000 -0.000000
2.415684 0.000000 0.784903
2.540000 0.000000 -0.000000
-0.000000 2.540000 -0.000000
-0.000000 2.540000 -0.000000
-0.000000 2.540000 -0.000000
2.540000 -0.000000 -0.000000
2.536519 -0.000000 -0.132933
2.540000 -0.000000 -0.000000
2.536519 -0.000000 -0.132933
2.540000 -0.000000 -0.000000
2.536519 -0.000000 -0.132933
-2.536519 0.000000 -0.132933
-2.536519 0.000000 -0.132933
-2.536519 0.000000 -0.132933
-0.000000 -0.000000 -2.540000
-0.000000 -0.000000 -2.540000
-0.000000 -0.000000 -2.540000
0.521127 0.044329 -2.485571
0.521127 0.044329 -2.485571
1.020075 0.044329 -2.325743
0.000000 -2.540000 0.000000
0.000000 -2.540000 0.000000
0.000000 -2.540000 0.000000
-0.000000 2.540000 -0.000000
-0.000000 2.540000 -0.000000
-0.000000 2.540000 -0.000000
1.017315 -0.044329 -2.326952
1.524534 -0.044329 -2.031116
1.017315 -0.044329 -2.326952
0.488748 -0.000000 -2.492534
-0.000000 -0.000000 -2.540000
0.298675 -0.000000 -2.522378
-0.912672 -2.370365 0.000000
-1.763119 -1.828390 0.000000
-0.784903 -2.415684 0.000000
0.455712 0.044329 -2.498392
0.455712 0.044329 -2.498392
1.017315 0.044329 -2.326952
0.000000 -2.540000 0.000000
0.000000 -2.540000 0.000000
0.000000 -2.540000 0.000000
-1.724583 -0.044329 -1.864255
-1.724583 -0.044329 -1.864255
-1.724583 -0.044329 -1.864255
-1.724583 -0.044329 -1.864255
-1.724583 -0.044329 -1.864255
-1.724583 -0.044329 -1.864255
2.415684 0.000000 0.784903
2.540000 0.000000 -0.000000
2.444744 0.000000 0.689078
-0.000000 2.540000 -0.000000
-0.000000 2.540000 -0.000000
-0.000000 2.540000 -0.000000
-0.000000 2.540000 -0.000000
-0.000000 2.540000 -0.000000
-0.000000 2.540000 -0.000000
-0.000000 2.540000 -0.000000
-0.000000 2.540000 -0.000000
-0.000000 2.540000 -0.000000
0.000000 -2.540000 0.000000
0.000000 -2.540000 0.000000
0.000000 -2.540000 0.000000
-2.054903 -1.492975 0.000000
-0.784903 -2.415684 0.000000
-2.054903 -1.492975 0.000000
0.488748 -0.000000 -2.492534
0.784903 -0.000000 -2.415684
-0.000000 -0.000000 -2.540000
-0.000000 2.540000 -0.000000
-0.000000 2.540000 -0.000000
-0.000000 2.540000 -0.000000
-2.540000 -0.000000 0.000000
-2.534685 0.000000 0.164231
-2.415684 0.000000 0.784903
0.000000 -2.540000 0.000000
0.000000 -2.540000 0.000000
0.000000 -2.540000 0.000000
0.000000 -2.540000 0.000000
0.000000 -2.540000 0.000000
0.000000 -2.540000 0.000000
0.463149 0.044329 -2.497024
0.463149 0.044329 -2.497024
0.992945 0.044329 -2.337455
1.733137 -0.914226 -1.616177
1.857638 -0.000000 -1.732276
1.423034 -1.632681 -1.327000
-1.724583 -0.044329 -1.864255
-1.724583 -0.044329 -1.864255
-1.724583 -0.044329 -1.864255
-1.724583 -0.044329 -1.864255
-1.724583 -0.044329 -1.864255
-1.724583 -0.044329 -1.864255
-1.857029 -0.065036 1.731708
-1.745609 -0.868731 1.627807
-1.745609 0.868731 1.627807
2.540000 0.000000 -0.000000
2.540000 0.000000 -0.000000
2.540000 0.000000 -0.000000
2.066301 1.477160 -0.000000
2.540000 0.000000 -0.000000
2.066301 1.477160 -0.000000
2.539613 0.044329 -0.000000
2.539613 0.044329 -0.000000
2.539613 0.044329 -0.000000
2.539613 -0.044329 -0.000000
2.539613 -0.044329 -0.000000
2.539613 -0.044329 -0.000000
-0.000000 2.540000 -0.000000
-0.000000 2.540000 -0.000000
-0.000000 2.540000 -0.000000
0.992945 -0.044329 -2.337455
0.992945 -0.044329 -2.337455
0.463149 -0.044329 -2.497024
-0.000000 2.540000 -0.000000
-0.000000 2.540000 -0.000000
-0.000000 2.540000 -0.000000
-2.262991 -0.000000 -1.153461
-2.054903 -0.000000 -1.492975
-2.415684 -0.000000 -0.784903
2.054903 1.492975 -0.000000
2.054903 1.492975 -0.000000
2.540000 0.000000 -0.000000
-0.000000 -0.132933 -2.536519
-0.000000 -0.132933 -2.536519
-0.000000 -0.132933 -2.536519
2.539613 0.044329 -0.000000
2.539613 0.044329 -0.000000
2.539613 0.044329 -0.000000
0.000000 -0.000000 2.540000
0.000000 -0.000000 2.540000
0.000000 -1.632681 1.945753
-0.000000 0.868731 -2.386819
-0.000000 0.868731 -2.386819
-0.000000 2.199704 -1.270000
2.539613 0.044329 -0.000000
2.539613 0.044329 -0.000000
2.539613 0.044329 -0.000000
0.000000 -2.540000 0.000000
0.000000 -2.540000 0.000000
0.000000 -2.540000 0.000000
2.413264 0.000000 0.792311
2.415684 0.000000 0.784903
2.054903 0.000000 1.492975
-0.000000 -2.540000 -0.000000
-0.000000 -2.540000 -0.000000
-0.000000 -2.540000 -0.000000
-2.262991 0.000000 1.153461
-2.054903 0.000000 1.492975
-1.795621 0.000000 1.796481
-0.000000 2.540000 -0.000000
-0.000000 2.540000 -0.000000
-0.000000 2.540000 -0.000000
-0.000000 2.540000 -0.000000
-0.000000 2.540000 -0.000000
-0.000000 2.540000 -0.000000
-1.152377 0.000000 2.263543
-1.492975 0.000000 2.054903
-0.784903 0.000000 2.415684
-0.000000 2.540000 -0.000000
-0.000000 2.540000 -0.000000
-0.000000 2.540000 -0.000000
-1.186779 -1.776021 -1.374374
-1.275687 -1.638126 -1.463135
-1.186779 -1.776021 -1.374374
-1.724583 -0.044329 -1.864255
-1.724583 -0.044329 -1.864255
-1.724583 -0.044329 -1.864255
-0.000000 2.540000 -0.000000
-0.000000 2.540000 -0.000000
-0.000000 2.540000 -0.000000
-0.000000 2.540000 -0.000000
-0.000000 2.540000 -0.000000
-0.000000 2.540000 -0.000000
0.000000 -2.540000 0.000000
0.000000 -2.540000 0.000000
0.000000 -2.540000 0.000000
0.000000 -2.540000 0.000000
0.000000 -2.540000 0.000000
0.000000 -2.540000 0.000000
0.000000 -2.540000 0.000000
0.000000 -2.540000 0.000000
0.000000 -2.540000 0.000000
0.000000 -2.540000 0.000000
0.000000 -2.540000 0.000000
0.000000 -2.540000 0.000000
0.000000 -2.540000 0.000000
0.000000 -2.540000 0.000000
0.000000 -2.540000 0.000000
-1.492975 -0.000000 -2.054903
-2.054903 -0.000000 -1.492975
-1.492975 -0.000000 -2.054903
0.000000 0.000000 2.540000
0.000000 0.000000 2.540000
0.000000 0.000000 2.540000
-2.496752 0.466724 0.000000
-2.496752 0.466724 0.000000
-2.159552 1.337138 0.000000
1.216124 -0.000000 -2.229942
1.154545 -0.000000 -2.262438
1.094660 -0.000000 -2.292012
1.260417 -0.000000 -2.205209
1.492975 -0.000000 -2.054903
1.154545 -0.000000 -2.262438
0.000000 0.000000 2.540000
0.000000 0.000000 2.540000
0.000000 0.000000 2.540000
0.798795 -2.411126 -0.000000
0.784903 -2.415684 -0.000000
2.054903 -1.492975 -0.000000
0.000000 -2.540000 0.000000
0.000000 -2.540000 0.000000
0.000000 -2.540000 0.000000
2.166119 0.000000 1.326472
1.725025 0.000000 1.864373
2.054903 0.000000 1.492975
0.000000 2.540000 0.000000
0.000000 2.540000 0.000000
0.000000 2.540000 0.000000
-1.440345 0.000000 2.092129
-0.755198 0.000000 2.425134
-0.784903 0.000000 2.415684
0.000000 0.000000 2.540000
0.000000 0.000000 2.540000
0.000000 0.000000 2.540000
-2.054903 1.492975 0.000000
-2.054903 1.492975 0.000000
-0.784903 2.415684 0.000000
-0.912672 -2.370365 0.000000
-0.784903 -2.415684 0.000000
0.057685 -2.539345 0.000000
0.705620 -0.000000 -2.440020
0.431751 -0.000000 -2.503036
0.488748 -0.000000 -2.492534
-2.054903 -1.492975 0.000000
-2.336843 -0.995371 0.000000
-2.540000 -0.000000 0.000000
0.000000 0.000000 2.540000
0.000000 0.000000 2.540000
0.000000 0.000000 2.540000
0.000000 -2.540000 0.000000
0.000000 -2.540000 0.000000
0.000000 -2.540000 0.000000
-1.724583 -0.044329 -1.864255
-1.724583 -0.044329 -1.864255
-1.724583 -0.044329 -1.864255
-0.000000 2.540000 -0.000000
-0.000000 2.540000 -0.000000
-0.000000 2.540000 -0.000000
-0.000000 2.540000 -0.000000
-0.000000 2.540000 -0.000000
-0.000000 2.540000 -0.000000
2.415684 0.000000 0.784903
2.540000 0.000000 -0.000000
2.415684 0.000000 0.784903
0.000000 -2.540000 0.000000
0.000000 -2.540000 0.000000
0.000000 -2.540000 0.000000
-0.000000 2.540000 -0.000000
-0.000000 2.540000 -0.000000
-0.000000 2.540000 -0.000000
-1.724583 0.044329 -1.864255
-1.724583 0.044329 -1.864255
-1.724583 0.044329 -1.864255
2.539613 -0.044329 -0.000000
2.539613 -0.044329 -0.000000
2.471731 -0.044329 -0.583251
-0.000000 2.540000 -0.000000
-0.000000 2.540000 -0.000000
-0.000000 2.540000 -0.000000
0.000000 0.000000 2.540000
0.000000 0.000000 2.540000
0.000000 0.000000 2.540000
-2.054903 1.492975 0.000000
-1.763104 1.828405 0.000000
-0.784903 2.415684 0.000000
0.000000 -2.540000 0.000000
0.000000 -2.540000 0.000000
0.000000 -2.540000 0.000000
2.054903 -0.000000 -1.492975
2.054903 -0.000000 -1.492975
2.415684 -0.000000 -0.784903
0.000000 0.000000 2.540000
0.000000 0.000000 2.540000
0.000000 0.000000 2.540000
2.054903 1.492975 -0.000000
0.784903 2.415684 -0.000000
2.054903 1.492975 -0.000000
1.877083 -1.711187 -0.000000
1.877083 -1.711187 -0.000000
2.368479 -0.917554 -0.000000
-0.000000 0.000000 -2.540000
-0.000000 0.000000 -2.540000
-0.000000 0.000000 -2.540000
0.000000 -2.540000 0.000000
0.000000 -2.540000 0.000000
0.000000 -2.540000 0.000000
-2.205735 -0.044329 1.258717
-2.316781 -0.044329 1.040269
-2.430089 -0.044329 0.737768
-0.000000 2.540000 -0.000000
-0.000000 2.540000 -0.000000
-0.000000 2.540000 -0.000000
1.410185 0.132933 2.108389
1.883412 0.132933 1.699026
2.186440 0.132933 1.285850
-0.000000 -0.132933 -2.536519
-0.000000 -0.132933 -2.536519
-0.000000 -0.132933 -2.536519
1.410185 -0.132933 2.108389
2.186440 -0.132933 1.285850
1.883412 -0.132933 1.699026
0.000000 0.000000 2.540000
-0.784903 0.000000 2.415684
0.000000 0.000000 2.540000
-0.000000 2.540000 -0.000000
-0.000000 2.540000 -0.000000
-0.000000 2.540000 -0.000000
-0.000000 2.540000 -0.000000
-0.000000 2.540000 -0.000000
-0.000000 2.540000 -0.000000
-0.000000 2.540000 -0.000000
-0.000000 2.540000 -0.000000
-0.000000 2.540000 -0.000000
-0.784903 2.415684 0.000000
-2.054903 1.492975 0.000000
-0.784903 2.415684 0.000000
-0.000000 0.000000 -2.540000
-0.000000 0.000000 -2.540000
-0.000000 0.000000 -2.540000
0.000000 0.000000 2.540000
0.000000 0.000000 2.540000
0.000000 0.000000 2.540000
2.054903 -1.492975 -0.000000
2.054903 -1.492975 -0.000000
2.540000 0.000000 -0.000000
1.877083 1.711187 -0.000000
1.877083 1.711187 -0.000000
1.132175 2.273715 -0.000000
-0.000000 0.000000 -2.540000
-0.000000 0.000000 -2.540000
-0.000000 0.000000 -2.540000
-0.928819 2.199704 0.866138
0.322576 2.501412 -0.300807
-0.928819 2.199704 0.866138
1.857638 -0.000000 -1.732276
1.423034 -1.632681 -1.327000
1.857638 -0.000000 -1.732276
0.000000 -1.632681 1.945753
0.000000 -1.632681 1.945753
0.000000 -2.501412 0.441066
-0.000000 2.199704 -1.270000
0.000000 2.501412 0.441066
-0.000000 2.199704 -1.270000
-0.000000 -2.199704 -1.270000
-0.000000 -2.199704 -1.270000
0.000000 -2.501412 0.441066
0.000000 2.501412 0.441066
0.000000 2.501412 0.441066
-0.000000 2.199704 -1.270000
2.539613 -0.044329 -0.000000
2.539613 -0.044329 -0.000000
2.539613 -0.044329 -0.000000
0.000000 1.632681 1.945753
0.000000 1.632681 1.945753
0.000000 -0.000000 2.540000
-0.000000 0.868731 -2.386819
-0.000000 2.199704 -1.270000
-0.000000 0.868731 -2.386819
2.539613 -0.044329 -0.000000
2.539613 -0.044329 -0.000000
2.539613 -0.044329 -0.000000
-1.530692 -2.026964 0.000000
-1.530692 -2.026964 0.000000
-0.695104 -2.443037 0.000000
0.000000 0.000000 2.540000
0.000000 0.000000 2.540000
0.000000 0.000000 2.540000
-1.492975 0.000000 2.054903
-2.054903 0.000000 1.492975
-1.492975 0.000000 2.054903
-0.000000 2.540000 -0.000000
-0.000000 2.540000 -0.000000
-0.000000 2.540000 -0.000000
0.000000 0.000000 2.540000
0.000000 0.000000 2.540000
0.000000 0.000000 2.540000
0.000000 0.000000 2.540000
0.000000 0.000000 2.540000
0.000000 0.000000 2.540000
-2.205735 -0.044329 1.258717
-2.051446 -0.044329 1.497066
-2.316781 -0.044329 1.040269
-0.000000 2.540000 -0.000000
-0.000000 2.540000 -0.000000
-0.000000 2.540000 -0.000000
1.877083 -1.711187 -0.000000
1.132175 -2.273715 -0.000000
1.877083 -1.711187 -0.000000
0.000000 0.000000 2.540000
0.000000 0.000000 2.540000
0.000000 0.000000 2.540000
-0.000000 2.540000 -0.000000
-0.000000 2.540000 -0.000000
-0.000000 2.540000 -0.000000
2.539613 0.044329 -0.000000
2.471731 0.044329 -0.583251
2.539613 0.044329 -0.000000
-0.695104 -2.443037 0.000000
-1.530692 -2.026964 0.000000
-0.695104 -2.443037 0.000000
-0.000000 0.000000 -2.540000
-0.000000 0.000000 -2.540000
-0.000000 0.000000 -2.540000
-0.000000 0.132933 -2.536519
-0.000000 0.132933 -2.536519
-0.000000 0.132933 -2.536519
-0.784903 -2.415684 0.000000
-0.784903 -2.415684 0.000000
-2.054903 -1.492975 0.000000
0.846667 -0.000000 -2.394735
0.846667 -0.000000 -2.394735
1.404764 -0.000000 -2.116185
0.000000 -2.540000 0.000000
0.000000 -2.540000 0.000000
0.000000 -2.540000 0.000000
-1.724583 -0.044329 -1.864255
-1.724583 -0.044329 -1.864255
-1.724583 -0.044329 -1.864255
-1.745609 0.868731 1.627807
-1.745609 0.868731 1.627807
-0.928819 2.199704 0.866138
1.423034 -1.632681 -1.327000
1.423034 -1.632681 -1.327000
0.322576 -2.501412 -0.300807
-1.724583 -0.044329 -1.864255
-1.724583 -0.044329 -1.864255
-1.724583 -0.044329 -1.864255
1.105643 -0.132933 2.282867
1.556593 -0.132933 2.002735
1.211057 -0.132933 2.228737
0.000000 -2.540000 0.000000
0.000000 -2.540000 0.000000
0.000000 -2.540000 0.000000
-0.000000 2.540000 -0.000000
-0.000000 2.540000 -0.000000
-0.000000 2.540000 -0.000000
0.255166 0.000000 2.527151
0.755198 0.000000 2.425134
0.784903 0.000000 2.415684
-2.054903 -0.000000 -1.492975
-2.054903 -0.000000 -1.492975
-2.415684 -0.000000 -0.784903
-0.000000 2.540000 -0.000000
-0.000000 2.540000 -0.000000
-0.000000 2.540000 -0.000000
-0.000000 2.540000 -0.000000
-0.000000 2.540000 -0.000000
-0.000000 2.540000 -0.000000
-2.540000 -0.000000 0.000000
-2.415684 -0.000000 -0.784903
-2.540000 -0.000000 -0.000000
-0.000000 2.540000 -0.000000
-0.000000 2.540000 -0.000000
-0.000000 2.540000 -0.000000
1.105643 0.132933 2.282867
1.211057 0.132933 2.228737
1.556593 0.132933 2.002735
-0.000000 -0.000000 -2.540000
-0.784903 -0.000000 -2.415684
-0.000000 -0.000000 -2.540000
0.000000 -2.540000 0.000000
0.000000 -2.540000 0.000000
0.000000 -2.540000 0.000000
0.755198 0.000000 2.425134
1.473997 0.000000 2.068558
0.755198 0.000000 2.425134
2.536519 -0.000000 -0.132933
2.540000 -0.000000 -0.000000
2.540000 -0.000000 -0.000000
2.539613 0.044329 -0.000000
2.539613 0.044329 -0.000000
2.539613 0.044329 -0.000000
0.000000 -0.000000 2.540000
0.000000 1.632681 1.945753
0.000000 -0.000000 2.540000
-0.000000 0.868731 -2.386819
-0.000000 0.868731 -2.386819
-0.000000 -0.868731 -2.386819
2.539613 0.044329 -0.000000
2.539613 0.044329 -0.000000
2.539613 0.044329 -0.000000
0.000000 -2.540000 0.000000
0.000000 -2.540000 0.000000
0.000000 -2.540000 0.000000
-2.415684 -0.000000 -0.784903
-2.540000 -0.000000 0.000000
-2.415684 -0.000000 -0.784903
-0.000000 -0.000000 -2.540000
-0.000000 -0.000000 -2.540000
-0.000000 -0.000000 -2.540000
-0.000000 2.540000 -0.000000
-0.000000 2.540000 -0.000000
-0.000000 2.540000 -0.000000
0.992945 0.044329 -2.337455
0.463149 0.044329 -2.497024
0.992945 0.044329 -2.337455
0.000000 -2.540000 0.000000
0.000000 -2.540000 0.000000
0.000000 -2.540000 0.000000
2.540000 0.000000 -0.000000
2.540000 0.000000 -0.000000
2.540000 0.000000 -0.000000
1.216124 -0.000000 -2.229942
1.154545 -0.000000 -2.262438
1.154545 -0.000000 -2.262438
0.125037 -0.000000 -2.536921
-0.396262 -0.000000 -2.508899
0.398666 -0.000000 -2.508519
-0.000000 -2.540000 -0.000000
-0.000000 -2.540000 -0.000000
-0.000000 -2.540000 -0.000000
-0.000000 -2.536519 -0.132933
-0.000000 -2.536519 -0.132933
-0.000000 -2.536519 -0.132933
2.536519 -0.000000 -0.132933
2.536519 -0.000000 -0.132933
2.536519 -0.000000 -0.132933
-0.000000 2.540000 -0.000000
-0.000000 2.540000 -0.000000
-0.000000 2.540000 -0.000000
-2.361567 0.044329 -0.934151
-2.327594 0.044329 -1.015845
-2.487399 0.044329 -0.512329
0.000000 -2.540000 0.000000
0.000000 -2.540000 0.000000
0.000000 -2.540000 0.000000
0.488746 -0.000000 -2.492534
-0.000000 -0.000000 -2.540000
0.784903 -0.000000 -2.415684
0.000000 -2.540000 0.000000
0.000000 -2.540000 0.000000
0.000000 -2.540000 0.000000
1.950252 0.044329 -1.626699
1.950252 0.044329 -1.626699
2.271713 0.044329 -1.135321
2.540000 -0.000000 -0.000000
2.054903 -1.492975 -0.000000
2.540000 0.000000 -0.000000
0.000000 0.000000 2.540000
0.000000 0.000000 2.540000
0.000000 0.000000 2.540000
1.154545 -0.000000 -2.262438
1.216245 -0.000000 -2.229876
1.094708 -0.000000 -2.291989
1.154545 -0.000000 -2.262438
0.705649 -0.000000 -2.440012
0.398666 -0.000000 -2.508519
-2.054903 1.492975 0.000000
-2.540000 -0.000000 0.000000
-2.054903 1.492975 0.000000
0.000000 0.000000 2.540000
0.784903 0.000000 2.415684
0.000000 0.000000 2.540000
0.000000 -2.540000 0.000000
0.000000 -2.540000 0.000000
0.000000 -2.540000 0.000000
-1.269807 0.044329 2.199369
-1.253350 0.044329 2.208789
-2.539613 0.044329 0.000000
0.000000 -2.540000 0.000000
0.000000 -2.540000 0.000000
0.000000 -2.540000 0.000000
2.536519 -0.000000 -0.132933
2.536519 -0.000000 -0.132933
2.536519 -0.000000 -0.132933
-0.000000 2.540000 -0.000000
-0.000000 2.540000 -0.000000
-0.000000 2.540000 -0.000000
-0.000000 2.540000 -0.000000
-0.000000 2.540000 -0.000000
-0.000000 2.540000 -0.000000
2.415684 0.000000 0.784903
2.054903 0.000000 1.492975
2.415684 0.000000 0.784903
-0.000000 2.540000 -0.000000
-0.000000 2.540000 -0.000000
-0.000000 2.540000 -0.000000
1.492975 0.000000 2.054903
1.473997 0.000000 2.068558
2.045703 0.000000 1.505556
-1.492975 0.000000 2.054903
-1.440345 0.000000 2.092129
-0.784903 0.000000 2.415684
0.000000 -2.540000 0.000000
0.000000 -2.540000 0.000000
0.000000 -2.540000 0.000000
2.540000 0.000000 -0.000000
2.540000 0.000000 -0.000000
2.540000 0.000000 -0.000000
2.540000 0.000000 -0.000000
2.540000 0.000000 -0.000000
2.540000 0.000000 -0.000000
-0.000000 2.540000 -0.000000
-0.000000 2.540000 -0.000000
-0.000000 2.540000 -0.000000
-0.709254 -0.044329 -2.438564
-0.130252 -0.044329 -2.536271
-0.709254 -0.044329 -2.438564
-1.250339 0.044329 -2.210495
-1.250339 0.044329 -2.210495
-0.709254 0.044329 -2.438564
0.000000 -2.540000 0.000000
0.000000 -2.540000 0.000000
0.000000 -2.540000 0.000000
-0.000000 -2.540000 -0.000000
-0.000000 -2.540000 -0.000000
-0.000000 -2.540000 -0.000000
-2.262991 -0.000000 -1.153461
-2.415684 -0.000000 -0.784903
-2.508709 -0.000000 -0.397464
0.000000 -0.000000 2.540000
0.000000 -0.000000 2.540000
0.000000 -0.000000 2.540000
2.539613 0.044329 -0.000000
2.539613 0.044329 -0.000000
2.539613 0.044329 -0.000000
0.000000 -0.000000 2.540000
0.000000 -0.000000 2.540000
0.000000 -0.000000 2.540000
2.539613 -0.044329 -0.000000
2.539613 -0.044329 -0.000000
2.539613 -0.044329 -0.000000
0.170444 -0.000000 -2.534275
-0.329879 -0.000000 -2.518488
0.125037 -0.000000 -2.536921
-2.540000 -0.000000 0.000000
-2.336843 -0.995371 0.000000
-2.540000 -0.000000 0.000000
-0.000000 0.000000 -2.540000
-0.000000 0.000000 -2.540000
-0.000000 0.000000 -2.540000
0.798795 2.411126 -0.000000
0.784903 2.415684 -0.000000
-0.775628 2.418678 0.000000
-1.960870 0.044329 -1.613885
-2.095335 0.044329 -1.434994
-1.724583 0.044329 -1.864255
-0.000000 2.540000 -0.000000
-0.000000 2.540000 -0.000000
-0.000000 2.540000 -0.000000
0.000000 -2.540000 0.000000
0.000000 -2.540000 0.000000
0.000000 -2.540000 0.000000
-2.095335 -0.044329 -1.434994
-1.960870 -0.044329 -1.613885
-1.724583 -0.044329 -1.864255
-0.000000 -0.868731 -2.386819
-0.000000 -0.868731 -2.386819
-0.000000 0.868731 -2.386819
0.000000 -0.000000 2.540000
0.000000 -0.000000 2.540000
0.000000 1.632681 1.945753
2.539613 -0.044329 -0.000000
2.539613 -0.044329 -0.000000
2.539613 -0.044329 -0.000000
2.539613 -0.044329 -0.000000
2.539613 -0.044329 -0.000000
2.539613 -0.044329 -0.000000
0.170444 -0.000000 -2.534275
0.431751 -0.000000 -2.503036
-0.329879 -0.000000 -2.518488
0.000000 2.540000 0.000000
0.000000 2.540000 0.000000
0.000000 2.540000 0.000000
2.536519 -0.000000 -0.132933
2.536519 -0.000000 -0.132933
2.536519 -0.000000 -0.132933
-0.000000 2.536519 -0.132933
-0.000000 2.536519 -0.132933
-0.000000 2.536519 -0.132933
0.000000 -2.540000 0.000000
0.000000 -2.540000 0.000000
0.000000 -2.540000 0.000000
2.436990 -0.132933 0.703568
2.400249 -0.132933 0.820205
2.237172 -0.132933 1.195403
2.436990 0.132933 0.703568
2.237172 0.132933 1.195403
2.400249 0.132933 0.820205
-0.000000 2.540000 -0.000000
-0.000000 2.540000 -0.000000
-0.000000 2.540000 -0.000000
0.000000 -2.540000 0.000000
0.000000 -2.540000 0.000000
0.000000 -2.540000 0.000000
-1.250339 -0.044329 -2.210495
-1.724583 -0.044329 -1.864255
-1.724583 -0.044329 -1.864255
0.000000 -2.540000 0.000000
0.000000 -2.540000 0.000000
0.000000 -2.540000 0.000000
0.521127 0.044329 -2.485571
-0.000000 0.044329 -2.539613
0.521127 0.044329 -2.485571
0.000000 0.000000 2.540000
0.000000 0.000000 2.540000
0.000000 0.000000 2.540000
0.234362 2.529165 -0.000000
0.234362 2.529165 -0.000000
-0.695104 2.443037 0.000000
-0.000000 0.000000 -2.540000
-0.000000 0.000000 -2.540000
-0.000000 0.000000 -2.540000
0.798795 -2.411126 -0.000000
-0.775628 -2.418678 0.000000
0.784903 -2.415684 -0.000000
-2.539613 -0.044329 0.000000
-2.539613 -0.044329 0.000000
-1.443626 0.044329 2.089397
-0.000000 2.540000 -0.000000
-0.000000 2.540000 -0.000000
-0.000000 2.540000 -0.000000
-0.000000 2.540000 -0.000000
-0.000000 2.540000 -0.000000
-0.000000 2.540000 -0.000000
0.521127 -0.044329 -2.485571
0.521127 -0.044329 -2.485571
-0.000000 -0.044329 -2.539613
1.950252 0.044329 -1.626699
1.524534 0.044329 -2.031116
1.950252 0.044329 -1.626699
-0.000000 2.540000 -0.000000
-0.000000 2.540000 -0.000000
-0.000000 2.540000 -0.000000
0.000000 -2.540000 0.000000
0.000000 -2.540000 0.000000
0.000000 -2.540000 0.000000
1.950252 -0.044329 -1.626699
1.950252 -0.044329 -1.626699
1.524534 -0.044329 -2.031116
0.000000 -2.501412 0.441066
-0.000000 -2.199704 -1.270000
0.000000 -2.501412 0.441066
2.539613 -0.044329 -0.000000
2.539613 -0.044329 -0.000000
2.539613 -0.044329 -0.000000
0.463149 -0.044329 -2.497024
0.992945 -0.044329 -2.337455
0.463149 -0.044329 -2.497024
-0.000000 2.540000 -0.000000
-0.000000 2.540000 -0.000000
-0.000000 2.540000 -0.000000
-0.000000 -2.540000 -0.000000
-0.000000 -2.540000 -0.000000
-0.000000 -2.540000 -0.000000
-0.000000 -2.540000 -0.000000
-0.000000 -2.540000 -0.000000
-0.000000 -2.540000 -0.000000
-2.181968 -0.000000 -1.300237
-2.054903 -0.000000 -1.492975
-1.698282 -0.000000 -1.888766
0.000000 2.540000 0.000000
0.000000 2.540000 0.000000
0.000000 2.540000 0.000000
-2.496752 0.466724 0.000000
-2.496752 0.466724 0.000000
-2.496752 -0.466724 0.000000
-0.000000 0.000000 -2.540000
-0.000000 0.000000 -2.540000
-0.000000 0.000000 -2.540000
0.000000 -2.540000 0.000000
0.000000 -2.540000 0.000000
0.000000 -2.540000 0.000000
-0.000000 -0.000000 -2.540000
-0.000000 -0.000000 -2.540000
-0.000000 -0.000000 -2.540000
1.260417 -0.000000 -2.205209
1.492975 -0.000000 -2.054903
1.216124 -0.000000 -2.229942
2.540000 -0.000000 -0.000000
2.341824 -0.983596 -0.000000
2.540000 0.000000 -0.000000
2.054903 -1.492975 -0.000000
2.054903 -1.492975 -0.000000
0.784903 -2.415684 -0.000000
1.058353 -0.768939 2.177205
1.058353 -0.768939 2.177205
0.404255 -1.244169 2.177205
-2.533225 0.044329 0.180018
-2.539578 0.044329 0.013355
-2.481873 0.044329 0.538461
-0.000000 2.540000 -0.000000
-0.000000 2.540000 -0.000000
-0.000000 2.540000 -0.000000
2.400249 -0.132933 0.820205
2.186440 -0.132933 1.285850
2.237172 -0.132933 1.195403
0.000000 -2.540000 0.000000
0.000000 -2.540000 0.000000
0.000000 -2.540000 0.000000
2.415684 -0.000000 -0.784903
2.166119 -0.000000 -1.326472
2.444744 -0.000000 -0.689078
0.000000 -2.540000 0.000000
0.000000 -2.540000 0.000000
0.000000 -2.540000 0.000000
2.400249 0.132933 0.820205
2.237172 0.132933 1.195403
2.186440 0.132933 1.285850
-0.000000 2.540000 -0.000000
-0.000000 2.540000 -0.000000
-0.000000 2.540000 -0.000000
-0.603903 2.402034 0.563148
-0.928819 2.199704 0.866138
0.322576 2.501412 -0.300807
-1.724583 -0.044329 -1.864255
-1.724583 -0.044329 -1.864255
-1.724583 -0.044329 -1.864255
0.000000 -2.540000 0.000000
0.000000 -2.540000 0.000000
0.000000 -2.540000 0.000000
1.404764 -0.000000 -2.116185
1.404764 -0.000000 -2.116185
1.878148 -0.000000 -1.710018
1.404764 -0.000000 -2.116185
1.404764 -0.000000 -2.116185
0.846667 -0.000000 -2.394735
-0.000000 2.540000 -0.000000
-0.000000 2.540000 -0.000000
-0.000000 2.540000 -0.000000
-1.206868 1.744041 -1.397638
-1.206868 1.744041 -1.397638
-1.294137 1.603852 -1.484745
-1.724583 -0.044329 -1.864255
-1.724583 -0.044329 -1.864255
-1.724583 -0.044329 -1.864255
-0.000000 2.540000 -0.000000
-0.000000 2.540000 -0.000000
-0.000000 2.540000 -0.000000
-1.250339 0.044329 -2.210495
-1.724583 0.044329 -1.864255
-1.250339 0.044329 -2.210495
2.439293 -0.132933 -0.695543
2.529308 -0.132933 -0.191126
2.413731 -0.132933 -0.779635
0.000000 -2.540000 0.000000
0.000000 -2.540000 0.000000
0.000000 -2.540000 0.000000
0.000000 -2.540000 0.000000
0.000000 -2.540000 0.000000
0.000000 -2.540000 0.000000
2.512302 -0.132933 -0.349666
2.413731 -0.132933 -0.779635
2.530059 -0.132933 0.180913
-0.000000 2.540000 -0.000000
-0.000000 2.540000 -0.000000
-0.000000 2.540000 -0.000000
1.017315 0.044329 -2.326952
0.455712 0.044329 -2.498392
1.017315 0.044329 -2.326952
-0.000000 2.540000 -0.000000
-0.000000 2.540000 -0.000000
-0.000000 2.540000 -0.000000
2.439293 0.132933 -0.695543
2.413731 0.132933 -0.779635
2.529308 0.132933 -0.191126
2.512302 0.132933 -0.349666
2.530059 0.132933 0.180913
2.413731 0.132933 -0.779635
-0.000000 2.540000 -0.000000
-0.000000 2.540000 -0.000000
-0.000000 2.540000 -0.000000
0.000000 -2.540000 0.000000
0.000000 -2.540000 0.000000
0.000000 -2.540000 0.000000
-0.130252 -0.044329 -2.536271
-0.130252 -0.044329 -2.536271
-0.709254 -0.044329 -2.438564
-1.960870 0.044329 -1.613885
-1.724583 0.044329 -1.864255
-1.724583 0.044329 -1.864255
0.000000 -2.540000 0.000000
0.000000 -2.540000 0.000000
0.000000 -2.540000 0.000000
2.271713 0.044329 -1.135321
2.271713 0.044329 -1.135321
2.471731 0.044329 -0.583251
-0.000000 2.540000 -0.000000
-0.000000 2.540000 -0.000000
-0.000000 2.540000 -0.000000
1.017315 -0.044329 -2.326952
1.017315 -0.044329 -2.326952
0.455712 -0.044329 -2.498392
0.000000 -2.540000 0.000000
0.000000 -2.540000 0.000000
0.000000 -2.540000 0.000000
-2.508709 0.000000 0.397464
-2.540000 -0.000000 0.000000
-2.415684 0.000000 0.784903
-0.000000 2.540000 -0.000000
-0.000000 2.540000 -0.000000
-0.000000 2.540000 -0.000000
2.471731 -0.044329 -0.583251
2.539613 -0.044329 -0.000000
2.471731 -0.044329 -0.583251
0.000000 -2.540000 0.000000
0.000000 -2.540000 0.000000
0.000000 -2.540000 0.000000
2.166119 0.000000 1.326472
2.054903 0.000000 1.492975
2.415684 0.000000 0.784903
-0.000000 2.540000 -0.000000
-0.000000 2.540000 -0.000000
-0.000000 2.540000 -0.000000
-0.928819 -2.199704 0.866138
0.322576 -2.501412 -0.300807
-0.928819 -2.199704 0.866138
-1.318712 1.288322 -1.747234
-1.318712 1.288322 -1.747234
-1.963228 1.132932 -1.146213
1.003970 -2.333162 -0.000000
0.784903 -2.415684 -0.000000
2.054903 -1.492975 -0.000000
0.000000 0.000000 2.540000
0.000000 0.000000 2.540000
0.000000 0.000000 2.540000
-0.709254 0.044329 -2.438564
-0.709254 0.044329 -2.438564
-0.130252 0.044329 -2.536271
-0.000000 2.540000 -0.000000
-0.000000 2.540000 -0.000000
-0.000000 2.540000 -0.000000
0.000000 1.632681 1.945753
0.000000 -0.000000 2.540000
0.000000 1.632681 1.945753
-0.000000 -2.199704 -1.270000
0.000000 -2.501412 0.441066
-0.000000 -2.199704 -1.270000
0.000000 -2.540000 0.000000
0.000000 -2.540000 0.000000
0.000000 -2.540000 0.000000
-2.054903 0.000000 1.492975
-2.054903 0.000000 1.492975
-2.415684 0.000000 0.784903
0.000000 -2.540000 0.000000
0.000000 -2.540000 0.000000
0.000000 -2.540000 0.000000
-2.415684 -0.000000 -0.784903
-2.469387 -0.000000 -0.594752
-2.540000 -0.000000 0.000000
1.005239 2.332616 -0.000000
2.054903 1.492975 -0.000000
0.784903 2.415684 -0.000000
0.000000 0.000000 2.540000
0.000000 0.000000 2.540000
0.000000 0.000000 2.540000
2.415684 -0.000000 -0.784903
2.540000 0.000000 -0.000000
2.444744 -0.000000 -0.689078
0.000000 -2.540000 0.000000
0.000000 -2.540000 0.000000
0.000000 -2.540000 0.000000
0.000000 -2.501412 0.441066
0.000000 -2.501412 0.441066
-0.000000 -2.199704 -1.270000
-0.000000 2.199704 -1.270000
0.000000 2.501412 0.441066
-0.000000 2.199704 -1.270000
0.000000 0.000000 2.540000
0.000000 0.000000 2.540000
0.000000 0.000000 2.540000
2.066301 1.477160 -0.000000
2.540000 0.000000 -0.000000
2.054903 1.492975 -0.000000
0.000000 -2.540000 0.000000
0.000000 -2.540000 0.000000
0.000000 -2.540000 0.000000
1.017315 0.044329 -2.326952
1.017315 0.044329 -2.326952
1.524534 0.044329 -2.031116
-0.000000 2.540000 -0.000000
-0.000000 2.540000 -0.000000
-0.000000 2.540000 -0.000000
0.784903 0.000000 2.415684
0.000000 0.000000 2.540000
0.784903 0.000000 2.415684
2.054903 -0.000000 -1.492975
2.166119 -0.000000 -1.326472
2.415684 -0.000000 -0.784903
-0.000000 2.540000 -0.000000
-0.000000 2.540000 -0.000000
-0.000000 2.540000 -0.000000
0.000000 -2.540000 0.000000
0.000000 -2.540000 0.000000
0.000000 -2.540000 0.000000
-0.000000 0.044329 -2.539613
-0.000000 0.044329 -2.539613
0.521127 0.044329 -2.485571
-0.000000 2.540000 -0.000000
-0.000000 2.540000 -0.000000
-0.000000 2.540000 -0.000000
-0.000000 -0.044329 -2.539613
0.521127 -0.044329 -2.485571
-0.000000 -0.044329 -2.539613
0.000000 0.000000 2.540000
0.000000 0.000000 2.540000
0.000000 0.000000 2.540000
-2.054903 -1.492975 0.000000
-2.540000 -0.000000 0.000000
-2.054903 -1.492975 0.000000
-0.000000 2.540000 -0.000000
-0.000000 2.540000 -0.000000
-0.000000 2.540000 -0.000000
1.154545 0.000000 2.262438
0.784903 0.000000 2.415684
1.492975 0.000000 2.054903
2.539613 0.044329 -0.000000
2.539613 0.044329 -0.000000
2.539613 0.044329 -0.000000
-0.000000 -2.199704 -1.270000
-0.000000 -2.199704 -1.270000
0.000000 -2.501412 0.441066
0.000000 -2.540000 0.000000
0.000000 -2.540000 0.000000
0.000000 -2.540000 0.000000
0.784903 0.000000 2.415684
0.784903 0.000000 2.415684
0.000000 0.000000 2.540000
0.000000 -2.540000 0.000000
0.000000 -2.540000 0.000000
0.000000 -2.540000 0.000000
2.054903 0.000000 1.492975
1.492975 0.000000 2.054903
2.045703 0.000000 1.505556
-0.000000 2.540000 -0.000000
-0.000000 2.540000 -0.000000
-0.000000 2.540000 -0.000000
0.455712 -0.044329 -2.498392
1.017315 -0.044329 -2.326952
0.455712 -0.044329 -2.498392
0.000000 -1.632681 1.945753
0.000000 -0.000000 2.540000
0.000000 -1.632681 1.945753
2.177205 1.288322 0.227166
2.177205 1.288322 0.227166
2.177205 1.132932 -0.654098
-2.536519 0.000000 -0.132933
-2.540000 0.000000 0.000000
-2.536519 0.000000 -0.132933
-0.000000 -0.000000 -2.540000
-0.000000 -0.000000 -2.540000
-0.000000 -0.000000 -2.540000
-0.000000 2.540000 -0.000000
-0.000000 2.540000 -0.000000
-0.000000 2.540000 -0.000000
-0.000000 -0.000000 -2.540000
-0.784903 -0.000000 -2.415684
-0.396262 -0.000000 -2.508899
-1.795621 -0.000000 -1.796481
-1.492975 -0.000000 -2.054903
-2.054903 -0.000000 -1.492975
-0.000000 2.540000 -0.000000
-0.000000 2.540000 -0.000000
-0.000000 2.540000 -0.000000
1.492975 -0.000000 -2.054903
2.054903 -0.000000 -1.492975
1.725025 -0.000000 -1.864373
0.000000 -2.540000 0.000000
0.000000 -2.540000 0.000000
0.000000 -2.540000 0.000000
-0.000000 2.540000 -0.000000
-0.000000 2.540000 -0.000000
-0.000000 2.540000 -0.000000
2.238270 -0.000000 -1.200729
1.878148 -0.000000 -1.710018
2.238270 -0.000000 -1.200729
0.000000 2.540000 0.000000
0.000000 2.540000 0.000000
0.000000 2.540000 0.000000
-2.540000 0.000000 0.000000
-2.540000 0.000000 0.000000
-2.540000 0.000000 0.000000
-0.784903 -0.000000 -2.415684
-0.000000 -0.000000 -2.540000
-0.784903 -0.000000 -2.415684
-0.000000 2.540000 -0.000000
-0.000000 2.540000 -0.000000
-0.000000 2.540000 -0.000000
-0.784903 -2.415684 0.000000
-0.784903 -2.415684 0.000000
0.784903 -2.415684 -0.000000
0.000000 0.000000 2.540000
0.000000 0.000000 2.540000
0.000000 0.000000 2.540000
-0.000000 2.540000 -0.000000
-0.000000 2.540000 -0.000000
-0.000000 2.540000 -0.000000
1.524534 -0.044329 -2.031116
1.950252 -0.044329 -1.626699
1.524534 -0.044329 -2.031116
0.000000 -2.540000 0.000000
0.000000 -2.540000 0.000000
0.000000 -2.540000 0.000000
-0.329879 -0.000000 -2.518488
-0.784903 -0.000000 -2.415684
-0.000000 -0.000000 -2.540000
0.000000 -2.540000 0.000000
0.000000 -2.540000 0.000000
0.000000 -2.540000 0.000000
-1.698282 -0.000000 -1.888766
-2.054903 -0.000000 -1.492975
-1.492975 -0.000000 -2.054903
-0.000000 0.000000 -2.540000
-0.000000 0.000000 -2.540000
-0.000000 0.000000 -2.540000
-2.054903 -1.492975 0.000000
-0.784903 -2.415684 0.000000
-2.054903 -1.492975 0.000000
-2.052035 1.496915 0.000000
-2.054903 1.492975 0.000000
-2.540000 -0.000000 0.000000
-0.000000 0.000000 -2.540000
-0.000000 0.000000 -2.540000
-0.000000 0.000000 -2.540000
1.154545 0.000000 2.262438
1.492975 0.000000 2.054903
1.725025 0.000000 1.864373
0.000000 -2.540000 0.000000
0.000000 -2.540000 0.000000
0.000000 -2.540000 0.000000
0.000000 0.000000 2.540000
0.000000 0.000000 2.540000
0.000000 0.000000 2.540000
0.784903 -2.415684 -0.000000
0.057685 -2.539345 0.000000
-0.784903 -2.415684 0.000000
2.415684 -0.000000 -0.784903
2.415684 -0.000000 -0.784903
2.054903 -0.000000 -1.492975
-0.000000 2.540000 -0.000000
-0.000000 2.540000 -0.000000
-0.000000 2.540000 -0.000000
0.000000 -2.540000 0.000000
0.000000 -2.540000 0.000000
0.000000 -2.540000 0.000000
1.556593 -0.132933 2.002735
1.939358 -0.132933 1.634876
1.211057 -0.132933 2.228737
1.094660 -0.000000 -2.292012
1.492975 -0.000000 -2.054903
0.784903 -0.000000 -2.415684
-0.000000 2.540000 -0.000000
-0.000000 2.540000 -0.000000
-0.000000 2.540000 -0.000000
-0.000000 2.540000 -0.000000
-0.000000 2.540000 -0.000000
-0.000000 2.540000 -0.000000
1.556593 0.132933 2.002735
1.211057 0.132933 2.228737
1.939358 0.132933 1.634876
-0.784903 -0.000000 -2.415684
-0.784903 -0.000000 -2.415684
-0.000000 -0.000000 -2.540000
0.000000 -2.540000 0.000000
0.000000 -2.540000 0.000000
0.000000 -2.540000 0.000000
2.271713 -0.044329 -1.135321
2.471731 -0.044329 -0.583251
2.271713 -0.044329 -1.135321
-0.000000 2.540000 -0.000000
-0.000000 2.540000 -0.000000
-0.000000 2.540000 -0.000000
0.000000 0.000000 2.540000
0.255166 0.000000 2.527151
0.784903 0.000000 2.415684
0.000000 -2.540000 0.000000
0.000000 -2.540000 0.000000
0.000000 -2.540000 0.000000
-2.509998 -0.044329 -0.386712
-2.487399 -0.044329 -0.512329
-2.361567 -0.044329 -0.934151
0.000000 -2.540000 0.000000
0.000000 -2.540000 0.000000
0.000000 -2.540000 0.000000
-2.321666 -0.044329 -1.029320
-2.161124 -0.044329 -1.333858
-2.361567 -0.044329 -0.934151
-0.000000 2.540000 -0.000000
-0.000000 2.540000 -0.000000
-0.000000 2.540000 -0.000000
0.000000 -2.540000 0.000000
0.000000 -2.540000 0.000000
0.000000 -2.540000 0.000000
2.415684 -0.000000 -0.784903
2.054903 -0.000000 -1.492975
2.415684 -0.000000 -0.784903
-1.322901 0.044329 2.167849
-1.253350 0.044329 2.208789
-1.269807 0.044329 2.199369
-1.871354 -0.044329 1.716878
-1.443626 -0.044329 2.089397
-1.697347 -0.044329 1.889087
-0.000000 -2.540000 -0.000000
-0.000000 -2.540000 -0.000000
-0.000000 -2.540000 -0.000000
-1.795621 -0.000000 -1.796481
-2.054903 -0.000000 -1.492975
-2.262991 -0.000000 -1.153461
-0.404255 1.244169 2.177205
-0.404255 1.244169 2.177205
0.404255 1.244169 2.177205
-0.000000 2.540000 -0.000000
-0.000000 2.540000 -0.000000
-0.000000 2.540000 -0.000000
-0.000000 0.000000 -2.540000
-0.000000 0.000000 -2.540000
-0.000000 0.000000 -2.540000
0.784903 2.415684 -0.000000
0.784903 2.415684 -0.000000
2.054903 1.492975 -0.000000
2.045703 0.000000 1.505556
2.413264 0.000000 0.792311
2.054903 0.000000 1.492975
-0.000000 2.540000 -0.000000
-0.000000 2.540000 -0.000000
-0.000000 2.540000 -0.000000
-0.000000 2.540000 -0.000000
-0.000000 2.540000 -0.000000
-0.000000 2.540000 -0.000000
2.540000 0.000000 -0.000000
2.540000 0.000000 -0.000000
2.463413 -0.000000 -0.619030
0.000000 -2.540000 0.000000
0.000000 -2.540000 0.000000
0.000000 -2.540000 0.000000
2.536519 -0.000000 -0.132933
2.536519 -0.000000 -0.132933
2.536519 -0.000000 -0.132933
-2.430089 -0.044329 0.737768
-2.481873 -0.044329 0.538461
-2.533225 -0.044329 0.180018
0.000000 -2.540000 0.000000
0.000000 -2.540000 0.000000
0.000000 -2.540000 0.000000
-0.000000 -0.868731 -2.386819
-0.000000 0.868731 -2.386819
-0.000000 -0.868731 -2.386819
2.177205 -1.288322 0.227166
2.177205 -1.288322 0.227166
2.177205 -0.840893 1.002137
-0.784903 2.415684 0.000000
-0.784903 2.415684 0.000000
0.784903 2.415684 -0.000000
-0.000000 -0.132933 -2.536519
-0.000000 -0.132933 -2.536519
-0.000000 -0.132933 -2.536519
-2.415684 0.000000 0.784903
-2.534685 0.000000 0.164231
-2.371989 0.000000 0.908442
0.000000 2.540000 0.000000
0.000000 2.540000 0.000000
0.000000 2.540000 0.000000
-0.000000 0.000000 -2.540000
-0.000000 0.000000 -2.540000
-0.000000 0.000000 -2.540000
2.540000 0.000000 -0.000000
2.540000 0.000000 -0.000000
2.368479 -0.917554 -0.000000
-0.000000 2.540000 -0.000000
-0.000000 2.540000 -0.000000
-0.000000 2.540000 -0.000000
2.054903 -0.000000 -1.492975
2.166119 -0.000000 -1.326472
1.725025 -0.000000 -1.864373
-2.496752 -0.466724 0.000000
-2.496752 0.466724 0.000000
-2.496752 -0.466724 0.000000
0.000000 0.000000 2.540000
0.000000 0.000000 2.540000
0.000000 0.000000 2.540000
-1.795621 0.000000 1.796481
-2.054903 0.000000 1.492975
-1.492975 0.000000 2.054903
-0.000000 2.540000 -0.000000
-0.000000 2.540000 -0.000000
-0.000000 2.540000 -0.000000
-2.540000 -0.000000 0.000000
-2.336843 -0.995371 0.000000
-2.540000 -0.000000 0.000000
0.170444 -0.000000 -2.534275
-0.000000 -0.000000 -2.540000
0.125037 -0.000000 -2.536921
0.000000 -2.540000 0.000000
0.000000 -2.540000 0.000000
0.000000 -2.540000 0.000000
2.471731 0.044329 -0.583251
2.271713 0.044329 -1.135321
2.471731 0.044329 -0.583251
0.000000 -2.540000 0.000000
0.000000 -2.540000 0.000000
0.000000 -2.540000 0.000000
-2.054903 0.000000 1.492975
-1.995934 0.000000 1.570938
-1.492975 0.000000 2.054903
-0.000000 2.540000 -0.000000
-0.000000 2.540000 -0.000000
-0.000000 2.540000 -0.000000
-2.536519 0.000000 -0.132933
-2.540000 0.000000 0.000000
-2.540000 0.000000 0.000000
0.000000 -2.540000 0.000000
0.000000 -2.540000 0.000000
0.000000 -2.540000 0.000000
1.020075 0.044329 -2.325743
0.521127 0.044329 -2.485571
1.020075 0.044329 -2.325743
-0.000000 -2.540000 -0.000000
-0.000000 -2.540000 -0.000000
-0.000000 -2.540000 -0.000000
-2.508709 0.000000 0.397464
-2.415684 0.000000 0.784903
-2.262991 0.000000 1.153461
-0.000000 2.540000 -0.000000
-0.000000 2.540000 -0.000000
-0.000000 2.540000 -0.000000
-0.396262 0.000000 2.508899
-0.784903 0.000000 2.415684
0.000000 0.000000 2.540000
-1.795621 0.000000 1.796481
-1.492975 0.000000 2.054903
-1.152377 0.000000 2.263543
-0.000000 -2.540000 -0.000000
-0.000000 -2.540000 -0.000000
-0.000000 -2.540000 -0.000000
1.020075 -0.044329 -2.325743
1.020075 -0.044329 -2.325743
0.521127 -0.044329 -2.485571
-0.000000 2.540000 -0.000000
-0.000000 2.540000 -0.000000
-0.000000 2.540000 -0.000000
-1.250339 -0.044329 -2.210495
-0.709254 -0.044329 -2.438564
-1.250339 -0.044329 -2.210495
-0.000000 2.540000 -0.000000
-0.000000 2.540000 -0.000000
-0.000000 2.540000 -0.000000
0.000000 0.000000 2.540000
0.000000 0.000000 2.540000
0.000000 0.000000 2.540000
2.540000 0.000000 -0.000000
2.054903 1.492975 -0.000000
2.540000 -0.000000 -0.000000
-0.396262 -0.000000 -2.508899
-0.784903 -0.000000 -2.415684
-1.152377 -0.000000 -2.263543
-0.000000 -2.540000 -0.000000
-0.000000 -2.540000 -0.000000
-0.000000 -2.540000 -0.000000
-1.724583 -0.044329 -1.864255
-1.724583 -0.044329 -1.864255
-1.724583 -0.044329 -1.864255
1.423034 1.632681 -1.327000
1.423034 1.632681 -1.327000
0.322576 2.501412 -0.300807
0.478361 2.454340 -0.446079
0.322576 2.501412 -0.300807
1.454066 1.580734 -1.355939
1.492975 0.000000 2.054903
0.755198 0.000000 2.425134
0.984844 0.000000 2.341300
2.540000 0.000000 -0.000000
2.540000 0.000000 -0.000000
2.444744 -0.000000 -0.689078
-0.000000 2.540000 -0.000000
-0.000000 2.540000 -0.000000
-0.000000 2.540000 -0.000000
0.000000 0.000000 2.540000
0.000000 0.000000 2.540000
0.000000 0.000000 2.540000
1.132175 -2.273715 -0.000000
1.132175 -2.273715 -0.000000
0.234362 -2.529165 -0.000000
-1.492975 0.000000 2.054903
-1.995934 0.000000 1.570938
-1.440345 0.000000 2.092129
0.000000 2.540000 0.000000
0.000000 2.540000 0.000000
0.000000 2.540000 0.000000
-2.415684 -0.000000 -0.784903
-2.181968 -0.000000 -1.300237
-2.469387 -0.000000 -0.594752
0.000000 2.540000 0.000000
0.000000 2.540000 0.000000
0.000000 2.540000 0.000000
0.000000 -2.540000 0.000000
0.000000 -2.540000 0.000000
0.000000 -2.540000 0.000000
2.463413 -0.000000 -0.619030
2.463413 -0.000000 -0.619030
2.238270 -0.000000 -1.200729
2.444744 0.000000 0.689078
2.166119 0.000000 1.326472
2.415684 0.000000 0.784903
0.000000 -2.540000 0.000000
0.000000 -2.540000 0.000000
0.000000 -2.540000 0.000000
0.000000 0.000000 2.540000
0.000000 0.000000 2.540000
0.000000 0.000000 2.540000
0.784903 -2.415684 -0.000000
0.784903 -2.415684 -0.000000
-0.784903 -2.415684 0.000000
-0.000000 0.000000 -2.540000
-0.000000 0.000000 -2.540000
-0.000000 0.000000 -2.540000
-1.530692 -2.026964 0.000000
-1.530692 -2.026964 0.000000
-2.159552 -1.337138 0.000000
-0.513179 -2.441155 0.478548
-0.928819 -2.199704 0.866138
-1.199079 -1.939982 1.118159
2.540000 -0.000000 -0.000000
2.540000 -0.000000 -0.000000
2.540000 -0.000000 -0.000000
-2.159552 1.337138 0.000000
-2.496752 0.466724 0.000000
-2.159552 1.337138 0.000000
-0.000000 0.000000 -2.540000
-0.000000 0.000000 -2.540000
-0.000000 0.000000 -2.540000
0.000000 0.000000 2.540000
0.000000 0.000000 2.540000
0.000000 0.000000 2.540000
1.132175 2.273715 -0.000000
0.234362 2.529165 -0.000000
1.132175 2.273715 -0.000000
-0.000000 0.000000 -2.540000
-0.000000 0.000000 -2.540000
-0.000000 0.000000 -2.540000
2.368479 0.917554 -0.000000
2.368479 0.917554 -0.000000
1.877083 1.711187 -0.000000
-0.000000 -2.540000 -0.000000
-0.000000 -2.540000 -0.000000
-0.000000 -2.540000 -0.000000
-0.396262 0.000000 2.508899
0.000000 0.000000 2.540000
0.398666 0.000000 2.508519
-0.000000 -0.132933 -2.536519
-0.000000 -0.132933 -2.536519
-0.000000 -0.132933 -2.536519
1.211057 -0.132933 2.228737
2.186440 -0.132933 1.285850
1.312639 -0.132933 2.170463
-0.000000 0.132933 -2.536519
-0.000000 0.132933 -2.536519
-0.000000 0.132933 -2.536519
1.211057 0.132933 2.228737
1.312639 0.132933 2.170463
2.186440 0.132933 1.285850
0.000000 2.540000 0.000000
0.000000 2.540000 0.000000
0.000000 2.540000 0.000000
-1.061836 -0.000000 -2.307402
-0.784903 -0.000000 -2.415684
-0.329879 -0.000000 -2.518488
-0.000000 0.000000 -2.540000
-0.000000 0.000000 -2.540000
-0.000000 0.000000 -2.540000
1.132175 -2.273715 -0.000000
1.132175 -2.273715 -0.000000
1.877083 -1.711187 -0.000000
0.000000 -2.540000 0.000000
0.000000 -2.540000 0.000000
0.000000 -2.540000 0.000000
1.260417 -0.000000 -2.205209
1.154545 -0.000000 -2.262438
1.725025 -0.000000 -1.864373
-2.159552 -1.337138 0.000000
-1.530692 -2.026964 0.000000
-2.159552 -1.337138 0.000000
0.000000 0.000000 2.540000
0.000000 0.000000 2.540000
0.000000 0.000000 2.540000
0.455712 0.044329 -2.498392
-0.130252 0.044329 -2.536271
0.455712 0.044329 -2.498392
0.000000 -2.540000 0.000000
0.000000 -2.540000 0.000000
0.000000 -2.540000 0.000000
-0.000000 0.000000 -2.540000
-0.000000 0.000000 -2.540000
-0.000000 0.000000 -2.540000
0.234362 2.529165 -0.000000
0.234362 2.529165 -0.000000
1.132175 2.273715 -0.000000
-0.000000 2.540000 -0.000000
-0.000000 2.540000 -0.000000
-0.000000 2.540000 -0.000000
-2.415684 0.000000 0.784903
-2.540000 -0.000000 -0.000000
-2.415684 0.000000 0.784903
0.000000 -2.540000 0.000000
0.000000 -2.540000 0.000000
0.000000 -2.540000 0.000000
-2.540000 -0.000000 0.000000
-2.415684 0.000000 0.784903
-2.540000 -0.000000 0.000000
-2.159552 1.337138 0.000000
-2.159552 1.337138 0.000000
-1.530692 2.026964 0.000000
0.000000 0.000000 2.540000
0.000000 0.000000 2.540000
0.000000 0.000000 2.540000
-0.000000 -2.199704 -1.270000
0.000000 -2.501412 0.441066
-0.000000 -2.199704 -1.270000
2.539613 0.044329 -0.000000
2.539613 0.044329 -0.000000
2.539613 0.044329 -0.000000
1.877083 1.711187 -0.000000
2.368479 0.917554 -0.000000
1.877083 1.711187 -0.000000
0.000000 0.000000 2.540000
0.000000 0.000000 2.540000
0.000000 0.000000 2.540000
-1.724583 -0.044329 -1.864255
-1.724583 -0.044329 -1.864255
-1.724583 -0.044329 -1.864255
-0.928819 -2.199704 0.866138
-0.513179 -2.441155 0.478548
0.322576 -2.501412 -0.300807
-2.361567 0.044329 -0.934151
-2.487399 0.044329 -0.512329
-2.509998 0.044329 -0.386712
-2.509998 0.044329 -0.386712
-2.539578 0.044329 0.013355
-2.533225 0.044329 0.180018
0.000000 -2.540000 0.000000
0.000000 -2.540000 0.000000
0.000000 -2.540000 0.000000
1.492975 -0.000000 -2.054903
0.784903 -0.000000 -2.415684
1.492975 -0.000000 -2.054903
1.492975 -0.000000 -2.054903
1.492975 -0.000000 -2.054903
0.784903 -0.000000 -2.415684
-0.000000 2.540000 -0.000000
-0.000000 2.540000 -0.000000
-0.000000 2.540000 -0.000000
-2.161124 0.044329 -1.333858
-2.095335 0.044329 -1.434994
-1.960870 0.044329 -1.613885
0.000000 -2.540000 0.000000
0.000000 -2.540000 0.000000
0.000000 -2.540000 0.000000
-1.058353 -0.768939 2.177205
-0.404255 -1.244169 2.177205
-0.404255 -1.244169 2.177205
0.000000 -2.540000 0.000000
0.000000 -2.540000 0.000000
0.000000 -2.540000 0.000000
-2.430089 0.044329 0.737768
-2.316781 0.044329 1.040269
-2.205735 0.044329 1.258717
-2.533225 0.044329 0.180018
-2.481873 0.044329 0.538461
-2.430089 0.044329 0.737768
0.000000 -2.540000 0.000000
0.000000 -2.540000 0.000000
0.000000 -2.540000 0.000000
2.540000 0.000000 -0.000000
2.444744 -0.000000 -0.689078
2.540000 0.000000 -0.000000
-1.492975 0.000000 2.054903
-1.492975 0.000000 2.054903
-0.784903 0.000000 2.415684
-0.000000 2.540000 -0.000000
-0.000000 2.540000 -0.000000
-0.000000 2.540000 -0.000000
-0.784903 0.000000 2.415684
-0.784903 0.000000 2.415684
-1.492975 0.000000 2.054903
0.000000 -2.540000 0.000000
0.000000 -2.540000 0.000000
0.000000 -2.540000 0.000000
-0.000000 2.540000 -0.000000
-0.000000 2.540000 -0.000000
-0.000000 2.540000 -0.000000
-0.784903 0.000000 2.415684
-1.492975 0.000000 2.054903
-0.784903 0.000000 2.415684
-1.871354 -0.044329 1.716878
-2.051446 -0.044329 1.497066
-2.205735 -0.044329 1.258717
0.000000 -2.540000 0.000000
0.000000 -2.540000 0.000000
0.000000 -2.540000 0.000000
0.000000 -2.540000 0.000000
0.000000 -2.540000 0.000000
0.000000 -2.540000 0.000000
-1.724583 0.044329 -1.864255
-1.724583 0.044329 -1.864255
-1.250339 0.044329 -2.210495
0.000000 -2.540000 0.000000
0.000000 -2.540000 0.000000
0.000000 -2.540000 0.000000
-2.415684 0.000000 0.784903
-2.415684 0.000000 0.784903
-2.540000 -0.000000 0.000000
2.540000 0.000000 -0.000000
2.415684 -0.000000 -0.784903
2.540000 0.000000 -0.000000
0.000000 -2.540000 0.000000
0.000000 -2.540000 0.000000
0.000000 -2.540000 0.000000
-0.000000 2.540000 -0.000000
-0.000000 2.540000 -0.000000
-0.000000 2.540000 -0.000000
0.784903 -0.000000 -2.415684
1.492975 -0.000000 -2.054903
0.784903 -0.000000 -2.415684
2.177205 0.000000 1.308197
2.177205 0.000000 1.308197
2.177205 0.840893 1.002137
-0.000000 0.868731 -2.386819
-0.000000 -0.868731 -2.386819
-0.000000 0.868731 -2.386819
-0.775628 -2.418678 0.000000
-0.784903 -2.415684 0.000000
0.784903 -2.415684 -0.000000
0.000000 0.000000 2.540000
0.000000 0.000000 2.540000
0.000000 0.000000 2.540000
-0.000000 2.540000 -0.000000
-0.000000 2.540000 -0.000000
-0.000000 2.540000 -0.000000
1.503531 0.132933 2.042871
1.883412 0.132933 1.699026
1.410185 0.132933 2.108389
1.503531 -0.132933 2.042871
1.410185 -0.132933 2.108389
1.883412 -0.132933 1.699026
0.000000 -2.540000 0.000000
0.000000 -2.540000 0.000000
0.000000 -2.540000 0.000000
-0.000000 2.540000 -0.000000
-0.000000 2.540000 -0.000000
-0.000000 2.540000 -0.000000
-2.095335 -0.044329 -1.434994
-2.161124 -0.044329 -1.333858
-1.960870 -0.044329 -1.613885
-1.871354 0.044329 1.716878
-1.697347 0.044329 1.889087
-1.443626 0.044329 2.089397
-0.000000 2.540000 -0.000000
-0.000000 2.540000 -0.000000
-0.000000 2.540000 -0.000000
0.000000 0.000000 2.540000
0.000000 0.000000 2.540000
0.000000 0.000000 2.540000
0.784903 2.415684 -0.000000
0.784903 2.415684 -0.000000
-0.784903 2.415684 0.000000
0.755198 0.000000 2.425134
0.984844 0.000000 2.341300
0.755198 0.000000 2.425134
2.540000 -0.000000 -0.000000
2.536519 -0.000000 -0.132933
2.540000 -0.000000 -0.000000
1.492975 -0.000000 -2.054903
1.492975 -0.000000 -2.054903
2.054903 -0.000000 -1.492975
0.000000 -2.540000 0.000000
0.000000 -2.540000 0.000000
0.000000 -2.540000 0.000000
2.054903 -0.000000 -1.492975
2.415684 -0.000000 -0.784903
2.054903 -0.000000 -1.492975
-0.000000 2.540000 -0.000000
-0.000000 2.540000 -0.000000
-0.000000 2.540000 -0.000000
2.540000 0.000000 -0.000000
2.054903 -1.492975 -0.000000
2.540000 -0.000000 -0.000000
0.000000 0.000000 2.540000
0.000000 0.000000 2.540000
0.000000 0.000000 2.540000
2.539613 0.044329 -0.000000
2.539613 0.044329 -0.000000
2.539613 0.044329 -0.000000
0.000000 2.501412 0.441066
0.000000 2.501412 0.441066
-0.000000 2.199704 -1.270000
2.054903 0.000000 1.492975
2.415684 0.000000 0.784903
2.054903 0.000000 1.492975
0.000000 -2.540000 0.000000
0.000000 -2.540000 0.000000
0.000000 -2.540000 0.000000
-0.000000 -0.000000 -2.540000
-0.000000 -0.000000 -2.540000
-0.784903 -0.000000 -2.415684
-0.000000 2.540000 -0.000000
-0.000000 2.540000 -0.000000
-0.000000 2.540000 -0.000000
0.000000 0.000000 2.540000
0.000000 0.000000 2.540000
0.000000 0.000000 2.540000
2.368479 -0.917554 -0.000000
1.877083 -1.711187 -0.000000
2.368479 -0.917554 -0.000000
-2.054903 1.492975 0.000000
-2.540000 0.000000 0.000000
-2.054903 1.492975 0.000000
-1.308197 0.000000 2.177205
-1.308197 0.000000 2.177205
-1.058353 0.768939 2.177205
-2.540000 -0.000000 0.000000
-2.054903 1.492975 0.000000
-2.540000 -0.000000 0.000000
0.000000 0.000000 2.540000
0.000000 0.000000 2.540000
0.000000 0.000000 2.540000
-2.540000 -0.000000 0.000000
-2.540000 0.000000 0.000000
-2.054903 1.492975 0.000000
0.000000 0.000000 2.540000
0.000000 0.000000 2.540000
0.000000 0.000000 2.540000
0.000000 -2.540000 0.000000
0.000000 -2.540000 0.000000
0.000000 -2.540000 0.000000
-1.492975 0.000000 2.054903
-1.492975 0.000000 2.054903
-2.054903 0.000000 1.492975
0.784903 2.415684 -0.000000
-0.784903 2.415684 0.000000
0.057811 2.539342 -0.000000
0.000000 0.000000 2.540000
0.000000 0.000000 2.540000
0.000000 0.000000 2.540000
0.463149 -0.044329 -2.497024
0.463149 -0.044329 -2.497024
-0.088631 -0.044329 -2.538066
-0.000000 2.540000 -0.000000
-0.000000 2.540000 -0.000000
-0.000000 2.540000 -0.000000
0.000000 0.000000 2.540000
0.000000 0.000000 2.540000
0.000000 0.000000 2.540000
-2.054903 -1.492975 0.000000
-2.336843 -0.995371 0.000000
-2.540000 -0.000000 0.000000
0.000000 -2.540000 0.000000
0.000000 -2.540000 0.000000
0.000000 -2.540000 0.000000
-0.088631 0.044329 -2.538066
-0.088631 0.044329 -2.538066
0.463149 0.044329 -2.497024
-1.492975 -0.000000 -2.054903
-0.784903 -0.000000 -2.415684
-1.492975 -0.000000 -2.054903
-0.000000 2.540000 -0.000000
-0.000000 2.540000 -0.000000
-0.000000 2.540000 -0.000000
-0.000000 0.000000 -2.540000
-0.000000 0.000000 -2.540000
-0.000000 0.000000 -2.540000
0.784903 -2.415684 -0.000000
2.054903 -1.492975 -0.000000
0.784903 -2.415684 -0.000000
0.463149 0.044329 -2.497024
-0.088631 0.044329 -2.538066
0.463149 0.044329 -2.497024
0.000000 -2.540000 0.000000
0.000000 -2.540000 0.000000
0.000000 -2.540000 0.000000
-0.000000 0.000000 -2.540000
-0.000000 0.000000 -2.540000
-0.000000 0.000000 -2.540000
-0.695104 2.443037 0.000000
-1.530692 2.026964 0.000000
-0.695104 2.443037 0.000000
0.992945 0.044329 -2.337455
0.992945 0.044329 -2.337455
1.475609 0.044329 -2.066933
0.000000 -2.540000 0.000000
0.000000 -2.540000 0.000000
0.000000 -2.540000 0.000000
0.000000 -2.540000 0.000000
0.000000 -2.540000 0.000000
0.000000 -2.540000 0.000000
2.415684 -0.000000 -0.784903
2.415684 -0.000000 -0.784903
2.540000 0.000000 -0.000000
2.415684 -0.000000 -0.784903
2.540000 0.000000 -0.000000
2.415684 -0.000000 -0.784903
-0.000000 2.540000 -0.000000
-0.000000 2.540000 -0.000000
-0.000000 2.540000 -0.000000
-2.299806 -0.023925 -1.077924
-2.255829 -0.541638 -1.034150
-2.299706 -0.023931 -1.078138
-1.724583 -0.044329 -1.864255
-1.724583 -0.044329 -1.864255
-1.724583 -0.044329 -1.864255
-0.000000 2.540000 -0.000000
-0.000000 2.540000 -0.000000
-0.000000 2.540000 -0.000000
0.000000 0.000000 2.540000
0.000000 0.000000 2.540000
0.784903 0.000000 2.415684
-0.000000 -0.000000 -2.540000
-0.000000 -0.000000 -2.540000
0.784903 -0.000000 -2.415684
0.000000 -2.540000 0.000000
0.000000 -2.540000 0.000000
0.000000 -2.540000 0.000000
-0.000000 0.000000 -2.540000
-0.000000 0.000000 -2.540000
-0.000000 0.000000 -2.540000
-0.695104 -2.443037 0.000000
0.234362 -2.529165 -0.000000
-0.695104 -2.443037 0.000000
0.057685 -2.539345 0.000000
0.784903 -2.415684 -0.000000
1.003970 -2.333162 -0.000000
0.917115 -0.000000 -2.368649
0.784903 -0.000000 -2.415684
0.705620 -0.000000 -2.440020
-2.540000 -0.000000 0.000000
-2.540000 -0.000000 0.000000
-2.054903 1.492975 0.000000
0.000000 0.000000 2.540000
0.000000 0.000000 2.540000
0.000000 0.000000 2.540000
-0.000000 2.540000 -0.000000
-0.000000 2.540000 -0.000000
-0.000000 2.540000 -0.000000
-1.492975 -0.000000 -2.054903
-1.492975 -0.000000 -2.054903
-2.054903 -0.000000 -1.492975
2.539613 -0.044329 -0.000000
2.539613 -0.044329 -0.000000
2.539613 -0.044329 -0.000000
0.000000 -2.501412 0.441066
0.000000 -2.501412 0.441066
-0.000000 -2.199704 -1.270000
0.784903 0.000000 2.415684
0.784903 0.000000 2.415684
1.492975 0.000000 2.054903
-0.000000 2.540000 -0.000000
-0.000000 2.540000 -0.000000
-0.000000 2.540000 -0.000000
1.492975 0.000000 2.054903
1.492975 0.000000 2.054903
0.784903 0.000000 2.415684
0.000000 -2.540000 0.000000
0.000000 -2.540000 0.000000
0.000000 -2.540000 0.000000
2.540000 0.000000 -0.000000
2.054903 1.492975 -0.000000
2.540000 0.000000 -0.000000
0.000000 0.000000 2.540000
0.000000 0.000000 2.540000
0.000000 0.000000 2.540000
0.392011 1.315944 -2.136871
0.204568 1.517775 -2.026354
-0.102133 1.630623 -1.944797
0.956380 -0.052215 -2.352490
0.956380 -0.052215 -2.352490
0.956380 -0.052215 -2.352490
0.000000 -2.540000 0.000000
0.000000 -2.540000 0.000000
0.000000 -2.540000 0.000000
-1.492975 -0.000000 -2.054903
-1.492975 -0.000000 -2.054903
-0.784903 -0.000000 -2.415684
0.463149 -0.044329 -2.497024
-0.088631 -0.044329 -2.538066
-0.088631 -0.044329 -2.538066
-0.000000 2.540000 -0.000000
-0.000000 2.540000 -0.000000
-0.000000 2.540000 -0.000000
-1.763104 1.828405 0.000000
-2.054903 1.492975 0.000000
-2.336877 0.995292 0.000000
0.170437 -0.000000 -2.534275
-0.000000 -0.000000 -2.540000
0.298677 -0.000000 -2.522378
-0.000000 2.540000 -0.000000
-0.000000 2.540000 -0.000000
-0.000000 2.540000 -0.000000
2.054903 0.000000 1.492975
2.054903 0.000000 1.492975
2.415684 0.000000 0.784903
1.780310 -1.811656 -0.000000
1.780310 -1.811656 -0.000000
1.780310 -1.811656 -0.000000
0.000000 0.000000 2.540000
0.000000 0.000000 2.540000
0.000000 0.000000 2.540000
0.000000 0.000000 2.540000
0.000000 0.000000 2.540000
0.000000 0.000000 2.540000
1.780310 1.811656 -0.000000
1.780310 1.811656 -0.000000
1.780310 1.811656 -0.000000
-1.963228 -1.132932 -1.146213
-1.963228 -1.132932 -1.146213
-1.318712 -1.288322 -1.747234
-0.751934 -0.840893 -2.275763
-0.751934 -0.840893 -2.275763
-0.528096 0.000000 -2.484495
-2.540000 0.000000 0.000000
-2.540000 0.000000 0.000000
-2.540000 0.000000 0.000000
-0.755198 0.000000 2.425134
-0.755198 0.000000 2.425134
-0.784903 0.000000 2.415684
-2.205735 0.044329 1.258717
-2.316781 0.044329 1.040269
-2.051446 0.044329 1.497066
-2.205735 0.044329 1.258717
-2.051446 0.044329 1.497066
-1.871354 0.044329 1.716878
-2.540000 -0.000000 0.000000
-2.540000 -0.000000 0.000000
-2.054903 -1.492975 0.000000
-0.000000 0.132933 -2.536519
-0.000000 0.132933 -2.536519
-0.000000 0.132933 -2.536519
0.000000 -2.540000 0.000000
0.000000 -2.540000 0.000000
0.000000 -2.540000 0.000000
-0.784903 -0.000000 -2.415684
-1.492975 -0.000000 -2.054903
-0.784903 -0.000000 -2.415684
0.000000 0.000000 2.540000
0.000000 0.000000 2.540000
-0.784903 0.000000 2.415684
0.000000 -2.540000 0.000000
0.000000 -2.540000 0.000000
0.000000 -2.540000 0.000000
2.177205 -0.840893 1.002137
2.177205 -0.840893 1.002137
2.177205 0.000000 1.308197
2.177205 -1.132932 -0.654098
2.177205 -1.132932 -0.654098
2.177205 -1.288322 0.227166
2.177205 0.447430 -1.229303
2.177205 0.447430 -1.229303
2.177205 -0.447430 -1.229303
2.177205 1.288322 0.227166
2.177205 1.288322 0.227166
2.177205 1.132932 -0.654098
2.177205 -1.132932 -0.654098
2.177205 -1.132932 -0.654098
2.177205 -1.288322 0.227166
0.000000 1.632681 1.945753
0.000000 1.632681 1.945753
0.000000 -0.000000 2.540000
-0.000000 0.868731 -2.386819
-0.000000 0.868731 -2.386819
-0.000000 -0.868731 -2.386819
2.177205 0.447430 -1.229303
2.177205 0.447430 -1.229303
2.177205 -0.447430 -1.229303
0.000000 -0.000000 2.540000
0.000000 -0.000000 2.540000
0.000000 1.632681 1.945753
2.177205 0.000000 1.308197
2.177205 0.000000 1.308197
2.177205 0.840893 1.002137
1.308197 0.000000 2.177205
1.058353 0.768939 2.177205
1.058353 0.768939 2.177205
2.054903 1.492975 -0.000000
2.054903 1.492975 -0.000000
2.540000 -0.000000 -0.000000
-0.928819 -2.199704 0.866138
-1.745609 -0.868731 1.627807
-0.928819 -2.199704 0.866138
-1.724583 -0.044329 -1.864255
-1.724583 -0.044329 -1.864255
-1.724583 -0.044329 -1.864255
-0.000000 2.540000 -0.000000
-0.000000 2.540000 -0.000000
-0.000000 2.540000 -0.000000
0.956380 -0.052215 -2.352490
0.956380 -0.052215 -2.352490
0.956380 -0.052215 -2.352490
0.057811 2.539342 -0.000000
0.784903 2.415684 -0.000000
-0.784903 2.415684 0.000000
0.000000 0.000000 2.540000
0.000000 0.000000 2.540000
0.000000 0.000000 2.540000
-0.000000 2.540000 -0.000000
-0.000000 2.540000 -0.000000
-0.000000 2.540000 -0.000000
-0.255166 0.000000 2.527151
0.255166 0.000000 2.527151
0.000000 0.000000 2.540000
-1.270139 1.853507 1.184424
-0.928819 2.199704 0.866138
-0.603903 2.402034 0.563148
2.540000 -0.000000 -0.000000
2.536519 -0.000000 -0.132933
2.540000 -0.000000 -0.000000
-0.000000 2.540000 -0.000000
-0.000000 2.540000 -0.000000
-0.000000 2.540000 -0.000000
2.054903 0.000000 1.492975
1.492975 0.000000 2.054903
2.054903 0.000000 1.492975
-0.000000 2.540000 -0.000000
-0.000000 2.540000 -0.000000
-0.000000 2.540000 -0.000000
-2.415684 -0.000000 -0.784903
-2.415684 -0.000000 -0.784903
-2.540000 -0.000000 0.000000
0.992945 -0.044329 -2.337455
1.475609 -0.044329 -2.066933
0.992945 -0.044329 -2.337455
-0.000000 2.540000 -0.000000
-0.000000 2.540000 -0.000000
-0.000000 2.540000 -0.000000
2.415684 0.000000 0.784903
2.415684 0.000000 0.784903
2.054903 0.000000 1.492975
0.000000 -2.540000 0.000000
0.000000 -2.540000 0.000000
0.000000 -2.540000 0.000000
-2.271683 0.278091 -1.101690
-2.212308 0.505034 -1.141155
-2.195302 0.650007 -1.099883
-2.536519 0.000000 -0.132933
-2.536519 0.000000 -0.132933
-2.536519 0.000000 -0.132933
2.540000 0.000000 -0.000000
2.540000 -0.000000 -0.000000
2.054903 1.492975 -0.000000
-0.000000 0.000000 -2.540000
-0.000000 0.000000 -2.540000
-0.000000 0.000000 -2.540000
0.992945 -0.044329 -2.337455
1.475609 -0.044329 -2.066933
1.475609 -0.044329 -2.066933
-0.000000 2.540000 -0.000000
-0.000000 2.540000 -0.000000
-0.000000 2.540000 -0.000000
0.992945 0.044329 -2.337455
1.475609 0.044329 -2.066933
1.475609 0.044329 -2.066933
0.000000 -2.540000 0.000000
0.000000 -2.540000 0.000000
0.000000 -2.540000 0.000000
-1.186779 -1.776021 -1.374374
-1.186779 -1.776021 -1.374374
-1.186779 -1.776021 -1.374374
-2.536519 0.000000 -0.132933
-2.536519 0.000000 -0.132933
-2.536519 0.000000 -0.132933
-2.054903 -1.492975 0.000000
-0.784903 -2.415684 0.000000
-2.052035 -1.496915 0.000000
0.000000 0.000000 2.540000
0.000000 0.000000 2.540000
0.000000 0.000000 2.540000
-2.415684 -0.000000 -0.784903
-2.054903 -0.000000 -1.492975
-2.415684 -0.000000 -0.784903
-0.000000 2.540000 -0.000000
-0.000000 2.540000 -0.000000
-0.000000 2.540000 -0.000000
0.057685 -2.539345 0.000000
-0.784903 -2.415684 0.000000
0.784903 -2.415684 -0.000000
0.000000 0.000000 2.540000
0.000000 0.000000 2.540000
0.000000 0.000000 2.540000
-0.000000 0.132933 -2.536519
-0.000000 0.132933 -2.536519
-0.000000 0.132933 -2.536519
2.540000 0.000000 -0.000000
2.054903 -1.492975 -0.000000
2.540000 0.000000 -0.000000
-2.054903 1.492975 0.000000
-2.052035 1.496915 0.000000
-0.784903 2.415684 0.000000
0.000000 0.000000 2.540000
0.000000 0.000000 2.540000
0.000000 0.000000 2.540000
-0.000000 2.540000 -0.000000
-0.000000 2.540000 -0.000000
-0.000000 2.540000 -0.000000
-2.054903 0.000000 1.492975
-2.415684 0.000000 0.784903
-2.054903 0.000000 1.492975
0.000000 0.000000 2.540000
0.000000 0.000000 2.540000
0.000000 0.000000 2.540000
2.054903 -1.492975 -0.000000
2.054903 -1.492975 -0.000000
0.784903 -2.415684 -0.000000
2.177205 0.447430 -1.229303
2.177205 0.447430 -1.229303
2.177205 -0.447430 -1.229303
-0.000000 -0.868731 -2.386819
-0.000000 0.868731 -2.386819
-0.000000 -0.868731 -2.386819
-0.784903 2.415684 0.000000
-2.052035 1.496915 0.000000
-0.775628 2.418678 0.000000
-0.000000 0.000000 -2.540000
-0.000000 0.000000 -2.540000
-0.000000 0.000000 -2.540000
-1.724583 -0.044329 -1.864255
-1.724583 -0.044329 -1.864255
-1.724583 -0.044329 -1.864255
1.454066 1.580734 -1.355939
0.322576 2.501412 -0.300807
1.423034 1.632681 -1.327000
-0.000000 0.044329 -2.539613
-0.000000 0.044329 -2.539613
-0.000000 0.044329 -2.539613
1.780310 -1.811656 -0.000000
1.780310 -1.811656 -0.000000
1.780310 -1.811656 -0.000000
0.784903 2.415684 -0.000000
0.784903 2.415684 -0.000000
2.054903 1.492975 -0.000000
-0.000000 -0.132933 -2.536519
-0.000000 -0.132933 -2.536519
-0.000000 -0.132933 -2.536519
-2.054903 1.492975 0.000000
-2.540000 -0.000000 0.000000
-2.336877 0.995292 0.000000
0.000000 0.000000 2.540000
0.000000 0.000000 2.540000
0.000000 0.000000 2.540000
-2.383905 0.447430 -0.753924
-2.383905 0.447430 -0.753924
-2.383905 -0.447430 -0.753924
-1.745609 0.868731 1.627807
-1.745609 -0.868731 1.627807
-1.745609 0.868731 1.627807
-1.763119 -1.828390 0.000000
-2.054903 -1.492975 0.000000
-0.784903 -2.415684 0.000000
0.000000 0.000000 2.540000
0.000000 0.000000 2.540000
0.000000 0.000000 2.540000
0.000000 -2.540000 0.000000
0.000000 -2.540000 0.000000
0.000000 -2.540000 0.000000
-2.539613 0.044329 0.000000
-2.539613 0.044329 0.000000
-2.539613 0.044329 0.000000
0.000000 0.000000 2.540000
0.000000 0.000000 2.540000
0.000000 0.000000 2.540000
-0.784903 -2.415684 0.000000
-0.784903 -2.415684 0.000000
-2.054903 -1.492975 0.000000
-2.054903 -0.000000 -1.492975
-2.415684 -0.000000 -0.784903
-2.054903 -0.000000 -1.492975
0.000000 -2.540000 0.000000
0.000000 -2.540000 0.000000
0.000000 -2.540000 0.000000
2.539613 0.044329 -0.000000
2.539613 0.044329 -0.000000
2.539613 0.044329 -0.000000
-0.000000 2.199704 -1.270000
-0.000000 2.199704 -1.270000
-0.000000 0.868731 -2.386819
0.784903 2.415684 -0.000000
0.784903 2.415684 -0.000000
2.054903 1.492975 -0.000000
0.000000 0.000000 2.540000
0.000000 0.000000 2.540000
0.000000 0.000000 2.540000
0.000000 0.000000 2.540000
0.000000 0.000000 2.540000
0.000000 0.000000 2.540000
-2.054903 1.492975 0.000000
-2.540000 -0.000000 0.000000
-2.336877 0.995292 0.000000
0.784903 -2.415684 -0.000000
0.784903 -2.415684 -0.000000
2.054903 -1.492975 -0.000000
0.000000 0.000000 2.540000
0.000000 0.000000 2.540000
0.000000 0.000000 2.540000
0.000000 0.000000 2.540000
0.000000 0.000000 2.540000
0.000000 0.000000 2.540000
2.054903 -1.492975 -0.000000
2.540000 0.000000 -0.000000
2.066301 -1.477160 -0.000000
-0.000000 2.199704 -1.270000
-0.000000 0.868731 -2.386819
-0.000000 2.199704 -1.270000
2.539613 -0.044329 -0.000000
2.539613 -0.044329 -0.000000
2.539613 -0.044329 -0.000000
0.000000 0.000000 2.540000
0.000000 0.000000 2.540000
0.000000 0.000000 2.540000
0.798795 2.411126 -0.000000
2.054903 1.492975 -0.000000
0.784903 2.415684 -0.000000
0.784903 0.000000 2.415684
1.492975 0.000000 2.054903
0.784903 0.000000 2.415684
0.000000 -2.540000 0.000000
0.000000 -2.540000 0.000000
0.000000 -2.540000 0.000000
-2.415684 -0.000000 -0.784903
-2.415684 -0.000000 -0.784903
-2.054903 -0.000000 -1.492975
0.000000 -2.540000 0.000000
0.000000 -2.540000 0.000000
0.000000 -2.540000 0.000000
2.415684 0.000000 0.784903
2.415684 0.000000 0.784903
2.540000 0.000000 -0.000000
-0.000000 2.540000 -0.000000
-0.000000 2.540000 -0.000000
-0.000000 2.540000 -0.000000
-0.000000 0.000000 -2.540000
-0.000000 0.000000 -2.540000
-0.000000 0.000000 -2.540000
2.066301 -1.477160 -0.000000
0.798795 -2.411126 -0.000000
2.054903 -1.492975 -0.000000
-0.000000 0.000000 -2.540000
-0.000000 0.000000 -2.540000
-0.000000 0.000000 -2.540000
-0.784903 -2.415684 0.000000
-0.775628 -2.418678 0.000000
-2.052035 -1.496915 0.000000
-0.000000 0.000000 -2.540000
-0.000000 0.000000 -2.540000
-0.000000 0.000000 -2.540000
2.066301 1.477160 -0.000000
2.054903 1.492975 -0.000000
0.798795 2.411126 -0.000000
-0.528096 0.000000 -2.484495
-0.528096 0.000000 -2.484495
-0.751934 0.840893 -2.275763
1.423034 1.632681 -1.327000
1.857638 -0.000000 -1.732276
1.423034 1.632681 -1.327000
0.000000 0.000000 2.540000
0.000000 0.000000 2.540000
0.000000 0.000000 2.540000
0.784903 2.415684 -0.000000
-0.784903 2.415684 0.000000
0.784903 2.415684 -0.000000
-0.000000 -0.044329 -2.539613
-0.000000 -0.044329 -2.539613
-0.000000 -0.044329 -2.539613
1.780310 1.811656 -0.000000
1.780310 1.811656 -0.000000
1.780310 1.811656 -0.000000
-0.784903 -2.415684 0.000000
0.784903 -2.415684 -0.000000
-0.784903 -2.415684 0.000000
-0.000000 0.000000 -2.540000
-0.000000 0.000000 -2.540000
-0.000000 0.000000 -2.540000
-0.000000 0.132933 -2.536519
-0.000000 0.132933 -2.536519
-0.000000 0.132933 -2.536519
0.784903 -2.415684 -0.000000
-0.784903 -2.415684 0.000000
0.784903 -2.415684 -0.000000
0.784903 -2.415684 -0.000000
2.054903 -1.492975 -0.000000
1.003970 -2.333162 -0.000000
0.000000 0.000000 2.540000
0.000000 0.000000 2.540000
0.000000 0.000000 2.540000
0.000000 0.000000 2.540000
0.000000 0.000000 2.540000
0.000000 0.000000 2.540000
1.005239 2.332616 -0.000000
2.054903 1.492975 -0.000000
0.784903 2.415684 -0.000000
2.054903 1.492975 -0.000000
0.784903 2.415684 -0.000000
2.054903 1.492975 -0.000000
0.000000 0.000000 2.540000
0.000000 0.000000 2.540000
0.000000 0.000000 2.540000
2.177205 0.447430 -1.229303
2.177205 0.447430 -1.229303
2.177205 -0.447430 -1.229303
2.177205 -1.132932 -0.654098
2.177205 -1.132932 -0.654098
2.177205 -1.288322 0.227166
-0.000000 2.536519 -0.132933
-0.000000 2.536519 -0.132933
-0.000000 2.536519 -0.132933
-0.327325 1.859735 -1.698777
-0.997190 1.935426 -1.308182
-0.579632 1.733578 -1.763614
-1.674822 -1.098799 1.561797
-0.928819 -2.199704 0.866138
-1.745609 -0.868731 1.627807
-1.724583 -0.044329 -1.864255
-1.724583 -0.044329 -1.864255
-1.724583 -0.044329 -1.864255
1.005239 2.332616 -0.000000
0.784903 2.415684 -0.000000
0.057811 2.539342 -0.000000
0.705649 -0.000000 -2.440012
0.784903 -0.000000 -2.415684
0.917397 -0.000000 -2.368540
0.000000 0.000000 2.540000
0.000000 0.000000 2.540000
0.000000 0.000000 2.540000
-2.054903 -1.492975 0.000000
-0.784903 -2.415684 0.000000
-2.054903 -1.492975 0.000000
-2.054903 1.492975 0.000000
-2.054903 1.492975 0.000000
-2.540000 -0.000000 0.000000
0.000000 0.000000 2.540000
0.000000 0.000000 2.540000
0.000000 0.000000 2.540000
0.000000 1.632681 1.945753
0.000000 -0.000000 2.540000
0.000000 1.632681 1.945753
2.539613 0.044329 -0.000000
2.539613 0.044329 -0.000000
2.539613 0.044329 -0.000000
-0.000000 -0.132933 -2.536519
-0.000000 -0.132933 -2.536519
-0.000000 -0.132933 -2.536519
-2.054903 1.492975 0.000000
-0.784903 2.415684 0.000000
-2.054903 1.492975 0.000000
-2.540000 -0.000000 0.000000
-2.054903 1.492975 0.000000
-2.540000 -0.000000 0.000000
-0.000000 0.000000 -2.540000
-0.000000 0.000000 -2.540000
-0.000000 0.000000 -2.540000
0.784903 -2.415684 -0.000000
2.054903 -1.492975 -0.000000
0.784903 -2.415684 -0.000000
0.000000 0.000000 2.540000
0.000000 0.000000 2.540000
0.000000 0.000000 2.540000
-0.000000 0.000000 -2.540000
-0.000000 0.000000 -2.540000
-0.000000 0.000000 -2.540000
-0.784903 2.415684 0.000000
0.784903 2.415684 -0.000000
-0.784903 2.415684 0.000000
-0.000000 -2.536519 -0.132933
-0.000000 -2.536519 -0.132933
-0.000000 -2.536519 -0.132933
-1.275687 -1.638126 -1.463135
-1.875423 -1.266985 -1.152883
-1.624274 -1.622818 -1.086184
-0.000000 2.536519 -0.132933
-0.000000 2.536519 -0.132933
-0.000000 2.536519 -0.132933
-1.294137 1.603852 -1.484745
-1.639997 1.589633 -1.111340
-1.845464 1.285294 -1.180628
-0.579632 1.733578 -1.763614
-0.997190 1.935426 -1.308182
-1.206868 1.744041 -1.397638
-1.724583 -0.044329 -1.864255
-1.724583 -0.044329 -1.864255
-1.724583 -0.044329 -1.864255
2.539613 -0.044329 -0.000000
2.539613 -0.044329 -0.000000
2.539613 -0.044329 -0.000000
0.000000 -0.000000 2.540000
0.000000 -0.000000 2.540000
0.000000 -1.632681 1.945753
0.917115 -0.000000 -2.368649
1.154545 -0.000000 -2.262438
0.705620 -0.000000 -2.440020
0.057685 -2.539345 0.000000
0.784903 -2.415684 -0.000000
1.003970 -2.333162 -0.000000
0.917397 -0.000000 -2.368540
0.705649 -0.000000 -2.440012
1.154545 -0.000000 -2.262438
1.005239 2.332616 -0.000000
0.784903 2.415684 -0.000000
0.057811 2.539342 -0.000000
-0.000000 -0.868731 -2.386819
-0.000000 -0.868731 -2.386819
-0.000000 -2.199704 -1.270000
2.539613 0.044329 -0.000000
2.539613 0.044329 -0.000000
2.539613 0.044329 -0.000000
2.177205 1.288322 0.227166
2.177205 1.288322 0.227166
2.177205 1.132932 -0.654098
2.177205 0.000000 1.308197
2.177205 0.000000 1.308197
2.177205 0.840893 1.002137
-2.054903 -1.492975 0.000000
-2.054903 -1.492975 0.000000
-2.540000 -0.000000 0.000000
0.000000 0.000000 2.540000
0.000000 0.000000 2.540000
0.000000 0.000000 2.540000
-0.000000 -2.199704 -1.270000
-0.000000 -0.868731 -2.386819
-0.000000 -2.199704 -1.270000
2.539613 -0.044329 -0.000000
2.539613 -0.044329 -0.000000
2.539613 -0.044329 -0.000000
-1.763104 1.828405 0.000000
-2.054903 1.492975 0.000000
-2.336877 0.995292 0.000000
0.298677 -0.000000 -2.522378
0.170437 -0.000000 -2.534275
0.398666 -0.000000 -2.508519
2.539613 -0.044329 -0.000000
2.539613 -0.044329 -0.000000
2.539613 -0.044329 -0.000000
-0.000000 2.199704 -1.270000
0.000000 2.501412 0.441066
-0.000000 2.199704 -1.270000
-0.000000 2.540000 -0.000000
-0.000000 2.540000 -0.000000
-0.000000 2.540000 -0.000000
-1.296733 -0.044329 2.183602
-1.253350 -0.044329 2.208789
-1.322901 -0.044329 2.167849
-1.270139 1.853507 1.184424
-1.745609 0.868731 1.627807
-0.928819 2.199704 0.866138
-1.724583 -0.044329 -1.864255
-1.724583 -0.044329 -1.864255
-1.724583 -0.044329 -1.864255
1.380002 -1.700339 -1.286873
1.423034 -1.632681 -1.327000
0.322576 -2.501412 -0.300807
-1.724583 -0.044329 -1.864255
-1.724583 -0.044329 -1.864255
-1.724583 -0.044329 -1.864255
-0.784903 -2.415684 0.000000
0.057685 -2.539345 0.000000
-0.912672 -2.370365 0.000000
0.705620 -0.000000 -2.440020
0.784903 -0.000000 -2.415684
0.488748 -0.000000 -2.492534
-2.336843 -0.995371 0.000000
-2.054903 -1.492975 0.000000
-1.763119 -1.828390 0.000000
0.298675 -0.000000 -2.522378
0.431751 -0.000000 -2.503036
0.170444 -0.000000 -2.534275
0.298677 -0.000000 -2.522378
-0.000000 -0.000000 -2.540000
0.488746 -0.000000 -2.492534
-0.784903 2.415684 0.000000
-1.763104 1.828405 0.000000
-0.912678 2.370363 0.000000
-2.336843 -0.995371 0.000000
-2.054903 -1.492975 0.000000
-1.763119 -1.828390 0.000000
0.298675 -0.000000 -2.522378
-0.000000 -0.000000 -2.540000
0.170444 -0.000000 -2.534275
-0.784903 2.415684 0.000000
-0.784903 2.415684 0.000000
-2.054903 1.492975 0.000000
0.000000 0.000000 2.540000
0.000000 0.000000 2.540000
0.000000 0.000000 2.540000
2.540000 -0.000000 -0.000000
2.536519 -0.000000 -0.132933
2.540000 -0.000000 -0.000000
-1.674822 -1.098799 1.561797
-1.745609 -0.868731 1.627807
-1.857029 -0.065036 1.731708
1.423034 -1.632681 -1.327000
1.423034 -1.632681 -1.327000
1.857638 -0.000000 -1.732276
-1.724583 -0.044329 -1.864255
-1.724583 -0.044329 -1.864255
-1.724583 -0.044329 -1.864255
0.000000 -2.501412 0.441066
0.000000 -1.632681 1.945753
0.000000 -2.501412 0.441066
2.539613 0.044329 -0.000000
2.539613 0.044329 -0.000000
2.539613 0.044329 -0.000000
2.540000 -0.000000 -0.000000
2.540000 -0.000000 -0.000000
2.540000 -0.000000 -0.000000
0.322576 -2.501412 -0.300807
-0.513179 -2.441155 0.478548
0.262662 -2.514481 -0.244936
0.000000 0.000000 2.540000
0.000000 0.000000 2.540000
0.000000 0.000000 2.540000
2.054903 1.492975 -0.000000
2.342361 0.982315 -0.000000
2.540000 0.000000 -0.000000
0.000000 0.000000 2.540000
0.000000 0.000000 2.540000
0.000000 0.000000 2.540000
2.054903 -1.492975 -0.000000
2.540000 0.000000 -0.000000
2.341824 -0.983596 -0.000000
0.564530 1.177389 -2.178683
0.204568 1.517775 -2.026354
0.392011 1.315944 -2.136871
2.536519 -0.000000 -0.132933
2.536519 -0.000000 -0.132933
2.536519 -0.000000 -0.132933
0.404255 -1.244169 2.177205
0.404255 -1.244169 2.177205
-0.404255 -1.244169 2.177205
-0.784903 -2.415684 0.000000
0.784903 -2.415684 -0.000000
-0.784903 -2.415684 0.000000
2.177205 -1.132932 -0.654098
2.177205 -1.132932 -0.654098
2.177205 -1.288322 0.227166
0.000000 -2.501412 0.441066
-0.000000 -2.199704 -1.270000
0.000000 -2.501412 0.441066
2.177205 0.000000 1.308197
2.177205 0.000000 1.308197
2.177205 0.840893 1.002137
0.000000 -0.000000 2.540000
0.000000 1.632681 1.945753
0.000000 -0.000000 2.540000
2.539613 0.044329 -0.000000
2.539613 0.044329 -0.000000
2.539613 0.044329 -0.000000
-0.000000 0.868731 -2.386819
-0.000000 0.868731 -2.386819
-0.000000 -0.868731 -2.386819
-1.724583 -0.044329 -1.864255
-1.724583 -0.044329 -1.864255
-1.724583 -0.044329 -1.864255
1.754033 0.836407 -1.635662
1.423034 1.632681 -1.327000
1.857638 -0.000000 -1.732276
-1.443626 0.044329 2.089397
-1.697347 0.044329 1.889087
-1.269807 0.044329 2.199369
-1.697347 -0.044329 1.889087
-1.400298 -0.044329 2.118679
-1.356860 -0.044329 2.146757
-2.430089 -0.044329 0.737768
-2.316781 -0.044329 1.040269
-2.481873 -0.044329 0.538461
-2.430089 0.044329 0.737768
-2.481873 0.044329 0.538461
-2.316781 0.044329 1.040269
1.094660 -0.000000 -2.292012
0.784903 -0.000000 -2.415684
0.917115 -0.000000 -2.368649
2.054903 -1.492975 -0.000000
1.798363 -1.793737 -0.000000
1.003970 -2.333162 -0.000000
2.539613 0.044329 -0.000000
2.539613 0.044329 -0.000000
2.539613 0.044329 -0.000000
-0.000000 -2.199704 -1.270000
-0.000000 -2.199704 -1.270000
-0.000000 -0.868731 -2.386819
1.798573 1.793526 -0.000000
2.054903 1.492975 -0.000000
1.005239 2.332616 -0.000000
0.917397 -0.000000 -2.368540
0.784903 -0.000000 -2.415684
1.094708 -0.000000 -2.291989
-2.509998 0.044329 -0.386712
-2.487399 0.044329 -0.512329
-2.539578 0.044329 0.013355
-2.509998 -0.044329 -0.386712
-2.539578 -0.044329 0.013355
-2.487399 -0.044329 -0.512329
-1.206868 -1.744041 -1.397638
-1.206868 -1.744041 -1.397638
-1.206868 -1.744041 -1.397638
-0.000000 -2.536519 -0.132933
-0.000000 -2.536519 -0.132933
-0.000000 -2.536519 -0.132933
-0.603903 2.402034 0.563148
0.322576 2.501412 -0.300807
0.168176 2.529570 -0.156827
2.540000 -0.000000 -0.000000
2.536519 -0.000000 -0.132933
2.540000 -0.000000 -0.000000
2.539613 0.044329 -0.000000
2.539613 0.044329 -0.000000
2.539613 0.044329 -0.000000
0.000000 -1.632681 1.945753
0.000000 -0.000000 2.540000
0.000000 -1.632681 1.945753
2.539613 -0.044329 -0.000000
2.539613 -0.044329 -0.000000
2.539613 -0.044329 -0.000000
-0.000000 -0.868731 -2.386819
-0.000000 0.868731 -2.386819
-0.000000 -0.868731 -2.386819
0.000000 1.632681 1.945753
0.000000 2.501412 0.441066
0.000000 1.632681 1.945753
2.539613 0.044329 -0.000000
2.539613 0.044329 -0.000000
2.539613 0.044329 -0.000000
0.000000 -0.000000 2.540000
0.000000 -1.632681 1.945753
0.000000 -0.000000 2.540000
2.177205 -0.840893 1.002137
2.177205 -0.840893 1.002137
2.177205 0.000000 1.308197
0.000000 -1.632681 1.945753
0.000000 -1.632681 1.945753
0.000000 -0.000000 2.540000
2.539613 -0.044329 -0.000000
2.539613 -0.044329 -0.000000
2.539613 -0.044329 -0.000000
0.398666 -0.000000 -2.508519
0.170437 -0.000000 -2.534275
0.125037 -0.000000 -2.536921
-2.540000 -0.000000 0.000000
-2.540000 -0.000000 0.000000
-2.336877 0.995292 0.000000
-2.540000 -0.000000 0.000000
-2.540000 -0.000000 0.000000
-2.336877 0.995292 0.000000
0.125037 -0.000000 -2.536921
-0.000000 -0.000000 -2.540000
0.170437 -0.000000 -2.534275
2.177205 0.840893 1.002137
2.177205 0.840893 1.002137
2.177205 1.288322 0.227166
0.000000 2.501412 0.441066
0.000000 2.501412 0.441066
0.000000 1.632681 1.945753
0.322576 -2.501412 -0.300807
1.423034 -1.632681 -1.327000
0.322576 -2.501412 -0.300807
-1.318712 -1.288322 -1.747234
-1.318712 -1.288322 -1.747234
-0.751934 -0.840893 -2.275763
-0.000000 -0.868731 -2.386819
-0.000000 -2.199704 -1.270000
-0.000000 -0.868731 -2.386819
2.539613 -0.044329 -0.000000
2.539613 -0.044329 -0.000000
2.539613 -0.044329 -0.000000
0.000000 2.501412 0.441066
0.000000 2.501412 0.441066
-0.000000 2.199704 -1.270000
2.177205 1.288322 0.227166
2.177205 1.288322 0.227166
2.177205 1.132932 -0.654098
2.539613 -0.044329 -0.000000
2.539613 -0.044329 -0.000000
2.539613 -0.044329 -0.000000
0.000000 2.501412 0.441066
0.000000 2.501412 0.441066
0.000000 1.632681 1.945753
1.308197 0.000000 2.177205
1.308197 0.000000 2.177205
1.058353 -0.768939 2.177205
2.054903 -1.492975 -0.000000
2.054903 -1.492975 -0.000000
2.540000 -0.000000 -0.000000
2.054903 1.492975 -0.000000
0.784903 2.415684 -0.000000
2.054903 1.492975 -0.000000
1.058353 0.768939 2.177205
0.404255 1.244169 2.177205
0.404255 1.244169 2.177205
-2.540000 -0.000000 0.000000
-2.054903 -1.492975 0.000000
-2.540000 -0.000000 0.000000
-1.308197 -0.000000 2.177205
-1.058353 -0.768939 2.177205
-1.058353 -0.768939 2.177205
-2.054903 1.492975 0.000000
-0.784903 2.415684 0.000000
-2.054903 1.492975 0.000000
-1.058353 0.768939 2.177205
-1.058353 0.768939 2.177205
-0.404255 1.244169 2.177205
0.322576 2.501412 -0.300807
0.322576 2.501412 -0.300807
-0.928819 2.199704 0.866138
-1.724583 -0.044329 -1.864255
-1.724583 -0.044329 -1.864255
-1.724583 -0.044329 -1.864255
-2.299806 -0.023925 -1.077924
-2.299806 -0.023925 -1.077924
-2.299706 -0.023931 -1.078138
-1.724583 -0.044329 -1.864255
-1.724583 -0.044329 -1.864255
-1.724583 -0.044329 -1.864255
-1.724583 -0.044329 -1.864255
-1.724583 -0.044329 -1.864255
-1.724583 -0.044329 -1.864255
0.322576 -2.501412 -0.300807
0.322576 -2.501412 -0.300807
-0.928819 -2.199704 0.866138
0.000000 -1.632681 1.945753
0.000000 -1.632681 1.945753
0.000000 -2.501412 0.441066
2.539613 -0.044329 -0.000000
2.539613 -0.044329 -0.000000
2.539613 -0.044329 -0.000000
-1.724583 0.044329 -1.864255
-1.724583 0.044329 -1.864255
-1.724583 0.044329 -1.864255
-2.299806 0.023925 -1.077924
-2.299806 0.023925 -1.077924
-2.298563 -0.037839 -1.080173
2.177205 -0.840893 1.002137
2.177205 -0.840893 1.002137
2.177205 0.000000 1.308197
0.000000 -0.000000 2.540000
0.000000 -0.000000 2.540000
0.000000 -1.632681 1.945753
0.000000 -2.540000 0.000000
0.000000 -2.540000 0.000000
0.000000 -2.540000 0.000000
0.956380 0.052215 -2.352490
0.956380 0.052215 -2.352490
0.956380 0.052215 -2.352490
0.000000 2.501412 0.441066
0.000000 2.501412 0.441066
-0.000000 2.199704 -1.270000
2.539613 0.044329 -0.000000
2.539613 0.044329 -0.000000
2.539613 0.044329 -0.000000
-0.000000 2.199704 -1.270000
0.000000 2.501412 0.441066
-0.000000 2.199704 -1.270000
2.539613 -0.044329 -0.000000
2.539613 -0.044329 -0.000000
2.539613 -0.044329 -0.000000
2.177205 -0.447430 -1.229303
2.177205 -0.447430 -1.229303
2.177205 -1.132932 -0.654098
-0.000000 -2.199704 -1.270000
-0.000000 -2.199704 -1.270000
-0.000000 -0.868731 -2.386819
-1.199079 -1.939982 1.118159
-0.928819 -2.199704 0.866138
-1.674822 -1.098799 1.561797
2.540000 -0.000000 -0.000000
2.540000 -0.000000 -0.000000
2.540000 -0.000000 -0.000000
-0.928819 2.199704 0.866138
-1.745609 0.868731 1.627807
-0.928819 2.199704 0.866138
-1.963228 1.132932 -1.146213
-1.963228 1.132932 -1.146213
-2.383905 0.447430 -0.753924
0.000000 -2.501412 0.441066
0.000000 -1.632681 1.945753
0.000000 -2.501412 0.441066
2.177205 -1.288322 0.227166
2.177205 -1.288322 0.227166
2.177205 -0.840893 1.002137
-0.000000 2.199704 -1.270000
-0.000000 0.868731 -2.386819
-0.000000 2.199704 -1.270000
2.177205 1.132932 -0.654098
2.177205 1.132932 -0.654098
2.177205 0.447430 -1.229303
2.177205 -0.447430 -1.229303
2.177205 -0.447430 -1.229303
2.177205 -1.132932 -0.654098
-0.000000 -0.868731 -2.386819
-0.000000 -0.868731 -2.386819
-0.000000 -2.199704 -1.270000
2.177205 -0.447430 -1.229303
2.177205 -0.447430 -1.229303
2.177205 -1.132932 -0.654098
-0.000000 -2.199704 -1.270000
-0.000000 -0.868731 -2.386819
-0.000000 -2.199704 -1.270000
-0.000000 2.199704 -1.270000
-0.000000 2.199704 -1.270000
-0.000000 0.868731 -2.386819
2.177205 1.132932 -0.654098
2.177205 1.132932 -0.654098
2.177205 0.447430 -1.229303
-2.383905 -0.447430 -0.753924
-2.383905 -0.447430 -0.753924
-1.963228 -1.132932 -1.146213
-1.745609 -0.868731 1.627807
-1.745609 -0.868731 1.627807
-0.928819 -2.199704 0.866138
2.177205 -0.840893 1.002137
2.177205 -0.840893 1.002137
2.177205 0.000000 1.308197
0.000000 -1.632681 1.945753
0.000000 -0.000000 2.540000
0.000000 -1.632681 1.945753
2.177205 0.840893 1.002137
2.177205 0.840893 1.002137
2.177205 1.288322 0.227166
0.000000 1.632681 1.945753
0.000000 2.501412 0.441066
0.000000 1.632681 1.945753
-0.751934 0.840893 -2.275763
-0.751934 0.840893 -2.275763
-1.318712 1.288322 -1.747234
0.322576 2.501412 -0.300807
1.423034 1.632681 -1.327000
0.322576 2.501412 -0.300807
2.540000 0.000000 -0.000000
2.540000 0.000000 -0.000000
2.066301 1.477160 -0.000000
0.846667 -0.000000 -2.394735
0.924306 -0.000000 -2.365853
0.846667 -0.000000 -2.394735
-2.536519 0.000000 -0.132933
-2.536519 0.000000 -0.132933
-2.536519 0.000000 -0.132933
-2.255829 -0.541638 -1.034150
-2.076092 -0.860342 -1.183746
-2.214409 -0.530383 -1.125472
-2.321666 0.044329 -1.029320
-2.327594 0.044329 -1.015845
-2.361567 0.044329 -0.934151
-0.000000 -0.000000 -2.540000
-0.000000 -0.000000 -2.540000
-0.000000 -0.000000 -2.540000
-1.745609 -0.868731 1.627807
-1.745609 -0.868731 1.627807
-1.745609 0.868731 1.627807
-1.724583 -0.044329 -1.864255
-1.724583 -0.044329 -1.864255
-1.724583 -0.044329 -1.864255
1.857638 -0.000000 -1.732276
1.857638 -0.000000 -1.732276
1.423034 1.632681 -1.327000
-1.724583 -0.044329 -1.864255
-1.724583 -0.044329 -1.864255
-1.724583 -0.044329 -1.864255
-2.299806 0.023925 -1.077924
-2.299806 0.023925 -1.077924
-2.298563 -0.037839 -1.080173
0.000000 -2.540000 0.000000
0.000000 -2.540000 0.000000
0.000000 -2.540000 0.000000
-1.724583 0.044329 -1.864255
-1.724583 0.044329 -1.864255
-1.724583 0.044329 -1.864255
-1.303448 -1.587660 -1.493974
-1.724472 -1.281342 -1.354975
-1.967653 -1.125045 -1.146392
-0.000000 0.868731 -2.386819
-0.000000 2.199704 -1.270000
-0.000000 0.868731 -2.386819
2.177205 1.132932 -0.654098
2.177205 1.132932 -0.654098
2.177205 0.447430 -1.229303
-0.000000 -0.868731 -2.386819
-0.000000 -2.199704 -1.270000
-0.000000 -0.868731 -2.386819
2.177205 -0.447430 -1.229303
2.177205 -0.447430 -1.229303
2.177205 -1.132932 -0.654098
2.177205 1.132932 -0.654098
2.177205 1.132932 -0.654098
2.177205 0.447430 -1.229303
-0.000000 0.868731 -2.386819
-0.000000 0.868731 -2.386819
-0.000000 2.199704 -1.270000
-0.000000 2.536519 -0.132933
-0.000000 2.536519 -0.132933
-0.000000 2.536519 -0.132933
-1.723147 1.295741 -1.342914
-1.971873 1.146883 -1.117129
-2.016493 0.923353 -1.238054
-1.724583 -0.044329 -1.864255
-1.724583 -0.044329 -1.864255
-1.724583 -0.044329 -1.864255
0.564530 1.177389 -2.178683
0.392011 1.315944 -2.136871
0.795448 0.743014 -2.294950
-1.724583 -0.044329 -1.864255
-1.724583 -0.044329 -1.864255
-1.724583 -0.044329 -1.864255
-1.275687 -1.638126 -1.463135
-1.709209 -1.332306 -1.324827
-1.875423 -1.266985 -1.152883
-1.724583 -0.044329 -1.864255
-1.724583 -0.044329 -1.864255
-1.724583 -0.044329 -1.864255
-1.723147 1.295741 -1.342914
-1.294137 1.603852 -1.484745
-1.845464 1.285294 -1.180628
-0.000000 -2.536519 -0.132933
-0.000000 -2.536519 -0.132933
-0.000000 -2.536519 -0.132933
-1.709209 -1.332306 -1.324827
-2.012209 -0.954386 -1.221377
-1.928765 -1.197052 -1.139532
-2.301027 -0.058105 -1.074010
-2.299095 0.024053 -1.079436
-2.195302 0.650007 -1.099883
-2.536519 0.000000 -0.132933
-2.536519 0.000000 -0.132933
-2.536519 0.000000 -0.132933
0.846667 -0.000000 -2.394735
0.924306 -0.000000 -2.365853
1.404764 -0.000000 -2.116185
2.066301 -1.477160 -0.000000
2.540000 0.000000 -0.000000
2.066301 -1.477160 -0.000000
-2.272359 -0.301491 -1.094114
-2.095213 -0.806271 -1.188112
-2.206895 -0.510674 -1.149099
-2.536519 0.000000 -0.132933
-2.536519 0.000000 -0.132933
-2.536519 0.000000 -0.132933
-0.000000 2.536519 -0.132933
-0.000000 2.536519 -0.132933
-0.000000 2.536519 -0.132933
-0.327325 1.859735 -1.698777
-0.102133 1.630623 -1.944797
0.204568 1.517775 -2.026354
2.540000 0.000000 -0.000000
2.540000 -0.000000 -0.000000
2.341824 -0.983596 -0.000000
1.260417 -0.000000 -2.205209
1.154545 -0.000000 -2.262438
1.216124 -0.000000 -2.229942
2.540000 0.000000 -0.000000
2.342361 0.982315 -0.000000
2.540000 -0.000000 -0.000000
1.216245 -0.000000 -2.229876
1.154545 -0.000000 -2.262438
1.260417 -0.000000 -2.205209
1.094660 -0.000000 -2.292012
1.154545 -0.000000 -2.262438
0.917115 -0.000000 -2.368649
1.798363 -1.793737 -0.000000
1.003970 -2.333162 -0.000000
2.054903 -1.492975 -0.000000
1.798573 1.793526 -0.000000
2.054903 1.492975 -0.000000
1.005239 2.332616 -0.000000
1.154545 -0.000000 -2.262438
1.094708 -0.000000 -2.291989
0.917397 -0.000000 -2.368540
0.860320 0.595424 -2.314502
0.795448 0.743014 -2.294950
0.956322 -0.020346 -2.353005
-1.724583 -0.044329 -1.864255
-1.724583 -0.044329 -1.864255
-1.724583 -0.044329 -1.864255
-0.579632 1.733578 -1.763614
-0.102133 1.630623 -1.944797
-0.327325 1.859735 -1.698777
-1.724583 -0.044329 -1.864255
-1.724583 -0.044329 -1.864255
-1.724583 -0.044329 -1.864255
2.536519 -0.000000 -0.132933
2.536519 -0.000000 -0.132933
2.536519 -0.000000 -0.132933
0.956443 -0.031829 -2.352829
0.860320 0.595424 -2.314502
0.956322 -0.020346 -2.353005
-1.724583 -0.044329 -1.864255
-1.724583 -0.044329 -1.864255
-1.724583 -0.044329 -1.864255
-2.212308 0.505034 -1.141155
-2.090390 0.812467 -1.192379
-2.195302 0.650007 -1.099883
-1.206868 -1.744041 -1.397638
-1.967653 -1.125045 -1.146392
-1.677811 -1.569278 -1.083475
-1.677811 -1.569278 -1.083475
-1.967653 -1.125045 -1.146392
-2.095213 -0.806271 -1.188112
-1.206868 1.744041 -1.397638
-1.639997 1.589633 -1.111340
-1.294137 1.603852 -1.484745
-0.000000 2.536519 -0.132933
-0.000000 2.536519 -0.132933
-0.000000 2.536519 -0.132933
-1.186779 -1.776021 -1.374374
-1.275687 -1.638126 -1.463135
-1.624274 -1.622818 -1.086184
-0.000000 -2.536519 -0.132933
-0.000000 -2.536519 -0.132933
-0.000000 -2.536519 -0.132933
-2.299806 -0.023925 -1.077924
-2.299806 -0.023925 -1.077924
-2.299806 -0.023925 -1.077924
-2.536519 0.000000 -0.132933
-2.536519 0.000000 -0.132933
-2.536519 0.000000 -0.132933
-1.724583 -0.044329 -1.864255
-1.724583 -0.044329 -1.864255
-1.724583 -0.044329 -1.864255
-2.276648 -0.284275 -1.089800
-2.255829 -0.541638 -1.034150
-2.214409 -0.530383 -1.125472
-1.967653 -1.125045 -1.146392
-1.724472 -1.281342 -1.354975
-2.013995 -0.916043 -1.247514
-1.724583 0.044329 -1.864255
-1.724583 0.044329 -1.864255
-1.724583 0.044329 -1.864255
-2.299806 0.023925 -1.077924
-2.206895 -0.510674 -1.149099
-2.298563 -0.037839 -1.080173
-1.724583 0.044329 -1.864255
-1.724583 0.044329 -1.864255
-1.724583 0.044329 -1.864255
-1.724583 -0.044329 -1.864255
-1.724583 -0.044329 -1.864255
-1.724583 -0.044329 -1.864255
-2.299095 0.024053 -1.079436
-2.271683 0.278091 -1.101690
-2.195302 0.650007 -1.099883
-0.000000 -2.536519 -0.132933
-0.000000 -2.536519 -0.132933
-0.000000 -2.536519 -0.132933
-1.206868 -1.744041 -1.397638
-1.206868 -1.744041 -1.397638
-1.677811 -1.569278 -1.083475
-1.724583 -0.044329 -1.864255
-1.724583 -0.044329 -1.864255
-1.724583 -0.044329 -1.864255
-2.299706 -0.023931 -1.078138
-2.255829 -0.541638 -1.034150
-2.276648 -0.284275 -1.089800
1.492975 -0.000000 -2.054903
2.054903 -0.000000 -1.492975
1.492975 -0.000000 -2.054903
1.492975 -0.000000 -2.054903
1.492975 -0.000000 -2.054903
0.784903 -0.000000 -2.415684
2.415684 -0.000000 -0.784903
2.054903 -0.000000 -1.492975
2.415684 -0.000000 -0.784903
2.415684 -0.000000 -0.784903
2.415684 -0.000000 -0.784903
2.540000 0.000000 -0.000000
-2.415684 0.000000 0.784903
-2.540000 -0.000000 0.000000
-2.415684 0.000000 0.784903
-2.415684 0.000000 0.784903
-2.415684 0.000000 0.784903
-2.054903 0.000000 1.492975
2.415684 -0.000000 -0.784903
2.540000 0.000000 -0.000000
2.415684 -0.000000 -0.784903
2.415684 -0.000000 -0.784903
2.415684 -0.000000 -0.784903
2.054903 -0.000000 -1.492975
-2.054903 0.000000 1.492975
-1.492975 0.000000 2.054903
-2.054903 0.000000 1.492975
-2.054903 0.000000 1.492975
-2.054903 0.000000 1.492975
-2.415684 0.000000 0.784903
2.415684 0.000000 0.784903
2.540000 0.000000 -0.000000
2.415684 0.000000 0.784903
2.415684 0.000000 0.784903
2.415684 0.000000 0.784903
2.054903 0.000000 1.492975
-1.492975 -0.000000 -2.054903
-1.492975 -0.000000 -2.054903
-0.784903 -0.000000 -2.415684
-1.492975 -0.000000 -2.054903
-2.054903 -0.000000 -1.492975
-1.492975 -0.000000 -2.054903
-0.784903 0.000000 2.415684
0.000000 0.000000 2.540000
-0.784903 0.000000 2.415684
-0.784903 0.000000 2.415684
-0.784903 0.000000 2.415684
-1.492975 0.000000 2.054903
0.784903 0.000000 2.415684
0.000000 0.000000 2.540000
0.784903 0.000000 2.415684
0.784903 0.000000 2.415684
0.784903 0.000000 2.415684
1.492975 0.000000 2.054903
-0.784903 0.000000 2.415684
-1.492975 0.000000 2.054903
-0.784903 0.000000 2.415684
-0.784903 0.000000 2.415684
-0.784903 0.000000 2.415684
0.000000 0.000000 2.540000
-2.540000 -0.000000 -0.000000
-2.540000 -0.000000 0.000000
-2.415684 -0.000000 -0.784903
-2.540000 -0.000000 -0.000000
-2.415684 0.000000 0.784903
-2.540000 -0.000000 0.000000
-1.697347 -0.044329 1.889087
-1.313351 -0.044329 2.173648
-1.269807 -0.044329 2.199369
-2.539613 0.044329 0.000000
-2.539613 0.044329 0.000000
-2.539613 0.044329 0.000000
-2.415684 -0.000000 -0.784903
-2.054903 -0.000000 -1.492975
-2.415684 -0.000000 -0.784903
-2.415684 -0.000000 -0.784903
-2.415684 -0.000000 -0.784903
-2.540000 -0.000000 0.000000
-1.492975 -0.000000 -2.054903
-1.492975 -0.000000 -2.054903
-2.054903 -0.000000 -1.492975
-1.492975 -0.000000 -2.054903
-0.784903 -0.000000 -2.415684
-1.492975 -0.000000 -2.054903
2.054903 0.000000 1.492975
2.054903 0.000000 1.492975
2.415684 0.000000 0.784903
2.054903 0.000000 1.492975
1.492975 0.000000 2.054903
2.054903 0.000000 1.492975
-1.492975 0.000000 2.054903
-1.492975 0.000000 2.054903
-0.784903 0.000000 2.415684
-1.492975 0.000000 2.054903
-2.054903 0.000000 1.492975
-1.492975 0.000000 2.054903
2.054903 -0.000000 -1.492975
1.492975 -0.000000 -2.054903
2.054903 -0.000000 -1.492975
2.054903 -0.000000 -1.492975
2.054903 -0.000000 -1.492975
2.415684 -0.000000 -0.784903
1.492975 -0.000000 -2.054903
0.784903 -0.000000 -2.415684
1.492975 -0.000000 -2.054903
1.492975 -0.000000 -2.054903
1.492975 -0.000000 -2.054903
2.054903 -0.000000 -1.492975
2.054903 0.000000 1.492975
2.054903 0.000000 1.492975
1.492975 0.000000 2.054903
2.054903 0.000000 1.492975
2.415684 0.000000 0.784903
2.054903 0.000000 1.492975
-2.054903 -0.000000 -1.492975
-1.492975 -0.000000 -2.054903
-2.054903 -0.000000 -1.492975
-2.054903 -0.000000 -1.492975
-2.054903 -0.000000 -1.492975
-2.415684 -0.000000 -0.784903
1.492975 0.000000 2.054903
0.784903 0.000000 2.415684
1.492975 0.000000 2.054903
1.492975 0.000000 2.054903
1.492975 0.000000 2.054903
2.054903 0.000000 1.492975
-2.054903 -0.000000 -1.492975
-2.415684 -0.000000 -0.784903
-2.054903 -0.000000 -1.492975
-2.054903 -0.000000 -1.492975
-2.054903 -0.000000 -1.492975
-1.492975 -0.000000 -2.054903
1.492975 0.000000 2.054903
2.054903 0.000000 1.492975
1.492975 0.000000 2.054903
1.492975 0.000000 2.054903
1.492975 0.000000 2.054903
0.784903 0.000000 2.415684
0.784903 -0.000000 -2.415684
0.000000 -0.000000 -2.540000
0.784903 -0.000000 -2.415684
0.784903 -0.000000 -2.415684
0.784903 -0.000000 -2.415684
1.492975 -0.000000 -2.054903
0.784903 0.000000 2.415684
1.492975 0.000000 2.054903
0.784903 0.000000 2.415684
0.784903 0.000000 2.415684
0.784903 0.000000 2.415684
0.000000 0.000000 2.540000
-0.784903 -0.000000 -2.415684
-1.492975 -0.000000 -2.054903
-0.784903 -0.000000 -2.415684
-0.784903 -0.000000 -2.415684
-0.784903 -0.000000 -2.415684
-0.000000 -0.000000 -2.540000
-0.784903 -0.000000 -2.415684
0.000000 -0.000000 -2.540000
-0.784903 -0.000000 -2.415684
-0.784903 -0.000000 -2.415684
-0.784903 -0.000000 -2.415684
-1.492975 -0.000000 -2.054903
-2.540000 -0.000000 0.000000
-2.540000 -0.000000 0.000000
-2.415684 0.000000 0.784903
-2.540000 -0.000000 0.000000
-2.415684 -0.000000 -0.784903
-2.540000 -0.000000 0.000000
2.540000 0.000000 -0.000000
2.415684 0.000000 0.784903
2.540000 0.000000 -0.000000
2.540000 0.000000 -0.000000
2.540000 0.000000 -0.000000
2.415684 -0.000000 -0.784903
0.000000 -0.000000 -2.540000
0.784903 -0.000000 -2.415684
-0.000000 -0.000000 -2.540000
0.000000 -0.000000 -2.540000
-0.000000 -0.000000 -2.540000
-0.784903 -0.000000 -2.415684
-2.415684 0.000000 0.784903
-2.054903 0.000000 1.492975
-2.415684 0.000000 0.784903
-2.415684 0.000000 0.784903
-2.415684 0.000000 0.784903
-2.540000 -0.000000 0.000000
2.415684 0.000000 0.784903
2.054903 0.000000 1.492975
2.415684 0.000000 0.784903
2.415684 0.000000 0.784903
2.415684 0.000000 0.784903
2.540000 0.000000 -0.000000
0.784903 -0.000000 -2.415684
1.492975 -0.000000 -2.054903
0.784903 -0.000000 -2.415684
0.784903 -0.000000 -2.415684
0.784903 -0.000000 -2.415684
-0.000000 -0.000000 -2.540000
-2.415684 -0.000000 -0.784903
-2.540000 -0.000000 0.000000
-2.415684 -0.000000 -0.784903
-2.415684 -0.000000 -0.784903
-2.415684 -0.000000 -0.784903
-2.054903 -0.000000 -1.492975
-2.054903 0.000000 1.492975
-2.054903 0.000000 1.492975
-1.492975 0.000000 2.054903
-2.054903 0.000000 1.492975
-2.415684 0.000000 0.784903
-2.054903 0.000000 1.492975
2.054903 -0.000000 -1.492975
2.415684 -0.000000 -0.784903
2.054903 -0.000000 -1.492975
2.054903 -0.000000 -1.492975
2.054903 -0.000000 -1.492975
1.492975 -0.000000 -2.054903
-1.492975 0.000000 2.054903
-0.784903 0.000000 2.415684
-1.492975 0.000000 2.054903
-1.492975 0.000000 2.054903
-1.492975 0.000000 2.054903
-2.054903 0.000000 1.492975
0.000000 0.000000 2.540000
0.000000 0.000000 2.540000
-0.784903 0.000000 2.415684
0.000000 0.000000 2.540000
0.784903 0.000000 2.415684
0.000000 0.000000 2.540000
0.000000 -0.000000 -2.540000
-0.784903 -0.000000 -2.415684
-0.000000 -0.000000 -2.540000
0.000000 -0.000000 -2.540000
-0.000000 -0.000000 -2.540000
0.784903 -0.000000 -2.415684
0.000000 0.000000 2.540000
0.000000 0.000000 2.540000
0.784903 0.000000 2.415684
0.000000 0.000000 2.540000
-0.784903 0.000000 2.415684
0.000000 0.000000 2.540000
2.540000 0.000000 -0.000000
2.415684 -0.000000 -0.784903
2.540000 0.000000 -0.000000
2.540000 0.000000 -0.000000
2.540000 0.000000 -0.000000
2.415684 0.000000 0.784903
-0.997190 1.935426 -1.308182
-1.206868 1.744041 -1.397638
-1.206868 1.744041 -1.397638
-0.000000 2.536519 -0.132933
-0.000000 2.536519 -0.132933
-0.000000 2.536519 -0.132933
-1.697347 -0.044329 1.889087
-1.443626 -0.044329 2.089397
-1.400298 -0.044329 2.118679
-1.356860 -0.044329 2.146757
-1.313351 -0.044329 2.173648
-1.697347 -0.044329 1.889087
-1.269807 0.044329 2.199369
-2.539613 -0.044329 0.000000
-1.443626 0.044329 2.089397
-1.269807 -0.044329 2.199369
-1.253350 -0.044329 2.208789
-1.296733 -0.044329 2.183602
-1.724583 -0.044329 -1.864255
-1.724583 -0.044329 -1.864255
-1.724583 -0.044329 -1.864255
-1.724583 -0.044329 -1.864255
-1.724583 -0.044329 -1.864255
-1.724583 -0.044329 -1.864255
-2.299752 -0.007505 -1.078279
-2.299095 0.024053 -1.079436
-2.301027 -0.058105 -1.074010
-2.299752 -0.007505 -1.078279
-2.299806 -0.023925 -1.077924
-2.299806 -0.023925 -1.077924
</float_array>
          <technique_common>
            <accessor source="#FBXASC227FBXASC130FBXASC189FBXASC227FBXASC131FBXASC170FBXASC227FBXASC131FBXASC131FBXASC227FBXASC131FBXASC1371-Normal0-array" count="4620" stride="3">
              <param name="X" type="float"/>
              <param name="Y" type="float"/>
              <param name="Z" type="float"/>
            </accessor>
          </technique_common>
        </source>
        <vertices id="FBXASC227FBXASC130FBXASC189FBXASC227FBXASC131FBXASC170FBXASC227FBXASC131FBXASC131FBXASC227FBXASC131FBXASC1371-VERTEX">
          <input semantic="POSITION" source="#FBXASC227FBXASC130FBXASC189FBXASC227FBXASC131FBXASC170FBXASC227FBXASC131FBXASC131FBXASC227FBXASC131FBXASC1371-POSITION"/>
        </vertices>
        <triangles count="1540" material="MaterialFBXASC032FBXASC03525">
          <input semantic="VERTEX" offset="0" source="#FBXASC227FBXASC130FBXASC189FBXASC227FBXASC131FBXASC170FBXASC227FBXASC131FBXASC131FBXASC227FBXASC131FBXASC1371-VERTEX"/>
          <input semantic="NORMAL" offset="1" source="#FBXASC227FBXASC130FBXASC189FBXASC227FBXASC131FBXASC170FBXASC227FBXASC131FBXASC131FBXASC227FBXASC131FBXASC1371-Normal0"/>
          <p> 560 0 56 1 487 2 385 3 113 4 216 5 513 6 81 7 149 8 303 9 84 10 182 11 153 12 19 13 60 14 93 15 283 16 144 17 496 18 153 19 127 20 130 21 673 22 397 23 475 24 520 25 626 26 336 27 135 28 171 29 143 30 391 31 691 32 391 33 265 34 475 35 417 36 243 37 207 38 456 39 495 40 398 41 155 42 161 43 106 44 198 45 119 46 195 47 440 48 98 49 223 50 425 51 400 52 113 53 54 54 42 55 276 56 98 57 267 58 146 59 319 60 399 61 181 62 238 63 429 64 26 65 166 66 83 67 390 68 383 69 443 70 158 71 389 72 108 73 457 74 170 75 392 76 125 77 688 78 160 79 61 80 708 81 389 82 457 83 80 84 113 85 578 86 317 87 290 88 451 89 496 90 127 91 448 92 262 93 550 94 563 95 212 96 409 97 416 98 19 99 235 100 409 101 428 102 359 103 222 104 282 105 228 106 404 107 143 108 159 109 391 110 112 111 225 112 368 113 130 114 455 115 673 116 149 117 677 118 117 119 300 120 372 121 345 122 144 123 753 124 17 125 56 126 113 127 517 128 146 129 517 130 220 131 394 132 229 133 322 134 261 135 131 136 658 137 588 138 602 139 56 140 39 141 576 142 126 143 191 144 64 145 118 146 198 147 191 148 119 149 728 150 716 151 508 152 727 153 493 154 275 155 416 156 409 157 235 158 553 159 694 160 144 161 130 162 69 163 308 164 403 165 428 166 222 167 218 168 51 169 349 170 425 171 12 172 400 173 76 174 215 175 176 176 503 177 138 178 113 179 724 180 456 181 398 182 712 183 463 184 356 185 227 186 104 187 209 188 209 189 73 190 178 191 731 192 163 193 725 194 738 195 712 196 7 197 126 198 619 199 181 200 126 201 510 202 556 203 362 204 122 205 289 206 84 207 160 208 182 209 223 210 420 211 440 212 302 213 218 214 349 215 304 216 243 217 180 218 243 219 19 220 151 221 672 222 701 223 202 224 543 225 202 226 374 227 735 228 136 229 710 230 710 231 449 232 263 233 99 234 213 235 101 236 101 237 316 238 198 239 353 240 184 241 548 242 247 243 0 244 138 245 149 246 117 247 346 248 186 249 84 250 303 251 493 252 146 253 275 254 227 255 196 256 104 257 671 258 127 259 176 260 630 261 189 262 690 263 692 264 28 265 232 266 690 267 619 268 630 269 261 270 516 271 131 272 516 273 56 274 66 275 272 276 39 277 126 278 359 279 396 280 222 281 441 282 83 283 109 284 441 285 109 286 118 287 167 288 56 289 517 290 54 291 565 292 42 293 151 294 19 295 131 296 70 297 131 298 203 299 467 300 44 301 150 302 730 303 726 304 509 305 728 306 508 307 515 308 301 309 339 310 354 311 469 312 483 313 137 314 740 315 190 316 737 317 458 318 128 319 307 320 6 321 105 322 208 323 146 324 220 325 279 326 98 327 113 328 30 329 297 330 22 331 427 332 696 333 531 334 201 335 233 336 266 337 358 338 264 339 439 340 410 341 422 342 217 343 102 344 227 345 320 346 102 347 88 348 128 349 458 350 77 351 461 352 433 353 62 354 185 355 315 356 726 357 538 358 509 359 558 360 381 361 54 362 181 363 618 364 54 365 55 366 321 367 347 368 98 369 182 370 267 371 253 372 216 373 153 374 153 375 56 376 516 377 127 378 152 379 255 380 439 381 552 382 410 383 242 384 225 385 23 386 102 387 23 388 58 389 343 390 196 391 252 392 104 393 73 394 209 395 443 396 153 397 326 398 158 399 443 400 326 401 160 402 84 403 61 404 706 405 61 406 117 407 207 408 243 409 183 410 17 411 705 412 183 413 465 414 189 415 8 416 626 417 520 418 465 419 294 420 40 421 272 422 177 423 383 424 158 425 119 426 191 427 118 428 340 429 179 430 195 431 292 432 118 433 590 434 276 435 209 436 178 437 392 438 178 439 125 440 535 441 188 442 251 443 736 444 499 445 711 446 295 447 193 448 278 449 72 450 193 451 214 452 230 453 151 454 131 455 718 456 450 457 561 458 327 459 231 460 435 461 451 462 187 463 317 464 371 465 130 466 308 467 165 468 239 469 213 470 73 471 579 472 67 473 73 474 343 475 174 476 190 477 541 478 123 479 74 480 199 481 146 482 101 483 212 484 416 485 390 486 158 487 166 488 291 489 270 490 445 491 138 492 285 493 113 494 159 495 265 496 391 497 208 498 307 499 128 500 43 501 316 502 203 503 239 504 283 505 213 506 312 507 201 508 374 509 519 510 533 511 165 512 26 513 429 514 140 515 444 516 138 517 268 518 13 519 515 520 508 521 149 522 200 523 13 524 82 525 312 526 374 527 82 528 595 529 749 530 1 531 83 532 210 533 340 534 459 535 179 536 405 537 84 538 186 539 61 540 84 541 286 542 336 543 337 544 135 545 15 546 189 547 411 548 729 549 230 550 714 551 502 552 245 553 86 554 289 555 160 556 362 557 206 558 301 559 194 560 328 561 228 562 282 563 461 564 328 565 433 566 598 567 284 568 311 569 89 570 40 571 640 572 204 573 394 574 322 575 300 576 243 577 372 578 192 579 73 580 174 581 472 582 67 583 91 584 319 585 276 586 92 587 425 588 375 589 12 590 17 591 241 592 144 593 17 594 509 595 538 596 172 597 354 598 339 599 263 600 347 601 321 602 346 603 405 604 6 605 328 606 95 607 6 608 131 609 19 610 96 611 153 612 309 613 19 614 97 615 592 616 236 617 231 618 175 619 262 620 48 621 113 622 98 623 452 624 98 625 146 626 298 627 519 628 165 629 165 630 213 631 298 632 630 633 288 634 189 635 8 636 189 637 288 638 341 639 212 640 101 641 195 642 179 643 34 644 139 645 344 646 102 647 196 648 51 649 252 650 382 651 141 652 348 653 315 654 185 655 197 656 104 657 343 658 73 659 104 660 196 661 59 662 105 663 307 664 208 665 225 666 242 667 368 668 496 669 448 670 317 671 453 672 439 673 264 674 419 675 113 676 302 677 302 678 349 679 419 680 23 681 513 682 242 683 541 684 217 685 123 686 118 687 109 688 408 689 250 690 83 691 1 692 13 693 677 694 149 695 466 696 704 697 13 698 429 699 444 700 268 701 484 702 264 703 111 704 387 705 405 706 186 707 299 708 105 709 387 710 517 711 113 712 369 713 657 714 636 715 113 716 593 717 153 718 187 719 494 720 327 721 435 722 207 723 164 724 417 725 183 726 683 727 115 728 428 729 403 730 282 731 278 732 193 733 297 734 84 735 405 736 286 737 346 738 117 739 656 740 118 741 41 742 340 743 292 744 41 745 118 746 119 747 118 748 340 749 119 750 65 751 195 752 12 753 392 754 170 755 375 756 120 757 12 758 163 759 11 760 542 761 542 762 11 763 78 764 45 765 122 766 342 767 362 768 342 769 122 770 123 771 217 772 422 773 37 774 199 775 320 776 639 777 92 778 124 779 291 780 285 781 138 782 252 783 314 784 334 785 91 786 2 787 125 788 181 789 294 790 126 791 272 792 126 793 294 794 127 795 153 796 311 797 284 798 127 799 311 800 77 801 287 802 331 803 406 804 460 805 631 806 748 807 498 808 713 809 468 810 482 811 150 812 359 813 406 814 396 815 406 816 631 817 396 818 516 819 554 820 131 821 131 822 554 823 203 824 180 825 379 826 304 827 132 828 533 829 519 830 697 831 705 832 17 833 684 834 133 835 17 836 152 837 361 838 548 839 486 840 484 841 544 842 386 843 486 844 544 845 353 846 548 847 361 848 378 849 85 850 171 851 100 852 224 853 240 854 275 855 146 856 267 857 449 858 347 859 263 860 462 861 21 862 137 863 742 864 263 865 723 866 138 867 270 868 291 869 318 870 270 871 138 872 139 873 102 874 413 875 30 876 139 877 413 878 429 879 268 880 140 881 435 882 231 883 262 884 463 885 322 886 356 887 53 888 348 889 141 890 11 891 418 892 78 893 78 894 418 895 101 896 333 897 159 898 143 899 143 900 336 901 333 902 144 903 283 904 239 905 144 906 72 907 214 908 54 909 319 910 181 911 54 912 276 913 319 914 577 915 517 916 146 917 146 918 199 919 577 920 201 921 273 922 132 923 436 924 297 925 427 926 614 927 607 928 534 929 427 930 454 931 436 932 454 933 193 934 148 935 607 936 148 937 694 938 149 939 346 940 16 941 513 942 149 943 242 944 488 945 129 946 523 947 744 948 715 949 463 950 31 951 350 952 229 953 450 954 151 955 561 956 50 957 215 958 318 959 410 960 386 961 573 962 687 963 270 964 318 965 573 966 386 967 544 968 153 969 516 970 635 971 653 972 507 973 153 974 749 975 595 976 32 977 682 978 695 979 144 980 491 981 184 982 353 983 581 984 619 985 126 986 610 987 491 988 353 989 630 990 619 991 581 992 329 993 173 994 693 995 24 996 358 997 604 998 445 999 329 1000 291 1001 285 1002 24 1003 604 1004 734 1005 74 1006 721 1007 157 1008 506 1009 137 1010 384 1011 60 1012 75 1013 313 1014 384 1015 75 1016 364 1017 52 1018 77 1019 77 1020 331 1021 364 1022 206 1023 160 1024 301 1025 466 1026 676 1027 704 1028 476 1029 434 1030 602 1031 408 1032 246 1033 505 1034 39 1035 505 1036 246 1037 434 1038 330 1039 602 1040 431 1041 19 1042 162 1043 357 1044 431 1045 162 1046 731 1047 393 1048 163 1049 393 1050 11 1051 163 1052 594 1053 202 1054 543 1055 650 1056 754 1057 164 1058 22 1059 72 1060 395 1061 395 1062 477 1063 22 1064 313 1065 75 1066 34 1067 34 1068 179 1069 313 1070 367 1071 613 1072 563 1073 587 1074 167 1075 42 1076 613 1077 485 1078 563 1079 521 1080 167 1081 587 1082 591 1083 71 1084 385 1085 540 1086 327 1087 494 1088 494 1089 175 1090 540 1091 385 1092 216 1093 591 1094 489 1095 611 1096 586 1097 611 1098 288 1099 586 1100 218 1101 314 1102 51 1103 51 1104 314 1105 252 1106 85 1107 228 1108 432 1109 336 1110 171 1111 333 1112 717 1113 45 1114 363 1115 45 1116 94 1117 363 1118 54 1119 618 1120 580 1121 604 1122 358 1123 564 1124 358 1125 266 1126 564 1127 628 1128 580 1129 618 1130 343 1131 252 1132 401 1133 563 1134 485 1135 647 1136 14 1137 480 1138 582 1139 550 1140 168 1141 367 1142 480 1143 412 1144 582 1145 563 1146 550 1147 367 1148 127 1149 284 1150 176 1151 15 1152 411 1153 337 1154 390 1155 83 1156 64 1157 272 1158 64 1159 191 1160 442 1161 73 1162 67 1163 442 1164 67 1165 125 1166 179 1167 332 1168 313 1169 332 1170 179 1171 210 1172 180 1173 132 1174 379 1175 543 1176 132 1177 417 1178 181 1179 566 1180 173 1181 181 1182 28 1183 568 1184 182 1185 160 1186 415 1187 415 1188 33 1189 182 1190 423 1191 315 1192 183 1193 183 1194 243 1195 423 1196 57 1197 184 1198 438 1199 491 1200 438 1201 184 1202 370 1203 345 1204 103 1205 372 1206 103 1207 345 1208 98 1209 325 1210 186 1211 112 1212 368 1213 299 1214 402 1215 187 1216 437 1217 451 1218 437 1219 187 1220 743 1221 389 1222 708 1223 479 1224 21 1225 3 1226 377 1227 100 1228 240 1229 377 1230 63 1231 100 1232 190 1233 123 1234 380 1235 737 1236 190 1237 380 1238 191 1239 43 1240 39 1241 191 1242 39 1243 272 1244 67 1245 269 1246 547 1247 547 1248 269 1249 381 1250 72 1251 474 1252 193 1253 116 1254 193 1255 282 1256 206 1257 194 1258 94 1259 363 1260 94 1261 194 1262 101 1263 195 1264 341 1265 101 1266 198 1267 195 1268 102 1269 344 1270 196 1271 102 1272 196 1273 227 1274 370 1275 103 1276 53 1277 715 1278 370 1279 53 1280 198 1281 316 1282 43 1283 198 1284 43 1285 191 1286 380 1287 123 1288 366 1289 366 1290 123 1291 9 1292 736 1293 200 1294 499 1295 149 1296 499 1297 200 1298 534 1299 201 1300 614 1301 295 1302 278 1303 201 1304 202 1305 701 1306 82 1307 202 1308 82 1309 374 1310 365 1311 142 1312 11 1313 393 1314 365 1315 11 1316 90 1317 243 1318 382 1319 90 1320 382 1321 348 1322 609 1323 92 1324 414 1325 609 1326 414 1327 388 1328 447 1329 94 1330 87 1331 87 1332 160 1333 447 1334 652 1335 207 1336 183 1337 271 1338 164 1339 207 1340 351 1341 77 1342 433 1343 351 1344 287 1345 77 1346 209 1347 42 1348 37 1349 276 1350 42 1351 209 1352 179 1353 459 1354 210 1355 602 1356 330 1357 648 1358 609 1359 211 1360 92 1361 145 1362 92 1363 211 1364 357 1365 162 1366 212 1367 341 1368 357 1369 212 1370 101 1371 492 1372 497 1373 492 1374 495 1375 497 1376 427 1377 625 1378 608 1379 585 1380 148 1381 607 1382 625 1383 193 1384 608 1385 614 1386 585 1387 607 1388 574 1389 127 1390 671 1391 671 1392 50 1393 574 1394 56 1395 216 1396 113 1397 216 1398 56 1399 153 1400 102 1401 537 1402 490 1403 537 1404 324 1405 490 1406 376 1407 314 1408 218 1409 107 1410 376 1411 218 1412 510 1413 555 1414 1 1415 1 1416 555 1417 109 1418 629 1419 616 1420 589 1421 258 1422 589 1423 616 1424 407 1425 624 1426 481 1427 113 1428 481 1429 624 1430 222 1431 130 1432 371 1433 403 1434 222 1435 371 1436 421 1437 98 1438 30 1439 30 1440 413 1441 421 1442 404 1443 428 1444 282 1445 378 1446 224 1447 85 1448 223 1449 58 1450 420 1451 23 1452 420 1453 58 1454 164 1455 5 1456 594 1457 183 1458 226 1459 683 1460 209 1461 37 1462 227 1463 227 1464 37 1465 320 1466 228 1467 328 1468 461 1469 432 1470 228 1471 52 1472 356 1473 322 1474 229 1475 7 1476 229 1477 350 1478 230 1479 131 1480 512 1481 714 1482 230 1483 512 1484 582 1485 412 1486 97 1487 412 1488 114 1489 97 1490 232 1491 284 1492 692 1493 690 1494 189 1495 15 1496 173 1497 566 1498 471 1499 572 1500 471 1501 566 1502 234 1503 328 1504 6 1505 234 1506 6 1507 208 1508 79 1509 430 1510 19 1511 430 1512 79 1513 298 1514 476 1515 602 1516 588 1517 588 1518 253 1519 476 1520 610 1521 353 1522 598 1523 598 1524 311 1525 610 1526 558 1527 612 1528 238 1529 238 1530 26 1531 558 1532 395 1533 72 1534 239 1535 239 1536 72 1537 144 1538 337 1539 411 1540 135 1541 240 1542 224 1543 378 1544 713 1545 498 1546 241 1547 144 1548 241 1549 498 1550 368 1551 242 1552 16 1553 16 1554 242 1555 149 1556 243 1557 151 1558 31 1559 204 1560 243 1561 394 1562 556 1563 489 1564 126 1565 556 1566 305 1567 489 1568 478 1569 44 1570 86 1571 724 1572 398 1573 709 1574 126 1575 576 1576 510 1577 510 1578 576 1579 555 1580 247 1581 266 1582 111 1583 111 1584 0 1585 247 1586 377 1587 248 1588 63 1589 248 1590 627 1591 63 1592 249 1593 91 1594 125 1595 67 1596 249 1597 125 1598 473 1599 1 1600 109 1601 109 1602 83 1603 250 1604 747 1605 717 1606 363 1607 501 1608 188 1609 3 1610 252 1611 2 1612 401 1613 334 1614 2 1615 252 1616 476 1617 253 1618 593 1619 253 1620 153 1621 593 1622 558 1623 26 1624 381 1625 547 1626 381 1627 26 1628 255 1629 184 1630 57 1631 57 1632 127 1633 255 1634 426 1635 256 1636 557 1637 271 1638 642 1639 575 1640 668 1641 616 1642 622 1643 481 1644 528 1645 663 1646 603 1647 664 1648 373 1649 261 1650 669 1651 527 1652 645 1653 567 1654 597 1655 260 1656 645 1657 597 1658 635 1659 605 1660 666 1661 635 1662 516 1663 605 1664 80 1665 446 1666 140 1667 424 1668 140 1669 446 1670 723 1671 263 1672 464 1673 263 1674 321 1675 464 1676 453 1677 264 1678 486 1679 486 1680 264 1681 484 1682 248 1683 520 1684 627 1685 159 1686 47 1687 265 1688 247 1689 35 1690 266 1691 564 1692 266 1693 35 1694 136 1695 267 1696 33 1697 182 1698 33 1699 267 1700 503 1701 80 1702 140 1703 503 1704 113 1705 80 1706 521 1707 579 1708 73 1709 254 1710 579 1711 521 1712 270 1713 687 1714 76 1715 270 1716 76 1717 445 1718 674 1719 5 1720 426 1721 661 1722 674 1723 426 1724 642 1725 615 1726 530 1727 615 1728 207 1729 530 1730 272 1731 177 1732 64 1733 272 1734 383 1735 177 1736 477 1737 273 1738 201 1739 273 1740 477 1741 395 1742 727 1743 275 1744 720 1745 46 1746 536 1747 137 1748 545 1749 267 1750 136 1751 735 1752 545 1753 136 1754 375 1755 276 1756 120 1757 276 1758 178 1759 120 1760 746 1761 733 1762 393 1763 27 1764 277 1765 86 1766 278 1767 297 1768 436 1769 201 1770 278 1771 147 1772 629 1773 589 1774 562 1775 360 1776 48 1777 634 1778 562 1779 280 1780 629 1781 48 1782 98 1783 634 1784 281 1785 27 1786 86 1787 741 1788 718 1789 561 1790 673 1791 282 1792 397 1793 282 1794 193 1795 474 1796 497 1797 495 1798 121 1799 456 1800 121 1801 495 1802 284 1803 15 1804 176 1805 232 1806 15 1807 284 1808 639 1809 124 1810 285 1811 285 1812 124 1813 113 1814 286 1815 117 1816 61 1817 36 1818 117 1819 286 1820 351 1821 128 1822 287 1823 128 1824 673 1825 455 1826 8 1827 288 1828 40 1829 611 1830 40 1831 288 1832 55 1833 160 1834 289 1835 289 1836 321 1837 55 1838 210 1839 290 1840 161 1841 317 1842 161 1843 290 1844 291 1845 329 1846 693 1847 291 1848 24 1849 285 1850 505 1851 292 1852 590 1853 745 1854 732 1855 370 1856 25 1857 129 1858 293 1859 399 1860 294 1861 181 1862 294 1863 8 1864 40 1865 531 1866 295 1867 201 1868 531 1869 193 1870 295 1871 296 1872 188 1873 68 1874 739 1875 722 1876 200 1877 297 1878 193 1879 116 1880 22 1881 297 1882 116 1883 99 1884 430 1885 298 1886 298 1887 213 1888 99 1889 299 1890 387 1891 186 1892 325 1893 299 1894 186 1895 62 1896 243 1897 300 1898 62 1899 300 1900 185 1901 29 1902 339 1903 301 1904 301 1905 160 1906 29 1907 302 1908 113 1909 107 1910 107 1911 218 1912 302 1913 303 1914 98 1915 186 1916 303 1917 182 1918 98 1919 379 1920 19 1921 304 1922 304 1923 19 1924 243 1925 38 1926 89 1927 640 1928 155 1929 38 1930 640 1931 127 1932 306 1933 152 1934 306 1935 361 1936 152 1937 95 1938 307 1939 16 1940 105 1941 16 1942 307 1943 22 1944 308 1945 72 1946 308 1947 474 1948 72 1949 659 1950 643 1951 567 1952 638 1953 355 1954 96 1955 638 1956 96 1957 19 1958 597 1959 567 1960 643 1961 38 1962 311 1963 89 1964 311 1965 153 1966 89 1967 312 1968 620 1969 201 1970 312 1971 82 1972 689 1973 166 1974 384 1975 313 1976 313 1977 332 1978 166 1979 314 1980 170 1981 334 1982 376 1983 170 1984 314 1985 315 1986 197 1987 17 1988 315 1989 17 1990 183 1991 101 1992 142 1993 316 1994 365 1995 316 1996 142 1997 106 1998 161 1999 317 2000 448 2001 106 2002 317 2003 0 2004 572 2005 138 2006 572 2007 0 2008 471 2009 752 2010 606 2011 145 2012 319 2013 92 2014 145 2015 102 2016 320 2017 9 2018 366 2019 9 2020 320 2021 289 2022 122 2023 321 2024 464 2025 321 2026 122 2027 463 2028 141 2029 322 2030 204 2031 322 2032 141 2033 653 2034 603 2035 373 2036 653 2037 153 2038 603 2039 490 2040 324 2041 108 2042 457 2043 108 2044 324 2045 325 2046 98 2047 112 2048 299 2049 325 2050 112 2051 60 2052 384 2053 326 2054 326 2055 153 2056 60 2057 114 2058 412 2059 327 2060 540 2061 114 2062 327 2063 88 2064 458 2065 328 2066 328 2067 282 2068 88 2069 691 2070 391 2071 628 2072 691 2073 628 2074 618 2075 290 2076 646 2077 621 2078 646 2079 459 2080 621 2081 331 2082 631 2083 460 2084 364 2085 331 2086 47 2087 332 2088 83 2089 166 2090 83 2091 332 2092 210 2093 364 2094 333 2095 52 2096 333 2097 171 2098 52 2099 334 2100 170 2101 125 2102 125 2103 2 2104 334 2105 633 2106 335 2107 553 2108 335 2109 694 2110 553 2111 76 2112 336 2113 143 2114 76 2115 337 2116 336 2117 337 2118 76 2119 176 2120 176 2121 15 2122 337 2123 32 2124 595 2125 338 2126 32 2127 753 2128 144 2129 172 2130 339 2131 13 2132 29 2133 13 2134 339 2135 65 2136 340 2137 195 2138 65 2139 119 2140 340 2141 34 2142 357 2143 341 2144 341 2145 195 2146 34 2147 45 2148 342 2149 94 2150 87 2151 94 2152 342 2153 59 2154 343 2155 104 2156 59 2157 196 2158 343 2159 344 2160 51 2161 196 2162 349 2163 51 2164 344 2165 370 2166 185 2167 345 2168 300 2169 345 2170 185 2171 95 2172 16 2173 346 2174 95 2175 346 2176 6 2177 55 2178 347 2179 33 2180 449 2181 33 2182 347 2183 90 2184 348 2185 103 2186 53 2187 103 2188 348 2189 419 2190 349 2191 139 2192 349 2193 344 2194 139 2195 31 2196 151 2197 350 2198 450 2199 350 2200 151 2201 234 2202 208 2203 351 2204 208 2205 128 2206 351 2207 667 2208 352 2209 652 2210 256 2211 518 2212 557 2213 237 2214 546 2215 28 2216 361 2217 28 2218 546 2219 301 2220 354 2221 194 2222 363 2223 194 2224 354 2225 96 2226 355 2227 644 2228 470 2229 637 2230 507 2231 356 2232 229 2233 7 2234 712 2235 356 2236 7 2237 34 2238 75 2239 357 2240 75 2241 431 2242 357 2243 599 2244 173 2245 532 2246 173 2247 471 2248 532 2249 100 2250 359 2251 224 2252 100 2253 406 2254 359 2255 655 2256 452 2257 551 2258 657 2259 601 2260 678 2261 568 2262 50 2263 181 2264 574 2265 50 2266 568 2267 362 2268 160 2269 87 2270 87 2271 342 2272 362 2273 363 2274 354 2275 172 2276 716 2277 363 2278 172 2279 159 2280 333 2281 364 2282 364 2283 47 2284 159 2285 393 2286 203 2287 365 2288 203 2289 316 2290 365 2291 380 2292 366 2293 199 2294 199 2295 366 2296 320 2297 71 2298 56 2299 560 2300 385 2301 71 2302 560 2303 368 2304 16 2305 105 2306 299 2307 368 2308 105 2309 600 2310 220 2311 517 2312 600 2313 221 2314 220 2315 197 2316 185 2317 370 2318 732 2319 197 2320 370 2321 371 2322 308 2323 22 2324 371 2325 22 2326 116 2327 372 2328 243 2329 90 2330 372 2331 90 2332 103 2333 662 2334 623 2335 323 2336 669 2337 524 2338 527 2339 374 2340 132 2341 543 2342 201 2343 132 2344 374 2345 92 2346 276 2347 375 2348 92 2349 375 2350 124 2351 400 2352 12 2353 376 2354 12 2355 170 2356 376 2357 189 2358 377 2359 411 2360 189 2361 248 2362 377 2363 135 2364 240 2365 378 2366 171 2367 135 2368 378 2369 379 2370 79 2371 19 2372 132 2373 519 2374 379 2375 734 2376 380 2377 74 2378 380 2379 199 2380 74 2381 579 2382 254 2383 565 2384 42 2385 565 2386 254 2387 382 2388 243 2389 204 2390 382 2391 204 2392 141 2393 272 2394 40 2395 383 2396 89 2397 383 2398 40 2399 166 2400 158 2401 384 2402 326 2403 384 2404 158 2405 578 2406 113 2407 385 2408 560 2409 578 2410 385 2411 552 2412 134 2413 386 2414 410 2415 552 2416 386 2417 387 2418 105 2419 6 2420 6 2421 405 2422 387 2423 10 2424 388 2425 54 2426 10 2427 156 2428 388 2429 711 2430 81 2431 389 2432 81 2433 513 2434 389 2435 177 2436 158 2437 390 2438 177 2439 390 2440 64 2441 628 2442 391 2443 211 2444 145 2445 211 2446 391 2447 12 2448 120 2449 392 2450 120 2451 178 2452 392 2453 733 2454 70 2455 393 2456 70 2457 203 2458 393 2459 394 2460 31 2461 229 2462 394 2463 243 2464 31 2465 165 2466 273 2467 395 2468 395 2469 239 2470 165 2471 396 2472 455 2473 130 2474 222 2475 396 2476 130 2477 397 2478 69 2479 130 2480 397 2481 282 2482 69 2483 398 2484 283 2485 93 2486 709 2487 398 2488 93 2489 559 2490 294 2491 399 2492 465 2493 8 2494 626 2495 113 2496 400 2497 107 2498 400 2499 376 2500 107 2501 485 2502 401 2503 647 2504 174 2505 343 2506 401 2507 402 2508 437 2509 14 2510 236 2511 402 2512 14 2513 116 2514 403 2515 371 2516 403 2517 116 2518 282 2519 85 2520 224 2521 404 2522 404 2523 228 2524 85 2525 36 2526 405 2527 346 2528 405 2529 36 2530 286 2531 63 2532 460 2533 406 2534 100 2535 63 2536 406 2537 369 2538 407 2539 665 2540 622 2541 525 2542 668 2543 246 2544 408 2545 219 2546 109 2547 219 2548 408 2549 212 2550 162 2551 409 2552 162 2553 19 2554 409 2555 410 2556 573 2557 111 2558 264 2559 410 2560 111 2561 411 2562 240 2563 135 2564 377 2565 240 2566 411 2567 327 2568 412 2569 231 2570 480 2571 231 2572 412 2573 421 2574 413 2575 58 2576 102 2577 58 2578 413 2579 238 2580 612 2581 639 2582 612 2583 92 2584 639 2585 415 2586 160 2587 55 2588 415 2589 55 2590 33 2591 101 2592 416 2593 99 2594 416 2595 235 2596 99 2597 180 2598 243 2599 417 2600 417 2601 132 2602 180 2603 101 2604 418 2605 142 2606 11 2607 142 2608 418 2609 30 2610 113 2611 419 2612 419 2613 139 2614 30 2615 23 2616 225 2617 420 2618 440 2619 420 2620 225 2621 421 2622 58 2623 223 2624 223 2625 98 2626 421 2627 123 2628 422 2629 9 2630 102 2631 9 2632 422 2633 423 2634 62 2635 315 2636 423 2637 243 2638 62 2639 26 2640 140 2641 424 2642 26 2643 424 2644 2 2645 124 2646 375 2647 425 2648 124 2649 425 2650 113 2651 650 2652 164 2653 675 2654 675 2655 670 2656 650 2657 4 2658 553 2659 427 2660 22 2661 477 2662 427 2663 359 2664 428 2665 224 2666 224 2667 428 2668 404 2669 238 2670 35 2671 429 2672 35 2673 444 2674 429 2675 99 2676 235 2677 430 2678 430 2679 235 2680 19 2681 75 2682 60 2683 431 2684 60 2685 19 2686 431 2687 171 2688 432 2689 52 2690 85 2691 432 2692 171 2693 433 2694 234 2695 351 2696 433 2697 328 2698 234 2699 236 2700 592 2701 434 2702 592 2703 621 2704 434 2705 168 2706 435 2707 80 2708 446 2709 80 2710 435 2711 617 2712 49 2713 660 2714 617 2715 660 2716 278 2717 97 2718 114 2719 437 2720 14 2721 437 2722 114 2723 106 2724 438 2725 155 2726 438 2727 106 2728 57 2729 255 2730 152 2731 439 2732 439 2733 453 2734 255 2735 112 2736 98 2737 440 2738 440 2739 225 2740 112 2741 64 2742 441 2743 118 2744 64 2745 83 2746 441 2747 178 2748 73 2749 442 2750 178 2751 442 2752 125 2753 89 2754 153 2755 443 2756 443 2757 383 2758 89 2759 247 2760 138 2761 444 2762 444 2763 35 2764 247 2765 445 2766 76 2767 143 2768 691 2769 445 2770 143 2771 262 2772 446 2773 435 2774 424 2775 446 2776 262 2777 447 2778 206 2779 94 2780 447 2781 160 2782 206 2783 448 2784 127 2785 57 2786 106 2787 448 2788 57 2789 136 2790 33 2791 449 2792 710 2793 136 2794 449 2795 7 2796 350 2797 450 2798 718 2799 7 2800 450 2801 97 2802 437 2803 451 2804 451 2805 290 2806 97 2807 551 2808 452 2809 279 2810 452 2811 146 2812 279 2813 255 2814 453 2815 184 2816 134 2817 184 2818 453 2819 454 2820 148 2821 49 2822 49 2823 617 2824 454 2825 128 2826 455 2827 287 2828 287 2829 631 2830 331 2831 163 2832 121 2833 456 2834 725 2835 163 2836 456 2837 708 2838 457 2839 190 2840 457 2841 324 2842 190 2843 458 2844 307 2845 95 2846 458 2847 95 2848 328 2849 648 2850 330 2851 459 2852 41 2853 459 2854 340 2855 47 2856 627 2857 265 2858 331 2859 460 2860 47 2861 52 2862 228 2863 461 2864 77 2865 52 2866 461 2867 723 2868 464 2869 717 2870 3 2871 21 2872 462 2873 715 2874 53 2875 463 2876 53 2877 141 2878 463 2879 464 2880 122 2881 45 2882 717 2883 464 2884 45 2885 465 2886 520 2887 248 2888 465 2889 248 2890 189 2891 29 2892 160 2893 466 2894 466 2895 13 2896 29 2897 86 2898 44 2899 467 2900 738 2901 7 2902 718 2903 748 2904 709 2905 498 2906 44 2907 468 2908 150 2909 21 2910 469 2911 137 2912 740 2913 708 2914 190 2915 355 2916 583 2917 644 2918 680 2919 659 2920 567 2921 0 2922 233 2923 471 2924 532 2925 471 2926 233 2927 472 2928 91 2929 249 2930 472 2931 249 2932 67 2933 473 2934 109 2935 250 2936 473 2937 250 2938 1 2939 69 2940 282 2941 474 2942 308 2943 69 2944 474 2945 475 2946 626 2947 145 2948 391 2949 475 2950 145 2951 236 2952 434 2953 476 2954 402 2955 236 2956 476 2957 4 2958 427 2959 477 2960 477 2961 201 2962 4 2963 725 2964 456 2965 724 2966 245 2967 478 2968 86 2969 743 2970 711 2971 389 2972 188 2973 479 2974 3 2975 540 2976 175 2977 480 2978 175 2979 231 2980 480 2981 113 2982 636 2983 481 2984 636 2985 528 2986 481 2987 726 2988 713 2989 538 2990 482 2991 129 2992 150 2993 737 2994 380 2995 734 2996 483 2997 157 2998 137 2999 544 3000 484 3001 266 3002 111 3003 266 3004 484 3005 487 3006 174 3007 649 3008 174 3009 401 3010 649 3011 386 3012 134 3013 486 3014 134 3015 453 3016 486 3017 167 3018 174 3019 487 3020 487 3021 56 3022 167 3023 150 3024 129 3025 488 3026 744 3027 463 3028 712 3029 244 3030 489 3031 586 3032 126 3033 489 3034 244 3035 490 3036 108 3037 23 3038 490 3039 23 3040 102 3041 155 3042 438 3043 491 3044 491 3045 38 3046 155 3047 213 3048 492 3049 101 3050 213 3051 283 3052 492 3053 721 3054 74 3055 493 3056 74 3057 146 3058 493 3059 494 3060 435 3061 168 3062 550 3063 494 3064 168 3065 492 3066 283 3067 495 3068 398 3069 495 3070 283 3071 187 3072 153 3073 496 3074 317 3075 187 3076 496 3077 497 3078 121 3079 78 3080 101 3081 497 3082 78 3083 144 3084 498 3085 93 3086 709 3087 93 3088 498 3089 711 3090 499 3091 81 3092 149 3093 81 3094 499 3095 701 3096 672 3097 707 3098 226 3099 183 3100 702 3101 251 3102 188 3103 501 3104 747 3105 363 3106 716 3107 746 3108 393 3109 731 3110 277 3111 502 3112 86 3113 268 3114 138 3115 503 3116 140 3117 268 3118 503 3119 156 3120 10 3121 504 3122 504 3123 211 3124 156 3125 66 3126 292 3127 505 3128 39 3129 66 3130 505 3131 506 3132 46 3133 137 3134 721 3135 493 3136 727 3137 507 3138 309 3139 153 3140 637 3141 309 3142 507 3143 716 3144 172 3145 508 3146 508 3147 172 3148 13 3149 730 3150 509 3151 197 3152 17 3153 197 3154 509 3155 161 3156 510 3157 1 3158 155 3159 510 3160 161 3161 682 3162 154 3163 695 3164 531 3165 696 3166 694 3167 512 3168 131 3169 70 3170 714 3171 512 3172 70 3173 108 3174 513 3175 23 3176 389 3177 513 3178 108 3179 305 3180 556 3181 514 3182 514 3183 40 3184 305 3185 13 3186 200 3187 515 3188 722 3189 515 3190 200 3191 554 3192 516 3193 39 3194 516 3195 66 3196 39 3197 167 3198 517 3199 42 3200 577 3201 42 3202 517 3203 667 3204 518 3205 352 3206 642 3207 518 3208 575 3209 379 3210 519 3211 79 3212 79 3213 519 3214 298 3215 265 3216 627 3217 520 3218 265 3219 520 3220 475 3221 192 3222 167 3223 521 3224 192 3225 521 3226 73 3227 522 3228 27 3229 281 3230 733 3231 714 3232 70 3233 745 3234 370 3235 715 3236 523 3237 129 3238 25 3239 662 3240 524 3241 623 3242 664 3243 524 3244 373 3245 407 3246 525 3247 665 3248 528 3249 525 3250 663 3251 551 3252 526 3253 655 3254 601 3255 48 3256 360 3257 635 3258 666 3259 259 3260 666 3261 524 3262 259 3263 589 3264 258 3265 641 3266 258 3267 525 3268 641 3269 2 3270 529 3271 401 3272 424 3273 529 3274 2 3275 652 3276 115 3277 667 3278 652 3279 183 3280 115 3281 148 3282 193 3283 531 3284 148 3285 531 3286 694 3287 24 3288 532 3289 358 3290 233 3291 358 3292 532 3293 273 3294 533 3295 132 3296 533 3297 273 3298 165 3299 534 3300 335 3301 633 3302 633 3303 201 3304 534 3305 68 3306 188 3307 535 3308 722 3309 728 3310 515 3311 536 3312 274 3313 137 3314 720 3315 545 3316 735 3317 537 3318 217 3319 324 3320 102 3321 217 3322 537 3323 713 3324 241 3325 538 3326 538 3327 241 3328 17 3329 705 3330 697 3331 686 3332 133 3333 82 3334 686 3335 540 3336 480 3337 14 3338 14 3339 114 3340 540 3341 324 3342 217 3343 541 3344 190 3345 324 3346 541 3347 121 3348 542 3349 78 3350 163 3351 542 3352 121 3353 543 3354 164 3355 594 3356 164 3357 543 3358 417 3359 544 3360 233 3361 573 3362 544 3363 266 3364 233 3365 720 3366 275 3367 545 3368 275 3369 267 3370 545 3371 598 3372 353 3373 546 3374 361 3375 546 3376 353 3377 91 3378 67 3379 547 3380 91 3381 547 3382 26 3383 134 3384 552 3385 548 3386 548 3387 184 3388 134 3389 274 3390 549 3391 137 3392 742 3393 710 3394 263 3395 262 3396 175 3397 550 3398 175 3399 494 3400 550 3401 280 3402 526 3403 679 3404 629 3405 280 3406 679 3407 548 3408 552 3409 152 3410 439 3411 152 3412 552 3413 144 3414 214 3415 553 3416 427 3417 553 3418 214 3419 554 3420 43 3421 203 3422 43 3423 554 3424 39 3425 576 3426 219 3427 555 3428 555 3429 219 3430 109 3431 556 3432 155 3433 514 3434 556 3435 510 3436 155 3437 661 3438 518 3439 257 3440 661 3441 257 3442 674 3443 414 3444 558 3445 388 3446 54 3447 388 3448 558 3449 8 3450 294 3451 559 3452 8 3453 559 3454 719 3455 560 3456 487 3457 367 3458 367 3459 578 3460 560 3461 729 3462 561 3463 230 3464 561 3465 151 3466 230 3467 562 3468 18 3469 657 3470 657 3471 678 3472 562 3473 563 3474 647 3475 424 3476 563 3477 424 3478 262 3479 564 3480 35 3481 238 3482 564 3483 238 3484 205 3485 269 3486 565 3487 381 3488 54 3489 381 3490 565 3491 181 3492 50 3493 566 3494 566 3495 50 3496 318 3497 310 3498 567 3499 658 3500 645 3501 658 3502 567 3503 568 3504 28 3505 361 3506 306 3507 568 3508 361 3509 732 3510 730 3511 197 3512 129 3513 569 3514 293 3515 741 3516 561 3517 729 3518 570 3519 522 3520 281 3521 739 3522 200 3523 736 3524 571 3525 188 3526 296 3527 138 3528 572 3529 318 3530 318 3531 572 3532 566 3533 111 3534 573 3535 0 3536 233 3537 0 3538 573 3539 574 3540 306 3541 127 3542 574 3543 568 3544 306 3545 575 3546 518 3547 670 3548 675 3549 575 3550 670 3551 246 3552 576 3553 39 3554 576 3555 246 3556 219 3557 577 3558 199 3559 37 3560 37 3561 42 3562 577 3563 367 3564 168 3565 578 3566 80 3567 578 3568 168 3569 579 3570 269 3571 67 3572 269 3573 579 3574 565 3575 10 3576 580 3577 504 3578 54 3579 580 3580 10 3581 126 3582 244 3583 581 3584 169 3585 581 3586 244 3587 582 3588 236 3589 14 3590 582 3591 97 3592 236 3593 680 3594 583 3595 659 3596 470 3597 583 3598 637 3599 689 3600 82 3601 584 3602 689 3603 584 3604 596 3605 147 3606 49 3607 585 3608 49 3609 148 3610 585 3611 169 3612 244 3613 586 3614 586 3615 288 3616 169 3617 42 3618 254 3619 587 3620 587 3621 254 3622 521 3623 253 3624 588 3625 71 3626 588 3627 56 3628 71 3629 18 3630 589 3631 641 3632 562 3633 589 3634 18 3635 590 3636 118 3637 408 3638 590 3639 408 3640 505 3641 591 3642 253 3643 71 3644 591 3645 216 3646 253 3647 592 3648 290 3649 621 3650 97 3651 290 3652 592 3653 593 3654 187 3655 402 3656 593 3657 402 3658 476 3659 685 3660 202 3661 700 3662 5 3663 685 3664 700 3665 681 3666 699 3667 82 3668 338 3669 699 3670 681 3671 596 3672 584 3673 32 3674 144 3675 596 3676 32 3677 597 3678 643 3679 323 3680 623 3681 597 3682 323 3683 237 3684 284 3685 598 3686 598 3687 546 3688 237 3689 599 3690 24 3691 291 3692 599 3693 532 3694 24 3695 369 3696 665 3697 600 3698 517 3699 369 3700 600 3701 601 3702 526 3703 678 3704 360 3705 526 3706 601 3707 602 3708 648 3709 66 3710 66 3711 56 3712 602 3713 603 3714 20 3715 664 3716 603 3717 153 3718 20 3719 604 3720 564 3721 205 3722 604 3723 205 3724 285 3725 605 3726 516 3727 261 3728 605 3729 261 3730 527 3731 606 3732 319 3733 145 3734 752 3735 319 3736 606 3737 534 3738 607 3739 335 3740 607 3741 694 3742 335 3743 427 3744 608 3745 454 3746 608 3747 193 3748 454 3749 388 3750 156 3751 609 3752 156 3753 211 3754 609 3755 38 3756 491 3757 610 3758 610 3759 311 3760 38 3761 305 3762 40 3763 611 3764 489 3765 305 3766 611 3767 612 3768 558 3769 414 3770 414 3771 92 3772 612 3773 485 3774 613 3775 487 3776 367 3777 487 3778 613 3779 614 3780 201 3781 147 3782 147 3783 585 3784 614 3785 615 3786 642 3787 271 3788 271 3789 207 3790 615 3791 622 3792 616 3793 220 3794 279 3795 220 3796 616 3797 436 3798 617 3799 278 3800 454 3801 617 3802 436 3803 173 3804 618 3805 181 3806 173 3807 329 3808 618 3809 181 3810 619 3811 28 3812 28 3813 619 3814 232 3815 620 3816 154 3817 682 3818 154 3819 620 3820 312 3821 621 3822 459 3823 330 3824 434 3825 621 3826 330 3827 221 3828 525 3829 622 3830 220 3831 221 3832 622 3833 623 3834 524 3835 260 3836 623 3837 260 3838 597 3839 624 3840 369 3841 113 3842 624 3843 407 3844 369 3845 214 3846 193 3847 625 3848 427 3849 214 3850 625 3851 145 3852 626 3853 399 3854 626 3855 750 3856 719 3857 63 3858 627 3859 460 3860 47 3861 460 3862 627 3863 628 3864 211 3865 504 3866 580 3867 628 3868 504 3869 279 3870 616 3871 629 3872 551 3873 279 3874 629 3875 630 3876 581 3877 169 3878 169 3879 288 3880 630 3881 287 3882 455 3883 631 3884 396 3885 631 3886 455 3887 117 3888 677 3889 706 3890 632 3891 110 3892 61 3893 633 3894 553 3895 4 3896 4 3897 201 3898 633 3899 634 3900 98 3901 452 3902 655 3903 634 3904 452 3905 20 3906 153 3907 635 3908 20 3909 635 3910 259 3911 641 3912 636 3913 18 3914 657 3915 18 3916 636 3917 638 3918 637 3919 355 3920 637 3921 583 3922 355 3923 309 3924 637 3925 638 3926 19 3927 309 3928 638 3929 285 3930 205 3931 639 3932 238 3933 639 3934 205 3935 155 3936 640 3937 514 3938 640 3939 40 3940 514 3941 641 3942 525 3943 528 3944 528 3945 636 3946 641 3947 352 3948 642 3949 530 3950 352 3951 518 3952 642 3953 659 3954 507 3955 643 3956 323 3957 643 3958 507 3959 96 3960 644 3961 310 3962 644 3963 583 3964 310 3965 261 3966 658 3967 645 3968 669 3969 261 3970 645 3971 210 3972 459 3973 646 3974 646 3975 290 3976 210 3977 424 3978 647 3979 529 3980 529 3981 647 3982 401 3983 66 3984 648 3985 41 3986 41 3987 648 3988 459 3989 649 3990 485 3991 487 3992 649 3993 401 3994 485 3995 650 3996 256 3997 426 3998 426 3999 754 4000 650 4001 651 4002 701 4003 707 4004 651 4005 707 4006 183 4007 530 4008 207 4009 652 4010 352 4011 530 4012 652 4013 662 4014 323 4015 653 4016 323 4017 507 4018 653 4019 13 4020 654 4021 110 4022 160 4023 688 4024 704 4025 655 4026 526 4027 360 4028 360 4029 634 4030 655 4031 656 4032 36 4033 346 4034 656 4035 117 4036 36 4037 48 4038 601 4039 657 4040 657 4041 113 4042 48 4043 658 4044 96 4045 310 4046 658 4047 131 4048 96 4049 659 4050 583 4051 470 4052 470 4053 507 4054 659 4055 660 4056 49 4057 147 4058 278 4059 660 4060 147 4061 557 4062 661 4063 426 4064 557 4065 518 4066 661 4067 373 4068 662 4069 653 4070 373 4071 524 4072 662 4073 663 4074 407 4075 481 4076 663 4077 525 4078 407 4079 259 4080 524 4081 664 4082 20 4083 259 4084 664 4085 665 4086 525 4087 221 4088 600 4089 665 4090 221 4091 605 4092 527 4093 666 4094 527 4095 524 4096 666 4097 257 4098 518 4099 667 4100 115 4101 257 4102 667 4103 668 4104 525 4105 258 4106 668 4107 258 4108 616 4109 260 4110 524 4111 669 4112 260 4113 669 4114 645 4115 670 4116 518 4117 256 4118 650 4119 670 4120 256 4121 215 4122 50 4123 671 4124 176 4125 215 4126 671 4127 226 4128 672 4129 202 4130 672 4131 226 4132 702 4133 88 4134 673 4135 128 4136 88 4137 282 4138 673 4139 257 4140 115 4141 674 4142 115 4143 683 4144 674 4145 271 4146 575 4147 675 4148 675 4149 164 4150 271 4151 676 4152 160 4153 704 4154 466 4155 160 4156 676 4157 13 4158 703 4159 677 4160 677 4161 703 4162 698 4163 562 4164 678 4165 280 4166 678 4167 526 4168 280 4169 679 4170 551 4171 629 4172 679 4173 526 4174 551 4175 310 4176 583 4177 680 4178 680 4179 567 4180 310 4181 133 4182 681 4183 82 4184 684 4185 681 4186 133 4187 144 4188 511 4189 682 4190 620 4191 682 4192 511 4193 674 4194 683 4195 5 4196 5 4197 683 4198 685 4199 17 4200 338 4201 684 4202 684 4203 338 4204 681 4205 226 4206 202 4207 685 4208 683 4209 226 4210 685 4211 539 4212 651 4213 686 4214 686 4215 82 4216 539 4217 687 4218 215 4219 76 4220 318 4221 215 4222 687 4223 688 4224 110 4225 654 4226 110 4227 688 4228 61 4229 154 4230 312 4231 689 4232 689 4233 695 4234 154 4235 619 4236 690 4237 232 4238 690 4239 15 4240 232 4241 618 4242 329 4243 691 4244 329 4245 445 4246 691 4247 692 4248 284 4249 237 4250 692 4251 237 4252 28 4253 693 4254 173 4255 599 4256 291 4257 693 4258 599 4259 620 4260 511 4261 694 4262 144 4263 694 4264 511 4265 596 4266 695 4267 689 4268 144 4269 695 4270 596 4271 620 4272 696 4273 201 4274 696 4275 620 4276 694 4277 133 4278 697 4279 17 4280 697 4281 133 4282 686 4283 677 4284 698 4285 632 4286 632 4287 698 4288 110 4289 595 4290 699 4291 338 4292 699 4293 595 4294 82 4295 594 4296 5 4297 700 4298 700 4299 202 4300 594 4301 539 4302 701 4303 651 4304 82 4305 701 4306 539 4307 183 4308 500 4309 702 4310 500 4311 672 4312 702 4313 698 4314 703 4315 110 4316 110 4317 703 4318 13 4319 688 4320 654 4321 704 4322 13 4323 704 4324 654 4325 705 4326 651 4327 183 4328 651 4329 705 4330 686 4331 632 4332 61 4333 706 4334 706 4335 677 4336 632 4337 707 4338 500 4339 183 4340 707 4341 672 4342 500 4343 21 4344 479 4345 708 4346 21 4347 708 4348 740 4349 44 4350 478 4351 709 4352 44 4353 709 4354 468 4355 549 4356 274 4357 710 4358 549 4359 710 4360 742 4361 188 4362 571 4363 711 4364 188 4365 711 4366 743 4367 150 4368 488 4369 712 4370 150 4371 712 4372 738 4373 482 4374 468 4375 713 4376 482 4377 713 4378 726 4379 522 4380 714 4381 733 4382 522 4383 570 4384 714 4385 523 4386 25 4387 715 4388 523 4389 715 4390 744 4391 251 4392 501 4393 716 4394 251 4395 716 4396 728 4397 3 4398 723 4399 717 4400 3 4401 717 4402 747 4403 86 4404 718 4405 281 4406 86 4407 467 4408 718 4409 626 4410 751 4411 399 4412 559 4413 399 4414 719 4415 536 4416 727 4417 720 4418 536 4419 720 4420 274 4421 506 4422 721 4423 46 4424 506 4425 734 4426 721 4427 68 4428 722 4429 739 4430 68 4431 535 4432 722 4433 462 4434 723 4435 3 4436 462 4437 742 4438 723 4439 478 4440 245 4441 724 4442 478 4443 724 4444 709 4445 245 4446 731 4447 725 4448 245 4449 725 4450 724 4451 129 4452 726 4453 730 4454 129 4455 482 4456 726 4457 46 4458 721 4459 727 4460 46 4461 727 4462 536 4463 535 4464 251 4465 728 4466 535 4467 728 4468 722 4469 570 4470 281 4471 729 4472 570 4473 729 4474 714 4475 569 4476 129 4477 730 4478 569 4479 730 4480 732 4481 502 4482 277 4483 731 4484 502 4485 731 4486 245 4487 293 4488 569 4489 732 4490 293 4491 732 4492 25 4493 27 4494 522 4495 733 4496 27 4497 733 4498 746 4499 157 4500 483 4501 734 4502 157 4503 734 4504 506 4505 274 4506 735 4507 710 4508 274 4509 720 4510 735 4511 571 4512 739 4513 736 4514 571 4515 736 4516 711 4517 483 4518 469 4519 737 4520 483 4521 737 4522 734 4523 467 4524 150 4525 738 4526 467 4527 738 4528 718 4529 296 4530 68 4531 739 4532 296 4533 739 4534 571 4535 469 4536 21 4537 740 4538 469 4539 740 4540 737 4541 281 4542 718 4543 741 4544 281 4545 741 4546 729 4547 137 4548 742 4549 462 4550 137 4551 549 4552 742 4553 479 4554 188 4555 743 4556 479 4557 743 4558 708 4559 488 4560 523 4561 744 4562 488 4563 744 4564 712 4565 25 4566 745 4567 715 4568 25 4569 732 4570 745 4571 277 4572 27 4573 746 4574 277 4575 746 4576 731 4577 501 4578 747 4579 716 4580 501 4581 3 4582 747 4583 468 4584 709 4585 748 4586 468 4587 748 4588 713 4589 584 4590 749 4591 32 4592 584 4593 82 4594 749 4595 626 4596 8 4597 750 4598 719 4599 751 4600 626 4601 399 4602 752 4603 145 4604 399 4605 319 4606 752 4607 17 4608 753 4609 338 4610 426 4611 5 4612 754 4613 755 4614 651 4615 539 4616 755 4617 539 4618 651 4619</p>
        </triangles>
      </mesh>
    </geometry>
    <geometry id="FBXASC227FBXASC130FBXASC189FBXASC227FBXASC131FBXASC170FBXASC227FBXASC131FBXASC131FBXASC227FBXASC131FBXASC1372-lib" name="FBXASC227FBXASC130FBXASC189FBXASC227FBXASC131FBXASC170FBXASC227FBXASC131FBXASC131FBXASC227FBXASC131FBXASC1372Mesh">
      <mesh>
        <source id="FBXASC227FBXASC130FBXASC189FBXASC227FBXASC131FBXASC170FBXASC227FBXASC131FBXASC131FBXASC227FBXASC131FBXASC1372-POSITION">
          <float_array id="FBXASC227FBXASC130FBXASC189FBXASC227FBXASC131FBXASC170FBXASC227FBXASC131FBXASC131FBXASC227FBXASC131FBXASC1372-POSITION-array" count="717">0.001960257 -0.000875984 0.000699336 0.002850518 -0.001141131 0.000498278 0.00280229 0.001075433 0.000708203 0.001960257 0.000767717 0.000511811 0.002916485 0.001031661 0.00036166 0.002858663 -0.000952068 0.000297743 0.002855037 -0.000967345 0.001338583 0.002855037 0.000967345 0.001338583 0.002671338 0.001176812 -0.000448466 0.00195632 -0.001200787 -0.000472441 0.002627615 -0.001271963 -0.000543616 0.002864056 -0.000918397 0.000718064 0.00195632 0.001279528 -0.000551181 0.002627615 0.001271963 -0.000543616 0.00265889 0.001181661 0.000422834 0.001960257 -0.001187729 0.000437752 0.002671338 -0.001176812 -0.000448466 0.001960257 0.00109252 0.000699336 0.002550808 0.001279528 0.001338583 0.00195632 -0.001200787 0.001338583 0.002550808 -0.001200787 0.000511811 0.002889592 0.001086373 0.000631667 0.002117737 0.001095607 0.000623166 0.002944509 -0.000885827 0.000388878 0.002117737 -0.001129745 0.000451546 0.002117737 0.000923987 0.000366318 0.002117737 -0.000984252 0.000669291 0.002638415 -0.001269657 0.001338583 0.002865769 0.000791291 0.000610065 0.001960257 0.001187729 0.000437752 0.001960257 -0.000875984 0.000324286 0.002858663 0.000952068 0.000297743 0.00195632 0.001200787 0.001338583 0.002865769 -0.000767717 0.000511811 0.002889592 -0.001086373 0.000631667 0.002941687 0.000932823 0.000660646 0.002858616 0.001131295 0.001338583 0.001960257 0.000875984 0.000324286 0.002936944 0.000962634 -0.000234288 0.002117737 0.000872897 0.000623166 0.002858616 -0.001131295 0.001338583 0.001960257 -0.00109252 0.000699336 0.002944509 -0.00084897 0.000592426 0.002117737 -0.000923987 0.000366318 0.002117737 -0.000826772 0.000511811 0.002859717 0.000947273 -0.000218926 0.002841794 -0.001006357 -0.000278011 0.002929067 -0.000994973 0.000354709 0.00280229 -0.001075433 0.000708203 0.002944509 0.00084897 0.000431196 0.002864056 0.000918397 0.000718064 0.002117737 0.001129745 0.000451546 0.001960257 -0.00109252 0.000324286 0.002936944 -0.000962634 -0.000234288 0.001960257 0.000875984 0.000699336 0.002711384 -0.001156728 0.000380964 0.002865769 0.000791291 0.000413557 0.001960257 -0.000780775 0.000585871 0.002117737 0.000838759 0.000451546 0.001960257 0.001187729 0.000585871 0.002708288 0.001158591 0.001338583 0.002932007 -0.000984252 0.000669291 0.002944509 0.00084897 0.000592426 0.002865769 0.000885827 0.001338583 0.002708288 -0.001158591 0.001338583 0.002850518 0.001141131 0.000498278 0.00265889 0.001181661 0.000600788 0.002829196 -0.001164215 -0.000435869 0.002934638 -0.000973433 0.001338583 0.002550808 0.001200787 0.000511811 0.00265889 -0.001181661 0.000600788 0.002865769 -0.00079959 0.000624893 0.002550808 -0.001200787 0.001338583 0.001960257 -0.000946651 0.000725057 0.002632326 0.001190055 0.001338583 0.001960257 0.00109252 0.000324286 0.001960257 0.000780775 0.000585871 0.001960257 -0.001187729 0.000585871 0.002934638 0.000973433 0.001338583 0.00280229 0.001075433 0.000315419 0.002550808 -0.001200787 -0.000472441 0.002117737 -0.000872897 0.000623166 0.002550808 0.001200787 -0.000472441 0.001960257 -0.000780775 0.000437752 0.002117737 0.001044517 0.000366318 0.001960257 0.000946651 0.000298565 0.00280229 -0.001075433 0.000315419 0.002701471 0.001249559 -0.000521212 0.002117737 0.000984252 0.000669291 0.002117737 -0.001044517 0.000366318 0.002117737 -0.001141732 0.000511811 0.002117737 -0.001095607 0.000623166 0.002721628 0.001240539 0.001338583 0.002944509 -0.000829292 0.000483752 0.002865769 -0.000775837 0.000453067 0.002865769 -0.000885827 0.001338583 0.002796277 -0.001193634 0.001338583 0.00195632 -0.001279528 -0.000551181 0.002865769 0.00083107 0.000358765 0.002884978 0.001093984 0.00039886 0.00195632 0.001200787 -0.000472441 0.002550808 -0.001279528 0.001338583 0.002701471 -0.001249559 -0.000521212 0.002865769 -0.000837193 0.000352873 0.002884978 -0.001093984 0.00039886 0.001960257 0.001021853 0.000725057 0.00290552 -0.001056647 0.001338583 0.00292049 0.001021153 0.000664868 0.00290552 0.001056647 0.001338583 0.002944509 -0.000885827 0.001338583 0.002711384 0.001156728 0.000380964 0.002117737 0.001129745 0.000572076 0.002837263 -0.001016653 0.000725863 0.002865769 0.000770379 0.000545666 0.002944509 0.000885827 0.000388878 0.002550808 0.001200787 0.001338583 0.002837263 0.001016653 0.000725863 0.002944509 0.000885827 0.001338583 0.002773519 -0.001108538 0.001338583 0.002823572 0.001043307 0.001338583 0.002773519 0.001108538 0.001338583 0.002823572 -0.001043307 0.001338583 0.002632326 -0.001190055 0.001338583 0.002638415 0.001269657 0.001338583 0.001960257 -0.001021853 0.000298565 0.002117737 0.001141732 0.000511811 0.002860297 -0.001129171 0.000573442 0.002860297 0.001129171 0.000573442 0.002721628 -0.001240539 0.001338583 0.00195632 0.001279528 0.001338583 0.001960257 -0.001021853 0.000725057 0.002550808 0.001279528 -0.000551181 0.002865769 0.000770379 0.000477956 0.002944509 -0.000829292 0.00053987 0.002944509 0.000829292 0.00053987 0.001960257 0.001150128 0.000372625 0.002604262 -0.00119617 0.000556063 0.001960257 -0.000946651 0.000298565 0.001960257 0.001200787 0.000511811 0.002941687 -0.000932823 0.000660646 0.002612254 0.001194736 -0.000466389 0.002612254 -0.001194736 -0.000466389 0.001960257 0.001150128 0.000650997 0.00265889 -0.001181661 0.000422834 0.002117737 -0.000838759 0.000572076 0.001960257 0.001021853 0.000298565 0.001960257 -0.000818376 0.000372625 0.001960257 0.000780775 0.000437752 0.001960257 -0.001150128 0.000372625 0.002857126 -0.001133157 0.000460589 0.002796277 0.001193634 0.001338583 0.001960257 -0.001150128 0.000650997 0.001960257 -0.000818376 0.000650997 0.00195632 -0.001279528 0.001338583 0.002117737 -0.001095607 0.000400456 0.002758838 0.001122304 0.000678628 0.001960257 0.000818376 0.000650997 0.001960257 0.000818376 0.000372625 0.001960257 -0.000767717 0.000511811 0.002550808 -0.001279528 -0.000551181 0.002758838 -0.001122304 0.000678628 0.002117737 0.000826772 0.000511811 0.002117737 -0.000838759 0.000451546 0.002929067 0.000994973 0.000354709 0.002865769 0.00083107 0.000664857 0.002865769 -0.000775837 0.000570555 0.002117737 0.000838759 0.000572076 0.002829196 0.001164215 -0.000435869 0.002117737 0.000872897 0.000400456 0.002117737 -0.000872897 0.000400456 0.001960257 -0.001200787 0.000511811 0.002117737 -0.000923987 0.000657304 0.002865769 -0.00079959 0.000398729 0.002117737 0.000923987 0.000657304 0.002944509 0.000829292 0.000483752 0.002944509 -0.00084897 0.000431196 0.002117737 -0.001129745 0.000572076 0.002117737 0.000984252 0.000354331 0.002117737 -0.000984252 0.000354331 0.002604262 0.00119617 0.000467559 0.002711384 0.001156728 0.000642658 0.002711384 -0.001156728 0.000642658 0.002117737 -0.001044517 0.000657304 0.002117737 0.001044517 0.000657304 0.002865769 -0.000837193 0.000670749 0.002837263 0.001016653 0.000297759 0.002837263 -0.001016653 0.000297759 0.002878158 0.001104555 -0.000376209 0.002604262 -0.00119617 0.000467559 0.002604262 0.00119617 0.000556063 0.002858663 0.000952068 0.000725879 0.001960257 0.000946651 0.000725057 0.002858663 -0.000952068 0.000725879 0.002773519 -0.001108538 -0.000380191 0.002944509 -0.000885827 0.000634744 0.002865769 0.000885827 0.000318938 0.002812688 0.001060809 -0.000332463 0.002944509 0.000885827 0.000634744 0.002851693 0.001139755 0.000536452 0.00292049 -0.001021153 0.000664868 0.002916485 -0.001031661 0.00036166 0.002932007 0.000984252 0.000669291 0.002117737 0.001095607 0.000400456 0.002905761 0.001056134 0.000651918 0.002725791 0.001147707 -0.000419361 0.002905761 -0.001056134 0.000651918 0.002865769 -0.000885827 0.000318938 0.002859717 -0.000947273 -0.000218926 0.002851693 -0.001139755 0.000536452 0.002758838 0.001122304 0.000344994 0.002758838 -0.001122304 0.000344994 0.002865769 0.000885827 0.000704684 0.002865769 -0.000885827 0.000704684 0.002874062 -0.001110541 0.000605844 0.002874062 0.001110541 0.000605844 0.002943052 0.000919653 0.000368195 0.002943052 -0.000919653 0.000368195 0.002857126 0.001133157 0.000460589 0.002901105 0.001065499 0.000376937 0.002869743 -0.001116627 0.000426568 0.002937907 0.000957467 0.00035667 0.002937907 -0.000957467 0.00035667 0.002901105 -0.001065499 0.000376937 0.002869743 0.001116627 0.000426568 0.002864056 0.000918397 0.000305558 0.002864056 -0.000918397 0.000305558 0.00291454 -0.001036489 -0.000308143 0.002878158 -0.001104555 -0.000376209 0.00291454 0.001036489 -0.000308143 0.002769536 0.001213177 -0.000484831 0.002769536 -0.001213177 -0.000484831 0.002841794 0.001006357 -0.000278011 0.002773519 0.001108538 -0.000380191 0.002725791 -0.001147707 -0.000419361 0.002812688 -0.001060809 -0.000332463 0.002944509 -0.000885827 -0.00015748 0.002865769 0.000885827 -0.00015748 0.002944509 0.000885827 -0.00015748 0.002865769 -0.000885827 -0.00015748</float_array>
          <technique_common>
            <accessor source="#FBXASC227FBXASC130FBXASC189FBXASC227FBXASC131FBXASC170FBXASC227FBXASC131FBXASC131FBXASC227FBXASC131FBXASC1372-POSITION-array" count="239" stride="3">
              <param name="X" type="float"/>
              <param name="Y" type="float"/>
              <param name="Z" type="float"/>
            </accessor>
          </technique_common>
        </source>
        <source id="FBXASC227FBXASC130FBXASC189FBXASC227FBXASC131FBXASC170FBXASC227FBXASC131FBXASC131FBXASC227FBXASC131FBXASC1372-Normal0">
          <float_array id="FBXASC227FBXASC130FBXASC189FBXASC227FBXASC131FBXASC170FBXASC227FBXASC131FBXASC131FBXASC227FBXASC131FBXASC1372-Normal0-array" count="4302">
0.000000 -0.000000 2.540000
0.000000 -0.000000 2.540000
0.000000 -0.000000 2.540000
-0.000000 0.000000 -2.540000
-0.000000 0.000000 -2.540000
-0.000000 0.000000 -2.540000
0.000000 -0.000000 2.540000
0.000000 -0.000000 2.540000
0.000000 -0.000000 2.540000
-0.000000 0.000000 -2.540000
-0.000000 0.000000 -2.540000
-0.000000 0.000000 -2.540000
2.540000 0.000000 -0.000000
2.540000 0.000000 -0.000000
2.540000 0.000000 -0.000000
-0.000000 2.540000 -0.000000
-0.000000 2.540000 -0.000000
-0.000000 2.540000 -0.000000
-2.540000 -0.000000 0.000000
-2.540000 -0.000000 0.000000
-2.540000 -0.000000 0.000000
-0.000000 2.540000 0.000000
-0.000000 2.540000 0.000000
-0.000000 2.540000 0.000000
2.540000 0.000000 -0.000000
2.540000 0.000000 -0.000000
2.540000 0.000000 -0.000000
-0.000000 -2.540000 -0.000000
0.000000 -2.540000 -0.000000
0.495529 -2.491195 -0.000000
-2.540000 -0.000000 0.000000
-2.540000 -0.000000 0.000000
-2.540000 -0.000000 0.000000
-0.000000 -2.540000 0.000000
-0.000000 -2.540000 0.000000
0.000000 -2.540000 0.000000
-2.540000 -0.000000 0.000000
-2.540000 -0.000000 0.000000
-2.540000 0.000000 0.000000
0.000000 -2.540000 0.000000
-0.000000 -2.540000 0.000000
-0.000000 -2.540000 0.000000
-0.000000 2.540000 0.000000
-0.000000 2.540000 0.000000
-0.000000 2.540000 0.000000
0.000000 -2.540000 -0.000000
0.000000 -2.540000 -0.000000
-0.000000 -2.540000 -0.000000
2.111933 0.000000 -1.411148
2.111933 0.000000 -1.411148
2.346654 0.000000 -0.972016
1.583664 -1.985852 -0.000000
1.796051 -1.796051 -0.000000
1.933573 -1.647087 -0.000000
-2.540000 -0.000000 0.000000
-2.540000 -0.000000 0.000000
-2.540000 -0.000000 0.000000
-0.000000 2.540000 0.000000
-0.000000 2.540000 0.000000
-0.000000 2.540000 0.000000
-0.000000 -1.069614 -2.303807
-0.000000 -1.619397 -1.956822
-0.000000 -1.270000 -2.199704
0.000000 2.386819 0.868731
0.000000 2.166119 1.326472
0.000000 2.444744 0.689078
0.000000 -2.540000 0.000000
-0.000000 -2.540000 0.000000
0.000000 -2.540000 0.000000
0.000000 -2.540000 0.000000
0.000000 -2.540000 0.000000
0.000000 -2.540000 0.000000
1.933573 1.647087 -0.000000
1.796051 1.796051 -0.000000
1.985852 1.583664 -0.000000
2.111933 0.000000 -1.411148
1.796051 0.000000 -1.796051
2.111933 0.000000 -1.411148
0.000000 2.315654 1.043719
0.000000 2.486370 0.519196
0.000000 2.386819 0.868731
-0.000000 -1.945753 -1.632681
-0.000000 -1.796850 -1.795252
-0.000000 -2.263464 -1.152532
-0.871630 -2.385762 0.000000
-0.657400 -2.453452 0.000000
-0.431142 -2.503141 0.000000
-2.540000 -0.000000 0.000000
-2.540000 -0.000000 0.000000
-2.540000 0.000000 0.000000
-0.000000 -0.380145 -2.511392
-0.000000 -0.441066 -2.501412
-0.000000 0.441066 -2.501412
0.000000 -1.069614 2.303807
0.000000 -0.441066 2.501412
0.000000 -1.270000 2.199704
-2.028142 1.529130 0.000000
-1.796051 1.796051 0.000000
-1.677677 1.907092 0.000000
-2.111933 -0.000000 1.411148
-1.796051 -0.000000 1.796051
-2.111933 -0.000000 1.411148
-0.000000 1.069614 -2.303807
-0.000000 0.441066 -2.501412
-0.000000 1.270000 -2.199704
0.000000 -1.945753 1.632681
0.000000 -1.796850 1.795252
0.000000 -1.270000 2.199704
1.102065 2.288461 -0.000000
0.972016 2.346654 -0.000000
0.565203 2.476317 -0.000000
-0.871630 -2.385762 0.000000
-1.270000 -2.199704 0.000000
-0.657400 -2.453452 0.000000
-0.000000 2.540000 0.000000
-0.000000 2.540000 0.000000
-0.000000 2.540000 0.000000
-0.000000 2.540000 0.000000
-0.000000 2.540000 0.000000
-0.000000 2.540000 0.000000
0.000000 -1.619397 1.956822
0.000000 -1.270000 2.199704
0.000000 -2.023574 1.535170
-1.295148 2.184993 0.000000
-1.270000 2.199704 0.000000
-1.677677 1.907092 0.000000
2.540000 0.000000 -0.000000
2.540000 0.000000 -0.000000
2.540000 0.000000 -0.000000
0.000000 2.540000 0.000000
-0.000000 2.499356 -0.452568
0.000000 2.499356 0.452568
1.976224 1.595663 -0.000000
2.111933 1.411148 -0.000000
1.796051 1.796051 -0.000000
0.000000 -2.346654 0.972016
0.000000 -2.135525 1.375184
0.000000 -2.401865 0.826223
-0.000000 -1.587500 -1.982787
-0.000000 -0.829546 -2.400719
-0.000000 -1.796051 -1.796051
2.260051 -1.159210 -0.000000
2.111933 -1.411148 -0.000000
2.346654 -0.972016 -0.000000
0.000000 -1.041951 2.316449
0.000000 -0.972016 2.346654
0.000000 -0.432134 2.502970
2.540000 0.000000 -0.000000
2.540000 0.000000 -0.000000
2.521838 -0.303208 -0.000000
0.000000 -1.769909 1.821818
0.000000 -1.796051 1.796051
0.000000 -0.972016 2.346654
0.000000 2.540000 0.000000
-0.000000 2.346654 -0.972016
-0.000000 2.499356 -0.452568
-0.000000 2.346654 -0.972016
-0.000000 1.796051 -1.796051
-0.000000 2.337409 -0.994042
0.000000 -2.181969 1.300234
0.000000 -2.346654 0.972016
0.000000 -1.796051 1.796051
1.102065 -2.288461 -0.000000
1.411148 -2.111933 -0.000000
1.583664 -1.985852 -0.000000
-0.871630 2.385762 0.000000
-0.657400 2.453452 0.000000
-1.270000 2.199704 0.000000
-2.540000 -0.000000 0.000000
-2.540000 -0.000000 0.000000
-2.540000 -0.000000 0.000000
0.000000 -1.270000 2.199704
0.000000 -1.796850 1.795252
0.000000 -1.154545 2.262438
0.000000 2.315654 1.043719
0.000000 2.386819 0.868731
0.000000 1.945753 1.632681
-2.540000 -0.000000 0.000000
-2.540000 -0.000000 0.000000
-2.540000 -0.000000 0.000000
-2.540000 -0.000000 0.000000
-2.540000 -0.000000 0.000000
-2.540000 -0.000000 0.000000
-0.000000 2.386819 -0.868731
-0.000000 2.540000 0.000000
-0.000000 2.444744 -0.689078
-0.000000 1.069614 -2.303807
-0.000000 1.270000 -2.199704
-0.000000 1.619397 -1.956822
-1.677677 -1.907092 0.000000
-1.796051 -1.796051 0.000000
-2.028142 -1.529130 0.000000
0.000000 -2.540000 0.000000
-0.000000 -2.540000 0.000000
0.000000 -2.540000 0.000000
-0.000000 2.540000 -0.000000
-0.000000 2.540000 -0.000000
-0.000000 2.540000 -0.000000
-0.000000 1.725025 -1.864373
-0.000000 1.945753 -1.632681
-0.000000 2.166119 -1.326472
-2.540000 -0.000000 0.000000
-2.540000 0.000000 0.000000
-2.540000 -0.000000 0.000000
1.985852 -1.583664 -0.000000
1.941122 -1.638183 -0.000000
1.996702 -1.569962 -0.000000
-0.000000 2.337409 -0.994042
-0.000000 2.508699 -0.397529
-0.000000 2.346654 -0.972016
-0.000000 -0.595319 -2.469250
-0.000000 0.000000 -2.540000
-0.000000 -1.159450 -2.259928
2.290046 1.098766 -0.000000
2.288461 1.102065 -0.000000
2.385213 0.873133 -0.000000
-2.028142 -1.529130 0.000000
-2.199704 -1.270000 0.000000
-1.796051 -1.796051 0.000000
2.185747 1.293874 -0.000000
1.985852 1.583664 -0.000000
2.288461 1.102065 -0.000000
-0.000000 -2.386819 -0.868731
-0.000000 -1.945753 -1.632681
-0.000000 -2.263464 -1.152532
-2.540000 -0.000000 0.000000
-2.540000 -0.000000 0.000000
-2.540000 -0.000000 0.000000
2.540000 -0.000000 -0.000000
2.540000 0.000000 -0.000000
2.540000 0.000000 -0.000000
2.057722 1.489087 -0.000000
2.111933 1.411148 -0.000000
1.976224 1.595663 -0.000000
2.540000 0.000000 -0.000000
2.540000 0.000000 -0.000000
2.540000 0.000000 -0.000000
-0.000000 -1.159450 -2.259928
-0.000000 0.000000 -2.540000
-0.000000 -0.972016 -2.346654
2.288461 -1.102065 -0.000000
2.385213 -0.873133 -0.000000
2.476317 -0.565203 -0.000000
-2.028142 1.529130 0.000000
-1.796051 1.796051 0.000000
-2.199704 1.270000 0.000000
-2.540000 -0.000000 0.000000
-2.540000 -0.000000 0.000000
-2.540000 -0.000000 0.000000
0.000000 -2.315654 1.043719
0.000000 -1.945753 1.632681
0.000000 -2.386819 0.868731
0.000000 -2.540000 0.000000
0.000000 -2.499356 0.452568
-0.000000 -2.499356 -0.452568
2.540000 0.000000 -0.000000
2.540000 0.000000 -0.000000
2.540000 0.000000 -0.000000
0.000000 1.769909 1.821818
0.000000 0.972016 2.346654
0.000000 1.796051 1.796051
2.540000 0.000000 -0.000000
2.540000 0.000000 -0.000000
2.540000 0.000000 -0.000000
-0.000000 -0.829546 -2.400719
-0.000000 -0.972016 -2.346654
-0.000000 -1.796051 -1.796051
2.540000 0.000000 -0.000000
2.540000 0.000000 -0.000000
2.540000 0.000000 -0.000000
-1.796051 -0.000000 1.796051
-1.796051 -0.000000 1.796051
-2.111933 -0.000000 1.411148
-2.028142 -1.529130 0.000000
-1.796051 -1.796051 0.000000
-2.111933 -1.411148 0.000000
-2.028142 1.529130 0.000000
-2.111933 1.411148 0.000000
-1.796051 1.796051 0.000000
-2.540000 -0.000000 0.000000
-2.540000 -0.000000 0.000000
-2.540000 -0.000000 0.000000
2.057722 -1.489087 -0.000000
2.111933 -1.411148 -0.000000
2.155939 -1.342954 -0.000000
0.000000 1.769909 1.821818
0.000000 1.796051 1.796051
0.000000 2.135525 1.375184
-2.310446 1.055196 0.000000
-2.453452 0.657400 0.000000
-2.483167 0.534303 0.000000
0.000000 0.377633 2.511771
0.000000 0.441066 2.501412
0.000000 -0.380145 2.511392
0.000000 1.041951 2.316449
0.000000 0.432134 2.502970
0.000000 0.972016 2.346654
2.530607 0.218233 -0.000000
2.491195 0.495529 -0.000000
2.497588 0.462228 -0.000000
0.000000 0.441066 2.501412
0.000000 -0.377633 2.511771
0.000000 0.380145 2.511392
-2.483167 -0.534303 0.000000
-2.453452 -0.657400 0.000000
-2.310446 -1.055196 0.000000
-0.000000 -2.346654 -0.972016
0.000000 -2.540000 0.000000
-0.000000 -2.508699 -0.397529
2.540000 0.000000 -0.000000
2.540000 0.000000 -0.000000
2.540000 0.000000 -0.000000
-2.540000 -0.000000 0.000000
-2.540000 -0.000000 0.000000
-2.540000 -0.000000 0.000000
-0.000000 -2.023574 -1.535170
-0.000000 -1.945753 -1.632681
-0.000000 -1.270000 -2.199704
2.540000 0.000000 -0.000000
2.540000 0.000000 -0.000000
2.540000 -0.000000 -0.000000
2.497588 -0.462228 -0.000000
2.491195 -0.495529 -0.000000
2.530607 -0.218233 -0.000000
-2.540000 -0.000000 0.000000
-2.540000 -0.000000 0.000000
-2.540000 -0.000000 0.000000
0.000000 -0.441066 2.501412
0.000000 -0.377633 2.511771
0.000000 0.441066 2.501412
-0.871630 2.385762 0.000000
-0.495529 2.491195 0.000000
-0.431142 2.503141 0.000000
-0.000000 -2.315654 -1.043719
-0.000000 -2.486370 -0.519196
-0.000000 -2.386819 -0.868731
0.000000 -2.508764 0.397120
0.000000 -2.540000 -0.000000
-0.000000 -2.508764 -0.397120
-2.540000 -0.000000 0.000000
-2.540000 -0.000000 0.000000
-2.540000 -0.000000 0.000000
0.000000 1.945753 1.632681
0.000000 2.166119 1.326472
0.000000 2.386819 0.868731
-2.540000 -0.000000 0.000000
-2.540000 -0.000000 0.000000
-2.540000 -0.000000 0.000000
0.000000 2.346654 0.972016
0.000000 2.181969 1.300234
0.000000 1.796051 1.796051
2.540000 0.000000 -0.000000
2.540000 0.000000 -0.000000
2.540000 0.000000 -0.000000
-2.540000 -0.000000 0.000000
-2.540000 -0.000000 0.000000
-2.540000 -0.000000 0.000000
-0.000000 2.540000 0.000000
-0.000000 2.386819 -0.868731
-0.000000 2.540000 0.000000
1.985852 1.583664 -0.000000
1.796051 1.796051 -0.000000
1.583664 1.985852 -0.000000
0.000000 0.000000 2.540000
0.000000 0.000000 2.540000
0.000000 0.000000 2.540000
2.288461 -1.102065 -0.000000
2.290046 -1.098766 -0.000000
2.385213 -0.873133 -0.000000
-0.000000 0.595319 -2.469250
-0.000000 1.159450 -2.259928
-0.000000 0.000000 -2.540000
2.521838 0.303208 -0.000000
2.540000 0.000000 -0.000000
2.540000 0.000000 -0.000000
-0.000000 1.587500 -1.982787
-0.000000 1.796051 -1.796051
-0.000000 0.829546 -2.400719
2.521838 0.303208 -0.000000
2.476317 0.565203 -0.000000
2.540000 0.000000 -0.000000
-2.526381 -0.262681 0.000000
-2.540000 -0.000000 0.000000
-2.453452 -0.657400 0.000000
0.000000 0.000000 2.540000
0.000000 0.000000 2.540000
0.000000 0.000000 2.540000
1.583664 -1.985852 -0.000000
1.933573 -1.647087 -0.000000
1.985852 -1.583664 -0.000000
-0.000000 -2.337409 -0.994042
-0.000000 -2.346654 -0.972016
-0.000000 -2.508699 -0.397529
1.941122 1.638183 -0.000000
1.985852 1.583664 -0.000000
1.996702 1.569962 -0.000000
-1.677677 -1.907092 0.000000
-1.270000 -2.199704 0.000000
-1.295148 -2.184993 0.000000
0.000000 1.619397 1.956822
0.000000 2.023574 1.535170
0.000000 1.270000 2.199704
1.583664 -1.985852 -0.000000
1.411148 -2.111933 -0.000000
1.796051 -1.796051 -0.000000
1.411148 0.000000 -2.111933
1.411148 0.000000 -2.111933
1.796051 0.000000 -1.796051
0.000000 0.000000 2.540000
0.000000 0.000000 2.540000
0.000000 0.000000 2.540000
0.000000 0.000000 2.540000
0.000000 0.000000 2.540000
0.000000 0.000000 2.540000
-0.000000 -2.540000 0.000000
-0.000000 -2.540000 0.000000
-0.431142 -2.503141 0.000000
-0.000000 2.486370 -0.519196
-0.000000 2.386819 -0.868731
-0.000000 2.540000 0.000000
-0.431142 2.503141 0.000000
-0.657400 2.453452 0.000000
-0.871630 2.385762 0.000000
0.000000 -2.315654 1.043719
0.000000 -2.386819 0.868731
0.000000 -2.486370 0.519196
-2.540000 -0.000000 0.000000
-2.540000 -0.000000 0.000000
-2.540000 0.000000 0.000000
0.000000 1.270000 2.199704
0.000000 1.154545 2.262438
0.000000 1.725025 1.864373
0.000000 0.000000 2.540000
0.000000 0.000000 2.540000
0.000000 0.000000 2.540000
0.000000 0.000000 2.540000
0.000000 0.000000 2.540000
0.000000 0.000000 2.540000
0.000000 0.377633 2.511771
0.000000 1.270000 2.199704
0.000000 0.441066 2.501412
-2.540000 -0.000000 0.000000
-2.540000 -0.000000 0.000000
-2.540000 -0.000000 0.000000
0.495529 2.491195 -0.000000
-0.000000 2.540000 -0.000000
0.565203 2.476317 -0.000000
-0.431142 -2.503141 0.000000
-0.657400 -2.453452 0.000000
-0.000000 -2.540000 0.000000
-2.540000 -0.000000 0.000000
-2.540000 -0.000000 0.000000
-2.540000 -0.000000 0.000000
-0.000000 2.315654 -1.043719
-0.000000 1.945753 -1.632681
-0.000000 2.386819 -0.868731
0.000000 -2.540000 -0.000000
0.000000 -2.508764 0.397120
0.000000 -2.386819 0.868731
-2.540000 -0.000000 0.000000
-2.540000 -0.000000 0.000000
-2.540000 -0.000000 0.000000
-2.540000 -0.000000 0.000000
-2.540000 -0.000000 0.000000
-2.540000 -0.000000 0.000000
0.000000 -2.540000 0.000000
-0.000000 -2.540000 -0.000000
-0.000000 -2.386819 -0.868731
0.000000 0.000000 2.540000
0.000000 0.000000 2.540000
0.000000 0.000000 2.540000
0.000000 0.000000 2.540000
0.000000 0.000000 2.540000
0.000000 0.000000 2.540000
-0.000000 -0.377633 -2.511771
-0.000000 -0.441066 -2.501412
-0.000000 0.380145 -2.511392
-2.310446 -1.055196 0.000000
-2.346654 -0.972016 0.000000
-2.483167 -0.534303 0.000000
-0.871630 2.385762 0.000000
-0.972016 2.346654 0.000000
-0.495529 2.491195 0.000000
-0.972016 -0.000000 2.346654
-0.495529 -0.000000 2.491195
-0.972016 -0.000000 2.346654
0.000000 -2.540000 0.000000
-0.000000 -2.499356 -0.452568
-0.000000 -2.346654 -0.972016
2.540000 0.000000 -0.000000
2.540000 0.000000 -0.000000
2.540000 0.000000 -0.000000
-0.495529 -0.000000 2.491195
-0.495529 -0.000000 2.491195
-0.972016 -0.000000 2.346654
-0.871630 -2.385762 0.000000
-0.495529 -2.491195 0.000000
-0.972016 -2.346654 0.000000
-0.000000 1.945753 -1.632681
-0.000000 1.725025 -1.864373
-0.000000 1.270000 -2.199704
-2.540000 -0.000000 0.000000
-2.540000 -0.000000 0.000000
-2.540000 -0.000000 0.000000
0.000000 -0.172927 2.534106
0.000000 -0.000000 2.540000
0.000000 0.972016 2.346654
2.540000 0.000000 -0.000000
2.540000 0.000000 -0.000000
2.540000 0.000000 -0.000000
-2.540000 -0.000000 0.000000
-2.540000 -0.000000 0.000000
-2.540000 -0.000000 0.000000
-0.000000 -0.377633 -2.511771
-0.000000 -1.270000 -2.199704
-0.000000 -0.441066 -2.501412
-0.000000 0.377633 -2.511771
-0.000000 -0.380145 -2.511392
-0.000000 0.441066 -2.501412
-2.483167 0.534303 0.000000
-2.346654 0.972016 0.000000
-2.310446 1.055196 0.000000
0.565203 2.476317 -0.000000
0.972016 2.346654 -0.000000
0.495529 2.491195 -0.000000
0.972016 0.000000 -2.346654
0.495529 0.000000 -2.491195
0.972016 0.000000 -2.346654
-0.000000 0.829546 -2.400719
-0.000000 1.796051 -1.796051
-0.000000 0.972016 -2.346654
2.540000 0.000000 -0.000000
2.540000 0.000000 -0.000000
2.540000 0.000000 -0.000000
0.000000 0.172927 2.534106
0.000000 -0.972016 2.346654
0.000000 -0.000000 2.540000
2.540000 0.000000 -0.000000
2.540000 0.000000 -0.000000
2.540000 0.000000 -0.000000
0.000000 2.530602 0.218294
0.000000 2.346654 0.972016
0.000000 2.540000 0.000000
2.540000 0.000000 -0.000000
2.540000 0.000000 -0.000000
2.540000 0.000000 -0.000000
-0.000000 1.159450 -2.259928
-0.000000 0.972016 -2.346654
-0.000000 0.000000 -2.540000
2.540000 0.000000 -0.000000
2.540000 0.000000 -0.000000
2.540000 0.000000 -0.000000
0.000000 0.000000 2.540000
0.000000 0.000000 2.540000
0.000000 0.000000 2.540000
0.000000 0.000000 2.540000
0.000000 0.000000 2.540000
0.000000 0.000000 2.540000
2.540000 -0.000000 -0.000000
2.540000 0.000000 -0.000000
2.540000 -0.000000 -0.000000
0.000000 -1.587500 1.982787
0.000000 -2.181969 1.300234
0.000000 -1.796051 1.796051
-2.540000 -0.000000 0.000000
-2.540000 -0.000000 0.000000
-2.540000 -0.000000 0.000000
-0.000000 2.540000 0.000000
0.000000 2.540000 0.000000
-0.000000 2.444744 -0.689078
-2.526381 0.262681 0.000000
-2.453452 0.657400 0.000000
-2.540000 -0.000000 0.000000
0.000000 0.000000 2.540000
0.000000 0.000000 2.540000
0.000000 0.000000 2.540000
0.000000 0.000000 2.540000
0.000000 0.000000 2.540000
0.000000 0.000000 2.540000
0.000000 0.000000 2.540000
0.000000 0.000000 2.540000
0.000000 0.000000 2.540000
-2.540000 -0.000000 0.000000
-2.540000 -0.000000 0.000000
-2.540000 -0.000000 0.000000
-2.540000 -0.000000 0.000000
-2.540000 -0.000000 0.000000
-2.540000 -0.000000 0.000000
-2.526381 -0.262681 0.000000
-2.540000 0.000000 0.000000
-2.540000 0.000000 0.000000
-0.000000 -1.154545 -2.262438
-0.000000 -1.270000 -2.199704
-0.000000 -0.772580 -2.419653
0.000000 -1.310639 2.175735
0.000000 -1.769909 1.821818
0.000000 -0.972016 2.346654
2.260051 1.159210 -0.000000
2.111933 1.411148 -0.000000
2.155939 1.342954 -0.000000
-2.540000 -0.000000 0.000000
-2.540000 -0.000000 0.000000
-2.540000 -0.000000 0.000000
-2.540000 -0.000000 0.000000
-2.540000 -0.000000 0.000000
-2.540000 -0.000000 0.000000
0.000000 0.000000 2.540000
0.000000 0.000000 2.540000
0.000000 0.000000 2.540000
0.565203 -2.476317 -0.000000
-0.000000 -2.540000 -0.000000
0.495529 -2.491195 -0.000000
0.565203 -2.476317 -0.000000
0.495529 -2.491195 -0.000000
0.972016 -2.346654 -0.000000
0.495529 0.000000 -2.491195
0.495529 0.000000 -2.491195
0.972016 0.000000 -2.346654
-2.540000 -0.000000 0.000000
-2.540000 -0.000000 0.000000
-2.526381 0.262681 0.000000
-0.000000 1.154545 -2.262438
-0.000000 0.772580 -2.419653
-0.000000 1.270000 -2.199704
0.000000 0.764774 2.422132
0.000000 0.972016 2.346654
0.000000 1.310639 2.175735
2.260051 -1.159210 -0.000000
2.346654 -0.972016 -0.000000
2.359300 -0.940906 -0.000000
-2.540000 -0.000000 0.000000
-2.540000 -0.000000 0.000000
-2.540000 -0.000000 0.000000
0.000000 1.069614 2.303807
0.000000 1.270000 2.199704
0.000000 0.441066 2.501412
0.000000 0.000000 2.540000
0.000000 0.000000 2.540000
0.000000 0.000000 2.540000
1.985852 -1.583664 -0.000000
2.185747 -1.293874 -0.000000
2.288461 -1.102065 -0.000000
2.459344 0.635000 -0.000000
2.476317 0.565203 -0.000000
2.521838 0.303208 -0.000000
-0.000000 0.829546 -2.400719
-0.000000 0.972016 -2.346654
-0.000000 0.000000 -2.540000
2.385213 0.873133 -0.000000
2.288461 1.102065 -0.000000
2.476317 0.565203 -0.000000
0.000000 0.000000 2.540000
0.000000 0.000000 2.540000
0.000000 0.000000 2.540000
0.000000 0.000000 2.540000
0.000000 0.000000 2.540000
0.000000 0.000000 2.540000
2.521838 -0.303208 -0.000000
2.540000 0.000000 -0.000000
2.476317 -0.565203 -0.000000
-0.871630 -2.385762 0.000000
-0.972016 -2.346654 0.000000
-1.295148 -2.184993 0.000000
-0.000000 2.023574 -1.535170
-0.000000 1.945753 -1.632681
-0.000000 2.315654 -1.043719
-0.000000 -2.337409 -0.994042
-0.000000 -1.796051 -1.796051
-0.000000 -2.346654 -0.972016
2.540000 0.000000 -0.000000
2.540000 0.000000 -0.000000
2.540000 0.000000 -0.000000
-2.028142 1.529130 0.000000
-2.199704 1.270000 0.000000
-2.310446 1.055196 0.000000
0.000000 -0.380145 2.511392
0.000000 -0.441066 2.501412
0.000000 -1.069614 2.303807
-2.540000 -0.000000 0.000000
-2.540000 -0.000000 0.000000
-2.540000 -0.000000 0.000000
0.000000 -2.386819 0.868731
0.000000 -2.508764 0.397120
0.000000 -2.263464 1.152532
2.540000 0.000000 -0.000000
2.540000 0.000000 -0.000000
2.540000 0.000000 -0.000000
0.000000 1.796051 1.796051
0.000000 2.181969 1.300234
0.000000 1.587500 1.982787
0.000000 0.000000 2.540000
0.000000 0.000000 2.540000
0.000000 0.000000 2.540000
0.000000 0.000000 2.540000
0.000000 0.000000 2.540000
0.000000 0.000000 2.540000
0.000000 0.380145 2.511392
0.000000 1.069614 2.303807
0.000000 0.441066 2.501412
-2.310446 -1.055196 0.000000
-2.199704 -1.270000 0.000000
-2.028142 -1.529130 0.000000
0.000000 0.000000 2.540000
0.000000 0.000000 2.540000
0.000000 0.000000 2.540000
0.000000 0.000000 2.540000
0.000000 0.000000 2.540000
0.000000 0.000000 2.540000
-1.677677 1.907092 0.000000
-1.270000 2.199704 0.000000
-1.796051 1.796051 0.000000
0.000000 0.000000 2.540000
0.000000 0.000000 2.540000
0.000000 0.000000 2.540000
-2.310446 -1.055196 0.000000
-2.453452 -0.657400 0.000000
-2.199704 -1.270000 0.000000
0.000000 0.000000 2.540000
0.000000 0.000000 2.540000
0.000000 0.000000 2.540000
-1.677677 -1.907092 0.000000
-1.796051 -1.796051 0.000000
-1.270000 -2.199704 0.000000
0.000000 0.000000 2.540000
0.000000 0.000000 2.540000
0.000000 0.000000 2.540000
0.000000 0.000000 2.540000
0.000000 0.000000 2.540000
0.000000 0.000000 2.540000
-2.310446 1.055196 0.000000
-2.199704 1.270000 0.000000
-2.453452 0.657400 0.000000
0.000000 0.000000 2.540000
0.000000 0.000000 2.540000
0.000000 0.000000 2.540000
-0.431142 2.503141 0.000000
-0.000000 2.540000 0.000000
-0.657400 2.453452 0.000000
0.000000 0.000000 2.540000
0.000000 0.000000 2.540000
0.000000 0.000000 2.540000
0.000000 0.000000 2.540000
0.000000 0.000000 2.540000
0.000000 0.000000 2.540000
-2.540000 -0.000000 0.000000
-2.540000 -0.000000 0.000000
-2.540000 -0.000000 0.000000
-0.000000 -1.069614 -2.303807
-0.000000 -1.270000 -2.199704
-0.000000 -0.441066 -2.501412
2.540000 0.000000 -0.000000
2.540000 0.000000 -0.000000
2.540000 0.000000 -0.000000
0.000000 -2.540000 0.000000
0.000000 -2.346654 0.972016
0.000000 -2.530602 0.218294
1.985852 -1.583664 -0.000000
2.085578 -1.449816 -0.000000
2.185747 -1.293874 -0.000000
-0.000000 1.647309 -1.933384
-0.000000 2.037280 -1.516934
-0.000000 1.796051 -1.796051
-0.000000 -1.647309 -1.933384
-0.000000 -1.796051 -1.796051
-0.000000 -2.037280 -1.516934
2.085578 1.449816 -0.000000
1.985852 1.583664 -0.000000
2.185747 1.293874 -0.000000
0.565203 -2.476317 -0.000000
0.972016 -2.346654 -0.000000
1.102065 -2.288461 -0.000000
0.000000 0.000000 2.540000
0.000000 0.000000 2.540000
0.000000 0.000000 2.540000
0.000000 0.000000 2.540000
0.000000 0.000000 2.540000
0.000000 0.000000 2.540000
-2.540000 -0.000000 0.000000
-2.540000 -0.000000 0.000000
-2.540000 -0.000000 0.000000
-2.540000 -0.000000 0.000000
-2.540000 -0.000000 0.000000
-2.540000 -0.000000 0.000000
0.000000 -0.380145 2.511392
0.000000 0.441066 2.501412
0.000000 -0.441066 2.501412
-0.000000 2.540000 -0.000000
-0.000000 2.540000 -0.000000
0.495529 2.491195 -0.000000
0.495529 0.000000 -2.491195
-0.000000 0.000000 -2.540000
0.495529 0.000000 -2.491195
-0.000000 -2.386819 -0.868731
-0.000000 -2.263464 -1.152532
-0.000000 -2.508764 -0.397120
-2.540000 -0.000000 0.000000
-2.540000 -0.000000 0.000000
-2.540000 -0.000000 0.000000
2.540000 0.000000 -0.000000
2.540000 0.000000 -0.000000
2.540000 0.000000 -0.000000
-0.000000 -2.346654 -0.972016
-0.000000 -2.499356 -0.452568
-0.000000 -2.181969 -1.300234
2.540000 0.000000 -0.000000
2.540000 0.000000 -0.000000
2.540000 0.000000 -0.000000
-0.000000 2.346654 -0.972016
-0.000000 2.181969 -1.300234
-0.000000 2.499356 -0.452568
-0.000000 2.023574 -1.535170
-0.000000 1.270000 -2.199704
-0.000000 1.945753 -1.632681
-2.540000 -0.000000 0.000000
-2.540000 -0.000000 0.000000
-2.540000 -0.000000 0.000000
0.000000 -2.486370 0.519196
0.000000 -2.386819 0.868731
0.000000 -2.540000 0.000000
-0.000000 2.540000 0.000000
-0.000000 2.540000 0.000000
-0.431142 2.503141 0.000000
-2.540000 -0.000000 0.000000
-2.540000 -0.000000 0.000000
-2.540000 -0.000000 0.000000
-0.000000 0.377633 -2.511771
-0.000000 0.441066 -2.501412
-0.000000 1.270000 -2.199704
-0.000000 2.540000 0.000000
-0.000000 2.540000 0.000000
0.000000 2.386819 0.868731
-2.540000 -0.000000 0.000000
-2.540000 -0.000000 0.000000
-2.540000 -0.000000 0.000000
-0.000000 -0.829546 -2.400719
-0.000000 0.000000 -2.540000
-0.000000 -0.972016 -2.346654
2.476317 -0.565203 -0.000000
2.459344 -0.635000 -0.000000
2.521838 -0.303208 -0.000000
0.000000 -0.000000 2.540000
0.000000 -0.000000 2.540000
-0.495529 -0.000000 2.491195
-0.431142 -2.503141 0.000000
-0.000000 -2.540000 0.000000
-0.495529 -2.491195 0.000000
-0.495529 -0.000000 2.491195
0.000000 -0.000000 2.540000
-0.495529 -0.000000 2.491195
-0.431142 2.503141 0.000000
-0.495529 2.491195 0.000000
-0.000000 2.540000 0.000000
-2.540000 -0.000000 0.000000
-2.540000 -0.000000 0.000000
-2.540000 -0.000000 0.000000
0.000000 2.023574 1.535170
0.000000 1.945753 1.632681
0.000000 1.270000 2.199704
-0.000000 -2.023574 -1.535170
-0.000000 -2.315654 -1.043719
-0.000000 -1.945753 -1.632681
-1.295148 2.184993 0.000000
-0.972016 2.346654 0.000000
-0.871630 2.385762 0.000000
2.540000 0.000000 -0.000000
2.540000 0.000000 -0.000000
2.540000 0.000000 -0.000000
-0.000000 -2.346654 -0.972016
-0.000000 -2.181969 -1.300234
-0.000000 -1.796051 -1.796051
-0.000000 0.380145 -2.511392
-0.000000 -0.441066 -2.501412
-0.000000 0.441066 -2.501412
-2.540000 -0.000000 0.000000
-2.540000 -0.000000 0.000000
-2.540000 -0.000000 0.000000
-0.000000 1.945753 -1.632681
-0.000000 2.386819 -0.868731
-0.000000 2.166119 -1.326472
-2.540000 -0.000000 0.000000
-2.540000 -0.000000 0.000000
-2.540000 -0.000000 0.000000
-2.540000 -0.000000 0.000000
-2.540000 -0.000000 0.000000
-2.540000 -0.000000 0.000000
0.000000 -2.540000 -0.000000
-0.000000 -2.386819 -0.868731
-0.000000 -2.508764 -0.397120
-0.000000 -2.315654 -1.043719
-0.000000 -2.386819 -0.868731
-0.000000 -1.945753 -1.632681
-2.540000 -0.000000 0.000000
-2.540000 -0.000000 0.000000
-2.540000 -0.000000 0.000000
0.000000 2.401865 0.826223
0.000000 2.346654 0.972016
0.000000 2.530602 0.218294
1.933573 -1.647087 -0.000000
1.796051 -1.796051 -0.000000
1.976224 -1.595663 -0.000000
0.000000 0.000000 2.540000
0.000000 0.000000 2.540000
0.000000 0.000000 2.540000
1.583664 1.985852 -0.000000
1.411148 2.111933 -0.000000
1.102065 2.288461 -0.000000
0.000000 -2.023574 1.535170
0.000000 -1.270000 2.199704
0.000000 -1.945753 1.632681
-2.540000 -0.000000 0.000000
-2.540000 -0.000000 0.000000
-2.540000 -0.000000 0.000000
-2.540000 -0.000000 0.000000
-2.540000 -0.000000 0.000000
-2.540000 -0.000000 0.000000
0.000000 1.945753 1.632681
0.000000 1.270000 2.199704
0.000000 1.725025 1.864373
-2.540000 -0.000000 0.000000
-2.540000 -0.000000 0.000000
-2.540000 -0.000000 0.000000
0.000000 0.000000 2.540000
0.000000 0.000000 2.540000
0.000000 0.000000 2.540000
2.540000 0.000000 -0.000000
2.540000 0.000000 -0.000000
2.540000 0.000000 -0.000000
0.000000 2.401865 0.826223
0.000000 1.796051 1.796051
0.000000 2.346654 0.972016
0.000000 1.069614 2.303807
0.000000 1.619397 1.956822
0.000000 1.270000 2.199704
-2.028142 -1.529130 0.000000
-1.796051 -1.796051 0.000000
-1.677677 -1.907092 0.000000
0.000000 -2.386819 0.868731
0.000000 -2.263464 1.152532
0.000000 -1.945753 1.632681
-2.540000 -0.000000 0.000000
-2.540000 -0.000000 0.000000
-2.540000 -0.000000 0.000000
-2.540000 -0.000000 0.000000
-2.540000 -0.000000 0.000000
-2.540000 -0.000000 0.000000
-0.000000 -1.945753 -1.632681
-0.000000 -1.270000 -2.199704
-0.000000 -1.796850 -1.795252
-0.000000 2.540000 0.000000
0.000000 2.386819 0.868731
0.000000 2.540000 0.000000
-2.540000 -0.000000 0.000000
-2.540000 -0.000000 0.000000
-2.540000 -0.000000 0.000000
0.000000 -2.540000 -0.000000
-0.000000 -2.540000 -0.000000
0.495529 -2.491195 -0.000000
-0.000000 0.000000 -2.540000
-0.000000 0.000000 -2.540000
0.495529 0.000000 -2.491195
-1.677677 1.907092 0.000000
-1.796051 1.796051 0.000000
-2.028142 1.529130 0.000000
0.000000 -1.069614 2.303807
0.000000 -1.270000 2.199704
0.000000 -1.619397 1.956822
0.000000 2.540000 0.000000
0.000000 2.499356 0.452568
0.000000 2.346654 0.972016
2.540000 0.000000 -0.000000
2.540000 0.000000 -0.000000
2.540000 0.000000 -0.000000
2.540000 0.000000 -0.000000
2.540000 0.000000 -0.000000
2.540000 0.000000 -0.000000
0.000000 -2.540000 0.000000
0.000000 -2.346654 0.972016
0.000000 -2.499356 0.452568
2.440436 0.704182 -0.000000
2.346654 0.972016 -0.000000
2.359300 0.940906 -0.000000
0.000000 -0.172927 2.534106
0.000000 -0.764774 2.422132
0.000000 -0.000000 2.540000
0.000000 -1.945753 1.632681
0.000000 -2.263464 1.152532
0.000000 -1.796850 1.795252
-2.540000 -0.000000 0.000000
-2.540000 -0.000000 0.000000
-2.540000 -0.000000 0.000000
-2.540000 -0.000000 0.000000
-2.540000 -0.000000 0.000000
-2.540000 -0.000000 0.000000
0.000000 2.386819 0.868731
0.000000 2.444744 0.689078
0.000000 2.540000 0.000000
-0.000000 2.346654 -0.972016
-0.000000 1.796051 -1.796051
-0.000000 2.181969 -1.300234
2.540000 0.000000 -0.000000
2.540000 0.000000 -0.000000
2.540000 0.000000 -0.000000
1.102065 2.288461 -0.000000
1.411148 2.111933 -0.000000
0.972016 2.346654 -0.000000
1.411148 0.000000 -2.111933
0.972016 0.000000 -2.346654
1.411148 0.000000 -2.111933
0.000000 1.796051 1.796051
0.000000 1.587500 1.982787
0.000000 0.972016 2.346654
2.540000 0.000000 -0.000000
2.540000 0.000000 -0.000000
2.540000 0.000000 -0.000000
0.000000 -1.796051 1.796051
0.000000 -0.972016 2.346654
0.000000 -1.587500 1.982787
2.540000 0.000000 -0.000000
2.540000 0.000000 -0.000000
2.540000 0.000000 -0.000000
0.000000 -2.540000 0.000000
0.000000 -2.386819 0.868731
-0.000000 -2.540000 -0.000000
-2.540000 -0.000000 0.000000
-2.540000 -0.000000 0.000000
-2.540000 -0.000000 0.000000
2.540000 0.000000 -0.000000
2.540000 0.000000 -0.000000
2.540000 0.000000 -0.000000
-0.000000 0.000000 -2.540000
-0.000000 0.000000 -2.540000
-0.000000 -0.972016 -2.346654
-2.540000 -0.000000 0.000000
-2.540000 -0.000000 0.000000
-2.540000 -0.000000 0.000000
-0.000000 2.386819 -0.868731
-0.000000 2.444744 -0.689078
-0.000000 2.166119 -1.326472
-0.000000 0.000000 -2.540000
-0.000000 0.972016 -2.346654
-0.000000 0.000000 -2.540000
2.540000 0.000000 -0.000000
2.540000 0.000000 -0.000000
2.540000 0.000000 -0.000000
0.000000 2.346654 0.972016
0.000000 2.499356 0.452568
0.000000 2.181969 1.300234
2.540000 0.000000 -0.000000
2.540000 0.000000 -0.000000
2.540000 0.000000 -0.000000
2.540000 0.000000 -0.000000
2.540000 0.000000 -0.000000
2.540000 0.000000 -0.000000
0.000000 -2.346654 0.972016
0.000000 -2.181969 1.300234
0.000000 -2.499356 0.452568
2.540000 0.000000 -0.000000
2.540000 0.000000 -0.000000
2.540000 0.000000 -0.000000
-0.000000 2.346654 -0.972016
-0.000000 2.508699 -0.397529
0.000000 2.540000 0.000000
2.540000 0.000000 -0.000000
2.540000 0.000000 -0.000000
2.540000 0.000000 -0.000000
0.000000 -0.764774 2.422132
0.000000 -0.972016 2.346654
0.000000 -0.000000 2.540000
2.540000 0.000000 -0.000000
2.540000 0.000000 -0.000000
2.540000 0.000000 -0.000000
0.000000 0.972016 2.346654
0.000000 0.764774 2.422132
0.000000 -0.000000 2.540000
-0.431142 -2.503141 0.000000
-0.495529 -2.491195 0.000000
-0.871630 -2.385762 0.000000
-0.000000 2.315654 -1.043719
-0.000000 2.386819 -0.868731
-0.000000 2.486370 -0.519196
0.000000 2.023574 1.535170
0.000000 2.315654 1.043719
0.000000 1.945753 1.632681
-1.295148 -2.184993 0.000000
-1.270000 -2.199704 0.000000
-0.871630 -2.385762 0.000000
-0.871630 2.385762 0.000000
-1.270000 2.199704 0.000000
-1.295148 2.184993 0.000000
0.000000 -2.023574 1.535170
0.000000 -1.945753 1.632681
0.000000 -2.315654 1.043719
-0.000000 1.647309 -1.933384
-0.000000 1.796051 -1.796051
-0.000000 0.972016 -2.346654
2.540000 0.000000 -0.000000
2.540000 0.000000 -0.000000
2.540000 0.000000 -0.000000
-0.000000 -1.647309 -1.933384
-0.000000 -0.972016 -2.346654
-0.000000 -1.796051 -1.796051
2.540000 0.000000 -0.000000
2.540000 0.000000 -0.000000
2.540000 0.000000 -0.000000
0.000000 1.725025 1.864373
0.000000 2.166119 1.326472
0.000000 1.945753 1.632681
-2.540000 -0.000000 0.000000
-2.540000 -0.000000 0.000000
-2.540000 -0.000000 0.000000
-2.028142 -1.529130 0.000000
-2.111933 -1.411148 0.000000
-2.310446 -1.055196 0.000000
-0.000000 0.380145 -2.511392
-0.000000 0.441066 -2.501412
-0.000000 1.069614 -2.303807
-0.000000 -0.380145 -2.511392
-0.000000 -1.069614 -2.303807
-0.000000 -0.441066 -2.501412
-2.310446 1.055196 0.000000
-2.111933 1.411148 0.000000
-2.028142 1.529130 0.000000
2.346654 0.000000 -0.972016
2.491195 0.000000 -0.495529
2.346654 0.000000 -0.972016
2.440436 0.704182 -0.000000
2.491195 0.495529 -0.000000
2.346654 0.972016 -0.000000
-0.000000 -2.486370 -0.519196
0.000000 -2.540000 0.000000
-0.000000 -2.386819 -0.868731
-0.431142 2.503141 0.000000
-0.000000 2.540000 0.000000
-0.000000 2.540000 0.000000
-0.431142 -2.503141 0.000000
-0.000000 -2.540000 0.000000
-0.000000 -2.540000 0.000000
0.000000 2.486370 0.519196
-0.000000 2.540000 0.000000
0.000000 2.386819 0.868731
0.000000 -0.772580 2.419653
0.000000 -0.377633 2.511771
0.000000 -1.270000 2.199704
-2.526381 -0.262681 0.000000
-2.453452 -0.657400 0.000000
-2.483167 -0.534303 0.000000
-2.540000 -0.000000 0.000000
-2.540000 -0.000000 0.000000
-2.540000 -0.000000 0.000000
0.000000 -0.377633 2.511771
0.000000 -0.441066 2.501412
0.000000 -1.270000 2.199704
0.000000 0.772580 2.419653
0.000000 1.270000 2.199704
0.000000 0.377633 2.511771
-2.483167 0.534303 0.000000
-2.453452 0.657400 0.000000
-2.526381 0.262681 0.000000
-1.411148 -0.000000 2.111933
-0.972016 -0.000000 2.346654
-1.411148 -0.000000 2.111933
-1.295148 2.184993 0.000000
-1.411148 2.111933 0.000000
-0.972016 2.346654 0.000000
2.540000 0.000000 -0.000000
2.540000 0.000000 -0.000000
2.540000 0.000000 -0.000000
-0.000000 -1.796051 -1.796051
-0.000000 -2.181969 -1.300234
-0.000000 -1.587500 -1.982787
-2.540000 0.000000 0.000000
-2.540000 -0.000000 0.000000
-2.540000 0.000000 0.000000
-0.000000 -1.270000 -2.199704
-0.000000 -1.154545 -2.262438
-0.000000 -1.796850 -1.795252
-2.483167 -0.534303 0.000000
-2.346654 -0.972016 0.000000
-2.491195 -0.495529 0.000000
-2.346654 -0.000000 0.972016
-2.346654 -0.000000 0.972016
-2.491195 -0.000000 0.495529
2.540000 0.000000 -0.000000
2.540000 0.000000 -0.000000
2.540000 0.000000 -0.000000
-0.000000 1.796051 -1.796051
-0.000000 1.587500 -1.982787
-0.000000 2.181969 -1.300234
1.933573 1.647087 -0.000000
1.985852 1.583664 -0.000000
1.941122 1.638183 -0.000000
0.000000 -2.540000 0.000000
0.000000 -2.530602 0.218294
-0.000000 -2.508699 -0.397529
2.476317 -0.565203 -0.000000
2.385213 -0.873133 -0.000000
2.459344 -0.635000 -0.000000
-0.000000 0.000000 -2.540000
-0.000000 0.595319 -2.469250
-0.000000 0.000000 -2.540000
2.359300 -0.940906 -0.000000
2.346654 -0.972016 -0.000000
2.440436 -0.704182 -0.000000
0.000000 -0.000000 2.540000
0.000000 0.764774 2.422132
0.000000 0.172927 2.534106
-0.000000 0.000000 -2.540000
-0.000000 0.000000 -2.540000
-0.000000 -0.595319 -2.469250
2.385213 0.873133 -0.000000
2.476317 0.565203 -0.000000
2.459344 0.635000 -0.000000
0.000000 -1.796051 1.796051
0.000000 -1.769909 1.821818
0.000000 -2.346654 0.972016
2.540000 0.000000 -0.000000
2.540000 0.000000 -0.000000
2.540000 0.000000 -0.000000
2.185747 1.293874 -0.000000
2.288461 1.102065 -0.000000
2.290046 1.098766 -0.000000
-0.000000 -1.159450 -2.259928
-0.000000 -0.972016 -2.346654
-0.000000 -1.647309 -1.933384
-0.972016 -0.000000 2.346654
-0.972016 -0.000000 2.346654
-1.411148 -0.000000 2.111933
-1.295148 -2.184993 0.000000
-0.972016 -2.346654 0.000000
-1.411148 -2.111933 0.000000
-0.000000 1.159450 -2.259928
-0.000000 1.647309 -1.933384
-0.000000 0.972016 -2.346654
2.288461 -1.102065 -0.000000
2.185747 -1.293874 -0.000000
2.290046 -1.098766 -0.000000
-0.000000 1.270000 -2.199704
-0.000000 1.725025 -1.864373
-0.000000 1.154545 -2.262438
-2.540000 -0.000000 0.000000
-2.540000 -0.000000 0.000000
-2.540000 -0.000000 0.000000
-2.491195 -0.000000 0.495529
-2.346654 -0.000000 0.972016
-2.491195 -0.000000 0.495529
-2.483167 0.534303 0.000000
-2.491195 0.495529 0.000000
-2.346654 0.972016 0.000000
0.000000 2.540000 0.000000
-0.000000 2.508699 -0.397529
0.000000 2.530602 0.218294
1.985852 -1.583664 -0.000000
1.933573 -1.647087 -0.000000
1.941122 -1.638183 -0.000000
-0.000000 1.619397 -1.956822
-0.000000 1.270000 -2.199704
-0.000000 2.023574 -1.535170
-1.295148 -2.184993 0.000000
-1.411148 -2.111933 0.000000
-1.677677 -1.907092 0.000000
-0.000000 -1.619397 -1.956822
-0.000000 -2.023574 -1.535170
-0.000000 -1.270000 -2.199704
-1.677677 1.907092 0.000000
-1.411148 2.111933 0.000000
-1.295148 2.184993 0.000000
0.000000 -1.154545 2.262438
0.000000 -0.772580 2.419653
0.000000 -1.270000 2.199704
-2.540000 -0.000000 0.000000
-2.540000 -0.000000 0.000000
-2.526381 -0.262681 0.000000
0.000000 1.154545 2.262438
0.000000 1.270000 2.199704
0.000000 0.772580 2.419653
-2.526381 0.262681 0.000000
-2.540000 -0.000000 0.000000
-2.540000 0.000000 0.000000
1.996702 -1.569962 -0.000000
2.085578 -1.449816 -0.000000
1.985852 -1.583664 -0.000000
-0.000000 1.796051 -1.796051
-0.000000 2.037280 -1.516934
-0.000000 2.337409 -0.994042
-0.000000 -2.037280 -1.516934
-0.000000 -1.796051 -1.796051
-0.000000 -2.337409 -0.994042
1.996702 1.569962 -0.000000
1.985852 1.583664 -0.000000
2.085578 1.449816 -0.000000
2.540000 0.000000 -0.000000
2.540000 0.000000 -0.000000
2.530607 0.218233 -0.000000
0.000000 0.972016 2.346654
0.000000 1.587500 1.982787
0.000000 1.041951 2.316449
2.530607 -0.218233 -0.000000
2.540000 -0.000000 -0.000000
2.540000 -0.000000 -0.000000
0.000000 -0.972016 2.346654
0.000000 -1.041951 2.316449
0.000000 -1.587500 1.982787
0.000000 -2.346654 0.972016
0.000000 -2.401865 0.826223
0.000000 -2.530602 0.218294
1.976224 1.595663 -0.000000
1.796051 1.796051 -0.000000
1.933573 1.647087 -0.000000
0.000000 -0.764774 2.422132
0.000000 -1.310639 2.175735
0.000000 -0.972016 2.346654
2.359300 0.940906 -0.000000
2.346654 0.972016 -0.000000
2.260051 1.159210 -0.000000
1.976224 -1.595663 -0.000000
2.111933 -1.411148 -0.000000
2.057722 -1.489087 -0.000000
0.000000 2.135525 1.375184
0.000000 1.796051 1.796051
0.000000 2.401865 0.826223
0.000000 0.432134 2.502970
0.000000 -0.172927 2.534106
0.000000 0.972016 2.346654
2.497588 0.462228 -0.000000
2.491195 0.495529 -0.000000
2.440436 0.704182 -0.000000
0.000000 -0.432134 2.502970
0.000000 -0.972016 2.346654
0.000000 0.172927 2.534106
2.440436 -0.704182 -0.000000
2.491195 -0.495529 -0.000000
2.497588 -0.462228 -0.000000
0.000000 1.310639 2.175735
0.000000 0.972016 2.346654
0.000000 1.769909 1.821818
2.155939 -1.342954 -0.000000
2.111933 -1.411148 -0.000000
2.260051 -1.159210 -0.000000
2.155939 1.342954 -0.000000
2.111933 1.411148 -0.000000
2.057722 1.489087 -0.000000
0.000000 -1.769909 1.821818
0.000000 -2.135525 1.375184
0.000000 -2.346654 0.972016
-2.483167 -0.534303 0.000000
-2.491195 -0.495529 0.000000
-2.526381 -0.262681 0.000000
-0.000000 -0.772580 -2.419653
-0.000000 -1.270000 -2.199704
-0.000000 -0.377633 -2.511771
-2.526381 0.262681 0.000000
-2.491195 0.495529 0.000000
-2.483167 0.534303 0.000000
-0.000000 0.772580 -2.419653
-0.000000 0.377633 -2.511771
-0.000000 1.270000 -2.199704
2.491195 0.000000 -0.495529
2.491195 0.000000 -0.495529
2.346654 0.000000 -0.972016
2.440436 -0.704182 -0.000000
2.346654 -0.972016 -0.000000
2.491195 -0.495529 -0.000000
1.976224 -1.595663 -0.000000
1.796051 -1.796051 -0.000000
2.111933 -1.411148 -0.000000
1.796051 0.000000 -1.796051
1.796051 0.000000 -1.796051
2.111933 0.000000 -1.411148
2.346654 0.000000 -0.972016
2.111933 0.000000 -1.411148
2.346654 0.000000 -0.972016
2.260051 1.159210 -0.000000
2.346654 0.972016 -0.000000
2.111933 1.411148 -0.000000
1.796051 0.000000 -1.796051
1.411148 0.000000 -2.111933
1.796051 0.000000 -1.796051
1.583664 1.985852 -0.000000
1.796051 1.796051 -0.000000
1.411148 2.111933 -0.000000
1.102065 -2.288461 -0.000000
0.972016 -2.346654 -0.000000
1.411148 -2.111933 -0.000000
0.972016 0.000000 -2.346654
0.972016 0.000000 -2.346654
1.411148 0.000000 -2.111933
-2.346654 -0.000000 0.972016
-2.346654 -0.000000 0.972016
-2.111933 -0.000000 1.411148
-2.310446 -1.055196 0.000000
-2.111933 -1.411148 0.000000
-2.346654 -0.972016 0.000000
-1.677677 -1.907092 0.000000
-1.411148 -2.111933 0.000000
-1.796051 -1.796051 0.000000
-1.411148 -0.000000 2.111933
-1.411148 -0.000000 2.111933
-1.796051 -0.000000 1.796051
-1.796051 -0.000000 1.796051
-1.411148 -0.000000 2.111933
-1.796051 -0.000000 1.796051
-1.677677 1.907092 0.000000
-1.796051 1.796051 0.000000
-1.411148 2.111933 0.000000
-2.310446 1.055196 0.000000
-2.346654 0.972016 0.000000
-2.111933 1.411148 0.000000
-2.111933 -0.000000 1.411148
-2.346654 -0.000000 0.972016
-2.111933 -0.000000 1.411148
2.530607 -0.218233 -0.000000
2.491195 -0.495529 -0.000000
2.540000 -0.000000 -0.000000
2.491195 0.000000 -0.495529
2.540000 -0.000000 -0.000000
2.491195 0.000000 -0.495529
-2.491195 -0.000000 0.495529
-2.540000 0.000000 0.000000
-2.491195 -0.000000 0.495529
-2.526381 -0.262681 0.000000
-2.491195 -0.495529 0.000000
-2.540000 0.000000 0.000000
2.530607 0.218233 -0.000000
2.540000 0.000000 -0.000000
2.491195 0.495529 -0.000000
2.540000 0.000000 -0.000000
2.540000 -0.000000 -0.000000
2.491195 0.000000 -0.495529
-2.526381 0.262681 0.000000
-2.540000 -0.000000 0.000000
-2.491195 0.495529 0.000000
-2.540000 -0.000000 0.000000
-2.540000 0.000000 0.000000
-2.491195 -0.000000 0.495529
</float_array>
          <technique_common>
            <accessor source="#FBXASC227FBXASC130FBXASC189FBXASC227FBXASC131FBXASC170FBXASC227FBXASC131FBXASC131FBXASC227FBXASC131FBXASC1372-Normal0-array" count="1434" stride="3">
              <param name="X" type="float"/>
              <param name="Y" type="float"/>
              <param name="Z" type="float"/>
            </accessor>
          </technique_common>
        </source>
        <vertices id="FBXASC227FBXASC130FBXASC189FBXASC227FBXASC131FBXASC170FBXASC227FBXASC131FBXASC131FBXASC227FBXASC131FBXASC1372-VERTEX">
          <input semantic="POSITION" source="#FBXASC227FBXASC130FBXASC189FBXASC227FBXASC131FBXASC170FBXASC227FBXASC131FBXASC131FBXASC227FBXASC131FBXASC1372-POSITION"/>
        </vertices>
        <triangles count="478" material="MaterialFBXASC032FBXASC03526">
          <input semantic="VERTEX" offset="0" source="#FBXASC227FBXASC130FBXASC189FBXASC227FBXASC131FBXASC170FBXASC227FBXASC131FBXASC131FBXASC227FBXASC131FBXASC1372-VERTEX"/>
          <input semantic="NORMAL" offset="1" source="#FBXASC227FBXASC130FBXASC189FBXASC227FBXASC131FBXASC170FBXASC227FBXASC131FBXASC131FBXASC227FBXASC131FBXASC1372-Normal0"/>
          <p> 9 0 80 1 82 2 97 3 12 4 159 5 100 6 9 7 82 8 12 9 131 10 159 11 62 12 117 13 109 14 12 15 18 16 131 17 63 18 71 19 95 20 170 21 72 22 20 23 62 24 109 25 42 26 101 27 97 28 10 29 63 30 28 31 71 32 69 33 115 34 138 35 172 36 56 37 236 38 138 39 82 40 69 41 170 42 80 43 9 44 153 45 97 46 101 47 227 48 187 49 226 50 96 51 67 52 1 53 71 54 28 55 165 56 20 57 80 58 170 59 86 60 210 61 52 62 57 63 71 64 165 65 100 66 82 67 138 68 138 69 32 70 100 71 65 72 167 73 36 74 227 75 167 76 187 77 66 78 189 79 59 80 157 81 98 82 56 83 66 84 74 85 189 86 56 87 98 88 236 89 186 90 124 91 137 92 48 93 130 94 41 95 86 96 193 97 210 98 196 99 193 100 234 101 79 102 145 103 75 104 156 105 164 106 54 107 92 108 87 109 123 110 66 111 60 112 74 113 19 114 72 115 170 116 170 117 9 118 19 119 160 120 41 121 181 122 181 123 64 124 160 125 134 126 93 127 174 128 161 129 134 130 174 131 217 132 187 133 167 134 51 135 223 136 217 137 194 138 139 139 81 140 222 141 227 142 226 143 216 144 43 145 221 146 194 147 109 148 139 149 99 150 202 151 84 152 161 153 166 154 134 155 176 156 91 157 126 158 175 159 162 160 169 161 128 162 230 163 96 164 70 165 122 166 64 167 211 168 164 169 63 170 54 171 164 172 211 173 66 174 59 175 142 176 59 177 76 178 142 179 137 180 124 181 0 182 83 183 158 184 94 185 79 186 75 187 209 188 209 189 232 190 79 191 138 192 115 193 32 194 129 195 18 196 12 197 103 198 146 199 172 200 172 201 236 202 238 203 40 204 208 205 126 206 126 207 208 208 176 209 107 210 88 211 203 212 203 213 108 214 107 215 2 216 119 217 120 218 21 219 36 220 108 221 147 222 157 223 56 224 145 225 3 226 75 227 235 228 237 229 49 230 223 231 187 232 217 233 161 234 111 235 166 236 203 237 88 238 183 239 106 240 199 241 68 242 48 243 118 244 121 245 130 246 52 247 41 248 70 249 151 250 77 251 44 252 93 253 133 254 134 255 133 256 93 257 104 258 89 259 154 260 162 261 24 262 169 263 139 264 171 265 81 266 171 267 90 268 81 269 232 270 193 271 196 272 79 273 232 274 196 275 86 276 234 277 193 278 238 279 103 280 172 281 219 282 227 283 104 284 104 285 154 286 219 287 112 288 6 289 192 290 192 291 73 292 112 293 215 294 220 295 25 296 215 297 38 298 220 299 105 300 190 301 116 302 190 303 7 304 116 305 111 306 125 307 198 308 125 309 111 310 58 311 52 312 148 313 41 314 55 315 148 316 52 317 49 318 175 319 235 320 221 321 53 322 216 323 105 324 76 325 191 326 191 327 190 328 105 329 143 330 141 331 188 332 143 333 188 334 15 335 113 336 3 337 132 338 33 339 113 340 132 341 152 342 71 343 57 344 158 345 83 346 0 347 58 348 49 349 168 350 168 351 125 352 58 353 29 354 76 355 138 356 69 357 29 358 138 359 36 360 167 361 150 362 119 363 36 364 120 365 106 366 205 367 199 368 199 369 205 370 26 371 35 372 117 373 197 374 197 375 39 376 35 377 35 378 78 379 117 380 50 381 63 382 7 383 118 384 40 385 121 386 96 387 1 388 40 389 127 390 111 391 198 392 198 393 36 394 127 395 155 396 60 397 180 398 155 399 180 400 17 401 96 402 230 403 67 404 230 405 229 406 67 407 106 408 68 409 6 410 95 411 109 412 63 413 69 414 82 415 179 416 179 417 29 418 69 419 136 420 122 421 70 422 70 423 77 424 136 425 95 426 184 427 212 428 0 429 212 430 184 431 122 432 128 433 64 434 19 435 101 436 72 437 192 438 0 439 73 440 0 441 124 442 73 443 13 444 18 445 123 446 189 447 74 448 115 449 135 450 3 451 29 452 14 453 135 454 29 455 3 456 113 457 76 458 3 459 76 460 29 461 15 462 170 463 41 464 20 465 170 466 15 467 63 468 78 469 7 470 108 471 36 472 119 473 31 474 85 475 185 476 185 477 231 478 31 479 143 480 16 481 141 482 8 483 141 484 16 485 44 486 133 487 144 488 144 489 24 490 44 491 140 492 141 493 8 494 14 495 140 496 8 497 146 498 103 499 30 500 146 501 30 502 0 503 163 504 177 505 25 506 177 507 125 508 25 509 37 510 3 511 85 512 31 513 37 514 85 515 5 516 186 517 137 518 5 519 46 520 186 521 123 522 87 523 13 524 102 525 13 526 87 527 35 528 39 529 173 530 39 531 111 532 173 533 47 534 43 535 178 536 43 537 24 538 178 539 1 540 24 541 90 542 90 543 24 544 144 545 205 546 182 547 26 548 182 549 90 550 26 551 36 552 150 553 120 554 60 555 92 556 74 557 235 558 175 559 23 560 23 561 175 562 169 563 33 564 132 565 94 566 158 567 33 568 94 569 11 570 6 571 95 572 6 573 68 574 95 575 128 576 96 577 64 578 96 579 40 580 118 581 97 582 9 583 12 584 19 585 9 586 97 587 224 588 236 589 195 590 195 591 37 592 224 593 218 594 99 595 84 596 218 597 187 598 99 599 9 600 100 601 12 602 12 603 100 604 129 605 101 606 27 607 72 608 27 609 101 610 10 611 27 612 10 613 102 614 10 615 13 616 102 617 206 618 238 619 225 620 206 621 225 622 30 623 200 624 89 625 222 626 222 627 226 628 200 629 17 630 76 631 105 632 2 633 17 634 105 635 40 636 106 637 121 638 40 639 34 640 106 641 201 642 78 643 35 644 35 645 173 646 201 647 107 648 108 649 78 650 78 651 108 652 7 653 68 654 109 655 95 656 139 657 109 658 68 659 14 660 8 661 110 662 110 663 135 664 14 665 127 666 22 667 111 668 88 669 111 670 183 671 48 672 121 673 112 674 112 675 130 676 48 677 165 678 28 679 113 680 76 681 113 682 28 683 49 684 237 685 114 686 168 687 49 688 114 689 115 690 18 691 32 692 123 693 18 694 115 695 116 696 2 697 105 698 116 699 119 700 2 701 117 702 78 703 63 704 109 705 117 706 63 707 160 708 64 709 118 710 64 711 96 712 118 713 116 714 7 715 119 716 7 717 108 718 119 719 155 720 120 721 60 722 120 723 150 724 60 725 121 726 106 727 6 728 112 729 121 730 6 731 72 732 27 733 122 734 136 735 72 736 122 737 74 738 123 739 115 740 92 741 123 742 74 743 124 744 52 745 73 746 86 747 52 748 124 749 51 750 125 751 84 752 125 753 51 754 65 755 40 756 213 757 34 758 34 759 213 760 91 761 21 762 22 763 214 764 214 765 36 766 21 767 27 768 102 769 128 770 27 771 128 772 122 773 18 774 129 775 32 776 100 777 32 778 129 779 73 780 52 781 130 782 112 783 73 784 130 785 131 786 18 787 13 788 10 789 131 790 13 791 147 792 56 793 132 794 94 795 132 796 56 797 42 798 133 799 62 800 144 801 133 802 42 803 62 804 133 805 134 806 166 807 62 808 134 809 110 810 75 811 135 812 75 813 3 814 135 815 136 816 77 817 20 818 20 819 72 820 136 821 30 822 137 823 0 824 5 825 137 826 30 827 69 828 138 829 59 830 138 831 76 832 59 833 139 834 61 835 171 836 68 837 61 838 139 839 82 840 80 841 140 842 179 843 82 844 140 845 140 846 80 847 141 848 188 849 141 850 80 851 142 852 76 853 17 854 180 855 142 856 17 857 55 858 143 859 148 860 55 861 16 862 143 863 81 864 90 865 144 866 144 867 42 868 81 869 185 870 85 871 145 872 85 873 3 874 145 875 146 876 83 877 172 878 83 879 146 880 0 881 147 882 3 883 37 884 3 885 147 886 132 887 143 888 15 889 148 890 148 891 15 892 41 893 149 894 24 895 1 896 1 897 67 898 149 899 150 900 92 901 60 902 150 903 229 904 92 905 181 906 41 907 151 908 41 909 77 910 151 911 152 912 57 913 0 914 152 915 0 916 184 917 153 918 19 919 97 920 153 921 101 922 19 923 89 924 24 925 154 926 149 927 154 928 24 929 2 930 155 931 17 932 2 933 120 934 155 935 76 936 28 937 156 938 54 939 76 940 156 941 157 942 147 943 37 944 157 945 37 946 98 947 158 948 57 949 33 950 57 951 158 952 0 953 97 954 159 955 10 956 159 957 131 958 10 959 160 960 118 961 48 962 48 963 41 964 160 965 161 966 174 967 58 968 58 969 111 970 161 971 44 972 24 973 162 974 44 975 162 976 93 977 163 978 228 979 4 980 163 981 4 982 177 983 156 984 28 985 164 986 63 987 164 988 28 989 165 990 113 991 33 992 57 993 165 994 33 995 166 996 39 997 62 998 166 999 111 1000 39 1001 92 1002 229 1003 87 1004 230 1005 87 1006 229 1007 168 1008 114 1009 25 1010 25 1011 125 1012 168 1013 169 1014 43 1015 23 1016 169 1017 24 1018 43 1019 20 1020 77 1021 170 1022 170 1023 77 1024 41 1025 26 1026 90 1027 171 1028 61 1029 26 1030 171 1031 94 1032 56 1033 172 1034 83 1035 94 1036 172 1037 201 1038 173 1039 88 1040 173 1041 111 1042 88 1043 58 1044 174 1045 49 1046 174 1047 93 1048 49 1049 49 1050 93 1051 175 1052 162 1053 175 1054 93 1055 176 1056 90 1057 182 1058 176 1059 208 1060 90 1061 84 1062 125 1063 177 1064 4 1065 84 1066 177 1067 178 1068 24 1069 89 1070 89 1071 200 1072 178 1073 179 1074 140 1075 14 1076 14 1077 29 1078 179 1079 180 1080 66 1081 142 1082 180 1083 60 1084 66 1085 70 1086 64 1087 181 1088 181 1089 151 1090 70 1091 34 1092 91 1093 182 1094 91 1095 176 1096 182 1097 21 1098 183 1099 22 1100 183 1101 111 1102 22 1103 184 1104 71 1105 152 1106 95 1107 71 1108 184 1109 79 1110 196 1111 185 1112 185 1113 145 1114 79 1115 186 1116 86 1117 124 1118 186 1119 234 1120 86 1121 228 1122 38 1123 226 1124 163 1125 38 1126 228 1127 188 1128 20 1129 15 1130 188 1131 80 1132 20 1133 189 1134 115 1135 69 1136 189 1137 69 1138 59 1139 50 1140 190 1141 54 1142 50 1143 7 1144 190 1145 191 1146 76 1147 54 1148 190 1149 191 1150 54 1151 11 1152 0 1153 192 1154 192 1155 6 1156 11 1157 204 1158 16 1159 233 1160 55 1161 233 1162 16 1163 42 1164 109 1165 194 1166 81 1167 42 1168 194 1169 236 1170 98 1171 195 1172 37 1173 195 1174 98 1175 31 1176 231 1177 45 1178 231 1179 46 1180 45 1181 197 1182 117 1183 62 1184 39 1185 197 1186 62 1187 65 1188 36 1189 198 1190 125 1191 65 1192 198 1193 68 1194 199 1195 61 1196 61 1197 199 1198 26 1199 200 1200 226 1201 47 1202 178 1203 200 1204 47 1205 201 1206 88 1207 107 1208 107 1209 78 1210 201 1211 202 1212 99 1213 51 1214 202 1215 51 1216 84 1217 21 1218 108 1219 203 1220 203 1221 183 1222 21 1223 8 1224 16 1225 204 1226 110 1227 8 1228 204 1229 205 1230 34 1231 182 1232 106 1233 34 1234 205 1235 30 1236 103 1237 206 1238 206 1239 103 1240 238 1241 45 1242 46 1243 207 1244 5 1245 207 1246 46 1247 90 1248 208 1249 1 1250 40 1251 1 1252 208 1253 209 1254 75 1255 110 1256 110 1257 204 1258 209 1259 210 1260 55 1261 52 1262 210 1263 233 1264 55 1265 211 1266 50 1267 54 1268 211 1269 63 1270 50 1271 212 1272 0 1273 11 1274 11 1275 95 1276 212 1277 126 1278 213 1279 40 1280 91 1281 213 1282 126 1283 214 1284 22 1285 127 1286 127 1287 36 1288 214 1289 114 1290 237 1291 215 1292 25 1293 114 1294 215 1295 216 1296 235 1297 23 1298 43 1299 216 1300 23 1301 51 1302 217 1303 65 1304 217 1305 167 1306 65 1307 4 1308 218 1309 84 1310 4 1311 228 1312 218 1313 149 1314 227 1315 219 1316 219 1317 154 1318 149 1319 220 1320 163 1321 25 1322 220 1323 38 1324 163 1325 221 1326 43 1327 47 1328 47 1329 53 1330 221 1331 222 1332 89 1333 104 1334 104 1335 227 1336 222 1337 99 1338 187 1339 223 1340 99 1341 223 1342 51 1343 31 1344 45 1345 224 1346 224 1347 37 1348 31 1349 225 1350 207 1351 5 1352 225 1353 5 1354 30 1355 38 1356 53 1357 226 1358 47 1359 226 1360 53 1361 149 1362 67 1363 227 1364 67 1365 167 1366 227 1367 226 1368 187 1369 228 1370 218 1371 228 1372 187 1373 67 1374 229 1375 167 1376 150 1377 167 1378 229 1379 128 1380 102 1381 230 1382 102 1383 87 1384 230 1385 46 1386 231 1387 196 1388 185 1389 196 1390 231 1391 209 1392 204 1393 232 1394 204 1395 233 1396 232 1397 232 1398 233 1399 193 1400 210 1401 193 1402 233 1403 186 1404 46 1405 234 1406 234 1407 46 1408 196 1409 216 1410 53 1411 235 1412 38 1413 235 1414 53 1415 207 1416 236 1417 45 1418 224 1419 45 1420 236 1421 215 1422 237 1423 38 1424 237 1425 235 1426 38 1427 225 1428 238 1429 207 1430 238 1431 236 1432 207 1433</p>
        </triangles>
      </mesh>
    </geometry>
    <geometry id="FBXASC227FBXASC130FBXASC189FBXASC227FBXASC131FBXASC170FBXASC227FBXASC131FBXASC131FBXASC227FBXASC131FBXASC1373-lib" name="FBXASC227FBXASC130FBXASC189FBXASC227FBXASC131FBXASC170FBXASC227FBXASC131FBXASC131FBXASC227FBXASC131FBXASC1373Mesh">
      <mesh>
        <source id="FBXASC227FBXASC130FBXASC189FBXASC227FBXASC131FBXASC170FBXASC227FBXASC131FBXASC131FBXASC227FBXASC131FBXASC1373-POSITION">
          <float_array id="FBXASC227FBXASC130FBXASC189FBXASC227FBXASC131FBXASC170FBXASC227FBXASC131FBXASC131FBXASC227FBXASC131FBXASC1373-POSITION-array" count="1464">7.874e-05 0 0.003346457 0.000509553 0.000391948 0.002312181 0.00044302 -0.0003926 0.000984252 -0.000164181 0.001059624 0.001456693 -0.000244256 -0.001212195 0.001456693 0.00051265 -0.000905512 0.00231353 0.000864508 0.000511432 0.003346457 0.001078652 -0.001310076 0.000984252 -0.000215358 0.001267256 0.000984252 0.000753942 -0.000415626 0.003346457 -0.000393701 0.000293133 0.001160502 0.001929134 0.001299213 0.000984252 0.000936846 0.001212195 0.000984252 -0.000393701 0.000314961 0.002859094 0.001136796 0.001288025 0.001456693 0.001260681 -0.000905512 0.002489619 -0.000393701 0.000905512 0.003326772 0.000403996 -0.000387706 0.002333136 0.000827153 0.00017082 0.000984252 0.001157088 0.000905512 0.002328425 0.000258591 0.000459103 0.003346457 -0.000393701 -0.000905512 0.003326772 0.000965745 -0.001267256 0.001456693 0.001929134 -0.000905512 0.003326772 -0.00010245 -0.001310076 0.000984252 0.000258591 -0.000459103 0.003346457 0.000569232 -0.000381617 0.002401575 0.001103201 -8.8045e-05 0.003346457 9.6231e-05 0.000116045 0.000984252 0.001771654 -0.001456693 0.000984252 -0.000393701 -0.000370229 0.002763366 -0.000393701 -0.000336788 0.001160502 0.000553867 0.000905512 0.002453904 0.001929134 -0.000905512 0.001456693 0.001929134 0.000905512 0.003326772 0.000540886 -0.000387706 0.002470013 -0.000244256 -0.00115001 0.000984252 0.001929134 0.000905512 0.001456693 -0.000164181 0.001302581 0.001456693 -3.071e-06 -0.00124148 0.001456693 0.001016921 0.001059624 0.001456693 -0.000210981 2.7269e-05 0.003346457 -0.000181495 -7.315e-05 0.002637795 0.000560048 0.00038383 0.000984252 -0.00010245 0.001052128 0.000984252 0.000761044 0.000267785 0.003346457 0.000674846 0.000538702 0.002637795 0.001929134 -0.001299213 0.001456693 -0.00023622 -0.001456693 0.001456693 0.001136796 -0.001074179 0.001456693 0.001178032 0.001120725 0.000984252 0.001178032 -0.001120725 0.000984252 -0.000393701 -0.000905512 0.001456693 0.000674846 -0.000538702 0.003346457 0.000674846 -0.000538702 0.002637795 0.000226973 -0.000307808 0.000984252 8.4295e-05 0.000484163 0.003346457 0.000163391 0.000607238 0.002637795 0.000861744 5.8678e-05 0.003346457 0.000970122 -2.7269e-05 0.002637795 0.001771654 0.001456693 0.001456693 -0.000393701 0.000905512 0.001456693 0.00037957 0.000905512 0.002428844 0.00044302 0.0003926 0.003346457 0.000163391 -0.000607238 0.003346457 0.000258591 -0.000459103 0.002637795 0.00014715 -0.00022178 0.003346457 0.001206698 0.000905512 0.002497381 0.001157088 0.000232283 0.002474725 0.000761044 -0.000267785 0.000984252 0.00044302 -0.0003926 0.003346457 0.000226973 0.000307808 0.000984252 0.000409056 -0.000905512 0.002474725 -0.000164181 -0.001059624 0.000984252 0.001929134 0.001299213 0.001456693 -0.00023622 0.001456693 0.000984252 1.1811e-05 0.001181102 0.000984252 0.001136796 0.001288025 0.000984252 0.000403996 0.000387706 0.002470013 0.000827153 -0.00017082 0.003346457 -0.000244256 0.00115001 0.001456693 0.001260681 -0.000905512 0.00231353 0.001317264 -0.000232283 0.002401575 0.000674846 0.000538702 0.003346457 0.001136796 -0.001288025 0.001456693 0.000936846 -0.00115001 0.000984252 0.000861744 -5.8678e-05 0.000984252 0.001157088 -0.000232283 0.002328425 0.001317264 0.000232283 0.002401575 -2.1319e-05 0 0.002637795 0.000163391 0.000415626 0.002637795 0.000849143 0.000459103 0.002637795 8.4295e-05 -0.000538702 0.002637795 0.001144418 5.2329e-05 0.002637795 0.000753942 -0.000415626 0.002637795 1.1811e-05 -0.001181102 0.000984252 -0.000215358 -0.001094949 0.001456693 0.000258591 0.000563762 0.003346457 -0.000393701 0.001299213 0.000984252 0.000569232 0.000381617 0.002401575 0.001103201 8.8045e-05 0.003346457 0.000113781 -0.000438282 0.003346457 -0.000393701 -0.001299213 0.000984252 0.001178032 0.001120725 0.001456693 0.00051265 0.000905512 0.00231353 0.00014715 0.00022178 0.003346457 0.000936846 0.001212195 0.001456693 0.000849143 -0.000459103 0.003346457 -0.000393701 0.000314961 0.001284291 7.874e-05 0.000252111 0.001231555 -3.071e-06 0.001120725 0.001456693 -0.000393701 -0.000314961 0.001284291 7.874e-05 -0.00037781 0.001231555 -0.000393701 0.000293133 0.002735306 7.874e-05 0.000259692 0.002763366 -0.000393701 -0.000273939 0.002844164 7.874e-05 -0.000355983 0.002844164 -3.071e-06 -0.001120725 0.001456693 0.000753942 0.000415626 0.003346457 0.001929134 -0.001299213 0.000984252 -0.00023622 0.001456693 0.001456693 0.001078652 -0.001052128 0.000984252 0.001301898 0.000905512 0.002349246 0.001771654 0.001456693 0.000984252 0.001157088 -0.000232283 0.002474725 0.000965745 -0.001094949 0.001456693 -0.000131885 -9.5806e-05 0.003346457 0.00051265 -0.000905512 0.002489619 0.000226973 0.000307808 0.003346457 0.001771654 -0.001456693 0.001456693 0.000999607 7.315e-05 0.003346457 7.874e-05 -0.000252111 0.001231555 7.874e-05 0.000370229 0.001188563 7.874e-05 0.000370229 0.002763366 7.874e-05 -0.000252111 0.002806358 -0.00023622 -0.001456693 0.000984252 0.000540886 -0.000387706 0.002333136 0.001206698 0.000232283 0.002305769 0.000540886 0.000387706 0.002470013 -0.000215358 0.001094949 0.000984252 -4.4307e-05 0.001288025 0.001456693 -7.7902e-05 8.8045e-05 0.003346457 0.000403996 -0.000387706 0.002470013 0.001078652 0.001052128 0.000984252 7.874e-05 0 0.000984252 -0.00010245 0.001310076 0.000984252 -0.000164181 -0.001302581 0.001456693 0.001127602 -0.000905512 0.002428844 0.000328606 -0.000366486 0.003346457 0.000753942 -0.000607238 0.002637795 0.00044302 0.0003926 0.000984252 -0.000393701 0.001299213 0.001456693 0.000163391 -0.000607238 0.002637795 -0.000181495 7.315e-05 0.002637795 0.000753942 0.000607238 0.002637795 0.000258591 0.000563762 0.002637795 0.001192913 -0.001181102 0.001456693 0.000864508 -0.000511432 0.002637795 0.000560048 -0.00038383 0.000984252 9.6231e-05 -0.000116045 0.003346457 0.001049217 -9.5806e-05 0.002637795 0.000936846 0.00115001 0.000984252 0.000753942 0.000607238 0.003346457 0.000753942 -0.000607238 0.003346457 0.000403996 0.000387706 0.002333136 -0.000393701 0.000370229 0.002763366 0.000669291 -0.000340955 0.003346457 -0.000393701 -0.000252111 0.001231555 -4.4307e-05 -0.001074179 0.000984252 0.000669291 0.000340955 0.003346457 -3.6684e-05 -5.2329e-05 0.003346457 0.000827153 -0.00017082 0.000984252 -0.000393701 -0.001299213 0.001456693 -0.000215358 -0.001267256 0.000984252 0.001178032 -0.00124148 0.000984252 7.874e-05 0.000355983 0.002844164 -0.000393701 -0.000293133 0.002735306 -4.4307e-05 0.001074179 0.001456693 0.001049217 9.5806e-05 0.002637795 0.001016921 0.001302581 0.000984252 0.001016921 0.001302581 0.001456693 7.874e-05 -0.000336788 0.002735306 -0.000393701 0.000370229 0.001188563 0.000965745 0.001094949 0.001456693 -4.4307e-05 -0.001288025 0.001456693 0.000258591 -0.000563762 0.003346457 0.000409056 0.000905512 0.002328425 0.000861744 -5.8678e-05 0.003346457 -0.00010245 -0.001052128 0.001456693 0.000328606 0.000366486 0.003346457 7.874e-05 0.000314961 0.001284291 0.001016921 -0.001302581 0.001456693 0.00051265 0.000905512 0.002489619 0.001127602 0.000905512 0.002428844 -7.7902e-05 8.8045e-05 0.002637795 0.00014715 -0.00022178 0.000984252 7.874e-05 -0.000293133 0.001160502 0.001078652 -0.001052128 0.001456693 0.000761044 0.000267785 0.000984252 0.001317264 -0.000905512 0.002401575 0.000328606 0.000366486 0.000984252 0.001220472 0.000174125 0.002401575 0.001220472 -0.000174125 0.002401575 0.000458666 -0.000905512 0.002305769 0.000177165 -0.000511432 0.002579637 0.000767717 0.000511432 0.002579637 0.000177165 0.000511432 0.002579637 0.000970122 -2.7269e-05 0.003346457 0.000669291 0.000340955 0.000984252 -0.00011811 0 0.002579637 0.001062992 0 0.002579637 0.000767717 -0.000511432 0.002579637 0.00014715 0.00022178 0.000984252 0.00037957 -0.000905512 0.002374305 0.001016921 -0.001302581 0.000984252 0.000669291 -0.000340955 0.000984252 0.000328606 -0.000366486 0.000984252 0.000761044 -0.000267785 0.003346457 0.000163391 0.000415626 0.003346457 0.000560048 -0.00038383 0.003346457 0.000560048 0.00038383 0.003346457 0.001301898 0.000905512 0.002453904 0.000861744 5.8678e-05 0.000984252 0.000226973 -0.000307808 0.003346457 0.000569232 -0.000905512 0.002401575 8.4295e-05 -0.000484163 0.003346457 -4.4307e-05 0.001074179 0.000984252 0.000827153 0.00017082 0.003346457 0.000217374 0.000599477 0.003346457 9.6231e-05 0.000116045 0.003346457 0.000936846 -0.001212195 0.000984252 0.000117086 -0.000314961 0.001220472 0.001016921 -0.001059624 0.000984252 0.000849143 -0.000563762 0.003346457 -3.071e-06 0.00124148 0.000984252 0.000163391 -0.000415626 0.002637795 8.4295e-05 0.000484163 0.002637795 0.000753942 0.000415626 0.002637795 0.000849143 0.000459103 0.003346457 0.001049217 -9.5806e-05 0.003346457 -0.000244256 0.001212195 0.000984252 -3.071e-06 -0.00124148 0.000984252 0.000472441 -0.000393701 0.002304784 0.000472441 0.000393701 0.002498366 -0.000393701 -0.000355983 0.002844164 -3.071e-06 0.00124148 0.001456693 0.001192913 0.001181102 0.001456693 8.4295e-05 0.000538702 0.003346457 -0.000393701 0.000252111 0.001231555 -0.000393701 0.000252111 0.002806358 -0.000393701 -0.000355983 0.001269361 0.001136796 0.001074179 0.000984252 0.001157088 -0.000905512 0.002328425 -0.000131885 9.5806e-05 0.003346457 9.6231e-05 -0.000116045 0.000984252 0.001144418 5.2329e-05 0.003346457 0.000472441 -0.000393701 0.002498366 -0.000164181 -0.001302581 0.000984252 0.000553867 0.000905512 0.002349246 0.001260681 -0.000232283 0.00231353 0.001144418 -5.2329e-05 0.002637795 0.001127602 0.000232283 0.002374305 0.001260681 0.000232283 0.002489619 0.001157088 -0.000905512 0.002474725 0.000117086 -0.000314961 0.002795276 0.000117086 0.000314961 0.001220472 0.000117086 0.000314961 0.002795276 0.000936846 -0.00115001 0.001456693 -0.000164181 0.001059624 0.000984252 0.000409056 0.000905512 0.002474725 -0.00010245 -0.001052128 0.000984252 0.000965745 0.001267256 0.000984252 0.000965745 0.001267256 0.001456693 7.874e-05 -0.000314961 0.001284291 0.000965745 0.001094949 0.000984252 -4.4307e-05 -0.001074179 0.001456693 0.001206698 -0.000232283 0.002497381 -7.7902e-05 -8.8045e-05 0.002637795 -0.000215358 0.001094949 0.001456693 -0.000164181 0.001302581 0.000984252 0.000113781 0.000584582 0.002637795 0.000674846 0.000484163 0.002637795 0.000674846 -0.000484163 0.002637795 8.4295e-05 -0.000484163 0.002637795 1.1811e-05 0.001181102 0.001456693 1.1811e-05 -0.001181102 0.001456693 -3.071e-06 0.001120725 0.000984252 0.001016921 0.001059624 0.000984252 0.001178032 0.00124148 0.000984252 0.001136796 0.001074179 0.001456693 -0.000244256 0.001212195 0.001456693 -0.000215358 0.001267256 0.001456693 7.874e-05 0.000259692 0.001188563 0.000258591 0.000459103 0.002637795 0.000849143 -0.000563762 0.002637795 0.000258591 -0.000563762 0.002637795 0.000849143 0.000563762 0.002637795 0.001178032 0.00124148 0.001456693 0.001192913 0.001181102 0.000984252 0.000936846 -0.001212195 0.001456693 0.000936846 0.00115001 0.001456693 -0.00010245 0.001310076 0.001456693 -0.000215358 -0.001267256 0.001456693 7.874e-05 0.000336788 0.002735306 7.874e-05 -0.00037781 0.002806358 0.000540886 0.000387706 0.002333136 0.000965745 -0.001094949 0.000984252 0.001136796 -0.001074179 0.000984252 0.001078652 0.001052128 0.001456693 7.874e-05 0.00037781 0.001231555 7.874e-05 0.000273939 0.002844164 0.001260681 0.000905512 0.00231353 0.001178032 -0.001120725 0.001456693 -0.00010245 0.001052128 0.001456693 -3.071e-06 -0.001120725 0.000984252 -0.000244256 0.00115001 0.000984252 0.001078652 0.001310076 0.000984252 0.000458666 0.000905512 0.002305769 0.001078652 0.001310076 0.001456693 0.000409056 -0.000905512 0.002328425 -0.000244256 -0.001212195 0.000984252 0.000458666 -0.000905512 0.002497381 -0.000393701 0.000336788 0.002735306 -0.000393701 -0.000252111 0.002806358 0.001178032 -0.00124148 0.001456693 0.000569232 0.000905512 0.002401575 0.001192913 -0.001181102 0.000984252 0.000458666 0.000905512 0.002497381 -0.000244256 -0.00115001 0.001456693 0.001127602 0.000905512 0.002374305 -7.7902e-05 -8.8045e-05 0.003346457 -0.000393701 -0.000336788 0.002735306 -0.000164181 -0.001059624 0.001456693 0.000965745 -0.001267256 0.000984252 0.000704332 0.000438282 0.003346457 0.000704332 -0.000438282 0.003346457 -4.4307e-05 -0.001288025 0.000984252 0.001136796 -0.001288025 0.000984252 0.001127602 -0.000905512 0.002374305 0.000273957 -0.000511432 0.003346457 0.000553867 -0.000905512 0.002349246 0.000553867 -0.000905512 0.002453904 0.000217374 0.000423388 0.003346457 0.000217374 -0.000423388 0.003346457 0.000163391 -0.000415626 0.003346457 -4.4307e-05 0.001288025 0.000984252 0.000674846 -0.000484163 0.003346457 0.000674846 0.000484163 0.003346457 -0.000393701 -0.000259692 0.001188563 -0.00010245 -0.001310076 0.001456693 0.001016921 -0.001059624 0.001456693 0.001078652 -0.001310076 0.001456693 0.000273957 0.000511432 0.003346457 0.000113781 0.000438282 0.003346457 -0.000393701 0.000259692 0.001188563 -3.6684e-05 5.2329e-05 0.003346457 0.000704332 0.000584582 0.003346457 -0.000393701 -0.000370229 0.001188563 -0.000215358 -0.001094949 0.000984252 0.000509553 0.000391948 0.002490969 -0.000393701 0.000355983 0.001269361 -0.000393701 0.000355983 0.002844164 0.001260681 0.000905512 0.002489619 0.000807925 0.000423388 0.003346457 0.000807925 -0.000423388 0.003346457 -2.1319e-05 0 0.003346457 0.000704332 -0.000584582 0.003346457 0.000970122 2.7269e-05 0.003346457 0.000472441 0.000393701 0.002304784 0.00037957 0.000905512 0.002374305 0.000435329 -0.000391948 0.002312181 0.000435329 0.000391948 0.002490969 0.000435329 0.000391948 0.002312181 0.000435329 -0.000391948 0.002490969 -0.000393701 0.000259692 0.002763366 0.000999607 -7.315e-05 0.003346457 0.000509553 -0.000391948 0.002490969 -0.000374016 0.000885827 0.003346457 0.001301898 -0.000905512 0.002349246 0.000509553 -0.000391948 0.002312181 0.001049217 9.5806e-05 0.003346457 0.001317264 0.000905512 0.002401575 0.000217374 -0.000599477 0.003346457 -0.000374016 -0.000885827 0.003346457 -0.000181495 -7.315e-05 0.003346457 -0.000181495 7.315e-05 0.003346457 -0.000393701 -0.00037781 0.001231555 0.001909449 0.000885827 0.003346457 0.001909449 -0.000885827 0.003346457 0.001260681 0.000232283 0.00231353 0.000970122 2.7269e-05 0.002637795 0.001301898 -0.000232283 0.002453904 -0.000393701 0.00037781 0.002806358 -0.000393701 -0.00037781 0.002806358 -0.000393701 -0.000259692 0.002763366 0.00037565 -0.000381617 0.002401575 0.00037565 0.000381617 0.002401575 -0.000393701 0.00037781 0.001231555 7.874e-05 -0.000370229 0.001188563 7.874e-05 -0.000273939 0.002844164 -0.000393701 -0.000314961 0.002859094 0.001206698 0.000905512 0.002305769 0.001157088 0.000905512 0.002474725 0.001206698 -0.000905512 0.002497381 0.001301898 -0.000905512 0.002453904 0.001144418 -5.2329e-05 0.003346457 0.000163391 0.000607238 0.003346457 8.4295e-05 -0.000538702 0.003346457 0.000849143 0.000563762 0.003346457 0.00037957 -0.000905512 0.002428844 -3.6684e-05 5.2329e-05 0.002637795 -0.000393701 -0.000273939 0.001269361 7.874e-05 -0.000259692 0.001188563 -0.000210981 -2.7269e-05 0.002637795 -3.6684e-05 -5.2329e-05 0.002637795 0.000217374 -0.000599477 0.002637795 0.000807925 0.000599477 0.002637795 0.000273957 0.000511432 0.002637795 0.000807925 -0.000423388 0.002637795 0.001127602 -0.000232283 0.002428844 -0.000393701 0.000273939 0.002844164 -0.000393701 0.000273939 0.001269361 0.001206698 -0.000905512 0.002305769 0.000864508 -0.000511432 0.003346457 7.874e-05 0.000336788 0.001160502 7.874e-05 -0.000293133 0.002735306 7.874e-05 0.000273939 0.001269361 7.874e-05 0.000314961 0.002859094 -0.000210981 -2.7269e-05 0.003346457 0.000113781 -0.000584582 0.003346457 0.000113781 0.000584582 0.003346457 0.000807925 0.000599477 0.003346457 0.000807925 -0.000599477 0.003346457 0.001159783 0 0.003346457 -0.000393701 0.000336788 0.001160502 -0.000393701 -0.000293133 0.001160502 0.001157088 0.000232283 0.002328425 0.001206698 0.000232283 0.002497381 0.000849143 -0.000459103 0.002637795 0.001301898 0.000232283 0.002453904 -0.000210981 2.7269e-05 0.002637795 8.4295e-05 0.000538702 0.002637795 -0.000131885 9.5806e-05 0.002637795 -0.000131885 -9.5806e-05 0.002637795 0.000807925 -0.000599477 0.002637795 0.001103201 8.8045e-05 0.002637795 0.000704332 -0.000584582 0.002637795 0.000704332 0.000584582 0.002637795 0.000704332 0.000438282 0.002637795 0.000113781 -0.000584582 0.002637795 0.000999607 -7.315e-05 0.002637795 0.000704332 -0.000438282 0.002637795 0.000113781 0.000438282 0.002637795 0.000113781 -0.000438282 0.002637795 0.000217374 0.000599477 0.002637795 0.000217374 0.000423388 0.002637795 0.000217374 -0.000423388 0.002637795 0.001103201 -8.8045e-05 0.002637795 0.001260681 -0.000232283 0.002489619 0.000273957 -0.000511432 0.002637795 0.000999607 7.315e-05 0.002637795 0.000807925 0.000423388 0.002637795 0.001127602 -0.000232283 0.002374305 0.001159783 0 0.002637795 0.001127602 0.000232283 0.002428844 0.000864508 0.000511432 0.002637795 0.001301898 0.000232283 0.002349246 0.001301898 -0.000232283 0.002349246 0.001206698 -0.000232283 0.002305769 7.874e-05 0.000293133 0.001160502 7.874e-05 -0.000336788 0.001160502 7.874e-05 0.000293133 0.002735306 7.874e-05 0.000252111 0.002806358 7.874e-05 -0.000259692 0.002763366 7.874e-05 -0.000370229 0.002763366 7.874e-05 0.00037781 0.002806358 7.874e-05 -0.000355983 0.001269361 7.874e-05 0.000355983 0.001269361 7.874e-05 -0.000273939 0.001269361 7.874e-05 -0.000314961 0.002859094 0.000561837 0.000383417 0.002364467 0.000561837 -0.000383417 0.002364467 0.000561837 -0.000383417 0.002438682 0.000561837 0.000383417 0.002438682 0.000383045 -0.000383417 0.002438682 0.000383045 0.000383417 0.002364467 0.000383045 0.000383417 0.002438682 0.000383045 -0.000383417 0.002364467</float_array>
          <technique_common>
            <accessor source="#FBXASC227FBXASC130FBXASC189FBXASC227FBXASC131FBXASC170FBXASC227FBXASC131FBXASC131FBXASC227FBXASC131FBXASC1373-POSITION-array" count="488" stride="3">
              <param name="X" type="float"/>
              <param name="Y" type="float"/>
              <param name="Z" type="float"/>
            </accessor>
          </technique_common>
        </source>
        <source id="FBXASC227FBXASC130FBXASC189FBXASC227FBXASC131FBXASC170FBXASC227FBXASC131FBXASC131FBXASC227FBXASC131FBXASC1373-Normal0">
          <float_array id="FBXASC227FBXASC130FBXASC189FBXASC227FBXASC131FBXASC170FBXASC227FBXASC131FBXASC131FBXASC227FBXASC131FBXASC1373-Normal0-array" count="9000">
-0.576745 -2.473654 0.000000
-0.565203 -2.476317 0.000000
-0.624459 -2.462042 0.000000
-2.540000 0.000000 0.000000
-2.540000 0.000000 0.000000
-2.540000 0.000000 0.000000
-0.000000 -2.540000 -0.000000
-0.000000 -2.540000 -0.000000
-0.000000 -2.540000 -0.000000
0.624459 -2.462042 -0.000000
0.927966 -2.364419 -0.000000
0.927966 -2.364419 -0.000000
-0.000000 0.000000 -2.540000
-0.000000 0.000000 -2.540000
-0.000000 0.000000 -2.540000
0.000000 2.540000 0.000000
0.000000 2.540000 0.000000
0.000000 2.540000 0.000000
0.000000 -0.000000 2.540000
0.000000 -0.000000 2.540000
0.000000 -0.000000 2.540000
-0.000000 0.000000 -2.540000
-0.000000 0.000000 -2.540000
-0.000000 0.000000 -2.540000
2.540000 -0.000000 -0.000000
2.540000 -0.000000 -0.000000
2.540000 -0.000000 -0.000000
2.540000 -0.000000 -0.000000
2.540000 -0.000000 -0.000000
2.540000 -0.000000 -0.000000
0.576745 2.473654 -0.000000
0.927966 2.364419 -0.000000
0.189814 2.532898 -0.000000
-0.624459 2.462042 0.000000
-0.565203 2.476317 0.000000
-0.576745 2.473654 0.000000
-2.540000 0.000000 0.000000
-2.540000 0.000000 0.000000
-2.540000 0.000000 0.000000
2.098646 -1.430833 -0.000000
1.583664 -1.985852 -0.000000
2.098646 -1.430833 -0.000000
-2.540000 0.000000 0.000000
-2.540000 0.000000 0.000000
-2.345923 0.000000 0.973778
0.000000 -0.000000 2.540000
0.000000 -0.000000 2.540000
0.000000 -0.000000 2.540000
-0.000000 0.000000 -2.540000
-0.000000 0.000000 -2.540000
-0.000000 0.000000 -2.540000
-0.000000 0.000000 -2.540000
-0.000000 0.000000 -2.540000
-0.000000 0.000000 -2.540000
-2.540000 0.000000 0.000000
-2.540000 0.000000 0.000000
-2.540000 0.000000 0.000000
0.000000 2.540000 0.000000
0.000000 2.540000 0.000000
0.000000 2.540000 0.000000
0.000000 -0.000000 2.540000
0.000000 -0.000000 2.540000
0.000000 -0.000000 2.540000
-2.288461 -1.102065 0.000000
-2.511630 -0.378567 0.000000
-2.288461 -1.102065 0.000000
-2.540000 0.000000 0.000000
-2.540000 0.000000 0.000000
-2.540000 0.000000 0.000000
-2.540000 0.000000 0.000000
-2.540000 0.000000 0.000000
-2.540000 0.000000 0.000000
0.000000 2.540000 0.000000
0.000000 2.540000 0.000000
0.000000 2.540000 0.000000
0.000000 2.540000 0.000000
0.000000 2.540000 0.000000
0.000000 2.540000 0.000000
-0.000000 0.000000 -2.540000
-0.000000 0.000000 -2.540000
-0.000000 0.000000 -2.540000
-0.000000 0.000000 -2.540000
-0.000000 0.000000 -2.540000
-0.000000 0.000000 -2.540000
-2.540000 0.000000 0.000000
-2.540000 0.000000 0.000000
-2.540000 0.000000 0.000000
-2.540000 0.000000 0.000000
-2.540000 0.000000 0.000000
-2.540000 0.000000 0.000000
0.000000 2.540000 0.000000
0.000000 2.540000 0.000000
0.000000 2.540000 0.000000
0.000000 -0.000000 2.540000
0.000000 -0.000000 2.540000
0.000000 -0.000000 2.540000
-0.000000 -2.540000 -0.000000
-0.000000 -2.540000 -0.000000
-0.000000 -2.540000 -0.000000
-0.000000 -2.540000 -0.000000
-0.000000 -2.540000 -0.000000
-0.000000 -2.540000 -0.000000
0.000000 -0.000000 2.540000
0.000000 -0.000000 2.540000
0.000000 -0.000000 2.540000
0.000000 2.540000 0.000000
0.000000 2.540000 0.000000
0.000000 2.540000 0.000000
0.624459 2.462042 -0.000000
0.927966 2.364419 -0.000000
0.576745 2.473654 -0.000000
0.927966 2.364419 -0.000000
0.927966 2.364419 -0.000000
0.624459 2.462042 -0.000000
-0.000000 0.000000 -2.540000
-0.000000 0.000000 -2.540000
-0.000000 0.000000 -2.540000
0.576745 -2.473654 -0.000000
0.927966 -2.364419 -0.000000
0.189814 -2.532898 -0.000000
-0.000000 0.000000 -2.540000
-0.000000 0.000000 -2.540000
-0.000000 0.000000 -2.540000
-1.861952 1.727639 0.000000
-2.288461 1.102065 0.000000
-1.861952 1.727639 0.000000
0.000000 2.540000 0.000000
0.000000 2.540000 0.000000
0.000000 2.540000 0.000000
0.000000 2.540000 0.000000
0.000000 2.540000 0.000000
0.000000 2.540000 0.000000
0.000000 -0.000000 2.540000
0.000000 -0.000000 2.540000
0.000000 -0.000000 2.540000
-0.624459 -2.462042 0.000000
-0.565203 -2.476317 0.000000
-0.576745 -2.473654 0.000000
0.000000 -0.000000 2.540000
0.000000 -0.000000 2.540000
0.000000 -0.000000 2.540000
0.000000 -0.000000 2.540000
0.000000 -0.000000 2.540000
0.000000 -0.000000 2.540000
0.000000 -0.000000 2.540000
0.000000 -0.000000 2.540000
0.000000 -0.000000 2.540000
0.000000 -0.000000 2.540000
0.000000 -0.000000 2.540000
0.000000 -0.000000 2.540000
2.540000 -0.000000 -0.000000
2.540000 -0.000000 -0.000000
2.540000 -0.000000 -0.000000
-0.000000 -2.540000 -0.000000
-0.000000 -2.540000 -0.000000
-0.000000 -2.540000 -0.000000
0.000000 -0.000000 2.540000
0.000000 -0.000000 2.540000
0.000000 -0.000000 2.540000
-2.540000 0.000000 0.000000
-2.540000 0.000000 0.000000
-2.540000 0.000000 0.000000
1.583664 1.985852 -0.000000
1.583664 1.985852 -0.000000
0.927966 2.364419 -0.000000
0.000000 -0.000000 2.540000
0.000000 -0.000000 2.540000
0.000000 -0.000000 2.540000
-0.576745 2.473654 0.000000
-0.565203 2.476317 0.000000
-0.624459 2.462042 0.000000
-0.624459 2.462042 0.000000
-1.270000 2.199704 0.000000
-1.270000 2.199704 0.000000
0.000000 -0.000000 2.540000
0.000000 -0.000000 2.540000
0.000000 -0.000000 2.540000
-2.511630 0.378567 0.000000
-2.511630 0.378567 0.000000
-2.288461 1.102065 0.000000
-0.000000 0.000000 -2.540000
-0.000000 0.000000 -2.540000
-0.000000 0.000000 -2.540000
2.427155 0.748678 -0.000000
2.098646 1.430833 -0.000000
2.427155 0.748678 -0.000000
-0.000000 0.000000 -2.540000
-0.000000 0.000000 -2.540000
-0.000000 0.000000 -2.540000
-0.000000 0.000000 -2.540000
-0.000000 0.000000 -2.540000
-0.000000 0.000000 -2.540000
-2.540000 0.000000 0.000000
-2.540000 0.000000 0.000000
-2.540000 0.000000 0.000000
-2.540000 0.000000 0.000000
-2.540000 0.000000 0.000000
-2.540000 0.000000 0.000000
-2.540000 0.000000 0.000000
-2.540000 0.000000 0.000000
-2.540000 0.000000 0.000000
-2.540000 0.000000 0.000000
-2.540000 0.000000 0.000000
-2.540000 0.000000 0.000000
-2.540000 0.000000 0.000000
-2.540000 0.000000 0.000000
-2.345923 0.000000 -0.973778
-2.540000 0.000000 0.000000
-2.540000 0.000000 0.000000
-2.345923 0.000000 0.973778
-0.000000 -2.540000 -0.000000
-0.000000 -2.540000 -0.000000
-0.000000 -2.540000 -0.000000
-0.000000 -2.540000 -0.000000
-0.000000 -2.540000 -0.000000
-0.000000 -2.540000 -0.000000
0.000000 -0.000000 2.540000
0.000000 -0.000000 2.540000
0.000000 -0.000000 2.540000
0.000000 -0.000000 2.540000
0.000000 -0.000000 2.540000
0.000000 -0.000000 2.540000
-2.540000 0.000000 0.000000
-2.540000 0.000000 0.000000
-2.345923 0.000000 -0.973778
2.345923 -0.000000 -0.973778
2.437112 -0.000000 -0.715601
2.540000 -0.000000 0.000000
-0.000000 0.000000 -2.540000
-0.000000 0.000000 -2.540000
-0.000000 0.000000 -2.540000
1.901217 1.684332 -0.000000
0.900696 2.374941 -0.000000
1.901217 1.684332 -0.000000
-2.249058 -1.180397 0.000000
-1.442884 -2.090379 0.000000
-2.249058 -1.180397 0.000000
-1.796051 -1.796051 0.000000
-1.796051 -1.796051 0.000000
-1.796051 -1.796051 0.000000
2.540000 -0.000000 -0.000000
2.540000 -0.000000 -0.000000
2.540000 -0.000000 -0.000000
1.796051 1.796051 -0.000000
1.796051 1.796051 -0.000000
1.796051 1.796051 -0.000000
-2.540000 0.000000 0.000000
-2.540000 0.000000 0.000000
-2.540000 0.000000 0.000000
1.901217 1.684332 -0.000000
2.466192 0.607862 -0.000000
1.901217 1.684332 -0.000000
0.000000 -0.000000 2.540000
0.000000 -0.000000 2.540000
0.000000 -0.000000 2.540000
-2.540000 0.000000 0.000000
-2.249058 -1.180397 0.000000
-2.540000 0.000000 0.000000
0.000000 -0.000000 2.540000
0.000000 -0.000000 2.540000
0.000000 -0.000000 2.540000
-0.306163 2.521481 0.000000
0.900696 2.374941 -0.000000
-0.306163 2.521481 0.000000
-0.306163 -2.521481 0.000000
-1.442884 -2.090379 0.000000
-0.306163 -2.521481 0.000000
0.000000 -0.000000 2.540000
0.000000 -0.000000 2.540000
0.000000 -0.000000 2.540000
0.000000 -0.000000 2.540000
0.000000 -0.000000 2.540000
0.000000 -0.000000 2.540000
0.000000 -0.000000 2.540000
0.000000 -0.000000 2.540000
0.000000 -0.000000 2.540000
-2.249058 -1.180397 0.000000
-2.540000 0.000000 0.000000
-2.249058 -1.180397 0.000000
2.466192 0.607862 -0.000000
2.466192 -0.607862 -0.000000
2.466192 0.607862 -0.000000
0.000000 -0.000000 2.540000
0.000000 -0.000000 2.540000
0.000000 -0.000000 2.540000
0.361480 -2.514147 -0.000000
0.361480 -2.514147 -0.000000
-1.055154 -2.310465 0.000000
0.000000 -0.000000 2.540000
0.000000 -0.000000 2.540000
0.000000 -0.000000 2.540000
-2.136784 1.373228 0.000000
-2.136784 1.373228 0.000000
-1.055154 2.310465 0.000000
-1.270000 -2.199704 0.000000
-1.861952 -1.727639 0.000000
-1.270000 -2.199704 0.000000
-0.000000 0.000000 -2.540000
-0.000000 0.000000 -2.540000
-0.000000 0.000000 -2.540000
-1.442884 -2.090379 0.000000
-1.442884 -2.090379 0.000000
-2.249058 -1.180397 0.000000
-0.000000 0.000000 -2.540000
-0.000000 0.000000 -2.540000
-0.000000 0.000000 -2.540000
2.466192 -0.607862 -0.000000
2.466192 -0.607862 -0.000000
2.466192 0.607862 -0.000000
-0.000000 0.000000 -2.540000
-0.000000 0.000000 -2.540000
-0.000000 0.000000 -2.540000
-1.055154 2.310465 0.000000
0.361480 2.514147 -0.000000
-1.055154 2.310465 0.000000
0.000000 -0.000000 2.540000
0.000000 -0.000000 2.540000
0.000000 -0.000000 2.540000
2.437112 0.715601 -0.000000
2.437112 0.715601 -0.000000
1.663346 1.919604 -0.000000
0.000000 -0.000000 2.540000
0.000000 -0.000000 2.540000
0.000000 -0.000000 2.540000
2.540000 -0.000000 -0.000000
2.540000 -0.000000 -0.000000
2.540000 -0.000000 -0.000000
-0.000000 -2.540000 -0.000000
-0.000000 -2.540000 -0.000000
-0.000000 -2.540000 -0.000000
-0.000000 -2.540000 -0.000000
-0.000000 -2.540000 -0.000000
-0.000000 -2.540000 -0.000000
-1.796051 -1.796051 0.000000
-1.796051 -1.796051 0.000000
-1.796051 -1.796051 0.000000
0.000000 -0.000000 2.540000
0.000000 -0.000000 2.540000
0.000000 -0.000000 2.540000
0.900696 -2.374941 -0.000000
0.900696 -2.374941 -0.000000
1.901217 -1.684332 -0.000000
0.000000 -0.000000 2.540000
0.000000 -0.000000 2.540000
0.000000 -0.000000 2.540000
-2.249058 1.180397 0.000000
-2.249058 1.180397 0.000000
-2.540000 0.000000 0.000000
0.900696 2.374941 -0.000000
0.900696 2.374941 -0.000000
1.901217 1.684332 -0.000000
-0.000000 0.000000 -2.540000
-0.000000 0.000000 -2.540000
-0.000000 0.000000 -2.540000
-2.540000 0.000000 0.000000
-2.540000 0.000000 0.000000
-2.249058 -1.180397 0.000000
-0.000000 0.000000 -2.540000
-0.000000 0.000000 -2.540000
-0.000000 0.000000 -2.540000
-0.000000 0.000000 -2.540000
-0.000000 0.000000 -2.540000
-0.000000 0.000000 -2.540000
1.901217 -1.684332 -0.000000
0.900696 -2.374941 -0.000000
1.901217 -1.684332 -0.000000
-0.000000 0.000000 -2.540000
-0.000000 0.000000 -2.540000
-0.000000 0.000000 -2.540000
-1.442884 2.090379 0.000000
-2.249058 1.180397 0.000000
-1.442884 2.090379 0.000000
-2.540000 0.000000 0.000000
-2.540000 0.000000 0.000000
-2.540000 0.000000 0.000000
0.000000 -0.000000 2.540000
0.000000 -0.000000 2.540000
0.000000 -0.000000 2.540000
2.437112 -0.715601 -0.000000
2.437112 -0.715601 -0.000000
1.663346 -1.919604 -0.000000
-1.055154 2.310465 0.000000
-2.136784 1.373228 0.000000
-1.055154 2.310465 0.000000
-0.624459 2.462042 0.000000
-0.565203 2.476317 0.000000
-1.270000 2.199704 0.000000
0.000000 -0.000000 2.540000
0.000000 -0.000000 2.540000
0.000000 -0.000000 2.540000
0.927966 2.364419 -0.000000
1.583664 1.985852 -0.000000
0.927966 2.364419 -0.000000
-0.000000 0.000000 -2.540000
-0.000000 0.000000 -2.540000
-0.000000 0.000000 -2.540000
0.361480 2.514147 -0.000000
0.361480 2.514147 -0.000000
1.663346 1.919604 -0.000000
0.000000 -0.000000 2.540000
0.000000 -0.000000 2.540000
0.000000 -0.000000 2.540000
1.663346 -1.919604 -0.000000
0.361480 -2.514147 -0.000000
1.663346 -1.919604 -0.000000
0.000000 -0.000000 2.540000
0.000000 -0.000000 2.540000
0.000000 -0.000000 2.540000
0.000000 -0.000000 2.540000
0.000000 -0.000000 2.540000
0.000000 -0.000000 2.540000
0.000000 -0.000000 2.540000
0.000000 -0.000000 2.540000
0.000000 -0.000000 2.540000
0.361480 -2.514147 -0.000000
1.663346 -1.919604 -0.000000
0.361480 -2.514147 -0.000000
1.663346 1.919604 -0.000000
1.663346 1.919604 -0.000000
2.437112 0.715601 -0.000000
0.000000 -0.000000 2.540000
0.000000 -0.000000 2.540000
0.000000 -0.000000 2.540000
0.000000 -0.000000 2.540000
0.000000 -0.000000 2.540000
0.000000 -0.000000 2.540000
0.000000 -0.000000 2.540000
0.000000 -0.000000 2.540000
0.000000 -0.000000 2.540000
0.000000 -0.000000 2.540000
0.000000 -0.000000 2.540000
0.000000 -0.000000 2.540000
0.973896 -0.000000 -2.345875
1.663346 -0.000000 -1.919604
0.361480 -0.000000 -2.514147
0.000000 2.540000 0.000000
0.000000 2.540000 0.000000
0.000000 2.540000 0.000000
0.000000 2.540000 0.000000
0.000000 2.540000 0.000000
0.000000 2.540000 0.000000
0.973896 -0.000000 2.345875
0.361480 -0.000000 2.514147
1.663346 -0.000000 1.919604
0.576745 -2.473654 -0.000000
0.189814 -2.532898 -0.000000
0.927966 -2.364419 -0.000000
0.000000 -0.000000 2.540000
0.000000 -0.000000 2.540000
0.000000 -0.000000 2.540000
-1.055154 2.310465 0.000000
-2.136784 1.373228 0.000000
-1.055154 2.310465 0.000000
-1.055154 -2.310465 0.000000
-1.055154 -2.310465 0.000000
0.361480 -2.514147 -0.000000
0.000000 -0.000000 2.540000
0.000000 -0.000000 2.540000
0.000000 -0.000000 2.540000
0.000000 -0.000000 2.540000
0.000000 -0.000000 2.540000
0.000000 -0.000000 2.540000
0.000000 -0.000000 2.540000
0.000000 -0.000000 2.540000
0.000000 -0.000000 2.540000
2.540000 -0.000000 -0.000000
2.427155 0.748678 -0.000000
2.540000 -0.000000 -0.000000
0.000000 2.540000 0.000000
0.000000 2.540000 0.000000
0.000000 2.540000 0.000000
-2.540000 0.000000 0.000000
-2.540000 0.000000 0.000000
-2.136784 0.000000 -1.373228
1.663346 -0.000000 -1.919604
2.437112 -0.000000 -0.715601
1.663346 -0.000000 -1.919604
0.000000 2.540000 0.000000
0.000000 2.540000 0.000000
0.000000 2.540000 0.000000
-0.000000 0.000000 -2.540000
-0.000000 0.000000 -2.540000
-0.000000 0.000000 -2.540000
-1.270000 2.199704 0.000000
-0.565203 2.476317 0.000000
-0.624459 2.462042 0.000000
0.000000 -0.000000 2.540000
0.000000 -0.000000 2.540000
0.000000 -0.000000 2.540000
0.000000 -0.000000 2.540000
0.000000 -0.000000 2.540000
0.000000 -0.000000 2.540000
-0.000000 0.000000 -2.540000
-0.000000 0.000000 -2.540000
-0.000000 0.000000 -2.540000
1.583664 -1.985852 -0.000000
1.583664 -1.985852 -0.000000
2.098646 -1.430833 -0.000000
-0.000000 -2.540000 -0.000000
-0.000000 -2.540000 -0.000000
-0.000000 -2.540000 -0.000000
-2.136784 0.000000 1.373228
-2.540000 0.000000 0.000000
-2.345923 0.000000 0.973778
-0.000000 -2.540000 -0.000000
-0.000000 -2.540000 -0.000000
-0.000000 -2.540000 -0.000000
1.796139 -0.000000 1.795963
2.437112 -0.000000 0.715601
1.663346 -0.000000 1.919604
1.901217 -1.684332 -0.000000
0.900696 -2.374941 -0.000000
1.901217 -1.684332 -0.000000
-0.000000 0.000000 -2.540000
-0.000000 0.000000 -2.540000
-0.000000 0.000000 -2.540000
0.000000 -0.000000 2.540000
0.000000 -0.000000 2.540000
0.000000 -0.000000 2.540000
2.540000 -0.000000 -0.000000
2.540000 -0.000000 -0.000000
2.540000 -0.000000 -0.000000
-0.000000 0.000000 -2.540000
-0.000000 0.000000 -2.540000
-0.000000 0.000000 -2.540000
-1.796051 1.796051 0.000000
-1.796051 1.796051 0.000000
-1.796051 1.796051 0.000000
-1.442884 2.090379 0.000000
-1.442884 2.090379 0.000000
-2.249058 1.180397 0.000000
-0.000000 0.000000 -2.540000
-0.000000 0.000000 -2.540000
-0.000000 0.000000 -2.540000
0.900696 -2.374941 -0.000000
1.901217 -1.684332 -0.000000
0.900696 -2.374941 -0.000000
-0.000000 0.000000 -2.540000
-0.000000 0.000000 -2.540000
-0.000000 0.000000 -2.540000
2.345923 -0.000000 0.973778
2.437112 -0.000000 0.715601
2.540000 -0.000000 -0.000000
0.624459 -2.462042 -0.000000
0.927966 -2.364419 -0.000000
0.576745 -2.473654 -0.000000
-1.861952 1.727639 0.000000
-1.861952 1.727639 0.000000
-1.270000 2.199704 0.000000
0.000000 -0.000000 2.540000
0.000000 -0.000000 2.540000
0.000000 -0.000000 2.540000
-1.796051 1.796051 0.000000
-1.796051 1.796051 0.000000
-1.796051 1.796051 0.000000
2.466192 -0.607862 -0.000000
1.901217 -1.684332 -0.000000
2.466192 -0.607862 -0.000000
-0.000000 -2.540000 -0.000000
-0.000000 -2.540000 -0.000000
-0.000000 -2.540000 -0.000000
-2.136784 0.000000 1.373228
-2.136784 0.000000 1.373228
-2.540000 0.000000 0.000000
-0.000000 -2.540000 -0.000000
-0.000000 -2.540000 -0.000000
-0.000000 -2.540000 -0.000000
2.437112 -0.000000 -0.715601
2.437112 -0.000000 -0.715601
1.663346 -0.000000 -1.919604
0.000000 -0.000000 2.540000
0.000000 -0.000000 2.540000
0.000000 -0.000000 2.540000
-1.055154 -2.310465 0.000000
-1.055154 -2.310465 0.000000
-2.136784 -1.373228 0.000000
0.900696 2.374941 -0.000000
0.900696 2.374941 -0.000000
1.901217 1.684332 -0.000000
0.000000 -0.000000 2.540000
0.000000 -0.000000 2.540000
0.000000 -0.000000 2.540000
-0.000000 0.000000 -2.540000
-0.000000 0.000000 -2.540000
-0.000000 0.000000 -2.540000
1.901217 1.684332 -0.000000
1.901217 1.684332 -0.000000
2.466192 0.607862 -0.000000
-0.000000 0.000000 -2.540000
-0.000000 0.000000 -2.540000
-0.000000 0.000000 -2.540000
-2.511630 -0.378567 0.000000
-2.511630 -0.378567 0.000000
-2.288461 -1.102065 0.000000
-2.136784 0.000000 1.373228
-1.055154 0.000000 2.310465
-2.136784 0.000000 1.373228
-1.055154 0.000000 -2.310465
-2.136784 0.000000 -1.373228
-1.055154 0.000000 -2.310465
0.361480 -0.000000 -2.514147
0.361480 -0.000000 -2.514147
-1.055154 0.000000 -2.310465
1.663346 -0.000000 1.919604
2.437112 -0.000000 0.715601
1.663346 -0.000000 1.919604
0.361480 -2.514147 -0.000000
1.663346 -1.919604 -0.000000
0.361480 -2.514147 -0.000000
-1.055154 2.310465 0.000000
-2.136784 1.373228 0.000000
-1.055154 2.310465 0.000000
-2.136784 1.373228 0.000000
-2.136784 1.373228 0.000000
-2.540000 0.000000 0.000000
2.437112 -0.715601 -0.000000
2.437112 0.715601 -0.000000
2.437112 -0.715601 -0.000000
-2.136784 -1.373228 0.000000
-1.055154 -2.310465 0.000000
-2.136784 -1.373228 0.000000
1.663346 1.919604 -0.000000
0.361480 2.514147 -0.000000
1.663346 1.919604 -0.000000
-2.136784 1.373228 0.000000
-2.136784 1.373228 0.000000
-1.055154 2.310465 0.000000
1.663346 -1.919604 -0.000000
1.663346 -1.919604 -0.000000
0.361480 -2.514147 -0.000000
1.663346 -1.919604 -0.000000
1.663346 -1.919604 -0.000000
2.437112 -0.715601 -0.000000
-1.055154 2.310465 0.000000
-2.136784 1.373228 0.000000
-1.055154 2.310465 0.000000
1.663346 -1.919604 -0.000000
0.361480 -2.514147 -0.000000
1.663346 -1.919604 -0.000000
-2.136784 1.373228 0.000000
-2.540000 0.000000 0.000000
-2.136784 1.373228 0.000000
-0.000000 0.000000 -2.540000
-0.000000 0.000000 -2.540000
-0.000000 0.000000 -2.540000
-1.442884 2.090379 0.000000
-2.249058 1.180397 0.000000
-1.442884 2.090379 0.000000
0.000000 -0.000000 2.540000
0.000000 -0.000000 2.540000
0.000000 -0.000000 2.540000
2.466192 -0.607862 -0.000000
1.901217 -1.684332 -0.000000
2.466192 -0.607862 -0.000000
0.000000 -0.000000 2.540000
0.000000 -0.000000 2.540000
0.000000 -0.000000 2.540000
-2.540000 0.000000 0.000000
-2.136784 1.373228 0.000000
-2.540000 0.000000 0.000000
-0.000000 0.000000 -2.540000
-0.000000 0.000000 -2.540000
-0.000000 0.000000 -2.540000
-0.000000 0.000000 -2.540000
-0.000000 0.000000 -2.540000
-0.000000 0.000000 -2.540000
-1.270000 -2.199704 0.000000
-1.270000 -2.199704 0.000000
-0.624459 -2.462042 0.000000
-0.624459 -2.462042 0.000000
-1.270000 -2.199704 0.000000
-0.565203 -2.476317 0.000000
0.000000 -0.000000 2.540000
0.000000 -0.000000 2.540000
0.000000 -0.000000 2.540000
-2.540000 0.000000 0.000000
-2.136784 1.373228 0.000000
-2.540000 0.000000 0.000000
0.000000 -0.000000 2.540000
0.000000 -0.000000 2.540000
0.000000 -0.000000 2.540000
1.663346 1.919604 -0.000000
2.437112 0.715601 -0.000000
1.663346 1.919604 -0.000000
-0.000000 0.000000 -2.540000
-0.000000 0.000000 -2.540000
-0.000000 0.000000 -2.540000
-0.000000 0.000000 -2.540000
-0.000000 0.000000 -2.540000
-0.000000 0.000000 -2.540000
-1.442884 2.090379 0.000000
-1.442884 2.090379 0.000000
-0.306163 2.521481 0.000000
0.000000 -0.000000 2.540000
0.000000 -0.000000 2.540000
0.000000 -0.000000 2.540000
0.000000 2.540000 0.000000
0.000000 2.540000 0.000000
0.000000 2.540000 0.000000
-2.345923 0.000000 0.973778
-2.540000 0.000000 0.000000
-2.136784 0.000000 1.373228
2.427155 -0.748678 -0.000000
2.540000 -0.000000 -0.000000
2.427155 -0.748678 -0.000000
0.000000 -0.000000 2.540000
0.000000 -0.000000 2.540000
0.000000 -0.000000 2.540000
0.000000 -0.000000 2.540000
0.000000 -0.000000 2.540000
0.000000 -0.000000 2.540000
1.901217 -1.684332 -0.000000
1.901217 -1.684332 -0.000000
0.900696 -2.374941 -0.000000
0.000000 -0.000000 2.540000
0.000000 -0.000000 2.540000
0.000000 -0.000000 2.540000
-1.055154 -2.310465 0.000000
-1.055154 -2.310465 0.000000
0.361480 -2.514147 -0.000000
0.000000 2.501412 -0.441066
0.000000 2.501412 -0.441066
0.000000 2.199704 1.270000
-2.540000 0.000000 0.000000
-2.540000 0.000000 0.000000
-2.540000 0.000000 0.000000
-2.540000 0.000000 0.000000
-2.540000 0.000000 0.000000
-2.540000 0.000000 0.000000
-0.000000 -2.501412 -0.441066
-0.000000 -2.501412 -0.441066
-0.000000 -1.632681 -1.945753
0.000000 -0.000000 2.540000
0.000000 -0.000000 2.540000
0.000000 -0.000000 2.540000
-2.249058 1.180397 0.000000
-1.442884 2.090379 0.000000
-2.249058 1.180397 0.000000
0.000000 2.501412 -0.441066
0.000000 2.199704 1.270000
0.000000 2.501412 -0.441066
-2.540000 0.000000 0.000000
-2.540000 0.000000 0.000000
-2.540000 0.000000 0.000000
-0.000000 -1.632681 -1.945753
-0.000000 -1.632681 -1.945753
-0.000000 -2.501412 -0.441066
-2.540000 0.000000 0.000000
-2.540000 0.000000 0.000000
-2.540000 0.000000 0.000000
-2.540000 0.000000 0.000000
-2.540000 0.000000 0.000000
-2.540000 0.000000 0.000000
-2.540000 0.000000 0.000000
-2.540000 0.000000 0.000000
-2.540000 0.000000 0.000000
-0.000000 -1.632681 -1.945753
-0.000000 -2.501412 -0.441066
-0.000000 -1.632681 -1.945753
0.000000 2.501412 -0.441066
0.000000 2.199704 1.270000
0.000000 2.501412 -0.441066
-0.000000 -2.199704 1.270000
-0.000000 -2.199704 1.270000
-0.000000 -2.501412 -0.441066
0.000000 1.632681 -1.945753
0.000000 1.632681 -1.945753
0.000000 2.501412 -0.441066
-2.540000 0.000000 0.000000
-2.540000 0.000000 0.000000
-2.540000 0.000000 0.000000
-2.540000 0.000000 0.000000
-2.540000 0.000000 0.000000
-2.540000 0.000000 0.000000
-2.540000 0.000000 0.000000
-2.249058 -1.180397 0.000000
-2.540000 0.000000 0.000000
0.000000 -0.000000 2.540000
0.000000 -0.000000 2.540000
0.000000 -0.000000 2.540000
-1.861952 -1.727639 0.000000
-1.861952 -1.727639 0.000000
-1.270000 -2.199704 0.000000
0.000000 -0.000000 2.540000
0.000000 -0.000000 2.540000
0.000000 -0.000000 2.540000
1.796051 -1.796051 -0.000000
1.796051 -1.796051 -0.000000
1.796051 -1.796051 -0.000000
-0.000000 0.000000 -2.540000
-0.000000 0.000000 -2.540000
-0.000000 0.000000 -2.540000
0.000000 -0.000000 2.540000
0.000000 -0.000000 2.540000
0.000000 -0.000000 2.540000
0.000000 -0.000000 2.540000
0.000000 -0.000000 2.540000
0.000000 -0.000000 2.540000
-1.442884 -2.090379 0.000000
-1.442884 -2.090379 0.000000
-2.249058 -1.180397 0.000000
-0.000000 0.000000 -2.540000
-0.000000 0.000000 -2.540000
-0.000000 0.000000 -2.540000
0.361480 -0.000000 2.514147
-1.055154 0.000000 2.310465
0.361480 -0.000000 2.514147
0.000000 2.540000 0.000000
0.000000 2.540000 0.000000
0.000000 2.540000 0.000000
-0.000000 0.000000 -2.540000
-0.000000 0.000000 -2.540000
-0.000000 0.000000 -2.540000
1.796051 1.796051 -0.000000
1.796051 1.796051 -0.000000
1.796051 1.796051 -0.000000
2.437112 -0.000000 0.715601
2.437112 -0.000000 -0.715601
2.437112 -0.000000 0.715601
1.255206 -2.177205 0.368562
1.255206 -2.177205 0.368562
1.255206 -2.177205 -0.368562
2.466192 0.607862 -0.000000
2.466192 -0.607862 -0.000000
2.466192 0.607862 -0.000000
0.000000 -0.000000 2.540000
0.000000 -0.000000 2.540000
0.000000 -0.000000 2.540000
0.000000 -0.000000 2.540000
0.000000 -0.000000 2.540000
0.000000 -0.000000 2.540000
2.437112 0.715601 -0.000000
2.437112 0.715601 -0.000000
1.663346 1.919604 -0.000000
-0.000000 0.000000 -2.540000
-1.055154 0.000000 -2.310465
0.361480 -0.000000 -2.514147
-0.000000 -2.540000 -0.000000
-0.000000 -2.540000 -0.000000
-0.000000 -2.540000 -0.000000
0.000000 -0.000000 2.540000
0.000000 -0.000000 2.540000
0.000000 -0.000000 2.540000
0.000000 -0.000000 2.540000
0.000000 -0.000000 2.540000
0.000000 -0.000000 2.540000
0.000000 -0.000000 2.540000
0.000000 -0.000000 2.540000
0.000000 -0.000000 2.540000
1.796051 -1.796051 -0.000000
1.796051 -1.796051 -0.000000
1.796051 -1.796051 -0.000000
0.000000 -0.000000 2.540000
0.000000 -0.000000 2.540000
0.000000 -0.000000 2.540000
0.000000 -0.000000 2.540000
0.000000 -0.000000 2.540000
0.000000 -0.000000 2.540000
-0.000000 -2.199704 1.270000
-0.000000 -0.868731 2.386819
-0.000000 -2.199704 1.270000
0.000000 1.632681 -1.945753
-0.000000 -0.000000 -2.540000
0.000000 1.632681 -1.945753
-0.000000 -0.000000 -2.540000
-0.000000 -0.000000 -2.540000
0.000000 1.632681 -1.945753
0.000000 0.868731 2.386819
-0.000000 -0.868731 2.386819
0.000000 0.868731 2.386819
0.000000 1.632681 -1.945753
-0.000000 -0.000000 -2.540000
0.000000 1.632681 -1.945753
0.000000 0.868731 2.386819
0.000000 0.868731 2.386819
0.000000 2.199704 1.270000
0.000000 2.199704 1.270000
0.000000 0.868731 2.386819
0.000000 2.199704 1.270000
-0.000000 -0.000000 -2.540000
-0.000000 -1.632681 -1.945753
-0.000000 -0.000000 -2.540000
-0.000000 0.000000 -2.540000
-0.000000 0.000000 -2.540000
-0.000000 0.000000 -2.540000
-0.000000 0.000000 -2.540000
-0.000000 0.000000 -2.540000
-0.000000 0.000000 -2.540000
-0.239432 2.528690 0.000000
0.189814 2.532898 -0.000000
0.000000 2.540000 0.000000
-1.055154 0.000000 2.310465
-0.973896 0.000000 2.345875
0.000000 -0.000000 2.540000
-2.136784 0.000000 1.373228
-1.055154 0.000000 2.310465
-2.136784 0.000000 1.373228
-0.543445 2.177205 -1.189978
-0.543445 2.177205 -1.189978
0.186176 2.177205 -1.294881
-0.239432 -2.528690 0.000000
0.189814 -2.532898 -0.000000
-0.000000 -2.540000 -0.000000
-0.973896 0.000000 -2.345875
-0.000000 0.000000 -2.540000
-1.055154 0.000000 -2.310465
1.901217 1.684332 -0.000000
0.900696 2.374941 -0.000000
1.901217 1.684332 -0.000000
-0.000000 0.000000 -2.540000
-0.000000 0.000000 -2.540000
-0.000000 0.000000 -2.540000
0.000000 -0.000000 2.540000
0.000000 -0.000000 2.540000
0.000000 -0.000000 2.540000
0.900696 -2.374941 -0.000000
0.900696 -2.374941 -0.000000
-0.306163 -2.521481 0.000000
0.000000 -0.000000 2.540000
0.000000 -0.000000 2.540000
0.000000 -0.000000 2.540000
-2.540000 0.000000 0.000000
-2.540000 0.000000 0.000000
-2.136784 -1.373228 0.000000
-0.973896 0.000000 -2.345875
-1.055154 0.000000 -2.310465
-0.000000 0.000000 -2.540000
0.000000 2.540000 0.000000
0.189814 2.532898 -0.000000
-0.239432 2.528690 0.000000
-0.306163 2.521481 0.000000
-1.442884 2.090379 0.000000
-0.306163 2.521481 0.000000
-0.000000 0.000000 -2.540000
-0.000000 0.000000 -2.540000
-0.000000 0.000000 -2.540000
2.540000 -0.000000 -0.000000
2.540000 -0.000000 -0.000000
2.427155 -0.748678 -0.000000
-0.000000 0.000000 -2.540000
-0.000000 0.000000 -2.540000
-0.000000 0.000000 -2.540000
-0.306163 -2.521481 0.000000
0.900696 -2.374941 -0.000000
-0.306163 -2.521481 0.000000
-0.000000 0.000000 -2.540000
-0.000000 0.000000 -2.540000
-0.000000 0.000000 -2.540000
1.901217 1.684332 -0.000000
1.901217 1.684332 -0.000000
2.466192 0.607862 -0.000000
0.000000 -0.000000 2.540000
0.000000 -0.000000 2.540000
0.000000 -0.000000 2.540000
-0.000000 -2.540000 -0.000000
-0.000000 -2.540000 -0.000000
-0.000000 -2.540000 -0.000000
2.437112 -0.000000 0.715601
2.437112 -0.000000 0.715601
1.663346 -0.000000 1.919604
0.000000 -0.000000 2.540000
0.000000 -0.000000 2.540000
0.000000 -0.000000 2.540000
0.000000 -0.000000 2.540000
0.000000 -0.000000 2.540000
0.000000 -0.000000 2.540000
1.663346 1.919604 -0.000000
1.663346 1.919604 -0.000000
0.361480 2.514147 -0.000000
0.186176 1.294881 2.177205
0.186176 1.294881 2.177205
0.856687 0.988669 2.177205
-0.239432 -2.528690 0.000000
0.189814 -2.532898 -0.000000
-0.565203 -2.476317 0.000000
-0.000000 0.000000 -2.540000
-0.000000 0.000000 -2.540000
-0.000000 0.000000 -2.540000
0.000000 -0.000000 2.540000
0.000000 -0.000000 2.540000
0.000000 -0.000000 2.540000
0.000000 -0.000000 2.540000
0.000000 -0.000000 2.540000
0.000000 -0.000000 2.540000
0.856687 -0.988669 2.177205
0.856687 -0.988669 2.177205
0.186176 -1.294881 2.177205
1.663346 1.919604 -0.000000
1.663346 1.919604 -0.000000
0.361480 2.514147 -0.000000
2.437112 -0.715601 -0.000000
2.437112 -0.715601 -0.000000
2.437112 0.715601 -0.000000
-1.100525 0.707265 2.177205
-1.100525 0.707265 2.177205
-0.543445 1.189978 2.177205
0.186176 1.294881 2.177205
0.186176 1.294881 2.177205
0.856687 0.988669 2.177205
1.663346 -1.919604 -0.000000
1.663346 -1.919604 -0.000000
0.361480 -2.514147 -0.000000
1.255206 0.368562 2.177205
1.255206 0.368562 2.177205
1.255206 -0.368562 2.177205
-1.055154 -2.310465 0.000000
-1.055154 -2.310465 0.000000
-2.136784 -1.373228 0.000000
-2.249058 -1.180397 0.000000
-2.540000 0.000000 0.000000
-2.249058 -1.180397 0.000000
0.000000 -0.000000 2.540000
0.000000 -0.000000 2.540000
0.000000 -0.000000 2.540000
0.856687 -0.988669 2.177205
0.856687 -0.988669 2.177205
0.186176 -1.294881 2.177205
-2.136784 -1.373228 0.000000
-2.136784 -1.373228 0.000000
-1.055154 -2.310465 0.000000
-0.239432 2.528690 0.000000
-0.565203 2.476317 0.000000
0.189814 2.532898 -0.000000
-0.000000 0.000000 -2.540000
-0.000000 0.000000 -2.540000
-0.000000 0.000000 -2.540000
0.000000 -0.000000 2.540000
0.000000 -0.000000 2.540000
0.000000 -0.000000 2.540000
2.098646 1.430833 -0.000000
2.098646 1.430833 -0.000000
2.427155 0.748678 -0.000000
1.663346 1.919604 -0.000000
1.663346 1.919604 -0.000000
0.361480 2.514147 -0.000000
1.255206 -0.368562 2.177205
1.255206 -0.368562 2.177205
0.856687 -0.988669 2.177205
-0.000000 0.000000 -2.540000
-0.000000 0.000000 -2.540000
-0.000000 0.000000 -2.540000
2.466192 -0.607862 -0.000000
2.466192 -0.607862 -0.000000
2.466192 0.607862 -0.000000
0.000000 -0.000000 2.540000
0.000000 -0.000000 2.540000
0.000000 -0.000000 2.540000
2.437112 -0.715601 -0.000000
2.437112 -0.715601 -0.000000
1.663346 -1.919604 -0.000000
1.663346 1.919604 -0.000000
2.437112 0.715601 -0.000000
1.663346 1.919604 -0.000000
0.000000 -0.000000 2.540000
0.000000 -0.000000 2.540000
0.000000 -0.000000 2.540000
0.239432 -2.528690 -0.000000
0.189814 -2.532898 -0.000000
0.000000 -2.540000 -0.000000
0.000000 -0.000000 2.540000
0.361480 -0.000000 2.514147
0.973896 -0.000000 2.345875
0.000000 0.868731 2.386819
-0.000000 -0.868731 2.386819
0.000000 0.868731 2.386819
-2.540000 0.000000 0.000000
-2.540000 0.000000 0.000000
-2.540000 0.000000 0.000000
0.000000 -0.000000 2.540000
0.000000 -0.000000 2.540000
0.000000 -0.000000 2.540000
0.000000 -0.000000 2.540000
0.000000 -0.000000 2.540000
0.000000 -0.000000 2.540000
-0.000000 -0.868731 2.386819
-0.000000 -0.868731 2.386819
-0.000000 -2.199704 1.270000
-2.540000 0.000000 0.000000
-2.540000 0.000000 0.000000
-2.540000 0.000000 0.000000
-0.000000 0.000000 -2.540000
-0.000000 0.000000 -2.540000
-0.000000 0.000000 -2.540000
-1.442884 -2.090379 0.000000
-1.442884 -2.090379 0.000000
-0.306163 -2.521481 0.000000
0.000000 -0.000000 2.540000
0.000000 -0.000000 2.540000
0.000000 -0.000000 2.540000
0.000000 -0.000000 2.540000
0.000000 -0.000000 2.540000
0.000000 -0.000000 2.540000
0.000000 -0.000000 2.540000
0.000000 -0.000000 2.540000
0.000000 -0.000000 2.540000
0.000000 -0.000000 2.540000
0.000000 -0.000000 2.540000
0.000000 -0.000000 2.540000
-0.000000 0.000000 -2.540000
-0.000000 0.000000 -2.540000
-0.000000 0.000000 -2.540000
-2.288461 1.102065 0.000000
-2.511630 0.378567 0.000000
-2.288461 1.102065 0.000000
0.000000 -0.000000 2.540000
0.000000 -0.000000 2.540000
0.000000 -0.000000 2.540000
0.000000 -0.000000 2.540000
0.000000 -0.000000 2.540000
0.000000 -0.000000 2.540000
2.466192 0.607862 -0.000000
2.466192 0.607862 -0.000000
2.466192 -0.607862 -0.000000
-0.000000 0.000000 -2.540000
-0.000000 0.000000 -2.540000
-0.000000 0.000000 -2.540000
-0.000000 0.000000 -2.540000
-0.000000 0.000000 -2.540000
-0.000000 0.000000 -2.540000
-2.540000 0.000000 0.000000
-2.249058 1.180397 0.000000
-2.540000 0.000000 0.000000
-0.000000 -2.501412 -0.441066
-0.000000 -2.501412 -0.441066
-0.000000 -1.632681 -1.945753
-2.177205 1.132932 0.654098
-2.177205 1.132932 0.654098
-2.177205 0.447430 1.229303
0.000000 0.868731 2.386819
-0.000000 -0.868731 2.386819
0.000000 0.868731 2.386819
-2.540000 0.000000 0.000000
-2.540000 0.000000 0.000000
-2.540000 0.000000 0.000000
-0.306163 2.521481 0.000000
-0.306163 2.521481 0.000000
0.900696 2.374941 -0.000000
0.000000 -0.000000 2.540000
0.000000 -0.000000 2.540000
0.000000 -0.000000 2.540000
-1.055154 -2.310465 0.000000
0.361480 -2.514147 -0.000000
-1.055154 -2.310465 0.000000
0.186176 -1.294881 2.177205
0.186176 -1.294881 2.177205
-0.543445 -1.189978 2.177205
-0.000000 0.000000 -2.540000
-0.000000 0.000000 -2.540000
-0.000000 0.000000 -2.540000
-1.442884 -2.090379 0.000000
-0.306163 -2.521481 0.000000
-1.442884 -2.090379 0.000000
-0.306163 -2.521481 0.000000
-0.306163 -2.521481 0.000000
-1.442884 -2.090379 0.000000
0.000000 -0.000000 2.540000
0.000000 -0.000000 2.540000
0.000000 -0.000000 2.540000
-0.000000 -2.199704 1.270000
-0.000000 -2.199704 1.270000
-0.000000 -0.868731 2.386819
-2.177205 -0.840893 -1.002137
-2.177205 -0.840893 -1.002137
-2.177205 0.000000 -1.308197
-0.000000 -0.868731 2.386819
-0.000000 -2.199704 1.270000
-0.000000 -0.868731 2.386819
-2.540000 0.000000 0.000000
-2.540000 0.000000 0.000000
-2.540000 0.000000 0.000000
1.901217 1.684332 -0.000000
0.900696 2.374941 -0.000000
1.901217 1.684332 -0.000000
0.000000 -0.000000 2.540000
0.000000 -0.000000 2.540000
0.000000 -0.000000 2.540000
0.000000 -0.000000 2.540000
0.000000 -0.000000 2.540000
0.000000 -0.000000 2.540000
-2.249058 1.180397 0.000000
-2.249058 1.180397 0.000000
-1.442884 2.090379 0.000000
-2.136784 -1.373228 0.000000
-2.540000 0.000000 0.000000
-2.136784 -1.373228 0.000000
0.000000 -0.000000 2.540000
0.000000 -0.000000 2.540000
0.000000 -0.000000 2.540000
0.000000 2.540000 0.000000
0.000000 2.540000 0.000000
0.000000 2.540000 0.000000
2.437112 -0.000000 0.715601
2.345923 -0.000000 0.973778
1.663346 -0.000000 1.919604
-2.511630 -0.378567 0.000000
-2.511630 0.378567 0.000000
-2.511630 -0.378567 0.000000
0.000000 -0.000000 2.540000
0.000000 -0.000000 2.540000
0.000000 -0.000000 2.540000
0.000000 -0.000000 2.540000
0.000000 -0.000000 2.540000
0.000000 -0.000000 2.540000
0.900696 -2.374941 -0.000000
0.900696 -2.374941 -0.000000
1.901217 -1.684332 -0.000000
1.583664 -1.985852 -0.000000
0.927966 -2.364419 -0.000000
1.583664 -1.985852 -0.000000
0.000000 -0.000000 2.540000
0.000000 -0.000000 2.540000
0.000000 -0.000000 2.540000
-0.000000 -2.501412 -0.441066
-0.000000 -2.501412 -0.441066
-0.000000 -2.199704 1.270000
-2.177205 0.000000 -1.308197
-2.177205 0.000000 -1.308197
-2.177205 0.840893 -1.002137
-0.306163 2.521481 0.000000
-0.306163 2.521481 0.000000
-1.442884 2.090379 0.000000
0.000000 -0.000000 2.540000
0.000000 -0.000000 2.540000
0.000000 -0.000000 2.540000
-0.973896 0.000000 -2.345875
-1.055154 0.000000 -2.310465
-2.136784 0.000000 -1.373228
0.000000 2.540000 0.000000
0.000000 2.540000 0.000000
0.000000 2.540000 0.000000
2.437112 -0.000000 0.715601
2.437112 -0.000000 0.715601
1.663346 -0.000000 1.919604
0.000000 2.540000 0.000000
0.000000 2.540000 0.000000
0.000000 2.540000 0.000000
-2.136784 -1.373228 0.000000
-2.540000 0.000000 0.000000
-2.136784 -1.373228 0.000000
-1.100525 -0.707265 2.177205
-1.100525 -0.707265 2.177205
-1.308197 0.000000 2.177205
2.098646 1.430833 -0.000000
1.583664 1.985852 -0.000000
2.098646 1.430833 -0.000000
-0.000000 0.000000 -2.540000
-0.000000 0.000000 -2.540000
-0.000000 0.000000 -2.540000
-2.177205 1.132932 0.654098
-2.177205 1.132932 0.654098
-2.177205 0.447430 1.229303
0.000000 0.868731 2.386819
0.000000 0.868731 2.386819
0.000000 2.199704 1.270000
0.000000 -0.000000 2.540000
0.000000 -0.000000 2.540000
0.000000 -0.000000 2.540000
-0.306163 -2.521481 0.000000
-0.306163 -2.521481 0.000000
-1.442884 -2.090379 0.000000
-1.861952 -1.727639 0.000000
-2.288461 -1.102065 0.000000
-1.861952 -1.727639 0.000000
-0.000000 0.000000 -2.540000
-0.000000 0.000000 -2.540000
-0.000000 0.000000 -2.540000
-2.136784 0.000000 -1.373228
-2.136784 0.000000 -1.373228
-1.055154 0.000000 -2.310465
-0.000000 -2.540000 -0.000000
-0.000000 -2.540000 -0.000000
-0.000000 -2.540000 -0.000000
0.927966 -2.364419 -0.000000
0.927966 -2.364419 -0.000000
1.583664 -1.985852 -0.000000
-0.000000 0.000000 -2.540000
-0.000000 0.000000 -2.540000
-0.000000 0.000000 -2.540000
1.255206 2.177205 0.368562
1.255206 2.177205 0.368562
0.856687 2.177205 0.988669
-0.543445 2.177205 1.189978
-0.543445 2.177205 1.189978
-1.100525 2.177205 0.707265
-1.100525 -2.177205 0.707265
-1.100525 -2.177205 0.707265
-0.543445 -2.177205 1.189978
-0.543445 -2.177205 -1.189978
-0.543445 -2.177205 -1.189978
-1.100525 -2.177205 -0.707265
-0.000000 -2.540000 -0.000000
-0.000000 -2.540000 -0.000000
-0.000000 -2.540000 -0.000000
0.361480 -0.000000 2.514147
-1.055154 0.000000 2.310465
0.000000 -0.000000 2.540000
-1.100525 0.707265 2.177205
-1.100525 0.707265 2.177205
-0.543445 1.189978 2.177205
0.186176 1.294881 2.177205
0.186176 1.294881 2.177205
0.856687 0.988669 2.177205
0.856687 -0.988669 2.177205
0.856687 -0.988669 2.177205
0.186176 -1.294881 2.177205
-0.543445 -1.189978 2.177205
-0.543445 -1.189978 2.177205
-1.100525 -0.707265 2.177205
-0.543445 -1.189978 2.177205
-0.543445 -1.189978 2.177205
-1.100525 -0.707265 2.177205
-1.308197 0.000000 2.177205
-1.308197 0.000000 2.177205
-1.100525 0.707265 2.177205
2.437112 -0.715601 -0.000000
2.437112 -0.715601 -0.000000
2.437112 0.715601 -0.000000
0.000000 -0.000000 2.540000
0.000000 -0.000000 2.540000
0.000000 -0.000000 2.540000
-0.624459 -2.462042 0.000000
-0.565203 -2.476317 0.000000
-1.270000 -2.199704 0.000000
-0.000000 0.000000 -2.540000
-0.000000 0.000000 -2.540000
-0.000000 0.000000 -2.540000
1.255206 0.368562 2.177205
1.255206 0.368562 2.177205
1.255206 -0.368562 2.177205
0.856687 -0.988669 2.177205
0.856687 -0.988669 2.177205
0.186176 -1.294881 2.177205
-1.100525 0.707265 2.177205
-1.100525 0.707265 2.177205
-0.543445 1.189978 2.177205
0.186176 1.294881 2.177205
0.186176 1.294881 2.177205
0.856687 0.988669 2.177205
-0.543445 -1.189978 2.177205
-0.543445 -1.189978 2.177205
-1.100525 -0.707265 2.177205
-1.308197 0.000000 2.177205
-1.308197 0.000000 2.177205
-1.100525 0.707265 2.177205
2.098646 -1.430833 -0.000000
2.427155 -0.748678 -0.000000
2.098646 -1.430833 -0.000000
-0.000000 0.000000 -2.540000
-0.000000 0.000000 -2.540000
-0.000000 0.000000 -2.540000
2.437112 -0.000000 -0.715601
2.345923 -0.000000 -0.973778
1.663346 -0.000000 -1.919604
-0.000000 -2.540000 -0.000000
-0.000000 -2.540000 -0.000000
-0.000000 -2.540000 -0.000000
-0.000000 0.000000 -2.540000
-0.000000 0.000000 -2.540000
-0.000000 0.000000 -2.540000
0.900696 2.374941 -0.000000
0.900696 2.374941 -0.000000
-0.306163 2.521481 0.000000
-1.270000 2.199704 0.000000
-1.861952 1.727639 0.000000
-1.270000 2.199704 0.000000
-0.000000 0.000000 -2.540000
-0.000000 0.000000 -2.540000
-0.000000 0.000000 -2.540000
0.576745 2.473654 -0.000000
0.189814 2.532898 -0.000000
0.927966 2.364419 -0.000000
-0.000000 0.000000 -2.540000
-0.000000 0.000000 -2.540000
-0.000000 0.000000 -2.540000
-2.288461 1.102065 0.000000
-2.288461 1.102065 0.000000
-1.861952 1.727639 0.000000
0.000000 -0.000000 2.540000
0.000000 -0.000000 2.540000
0.000000 -0.000000 2.540000
0.000000 -0.000000 2.540000
0.000000 -0.000000 2.540000
0.000000 -0.000000 2.540000
-1.055154 2.310465 0.000000
0.361480 2.514147 -0.000000
-1.055154 2.310465 0.000000
0.000000 -0.000000 2.540000
0.000000 -0.000000 2.540000
0.000000 -0.000000 2.540000
-0.239432 2.528690 0.000000
0.189814 2.532898 -0.000000
-0.565203 2.476317 0.000000
0.000000 -0.000000 2.540000
0.000000 -0.000000 2.540000
0.000000 -0.000000 2.540000
-0.239432 -2.528690 0.000000
-0.565203 -2.476317 0.000000
0.189814 -2.532898 -0.000000
-1.055154 0.000000 -2.310465
0.361480 -0.000000 -2.514147
-1.055154 0.000000 -2.310465
0.000000 2.540000 0.000000
0.000000 2.540000 0.000000
0.000000 2.540000 0.000000
-0.000000 0.000000 -2.540000
-0.000000 0.000000 -2.540000
-0.000000 0.000000 -2.540000
-2.511630 0.378567 0.000000
-2.511630 0.378567 0.000000
-2.511630 -0.378567 0.000000
0.000000 -0.000000 2.540000
0.000000 -0.000000 2.540000
0.000000 -0.000000 2.540000
1.583664 1.985852 -0.000000
1.583664 1.985852 -0.000000
2.098646 1.430833 -0.000000
-0.000000 -2.540000 -0.000000
-0.000000 -2.540000 -0.000000
-0.000000 -2.540000 -0.000000
-2.345923 0.000000 -0.973778
-2.540000 0.000000 0.000000
-2.136784 0.000000 -1.373228
0.000000 -0.000000 2.540000
0.000000 -0.000000 2.540000
0.000000 -0.000000 2.540000
2.437112 -0.715601 -0.000000
2.437112 -0.715601 -0.000000
1.663346 -1.919604 -0.000000
-0.000000 0.000000 -2.540000
-0.000000 0.000000 -2.540000
-0.000000 0.000000 -2.540000
-0.306163 2.521481 0.000000
-1.442884 2.090379 0.000000
-0.306163 2.521481 0.000000
-2.288461 -1.102065 0.000000
-2.288461 -1.102065 0.000000
-1.861952 -1.727639 0.000000
0.000000 -0.000000 2.540000
0.000000 -0.000000 2.540000
0.000000 -0.000000 2.540000
0.000000 -0.000000 2.540000
0.000000 -0.000000 2.540000
0.000000 -0.000000 2.540000
-2.136784 -1.373228 0.000000
-1.055154 -2.310465 0.000000
-2.136784 -1.373228 0.000000
2.427155 -0.748678 -0.000000
2.427155 -0.748678 -0.000000
2.098646 -1.430833 -0.000000
0.000000 -0.000000 2.540000
0.000000 -0.000000 2.540000
0.000000 -0.000000 2.540000
-0.000000 0.000000 -2.540000
-0.000000 0.000000 -2.540000
-0.000000 0.000000 -2.540000
2.466192 -0.607862 -0.000000
2.466192 -0.607862 -0.000000
2.466192 0.607862 -0.000000
-0.000000 -1.632681 -1.945753
-0.000000 -0.000000 -2.540000
-0.000000 -1.632681 -1.945753
-2.177205 -0.447430 1.229303
-2.177205 -0.447430 1.229303
-2.177205 -1.132932 0.654098
-0.000000 0.000000 -2.540000
-0.000000 0.000000 -2.540000
-0.000000 0.000000 -2.540000
-0.306163 -2.521481 0.000000
-0.306163 -2.521481 0.000000
0.900696 -2.374941 -0.000000
-2.540000 0.000000 0.000000
-2.540000 0.000000 0.000000
-2.136784 -1.373228 0.000000
0.000000 -0.000000 2.540000
0.000000 -0.000000 2.540000
0.000000 -0.000000 2.540000
-2.249058 -1.180397 0.000000
-2.249058 -1.180397 0.000000
-2.540000 0.000000 0.000000
-0.000000 0.000000 -2.540000
-0.000000 0.000000 -2.540000
-0.000000 0.000000 -2.540000
-1.055154 -2.310465 0.000000
-2.136784 -1.373228 0.000000
-1.055154 -2.310465 0.000000
-0.543445 -1.189978 2.177205
-0.543445 -1.189978 2.177205
-1.100525 -0.707265 2.177205
1.663346 1.919604 -0.000000
0.361480 2.514147 -0.000000
1.663346 1.919604 -0.000000
0.186176 1.294881 2.177205
0.186176 1.294881 2.177205
0.856687 0.988669 2.177205
-1.100525 0.707265 2.177205
-1.100525 0.707265 2.177205
-0.543445 1.189978 2.177205
-1.055154 2.310465 0.000000
-1.055154 2.310465 0.000000
-2.136784 1.373228 0.000000
0.000000 -0.000000 2.540000
0.000000 -0.000000 2.540000
0.000000 -0.000000 2.540000
-2.136784 1.373228 0.000000
-2.136784 1.373228 0.000000
-2.540000 0.000000 0.000000
0.000000 -0.000000 2.540000
0.000000 -0.000000 2.540000
0.000000 -0.000000 2.540000
0.361480 2.514147 -0.000000
-1.055154 2.310465 0.000000
0.361480 2.514147 -0.000000
-0.000000 0.000000 -2.540000
-0.000000 0.000000 -2.540000
-0.000000 0.000000 -2.540000
1.901217 -1.684332 -0.000000
1.901217 -1.684332 -0.000000
2.466192 -0.607862 -0.000000
-0.000000 0.000000 -2.540000
-0.000000 0.000000 -2.540000
-0.000000 0.000000 -2.540000
-2.249058 1.180397 0.000000
-2.249058 1.180397 0.000000
-2.540000 0.000000 0.000000
1.796139 -0.000000 1.795963
1.663346 -0.000000 1.919604
0.973896 -0.000000 2.345875
0.239432 2.528690 -0.000000
0.189814 2.532898 -0.000000
0.441581 2.501321 -0.000000
0.239432 -2.528690 -0.000000
0.189814 -2.532898 -0.000000
0.441581 -2.501321 -0.000000
1.796139 -0.000000 -1.795963
1.663346 -0.000000 -1.919604
0.973896 -0.000000 -2.345875
-2.540000 0.000000 0.000000
-2.540000 0.000000 0.000000
-2.540000 0.000000 0.000000
-0.000000 -0.000000 -2.540000
0.000000 1.632681 -1.945753
-0.000000 -0.000000 -2.540000
0.000000 -0.000000 2.540000
0.000000 -0.000000 2.540000
0.000000 -0.000000 2.540000
-2.249058 -1.180397 0.000000
-1.442884 -2.090379 0.000000
-2.249058 -1.180397 0.000000
0.000000 -0.000000 2.540000
0.000000 -0.000000 2.540000
0.000000 -0.000000 2.540000
-2.540000 0.000000 0.000000
-2.249058 1.180397 0.000000
-2.540000 0.000000 0.000000
0.000000 -0.000000 2.540000
0.000000 -0.000000 2.540000
0.000000 -0.000000 2.540000
2.437112 0.715601 -0.000000
2.437112 0.715601 -0.000000
2.437112 -0.715601 -0.000000
-2.540000 0.000000 0.000000
-2.540000 0.000000 0.000000
-2.540000 0.000000 0.000000
0.000000 1.632681 -1.945753
0.000000 1.632681 -1.945753
0.000000 2.501412 -0.441066
-2.540000 0.000000 0.000000
-2.540000 0.000000 0.000000
-2.540000 0.000000 0.000000
0.000000 1.632681 -1.945753
0.000000 1.632681 -1.945753
0.000000 2.501412 -0.441066
-0.000000 -0.000000 -2.540000
-0.000000 -0.000000 -2.540000
0.000000 1.632681 -1.945753
-2.540000 0.000000 0.000000
-2.540000 0.000000 0.000000
-2.540000 0.000000 0.000000
-1.442884 2.090379 0.000000
-1.442884 2.090379 0.000000
-2.249058 1.180397 0.000000
-0.000000 0.000000 -2.540000
-0.000000 0.000000 -2.540000
-0.000000 0.000000 -2.540000
-0.000000 -2.540000 -0.000000
-0.000000 -2.540000 -0.000000
-0.000000 -2.540000 -0.000000
0.361480 -0.000000 2.514147
0.361480 -0.000000 2.514147
-1.055154 0.000000 2.310465
0.000000 -0.000000 2.540000
0.000000 -0.000000 2.540000
0.000000 -0.000000 2.540000
2.437112 -0.715601 -0.000000
1.663346 -1.919604 -0.000000
2.437112 -0.715601 -0.000000
-0.000000 0.000000 -2.540000
-0.000000 0.000000 -2.540000
-0.000000 0.000000 -2.540000
2.427155 0.748678 -0.000000
2.427155 0.748678 -0.000000
2.540000 -0.000000 -0.000000
-2.136784 -1.373228 0.000000
-1.055154 -2.310465 0.000000
-2.136784 -1.373228 0.000000
0.000000 -0.000000 2.540000
0.000000 -0.000000 2.540000
0.000000 -0.000000 2.540000
0.239432 2.528690 -0.000000
0.189814 2.532898 -0.000000
0.000000 2.540000 0.000000
-0.000000 0.000000 -2.540000
0.361480 -0.000000 -2.514147
0.973896 -0.000000 -2.345875
-0.000000 0.000000 -2.540000
-0.000000 0.000000 -2.540000
-0.000000 0.000000 -2.540000
0.900696 2.374941 -0.000000
0.900696 2.374941 -0.000000
-0.306163 2.521481 0.000000
0.000000 2.540000 0.000000
0.000000 2.540000 0.000000
0.000000 2.540000 0.000000
-0.973896 0.000000 2.345875
-2.136784 0.000000 1.373228
-1.055154 0.000000 2.310465
0.186176 -2.177205 1.294881
0.186176 -2.177205 1.294881
0.856687 -2.177205 0.988669
0.361480 -0.000000 2.514147
1.663346 -0.000000 1.919604
0.361480 -0.000000 2.514147
-2.540000 0.000000 0.000000
-2.136784 -1.373228 0.000000
-2.540000 0.000000 0.000000
-1.100525 -0.707265 2.177205
-1.100525 -0.707265 2.177205
-1.308197 0.000000 2.177205
2.437112 -0.000000 -0.715601
2.437112 -0.000000 -0.715601
1.663346 -0.000000 -1.919604
0.856687 2.177205 -0.988669
0.856687 2.177205 -0.988669
1.255206 2.177205 -0.368562
-2.136784 0.000000 -1.373228
-2.540000 0.000000 0.000000
-2.136784 0.000000 -1.373228
-1.308197 2.177205 0.000000
-1.308197 2.177205 0.000000
-1.100525 2.177205 -0.707265
-0.000000 -2.540000 -0.000000
-0.000000 -2.540000 -0.000000
-0.000000 -2.540000 -0.000000
-1.055154 0.000000 -2.310465
-1.055154 0.000000 -2.310465
0.361480 -0.000000 -2.514147
-2.177205 1.132932 0.654098
-2.177205 1.132932 0.654098
-2.177205 0.447430 1.229303
-2.177205 -0.447430 1.229303
-2.177205 -0.447430 1.229303
-2.177205 -1.132932 0.654098
-2.177205 0.447430 1.229303
-2.177205 0.447430 1.229303
-2.177205 -0.447430 1.229303
-2.177205 -1.132932 0.654098
-2.177205 -1.132932 0.654098
-2.177205 -1.288322 -0.227166
-2.177205 -1.288322 -0.227166
-2.177205 -1.288322 -0.227166
-2.177205 -0.840893 -1.002137
-2.177205 0.000000 -1.308197
-2.177205 0.000000 -1.308197
-2.177205 0.840893 -1.002137
2.466192 -0.607862 -0.000000
2.466192 -0.607862 -0.000000
1.901217 -1.684332 -0.000000
0.000000 -0.000000 2.540000
0.000000 -0.000000 2.540000
0.000000 -0.000000 2.540000
0.900696 2.374941 -0.000000
-0.306163 2.521481 0.000000
0.900696 2.374941 -0.000000
-0.000000 0.000000 -2.540000
-0.000000 0.000000 -2.540000
-0.000000 0.000000 -2.540000
1.796139 -0.000000 -1.795963
2.437112 -0.000000 -0.715601
1.663346 -0.000000 -1.919604
0.000000 2.540000 0.000000
0.000000 2.540000 0.000000
0.000000 2.540000 0.000000
-0.000000 0.000000 -2.540000
-0.000000 0.000000 -2.540000
-0.000000 0.000000 -2.540000
-0.306163 -2.521481 0.000000
-0.306163 -2.521481 0.000000
0.900696 -2.374941 -0.000000
1.901217 -1.684332 -0.000000
1.901217 -1.684332 -0.000000
2.466192 -0.607862 -0.000000
-0.000000 0.000000 -2.540000
-0.000000 0.000000 -2.540000
-0.000000 0.000000 -2.540000
0.000000 -0.000000 2.540000
0.000000 -0.000000 2.540000
0.000000 -0.000000 2.540000
2.466192 -0.607862 -0.000000
1.901217 -1.684332 -0.000000
2.466192 -0.607862 -0.000000
-2.177205 0.000000 -1.308197
-2.177205 0.000000 -1.308197
-2.177205 0.840893 -1.002137
-2.177205 -0.840893 -1.002137
-2.177205 -0.840893 -1.002137
-2.177205 0.000000 -1.308197
1.901217 1.684332 -0.000000
1.901217 1.684332 -0.000000
2.466192 0.607862 -0.000000
-0.000000 0.000000 -2.540000
-0.000000 0.000000 -2.540000
-0.000000 0.000000 -2.540000
0.000000 -0.000000 2.540000
0.000000 -0.000000 2.540000
0.000000 -0.000000 2.540000
-1.442884 -2.090379 0.000000
-1.442884 -2.090379 0.000000
-2.249058 -1.180397 0.000000
0.361480 -0.000000 -2.514147
0.361480 -0.000000 -2.514147
1.663346 -0.000000 -1.919604
0.856687 -2.177205 -0.988669
0.856687 -2.177205 -0.988669
0.186176 -2.177205 -1.294881
0.186176 1.294881 2.177205
0.186176 1.294881 2.177205
0.856687 0.988669 2.177205
0.361480 2.514147 -0.000000
0.361480 2.514147 -0.000000
1.663346 1.919604 -0.000000
0.000000 -0.000000 2.540000
0.000000 -0.000000 2.540000
0.000000 -0.000000 2.540000
0.900696 2.374941 -0.000000
0.900696 2.374941 -0.000000
1.901217 1.684332 -0.000000
0.900696 -2.374941 -0.000000
0.900696 -2.374941 -0.000000
1.901217 -1.684332 -0.000000
-0.000000 0.000000 -2.540000
-0.000000 0.000000 -2.540000
-0.000000 0.000000 -2.540000
0.856687 -0.988669 2.177205
0.856687 -0.988669 2.177205
0.186176 -1.294881 2.177205
0.361480 -2.514147 -0.000000
0.361480 -2.514147 -0.000000
1.663346 -1.919604 -0.000000
2.437112 -0.715601 -0.000000
2.437112 -0.715601 -0.000000
2.437112 0.715601 -0.000000
1.255206 0.368562 2.177205
1.255206 0.368562 2.177205
1.255206 -0.368562 2.177205
2.437112 -0.715601 -0.000000
2.437112 0.715601 -0.000000
2.437112 -0.715601 -0.000000
1.255206 0.368562 2.177205
1.255206 0.368562 2.177205
1.255206 -0.368562 2.177205
2.437112 -0.715601 -0.000000
2.437112 0.715601 -0.000000
2.437112 -0.715601 -0.000000
1.255206 0.368562 2.177205
1.255206 0.368562 2.177205
1.255206 -0.368562 2.177205
0.000000 -0.000000 2.540000
0.000000 -0.000000 2.540000
0.000000 -0.000000 2.540000
-2.540000 0.000000 0.000000
-2.249058 1.180397 0.000000
-2.540000 0.000000 0.000000
0.000000 -0.000000 2.540000
0.000000 -0.000000 2.540000
0.000000 -0.000000 2.540000
-2.540000 0.000000 0.000000
-2.249058 1.180397 0.000000
-2.540000 0.000000 0.000000
-0.000000 0.000000 -2.540000
-0.000000 0.000000 -2.540000
-0.000000 0.000000 -2.540000
-2.249058 1.180397 0.000000
-2.249058 1.180397 0.000000
-2.540000 0.000000 0.000000
-0.000000 0.000000 -2.540000
-0.000000 0.000000 -2.540000
-0.000000 0.000000 -2.540000
0.900696 2.374941 -0.000000
-0.306163 2.521481 0.000000
0.900696 2.374941 -0.000000
-0.000000 0.000000 -2.540000
-0.000000 0.000000 -2.540000
-0.000000 0.000000 -2.540000
-2.249058 -1.180397 0.000000
-2.249058 -1.180397 0.000000
-1.442884 -2.090379 0.000000
-2.249058 1.180397 0.000000
-1.442884 2.090379 0.000000
-2.249058 1.180397 0.000000
0.000000 -0.000000 2.540000
0.000000 -0.000000 2.540000
0.000000 -0.000000 2.540000
0.000000 -0.000000 2.540000
0.000000 -0.000000 2.540000
0.000000 -0.000000 2.540000
2.466192 0.607862 -0.000000
2.466192 -0.607862 -0.000000
2.466192 0.607862 -0.000000
1.901217 -1.684332 -0.000000
0.900696 -2.374941 -0.000000
1.901217 -1.684332 -0.000000
0.000000 -0.000000 2.540000
0.000000 -0.000000 2.540000
0.000000 -0.000000 2.540000
0.000000 2.199704 1.270000
0.000000 2.501412 -0.441066
0.000000 2.199704 1.270000
-2.177205 1.288322 -0.227166
-2.177205 1.288322 -0.227166
-2.177205 1.132932 0.654098
-1.100525 0.707265 2.177205
-1.100525 0.707265 2.177205
-0.543445 1.189978 2.177205
-1.055154 2.310465 0.000000
-1.055154 2.310465 0.000000
-2.136784 1.373228 0.000000
-0.543445 1.189978 2.177205
-0.543445 1.189978 2.177205
0.186176 1.294881 2.177205
-1.055154 2.310465 0.000000
-1.055154 2.310465 0.000000
0.361480 2.514147 -0.000000
-2.540000 0.000000 0.000000
-2.540000 0.000000 0.000000
-2.136784 -1.373228 0.000000
-1.100525 -0.707265 2.177205
-1.100525 -0.707265 2.177205
-1.308197 0.000000 2.177205
-2.540000 0.000000 0.000000
-2.136784 1.373228 0.000000
-2.540000 0.000000 0.000000
-1.308197 0.000000 2.177205
-1.308197 0.000000 2.177205
-1.100525 0.707265 2.177205
-1.442884 -2.090379 0.000000
-2.249058 -1.180397 0.000000
-1.442884 -2.090379 0.000000
0.000000 -0.000000 2.540000
0.000000 -0.000000 2.540000
0.000000 -0.000000 2.540000
-0.000000 0.000000 -2.540000
-0.000000 0.000000 -2.540000
-0.000000 0.000000 -2.540000
-2.249058 1.180397 0.000000
-2.249058 1.180397 0.000000
-2.540000 0.000000 0.000000
2.466192 0.607862 -0.000000
1.901217 1.684332 -0.000000
2.466192 0.607862 -0.000000
0.000000 -0.000000 2.540000
0.000000 -0.000000 2.540000
0.000000 -0.000000 2.540000
2.466192 0.607862 -0.000000
1.901217 1.684332 -0.000000
2.466192 0.607862 -0.000000
0.000000 -0.000000 2.540000
0.000000 -0.000000 2.540000
0.000000 -0.000000 2.540000
-0.306163 -2.521481 0.000000
-0.306163 -2.521481 0.000000
-1.442884 -2.090379 0.000000
0.000000 -0.000000 2.540000
0.000000 -0.000000 2.540000
0.000000 -0.000000 2.540000
0.000000 -0.000000 2.540000
0.000000 -0.000000 2.540000
0.000000 -0.000000 2.540000
0.900696 2.374941 -0.000000
0.900696 2.374941 -0.000000
1.901217 1.684332 -0.000000
-2.177205 -0.447430 1.229303
-2.177205 -0.447430 1.229303
-2.177205 -1.132932 0.654098
-0.000000 -2.199704 1.270000
-0.000000 -0.868731 2.386819
-0.000000 -2.199704 1.270000
0.000000 2.501412 -0.441066
0.000000 1.632681 -1.945753
0.000000 2.501412 -0.441066
-2.177205 0.840893 -1.002137
-2.177205 0.840893 -1.002137
-2.177205 1.288322 -0.227166
-0.239432 -2.528690 0.000000
-0.565203 -2.476317 0.000000
-0.441581 -2.501321 0.000000
-1.796139 0.000000 1.795963
-2.136784 0.000000 1.373228
-0.973896 0.000000 2.345875
-0.000000 0.000000 -2.540000
-0.000000 0.000000 -2.540000
-0.000000 0.000000 -2.540000
1.901217 -1.684332 -0.000000
2.466192 -0.607862 -0.000000
1.901217 -1.684332 -0.000000
-0.000000 0.000000 -2.540000
-0.000000 0.000000 -2.540000
-0.000000 0.000000 -2.540000
-1.442884 -2.090379 0.000000
-0.306163 -2.521481 0.000000
-1.442884 -2.090379 0.000000
0.000000 -0.000000 2.540000
0.000000 -0.000000 2.540000
0.000000 -0.000000 2.540000
-0.306163 2.521481 0.000000
-0.306163 2.521481 0.000000
0.900696 2.374941 -0.000000
-2.177205 -0.840893 -1.002137
-2.177205 -0.840893 -1.002137
-2.177205 0.000000 -1.308197
-0.000000 -1.632681 -1.945753
-0.000000 -1.632681 -1.945753
-0.000000 -0.000000 -2.540000
0.000000 2.501412 -0.441066
0.000000 1.632681 -1.945753
0.000000 2.501412 -0.441066
-2.177205 0.840893 -1.002137
-2.177205 0.840893 -1.002137
-2.177205 1.288322 -0.227166
-1.055154 0.000000 2.310465
-1.055154 0.000000 2.310465
-2.136784 0.000000 1.373228
0.000000 2.540000 0.000000
0.000000 2.540000 0.000000
0.000000 2.540000 0.000000
-2.249058 -1.180397 0.000000
-1.442884 -2.090379 0.000000
-2.249058 -1.180397 0.000000
0.000000 -0.000000 2.540000
0.000000 -0.000000 2.540000
0.000000 -0.000000 2.540000
0.000000 -0.000000 2.540000
0.000000 -0.000000 2.540000
0.000000 -0.000000 2.540000
-1.442884 2.090379 0.000000
-1.442884 2.090379 0.000000
-0.306163 2.521481 0.000000
-2.249058 -1.180397 0.000000
-2.249058 -1.180397 0.000000
-2.540000 0.000000 0.000000
-0.000000 0.000000 -2.540000
-0.000000 0.000000 -2.540000
-0.000000 0.000000 -2.540000
2.466192 0.607862 -0.000000
2.466192 0.607862 -0.000000
1.901217 1.684332 -0.000000
-0.000000 0.000000 -2.540000
-0.000000 0.000000 -2.540000
-0.000000 0.000000 -2.540000
-0.000000 0.000000 -2.540000
-0.000000 0.000000 -2.540000
-0.000000 0.000000 -2.540000
-0.306163 -2.521481 0.000000
0.900696 -2.374941 -0.000000
-0.306163 -2.521481 0.000000
0.000000 -0.000000 2.540000
-1.055154 0.000000 2.310465
0.361480 -0.000000 2.514147
0.000000 2.540000 0.000000
0.000000 2.540000 0.000000
0.000000 2.540000 0.000000
0.000000 -0.000000 2.540000
0.000000 -0.000000 2.540000
0.000000 -0.000000 2.540000
0.900696 -2.374941 -0.000000
0.900696 -2.374941 -0.000000
-0.306163 -2.521481 0.000000
0.973896 -0.000000 2.345875
1.663346 -0.000000 1.919604
0.361480 -0.000000 2.514147
-0.000000 -2.540000 -0.000000
-0.000000 -2.540000 -0.000000
-0.000000 -2.540000 -0.000000
-0.000000 0.000000 -2.540000
-0.000000 0.000000 -2.540000
-0.000000 0.000000 -2.540000
2.466192 0.607862 -0.000000
1.901217 1.684332 -0.000000
2.466192 0.607862 -0.000000
-0.000000 -2.540000 -0.000000
-0.000000 -2.540000 -0.000000
-0.000000 -2.540000 -0.000000
0.361480 -0.000000 -2.514147
1.663346 -0.000000 -1.919604
0.973896 -0.000000 -2.345875
-2.540000 0.000000 0.000000
-2.540000 0.000000 0.000000
-2.540000 0.000000 0.000000
-0.000000 -0.868731 2.386819
-0.000000 -0.868731 2.386819
-0.000000 -2.199704 1.270000
-0.000000 -2.501412 -0.441066
-0.000000 -2.501412 -0.441066
-0.000000 -1.632681 -1.945753
-2.540000 0.000000 0.000000
-2.540000 0.000000 0.000000
-2.540000 0.000000 0.000000
-2.249058 1.180397 0.000000
-2.249058 1.180397 0.000000
-1.442884 2.090379 0.000000
0.000000 -0.000000 2.540000
0.000000 -0.000000 2.540000
0.000000 -0.000000 2.540000
-2.136784 0.000000 -1.373228
-2.540000 0.000000 0.000000
-2.345923 0.000000 -0.973778
0.000000 2.540000 0.000000
0.000000 2.540000 0.000000
0.000000 2.540000 0.000000
-0.000000 0.000000 -2.540000
-0.000000 0.000000 -2.540000
-0.000000 0.000000 -2.540000
-2.540000 0.000000 0.000000
-2.540000 0.000000 0.000000
-2.249058 -1.180397 0.000000
0.000000 2.540000 0.000000
0.000000 2.540000 0.000000
0.000000 2.540000 0.000000
-0.000000 0.000000 -2.540000
0.361480 -0.000000 -2.514147
-1.055154 0.000000 -2.310465
0.000000 -0.000000 2.540000
0.000000 -0.000000 2.540000
0.000000 -0.000000 2.540000
2.466192 -0.607862 -0.000000
2.466192 0.607862 -0.000000
2.466192 -0.607862 -0.000000
2.437112 -0.000000 -0.715601
2.437112 -0.000000 0.715601
2.437112 -0.000000 -0.715601
0.000000 2.540000 0.000000
0.000000 2.540000 0.000000
0.000000 2.540000 0.000000
-1.055154 2.310465 0.000000
-1.055154 2.310465 0.000000
0.361480 2.514147 -0.000000
0.000000 -0.000000 2.540000
0.000000 -0.000000 2.540000
0.000000 -0.000000 2.540000
-2.540000 0.000000 0.000000
-2.540000 0.000000 0.000000
-2.540000 0.000000 0.000000
0.000000 0.868731 2.386819
0.000000 0.868731 2.386819
0.000000 2.199704 1.270000
0.000000 -0.000000 2.540000
0.000000 -0.000000 2.540000
0.000000 -0.000000 2.540000
0.900696 -2.374941 -0.000000
-0.306163 -2.521481 0.000000
0.900696 -2.374941 -0.000000
1.901217 1.684332 -0.000000
0.900696 2.374941 -0.000000
1.901217 1.684332 -0.000000
-0.000000 0.000000 -2.540000
-0.000000 0.000000 -2.540000
-0.000000 0.000000 -2.540000
0.000000 -0.000000 2.540000
0.000000 -0.000000 2.540000
0.000000 -0.000000 2.540000
0.361480 2.514147 -0.000000
0.361480 2.514147 -0.000000
1.663346 1.919604 -0.000000
0.361480 -2.514147 -0.000000
0.361480 -2.514147 -0.000000
1.663346 -1.919604 -0.000000
0.000000 -0.000000 2.540000
0.000000 -0.000000 2.540000
0.000000 -0.000000 2.540000
-1.442884 2.090379 0.000000
-0.306163 2.521481 0.000000
-1.442884 2.090379 0.000000
-0.000000 0.000000 -2.540000
-0.000000 0.000000 -2.540000
-0.000000 0.000000 -2.540000
-1.442884 2.090379 0.000000
-0.306163 2.521481 0.000000
-1.442884 2.090379 0.000000
-0.000000 0.000000 -2.540000
-0.000000 0.000000 -2.540000
-0.000000 0.000000 -2.540000
2.437112 -0.000000 -0.715601
2.437112 -0.000000 -0.715601
2.437112 -0.000000 0.715601
-0.000000 -2.540000 -0.000000
-0.000000 -2.540000 -0.000000
-0.000000 -2.540000 -0.000000
0.000000 -0.000000 2.540000
0.000000 -0.000000 2.540000
0.000000 -0.000000 2.540000
-2.540000 0.000000 0.000000
-2.540000 0.000000 0.000000
-2.136784 1.373228 0.000000
-0.000000 -2.540000 -0.000000
-0.000000 -2.540000 -0.000000
-0.000000 -2.540000 -0.000000
-2.136784 0.000000 1.373228
-1.796139 0.000000 1.795963
-1.055154 0.000000 2.310465
-0.000000 -2.540000 -0.000000
-0.000000 -2.540000 -0.000000
-0.000000 -2.540000 -0.000000
-2.136784 0.000000 -1.373228
-1.055154 0.000000 -2.310465
-1.796139 0.000000 -1.795963
-2.136784 1.373228 0.000000
-1.055154 2.310465 0.000000
-2.136784 1.373228 0.000000
0.000000 -0.000000 2.540000
0.000000 -0.000000 2.540000
0.000000 -0.000000 2.540000
0.000000 -0.000000 2.540000
0.000000 -0.000000 2.540000
0.000000 -0.000000 2.540000
-2.136784 -1.373228 0.000000
-2.136784 -1.373228 0.000000
-1.055154 -2.310465 0.000000
0.361480 -2.514147 -0.000000
1.663346 -1.919604 -0.000000
0.361480 -2.514147 -0.000000
0.000000 -0.000000 2.540000
0.000000 -0.000000 2.540000
0.000000 -0.000000 2.540000
-0.000000 0.000000 -2.540000
-0.000000 0.000000 -2.540000
-0.000000 0.000000 -2.540000
-1.442884 -2.090379 0.000000
-0.306163 -2.521481 0.000000
-1.442884 -2.090379 0.000000
0.000000 -0.000000 2.540000
0.000000 -0.000000 2.540000
0.000000 -0.000000 2.540000
2.437112 0.715601 -0.000000
2.437112 0.715601 -0.000000
2.437112 -0.715601 -0.000000
2.437112 0.715601 -0.000000
2.437112 -0.715601 -0.000000
2.437112 0.715601 -0.000000
0.000000 -0.000000 2.540000
0.000000 -0.000000 2.540000
0.000000 -0.000000 2.540000
-2.540000 0.000000 0.000000
-2.540000 0.000000 0.000000
-2.540000 0.000000 0.000000
-0.000000 -2.501412 -0.441066
-0.000000 -2.199704 1.270000
-0.000000 -2.501412 -0.441066
-0.306163 2.521481 0.000000
-0.306163 2.521481 0.000000
-1.442884 2.090379 0.000000
0.000000 -0.000000 2.540000
0.000000 -0.000000 2.540000
0.000000 -0.000000 2.540000
0.900696 -2.374941 -0.000000
-0.306163 -2.521481 0.000000
0.900696 -2.374941 -0.000000
0.000000 -0.000000 2.540000
0.000000 -0.000000 2.540000
0.000000 -0.000000 2.540000
-0.306163 2.521481 0.000000
0.900696 2.374941 -0.000000
-0.306163 2.521481 0.000000
0.000000 -0.000000 2.540000
0.000000 -0.000000 2.540000
0.000000 -0.000000 2.540000
-2.540000 0.000000 0.000000
-2.540000 0.000000 0.000000
-2.136784 -1.373228 0.000000
0.000000 -0.000000 2.540000
0.000000 -0.000000 2.540000
0.000000 -0.000000 2.540000
1.663346 1.919604 -0.000000
1.663346 1.919604 -0.000000
2.437112 0.715601 -0.000000
0.000000 -0.000000 2.540000
0.000000 -0.000000 2.540000
0.000000 -0.000000 2.540000
0.000000 0.868731 2.386819
0.000000 2.199704 1.270000
0.000000 0.868731 2.386819
-2.540000 0.000000 0.000000
-2.540000 0.000000 0.000000
-2.540000 0.000000 0.000000
0.000000 -0.000000 2.540000
0.000000 -0.000000 2.540000
0.000000 -0.000000 2.540000
-2.136784 -1.373228 0.000000
-1.055154 -2.310465 0.000000
-2.136784 -1.373228 0.000000
0.361480 -2.514147 -0.000000
1.663346 -1.919604 -0.000000
0.361480 -2.514147 -0.000000
0.000000 -0.000000 2.540000
0.000000 -0.000000 2.540000
0.000000 -0.000000 2.540000
-2.540000 0.000000 0.000000
-2.540000 0.000000 0.000000
-2.540000 0.000000 0.000000
0.000000 2.199704 1.270000
0.000000 0.868731 2.386819
0.000000 2.199704 1.270000
-0.000000 0.000000 -2.540000
-0.000000 0.000000 -2.540000
-0.000000 0.000000 -2.540000
1.901217 -1.684332 -0.000000
1.901217 -1.684332 -0.000000
2.466192 -0.607862 -0.000000
-1.796139 0.000000 -1.795963
-0.973896 0.000000 -2.345875
-2.136784 0.000000 -1.373228
-0.441581 -2.501321 0.000000
-0.565203 -2.476317 0.000000
-0.239432 -2.528690 0.000000
-0.000000 -0.000000 -2.540000
-0.000000 -1.632681 -1.945753
-0.000000 -0.000000 -2.540000
-2.540000 0.000000 0.000000
-2.540000 0.000000 0.000000
-2.540000 0.000000 0.000000
-2.540000 0.000000 0.000000
-2.540000 0.000000 0.000000
-2.540000 0.000000 0.000000
-0.000000 -0.000000 -2.540000
-0.000000 -0.000000 -2.540000
-0.000000 -1.632681 -1.945753
0.000000 2.540000 0.000000
0.000000 2.540000 0.000000
0.000000 2.540000 0.000000
-1.055154 0.000000 -2.310465
-1.055154 0.000000 -2.310465
-2.136784 0.000000 -1.373228
0.000000 -0.000000 2.540000
0.000000 -0.000000 2.540000
0.000000 -0.000000 2.540000
-2.136784 1.373228 0.000000
-1.055154 2.310465 0.000000
-2.136784 1.373228 0.000000
0.000000 -0.000000 2.540000
0.000000 -0.000000 2.540000
0.000000 -0.000000 2.540000
-1.055154 -2.310465 0.000000
-2.136784 -1.373228 0.000000
-1.055154 -2.310465 0.000000
-2.540000 0.000000 0.000000
-2.136784 1.373228 0.000000
-2.540000 0.000000 0.000000
0.000000 -0.000000 2.540000
0.000000 -0.000000 2.540000
0.000000 -0.000000 2.540000
0.000000 -0.000000 2.540000
0.000000 -0.000000 2.540000
0.000000 -0.000000 2.540000
0.361480 2.514147 -0.000000
1.663346 1.919604 -0.000000
0.361480 2.514147 -0.000000
2.437112 -0.715601 -0.000000
1.663346 -1.919604 -0.000000
2.437112 -0.715601 -0.000000
0.000000 -0.000000 2.540000
0.000000 -0.000000 2.540000
0.000000 -0.000000 2.540000
-0.973896 0.000000 2.345875
-1.055154 0.000000 2.310465
0.000000 -0.000000 2.540000
0.000000 -2.540000 -0.000000
0.189814 -2.532898 -0.000000
-0.239432 -2.528690 0.000000
0.000000 2.540000 0.000000
0.000000 2.540000 0.000000
0.000000 2.540000 0.000000
2.540000 -0.000000 -0.000000
2.437112 -0.000000 0.715601
2.437112 -0.000000 -0.715601
0.973896 -0.000000 2.345875
0.361480 -0.000000 2.514147
0.000000 -0.000000 2.540000
0.000000 2.540000 0.000000
0.189814 2.532898 -0.000000
0.239432 2.528690 -0.000000
-0.000000 -2.540000 -0.000000
0.189814 -2.532898 -0.000000
0.239432 -2.528690 -0.000000
0.973896 -0.000000 -2.345875
0.361480 -0.000000 -2.514147
-0.000000 0.000000 -2.540000
1.796139 -0.000000 1.795963
0.973896 -0.000000 2.345875
1.663346 -0.000000 1.919604
0.441581 -2.501321 -0.000000
0.189814 -2.532898 -0.000000
0.239432 -2.528690 -0.000000
1.663346 -0.000000 -1.919604
1.796139 -0.000000 -1.795963
0.973896 -0.000000 -2.345875
0.441581 2.501321 -0.000000
0.189814 2.532898 -0.000000
0.239432 2.528690 -0.000000
0.000000 2.199704 1.270000
0.000000 0.868731 2.386819
0.000000 2.199704 1.270000
-2.540000 0.000000 0.000000
-2.540000 0.000000 0.000000
-2.540000 0.000000 0.000000
0.361480 2.514147 -0.000000
1.663346 1.919604 -0.000000
0.361480 2.514147 -0.000000
0.000000 -0.000000 2.540000
0.000000 -0.000000 2.540000
0.000000 -0.000000 2.540000
-0.239432 2.528690 0.000000
-0.565203 2.476317 0.000000
-0.441581 2.501321 0.000000
-1.055154 0.000000 -2.310465
-0.973896 0.000000 -2.345875
-1.796139 0.000000 -1.795963
-1.796051 0.000000 1.796051
-1.796051 0.000000 1.796051
-1.796051 0.000000 1.796051
0.000000 1.796051 1.796051
0.000000 1.796051 1.796051
0.000000 1.796051 1.796051
-1.055154 0.000000 2.310465
-1.055154 0.000000 2.310465
-2.136784 0.000000 1.373228
-0.000000 -2.540000 -0.000000
-0.000000 -2.540000 -0.000000
-0.000000 -2.540000 -0.000000
-1.055154 0.000000 2.310465
-1.796139 0.000000 1.795963
-0.973896 0.000000 2.345875
-0.441581 2.501321 0.000000
-0.565203 2.476317 0.000000
-0.239432 2.528690 0.000000
0.000000 -0.000000 2.540000
0.000000 -0.000000 2.540000
0.000000 -0.000000 2.540000
0.361480 -2.514147 -0.000000
0.361480 -2.514147 -0.000000
-1.055154 -2.310465 0.000000
0.000000 2.540000 0.000000
0.000000 2.540000 0.000000
0.000000 2.540000 0.000000
-2.540000 0.000000 0.000000
-2.136784 0.000000 1.373228
-2.540000 0.000000 0.000000
0.361480 2.514147 -0.000000
0.361480 2.514147 -0.000000
-1.055154 2.310465 0.000000
0.000000 -0.000000 2.540000
0.000000 -0.000000 2.540000
0.000000 -0.000000 2.540000
-1.796051 0.000000 1.796051
-1.796051 0.000000 1.796051
-1.796051 0.000000 1.796051
-0.000000 -1.796051 1.796051
-0.000000 -1.796051 1.796051
-0.000000 -1.796051 1.796051
1.663346 1.919604 -0.000000
0.361480 2.514147 -0.000000
1.663346 1.919604 -0.000000
0.000000 -0.000000 2.540000
0.000000 -0.000000 2.540000
0.000000 -0.000000 2.540000
1.663346 -1.919604 -0.000000
1.663346 -1.919604 -0.000000
0.361480 -2.514147 -0.000000
0.000000 -0.000000 2.540000
0.000000 -0.000000 2.540000
0.000000 -0.000000 2.540000
0.000000 1.632681 -1.945753
0.000000 2.501412 -0.441066
0.000000 1.632681 -1.945753
-2.540000 0.000000 0.000000
-2.540000 0.000000 0.000000
-2.540000 0.000000 0.000000
0.000000 1.796051 1.796051
0.000000 1.796051 1.796051
0.000000 1.796051 1.796051
1.796051 -0.000000 1.796051
1.796051 -0.000000 1.796051
1.796051 -0.000000 1.796051
1.796051 -0.000000 1.796051
1.796051 -0.000000 1.796051
1.796051 -0.000000 1.796051
-0.000000 -1.796051 1.796051
-0.000000 -1.796051 1.796051
-0.000000 -1.796051 1.796051
0.186176 2.177205 1.294881
0.186176 2.177205 1.294881
-0.543445 2.177205 1.189978
-1.055154 0.000000 2.310465
-1.055154 0.000000 2.310465
0.361480 -0.000000 2.514147
2.437112 0.715601 -0.000000
2.437112 -0.715601 -0.000000
2.437112 0.715601 -0.000000
1.255206 0.368562 2.177205
1.255206 0.368562 2.177205
1.255206 -0.368562 2.177205
-2.136784 0.000000 -1.373228
-2.540000 0.000000 0.000000
-2.136784 0.000000 -1.373228
-1.100525 -2.177205 -0.707265
-1.100525 -2.177205 -0.707265
-1.308197 -2.177205 0.000000
-0.000000 -2.199704 1.270000
-0.000000 -2.199704 1.270000
-0.000000 -2.501412 -0.441066
-2.540000 0.000000 0.000000
-2.540000 0.000000 0.000000
-2.540000 0.000000 0.000000
-2.540000 0.000000 0.000000
-2.540000 0.000000 0.000000
-2.540000 0.000000 0.000000
0.000000 2.199704 1.270000
0.000000 2.501412 -0.441066
0.000000 2.199704 1.270000
-0.000000 -0.868731 2.386819
-0.000000 -2.199704 1.270000
-0.000000 -0.868731 2.386819
-2.540000 0.000000 0.000000
-2.540000 0.000000 0.000000
-2.540000 0.000000 0.000000
0.576745 2.473654 -0.000000
0.927966 2.364419 -0.000000
0.624459 2.462042 -0.000000
2.540000 -0.000000 0.000000
2.437112 -0.000000 0.715601
2.345923 -0.000000 0.973778
2.540000 -0.000000 -0.000000
2.437112 -0.000000 -0.715601
2.345923 -0.000000 -0.973778
0.576745 -2.473654 -0.000000
0.927966 -2.364419 -0.000000
0.624459 -2.462042 -0.000000
-0.000000 -2.199704 1.270000
-0.000000 -2.501412 -0.441066
-0.000000 -2.199704 1.270000
-2.540000 0.000000 0.000000
-2.540000 0.000000 0.000000
-2.540000 0.000000 0.000000
0.000000 2.199704 1.270000
0.000000 2.199704 1.270000
0.000000 2.501412 -0.441066
-2.177205 1.288322 -0.227166
-2.177205 1.288322 -0.227166
-2.177205 1.132932 0.654098
-2.177205 -1.288322 -0.227166
-2.177205 -1.288322 -0.227166
-2.177205 -0.840893 -1.002137
-0.000000 -1.632681 -1.945753
-0.000000 -2.501412 -0.441066
-0.000000 -1.632681 -1.945753
-2.540000 0.000000 0.000000
-2.540000 0.000000 0.000000
-2.540000 0.000000 0.000000
-0.000000 -1.632681 -1.945753
-0.000000 -1.632681 -1.945753
-0.000000 -0.000000 -2.540000
0.000000 2.540000 0.000000
0.000000 2.540000 0.000000
0.000000 2.540000 0.000000
0.361480 -0.000000 2.514147
0.361480 -0.000000 2.514147
1.663346 -0.000000 1.919604
0.000000 2.540000 0.000000
0.000000 2.540000 0.000000
0.000000 2.540000 0.000000
1.663346 -0.000000 -1.919604
0.361480 -0.000000 -2.514147
1.663346 -0.000000 -1.919604
-0.000000 -2.540000 -0.000000
-0.000000 -2.540000 -0.000000
-0.000000 -2.540000 -0.000000
1.663346 -0.000000 -1.919604
0.361480 -0.000000 -2.514147
1.663346 -0.000000 -1.919604
-0.000000 -2.540000 -0.000000
-0.000000 -2.540000 -0.000000
-0.000000 -2.540000 -0.000000
-2.540000 0.000000 0.000000
-2.540000 0.000000 0.000000
-2.136784 0.000000 -1.373228
-2.136784 1.373228 0.000000
-2.136784 1.373228 0.000000
-1.055154 2.310465 0.000000
0.000000 -0.000000 2.540000
0.000000 -0.000000 2.540000
0.000000 -0.000000 2.540000
0.000000 -0.000000 2.540000
0.000000 -0.000000 2.540000
0.000000 -0.000000 2.540000
0.361480 -2.514147 -0.000000
-1.055154 -2.310465 0.000000
0.361480 -2.514147 -0.000000
2.437112 0.715601 -0.000000
2.437112 0.715601 -0.000000
2.437112 -0.715601 -0.000000
0.000000 -0.000000 2.540000
0.000000 -0.000000 2.540000
0.000000 -0.000000 2.540000
-2.540000 0.000000 0.000000
-2.540000 0.000000 0.000000
-2.136784 -1.373228 0.000000
0.000000 -0.000000 2.540000
0.000000 -0.000000 2.540000
0.000000 -0.000000 2.540000
-0.000000 -2.540000 -0.000000
-0.000000 -2.540000 -0.000000
-0.000000 -2.540000 -0.000000
2.540000 -0.000000 0.000000
2.437112 -0.000000 -0.715601
2.437112 -0.000000 0.715601
-1.055154 -2.310465 0.000000
-1.055154 -2.310465 0.000000
-2.136784 -1.373228 0.000000
-0.543445 -1.189978 2.177205
-0.543445 -1.189978 2.177205
-1.100525 -0.707265 2.177205
-0.000000 -0.000000 -2.540000
-0.000000 -0.000000 -2.540000
-0.000000 -1.632681 -1.945753
-2.540000 0.000000 0.000000
-2.540000 0.000000 0.000000
-2.540000 0.000000 0.000000
-2.177205 -1.132932 0.654098
-2.177205 -1.132932 0.654098
-2.177205 -1.288322 -0.227166
-0.000000 -2.199704 1.270000
-0.000000 -2.199704 1.270000
-0.000000 -2.501412 -0.441066
0.856687 0.988669 2.177205
0.856687 0.988669 2.177205
1.255206 0.368562 2.177205
1.663346 1.919604 -0.000000
2.437112 0.715601 -0.000000
1.663346 1.919604 -0.000000
-2.136784 1.373228 0.000000
-2.136784 1.373228 0.000000
-2.540000 0.000000 0.000000
-1.308197 0.000000 2.177205
-1.308197 0.000000 2.177205
-1.100525 0.707265 2.177205
-1.055154 2.310465 0.000000
0.361480 2.514147 -0.000000
-1.055154 2.310465 0.000000
-0.543445 1.189978 2.177205
-0.543445 1.189978 2.177205
0.186176 1.294881 2.177205
0.186176 -1.294881 2.177205
0.186176 -1.294881 2.177205
-0.543445 -1.189978 2.177205
-1.055154 -2.310465 0.000000
-1.055154 -2.310465 0.000000
0.361480 -2.514147 -0.000000
-2.136784 -1.373228 0.000000
-2.540000 0.000000 0.000000
-2.136784 -1.373228 0.000000
-1.100525 -0.707265 2.177205
-1.100525 -0.707265 2.177205
-1.308197 0.000000 2.177205
0.186176 -1.294881 2.177205
0.186176 -1.294881 2.177205
-0.543445 -1.189978 2.177205
0.361480 -2.514147 -0.000000
-1.055154 -2.310465 0.000000
0.361480 -2.514147 -0.000000
1.255206 -2.177205 -0.368562
1.255206 -2.177205 -0.368562
0.856687 -2.177205 -0.988669
1.663346 -0.000000 -1.919604
2.437112 -0.000000 -0.715601
1.663346 -0.000000 -1.919604
-0.000000 -0.000000 -2.540000
-0.000000 -0.000000 -2.540000
0.000000 1.632681 -1.945753
-2.540000 0.000000 0.000000
-2.540000 0.000000 0.000000
-2.540000 0.000000 0.000000
-2.540000 0.000000 0.000000
-2.540000 0.000000 0.000000
-2.540000 0.000000 0.000000
0.000000 1.632681 -1.945753
-0.000000 -0.000000 -2.540000
0.000000 1.632681 -1.945753
1.663346 -0.000000 1.919604
1.663346 -0.000000 1.919604
0.361480 -0.000000 2.514147
-0.000000 -2.540000 -0.000000
-0.000000 -2.540000 -0.000000
-0.000000 -2.540000 -0.000000
0.000000 -0.000000 2.540000
0.000000 -0.000000 2.540000
0.000000 -0.000000 2.540000
-2.540000 0.000000 0.000000
-2.540000 0.000000 0.000000
-2.136784 1.373228 0.000000
-0.000000 -2.199704 1.270000
-0.000000 -2.199704 1.270000
-0.000000 -0.868731 2.386819
-2.177205 -0.447430 1.229303
-2.177205 -0.447430 1.229303
-2.177205 -1.132932 0.654098
-0.000000 -0.868731 2.386819
-0.000000 -0.868731 2.386819
0.000000 0.868731 2.386819
-2.177205 0.447430 1.229303
-2.177205 0.447430 1.229303
-2.177205 -0.447430 1.229303
-2.177205 0.840893 -1.002137
-2.177205 0.840893 -1.002137
-2.177205 1.288322 -0.227166
0.000000 2.501412 -0.441066
0.000000 1.632681 -1.945753
0.000000 2.501412 -0.441066
-0.000000 -1.632681 -1.945753
-0.000000 -0.000000 -2.540000
-0.000000 -1.632681 -1.945753
-2.177205 -0.840893 -1.002137
-2.177205 -0.840893 -1.002137
-2.177205 0.000000 -1.308197
0.000000 -0.000000 2.540000
0.000000 -0.000000 2.540000
0.000000 -0.000000 2.540000
2.437112 0.715601 -0.000000
2.437112 -0.715601 -0.000000
2.437112 0.715601 -0.000000
0.000000 -0.000000 2.540000
0.000000 -0.000000 2.540000
0.000000 -0.000000 2.540000
0.361480 2.514147 -0.000000
1.663346 1.919604 -0.000000
0.361480 2.514147 -0.000000
2.437112 -0.715601 -0.000000
1.663346 -1.919604 -0.000000
2.437112 -0.715601 -0.000000
0.000000 -0.000000 2.540000
0.000000 -0.000000 2.540000
0.000000 -0.000000 2.540000
0.361480 -2.514147 -0.000000
-1.055154 -2.310465 0.000000
0.361480 -2.514147 -0.000000
0.000000 -0.000000 2.540000
0.000000 -0.000000 2.540000
0.000000 -0.000000 2.540000
0.000000 -0.000000 2.540000
0.000000 -0.000000 2.540000
0.000000 -0.000000 2.540000
0.361480 2.514147 -0.000000
-1.055154 2.310465 0.000000
0.361480 2.514147 -0.000000
0.000000 -0.000000 2.540000
0.000000 -0.000000 2.540000
0.000000 -0.000000 2.540000
-2.136784 -1.373228 0.000000
-2.136784 -1.373228 0.000000
-2.540000 0.000000 0.000000
-2.540000 0.000000 0.000000
-2.540000 0.000000 0.000000
-2.540000 0.000000 0.000000
-0.000000 -0.868731 2.386819
-0.000000 -0.868731 2.386819
0.000000 0.868731 2.386819
0.000000 0.868731 2.386819
0.000000 0.868731 2.386819
-0.000000 -0.868731 2.386819
-2.540000 0.000000 0.000000
-2.540000 0.000000 0.000000
-2.540000 0.000000 0.000000
1.663346 -0.000000 1.919604
0.361480 -0.000000 2.514147
1.663346 -0.000000 1.919604
0.856687 2.177205 0.988669
0.856687 2.177205 0.988669
0.186176 2.177205 1.294881
0.186176 2.177205 -1.294881
0.186176 2.177205 -1.294881
0.856687 2.177205 -0.988669
0.361480 -0.000000 -2.514147
0.361480 -0.000000 -2.514147
1.663346 -0.000000 -1.919604
-2.136784 -1.373228 0.000000
-2.540000 0.000000 0.000000
-2.136784 -1.373228 0.000000
-1.100525 -0.707265 2.177205
-1.100525 -0.707265 2.177205
-1.308197 0.000000 2.177205
-1.100525 2.177205 -0.707265
-1.100525 2.177205 -0.707265
-0.543445 2.177205 -1.189978
-2.136784 0.000000 -1.373228
-1.055154 0.000000 -2.310465
-2.136784 0.000000 -1.373228
1.255206 -0.368562 2.177205
1.255206 -0.368562 2.177205
0.856687 -0.988669 2.177205
1.663346 -1.919604 -0.000000
1.663346 -1.919604 -0.000000
2.437112 -0.715601 -0.000000
1.255206 -0.368562 2.177205
1.255206 -0.368562 2.177205
0.856687 -0.988669 2.177205
1.663346 -1.919604 -0.000000
1.663346 -1.919604 -0.000000
2.437112 -0.715601 -0.000000
0.186176 -1.294881 2.177205
0.186176 -1.294881 2.177205
-0.543445 -1.189978 2.177205
-1.055154 -2.310465 0.000000
0.361480 -2.514147 -0.000000
-1.055154 -2.310465 0.000000
0.361480 2.514147 -0.000000
-1.055154 2.310465 0.000000
0.361480 2.514147 -0.000000
-0.543445 1.189978 2.177205
-0.543445 1.189978 2.177205
0.186176 1.294881 2.177205
-2.136784 1.373228 0.000000
-2.136784 1.373228 0.000000
-1.055154 2.310465 0.000000
-1.100525 0.707265 2.177205
-1.100525 0.707265 2.177205
-0.543445 1.189978 2.177205
-1.055154 -2.310465 0.000000
-1.055154 -2.310465 0.000000
-2.136784 -1.373228 0.000000
-0.543445 -1.189978 2.177205
-0.543445 -1.189978 2.177205
-1.100525 -0.707265 2.177205
2.437112 0.715601 -0.000000
2.437112 0.715601 -0.000000
1.663346 1.919604 -0.000000
0.856687 0.988669 2.177205
0.856687 0.988669 2.177205
1.255206 0.368562 2.177205
1.255206 -0.368562 2.177205
1.255206 -0.368562 2.177205
0.856687 -0.988669 2.177205
1.663346 -1.919604 -0.000000
2.437112 -0.715601 -0.000000
1.663346 -1.919604 -0.000000
0.856687 0.988669 2.177205
0.856687 0.988669 2.177205
1.255206 0.368562 2.177205
1.663346 1.919604 -0.000000
2.437112 0.715601 -0.000000
1.663346 1.919604 -0.000000
2.437112 0.715601 -0.000000
2.437112 0.715601 -0.000000
1.663346 1.919604 -0.000000
0.856687 0.988669 2.177205
0.856687 0.988669 2.177205
1.255206 0.368562 2.177205
0.856687 0.988669 2.177205
0.856687 0.988669 2.177205
1.255206 0.368562 2.177205
2.437112 0.715601 -0.000000
1.663346 1.919604 -0.000000
2.437112 0.715601 -0.000000
1.255206 -0.368562 2.177205
1.255206 -0.368562 2.177205
0.856687 -0.988669 2.177205
1.663346 -1.919604 -0.000000
2.437112 -0.715601 -0.000000
1.663346 -1.919604 -0.000000
0.856687 0.988669 2.177205
0.856687 0.988669 2.177205
1.255206 0.368562 2.177205
2.437112 0.715601 -0.000000
1.663346 1.919604 -0.000000
2.437112 0.715601 -0.000000
1.255206 -0.368562 2.177205
1.255206 -0.368562 2.177205
0.856687 -0.988669 2.177205
1.663346 -1.919604 -0.000000
2.437112 -0.715601 -0.000000
1.663346 -1.919604 -0.000000
0.186176 -1.294881 2.177205
0.186176 -1.294881 2.177205
-0.543445 -1.189978 2.177205
-1.055154 -2.310465 0.000000
-1.055154 -2.310465 0.000000
0.361480 -2.514147 -0.000000
0.361480 2.514147 -0.000000
0.361480 2.514147 -0.000000
-1.055154 2.310465 0.000000
-0.543445 1.189978 2.177205
-0.543445 1.189978 2.177205
0.186176 1.294881 2.177205
0.186176 -1.294881 2.177205
0.186176 -1.294881 2.177205
-0.543445 -1.189978 2.177205
0.361480 -2.514147 -0.000000
-1.055154 -2.310465 0.000000
0.361480 -2.514147 -0.000000
-0.543445 1.189978 2.177205
-0.543445 1.189978 2.177205
0.186176 1.294881 2.177205
-1.055154 2.310465 0.000000
-1.055154 2.310465 0.000000
0.361480 2.514147 -0.000000
0.186176 -2.177205 -1.294881
0.186176 -2.177205 -1.294881
-0.543445 -2.177205 -1.189978
0.361480 -0.000000 -2.514147
-1.055154 0.000000 -2.310465
0.361480 -0.000000 -2.514147
-1.308197 0.000000 2.177205
-1.308197 0.000000 2.177205
-1.100525 0.707265 2.177205
-2.136784 1.373228 0.000000
-2.540000 0.000000 0.000000
-2.136784 1.373228 0.000000
0.856687 -0.988669 2.177205
0.856687 -0.988669 2.177205
0.186176 -1.294881 2.177205
1.663346 -1.919604 -0.000000
1.663346 -1.919604 -0.000000
0.361480 -2.514147 -0.000000
0.361480 2.514147 -0.000000
0.361480 2.514147 -0.000000
-1.055154 2.310465 0.000000
-0.543445 1.189978 2.177205
-0.543445 1.189978 2.177205
0.186176 1.294881 2.177205
1.663346 -0.000000 1.919604
2.437112 -0.000000 0.715601
1.663346 -0.000000 1.919604
0.856687 -2.177205 0.988669
0.856687 -2.177205 0.988669
1.255206 -2.177205 0.368562
-2.136784 1.373228 0.000000
-2.136784 1.373228 0.000000
-2.540000 0.000000 0.000000
-1.308197 0.000000 2.177205
-1.308197 0.000000 2.177205
-1.100525 0.707265 2.177205
2.437112 -0.000000 0.715601
2.437112 -0.000000 0.715601
2.437112 -0.000000 -0.715601
1.255206 2.177205 -0.368562
1.255206 2.177205 -0.368562
1.255206 2.177205 0.368562
-2.136784 -1.373228 0.000000
-2.540000 0.000000 0.000000
-2.136784 -1.373228 0.000000
-1.100525 -0.707265 2.177205
-1.100525 -0.707265 2.177205
-1.308197 0.000000 2.177205
-1.100525 2.177205 0.707265
-1.100525 2.177205 0.707265
-1.308197 2.177205 0.000000
-2.136784 0.000000 1.373228
-2.136784 0.000000 1.373228
-2.540000 0.000000 0.000000
-2.540000 0.000000 0.000000
-2.136784 0.000000 1.373228
-2.540000 0.000000 0.000000
-1.308197 -2.177205 0.000000
-1.308197 -2.177205 0.000000
-1.100525 -2.177205 0.707265
-1.055154 0.000000 2.310465
0.361480 -0.000000 2.514147
-1.055154 0.000000 2.310465
-0.543445 -2.177205 1.189978
-0.543445 -2.177205 1.189978
0.186176 -2.177205 1.294881
-2.177205 1.132932 0.654098
-2.177205 1.132932 0.654098
-2.177205 0.447430 1.229303
0.000000 2.199704 1.270000
0.000000 2.199704 1.270000
0.000000 0.868731 2.386819
-2.177205 0.447430 1.229303
-2.177205 0.447430 1.229303
-2.177205 -0.447430 1.229303
-0.000000 -0.868731 2.386819
0.000000 0.868731 2.386819
-0.000000 -0.868731 2.386819
-2.177205 0.447430 1.229303
-2.177205 0.447430 1.229303
-2.177205 -0.447430 1.229303
-0.000000 -0.868731 2.386819
-0.000000 -0.868731 2.386819
0.000000 0.868731 2.386819
-2.177205 1.288322 -0.227166
-2.177205 1.288322 -0.227166
-2.177205 1.132932 0.654098
0.000000 2.199704 1.270000
0.000000 2.199704 1.270000
0.000000 2.501412 -0.441066
-2.177205 -1.132932 0.654098
-2.177205 -1.132932 0.654098
-2.177205 -1.288322 -0.227166
-0.000000 -2.501412 -0.441066
-0.000000 -2.199704 1.270000
-0.000000 -2.501412 -0.441066
-2.177205 1.288322 -0.227166
-2.177205 1.288322 -0.227166
-2.177205 1.132932 0.654098
0.000000 2.501412 -0.441066
0.000000 2.501412 -0.441066
0.000000 2.199704 1.270000
-0.000000 -2.501412 -0.441066
-0.000000 -2.199704 1.270000
-0.000000 -2.501412 -0.441066
-2.177205 -1.132932 0.654098
-2.177205 -1.132932 0.654098
-2.177205 -1.288322 -0.227166
0.000000 2.501412 -0.441066
0.000000 2.501412 -0.441066
0.000000 1.632681 -1.945753
-2.177205 0.840893 -1.002137
-2.177205 0.840893 -1.002137
-2.177205 1.288322 -0.227166
-2.177205 -1.288322 -0.227166
-2.177205 -1.288322 -0.227166
-2.177205 -0.840893 -1.002137
-0.000000 -1.632681 -1.945753
-0.000000 -2.501412 -0.441066
-0.000000 -1.632681 -1.945753
-0.000000 -2.501412 -0.441066
-0.000000 -1.632681 -1.945753
-0.000000 -2.501412 -0.441066
-2.177205 -1.288322 -0.227166
-2.177205 -1.288322 -0.227166
-2.177205 -0.840893 -1.002137
0.000000 1.632681 -1.945753
0.000000 1.632681 -1.945753
-0.000000 -0.000000 -2.540000
-2.177205 0.000000 -1.308197
-2.177205 0.000000 -1.308197
-2.177205 0.840893 -1.002137
-2.345923 0.000000 0.973778
-2.136784 0.000000 1.373228
-1.796139 0.000000 1.795963
-0.441581 -2.501321 0.000000
-0.565203 -2.476317 0.000000
-0.576745 -2.473654 0.000000
-1.796139 0.000000 1.795963
-2.136784 0.000000 1.373228
-2.345923 0.000000 0.973778
-0.576745 2.473654 0.000000
-0.565203 2.476317 0.000000
-0.441581 2.501321 0.000000
-0.441581 2.501321 0.000000
-0.565203 2.476317 0.000000
-0.576745 2.473654 0.000000
-2.345923 0.000000 -0.973778
-2.136784 0.000000 -1.373228
-1.796139 0.000000 -1.795963
-1.796139 0.000000 -1.795963
-2.136784 0.000000 -1.373228
-2.345923 0.000000 -0.973778
-0.576745 -2.473654 0.000000
-0.565203 -2.476317 0.000000
-0.441581 -2.501321 0.000000
1.663346 -0.000000 -1.919604
2.345923 -0.000000 -0.973778
1.796139 -0.000000 -1.795963
0.576745 2.473654 -0.000000
0.189814 2.532898 -0.000000
0.441581 2.501321 -0.000000
1.663346 -0.000000 1.919604
2.345923 -0.000000 0.973778
1.796139 -0.000000 1.795963
0.576745 -2.473654 -0.000000
0.189814 -2.532898 -0.000000
0.441581 -2.501321 -0.000000
0.441581 -2.501321 -0.000000
0.189814 -2.532898 -0.000000
0.576745 -2.473654 -0.000000
2.345923 -0.000000 -0.973778
2.437112 -0.000000 -0.715601
1.796139 -0.000000 -1.795963
2.345923 -0.000000 0.973778
2.437112 -0.000000 0.715601
1.796139 -0.000000 1.795963
0.441581 2.501321 -0.000000
0.189814 2.532898 -0.000000
0.576745 2.473654 -0.000000
</float_array>
          <technique_common>
            <accessor source="#FBXASC227FBXASC130FBXASC189FBXASC227FBXASC131FBXASC170FBXASC227FBXASC131FBXASC131FBXASC227FBXASC131FBXASC1373-Normal0-array" count="3000" stride="3">
              <param name="X" type="float"/>
              <param name="Y" type="float"/>
              <param name="Z" type="float"/>
            </accessor>
          </technique_common>
        </source>
        <vertices id="FBXASC227FBXASC130FBXASC189FBXASC227FBXASC131FBXASC170FBXASC227FBXASC131FBXASC131FBXASC227FBXASC131FBXASC1373-VERTEX">
          <input semantic="POSITION" source="#FBXASC227FBXASC130FBXASC189FBXASC227FBXASC131FBXASC170FBXASC227FBXASC131FBXASC131FBXASC227FBXASC131FBXASC1373-POSITION"/>
        </vertices>
        <triangles count="1000" material="MaterialFBXASC032FBXASC03527">
          <input semantic="VERTEX" offset="0" source="#FBXASC227FBXASC130FBXASC189FBXASC227FBXASC131FBXASC170FBXASC227FBXASC131FBXASC131FBXASC227FBXASC131FBXASC1373-VERTEX"/>
          <input semantic="NORMAL" offset="1" source="#FBXASC227FBXASC130FBXASC189FBXASC227FBXASC131FBXASC170FBXASC227FBXASC131FBXASC131FBXASC227FBXASC131FBXASC1373-Normal0"/>
          <p> 480 0 43 1 99 2 61 3 108 4 322 5 52 6 213 7 21 8 396 9 189 10 200 11 11 12 222 13 251 14 16 15 369 16 61 17 197 18 33 19 52 20 98 21 144 22 102 23 37 24 34 25 23 26 119 27 11 28 33 29 484 30 148 31 70 32 26 33 158 34 481 35 61 36 165 37 16 38 212 39 128 40 105 41 224 42 26 43 481 44 388 45 163 46 383 47 119 48 86 49 11 50 2 51 85 52 95 53 61 54 98 55 182 56 123 57 75 58 60 59 387 60 433 61 388 62 18 63 58 64 227 65 102 66 10 67 98 68 52 69 331 70 111 71 61 72 104 73 37 74 37 75 381 76 34 77 123 78 316 79 75 80 161 81 150 82 76 83 21 84 30 85 52 86 16 87 400 88 21 89 60 90 75 91 120 92 308 93 61 94 37 95 21 96 127 97 23 98 33 99 5 100 52 101 377 102 385 103 56 104 34 105 192 106 16 107 395 108 148 109 484 110 216 111 148 112 395 113 171 114 121 115 69 116 485 117 200 118 150 119 286 120 150 121 200 122 217 123 171 124 69 125 37 126 104 127 401 128 34 129 67 130 192 131 228 132 162 133 377 134 99 135 220 136 483 137 383 138 163 139 382 140 383 141 428 142 377 143 129 144 351 145 48 146 312 147 47 148 33 149 33 150 37 151 23 152 23 153 127 154 403 155 48 156 191 157 349 158 102 159 52 160 357 161 55 162 223 163 148 164 225 165 384 166 383 167 482 168 219 169 26 170 26 171 166 172 215 173 27 174 423 175 388 176 187 177 86 178 79 179 195 180 73 181 254 182 159 183 195 184 254 185 119 186 307 187 86 188 135 189 7 190 29 191 111 192 176 193 113 194 13 195 400 196 16 197 108 198 111 199 113 200 102 201 435 202 10 203 325 204 99 205 483 206 99 207 325 208 480 209 23 210 199 211 33 212 422 213 5 214 33 215 377 216 162 217 387 218 6 219 100 220 387 221 26 222 224 223 482 224 484 225 409 226 395 227 216 228 314 229 168 230 302 231 257 232 173 233 117 234 168 235 314 236 172 237 102 238 48 239 11 240 74 241 33 242 74 243 11 244 60 245 151 246 98 247 61 248 139 249 80 250 278 251 284 252 106 253 245 254 284 255 245 256 76 257 275 258 350 259 188 260 24 261 146 262 349 263 270 264 275 265 188 266 349 267 146 268 48 269 74 270 297 271 246 272 284 273 300 274 106 275 288 276 246 277 297 278 161 279 106 280 300 281 353 282 253 283 105 284 253 285 442 286 141 287 66 288 126 289 101 290 170 291 414 292 330 293 208 294 198 295 169 296 287 297 198 298 208 299 140 300 345 301 234 302 139 303 144 304 98 305 240 306 290 307 315 308 345 309 271 310 234 311 461 312 118 313 363 314 227 315 380 316 238 317 281 318 347 319 334 320 220 321 334 322 347 323 47 324 119 325 33 326 129 327 48 328 29 329 29 330 48 331 135 332 48 333 102 334 135 335 275 336 125 337 350 338 232 339 350 340 125 341 324 342 47 343 156 344 174 345 324 346 156 347 40 348 287 349 274 350 123 351 298 352 288 353 298 354 246 355 288 356 287 357 208 358 274 359 215 360 232 361 306 362 306 363 232 364 125 365 29 366 337 367 174 368 84 369 174 370 337 371 172 372 52 373 102 374 188 375 350 376 52 377 346 378 282 379 335 380 432 381 233 382 444 383 26 384 219 385 166 386 388 387 233 388 432 389 216 390 55 391 148 392 216 393 168 394 55 395 218 396 90 397 353 398 377 399 430 400 406 401 280 402 406 403 430 404 353 405 105 406 218 407 227 408 130 409 380 410 79 411 375 412 187 413 380 414 130 415 178 416 375 417 450 418 207 419 318 420 60 421 120 422 60 423 14 424 74 425 313 426 61 427 40 428 80 429 61 430 278 431 371 432 269 433 327 434 16 435 327 436 269 437 61 438 186 439 317 440 372 441 317 442 186 443 486 444 63 445 189 446 352 447 63 448 83 449 382 450 185 451 415 452 456 453 343 454 344 455 343 456 223 457 344 458 382 459 366 460 185 461 159 462 170 463 330 464 0 465 159 466 144 467 32 468 402 469 193 470 381 471 88 472 221 473 68 474 193 475 402 476 34 477 381 478 221 479 215 480 306 481 158 482 215 483 158 484 26 485 339 486 53 487 70 488 219 489 346 490 335 491 44 492 71 493 212 494 71 495 128 496 212 497 319 498 213 499 52 500 340 501 224 502 481 503 340 504 338 505 224 506 17 507 213 508 319 509 358 510 73 511 96 512 254 513 73 514 358 515 103 516 37 517 74 518 74 519 37 520 33 521 75 522 179 523 345 524 75 525 98 526 120 527 226 528 177 529 286 530 286 531 200 532 226 533 180 534 271 535 179 536 345 537 179 538 271 539 485 540 369 541 396 542 396 543 200 544 485 545 217 546 69 547 166 548 107 549 239 550 79 551 98 552 151 553 120 554 240 555 291 556 290 557 33 558 199 559 378 560 467 561 378 562 199 563 341 564 147 565 263 566 147 567 419 568 263 569 387 570 431 571 408 572 431 573 416 574 408 575 191 576 214 577 22 578 184 579 191 580 22 581 241 582 230 583 333 584 22 585 333 586 230 587 251 588 222 589 18 590 222 591 58 592 18 593 467 594 259 595 378 596 458 597 391 598 15 599 437 600 67 601 262 602 19 603 261 604 436 605 253 606 153 607 442 608 330 609 414 610 277 611 293 612 20 613 417 614 247 615 236 616 441 617 408 618 416 619 296 620 334 621 237 622 448 623 185 624 295 625 415 626 101 627 453 628 235 629 460 630 130 631 390 632 27 633 260 634 457 635 451 636 94 637 335 638 233 639 157 640 294 641 241 642 333 643 336 644 184 645 241 646 336 647 96 648 52 649 328 650 36 651 96 652 328 653 20 654 63 655 352 656 417 657 20 658 352 659 75 660 8 661 98 662 98 663 240 664 315 665 208 666 169 667 99 668 99 669 169 670 220 671 388 672 433 673 405 674 463 675 405 676 433 677 383 678 429 679 407 680 449 681 407 682 429 683 102 684 173 685 135 686 102 687 144 688 358 689 289 690 251 691 308 692 308 693 37 694 289 695 325 696 329 697 258 698 480 699 325 700 258 701 229 702 0 703 28 704 253 705 141 706 105 707 140 708 272 709 180 710 272 711 271 712 180 713 217 714 9 715 364 716 418 717 364 718 9 719 248 720 109 721 354 722 397 723 360 724 61 725 354 726 348 727 248 728 397 729 309 730 360 731 177 732 183 733 110 734 286 735 177 736 110 737 112 738 357 739 386 740 52 741 386 742 357 743 478 744 411 745 167 746 421 747 167 748 411 749 16 750 392 751 361 752 374 753 394 754 249 755 361 756 392 757 175 758 472 759 374 760 249 761 394 762 473 763 323 764 244 765 116 766 393 767 249 768 394 769 323 770 21 771 244 772 393 773 285 774 117 775 95 776 285 777 267 778 117 779 198 780 45 781 169 782 45 783 363 784 118 785 129 786 29 787 119 788 29 789 51 790 119 791 38 792 120 793 151 794 180 795 120 796 301 797 49 798 307 799 51 800 119 801 51 802 307 803 137 804 311 805 401 806 37 807 401 808 311 809 11 810 50 811 123 812 60 813 11 814 123 815 462 816 419 817 338 818 462 819 202 820 419 821 230 822 267 823 299 824 285 825 299 826 267 827 383 828 384 829 428 830 413 831 428 832 384 833 256 834 127 835 321 836 21 837 321 838 127 839 20 840 189 841 63 842 218 843 105 844 128 845 84 846 129 847 47 848 47 849 129 850 119 851 58 852 130 853 227 854 187 855 375 856 207 857 348 858 196 859 412 860 250 861 273 862 476 863 108 864 190 865 426 866 469 867 424 868 10 869 420 870 427 871 310 872 471 873 113 874 114 875 474 876 181 877 30 878 400 879 399 880 479 881 135 882 173 883 257 884 336 885 214 886 135 887 379 888 2 889 242 890 5 891 379 892 242 893 122 894 389 895 466 896 262 897 201 898 437 899 359 900 63 901 243 902 359 903 243 904 192 905 278 906 268 907 139 908 268 909 28 910 139 911 301 912 120 913 38 914 38 915 279 916 301 917 229 918 355 919 0 920 89 921 365 922 355 923 376 924 127 925 256 926 256 927 70 928 376 929 308 930 251 931 143 932 251 933 18 934 143 935 0 936 144 937 28 938 139 939 28 940 144 941 301 942 279 943 145 944 75 945 145 946 279 947 302 948 173 949 4 950 48 951 146 952 172 953 338 954 340 955 252 956 462 957 338 958 252 959 343 960 148 961 223 962 25 963 70 964 148 965 446 966 366 967 149 968 149 969 211 970 446 971 1 972 150 973 43 974 161 975 43 976 150 977 80 978 151 979 61 980 291 981 151 982 290 983 453 984 204 985 235 986 449 987 429 988 152 989 440 990 41 991 413 992 414 993 209 994 277 995 237 996 205 997 448 998 356 999 447 1000 154 1001 236 1002 206 1003 441 1004 228 1005 454 1006 155 1007 51 1008 156 1009 312 1010 156 1011 47 1012 312 1013 451 1014 211 1015 94 1016 438 1017 107 1018 418 1019 379 1020 158 1021 2 1022 158 1023 85 1024 2 1025 159 1026 330 1027 66 1028 66 1029 195 1030 159 1031 450 1032 375 1033 160 1034 390 1035 210 1036 460 1037 76 1038 12 1039 161 1040 12 1041 106 1042 161 1043 97 1044 83 1045 356 1046 83 1047 46 1048 356 1049 446 1050 53 1051 366 1052 185 1053 366 1054 53 1055 372 1056 150 1057 368 1058 368 1059 317 1060 372 1061 471 1062 322 1063 113 1064 322 1065 108 1066 113 1067 219 1068 335 1069 166 1070 166 1071 9 1072 217 1073 435 1074 196 1075 348 1076 354 1077 435 1078 348 1079 55 1080 168 1081 270 1082 168 1083 275 1084 270 1085 169 1086 334 1087 220 1088 45 1089 118 1090 169 1091 0 1092 170 1093 159 1094 355 1095 365 1096 0 1097 86 1098 307 1099 171 1100 79 1101 86 1102 171 1103 328 1104 52 1105 172 1106 172 1107 302 1108 4 1109 4 1110 320 1111 36 1112 36 1113 320 1114 102 1115 174 1116 326 1117 29 1118 326 1119 174 1120 156 1121 392 1122 475 1123 175 1124 114 1125 266 1126 471 1127 181 1128 176 1129 331 1130 111 1131 331 1132 176 1133 313 1134 44 1135 3 1136 3 1137 61 1138 313 1139 100 1140 178 1141 445 1142 178 1143 210 1144 445 1145 123 1146 77 1147 316 1148 14 1149 316 1150 77 1151 318 1152 316 1153 14 1154 14 1155 60 1156 318 1157 473 1158 394 1159 425 1160 399 1161 264 1162 479 1163 424 1164 182 1165 434 1166 98 1167 434 1168 182 1169 183 1170 40 1171 274 1172 177 1173 40 1174 183 1175 184 1176 22 1177 39 1178 39 1179 241 1180 184 1181 65 1182 339 1183 25 1184 339 1185 70 1186 25 1187 61 1188 369 1189 186 1190 369 1191 485 1192 186 1193 222 1194 187 1195 58 1196 187 1197 207 1198 58 1199 332 1200 52 1201 96 1202 73 1203 332 1204 96 1205 71 1206 189 1207 128 1208 342 1209 128 1210 189 1211 309 1212 397 1213 132 1214 190 1215 265 1216 426 1217 7 1218 351 1219 84 1220 351 1221 129 1222 84 1223 359 1224 192 1225 32 1226 192 1227 402 1228 32 1229 329 1230 261 1231 19 1232 258 1233 329 1234 19 1235 410 1236 89 1237 355 1238 410 1239 209 1240 89 1241 66 1242 55 1243 195 1244 55 1245 270 1246 195 1247 398 1248 231 1249 470 1250 470 1251 31 1252 398 1253 49 1254 33 1255 197 1256 197 1257 121 1258 49 1259 198 1260 18 1261 45 1262 143 1263 18 1264 198 1265 391 1266 404 1267 15 1268 15 1269 404 1270 23 1271 200 1272 189 1273 71 1274 226 1275 200 1276 71 1277 261 1278 201 1279 436 1280 389 1281 201 1282 466 1283 467 1284 202 1285 259 1286 458 1287 202 1288 391 1289 52 1290 5 1291 203 1292 203 1293 5 1294 242 1295 295 1296 204 1297 415 1298 152 1299 204 1300 449 1301 447 1302 205 1303 154 1304 416 1305 205 1306 296 1307 454 1308 206 1309 155 1310 417 1311 206 1312 293 1313 390 1314 367 1315 207 1316 58 1317 207 1318 367 1319 99 1320 43 1321 208 1322 274 1323 208 1324 43 1325 413 1326 209 1327 440 1328 153 1329 209 1330 442 1331 260 1332 210 1333 457 1334 160 1335 210 1336 450 1337 418 1338 211 1339 438 1340 157 1341 211 1342 294 1343 105 1344 28 1345 212 1346 268 1347 212 1348 28 1349 409 1350 484 1351 72 1352 21 1353 409 1354 72 1355 135 1356 214 1357 7 1358 214 1359 191 1360 7 1361 166 1362 69 1363 215 1364 69 1365 232 1366 215 1367 487 1368 2 1369 216 1370 2 1371 314 1372 216 1373 79 1374 171 1375 217 1376 217 1377 364 1378 79 1379 218 1380 128 1381 342 1382 455 1383 218 1384 342 1385 70 1386 346 1387 219 1388 376 1389 70 1390 219 1391 220 1392 347 1393 63 1394 359 1395 220 1396 63 1397 262 1398 67 1399 362 1400 362 1401 67 1402 34 1403 11 1404 86 1405 222 1406 86 1407 187 1408 222 1409 344 1410 223 1411 66 1412 223 1413 55 1414 66 1415 224 1416 147 1417 341 1418 482 1419 224 1420 341 1421 101 1422 126 1423 225 1424 225 1425 283 1426 101 1427 226 1428 71 1429 44 1430 313 1431 226 1432 44 1433 18 1434 227 1435 45 1436 227 1437 363 1438 45 1439 97 1440 356 1441 228 1442 97 1443 228 1444 155 1445 229 1446 28 1447 105 1448 105 1449 141 1450 229 1451 85 1452 230 1453 95 1454 85 1455 267 1456 230 1457 478 1458 273 1459 411 1460 196 1461 231 1462 412 1463 69 1464 121 1465 232 1466 121 1467 197 1468 232 1469 157 1470 423 1471 107 1472 27 1473 107 1474 423 1475 245 1476 234 1477 76 1478 234 1479 12 1480 76 1481 456 1482 65 1483 343 1484 456 1485 204 1486 65 1487 353 1488 90 1489 452 1490 90 1491 206 1492 452 1493 91 1494 205 1495 461 1496 461 1497 363 1498 91 1499 238 1500 100 1501 6 1502 91 1503 238 1504 6 1505 239 1506 107 1507 27 1508 239 1509 27 1510 160 1511 98 1512 8 1513 240 1514 8 1515 291 1516 240 1517 95 1518 230 1519 241 1520 241 1521 39 1522 95 1523 17 1524 319 1525 370 1526 370 1527 2 1528 17 1529 371 1530 63 1531 78 1532 78 1533 269 1534 371 1535 21 1536 400 1537 244 1538 479 1539 244 1540 400 1541 245 1542 272 1543 140 1544 245 1545 140 1546 234 1547 103 1548 74 1549 246 1550 298 1551 103 1552 246 1553 56 1554 247 1555 377 1556 56 1557 236 1558 247 1559 248 1560 167 1561 421 1562 421 1563 426 1564 248 1565 249 1566 323 1567 420 1568 420 1569 310 1570 249 1571 111 1572 273 1573 250 1574 111 1575 250 1576 52 1577 251 1578 289 1579 50 1580 251 1581 50 1582 11 1583 422 1584 33 1585 81 1586 468 1587 422 1588 81 1589 377 1590 41 1591 385 1592 440 1593 385 1594 41 1595 254 1596 358 1597 144 1598 159 1599 254 1600 144 1601 255 1602 100 1603 93 1604 100 1605 255 1606 387 1607 373 1608 70 1609 256 1610 256 1611 321 1612 373 1613 135 1614 257 1615 24 1616 257 1617 146 1618 24 1619 258 1620 19 1621 104 1622 1 1623 258 1624 104 1625 468 1626 202 1627 87 1628 468 1629 87 1630 422 1631 433 1632 93 1633 463 1634 93 1635 210 1636 463 1637 464 1638 193 1639 68 1640 68 1641 201 1642 464 1643 221 1644 88 1645 439 1646 88 1647 201 1648 439 1649 23 1650 403 1651 15 1652 458 1653 15 1654 403 1655 474 1656 264 1657 181 1658 425 1659 264 1660 473 1661 469 1662 265 1663 424 1664 132 1665 265 1666 309 1667 475 1668 266 1669 175 1670 427 1671 266 1672 310 1673 267 1674 85 1675 125 1676 117 1677 267 1678 125 1679 3 1680 44 1681 268 1682 44 1683 212 1684 268 1685 78 1686 62 1687 269 1688 269 1689 62 1690 16 1691 195 1692 270 1693 73 1694 270 1695 188 1696 73 1697 271 1698 272 1699 12 1700 234 1701 271 1702 12 1703 245 1704 106 1705 272 1706 12 1707 272 1708 106 1709 273 1710 231 1711 476 1712 478 1713 231 1714 273 1715 183 1716 274 1717 161 1718 274 1719 43 1720 161 1721 117 1722 125 1723 275 1724 275 1725 168 1726 117 1727 276 1728 403 1729 124 1730 124 1731 202 1732 276 1733 443 1734 209 1735 42 1736 126 1737 443 1738 42 1739 278 1740 61 1741 3 1742 3 1743 268 1744 278 1745 279 1746 38 1747 8 1748 75 1749 279 1750 8 1751 280 1752 206 1753 57 1754 57 1755 406 1756 280 1757 46 1758 83 1759 281 1760 281 1761 205 1762 46 1763 346 1764 54 1765 282 1766 54 1767 211 1768 282 1769 225 1770 92 1771 283 1772 92 1773 204 1774 283 1775 110 1776 300 1777 284 1778 76 1779 110 1780 284 1781 39 1782 299 1783 285 1784 95 1785 39 1786 285 1787 76 1788 150 1789 286 1790 286 1791 110 1792 76 1793 143 1794 198 1795 287 1796 40 1797 143 1798 287 1799 288 1800 77 1801 123 1802 288 1803 297 1804 77 1805 50 1806 289 1807 103 1808 289 1809 37 1810 103 1811 290 1812 151 1813 80 1814 315 1815 290 1816 80 1817 8 1818 38 1819 291 1820 38 1821 151 1822 291 1823 354 1824 109 1825 292 1826 109 1827 265 1828 292 1829 293 1830 206 1831 455 1832 455 1833 342 1834 293 1835 444 1836 211 1837 149 1838 432 1839 444 1840 149 1841 459 1842 339 1843 65 1844 65 1845 204 1846 459 1847 465 1848 91 1849 6 1850 465 1851 205 1852 91 1853 77 1854 297 1855 14 1856 74 1857 14 1858 297 1859 123 1860 50 1861 298 1862 50 1863 103 1864 298 1865 299 1866 22 1867 230 1868 39 1869 22 1870 299 1871 300 1872 183 1873 161 1874 110 1875 183 1876 300 1877 301 1878 145 1879 140 1880 180 1881 301 1882 140 1883 172 1884 146 1885 302 1886 146 1887 257 1888 302 1889 303 1890 266 1891 133 1892 165 1893 303 1894 133 1895 393 1896 116 1897 304 1898 116 1899 264 1900 304 1901 1 1902 43 1903 305 1904 305 1905 258 1906 1 1907 158 1908 306 1909 85 1910 125 1911 85 1912 306 1913 171 1914 307 1915 121 1916 49 1917 121 1918 307 1919 40 1920 61 1921 308 1922 308 1923 143 1924 40 1925 477 1926 265 1927 190 1928 360 1929 477 1930 190 1931 249 1932 310 1933 472 1934 310 1935 266 1936 472 1937 311 1938 389 1939 122 1940 311 1941 122 1942 37 1943 312 1944 49 1945 51 1946 312 1947 33 1948 49 1949 313 1950 40 1951 177 1952 177 1953 226 1954 313 1955 117 1956 314 1957 95 1958 2 1959 95 1960 314 1961 315 1962 80 1963 139 1964 315 1965 139 1966 98 1967 75 1968 316 1969 179 1970 318 1971 179 1972 316 1973 368 1974 104 1975 317 1976 317 1977 104 1978 61 1979 318 1980 120 1981 180 1982 180 1983 179 1984 318 1985 370 1986 319 1987 203 1988 52 1989 203 1990 319 1991 102 1992 320 1993 173 1994 4 1995 173 1996 320 1997 72 1998 321 1999 21 2000 321 2001 72 2002 373 2003 322 2004 165 2005 61 2006 322 2007 303 2008 165 2009 323 2010 134 2011 115 2012 420 2013 323 2014 115 2015 324 2016 174 2017 84 2018 84 2019 47 2020 324 2021 32 2022 325 2023 483 2024 32 2025 193 2026 325 2027 29 2028 326 2029 51 2030 326 2031 156 2032 51 2033 16 2034 192 2035 327 2036 243 2037 327 2038 192 2039 328 2040 172 2041 4 2042 328 2043 4 2044 36 2045 464 2046 329 2047 193 2048 325 2049 193 2050 329 2051 330 2052 277 2053 126 2054 66 2055 330 2056 126 2057 52 2058 30 2059 331 2060 181 2061 331 2062 30 2063 188 2064 52 2065 332 2066 73 2067 188 2068 332 2069 22 2070 214 2071 333 2072 336 2073 333 2074 214 2075 169 2076 118 2077 334 2078 118 2079 237 2080 334 2081 94 2082 9 2083 335 2084 166 2085 335 2086 9 2087 336 2088 24 2089 184 2090 24 2091 336 2092 135 2093 337 2094 7 2095 84 2096 29 2097 7 2098 337 2099 419 2100 147 2101 338 2102 224 2103 338 2104 147 2105 185 2106 53 2107 339 2108 339 2109 459 2110 185 2111 252 2112 340 2113 5 2114 340 2115 136 2116 5 2117 341 2118 263 2119 127 2120 341 2121 127 2122 35 2123 293 2124 342 2125 20 2126 342 2127 189 2128 20 2129 25 2130 148 2131 343 2132 65 2133 25 2134 343 2135 344 2136 101 2137 235 2138 344 2139 66 2140 101 2141 345 2142 145 2143 75 2144 140 2145 145 2146 345 2147 53 2148 346 2149 70 2150 53 2151 54 2152 346 2153 281 2154 83 2155 347 2156 63 2157 347 2158 83 2159 248 2160 348 2161 167 2162 167 2163 348 2164 131 2165 24 2166 349 2167 184 2168 349 2169 191 2170 184 2171 232 2172 197 2173 350 2174 197 2175 52 2176 350 2177 7 2178 191 2179 351 2180 48 2181 351 2182 191 2183 417 2184 352 2185 97 2186 352 2187 83 2188 97 2189 353 2190 452 2191 56 2192 56 2193 253 2194 353 2195 10 2196 354 2197 469 2198 10 2199 435 2200 354 2201 229 2202 141 2203 355 2204 355 2205 141 2206 410 2207 162 2208 356 2209 154 2210 228 2211 356 2212 162 2213 102 2214 357 2215 31 2216 398 2217 31 2218 357 2219 102 2220 358 2221 36 2222 358 2223 96 2224 36 2225 138 2226 359 2227 32 2228 138 2229 220 2230 359 2231 108 2232 360 2233 190 2234 61 2235 360 2236 108 2237 361 2238 13 2239 16 2240 427 2241 13 2242 361 2243 34 2244 221 2245 362 2246 262 2247 362 2248 221 2249 238 2250 363 2251 227 2252 91 2253 363 2254 238 2255 79 2256 364 2257 107 2258 418 2259 107 2260 364 2261 89 2262 170 2263 365 2264 0 2265 365 2266 170 2267 163 2268 366 2269 382 2270 149 2271 366 2272 163 2273 390 2274 130 2275 367 2276 58 2277 367 2278 130 2279 1 2280 104 2281 368 2282 368 2283 150 2284 1 2285 16 2286 62 2287 369 2288 396 2289 369 2290 62 2291 370 2292 203 2293 242 2294 242 2295 2 2296 370 2297 243 2298 63 2299 371 2300 371 2301 327 2302 243 2303 164 2304 372 2305 186 2306 164 2307 150 2308 372 2309 72 2310 142 2311 373 2312 142 2313 70 2314 373 2315 114 2316 113 2317 374 2318 113 2319 176 2320 374 2321 160 2322 375 2323 239 2324 79 2325 239 2326 375 2327 376 2328 219 2329 35 2330 127 2331 376 2332 35 2333 16 2334 21 2335 377 2336 387 2337 16 2338 377 2339 259 2340 81 2341 378 2342 33 2343 378 2344 81 2345 5 2346 136 2347 379 2348 136 2349 158 2350 379 2351 238 2352 380 2353 100 2354 380 2355 178 2356 100 2357 37 2358 122 2359 381 2360 381 2361 122 2362 88 2363 152 2364 64 2365 382 2366 383 2367 382 2368 64 2369 377 2370 21 2371 383 2372 21 2373 23 2374 383 2375 384 2376 126 2377 42 2378 225 2379 126 2380 384 2381 385 2382 153 2383 253 2384 56 2385 385 2386 253 2387 476 2388 386 2389 250 2390 52 2391 250 2392 386 2393 34 2394 16 2395 387 2396 388 2397 34 2398 387 2399 23 2400 34 2401 388 2402 383 2403 23 2404 388 2405 137 2406 201 2407 389 2408 389 2409 311 2410 137 2411 59 2412 390 2413 207 2414 59 2415 210 2416 390 2417 391 2418 82 2419 404 2420 391 2421 202 2422 82 2423 165 2424 133 2425 392 2426 16 2427 165 2428 392 2429 393 2430 30 2431 21 2432 30 2433 393 2434 474 2435 425 2436 394 2437 176 2438 374 2439 176 2440 394 2441 487 2442 216 2443 395 2444 395 2445 213 2446 487 2447 396 2448 62 2449 486 2450 486 2451 189 2452 396 2453 132 2454 397 2455 182 2456 61 2457 182 2458 397 2459 398 2460 357 2461 112 2462 112 2463 231 2464 398 2465 134 2466 264 2467 399 2468 115 2469 134 2470 399 2471 13 2472 115 2473 400 2474 115 2475 399 2476 400 2477 104 2478 19 2479 401 2480 137 2481 401 2482 19 2483 67 2484 402 2485 192 2486 402 2487 67 2488 68 2489 127 2490 263 2491 403 2492 124 2493 403 2494 263 2495 23 2496 404 2497 199 2498 82 2499 199 2500 404 2501 405 2502 260 2503 27 2504 388 2505 405 2506 27 2507 406 2508 228 2509 377 2510 57 2511 228 2512 406 2513 407 2514 92 2515 225 2516 383 2517 407 2518 225 2519 465 2520 6 2521 408 2522 6 2523 387 2524 408 2525 21 2526 213 2527 409 2528 395 2529 409 2530 213 2531 141 2532 194 2533 410 2534 194 2535 209 2536 410 2537 273 2538 111 2539 411 2540 108 2541 411 2542 111 2543 412 2544 231 2545 131 2546 348 2547 412 2548 131 2549 42 2550 209 2551 413 2552 42 2553 413 2554 384 2555 414 2556 170 2557 89 2558 89 2559 209 2560 414 2561 415 2562 152 2563 382 2564 415 2565 204 2566 152 2567 154 2568 205 2569 416 2570 416 2571 431 2572 154 2573 155 2574 417 2575 97 2576 155 2577 206 2578 417 2579 94 2580 211 2581 418 2582 94 2583 418 2584 9 2585 419 2586 202 2587 124 2588 263 2589 419 2590 124 2591 13 2592 427 2593 420 2594 420 2595 115 2596 13 2597 421 2598 411 2599 108 2600 421 2601 108 2602 426 2603 87 2604 252 2605 422 2606 252 2607 5 2608 422 2609 388 2610 423 2611 233 2612 423 2613 157 2614 233 2615 132 2616 182 2617 424 2618 424 2619 265 2620 132 2621 425 2622 176 2623 181 2624 181 2625 264 2626 425 2627 426 2628 265 2629 109 2630 248 2631 426 2632 109 2633 175 2634 427 2635 361 2636 175 2637 266 2638 427 2639 377 2640 428 2641 41 2642 413 2643 41 2644 428 2645 64 2646 429 2647 383 2648 152 2649 429 2650 64 2651 441 2652 430 2653 247 2654 377 2655 247 2656 430 2657 154 2658 431 2659 162 2660 387 2661 162 2662 431 2663 432 2664 163 2665 388 2666 163 2667 432 2668 149 2669 387 2670 255 2671 433 2672 255 2673 93 2674 433 2675 98 2676 10 2677 434 2678 424 2679 434 2680 10 2681 31 2682 470 2683 435 2684 31 2685 435 2686 102 2687 436 2688 137 2689 19 2690 436 2691 201 2692 137 2693 437 2694 201 2695 68 2696 67 2697 437 2698 68 2699 438 2700 157 2701 107 2702 438 2703 211 2704 157 2705 439 2706 201 2707 262 2708 439 2709 262 2710 221 2711 440 2712 209 2713 153 2714 153 2715 385 2716 440 2717 441 2718 206 2719 280 2720 280 2721 430 2722 441 2723 442 2724 209 2725 194 2726 141 2727 442 2728 194 2729 126 2730 277 2731 443 2732 277 2733 209 2734 443 2735 233 2736 294 2737 444 2738 294 2739 211 2740 444 2741 100 2742 445 2743 93 2744 445 2745 210 2746 93 2747 54 2748 53 2749 446 2750 446 2751 211 2752 54 2753 46 2754 205 2755 447 2756 356 2757 46 2758 447 2759 448 2760 205 2761 281 2762 448 2763 281 2764 334 2765 92 2766 407 2767 449 2768 449 2769 204 2770 92 2771 450 2772 210 2773 59 2774 207 2775 450 2776 59 2777 282 2778 211 2779 451 2780 335 2781 282 2782 451 2783 452 2784 206 2785 236 2786 56 2787 452 2788 236 2789 283 2790 204 2791 453 2792 101 2793 283 2794 453 2795 57 2796 206 2797 454 2798 454 2799 228 2800 57 2801 90 2802 218 2803 455 2804 455 2805 206 2806 90 2807 235 2808 204 2809 456 2810 235 2811 456 2812 344 2813 457 2814 210 2815 160 2816 27 2817 457 2818 160 2819 276 2820 202 2821 458 2822 276 2823 458 2824 403 2825 459 2826 204 2827 295 2828 185 2829 459 2830 295 2831 460 2832 210 2833 178 2834 130 2835 460 2836 178 2837 237 2838 118 2839 461 2840 461 2841 205 2842 237 2843 87 2844 462 2845 252 2846 87 2847 202 2848 462 2849 260 2850 405 2851 463 2852 463 2853 210 2854 260 2855 261 2856 329 2857 464 2858 464 2859 201 2860 261 2861 296 2862 465 2863 408 2864 296 2865 205 2866 465 2867 466 2868 201 2869 88 2870 122 2871 466 2872 88 2873 82 2874 467 2875 199 2876 82 2877 202 2878 467 2879 259 2880 468 2881 81 2882 259 2883 202 2884 468 2885 292 2886 265 2887 469 2888 354 2889 292 2890 469 2891 470 2892 231 2893 196 2894 435 2895 470 2896 196 2897 471 2898 266 2899 303 2900 303 2901 322 2902 471 2903 472 2904 266 2905 114 2906 114 2907 374 2908 472 2909 473 2910 264 2911 134 2912 323 2913 473 2914 134 2915 304 2916 264 2917 474 2918 393 2919 304 2920 474 2921 392 2922 133 2923 475 2924 133 2925 266 2926 475 2927 112 2928 386 2929 476 2930 476 2931 231 2932 112 2933 309 2934 265 2935 477 2936 360 2937 309 2938 477 2939 131 2940 478 2941 167 2942 131 2943 231 2944 478 2945 116 2946 244 2947 479 2948 479 2949 264 2950 116 2951 480 2952 258 2953 305 2954 305 2955 43 2956 480 2957 136 2958 340 2959 481 2960 481 2961 158 2962 136 2963 35 2964 219 2965 482 2966 482 2967 341 2968 35 2969 138 2970 32 2971 483 2972 483 2973 220 2974 138 2975 72 2976 484 2977 142 2978 484 2979 70 2980 142 2981 186 2982 485 2983 164 2984 485 2985 150 2986 164 2987 78 2988 63 2989 486 2990 486 2991 62 2992 78 2993 487 2994 213 2995 17 2996 17 2997 2 2998 487 2999</p>
        </triangles>
      </mesh>
    </geometry>
    <geometry id="FBXASC227FBXASC130FBXASC189FBXASC227FBXASC131FBXASC170FBXASC227FBXASC131FBXASC131FBXASC227FBXASC131FBXASC1374-lib" name="FBXASC227FBXASC130FBXASC189FBXASC227FBXASC131FBXASC170FBXASC227FBXASC131FBXASC131FBXASC227FBXASC131FBXASC1374Mesh">
      <mesh>
        <source id="FBXASC227FBXASC130FBXASC189FBXASC227FBXASC131FBXASC170FBXASC227FBXASC131FBXASC131FBXASC227FBXASC131FBXASC1374-POSITION">
          <float_array id="FBXASC227FBXASC130FBXASC189FBXASC227FBXASC131FBXASC170FBXASC227FBXASC131FBXASC131FBXASC227FBXASC131FBXASC1374-POSITION-array" count="1998">0.001161188 -0.001993765 0.002735257 0.000156384 -0.00197053 0.002302204 -0.004080168 -0.002199773 0.001958731 0.001549399 -0.001418903 0.002333601 -2.9923e-05 -0.002658354 0.001930547 -0.000139591 -0.001755182 0.002899045 -0.003886625 -0.002132633 0.002847515 -0.000217997 -0.00183911 0.001910069 0.000607449 -0.001259843 0.00223228 0.001268656 -0.001259843 0.002612681 0.00099791 -0.002108968 0.00192589 -0.00029921 -0.002723587 0.002872602 0.001512279 -0.000905512 0.002212069 0.000520625 -0.001259843 0.002612681 0.000146594 -0.000905512 0.002930088 0.000146594 -0.000905512 0.001873061 0.001085465 -0.001259843 0.00223228 -0.004197001 -0.002791256 0.001998597 0.000177858 -0.001259843 0.002314809 -0.004197001 -0.002791256 0.002804552 0.000121 -0.002675946 0.002323622 0.000695699 -0.002354847 0.002787472 0.000990455 -0.001547523 0.002748989 0.001413726 -0.001702672 0.002167248 0.000607898 -0.001871329 0.002051359 0.000581352 -0.002414564 0.002037192 -0.001033602 -0.002289463 0.00288161 0.001414709 -0.001640973 0.002589152 0.001512292 -0.000905512 0.002591074 -0.001033602 -0.002289463 0.00192154 0.001437008 -0.001023622 0.002401575 0.000710032 -0.000905512 0.002959018 0.000732917 -0.001259843 0.002050766 -0.003857577 -0.002132838 0.001958731 0.000424257 -0.001023622 0.002612681 -0.004127259 -0.002299256 0.002862664 0.001085465 -0.001259843 0.002570869 0.000318248 -0.002210379 0.002139857 0.000937142 -0.0020422 0.00291226 0.00110782 -0.001468458 0.002078974 0.001268656 -0.001259843 0.002190468 0.000667533 -0.001259843 0.002495526 0.000342601 -0.001259843 0.002156943 0.00060969 -0.00186952 0.002752046 0.000463251 -0.000905512 0.001830737 0.000156678 -0.002661231 0.002549258 0.001433821 -0.001259843 0.002550802 0.001451261 -0.00128018 0.00228378 0.001155633 -0.000905512 0.001953564 0.001161187 -0.001993765 0.002067893 0.000639435 -0.002369872 0.001950072 0.000667533 -0.001023622 0.002307624 9.0474e-05 -0.001264682 0.001942901 0.001025381 -0.001023622 0.002307624 0.000337433 -0.001259843 0.002570869 8.8681e-05 -0.001264093 0.002855666 0.000277349 -0.001023622 0.002307624 0.001019368 -0.001259843 0.002740878 0.000145071 -0.001615186 0.002401575 -0.004076369 -0.002141968 0.00273622 0.001268656 -0.001023622 0.002612681 0.000863145 -0.001643044 0.002040635 -0.003642537 -0.002313232 0.002872602 -0.003625 -0.002258323 0.001988189 -0.002391075 -0.00287204 0.001988189 0.001331844 -0.000905512 0.002759089 0.000604122 -0.002148202 0.002035887 -5.16e-06 -0.00273311 0.002066929 -0.001480089 -0.002859864 0.002814961 0.001340008 -0.001766178 0.00215336 0.001036479 -0.002118267 0.002768474 0.000277349 -0.001023622 0.002495526 0.00020642 -0.001259843 0.00253462 0.000944807 -0.000905512 0.002917367 0.00024276 -0.002587732 0.002847514 0.001474331 -0.001477184 0.00263971 -0.004173787 -0.002259011 0.002030759 0.000667533 -0.001023622 0.002495526 -0.000236076 -0.001738752 0.002839179 0.00135548 -0.001023622 0.00223228 0.001312255 -0.001349206 0.00264179 0.001216692 -0.001402194 0.00211503 0.000804125 -0.002285241 0.002011636 0.001085465 -0.001023622 0.002570869 0.000149764 -0.002468836 0.002512422 0.000591351 -0.001259843 0.002733222 -0.000406725 -0.001901917 0.001961172 0.001156047 -0.001259843 0.002093123 0.001334962 -0.001773798 0.002653125 0.001003937 -0.001259843 0.002401575 0.001172289 -0.001023622 0.002190468 0.00071005 -0.000905512 0.001844136 0.000265402 -0.002612236 0.002149471 0.000520625 -0.001259843 0.002190468 0.001048315 -0.001970531 0.002761158 0.001386773 -0.001639786 0.002084569 0.001487232 -0.00126378 0.002432631 0.000735195 -0.001750641 0.002763425 0.000501205 -0.002481767 0.002755558 -0.003781969 -0.002126062 0.002798601 0.000417388 -0.001260684 0.002971729 0.000607449 -0.001023622 0.00223228 0.000337433 -0.001259843 0.00223228 0.001172289 -0.001259843 0.002612681 -0.000288582 -0.002780245 0.002814961 -0.004042463 -0.002339554 0.002893701 0.000342601 -0.001259843 0.002646207 0.001185418 -0.001869611 0.002835927 0.001109075 -0.001467655 0.002723838 0.001331829 -0.000905512 0.002044057 0.001020364 -0.002132143 0.002031564 0.000205495 -0.002325874 0.002212947 -0.004196365 -0.002301494 0.00273622 0.000424257 -0.001023622 0.002190468 -0.000288582 -0.002780245 0.001988189 0.000465646 -0.002325874 0.00206404 -0.003642537 -0.002313232 0.001930547 0.00049655 -0.001989809 0.002073237 -0.004109042 -0.002710599 0.001918969 -0.001050389 -0.002205747 0.002006674 0.001502265 -0.001437435 0.002401573 -0.001050389 -0.002205747 0.002796476 -0.004115565 -0.002334924 0.001926089 -0.003884578 -0.002086614 0.002066929 0.000591347 -0.001259843 0.002069928 0.000255906 -0.001259843 0.002401575 0.00135548 -0.001259843 0.00223228 0.00073324 -0.001752384 0.002039808 0.001020862 -0.002132401 0.002840846 -0.004109042 -0.002710599 0.002884181 0.000864036 -0.00224554 0.002789788 0.000216936 -0.00129823 0.001846255 0.00115564 -0.000905512 0.002849581 0.001499723 -0.001436842 0.002194519 0.000864876 -0.001641674 0.002762418 -0.003998529 -0.002258168 0.002892696 0.001265453 -0.001870692 0.00211057 0.000607449 -0.001259843 0.002570869 0.000937141 -0.002042199 0.00189089 -9.1e-05 -0.002122381 0.002906092 0.000463241 -0.000905512 0.002972427 0.001371726 -0.001259843 0.002607249 0.001495983 -0.001548556 0.002439922 -0.003625 -0.002258323 0.002814961 0.000988961 -0.001548582 0.002053925 0.000265401 -0.002612236 0.002653679 0.000159974 -0.001284049 0.002938391 0.00065064 -0.00238325 0.002020124 0.00046756 -0.002148202 0.002069943 -0.003889104 -0.002188383 0.001919633 0.000255906 -0.001023622 0.002401575 0.001260638 -0.001876935 0.002694932 7.874e-05 -0.000905512 0.0028006 0.000319316 -0.002208917 0.002663855 0.000944815 -0.000905512 0.001885779 0.00135548 -0.001023622 0.002570869 0.000457772 -0.001259843 0.002105989 0.000457774 -0.001259843 0.002697161 -0.001481363 -0.002802232 0.001930547 0.000148941 -0.00247025 0.002292203 0.001487232 -0.00126378 0.002343745 -0.004106225 -0.002171005 0.002030759 0.001156049 -0.001259843 0.002710026 0.001466648 -0.00153231 0.002279615 0.001311596 -0.001349557 0.002160975 0.001025381 -0.001259843 0.002307624 0.000344343 -0.002325874 0.002113828 0.000876583 -0.001259843 0.002754915 0.000688976 -0.001023622 0.002401575 0.001415564 -0.001023622 0.002307624 0.001217686 -0.001401618 0.002687719 0.000277349 -0.001259843 0.002495526 0.000667533 -0.001259843 0.002307624 0.000662689 -0.002357926 0.002852809 0.001415564 -0.001259843 0.002495526 0.001567799 -0.000905512 0.002465822 0.000262568 -0.002629321 0.00273622 -0.000382624 -0.001932663 0.002873236 0.000424257 -0.001259843 0.002190468 0.001003937 -0.001023622 0.002401575 0.001449113 -0.001640265 0.002259766 0.001415564 -0.001259843 0.002307624 -0.000423559 -0.001880442 0.002800037 0.000688976 -0.001259843 0.002401575 0.000732922 -0.001259843 0.002752383 -0.004019209 -0.002139216 0.002822854 0.000262568 -0.002629321 0.002066929 0.000607449 -0.001023622 0.002570869 0.001172289 -0.001259843 0.002190468 -0.000137369 -0.002143781 0.001900156 0.000277349 -0.001259843 0.002307624 9.6731e-05 -0.000905512 0.001929455 0.001025381 -0.001023622 0.002495526 1.087e-06 -0.00146095 0.001922009 0.001549399 -0.001418903 0.002469548 0.001025381 -0.001259843 0.002495526 -0.001481363 -0.002802232 0.002872602 0.000520625 -0.001023622 0.002612681 -0.001446369 -0.002243499 0.001988189 -0.003718548 -0.002152429 0.002066929 0.000591048 -0.002287976 0.001909796 0.000501207 -0.00248177 0.002047591 0.001413968 -0.001702276 0.0026357 0.00060523 -0.00197053 0.002041992 0.00015748 -0.001259843 0.002401575 -0.000358829 -0.001820931 0.002014401 0.001567795 -0.000905512 0.002337317 -0.003749323 -0.002182801 0.001958731 -0.00410359 -0.002198602 0.002822854 0.000520625 -0.001023622 0.002190468 -0.004206266 -0.00236556 0.002030759 0.000424257 -0.001259843 0.002612681 -1.2087e-05 -0.002713171 0.002814961 -0.003885031 -0.002096742 0.002791711 0.001415564 -0.001023622 0.002495526 -0.001446369 -0.002243499 0.002814961 0.001019364 -0.001259843 0.002062271 0.001085465 -0.001023622 0.00223228 0.001437008 -0.001259843 0.002401575 0.001389545 -0.001309703 0.002215795 0.000337433 -0.001023622 0.00223228 0.001389863 -0.001309547 0.002587081 0.000876578 -0.001259843 0.002048235 0.00117712 -0.001989685 0.002790935 0.001268656 -0.001023622 0.002190468 0.001041965 -0.002009413 0.001914838 0.000607374 -0.002448038 0.00273622 0.001172289 -0.001023622 0.002612681 0.001394042 -0.001678302 0.002194638 0.001279062 -0.001259843 0.002140402 0.000603014 -0.002325874 0.002029782 0.000337433 -0.001023622 0.002570869 -0.000313398 -0.002646132 0.001909449 -0.0032988 -0.002789344 0.001930547 0.000250699 -0.002306992 0.002181692 -0.004003918 -0.002132663 0.001980295 -0.003301795 -0.002846909 0.002814961 -0.003718293 -0.002188298 0.002822854 0.001279062 -0.001259843 0.002662748 -0.0032988 -0.002789344 0.002872602 0.00140407 -0.000905512 0.002096419 0.000259689 -0.001259843 0.002589734 -0.004028358 -0.002119492 0.002772391 -0.001480089 -0.002859864 0.001988189 0.000216935 -0.000905512 0.002956901 0.00087178 -0.00226107 0.001984515 -0.002391075 -0.00287204 0.002814961 -0.00380314 -0.002291041 0.002893701 0.001404086 -0.000905512 0.002706727 0.000107845 -0.002681218 0.002401575 -0.001021799 -0.002348707 0.0028937 -0.00057041 -0.002819096 0.002005606 0.000591048 -0.002287976 0.002893354 0.001371726 -0.001259843 0.0021959 0.000553339 -0.001270436 0.001832248 -0.003301795 -0.002846909 0.001988189 0.00137027 -0.001629315 0.002732805 0.000177859 -0.001259843 0.002488341 0.000564354 -0.002458915 0.002795481 -0.003666493 -0.00238824 0.001909449 0.00135548 -0.001259843 0.002570869 -0.001021726 -0.002349077 0.001909449 0.001244642 -0.001935934 0.002697114 0.000828455 -0.002313156 0.002743497 0.00024276 -0.002587732 0.001955635 9.3712e-05 -0.001440118 0.002934578 0.000259689 -0.001259843 0.002213416 0.000735156 -0.001504066 0.002953655 -0.000210962 -0.00167853 0.002797971 0.000216936 -0.000905512 0.001846256 7.6198e-05 -0.001518583 0.001868863 -0.002317201 -0.00273606 0.002893701 -0.003852385 -0.002103152 0.002004548 0.001464477 -0.000905512 0.002152662 0.000318867 -0.002503087 0.002675443 -0.000313398 -0.002646132 0.002893701 0.001010876 -0.002051841 0.002894811 -1.2087e-05 -0.002713171 0.001988189 0.001227127 -0.001954968 0.002060054 0.001433821 -0.001259843 0.002252348 -0.00033474 -0.001993749 0.002893701 0.000119707 -0.002521909 0.002401578 -0.000284187 -0.002800896 0.00273622 -2.9923e-05 -0.002658354 0.002872602 -0.003954925 -0.002180811 0.002877061 0.000206419 -0.001259843 0.002268531 0.001278235 -0.001781483 0.002014363 1.2557e-05 -0.00147071 0.002896407 -0.004006834 -0.002287827 0.001909449 -0.00029921 -0.002723587 0.001930547 0.00125914 -0.001766872 0.002801472 0.001464492 -0.000905512 0.002650482 0.000828462 -0.002313151 0.002059676 -0.000588765 -0.002073038 0.001930547 -0.003981446 -0.002189464 0.001926089 0.001451985 -0.001637177 0.002203412 -0.003718548 -0.002152429 0.00273622 -0.001443758 -0.002301081 0.002872602 -0.000833453 -0.002134828 0.002814961 -0.000618392 -0.002023593 0.002814961 -0.000833453 -0.002134828 0.001988189 0.001451386 -0.001280123 0.002519185 -0.000215208 -0.001683066 0.002005599 -0.004028913 -0.002215062 0.002877061 0.000197229 -0.002389749 0.002575371 -0.000249397 -0.00180463 0.001931266 2.6298e-05 -0.001390393 0.0019395 0.000863071 -0.001685952 0.001867751 1.6955e-05 -0.001381445 0.002834402 -0.004173999 -0.002317125 0.001980295 -0.002317201 -0.00273606 0.001909449 0.000962604 -0.002212652 0.002768934 -0.002361024 -0.002322564 0.001930547 0.001077477 -0.002061247 0.001956314 -0.003686735 -0.002203759 0.002006664 0.000559809 -0.002149001 0.002751881 0.001542325 -0.001368097 0.00226404 0.000123657 -0.0012744 0.001892416 -0.00414934 -0.002211973 0.00273622 9.6731e-05 -0.000905512 0.002873695 -0.004173582 -0.002278669 0.002798601 -0.004078276 -0.002262419 0.001926089 -0.002361024 -0.002264922 0.002814961 -0.000284187 -0.002800896 0.002066929 0.000200248 -0.002591608 0.002214139 0.000257214 -0.002618082 0.002797588 -0.002361024 -0.002243824 0.002066929 -0.004158521 -0.002756007 0.001948152 -0.003696749 -0.002286122 0.002872602 0.001428506 -0.001676852 0.00256871 0.000141985 -0.001560356 0.002946187 -0.004206143 -0.002338163 0.002066929 -0.004009246 -0.002106867 0.002066929 -0.003618582 -0.002238225 0.002066929 0.000194861 -0.002487132 0.001909449 -0.001043642 -0.002239315 0.002847511 -0.000200415 -0.001701291 0.001961137 -0.003303035 -0.002867972 0.00273622 0.001571895 -0.001290998 0.002443011 -0.000618392 -0.002023593 0.001988189 -0.003618582 -0.002238225 0.00273622 -0.00381463 -0.002192653 0.002877061 0.001081954 -0.002091989 0.002040231 -0.001043642 -0.002239315 0.001955639 0.001494123 -0.001552448 0.002354346 -0.003824808 -0.002096104 0.00273622 -0.003824808 -0.002096104 0.002066929 7.6198e-05 -0.001698842 0.001868863 0.001546864 -0.000905512 0.002273881 -5.16e-06 -0.00273311 0.00273622 -0.000778485 -0.002259643 0.001909449 0.000257214 -0.002618082 0.002005562 0.000828697 -0.002255376 0.002857489 0.000343541 -0.001298449 0.001834625 0.001474124 -0.001592927 0.002503082 -0.000365115 -0.001859228 0.002834194 0.001141742 -0.001933654 0.001951979 -0.001480054 -0.002880973 0.002066929 -0.001480054 -0.002880973 0.00273622 -0.003666493 -0.00238824 0.002893701 -0.00395378 -0.002254211 0.001909449 0.000763815 -0.002148203 0.002785385 0.000269864 -0.002237038 0.002162372 0.001546873 -0.000905512 0.00252926 -0.000262966 -0.002258463 0.002894927 -0.002391678 -0.002893135 0.002066929 -0.002391678 -0.002893135 0.00273622 0.001441559 -0.001546032 0.002673038 -0.000572355 -0.002785513 0.002847516 7.874e-05 -0.000905512 0.002002549 -0.004158521 -0.002756007 0.002854997 0.00011705 -0.001272561 0.002903548 0.000347172 -0.002148202 0.00211935 -0.000588765 -0.002073038 0.002872602 0.001101001 -0.002039772 0.002839123 -0.003696749 -0.002286122 0.001930547 -0.003984975 -0.002098695 0.00273622 -0.000171555 -0.001723154 0.002877264 0.001457085 -0.001503947 0.002144912 0.000127769 -0.002591609 0.00247037 4.9413e-05 -0.001408872 0.001901879 -0.002361024 -0.002264922 0.001988189 -0.004133858 -0.002401304 0.002872602 0.000785243 -0.002197162 0.002897836 -0.000572355 -0.002785513 0.001955634 -0.004156631 -0.002222133 0.002066929 -0.000810221 -0.002187581 0.001930547 -0.003686735 -0.002203759 0.002796486 7.874e-05 -0.00125988 0.002002549 -0.00205398 -0.002398908 0.002893701 -0.004212598 -0.002805527 0.00273622 -0.004212598 -0.002805527 0.002066929 -0.00033474 -0.001993749 0.001909449 -0.003303035 -0.002867972 0.002066929 -0.000283125 -0.002283473 0.001909449 -0.004166473 -0.002401304 0.001955574 -0.00057041 -0.002819096 0.002797543 -0.003812985 -0.002127088 0.001980295 -0.00411909 -0.002183347 0.002772391 -0.00395378 -0.002254211 0.002893701 0.000221295 -0.002542651 0.002881201 0.000673005 -0.002324408 0.002871879 -0.002390213 -0.002814403 0.002872602 -0.002390213 -0.002814403 0.001930547 -0.004212598 -0.002401304 0.00273622 0.000221295 -0.002542651 0.001921949 -0.004126711 -0.002225179 0.001980295 -1.2312e-05 -0.001448427 0.00285494 0.001452051 -0.001637059 0.002599672 0.001085452 -0.002094784 0.002766417 -0.000382624 -0.001932663 0.001929913 0.000175136 -0.002325874 0.002248218 0.000304333 -0.002325874 0.002667071 -0.00205398 -0.002398908 0.001909449 -0.001052767 -0.002193942 0.00273622 0.000969074 -0.002077899 0.001901292 0.000853004 -0.002196164 0.001918141 0.001120316 -0.001908511 0.002863444 -0.000261368 -0.001881603 0.00289105 0.001304187 -0.001736722 0.002775369 -0.00405547 -0.00266133 0.001909449 -0.000125129 -0.001580051 0.002808448 -0.000810221 -0.002187581 0.002872602 0.000889729 -0.002148202 0.002017765 -0.003973571 -0.002109042 0.002798601 0.000772505 -0.002324733 0.001982494 -0.004187194 -0.002277583 0.002066929 0.00087095 -0.001704111 0.002933834 -0.000569693 -0.002831507 0.002066929 -0.000110527 -0.001597161 0.002851971 -0.000569693 -0.002831507 0.00273622 -0.003738438 -0.002169656 0.001980295 -0.000143858 -0.001760005 0.001904506 -0.003824249 -0.002109685 0.002798601 0.000216935 -0.00129823 0.002956898 -0.003677145 -0.002196568 0.00273622 0.00013528 -0.002547347 0.002315905 -6.8236e-05 -0.001506562 0.001985658 0.001411905 -0.001673325 0.002127995 0.000128701 -0.002505735 0.002462859 -0.003760865 -0.002173838 0.002844419 0.001574803 -0.000905512 0.00240157 0.000295487 -0.001373637 0.002963687 -0.000110376 -0.001771793 0.002905717 0.000628686 -0.002351947 0.002868995 -0.003833707 -0.002184566 0.001926089 0.001253492 -0.001930967 0.002111073 -0.003754924 -0.002254888 0.002881713 -0.001443758 -0.002301081 0.001930547 0.001010877 -0.002051842 0.001908339 -0.004071642 -0.002154442 0.002798601 -8.5821e-05 -0.001621437 0.002886616 7.874e-05 -0.001259843 0.002798238 -0.003947932 -0.002090446 0.002066929 -3.2528e-05 -0.001965235 0.001887599 0.000196365 -0.002391138 0.002228672 -5.3402e-05 -0.001650531 0.002909034 0.000754244 -0.002326044 0.002784792 7.696e-06 -0.001876411 0.002921799 -0.003884578 -0.002086614 0.00273622 0.000616811 -0.002331939 0.001921914 -0.003885031 -0.002096742 0.002011439 0.000251637 -0.002305589 0.002622139 -0.001052767 -0.002193942 0.002066929 0.000498126 -0.001988039 0.002730312 -0.002361024 -0.002322564 0.002872602 -0.000332083 -0.001797357 0.002789593 -0.003677145 -0.002196568 0.002066929 -0.00420054 -0.002401304 0.002006584 0.000346791 -0.002587505 0.002066929 -2.8945e-05 -0.001545514 0.001908326 -0.003832669 -0.002138621 0.002844419 8.1526e-05 -0.001431805 0.001874786 -0.000273918 -0.001776409 0.001966287 -0.004065915 -0.002135103 0.002066929 -0.00410582 -0.002308784 0.002877061 -0.00405547 -0.00266133 0.0028937 0.000745019 -0.002237038 0.002015716 -0.003818773 -0.002143143 0.001958731 -0.003743139 -0.002149465 0.002798601 -0.003891592 -0.00224394 0.001909449 0.000128412 -0.002506251 0.002341276 -0.000778485 -0.002259643 0.002893701 0.000399812 -0.002104064 0.002103411 -0.000575238 -0.002735614 0.001921929 -0.000575238 -0.002735614 0.002881221 -0.003768567 -0.002118398 0.002066929 -0.003742389 -0.002350286 0.001909449 0.000600873 -0.002434633 0.002803055 0.000764118 -0.001970531 0.002779188 -0.004055118 -0.002401304 0.001909449 0.000401149 -0.002102407 0.002700243 -0.003714048 -0.002224238 0.001955574 -0.000292396 -0.001845847 0.002870174 0.000320395 -0.002414566 0.002672756 -0.003186898 -0.00271563 0.001909449 0.000706226 -0.001405074 0.001843693 -0.003754924 -0.002254888 0.001921436 0.001120314 -0.001908511 0.001939707 -0.000423559 -0.001880442 0.002003112 -0.001447374 -0.002722265 0.002893701 0.001498844 -0.001461096 0.002194555 0.001358854 -0.001644568 0.002062214 -0.000175795 -0.001727839 0.001926255 -0.003742389 -0.002350286 0.002893701 -0.004185153 -0.002273526 0.002745056 7.6198e-05 -0.001518583 0.002934287 -5.3687e-05 -0.001522827 0.001942785 0.000466603 -0.002237038 0.002066992 0.000829046 -0.002165298 0.001902867 -0.000218095 -0.001887166 0.001906208 0.00062486 -0.001346038 0.002965811 0.000132399 -0.002635869 0.002314783 0.000804175 -0.001574803 0.001857244 -0.003582648 -0.002322564 0.002872602 0.000966243 -0.002173708 0.002022933 0.001407594 -0.001597482 0.00270316 -0.004212598 -0.002401304 0.002066929 -0.003582648 -0.002243824 0.002066929 -0.004030036 -0.002115874 0.002745056 -5.4025e-05 -0.002583391 0.001909449 -0.000288965 -0.001757433 0.00201143 -0.000110376 -0.001771793 0.001897433 0.000194861 -0.002487132 0.002893701 -5.4025e-05 -0.002583391 0.002893701 0.001499581 -0.001540958 0.002401573 -0.003582648 -0.002264922 0.001988189 0.00124114 -0.001786974 0.001992408 -1.3946e-05 -0.001446749 0.001952525 -0.000343463 -0.001840512 0.001968695 -0.000406725 -0.001901917 0.002841977 -0.000218095 -0.001887165 0.002896942 -0.001447374 -0.002722265 0.001909449 6.2077e-05 -0.001842143 0.001875501 0.000840804 -0.002121542 0.002906156 -0.000548293 -0.002140581 0.001909449 -0.000548293 -0.002140581 0.002893701 0.000939502 -0.001879397 0.002918669 -0.004121933 -0.002180549 0.002745056 -0.004115463 -0.002401304 0.001921507 -0.003787724 -0.002137796 0.002822854 0.000350002 -0.00197053 0.002124872 0.001150575 -0.001904073 0.002850565 0.000114706 -0.00171394 0.00293751 -0.003582648 -0.002264922 0.002814961 0.001308576 -0.001856988 0.00213908 -0.000179808 -0.001799441 0.002895616 -0.003186898 -0.00271563 0.002893701 1.023e-05 -0.001952384 0.002919168 0.000304757 -0.002608569 0.00273622 0.001065792 -0.001988891 0.002880687 3.2827e-05 -0.001395977 0.002877157 -0.003582648 -0.002322564 0.001930547 0.000271666 -0.002148202 0.0021649 0.001334329 -0.001711646 0.00204779 -0.004006834 -0.002287827 0.002893701 -2.3141e-05 -0.001435062 0.002809588 0.001444952 -0.001551543 0.002134336 0.000145229 -0.002325874 0.002296771 -0.000288283 -0.001906701 0.001912908 -0.003714048 -0.002224238 0.002847576 -0.000319059 -0.001870182 0.001933586 -0.003708902 -0.002179208 0.002798601 -0.003850202 -0.002090675 0.002058094 0.000207717 -0.002237038 0.002215113 3.679e-06 -0.001572506 0.001885497 -0.00144019 -0.002379741 0.001909449 -0.004042463 -0.002339554 0.001909449 0.000156861 -0.001532815 0.001854601 -0.001300511 -0.002372247 0.002893701 -0.003782331 -0.002159961 0.001958731 5.9226e-05 -0.001416156 0.00291161 0.000174618 -0.002426714 0.00254956 -5.9021e-05 -0.001530128 0.002859507 -0.000380596 -0.001839477 0.002788329 -0.00019618 -0.001696707 0.002842392 -0.004198613 -0.002309627 0.002058094 0.000206272 -0.001500142 0.002953895 -0.003582648 -0.002401304 0.001909449 0.00123324 -0.001832887 0.001990979 -0.000316848 -0.001816717 0.002835094 0.000748366 -0.001529017 0.001851414 4.586e-05 -0.001496712 0.002923312 0.000816045 -0.001678127 0.002940265 0.00027284 -0.001363395 0.001840144 0.000201366 -0.002547347 0.002215207 -0.000310193 -0.001926451 0.00288984 0.000304757 -0.002608569 0.002066929 -0.000250981 -0.001720147 0.002794377 -0.000161484 -0.002174127 0.002900858 0.000905196 -0.001843883 0.002925647 -0.000188268 -0.00220323 0.001904337 0.000969103 -0.002195155 0.001994887 0.001316114 -0.001852161 0.002658754 -0.004055118 -0.002401304 0.002893701 -0.003582648 -0.002401304 0.002893701 0.000472385 -0.001252283 0.001830709 -4.0799e-05 -0.002045519 0.001891145 0.001483975 -0.001576671 0.002477853 -0.000578763 -0.002674265 0.002893701 -0.000578763 -0.002674265 0.001909449 0.000641159 -0.001331526 0.001837434 0.000453891 -0.001268536 0.002971772 -0.00033474 -0.002275905 0.002893701 -7.8183e-05 -0.002052318 0.002909426 -9.0995e-05 -0.002122386 0.001897058 -1.9498e-05 -0.001605132 0.002913959 0.000889427 -0.00197053 0.002023962 0.000324135 -0.002422223 0.002893701 0.000400047 -0.001266819 0.001831941 0.000739931 -0.00219499 0.001902643 0.001030588 -0.00197053 0.00203892 0.000451864 -0.002354321 0.001909449 -0.001161005 -0.002362025 0.001909449 2.1363e-05 -0.001843649 0.001879047 -0.00174701 -0.002391719 0.002893701 0.000760262 -0.00148496 0.00185051 -0.000299476 -0.001800701 0.00196745 0.000685346 -0.001421793 0.002959983 -8.5448e-05 -0.00206486 0.001894606 -0.00174701 -0.002391719 0.001909449 0.000745215 -0.002148202 0.002018812 -0.000211501 -0.00222446 0.002897319 -0.000243811 -0.001864715 0.001911386 0.000603568 -0.002237038 0.002032834 0.000365072 -0.001306286 0.002968868 0.000202483 -0.002503086 0.002216275 0.000214383 -0.00197053 0.002221614 -0.000121319 -0.002121341 0.00290457 0.000739931 -0.00219499 0.002900506 0.000451864 -0.002354321 0.002893701 -0.002361024 -0.002401304 0.002893701 0.00027527 -0.00197053 0.002169956 -0.000238135 -0.002244336 0.001907228 0.000324135 -0.002422223 0.001909449 -2.0167e-05 -0.001991748 0.002915949 0.000840803 -0.002121541 0.001896993 -0.002361024 -0.002401304 0.001909449 0.000832817 -0.001619962 0.001862073 -0.001161005 -0.002362025 0.002893701 -0.00144019 -0.002379741 0.002893701 -0.001300511 -0.002372247 0.001909449 0.000924025 -0.002226335 0.001989033 0.000745608 -0.00197053 0.002025004 0.000861606 -0.001778695 0.002932405 0.00121905 -0.001970464 0.002707262 0.000192394 -0.001537067 0.002951116 0.000185056 -0.00197053 0.002255673 -4.0803e-05 -0.002045515 0.002912004 0.000150806 -0.002148202 0.002299488 0.000180096 -0.002148202 0.002251945 0.000209939 -0.002148202 0.00221728 0.000177616 -0.002237038 0.002250082 0.000148018 -0.002237038 0.002298129 0.000781943 -0.002331318 0.00201719 0.001140167 -0.002055352 0.00273326 0.000690871 -0.002326042 0.002023529 0.000830491 -0.002148998 0.002022499 0.000914214 -0.001891133 0.001880403 0.000136691 -0.001617895 0.001858908 0.000786968 -0.001595779 0.002946517 0.000909849 -0.001819709 0.001877696 0.001152041 -0.002040849 0.002071342 0.001343427 -0.001808488 0.002116998 0.001538268 -0.001428286 0.002532384 0.000665098 -0.001387137 0.002962611</float_array>
          <technique_common>
            <accessor source="#FBXASC227FBXASC130FBXASC189FBXASC227FBXASC131FBXASC170FBXASC227FBXASC131FBXASC131FBXASC227FBXASC131FBXASC1374-POSITION-array" count="666" stride="3">
              <param name="X" type="float"/>
              <param name="Y" type="float"/>
              <param name="Z" type="float"/>
            </accessor>
          </technique_common>
        </source>
        <source id="FBXASC227FBXASC130FBXASC189FBXASC227FBXASC131FBXASC170FBXASC227FBXASC131FBXASC131FBXASC227FBXASC131FBXASC1374-Normal0">
          <float_array id="FBXASC227FBXASC130FBXASC189FBXASC227FBXASC131FBXASC170FBXASC227FBXASC131FBXASC131FBXASC227FBXASC131FBXASC1374-Normal0-array" count="12771">
0.189698 -2.532906 0.000000
0.085864 -2.538548 -0.000000
0.085864 -2.538548 0.000000
0.000000 2.540000 0.000000
0.772767 2.419593 -0.000000
0.000000 2.199704 1.270000
0.000000 2.540000 0.000000
0.000000 2.540000 0.000000
0.000000 2.540000 0.000000
0.190250 -0.088653 -2.531313
-0.100865 -0.088648 -2.536448
-0.452898 -0.088648 -2.497724
-1.254880 0.088646 2.206585
-0.556602 0.088645 2.476679
-1.254889 0.088646 2.206580
1.827354 -1.764193 -0.000000
1.991485 -1.576575 -0.000000
1.827354 -1.764193 -0.000000
-0.100856 -0.088648 2.536448
-0.124312 -0.088650 2.535407
-0.398139 -0.088651 2.507035
-2.109418 1.414904 0.000000
-2.050723 1.498712 0.000000
-1.981025 1.589699 0.000000
1.724398 -0.785398 -1.691509
0.762460 0.088678 -2.421237
0.073273 0.088649 -2.537395
1.001203 -0.088662 -2.332666
2.538453 -0.088645 -0.000000
0.687651 -0.088659 -2.443538
0.000000 -0.000000 2.540000
0.000000 -0.000000 2.540000
0.000000 -0.000000 2.540000
0.605778 -0.000000 2.466705
0.670850 -0.000000 2.449808
0.961440 -0.000000 2.351007
0.000000 2.540000 0.000000
0.772767 2.419593 -0.000000
0.000000 2.540000 0.000000
-0.018114 -2.539935 0.000000
-0.122062 -2.537066 0.000000
-0.018114 -2.539935 0.000000
-0.000000 0.000000 -2.540000
-0.000000 -0.000000 -2.540000
-0.000000 -0.000000 -2.540000
0.605778 -0.000000 -2.466705
0.352271 -0.000000 -2.515453
0.288415 -0.000000 -2.523572
0.783427 -0.088669 2.414535
0.783461 -0.088669 2.414524
1.157298 -0.088645 2.259293
2.538453 -0.088645 -0.000000
2.016086 -0.088645 -1.542446
-0.452898 -0.088648 -2.497724
-1.981025 1.589699 0.000000
-2.050723 1.498712 0.000000
-1.897220 1.688833 0.000000
-0.715852 0.088670 -2.435425
-0.771528 0.088679 -2.418363
-0.989000 0.088672 -2.337866
2.501711 0.088625 0.430337
2.094123 0.088644 1.434709
2.488347 0.088625 0.501870
-1.710998 -0.088711 -1.875158
-1.907634 -0.088658 -1.674716
-2.119684 -0.088643 -1.396669
-1.579232 1.989378 0.000000
-1.577733 1.990568 0.000000
-1.470152 2.071293 0.000000
-0.000000 -2.540000 -0.000000
-0.000000 -2.540000 -0.000000
-0.000000 -2.540000 -0.000000
0.000000 -0.000000 -2.540000
-0.000000 0.000000 -2.540000
0.000000 -0.000000 -2.540000
1.001202 -0.088662 2.332667
0.687645 -0.088659 2.443539
1.157351 -0.088645 2.259266
1.226108 -2.224468 -0.000000
1.250201 -2.211018 -0.000000
1.034463 -2.319803 -0.000000
-0.771475 0.088679 -2.418380
-1.068940 0.088658 -2.302413
-1.068840 0.088658 -2.302460
0.000000 0.000000 2.540000
0.000000 -0.000000 2.540000
0.000000 -0.000000 2.540000
1.071722 -2.302827 -0.000000
0.760499 -2.423477 -0.000000
0.887565 -2.379880 -0.000000
0.961500 -0.000000 -2.350982
1.142918 -0.000000 -2.268334
0.894341 -0.000000 -2.377342
1.900863 -0.000000 1.684732
2.290397 -0.000000 1.098036
2.100801 -0.000000 1.427667
2.016086 -0.088645 -1.542446
1.637673 -0.088722 -1.939525
-0.452898 -0.088648 -2.497724
-0.000000 -2.540000 -0.000000
-0.000000 -2.540000 -0.000000
-0.000000 -2.540000 -0.000000
-2.540000 0.000000 0.000000
-2.540000 0.000000 0.000000
-2.540000 0.000000 0.000001
0.000000 -0.194809 2.532518
0.000000 -0.194809 2.532518
0.000000 -0.194809 2.532518
-2.540000 0.000000 0.000001
-2.540000 0.000000 0.000000
-2.540000 0.000000 0.000000
-0.000000 -0.194809 -2.532518
-0.000000 -0.194809 -2.532518
-0.000000 -0.194809 -2.532518
-0.728251 -0.088664 2.431746
-0.727810 -0.088664 2.431878
-1.029337 -0.088659 2.320389
-0.000000 -2.540000 -0.000000
-0.000000 -2.540000 -0.000000
-0.000000 -2.540000 -0.000000
-0.000000 0.000000 -2.540000
-0.000000 -0.000000 -2.540000
-0.000000 0.000000 -2.540000
-2.540000 0.000000 -0.000000
-2.540000 0.000000 0.000000
-2.540000 0.000000 -0.000000
0.838390 -0.088672 2.396005
1.157298 -0.088645 2.259293
0.783461 -0.088669 2.414524
-0.000000 -2.540000 -0.000000
-0.000000 -2.540000 -0.000000
-0.000000 -2.540000 -0.000000
0.000000 -0.000000 2.540000
0.000000 -0.000000 2.540000
-0.000000 -0.000000 2.540000
-2.540000 0.000000 0.000000
-2.540000 0.000000 0.000000
-2.540000 0.000000 -0.000000
1.162993 -2.258107 0.000000
1.146294 -2.266629 -0.000000
1.157899 -2.119079 -0.787638
0.760499 -2.423477 -0.000000
0.760499 -2.423477 0.000000
0.887565 -2.379880 -0.000000
1.555121 -2.008283 -0.000000
1.432903 -2.097234 -0.000000
1.671831 -1.912219 -0.000000
0.099103 0.088651 2.536517
0.426871 0.088652 2.502303
-0.143229 0.088655 2.534408
-0.073382 -0.088647 -2.537392
2.538453 -0.088645 -0.000000
-0.390156 -0.088651 -2.508290
0.418087 -0.899307 2.338386
0.000000 -0.000000 2.540000
-0.000000 0.000000 2.540000
0.904774 0.088682 2.371733
0.606880 0.088650 2.464840
1.591258 0.088645 1.977787
-1.365983 2.141423 0.000000
-1.271803 2.198663 0.000000
-1.272665 2.198164 0.000000
-1.190375 2.243793 0.000000
-1.189803 2.244096 0.000000
-1.122797 2.278360 0.000000
-1.513831 -0.088717 2.037657
-1.585799 -0.088723 1.982163
-1.907631 -0.088658 1.674719
2.030384 -0.000000 -1.526153
2.100732 -0.000000 -1.427769
2.290372 -0.000000 -1.098088
2.538453 0.088645 -0.000000
2.538453 0.088645 -0.000025
2.463360 0.088629 -0.612863
-0.000000 -2.540000 -0.000000
-0.000000 -2.540000 -0.000000
-0.000000 -2.540000 -0.000000
-0.000000 -2.540000 -0.000000
-0.000000 -2.540000 -0.000000
-0.000000 -2.540000 -0.000000
-0.398139 -0.088651 2.507035
-0.124312 -0.088650 2.535407
-0.414049 -0.088650 2.504457
1.432903 -2.097234 -0.000000
1.432911 -2.097228 -0.000000
1.671831 -1.912219 -0.000000
-0.000000 -0.194809 -2.532518
-0.000000 -0.194809 -2.532518
-0.000000 -0.194809 -2.532518
0.426870 0.088652 -2.502304
0.098609 0.088651 -2.536536
-0.502413 0.088646 -2.488237
0.000000 -0.000000 2.540000
0.000000 -0.000000 2.540000
0.000000 -0.000000 2.540000
-1.130633 1.886894 1.270000
-1.130633 1.886894 -1.270000
-0.886569 2.013131 1.270000
1.440116 -0.164055 2.085845
1.493491 -0.000000 2.054528
0.961440 -0.000000 2.351007
0.334506 0.088660 2.516316
0.502411 0.088646 2.488237
1.463838 0.088648 2.073866
1.992034 -1.575881 -0.000000
1.991485 -1.576575 -0.000000
2.132670 -1.379608 -0.000000
-0.728257 -0.088664 -2.431744
-1.710998 -0.088711 -1.875158
-0.452898 -0.088648 -2.497724
2.540000 -0.000000 -0.000088
2.535578 -0.000000 -0.149822
2.481298 -0.000000 -0.542918
0.000000 2.540000 0.000000
0.000000 2.540000 0.000000
0.000000 2.540000 0.000000
0.000000 -0.000000 -2.540000
-0.000000 0.000000 -2.540000
-0.000000 0.000000 -2.540000
-1.130633 1.886894 -1.270000
-0.886569 2.013131 -1.270000
-0.886569 2.013131 1.270000
-2.288461 0.000000 1.102065
-2.288461 0.000000 1.102065
-1.583664 0.000000 1.985852
-2.288461 0.000000 -1.102065
-2.288461 0.000000 -1.102065
-2.540000 0.000000 0.000000
0.000000 2.540000 0.000000
0.000000 2.540000 0.000000
0.000000 2.540000 0.000000
-0.276914 0.000000 2.524860
-0.311189 0.000000 2.520865
-0.311188 0.000000 2.520865
0.190260 -0.088653 2.531312
0.452895 -0.088648 2.497725
0.161130 -0.088652 2.533333
0.838390 -0.088672 2.396005
0.783461 -0.088669 2.414524
0.494837 -0.088646 2.489755
-0.900294 2.375094 0.000000
-0.704333 2.440392 0.000000
-0.405679 2.507394 0.000000
-0.000000 0.000000 -2.540000
-0.000000 -0.000000 -2.540000
-0.000000 0.000000 -2.540000
-0.000000 -2.540000 -0.000000
-0.000000 -2.540000 -0.000000
-0.000000 -2.540000 -0.000000
2.540000 -0.000000 -0.000000
2.288461 -0.000000 -1.102065
2.540000 -0.000000 -0.000000
-0.005679 0.000000 2.539994
-0.286872 0.016798 2.523692
-1.270000 0.000000 2.199704
-0.704333 2.440392 0.000000
0.105317 2.537816 -0.000000
-0.405679 2.507394 0.000000
-0.398148 -0.088651 -2.507034
-0.728257 -0.088664 -2.431744
-0.452898 -0.088648 -2.497724
-0.000000 -2.540000 -0.000000
-0.000000 -2.540000 -0.000000
-0.000000 -2.540000 -0.000000
2.029347 -0.088645 1.524956
2.290990 -0.088644 1.093210
2.281894 -0.088644 1.112072
2.281897 -0.088644 1.112064
2.100976 -0.088644 1.424656
2.029348 -0.088645 1.524955
0.617542 -1.196102 2.153969
0.633981 -1.065137 2.217014
0.260640 -0.557347 2.464352
2.076743 -1.307379 0.655361
2.123379 -1.249587 0.617570
2.013152 -0.900420 1.260184
0.331321 0.088660 -2.516737
1.724398 -0.785398 -1.691509
0.073273 0.088649 -2.537395
1.629627 0.088647 -1.946294
1.985574 0.088645 -1.581530
1.241768 0.088646 -2.213991
-0.565203 0.000000 2.476317
0.565203 -0.000000 2.476317
-0.565203 0.000000 2.476317
-0.000000 -2.540000 -0.000000
-0.000000 -2.540000 -0.000000
-0.000000 -2.540000 -0.000000
-1.583664 0.000000 -1.985852
-0.565203 0.000000 -2.476317
-1.583664 0.000000 -1.985852
-0.000000 -2.540000 -0.000000
-0.000000 -2.540000 -0.000000
-0.000000 -2.540000 -0.000000
2.540000 -0.000000 -0.000000
2.288461 -0.000000 1.102065
2.540000 -0.000000 -0.000000
1.637675 -0.088722 1.939523
2.016093 -0.088645 1.542436
1.816522 -0.088684 1.773128
-1.690142 1.896054 0.000000
-1.577733 1.990568 0.000000
-1.579232 1.989378 0.000000
-0.183999 0.088659 2.531775
0.502411 0.088646 2.488237
0.076756 0.088649 2.537292
0.000000 2.540000 0.000000
0.000000 2.540000 0.000000
0.000000 2.540000 0.000000
-1.445579 0.000000 -2.088516
-1.019821 0.000000 -2.326277
-1.815536 0.000000 -1.776353
0.911658 -2.370755 -0.000000
1.250201 -2.211018 -0.000000
0.923116 -2.366317 -0.000000
2.538453 -0.088645 -0.000000
2.538453 -0.088645 -0.000000
2.404856 -0.088642 -0.812657
0.887565 -2.379880 -0.000000
0.760499 -2.423477 0.000000
0.876895 -2.383832 -0.000000
-2.198467 1.272141 0.000000
-2.215992 1.241361 0.000000
-2.157328 1.340722 0.000000
-2.288461 0.000000 -1.102065
-2.288461 0.000000 -1.102065
-1.583664 0.000000 -1.985852
-1.907634 -0.088658 -1.674716
-1.710998 -0.088711 -1.875158
-1.513830 -0.088717 -2.037658
-1.907631 -0.088658 1.674719
-1.585799 -0.088723 1.982163
-2.119683 -0.088643 1.396669
-2.390756 -0.088644 -0.853245
-2.220311 -0.088643 -1.230431
-2.423159 -0.088638 -0.756336
1.376259 -0.000000 -2.134833
1.142918 -0.000000 -2.268334
0.961500 -0.000000 -2.350982
0.000000 2.540000 0.000000
0.000000 2.540000 0.000000
0.000000 2.540000 0.000000
1.590816 -0.894220 -1.766713
1.218334 -0.333053 -2.203710
1.851228 -0.948022 -1.458015
0.995900 -1.471485 -1.815080
1.424962 -1.045614 -1.824219
1.350427 -1.649790 -1.380631
0.161109 -0.088652 2.533335
0.452895 -0.088648 2.497725
0.452918 -0.088648 2.497720
0.098609 0.088651 -2.536536
-0.502435 0.088646 -2.488233
-0.502413 0.088646 -2.488237
1.432903 -2.097234 -0.000000
1.250201 -2.211017 -0.000000
1.432911 -2.097228 -0.000000
1.024786 -2.102787 -0.989798
0.787347 -1.615382 -1.795056
1.157899 -2.119079 -0.787638
-2.540000 0.000000 0.000000
-2.288461 0.000000 1.102065
-2.540000 0.000000 0.000000
0.565203 -0.000000 2.476317
0.565203 -0.000000 2.476317
-0.565203 0.000000 2.476317
-0.836340 0.308720 -2.378409
-0.642742 0.370044 -2.429311
-1.363042 0.744455 -2.009851
-1.996674 1.372731 -0.761907
-1.794011 1.611483 -0.797651
-1.799991 1.605271 0.796704
2.540000 -0.000000 0.000000
2.288461 -0.000000 -1.102065
2.540000 -0.000000 0.000000
0.565203 -0.000000 2.476317
0.565203 -0.000000 2.476317
-0.565203 0.000000 2.476317
0.838384 -0.088672 -2.396007
0.494828 -0.088646 -2.489757
-0.452898 -0.088648 -2.497724
0.565203 -0.000000 -2.476317
0.565203 -0.000000 -2.476317
1.583664 -0.000000 -1.985852
-2.099227 1.347200 0.479475
-2.243502 1.190923 0.000000
-1.919871 1.470692 0.776377
-0.276914 0.000000 2.524860
-0.311188 0.000000 2.520865
-0.408086 0.000000 2.507003
0.565203 -0.000000 2.476317
0.565203 -0.000000 2.476317
1.583664 -0.000000 1.985852
2.288461 -0.000000 1.102065
2.288461 -0.000000 1.102065
2.540000 -0.000000 -0.000000
-0.000000 -2.540000 -0.000000
-0.000000 -2.540000 -0.000000
-0.000000 -2.540000 -0.000000
-0.000000 -2.540000 -0.000000
-0.000000 -2.540000 -0.000000
-0.000000 -2.540000 -0.000000
2.406095 -0.088642 0.808981
2.281897 -0.088644 1.112064
2.538453 -0.088645 -0.000000
2.281894 -0.088644 1.112072
2.290990 -0.088644 1.093210
2.538453 -0.088645 -0.000000
-2.029853 1.526859 0.000000
-2.088870 1.445068 0.000000
-2.409090 0.804914 0.000000
-0.979986 2.116795 1.005190
-1.221350 1.735445 1.395756
-0.891592 1.925861 1.395608
-1.583664 0.000000 -1.985852
-2.288461 0.000000 -1.102065
-1.583664 0.000000 -1.985852
0.565203 -0.000000 -2.476317
1.583664 -0.000000 -1.985852
0.565203 -0.000000 -2.476317
-0.187945 0.088659 -2.531485
0.426870 0.088652 -2.502304
-0.450752 0.088650 -2.498112
-1.800596 1.791495 0.000000
-1.690142 1.896054 0.000000
-1.691837 1.894542 0.000000
0.035884 0.896073 2.376419
-0.072383 0.278164 2.523685
-0.021539 0.286572 2.523690
0.772767 2.419593 -0.000000
0.772767 2.419593 -0.000000
1.472269 2.069788 -0.000000
-0.000000 0.000000 -2.540000
-0.000000 0.000000 -2.540000
-0.000000 0.000000 -2.540000
1.189584 2.244212 -0.000000
1.650601 1.930574 -0.000000
0.671241 2.449701 -0.000000
0.043010 -1.269271 -2.199705
-0.015643 -2.199649 -1.270000
-0.009005 -1.269968 -2.199705
-0.018114 -2.539935 0.000000
-0.122062 -2.537066 0.000000
-0.122062 -2.537066 0.000000
1.900863 -0.000000 1.684732
1.854773 -0.000000 1.735344
1.609097 -0.000000 1.965300
0.000000 2.540000 0.000000
0.000000 2.540000 0.000000
0.000000 2.540000 0.000000
-0.502456 0.088646 -2.488228
-0.502435 0.088646 -2.488233
0.098609 0.088651 -2.536536
0.452929 -0.088648 2.497718
0.258913 -0.088655 2.525214
0.161099 -0.088652 2.533335
1.157325 -0.088645 2.259279
0.783410 -0.088669 2.414541
0.783427 -0.088669 2.414535
-1.277936 0.088647 -2.193313
-0.771528 0.088679 -2.418363
-0.771475 0.088679 -2.418380
0.134272 -1.791999 -1.795080
0.074428 -2.198445 -1.270000
0.043010 -1.269271 -2.199705
0.657992 -2.098987 -1.270000
0.379534 -1.211963 -2.199705
0.757929 -1.629392 -1.795056
0.043010 -1.269271 2.199705
-0.009005 -1.269968 2.199705
-0.015643 -2.199649 1.270000
0.189698 -2.532906 -0.000000
0.085864 -2.538548 -0.000000
0.189698 -2.532906 0.000000
-1.513831 -0.088717 2.037657
-1.316203 -0.088667 2.170564
-1.585799 -0.088723 1.982163
1.241768 0.088646 -2.213991
1.985574 0.088645 -1.581530
1.493562 0.088647 -2.052562
2.248475 -1.181507 -0.000000
2.131835 -1.380899 -0.000000
2.248143 -1.182139 -0.000000
1.218334 -0.333053 -2.203710
1.367608 -0.298194 -2.119511
1.851228 -0.948022 -1.458015
0.426871 0.088652 2.502303
0.502411 0.088646 2.488237
-0.143261 0.088655 2.534406
-0.390156 -0.088651 -2.508290
2.538453 -0.088645 -0.000000
-0.452898 -0.088648 -2.497724
1.671831 -1.912219 -0.000000
1.827354 -1.764193 -0.000000
1.827354 -1.764193 -0.000000
1.769286 -1.128489 1.430992
2.001876 -1.402326 0.691068
1.824690 -1.080058 1.398422
-0.000000 -2.540000 -0.000000
-0.000000 -2.540000 -0.000000
-0.000000 -2.540000 -0.000000
1.583664 -0.000000 -1.985852
0.565203 -0.000000 -2.476317
1.583664 -0.000000 -1.985852
-0.000000 -2.540000 -0.000000
-0.000000 -2.540000 -0.000000
-0.000000 -2.540000 -0.000000
2.538453 -0.088645 -0.000000
2.290985 -0.088644 -1.093221
2.538453 -0.088645 -0.000000
0.000000 2.540000 0.000000
0.000000 2.540000 0.000000
0.000000 2.540000 0.000000
0.500012 -0.000000 2.490299
0.605778 -0.000000 2.466705
0.373484 -0.000000 2.512391
1.172332 -2.221117 0.379311
1.129533 -2.275028 -0.000000
1.146294 -2.266629 -0.000001
0.434580 -0.891455 2.338386
0.684593 -1.181710 2.141610
0.084467 -0.145830 2.534403
2.123379 -1.249587 0.617570
2.086927 -0.824298 1.190323
2.013152 -0.900420 1.260184
2.239064 -0.661758 1.000136
2.280378 -1.070895 0.323510
2.306615 -1.018414 0.306530
-1.667788 0.000000 -1.915747
-2.346028 0.000000 -0.973525
-1.796051 0.000000 -1.796051
-2.409090 0.804914 0.000000
-2.088870 1.445068 0.000000
-2.335722 0.997999 0.000000
-2.288461 0.000000 -1.102065
-2.288461 0.000000 -1.102065
-2.540000 0.000000 0.000000
-1.583664 0.000000 -1.985852
-1.583664 0.000000 -1.985852
-2.288461 0.000000 -1.102065
-0.886569 2.013131 1.270000
-0.652771 1.089399 2.199704
-1.130633 1.886894 1.270000
-1.523130 0.771944 1.880366
-1.355912 0.750136 2.012560
-0.985635 0.352347 2.314298
-0.000000 -2.540000 -0.000000
-0.000000 -2.540000 -0.000000
-0.000000 -2.540000 -0.000000
-2.288461 0.000000 1.102065
-2.288461 0.000000 1.102065
-2.540000 0.000000 0.000000
1.631534 0.088647 1.944695
1.244552 0.088646 2.212427
1.591258 0.088645 1.977787
-1.122797 2.278360 0.000000
-1.189803 2.244096 0.000000
-1.122522 2.278496 0.000000
0.901717 0.088683 -2.372897
1.493562 0.088647 -2.052562
0.603759 0.088650 -2.465607
-1.367072 2.140728 0.000000
-1.365983 2.141423 0.000000
-1.272665 2.198164 0.000000
0.617520 -1.196209 -2.153916
0.657035 -1.049291 -2.217858
1.152810 -1.868468 -1.277285
0.853606 -1.473281 -1.884781
1.152810 -1.868468 -1.277285
1.116523 -1.926502 -1.222116
1.583664 -0.000000 -1.985852
1.583664 -0.000000 -1.985852
0.565203 -0.000000 -2.476317
2.288461 -0.000000 -1.102065
2.288461 -0.000000 -1.102065
2.540000 -0.000000 0.000000
-1.254889 0.088646 2.206580
-1.576270 0.088645 1.989753
-1.254880 0.088646 2.206585
-2.426550 0.088638 0.745385
-2.446774 0.088633 0.676048
-2.538453 0.088645 0.000041
-0.000000 -2.540000 -0.000000
-0.000000 -2.540000 -0.000000
-0.000000 -2.540000 -0.000000
-0.000000 -2.540000 -0.000000
-0.000000 -2.540000 -0.000000
-0.000000 -2.540000 -0.000000
-0.305705 0.389992 -2.491194
-0.000000 0.000000 -2.540000
-0.652771 1.089399 -2.199704
-1.158396 0.889341 -2.078170
-1.555658 1.317738 -1.514956
-1.363042 0.744455 -2.009851
-0.000000 -2.540000 -0.000000
-0.000000 -2.540000 -0.000000
-0.000000 -2.540000 -0.000000
-0.728251 -0.088664 2.431746
-1.029337 -0.088659 2.320389
-1.107736 -0.088649 2.284001
1.591258 0.088645 1.977787
0.606880 0.088650 2.464840
1.463838 0.088648 2.073866
2.271719 -0.480246 1.029688
2.248143 -1.182139 -0.000000
2.226021 0.087293 1.220168
2.114681 -0.795122 1.160820
2.188213 -1.172063 0.538139
2.228195 -1.126612 0.466360
-1.710998 -0.088711 -1.875158
-1.294202 -0.088661 -2.183753
-0.452898 -0.088648 -2.497724
-0.000000 -2.540000 -0.000000
-0.000000 -2.540000 -0.000000
-0.000000 -2.540000 -0.000000
2.288461 -0.000000 1.102065
1.583664 -0.000000 1.985852
2.288461 -0.000000 1.102065
1.583664 -0.000000 1.985852
1.583664 -0.000000 1.985852
2.288461 -0.000000 1.102065
-0.000000 -2.540000 -0.000000
-0.000000 -2.540000 -0.000000
-0.000000 -2.540000 -0.000000
0.288415 -0.000000 -2.523572
0.352271 -0.000000 -2.515453
0.283614 -0.000000 -2.524116
0.000000 2.540000 0.000000
0.000000 2.540000 0.000000
0.000000 2.540000 0.000000
-1.835302 0.088653 -1.753683
-2.258470 0.088644 -1.158902
-1.895770 0.088650 -1.688134
0.953447 -2.354260 -0.000000
1.112711 -2.283303 -0.000000
1.023963 -2.324457 -0.000000
1.034463 -2.319803 -0.000000
1.250201 -2.211018 -0.000000
0.972454 -2.346473 -0.000000
1.816878 -0.088684 1.772763
1.929636 -0.088653 1.649317
1.457605 -0.088707 2.078249
-0.000000 -2.540000 -0.000000
-0.000000 -2.540000 -0.000000
-0.000000 -2.540000 -0.000000
-1.583664 0.000000 1.985852
-0.565203 0.000000 2.476317
-1.583664 0.000000 1.985852
1.463838 0.088648 2.073866
0.502411 0.088646 2.488237
0.967309 0.088675 2.346924
0.426871 0.088652 2.502303
0.762460 0.088678 2.421237
0.502411 0.088646 2.488237
-1.294202 -0.088661 -2.183753
-1.013231 -0.088661 -2.327467
-0.452898 -0.088648 -2.497724
-0.722292 -0.088663 -2.433523
-0.425001 -0.088649 -2.502622
-0.452898 -0.088648 -2.497724
1.609078 -0.000000 -1.965316
1.821335 -0.000000 -1.770407
1.457303 -0.000000 -2.080353
1.728950 -0.220763 -1.847592
2.108331 -0.713472 -1.223724
2.018137 -0.798304 -1.319634
-2.220308 -0.088643 1.230438
-2.375236 -0.088645 0.895542
-2.423159 -0.088638 0.756336
2.298824 0.088644 -1.076639
2.092937 0.088644 -1.436439
2.501709 0.088625 -0.430344
-1.038100 2.318178 0.000000
-1.069288 2.303958 0.000000
-1.069180 2.304008 0.000000
-2.540000 0.000000 0.000000
-2.288461 0.000000 1.102065
-2.540000 0.000000 0.000000
-1.799038 1.793060 0.000000
-1.690142 1.896054 0.000000
-1.800596 1.791495 0.000000
-0.556602 0.088645 2.476679
-0.143261 0.088655 2.534406
-0.711811 0.088670 2.436609
1.132345 -2.001897 1.077870
1.116524 -1.926503 1.222113
0.787347 -1.615382 1.795056
-0.744879 0.088675 2.426704
-0.556602 0.088645 2.476679
-1.254880 0.088646 2.206585
1.274146 -2.197305 -0.000000
1.250201 -2.211018 -0.000000
1.250201 -2.211017 -0.000000
0.687651 -0.088659 -2.443538
2.538453 -0.088645 -0.000000
0.258789 -0.088655 -2.525226
-0.185247 2.464719 0.585189
-0.638618 2.454162 0.144416
-0.622450 2.392032 0.585097
1.085745 1.492719 1.744863
0.812785 1.657233 1.744867
0.515654 1.772332 1.744861
0.373484 -0.000000 2.512391
0.605778 -0.000000 2.466705
0.288520 -0.000000 2.523560
-0.186277 0.000000 2.533160
-0.010857 0.000000 2.539977
-0.311189 0.000000 2.520865
-2.288461 0.000000 1.102065
-1.583664 0.000000 1.985852
-2.288461 0.000000 1.102065
-0.000000 -2.540000 -0.000000
-0.000000 -2.540000 -0.000000
-0.000000 -2.540000 -0.000000
-0.000000 -2.540000 -0.000000
-0.000000 -2.540000 -0.000000
-0.000000 -2.540000 -0.000000
-0.000000 -2.540000 -0.000000
-0.000000 -2.540000 -0.000000
-0.000000 -2.540000 -0.000000
-1.107737 -0.088649 -2.284001
-1.710998 -0.088711 -1.875158
-0.728257 -0.088664 -2.431744
-0.565203 0.000000 -2.476317
0.565203 -0.000000 -2.476317
-0.565203 0.000000 -2.476317
0.379534 -1.211963 2.199704
0.217166 -1.251295 2.199704
0.376927 -2.167170 1.270000
0.074428 -2.198445 1.270000
0.174748 -2.332980 0.989074
0.134272 -1.791999 1.795080
0.000000 -0.000000 2.540000
-0.000000 -0.000000 2.540000
0.000000 -0.000000 2.540000
0.000000 -0.000000 2.540000
0.000000 1.270000 2.199704
0.000000 -0.000000 2.540000
-0.000000 -2.540000 -0.000000
-0.000000 -2.540000 -0.000000
-0.000000 -2.540000 -0.000000
-0.000000 -2.540000 -0.000000
-0.000000 -2.540000 -0.000000
-0.000000 -2.540000 -0.000000
0.894298 -0.000000 2.377358
1.048077 -0.293725 2.294964
1.612119 -1.103401 1.623323
1.019688 -0.298230 2.307140
0.894298 -0.000000 2.377358
0.961440 -0.000000 2.351007
-1.468857 2.072212 0.000000
-1.365983 2.141423 0.000000
-1.367072 2.140728 0.000000
0.606880 0.088650 2.464840
0.334506 0.088660 2.516316
1.463838 0.088648 2.073866
0.000000 2.540000 0.000000
0.000000 2.540000 0.000000
0.000000 2.540000 0.000000
1.854720 -0.000000 -1.735400
1.821335 -0.000000 -1.770407
1.609078 -0.000000 -1.965316
1.878602 -1.558688 -0.702100
1.659990 -1.505786 -1.195258
1.554266 -1.140821 -1.653598
-0.728251 -0.088664 2.431746
-0.414049 -0.088650 2.504457
-0.727810 -0.088664 2.431878
1.671831 -1.912219 -0.000000
1.827354 -1.764193 -0.000000
1.555121 -2.008283 -0.000000
0.762460 0.088678 -2.421237
0.426870 0.088652 -2.502304
-0.187945 0.088659 -2.531485
1.472597 -0.088710 2.067653
1.157298 -0.088645 2.259293
1.231817 -0.088648 2.219543
-1.835302 0.088653 -1.753683
-1.835293 0.088653 -1.753694
-1.068840 0.088658 -2.302460
-2.110233 1.413689 0.000000
-2.156579 1.341926 0.000000
-2.051648 1.497444 0.000000
1.472387 -0.088710 2.067802
1.457605 -0.088707 2.078249
1.157351 -0.088645 2.259266
-2.540000 0.000000 0.000000
-2.288435 0.000000 1.102118
-2.467436 0.144485 0.585223
-2.317840 1.028766 0.144417
-1.761856 1.733482 0.585238
-2.031026 1.525298 0.000000
-0.000000 -2.540000 -0.000000
-0.000000 -2.540000 -0.000000
-0.000000 -2.540000 -0.000000
1.583664 -0.000000 1.985852
1.583664 -0.000000 1.985852
2.288461 -0.000000 1.102065
0.757929 -1.629392 -1.795056
0.986891 -2.120836 -0.989797
0.657992 -2.098987 -1.270000
0.760499 -2.423477 0.000000
0.436143 -2.502275 -0.000000
0.436143 -2.502275 0.000000
-0.744881 0.088675 -2.426703
-1.068940 0.088658 -2.302413
-0.771475 0.088679 -2.418380
1.157351 -0.088645 2.259266
0.687645 -0.088659 2.443539
0.783393 -0.088669 2.414546
0.783410 -0.088669 2.414541
0.452941 -0.088648 2.497716
0.452929 -0.088648 2.497718
-0.771475 0.088679 -2.418380
-0.771528 0.088679 -2.418363
-0.502456 0.088646 -2.488228
0.736134 1.034894 -2.199705
1.404235 1.197987 -1.744865
1.614420 1.377301 -1.395812
0.000000 2.199704 -1.270000
0.000000 1.270000 -2.199705
0.000000 2.199704 -1.270000
-1.897220 1.688833 0.000000
-1.799038 1.793060 0.000000
-1.800596 1.791495 0.000000
0.494837 -0.088646 2.489755
0.783461 -0.088669 2.414524
0.452895 -0.088648 2.497725
-0.715852 0.088670 -2.435425
-0.502413 0.088646 -2.488237
-0.502435 0.088646 -2.488233
0.452918 -0.088648 2.497720
0.452895 -0.088648 2.497725
0.783461 -0.088669 2.414524
-2.288435 0.000000 -1.102118
-2.346028 0.000000 -0.973525
-1.667788 0.000000 -1.915747
-0.015643 -2.199649 -1.270000
-0.105686 -2.197164 -1.270000
-0.009005 -1.269968 -2.199705
-0.055614 1.268781 -2.199705
0.000000 1.270000 -2.199705
-0.102988 2.197292 -1.270001
-0.511861 1.162282 -2.199704
-0.886569 2.013131 -1.270000
-0.652771 1.089399 -2.199704
2.230032 -0.141696 -1.207675
2.030374 -0.000153 -1.526166
2.290660 0.000571 -1.097487
2.379285 -0.889159 -0.000000
2.393031 -0.851471 -0.000000
2.277906 -0.620301 0.937001
-0.511861 1.162282 2.199704
-0.652771 1.089399 2.199704
-0.886569 2.013131 1.270000
0.000000 1.270000 2.199704
0.000000 2.199704 1.270000
0.000000 1.270000 2.199704
-1.765732 0.538568 -1.744630
-2.029938 0.619154 -1.395565
-1.641592 0.844333 -1.744671
-0.192869 0.213014 -2.523693
-0.761169 0.840675 -2.272771
-0.105610 0.267320 -2.523685
-0.042052 2.471304 -0.585223
-0.931776 2.358503 -0.144417
-0.408217 2.506982 -0.000000
1.257494 2.202145 -0.144453
1.156667 2.025575 -1.005369
0.859941 2.385631 -0.144452
0.494837 -0.088646 2.489755
0.452895 -0.088648 2.497725
0.190260 -0.088653 2.531312
-0.000000 -2.540000 -0.000000
-0.000000 -2.540000 -0.000000
-0.000000 -2.540000 -0.000000
-0.000000 -2.540000 -0.000000
-0.000000 -2.540000 -0.000000
-0.000000 -2.540000 -0.000000
-0.000000 -2.540000 -0.000000
-0.000000 -2.540000 -0.000000
-0.000000 -2.540000 -0.000000
-1.583664 0.000000 1.985852
-1.583664 0.000000 1.985852
-0.565203 0.000000 2.476317
-1.107736 -0.088649 2.284001
-1.316203 -0.088667 2.170564
-1.513831 -0.088717 2.037657
0.073273 0.088649 -2.537395
0.762460 0.088678 -2.421237
-0.187945 0.088659 -2.531485
-1.691837 1.894542 0.000000
-1.690142 1.896054 0.000000
-1.579232 1.989378 0.000000
1.725540 -1.758442 0.618057
1.878600 -1.558690 0.702102
1.587795 -1.119262 1.636386
1.285652 -1.853453 1.167652
1.725540 -1.758442 0.618057
1.350430 -1.649792 1.380625
-0.015643 -2.199649 1.270000
-0.009005 -1.269968 2.199705
-0.105686 -2.197164 1.270000
-2.467436 0.144485 0.585223
-2.288435 0.000000 1.102118
-1.667788 0.000000 1.915747
1.274146 -2.197305 -0.000000
1.250201 -2.211017 -0.000000
1.432903 -2.097234 -0.000000
0.258789 -0.088655 -2.525226
2.538453 -0.088645 -0.000000
-0.073382 -0.088647 -2.537392
-0.143196 0.088655 2.534410
0.099103 0.088651 2.536517
-0.143229 0.088655 2.534408
1.221104 -1.821642 1.281454
0.961037 -1.495644 1.814127
1.088112 -1.913309 1.267621
-0.000000 -0.194809 -2.532518
-0.000000 -0.194809 -2.532518
-0.000000 -0.194809 -2.532518
-0.010908 0.000000 -2.539977
-0.154501 0.000000 -2.535297
-0.311005 0.000000 -2.520888
0.000000 2.540000 0.000000
0.000000 2.540000 0.000000
0.000000 2.540000 0.000000
0.961440 -0.000000 2.351007
1.900863 -0.000000 1.684732
1.376239 -0.000000 2.134846
1.728950 -0.220763 -1.847592
1.908391 -0.187944 -1.665629
2.108331 -0.713472 -1.223724
2.322428 -0.515059 -0.890305
2.245497 -0.584418 -1.033344
2.114756 -0.156120 -1.398225
-1.577733 1.990568 0.000000
-1.468857 2.072212 0.000000
-1.470152 2.071293 0.000000
0.076756 0.088649 2.537292
0.502411 0.088646 2.488237
0.334506 0.088660 2.516316
-1.512683 1.488321 1.395812
-1.221350 1.735445 1.395756
-1.342467 1.907543 1.005318
-0.204834 0.201535 2.523693
-0.808391 0.795372 2.272771
-0.262711 0.116603 2.523685
1.195045 0.088645 -2.239556
1.724398 -0.785398 -1.691509
0.331321 0.088660 -2.516737
1.991485 -1.576575 -0.000000
2.131835 -1.380899 -0.000000
2.132670 -1.379608 -0.000000
-1.107736 -0.088649 2.284001
-1.029337 -0.088659 2.320389
-1.316203 -0.088667 2.170564
1.851228 -0.948022 -1.458015
1.462220 -0.276689 -2.058387
2.018137 -0.798304 -1.319634
-0.000000 -2.540000 -0.000000
-0.000000 -2.540000 -0.000000
-0.000000 -2.540000 -0.000000
-0.565203 0.000000 -2.476317
-0.565203 0.000000 -2.476317
-1.583664 0.000000 -1.985852
0.657035 -1.049291 -2.217858
0.278833 -0.652850 -2.438778
0.270129 -0.550854 -2.464790
0.961500 -0.000000 -2.350982
0.894341 -0.000000 -2.377342
0.670835 -0.000000 -2.449812
0.000000 -0.000000 2.540000
0.000000 -0.000000 2.540000
0.000000 -0.000000 2.540000
0.000000 -0.194809 2.532518
-0.000000 -0.194809 2.532518
0.000000 -0.194809 2.532518
0.078181 -0.000000 2.538796
0.288520 -0.000000 2.523560
-0.010857 0.000000 2.539977
0.000000 2.540000 0.000000
0.000000 2.540000 0.000000
0.000000 2.540000 0.000000
-1.513830 -0.088717 -2.037658
-1.710998 -0.088711 -1.875158
-1.107737 -0.088649 -2.284001
-1.583664 0.000000 -1.985852
-0.565203 0.000000 -2.476317
-1.583664 0.000000 -1.985852
2.225258 0.088644 1.221462
1.835192 0.088653 1.753799
1.823347 0.088654 1.766110
1.631534 0.088647 1.944695
1.835192 0.088653 1.753799
2.225258 0.088644 1.221462
0.000000 2.199704 1.270000
0.000000 2.199704 1.270000
0.000000 1.270000 2.199704
0.667081 0.917125 2.272770
1.085745 1.492719 1.744863
0.499374 1.018202 2.272772
-1.470152 2.071293 0.000000
-1.468857 2.072212 0.000000
-1.367072 2.140728 0.000000
0.603759 0.088650 -2.465607
1.493562 0.088647 -2.052562
0.331321 0.088660 -2.516737
2.404856 -0.088642 -0.812657
2.538453 -0.088645 -0.000000
1.001203 -0.088662 -2.332666
0.928969 -2.364025 -0.000000
1.146294 -2.266629 -0.000001
1.112711 -2.283303 -0.000000
-2.426550 0.088638 0.745385
-1.528016 0.088646 2.027045
-2.426534 0.088638 0.745435
0.923116 -2.366317 -0.000000
1.250201 -2.211018 -0.000000
1.156038 -2.261675 -0.000000
-1.989542 1.382279 0.763299
-1.755067 1.118723 1.455952
-1.924454 1.131497 1.211525
-1.229786 0.000000 2.222437
-1.445584 0.000000 2.088513
-1.922107 0.000000 1.660453
0.687645 -0.088659 2.443539
0.350709 -0.088653 2.514109
0.783393 -0.088669 2.414546
-0.502456 0.088646 -2.488228
-0.502466 0.088646 -2.488226
-0.771475 0.088679 -2.418380
1.157899 -2.119079 -0.787638
0.853606 -1.473281 -1.884781
1.116523 -1.926502 -1.222116
1.432911 -2.097228 -0.000000
1.250201 -2.211017 -0.000000
1.274146 -2.197305 -0.000000
0.783410 -0.088669 2.414541
0.452929 -0.088648 2.497718
0.783427 -0.088669 2.414535
-0.715852 0.088670 -2.435425
-0.502435 0.088646 -2.488233
-0.771528 0.088679 -2.418363
0.452918 -0.088648 2.497720
0.783461 -0.088669 2.414524
0.783427 -0.088669 2.414535
-0.771528 0.088679 -2.418363
-0.502435 0.088646 -2.488233
-0.502456 0.088646 -2.488228
0.625933 1.736451 -1.744863
0.562360 0.984815 -2.272772
0.384573 1.066874 -2.272770
-0.036105 2.121809 -1.395787
-0.031404 1.845574 -1.744841
-0.779792 1.973803 -1.395573
2.288461 -0.000000 -1.102065
2.288461 -0.000000 -1.102065
2.540000 -0.000000 -0.000000
-0.000000 -2.540000 -0.000000
-0.000000 -2.540000 -0.000000
-0.000000 -2.540000 -0.000000
-1.013231 -0.088661 -2.327467
-0.722292 -0.088663 -2.433523
-0.452898 -0.088648 -2.497724
1.827354 -1.764193 -0.000000
1.991485 -1.576575 -0.000000
1.992034 -1.575881 -0.000000
1.810562 -1.309267 1.208009
1.878600 -1.558690 0.702102
1.947863 -1.471269 0.701996
0.502411 0.088646 2.488237
0.771580 0.088679 2.418347
0.967309 0.088675 2.346924
0.000000 2.540000 0.000000
0.000000 2.540000 0.000000
0.000000 2.540000 0.000000
-2.249820 0.000000 1.178944
-2.540000 0.000000 0.000000
-2.379656 0.000000 0.888164
-1.979868 1.591138 0.000000
-1.895853 1.690367 0.000000
-1.897220 1.688833 0.000000
-0.984802 0.088673 2.339637
-0.556602 0.088645 2.476679
-0.711811 0.088670 2.436609
0.000000 2.540000 0.000000
0.000000 2.540000 0.000000
0.000000 2.540000 0.000000
0.961500 -0.000000 -2.350982
0.670835 -0.000000 -2.449812
0.605778 -0.000000 -2.466705
-0.565203 0.000000 -2.476317
-0.565203 0.000000 -2.476317
-1.583664 0.000000 -1.985852
-0.000000 -2.540000 -0.000000
-0.000000 -2.540000 -0.000000
-0.000000 -2.540000 -0.000000
-0.000000 -2.540000 -0.000000
-0.000000 -2.540000 -0.000000
-0.000000 -2.540000 -0.000000
1.231817 -0.088648 2.219543
1.157298 -0.088645 2.259293
0.838390 -0.088672 2.396005
-0.000000 -2.540000 -0.000000
-0.000000 -2.540000 -0.000000
-0.000000 -2.540000 -0.000000
1.231815 -0.088648 -2.219544
0.838384 -0.088672 -2.396007
-0.452898 -0.088648 -2.497724
-0.000000 0.000000 -2.540000
-0.000000 0.000000 -2.540000
-0.000000 -0.000000 -2.540000
0.134272 -1.791999 -1.795080
0.043010 -1.269271 -2.199705
0.039914 -0.990167 -2.338712
-2.538453 0.088645 0.000000
-2.426550 0.088638 0.745385
-2.538453 0.088645 0.000041
-2.139928 0.088644 -1.365450
-2.365313 0.088645 -0.921432
-1.835312 0.088653 -1.753673
-1.038100 2.318178 0.000000
-1.069288 2.303958 0.000000
-1.038100 2.318178 0.000000
2.501711 0.088625 0.430337
2.538453 0.088645 -0.000025
2.538453 0.088645 -0.000000
-0.000000 -2.540000 -0.000000
-0.000000 -2.540000 -0.000000
-0.000000 -2.540000 -0.000000
-2.538453 -0.088645 0.000018
-2.507967 -0.088623 -0.392232
-2.538453 -0.088645 0.000000
-1.960563 1.505100 -0.585206
-2.255089 1.159878 -0.144422
-1.658938 1.832218 -0.585238
-0.678297 1.716901 -1.744639
-1.238884 1.368288 -1.744865
-1.424320 1.573093 -1.395812
-0.000000 -2.540000 -0.000000
-0.000000 -2.540000 -0.000000
-0.000000 -2.540000 -0.000000
-0.000000 -2.540000 -0.000000
-0.000000 -2.540000 -0.000000
-0.000000 -2.540000 -0.000000
2.230032 -0.141696 -1.207675
2.322428 -0.515059 -0.890305
2.114756 -0.156120 -1.398225
2.389544 -0.850884 -0.132944
2.393031 -0.851471 -0.000000
2.319330 -1.035523 0.000160
-2.220308 -0.088643 1.230438
-2.119683 -0.088643 1.396669
-2.375236 -0.088645 0.895542
2.354466 -0.952936 -0.000000
2.319359 -1.035459 -0.000000
2.393031 -0.851471 -0.000000
-1.272665 2.198164 0.000000
-1.271803 2.198663 0.000000
-1.190375 2.243793 0.000000
1.241768 0.088646 -2.213991
1.493562 0.088647 -2.052562
0.901717 0.088683 -2.372897
-0.000000 -2.540000 -0.000000
-0.000000 -2.540000 -0.000000
-0.000000 -2.540000 -0.000000
2.288461 -0.000000 1.102065
2.540000 -0.000000 0.000000
2.288461 -0.000000 1.102065
-1.068840 0.088658 -2.302460
-1.277936 0.088647 -2.193313
-0.771475 0.088679 -2.418380
1.157351 -0.088645 2.259266
0.783393 -0.088669 2.414546
1.157338 -0.088645 2.259272
1.472438 -0.088710 2.067766
1.157351 -0.088645 2.259266
1.157338 -0.088645 2.259272
-1.581003 0.088645 -1.985994
-1.277936 0.088647 -2.193313
-1.068840 0.088658 -2.302460
-0.100865 -0.088648 -2.536448
-0.398148 -0.088651 -2.507034
-0.452898 -0.088648 -2.497724
-0.000000 -2.540000 -0.000000
-0.000000 -2.540000 -0.000000
-0.000000 -2.540000 -0.000000
-2.288461 0.000000 1.102065
-2.288461 0.000000 1.102065
-2.540000 0.000000 0.000000
-0.000000 -2.540000 -0.000000
-0.000000 -2.540000 -0.000000
-0.000000 -2.540000 -0.000000
-0.000000 -2.540000 -0.000000
-0.000000 -2.540000 -0.000000
-0.000000 -2.540000 -0.000000
-1.583664 0.000000 1.985852
-2.288461 0.000000 1.102065
-1.583664 0.000000 1.985852
-1.271803 2.198663 0.000000
-1.189803 2.244096 0.000000
-1.190375 2.243793 0.000000
1.244552 0.088646 2.212427
0.904774 0.088682 2.371733
1.591258 0.088645 1.977787
2.288461 -0.000000 -1.102065
2.288461 -0.000000 -1.102065
1.583664 -0.000000 -1.985852
-0.000000 -2.540000 -0.000000
-0.000000 -2.540000 -0.000000
-0.000000 -2.540000 -0.000000
-0.000000 -2.540000 -0.000000
-0.000000 -2.540000 -0.000000
-0.000000 -2.540000 -0.000000
-1.583664 0.000000 1.985852
-1.583664 0.000000 1.985852
-2.288461 0.000000 1.102065
1.088112 -1.913309 1.267621
0.961037 -1.495644 1.814127
0.617542 -1.196102 2.153969
1.116524 -1.926503 1.222113
0.684593 -1.181710 2.141610
0.787347 -1.615382 1.795056
-0.000000 -2.540000 -0.000000
-0.000000 -2.540000 -0.000000
-0.000000 -2.540000 -0.000000
-0.000000 -2.540000 -0.000000
-0.000000 -2.540000 -0.000000
-0.000000 -2.540000 -0.000000
0.000000 2.540000 0.000000
0.000000 2.540000 0.000000
0.000000 2.540000 0.000000
2.290397 -0.000000 1.098036
2.322171 -0.000000 1.029136
2.100801 -0.000000 1.427667
0.787347 -1.615382 1.795056
0.986891 -2.120836 0.989797
1.132345 -2.001897 1.077870
0.657992 -2.098987 1.270000
0.986891 -2.120836 0.989797
0.787347 -1.615382 1.795056
-0.594160 0.383752 2.439530
-1.105865 0.921536 2.092710
-1.016481 0.972494 2.114857
-0.258054 0.000000 2.526857
-0.271285 0.000000 2.525471
-0.141039 0.000000 2.536081
-0.565203 0.000000 2.476317
0.565203 -0.000000 2.476317
-0.565203 0.000000 2.476317
-0.000000 -2.540000 -0.000000
-0.000000 -2.540000 -0.000000
-0.000000 -2.540000 -0.000000
2.540000 -0.000000 0.000000
2.540000 -0.000000 0.000000
2.288461 -0.000000 1.102065
-0.000000 -2.540000 -0.000000
-0.000000 -2.540000 -0.000000
-0.000000 -2.540000 -0.000000
1.986729 0.087586 -1.580138
2.184795 -0.522866 -1.185277
1.493702 0.088590 -2.052463
2.131833 -1.380902 -0.000016
2.281901 -0.929691 -0.616607
2.248128 -1.182168 -0.000020
-0.000000 -2.540000 -0.000000
-0.000000 -2.540000 -0.000000
-0.000000 -2.540000 -0.000000
-0.000000 -2.540000 -0.000000
-0.000000 -2.540000 -0.000000
-0.000000 -2.540000 -0.000000
-1.105865 0.921536 2.092710
-1.377649 1.460496 1.555839
-1.016481 0.972494 2.114857
-1.742562 1.663214 0.805480
-1.623116 1.772514 -0.821760
-1.623122 1.772510 0.821756
-0.000000 -2.540000 -0.000000
-0.000000 -2.540000 -0.000000
-0.000000 -2.540000 -0.000000
-2.540000 0.000000 0.000000
-2.288461 0.000000 -1.102065
-2.540000 0.000000 0.000000
0.494828 -0.088646 -2.489757
0.190250 -0.088653 -2.531313
-0.452898 -0.088648 -2.497724
-0.000000 -2.540000 -0.000000
-0.000000 -2.540000 -0.000000
-0.000000 -2.540000 -0.000000
-0.159052 2.116188 1.395726
-0.174824 2.326032 1.005293
-0.534453 2.053864 1.395565
-0.285653 1.097743 2.272655
-0.072383 0.278164 2.523685
-0.085003 1.130959 2.272731
0.953447 -2.354260 -0.000000
0.760499 -2.423477 0.000000
1.071722 -2.302827 -0.000000
1.024786 -2.102787 -0.989798
0.760499 -2.423477 0.000000
0.657992 -2.098987 -1.270000
-0.000000 -2.540000 -0.000000
-0.000000 -2.540000 -0.000000
-0.000000 -2.540000 -0.000000
-2.288461 0.000000 -1.102065
-1.583664 0.000000 -1.985852
-2.288461 0.000000 -1.102065
-0.000000 -2.540000 -0.000000
-0.000000 -2.540000 -0.000000
-0.000000 -2.540000 -0.000000
0.565203 -0.000000 2.476317
0.565203 -0.000000 2.476317
1.583664 -0.000000 1.985852
-0.000000 -0.000000 -2.540000
-0.000000 0.000000 -2.540000
-0.000000 0.000000 -2.540000
-0.365414 0.000000 -2.513578
-0.271285 0.000000 -2.525471
-0.496878 0.000000 -2.490926
2.288461 -0.000000 1.102065
1.583664 -0.000000 1.985852
2.288461 -0.000000 1.102065
-0.000000 -2.540000 -0.000000
-0.000000 -2.540000 -0.000000
-0.000000 -2.540000 -0.000000
-2.350749 0.000000 -0.962070
-2.249819 0.000000 -1.178946
-1.445579 0.000000 -2.088516
0.000000 2.540000 0.000000
0.000000 2.540000 0.000000
0.000000 2.540000 0.000000
-0.000000 -2.540000 -0.000000
-0.000000 -2.540000 -0.000000
-0.000000 -2.540000 -0.000000
1.583664 -0.000000 -1.985852
2.288461 -0.000000 -1.102065
1.583664 -0.000000 -1.985852
-1.570420 0.777081 -1.838893
-1.636500 0.731392 -1.799593
-0.939308 0.330679 -2.336654
-2.243502 1.190923 0.000000
-1.943628 1.075417 -1.231823
-1.799991 1.605271 0.796704
2.393031 -0.851471 -0.000000
2.393031 -0.851471 -0.000000
2.379285 -0.889159 -0.000000
2.481298 -0.000000 -0.542918
2.535578 -0.000000 -0.149822
2.290372 -0.000000 -1.098088
2.288461 -0.000000 -1.102065
2.288461 -0.000000 -1.102065
1.583664 -0.000000 -1.985852
-0.000000 -2.540000 -0.000000
-0.000000 -2.540000 -0.000000
-0.000000 -2.540000 -0.000000
0.134272 -1.791999 1.795080
0.043010 -1.269271 2.199705
0.074428 -2.198445 1.270000
0.000000 -0.000000 2.540000
-0.000000 0.000000 2.540000
0.000000 -0.000000 2.540000
-0.000000 -2.540000 -0.000000
-0.000000 -2.540000 -0.000000
-0.000000 -2.540000 -0.000000
-0.565203 0.000000 -2.476317
-0.565203 0.000000 -2.476317
0.565203 -0.000000 -2.476317
-0.254398 2.527228 -0.000000
-0.102988 2.197292 -1.270001
-0.254398 2.527228 0.000000
-0.181143 1.787951 -1.794999
-0.055614 1.268781 -2.199705
-0.102988 2.197292 -1.270001
1.275022 1.792489 -1.270000
0.669236 2.095429 -1.270000
0.736134 1.034894 -2.199705
1.472269 2.069788 -0.000000
0.772767 2.419593 -0.000000
1.472269 2.069788 -0.000000
0.496431 -0.856992 -2.338957
0.434580 -0.891455 -2.338386
0.084468 -0.145832 -2.534403
0.657035 -1.049291 -2.217858
0.617520 -1.196209 -2.153916
0.278833 -0.652850 -2.438778
-0.502466 0.088646 -2.488226
-0.744881 0.088675 -2.426703
-0.771475 0.088679 -2.418380
1.250201 -2.211018 -0.000000
1.226108 -2.224468 -0.000000
1.250201 -2.211017 -0.000000
1.015084 -1.951284 -1.270313
1.230878 -2.172358 -0.466265
0.982468 -2.034645 -1.160420
-0.744881 0.088675 -2.426703
-0.502466 0.088646 -2.488226
-0.333215 0.088660 -2.516487
-1.710481 -0.088980 -1.875617
-1.705024 -0.361866 -1.847579
-0.496261 -0.876240 -2.331851
-1.710481 -0.088980 -1.875617
-1.240597 -0.346789 -2.189122
-1.294254 -0.088742 -2.183720
-0.450752 0.088650 -2.498112
0.426870 0.088652 -2.502304
-0.502413 0.088646 -2.488237
-0.450752 0.088650 -2.498112
-0.502413 0.088646 -2.488237
-0.715852 0.088670 -2.435425
-0.000000 -2.540000 -0.000000
-0.000000 -2.540000 -0.000000
-0.000000 -2.540000 -0.000000
2.538453 -0.088645 -0.000000
2.290990 -0.088644 1.093210
2.538453 -0.088645 0.000000
-1.335279 1.490751 -1.564062
-1.377640 1.460495 -1.555848
-0.983084 0.990414 -2.122316
-1.432561 1.827540 -1.029304
-1.130633 1.886894 -1.270000
-1.130633 1.886894 1.270000
0.000000 2.540000 0.000000
0.000000 2.540000 0.000000
0.000000 2.540000 0.000000
2.290372 -0.000000 -1.098088
2.100732 -0.000000 -1.427769
2.322109 -0.000000 -1.029277
1.487805 1.796463 -1.005364
1.156667 2.025575 -1.005369
1.257494 2.202145 -0.144453
0.562360 0.984815 -2.272772
0.625933 1.736451 -1.744863
1.404235 1.197987 -1.744865
-0.262711 0.116603 2.523685
-0.808391 0.795372 2.272771
-1.036759 0.460162 2.272660
-1.662704 1.635926 1.005367
-2.132075 0.946315 1.005159
-1.939773 0.860962 1.395573
-0.000000 -2.540000 -0.000000
-0.000000 -2.540000 -0.000000
-0.000000 -2.540000 -0.000000
-0.565203 0.000000 2.476317
-0.565203 0.000000 2.476317
-1.583664 0.000000 1.985852
-2.107773 0.246660 -1.395726
-2.029938 0.619154 -1.395565
-1.765732 0.538568 -1.744630
-2.409090 0.804914 0.000000
-2.335722 0.997999 0.000000
-2.518702 0.294748 -0.144440
0.565203 -0.000000 -2.476317
-0.565203 0.000000 -2.476317
0.565203 -0.000000 -2.476317
-0.000000 -2.540000 -0.000000
-0.000000 -2.540000 -0.000000
-0.000000 -2.540000 -0.000000
0.760499 -2.423477 -0.000000
0.436143 -2.502275 -0.000000
0.760499 -2.423477 0.000000
0.657992 -2.098987 1.270000
0.379534 -1.211963 2.199704
0.376927 -2.167170 1.270000
0.256833 2.318377 1.005367
0.233660 2.109197 1.395812
0.651631 2.239692 1.005364
0.671241 2.449701 -0.000000
1.189584 2.244212 -0.000000
0.671241 2.449701 -0.000000
-2.540000 0.000000 0.000000
-2.288461 0.000000 -1.102065
-2.540000 0.000000 0.000000
-0.000000 -2.540000 -0.000000
-0.000000 -2.540000 -0.000000
-0.000000 -2.540000 -0.000000
-0.235434 2.334878 0.971862
-0.096299 2.197595 1.270001
-0.181143 1.787951 1.794999
-0.254398 2.527228 0.000000
-0.102988 2.197292 -1.270001
-0.096299 2.197595 1.270001
-0.398139 -0.088651 2.507035
-0.414049 -0.088650 2.504457
-0.728251 -0.088664 2.431746
-0.000000 -2.540000 -0.000000
-0.000000 -2.540000 -0.000000
-0.000000 -2.540000 -0.000000
-0.000000 -2.540000 -0.000000
-0.000000 -2.540000 -0.000000
-0.000000 -2.540000 -0.000000
1.583664 -0.000000 1.985852
0.565203 -0.000000 2.476317
1.583664 -0.000000 1.985852
-0.000000 -2.540000 -0.000000
-0.000000 -2.540000 -0.000000
-0.000000 -2.540000 -0.000000
-0.000000 -2.540000 -0.000000
-0.000000 -2.540000 -0.000000
-0.000000 -2.540000 -0.000000
2.092937 0.088644 -1.436439
1.985574 0.088645 -1.581530
1.629627 0.088647 -1.946294
-1.069288 2.303958 0.000000
-1.122797 2.278360 0.000000
-1.122522 2.278496 0.000000
-0.000000 -2.540000 -0.000000
-0.000000 -2.540000 -0.000000
-0.000000 -2.540000 -0.000000
1.583664 -0.000000 1.985852
0.565203 -0.000000 2.476317
1.583664 -0.000000 1.985852
-1.069180 2.304008 0.000000
-1.069288 2.303958 0.000000
-1.122522 2.278496 0.000000
2.094123 0.088644 1.434709
1.631534 0.088647 1.944695
2.225258 0.088644 1.221462
0.190260 -0.088653 2.531312
0.161130 -0.088652 2.533333
-0.100856 -0.088648 2.536448
-0.000000 -2.540000 -0.000000
-0.000000 -2.540000 -0.000000
-0.000000 -2.540000 -0.000000
1.565797 -1.298561 1.521059
1.612119 -1.103401 1.623323
1.043578 -0.478043 2.265838
1.350430 -1.649792 1.380625
1.725540 -1.758442 0.618057
1.587795 -1.119262 1.636386
-0.565203 0.000000 2.476317
-1.583664 0.000000 1.985852
-0.565203 0.000000 2.476317
-0.000000 -2.540000 -0.000000
-0.000000 -2.540000 -0.000000
-0.000000 -2.540000 -0.000000
0.981273 -0.304393 -2.322939
1.590801 -0.894159 -1.766758
1.554266 -1.140821 -1.653598
0.450487 -0.065829 -2.498865
1.043645 -0.477979 -2.265820
1.154210 -1.006119 -2.026604
1.156038 -2.261675 -0.000000
1.250201 -2.211018 -0.000000
1.201870 -2.237657 -0.000000
1.250201 -2.211018 -0.000000
1.239357 -2.137852 0.587523
1.226107 -2.224468 -0.000000
-0.000000 -2.540000 -0.000000
-0.000000 -2.540000 -0.000000
-0.000000 -2.540000 -0.000000
0.565203 -0.000000 -2.476317
0.565203 -0.000000 -2.476317
-0.565203 0.000000 -2.476317
-0.903063 -0.590347 2.299471
-1.585654 -0.088480 1.982290
-1.316155 -0.088600 2.170596
-1.308546 -0.609695 2.089875
-2.119670 -0.088661 1.396688
-1.585654 -0.088480 1.982290
-0.000000 -2.540000 -0.000000
-0.000000 -2.540000 -0.000000
-0.000000 -2.540000 -0.000000
-0.000000 -2.540000 -0.000000
-0.000000 -2.540000 -0.000000
-0.000000 -2.540000 -0.000000
-0.333215 0.088660 -2.516487
-0.502456 0.088646 -2.488228
0.098609 0.088651 -2.536536
0.452941 -0.088648 2.497716
0.350709 -0.088653 2.514109
0.452929 -0.088648 2.497718
-0.333215 0.088660 -2.516487
-0.502466 0.088646 -2.488226
-0.502456 0.088646 -2.488228
0.783393 -0.088669 2.414546
0.350709 -0.088653 2.514109
0.452941 -0.088648 2.497716
1.583664 -0.000000 -1.985852
2.288461 -0.000000 -1.102065
1.583664 -0.000000 -1.985852
-0.000000 -2.540000 -0.000000
-0.000000 -2.540000 -0.000000
-0.000000 -2.540000 -0.000000
0.084468 -0.145832 -2.534403
0.434580 -0.891455 -2.338386
0.000000 -0.000000 -2.540000
-0.000000 -0.000000 -2.540000
-0.000000 0.000000 -2.540000
0.039914 -0.990167 -2.338712
-0.000000 -0.000000 -2.540000
-0.000000 -0.000000 -2.540000
-0.009005 -1.269968 -2.199705
-0.061005 -1.268534 -2.199705
-0.105686 -2.197164 -1.270000
-0.144567 -1.661509 -1.915747
1.816878 -0.088684 1.772763
1.457605 -0.088707 2.078249
1.472387 -0.088710 2.067802
1.472597 -0.088710 2.067653
1.637675 -0.088722 1.939523
1.816522 -0.088684 1.773128
-1.441381 2.091416 0.000000
-0.900294 2.375094 0.000000
-1.357214 2.146991 0.000000
-0.678297 1.716901 -1.744639
-1.424320 1.573093 -1.395812
-0.779792 1.973803 -1.395573
-0.122062 -2.537066 0.000000
-0.225805 -2.529943 0.000000
-0.225805 -2.529943 0.000000
-0.105686 -2.197164 1.270000
-0.144567 -1.661509 1.915747
-0.201980 -2.279504 1.102118
1.275022 1.792489 1.270000
0.736134 1.034894 2.199704
0.669236 2.095429 1.270000
0.772767 2.419593 -0.000000
1.472269 2.069788 -0.000000
1.275022 1.792489 1.270000
-0.000000 -2.540000 -0.000000
-0.000000 -2.540000 -0.000000
-0.000000 -2.540000 -0.000000
-0.000000 -2.540000 -0.000000
-0.000000 -2.540000 -0.000000
-0.000000 -2.540000 -0.000000
0.000000 -0.000000 2.540000
-0.073618 -0.866622 2.386451
-0.061005 -1.268534 2.199705
-0.061005 -1.268534 2.199705
-0.144567 -1.661509 1.915747
-0.105686 -2.197164 1.270000
0.000000 2.540000 0.000000
0.000000 2.540000 0.000000
0.000000 2.540000 0.000000
1.609078 -0.000000 -1.965316
1.457303 -0.000000 -2.080353
1.376259 -0.000000 -2.134833
1.637673 -0.088722 -1.939525
1.231815 -0.088648 -2.219544
-0.452898 -0.088648 -2.497724
-0.000000 -2.540000 -0.000000
-0.000000 -2.540000 -0.000000
-0.000000 -2.540000 -0.000000
-0.704333 2.440392 0.000000
-0.900294 2.375094 0.000000
-1.441381 2.091416 0.000000
-1.761856 1.733482 0.585238
-1.422514 2.021284 0.585206
-1.459476 2.073804 0.144444
0.085864 -2.538548 0.000000
-0.018114 -2.539935 0.000000
-0.018114 -2.539935 0.000000
0.074428 -2.198445 -1.270000
-0.015643 -2.199649 -1.270000
0.043010 -1.269271 -2.199705
-1.445584 0.000000 2.088513
-1.229786 0.000000 2.222437
-0.311049 0.000000 2.520882
0.000000 2.540000 0.000000
0.000000 2.540000 0.000000
0.000000 2.540000 0.000000
1.377851 -2.126202 -0.179974
1.286387 -1.853757 -1.166359
1.490451 -2.045067 0.218760
1.349694 -2.137408 0.247814
1.152889 -1.868629 -1.276979
1.377851 -2.126202 -0.179974
0.085864 -2.538548 -0.000000
-0.018114 -2.539935 0.000000
0.085864 -2.538548 0.000000
0.074428 -2.198445 1.270000
0.043010 -1.269271 2.199705
-0.015643 -2.199649 1.270000
0.386383 1.209797 2.199704
0.000000 -0.000000 2.540000
0.000000 -0.000000 2.540000
0.499374 1.018202 2.272772
0.126534 0.257997 2.523693
0.667081 0.917125 2.272770
0.000000 2.540000 0.000000
0.000000 2.540000 0.000000
0.000000 2.540000 0.000000
1.376239 -0.000000 2.134846
1.900863 -0.000000 1.684732
1.609097 -0.000000 1.965300
-2.538453 0.088645 -0.000042
-2.538453 0.088645 0.000000
-2.365313 0.088645 -0.921431
0.972454 -2.346473 -0.000000
1.250201 -2.211018 -0.000000
0.911658 -2.370755 -0.000000
0.876895 -2.383832 -0.000000
0.760499 -2.423477 0.000000
0.953447 -2.354260 -0.000000
2.538453 -0.088645 0.000000
2.406095 -0.088642 0.808981
2.538453 -0.088645 -0.000000
-0.652771 1.089399 2.199704
-0.511861 1.162282 2.199704
-0.000000 0.000000 2.540000
0.000000 1.270000 2.199704
0.000000 1.270000 2.199704
0.000000 -0.000000 2.540000
0.134272 -1.791999 -1.795080
0.095804 -2.337553 -0.989074
0.074428 -2.198445 -1.270000
0.436143 -2.502275 0.000000
0.189698 -2.532906 -0.000000
0.189698 -2.532906 0.000000
0.000000 -0.194809 2.532518
0.000000 -0.194809 2.532518
0.000000 -0.194809 2.532518
0.260640 -0.557347 2.464352
-0.000002 -0.194806 2.532519
0.617542 -1.196102 2.153969
-0.000000 -2.540000 -0.000000
-0.000000 -2.540000 -0.000000
-0.000000 -2.540000 -0.000000
-0.000000 -2.540000 -0.000000
-0.000000 -2.540000 -0.000000
-0.000000 -2.540000 -0.000000
0.288415 -0.000000 -2.523572
0.096734 -0.000000 -2.538157
-0.010908 0.000000 -2.539977
-0.032567 0.000000 -2.539791
-0.086441 0.000000 -2.538529
-0.010908 0.000000 -2.539977
-0.105686 -2.197164 -1.270000
-0.201980 -2.279504 -1.102118
-0.144567 -1.661509 -1.915747
-0.122062 -2.537066 0.000000
-0.122062 -2.537066 0.000000
-0.225805 -2.529943 0.000000
2.114681 -0.795122 1.160820
2.228195 -1.126612 0.466360
2.181241 -0.723978 1.081501
1.493491 -0.000000 2.054528
1.900863 -0.000000 1.684732
0.961440 -0.000000 2.351007
-0.000000 -2.540000 -0.000000
-0.000000 -2.540000 -0.000000
-0.000000 -2.540000 -0.000000
2.290985 -0.088644 -1.093221
2.016086 -0.088645 -1.542446
2.538453 -0.088645 -0.000000
1.144073 -2.056702 0.955338
1.377782 -2.122783 -0.217042
1.390783 -2.125336 -0.016419
1.074768 -2.122047 0.890723
1.201867 -2.237659 0.000012
1.239189 -2.137729 0.588323
1.201870 -2.237657 -0.000000
1.250201 -2.211018 -0.000000
1.226107 -2.224468 -0.000000
-0.088928 -0.634694 2.457815
-0.333090 0.088452 2.516511
-0.744786 0.088482 2.426739
1.226107 -2.224468 -0.000000
1.239357 -2.137852 0.587523
1.201870 -2.237657 -0.000001
1.024786 -2.102787 0.989798
1.157900 -2.119080 0.787634
1.144505 -2.056276 0.955739
-0.000000 -0.000000 -2.540000
0.000000 1.270000 -2.199705
-0.000000 -0.000000 -2.540000
0.777684 0.583114 -2.346654
-0.000000 -0.000000 -2.540000
-0.000000 -0.000000 -2.540000
-0.000000 -2.540000 -0.000000
-0.000000 -2.540000 -0.000000
-0.000000 -2.540000 -0.000000
-0.000000 -2.540000 -0.000000
-0.000000 -2.540000 -0.000000
-0.000000 -2.540000 -0.000000
-0.652771 1.089399 -2.199704
-0.000000 0.000000 -2.540000
-0.511861 1.162282 -2.199704
0.000000 1.270000 -2.199705
-0.059454 1.268607 -2.199705
0.000000 -0.000000 -2.540000
2.088325 -1.180002 0.835521
1.987597 -1.295500 0.907049
1.992051 -1.575860 0.000293
1.827354 -1.764193 0.000000
1.992051 -1.575860 0.000293
1.917476 -1.370099 0.947478
2.076743 -1.307379 0.655361
1.943822 -0.969083 1.316828
2.001876 -1.402326 0.691068
-0.618118 -0.348069 -2.438930
-0.722207 -0.088748 -2.433545
-1.011558 -0.090059 -2.328141
1.432879 -2.097250 0.000377
1.555124 -2.008280 0.000190
1.441930 -2.062069 0.346854
1.305592 -2.178768 0.000567
1.432879 -2.097250 0.000377
1.441930 -2.062069 0.346854
0.496431 -0.856992 -2.338957
0.787347 -1.615382 -1.795056
0.434580 -0.891455 -2.338386
0.787347 -1.615382 -1.795056
0.853606 -1.473281 -1.884781
1.157899 -2.119079 -0.787638
-0.414050 0.000000 2.506025
-0.496878 0.000000 2.490926
-0.271285 0.000000 2.525471
-0.985635 0.352347 2.314298
-1.355912 0.750136 2.012560
-0.829471 0.311118 2.380501
1.231817 -0.088648 2.219543
1.637675 -0.088722 1.939523
1.472597 -0.088710 2.067653
-0.000000 -2.540000 -0.000000
-0.000000 -2.540000 -0.000000
-0.000000 -2.540000 -0.000000
0.000000 -0.194809 2.532518
0.000000 -0.194809 2.532518
-0.000000 -0.194809 2.532518
0.199973 -0.000000 2.532116
0.288520 -0.000000 2.523560
0.078181 -0.000000 2.538796
-1.655505 1.744254 0.817608
-1.502404 1.363348 1.528288
-1.742562 1.663214 0.805480
-1.799991 1.605271 0.796704
-1.561833 1.312286 1.513335
-1.684588 1.194898 1.478507
0.000000 2.540000 0.000000
0.000000 2.540000 0.000000
0.000000 2.540000 0.000000
-0.311040 0.000000 -2.520884
-1.019821 0.000000 -2.326277
-1.445579 0.000000 -2.088516
-1.052301 0.407120 -2.275635
-0.548915 0.122566 -2.476948
-0.496876 0.000004 -2.490926
-0.000000 -0.194809 -2.532518
-0.000000 -0.194809 -2.532518
-0.000000 -0.194809 -2.532518
0.000000 -0.000000 2.540000
0.043010 -1.269271 2.199705
0.074083 -0.988197 2.338713
0.000000 -0.000000 2.540000
-0.009005 -1.269968 2.199705
0.043010 -1.269271 2.199705
0.625933 1.736451 -1.744863
0.719622 1.996361 -1.395811
0.915302 1.602892 -1.744867
0.086219 1.794971 -1.795061
0.365683 2.090357 -1.395809
0.318074 1.818210 -1.744861
2.100732 -0.000000 -1.427769
2.030384 -0.000000 -1.526153
1.854720 -0.000000 -1.735400
0.000000 2.540000 0.000000
0.000000 2.540000 0.000000
0.000000 2.540000 0.000000
-1.100556 0.088653 2.287469
-0.744879 0.088675 2.426704
-1.254871 0.088646 2.206590
-1.528016 0.088646 2.027045
-1.254871 0.088646 2.206590
-2.251332 0.088644 1.172709
0.000000 -0.000000 2.540000
0.074083 -0.988197 2.338713
-0.000000 0.000000 2.540000
0.379534 -1.211963 2.199704
-0.000000 0.000000 2.540000
0.217166 -1.251295 2.199704
0.670850 -0.000000 2.449808
1.043578 -0.478043 2.265838
0.961440 -0.000000 2.351007
0.450483 -0.065820 2.498866
0.719795 -0.746965 2.318521
1.043644 -0.477957 2.265826
0.760499 -2.423477 0.000000
0.436143 -2.502275 0.000000
0.657992 -2.098987 -1.270000
0.376926 -2.167170 -1.270000
0.217166 -1.251295 -2.199705
0.657992 -2.098987 -1.270000
1.947899 -1.471195 -0.702052
1.871546 -1.379247 -1.023032
1.989082 -1.250938 -0.964523
-1.029518 -0.088944 2.320298
-0.722223 -0.088732 2.433541
-0.304431 -0.596084 2.450226
-0.000000 -2.540000 -0.000000
-0.000000 -2.540000 -0.000000
-0.000000 -2.540000 -0.000000
-1.907631 -0.088658 1.674719
-2.119683 -0.088643 1.396669
-2.220308 -0.088643 1.230438
-0.512375 0.405463 2.454521
-0.594160 0.383752 2.439530
-1.016481 0.972494 2.114857
-0.652771 1.089399 2.199704
-0.000000 0.000000 2.540000
-0.000000 0.000000 2.540000
-2.365313 0.088645 -0.921431
-2.538453 0.088645 0.000000
-2.365313 0.088645 -0.921432
-2.216243 1.240914 0.000000
-2.215992 1.241361 0.000000
-2.198467 1.272141 0.000000
0.189698 -2.532906 -0.000000
0.174748 -2.332980 0.989074
0.085864 -2.538548 -0.000000
0.657992 -2.098987 1.270000
0.376927 -2.167170 1.270000
0.436143 -2.502275 -0.000000
0.684593 -1.181710 2.141610
0.434580 -0.891455 2.338386
0.787347 -1.615382 1.795056
0.757929 -1.629392 1.795056
0.379534 -1.211963 2.199704
0.657992 -2.098987 1.270000
-0.285653 1.097743 2.272655
-0.476525 1.029305 2.272676
-0.120749 0.260820 2.523686
-0.174824 2.326032 1.005293
-0.587436 2.257474 1.005152
-0.534453 2.053864 1.395565
2.016093 -0.088645 1.542436
2.290990 -0.088644 1.093210
2.029347 -0.088645 1.524956
-0.000000 -2.540000 -0.000000
-0.000000 -2.540000 -0.000000
-0.000000 -2.540000 -0.000000
1.462220 -0.276689 -2.058387
1.591571 -0.248832 -1.963818
2.018137 -0.798304 -1.319634
1.376259 -0.000000 -2.134833
1.457303 -0.000000 -2.080353
1.142918 -0.000000 -2.268334
-1.729322 0.788874 1.684852
-1.412441 0.660760 2.004995
-1.125534 0.433555 2.235353
-1.125534 0.433555 2.235353
-1.412441 0.660760 2.004995
-0.855723 0.273908 2.375776
-0.005679 0.000000 -2.539994
-1.126462 0.131823 -2.272731
-0.285433 0.033402 -2.523690
-1.008662 0.518793 -2.272676
-0.274924 0.083855 -2.523685
-1.084955 0.330923 -2.272655
0.217166 -1.251295 -2.199705
0.379534 -1.211963 -2.199705
0.657992 -2.098987 -1.270000
0.379534 -1.211963 -2.199705
0.217166 -1.251295 -2.199705
-0.000000 0.000000 -2.540000
1.182867 -0.199287 2.238908
1.184949 -0.000343 2.246663
0.961440 -0.000000 2.351007
2.001876 -1.402326 0.691068
1.943822 -0.969083 1.316828
1.824690 -1.080058 1.398422
2.100801 -0.000000 1.427667
1.854773 -0.000000 1.735344
1.900863 -0.000000 1.684732
0.000000 2.540000 0.000000
0.000000 2.540000 0.000000
0.000000 2.540000 0.000000
1.432901 -2.097235 0.000001
1.493681 -2.024892 -0.346886
1.555124 -2.008280 -0.000000
1.305610 -2.178757 -0.000000
1.493681 -2.024892 -0.346886
1.432901 -2.097235 0.000001
-0.652771 1.089399 -2.199704
-1.161058 1.481180 -1.705770
-0.772356 0.985306 -2.210031
-0.886569 2.013131 -1.270000
-1.130633 1.886894 -1.270000
-0.652771 1.089399 -2.199704
-0.416779 1.054947 -2.272660
-0.105610 0.267320 -2.523685
-0.761169 0.840675 -2.272771
-0.031404 1.845574 -1.744841
-0.678297 1.716901 -1.744639
-0.779792 1.973803 -1.395573
2.108331 -0.713472 -1.223724
1.908391 -0.187944 -1.665629
2.234721 -0.655967 -1.013572
2.280371 -1.070835 -0.323760
1.915809 -1.504214 0.720150
2.227793 -1.126971 -0.467414
0.651631 2.239692 1.005364
1.116651 2.276802 0.144453
0.708433 2.434924 0.144452
1.372055 1.886347 1.005366
1.675936 1.622369 1.005364
1.822026 1.763790 0.144452
-0.181143 1.787951 1.794999
-0.102988 2.197292 1.270001
-0.055614 1.268781 2.199705
-0.099057 0.970995 2.344985
-0.055614 1.268781 2.199705
0.000000 0.000000 2.540000
-0.686402 2.244089 0.971862
-0.522695 1.719410 1.794999
-0.886569 2.013131 1.270000
-0.886569 2.013131 1.270000
-0.886569 2.013131 -1.270000
-0.744429 2.428462 0.000000
-1.432561 1.827540 1.029304
-1.582869 1.806317 -0.826645
-1.130633 1.886894 1.270000
-1.130633 1.886894 1.270000
-0.652771 1.089399 2.199704
-1.250878 1.547356 1.578795
-0.744429 2.428462 0.000000
-0.886569 2.013131 -1.270000
-0.744429 2.428462 0.000000
-0.522695 1.719410 -1.794999
-0.886569 2.013131 -1.270000
-0.511861 1.162282 -2.199704
-2.119684 -0.088643 -1.396669
-1.907634 -0.088658 -1.674716
-2.220311 -0.088643 -1.230431
-0.000000 -2.540000 -0.000000
-0.000000 -2.540000 -0.000000
-0.000000 -2.540000 -0.000000
-1.335279 1.490751 -1.564062
-1.582869 1.806317 -0.826645
-1.377640 1.460495 -1.555848
-1.623116 1.772514 -0.821760
-1.582869 1.806317 -0.826645
-1.623122 1.772510 0.821756
-0.652719 0.927464 2.272744
-0.165391 0.235008 2.523691
-0.476525 1.029305 2.272676
-0.652719 0.927464 2.272744
-0.808391 0.795372 2.272771
-0.204834 0.201535 2.523693
-2.197756 1.273368 0.000000
-2.176192 1.309881 0.000000
-2.110233 1.413689 0.000000
-2.251332 0.088644 1.172709
-1.254871 0.088646 2.206590
-2.049974 0.088644 1.497114
-0.652771 1.089399 -2.199704
-0.772356 0.985306 -2.210031
-0.305705 0.389992 -2.491194
-0.642742 0.370044 -2.429311
-1.158396 0.889341 -2.078170
-1.363042 0.744455 -2.009851
-1.794011 1.611483 -0.797651
-1.996674 1.372731 -0.761907
-1.762241 1.110540 -1.453550
-1.570420 0.777081 -1.838893
-1.943628 1.075417 -1.231823
-1.636500 0.731392 -1.799593
0.605778 -0.000000 -2.466705
0.670835 -0.000000 -2.449812
0.489059 -0.000000 -2.492473
-0.000000 -0.194809 -2.532518
-0.000000 -0.194809 -2.532518
-0.000000 -0.194809 -2.532518
-1.729322 0.788874 1.684852
-1.838376 0.986388 1.448797
-1.412441 0.660760 2.004995
-2.244439 1.188538 0.038338
-2.243502 1.190923 0.000000
-2.094153 1.220641 0.759051
-1.887237 0.970678 -1.395608
-1.641592 0.844333 -1.744671
-2.029938 0.619154 -1.395565
-2.364166 0.721097 -0.585097
-2.518702 0.294748 -0.144440
-2.197994 1.130512 -0.585121
-0.009005 -1.269968 -2.199705
-0.000000 -0.000000 -2.540000
0.043010 -1.269271 -2.199705
0.043010 -1.269271 -2.199705
-0.000000 -0.000000 -2.540000
0.039914 -0.990167 -2.338712
0.997697 -1.021069 2.100861
0.426982 0.088521 2.502289
0.099558 0.087949 2.536524
1.555121 -2.008283 -0.000000
1.827354 -1.764193 -0.000000
1.671831 -1.912219 -0.000000
0.000000 1.270000 -2.199705
0.000000 1.270000 -2.199705
-0.000000 -0.000000 -2.540000
0.000000 1.270000 -2.199705
0.000000 1.270000 -2.199705
0.000000 2.199704 -1.270000
1.350427 -1.649790 -1.380631
1.424962 -1.045614 -1.824219
1.554266 -1.140821 -1.653598
1.554266 -1.140821 -1.653598
1.424962 -1.045614 -1.824219
0.981273 -0.304393 -2.322939
1.774531 1.513895 -1.005367
1.487805 1.796463 -1.005364
1.617496 1.953060 -0.144452
2.032187 1.523750 -0.000000
1.650601 1.930574 -0.000000
2.032187 1.523750 -0.000000
-0.143196 0.088655 2.534410
-0.143229 0.088655 2.534408
-0.556602 0.088645 2.476679
-0.333214 0.088660 2.516487
-0.556602 0.088645 2.476679
-0.744879 0.088675 2.426704
2.535578 -0.000000 -0.149822
2.495048 -0.000000 -0.475750
2.290372 -0.000000 -1.098088
2.377787 -0.468599 -0.760359
2.290660 0.000571 -1.097487
2.399813 -0.831583 -0.031098
-1.943628 1.075417 -1.231823
-2.094814 1.035584 -0.995451
-1.636500 0.731392 -1.799593
-1.815536 0.000000 -1.776353
-2.350749 0.000000 -0.962070
-1.445579 0.000000 -2.088516
-2.029853 1.526859 0.000000
-1.441381 2.091416 0.000000
-2.011506 1.544208 -0.144444
-1.807641 1.778529 0.144453
-1.761856 1.733482 0.585238
-1.459476 2.073804 0.144444
-1.922107 0.000000 1.660453
-1.445584 0.000000 2.088513
-2.249820 0.000000 1.178944
0.000000 2.540000 0.000000
0.000000 2.540000 0.000000
0.000000 2.540000 0.000000
-2.408952 0.805327 0.000000
-2.467436 0.144485 0.585223
-2.259160 1.002722 0.585102
-2.259160 1.002722 0.585102
-1.761856 1.733482 0.585238
-2.317840 1.028766 0.144417
-1.683311 1.292257 -1.395756
-1.464171 1.124026 -1.744811
-1.887237 0.970678 -1.395608
-0.899603 0.690614 -2.272744
-0.761169 0.840675 -2.272771
-0.192869 0.213014 -2.523693
-0.096299 2.197595 1.270001
0.000000 2.540000 0.000000
0.000000 2.199704 1.270000
-0.102988 2.197292 1.270001
0.000000 2.199704 1.270000
0.000000 1.270000 2.199704
0.657992 -2.098987 -1.270000
0.436143 -2.502275 0.000000
0.376926 -2.167170 -1.270000
0.376926 -2.167170 -1.270000
0.436143 -2.502275 0.000000
0.095804 -2.337553 -0.989074
-1.835312 0.088653 -1.753673
-1.668160 0.088649 -1.913370
-1.835317 0.088653 -1.753669
-1.068940 0.088658 -2.302413
-1.835307 0.088653 -1.753678
-1.068840 0.088658 -2.302460
1.112711 -2.283303 -0.000000
0.986891 -2.120836 0.989797
0.760499 -2.423477 -0.000000
1.172332 -2.221117 0.379311
0.986891 -2.120836 0.989797
1.129533 -2.275028 -0.000001
0.000000 2.540000 0.000000
0.000000 2.199704 -1.270000
0.000000 2.540000 0.000000
-0.102988 2.197292 -1.270001
0.000000 2.540000 0.000000
-0.096299 2.197595 1.270001
-1.126462 0.131823 -2.272731
-0.869743 0.000000 -2.386451
-1.667788 0.000000 -1.915747
-0.144567 -1.661509 -1.915747
-0.073618 -0.866622 -2.386451
-0.061005 -1.268534 -2.199705
0.736134 1.034894 2.199704
0.000000 -0.000000 2.540000
0.386383 1.209797 2.199704
0.669236 2.095429 1.270000
0.736134 1.034894 2.199704
0.386383 1.209797 2.199704
2.107669 -0.563696 1.300606
1.823849 0.089169 1.765566
1.463777 0.088343 2.073922
1.591258 0.088645 1.977787
1.463838 0.088648 2.073866
1.823347 0.088654 1.766110
2.132667 -1.379612 -0.000013
2.281573 -0.930168 0.617100
2.238025 -0.989331 0.681226
2.132670 -1.379608 -0.000000
2.131835 -1.380899 -0.000000
2.248475 -1.181507 -0.000000
-0.408086 0.000000 2.507003
-0.311188 0.000000 2.520865
-0.496799 0.000000 2.490942
-0.496878 0.000000 2.490926
-0.496878 0.000000 2.490926
-0.414050 0.000000 2.506025
-2.518702 0.294748 -0.144440
-2.364166 0.721097 -0.585097
-2.454918 0.287284 -0.585189
-2.540000 0.000000 -0.000000
-2.540000 0.000000 0.000000
-2.518702 0.294748 -0.144440
-0.908186 2.298794 -0.585102
-0.931776 2.358503 -0.144417
-0.042052 2.471304 -0.585223
-0.908186 2.298794 -0.585102
-1.355361 2.148161 0.000000
-0.931776 2.358503 -0.144417
0.000000 2.199704 -1.270000
0.000000 2.199704 -1.270000
0.000000 2.540000 0.000000
0.669236 2.095429 -1.270000
1.774531 1.513895 -1.005367
0.772767 2.419593 -0.000000
-0.000000 0.000000 -2.540000
0.379534 -1.211963 -2.199705
-0.000000 0.000000 -2.540000
-0.000000 0.000000 -2.540000
-0.000000 0.000000 -2.540000
-0.000000 0.000000 -2.540000
-0.055614 1.268781 2.199705
-0.099057 0.970995 2.344985
-0.181143 1.787951 1.794999
-0.522695 1.719410 1.794999
-0.511861 1.162282 2.199704
-0.886569 2.013131 1.270000
-1.582869 1.806317 -0.826645
-1.623116 1.772514 -0.821760
-1.377640 1.460495 -1.555848
-1.555658 1.317738 -1.514956
-1.794011 1.611483 -0.797651
-1.762241 1.110540 -1.453550
-0.105686 -2.197164 1.270000
-0.201980 -2.279504 1.102118
-0.122062 -2.537066 0.000000
-0.015643 -2.199649 1.270000
-0.105686 -2.197164 1.270000
-0.122062 -2.537066 0.000000
2.508236 -0.400442 -0.000000
2.508396 -0.399437 -0.000000
2.540000 -0.000000 -0.000000
2.515281 -0.000000 0.353497
2.481334 -0.000000 0.542751
2.469499 -0.000000 0.594285
-1.130633 1.886894 -1.270000
-1.161058 1.481180 -1.705770
-0.652771 1.089399 -2.199704
-1.130633 1.886894 -1.270000
-1.432561 1.827540 -1.029304
-1.161058 1.481180 -1.705770
0.000000 2.199704 1.270000
0.772767 2.419593 -0.000000
0.000000 2.199704 1.270000
0.669236 2.095429 1.270000
0.772767 2.419593 -0.000000
1.275022 1.792489 1.270000
0.316818 1.088921 2.272769
1.085745 1.492719 1.744863
0.515654 1.772332 1.744861
0.124870 1.127174 2.272771
0.031640 0.285609 2.523693
0.316818 1.088921 2.272769
1.320961 -1.686795 1.364326
1.439015 -1.813013 1.045858
1.744999 -1.845340 0.036020
-0.203948 -0.410590 2.498284
-0.722222 -0.088732 2.433541
-0.424923 -0.088736 2.502632
1.320961 -1.686795 1.364326
1.178757 -1.628885 1.552053
1.439015 -1.813013 1.045858
1.725544 -1.758450 -0.618021
1.878620 -1.558836 -0.701726
1.744999 -1.845340 0.036020
1.671831 -1.912219 -0.000000
1.745641 -1.529833 -1.031479
1.827354 -1.764193 -0.000001
0.762460 0.088678 -2.421237
1.424078 -0.948855 -1.877039
0.426870 0.088652 -2.502304
-0.235434 2.334878 -0.971862
-0.181143 1.787951 -1.794999
-0.096299 2.197595 -1.270001
-0.522695 1.719410 -1.794999
-0.686402 2.244089 -0.971862
-0.886569 2.013131 -1.270000
1.985574 0.088645 -1.581530
2.092937 0.088644 -1.436439
2.298824 0.088644 -1.076639
2.248143 -1.182139 -0.000000
2.309423 -1.057433 -0.000000
2.226021 0.087293 1.220168
0.120363 2.537147 0.000000
0.671241 2.449701 -0.000000
0.120363 2.537147 0.000000
0.651631 2.239692 1.005364
0.708433 2.434924 0.144452
0.256833 2.318377 1.005367
0.671241 2.449701 -0.000000
0.671190 2.449715 -0.000000
0.120363 2.537147 0.000000
0.436987 2.497954 -0.144452
-0.042052 2.471304 -0.585223
-0.043145 2.535522 -0.144449
-0.311005 0.000000 -2.520888
-0.388361 0.000000 -2.510135
-0.496843 0.000000 -2.490933
-0.365414 0.000000 -2.513578
-0.496878 0.000000 -2.490926
-0.430576 0.000000 -2.503239
0.000000 2.540000 0.000000
0.000000 2.540000 0.000000
0.000000 2.540000 0.000000
2.290372 -0.000000 -1.098088
2.322109 -0.000000 -1.029277
2.481298 -0.000000 -0.542918
0.986891 -2.120836 0.989797
0.657992 -2.098987 1.270000
0.760499 -2.423477 -0.000000
0.760499 -2.423477 -0.000000
0.657992 -2.098987 1.270000
0.436143 -2.502275 -0.000000
-0.000000 0.000000 -2.540000
-0.000000 0.000000 -2.540000
-0.000000 0.000000 -2.540000
-0.281574 0.934537 -2.344985
-0.000000 0.000000 -2.540000
-0.001733 0.005811 -2.539993
1.112711 -2.283303 -0.000000
0.760499 -2.423477 0.000000
1.024786 -2.102787 -0.989798
1.157899 -2.119079 -0.787638
1.129533 -2.275028 -0.000000
1.024786 -2.102787 -0.989798
1.350430 -1.649792 1.380625
0.961037 -1.495644 1.814127
1.221104 -1.821642 1.281454
0.514406 -0.769923 2.365207
0.000017 -0.194829 2.532517
0.633981 -1.065137 2.217014
-0.311005 0.000000 -2.520888
-0.241009 0.000000 -2.528540
-0.388361 0.000000 -2.510135
-0.311005 0.000000 -2.520888
-0.241009 0.000000 -2.528540
-0.311005 0.000000 -2.520888
2.094123 0.088644 1.434709
2.225258 0.088644 1.221462
2.488347 0.088625 0.501870
2.442692 -0.406412 0.565408
2.309423 -1.057433 -0.000000
2.309399 -1.057485 -0.000000
-1.130633 1.886894 1.270000
-1.161058 1.481180 1.705770
-1.432561 1.827540 1.029304
-1.655505 1.744254 0.817608
-1.411618 1.435278 1.548842
-1.502404 1.363348 1.528288
0.981273 -0.304393 -2.322939
1.218334 -0.333053 -2.203710
1.590816 -0.894220 -1.766713
1.218334 -0.333053 -2.203710
0.894302 0.000011 -2.377356
1.142720 -0.000154 -2.268434
0.074428 -2.198445 -1.270000
0.085864 -2.538548 0.000000
-0.015643 -2.199649 -1.270000
0.095804 -2.337553 -0.989074
0.085864 -2.538548 0.000000
0.074428 -2.198445 -1.270000
0.174748 -2.332980 0.989074
0.074428 -2.198445 1.270000
0.085864 -2.538548 -0.000000
0.074428 -2.198445 1.270000
-0.015643 -2.199649 1.270000
0.085864 -2.538548 -0.000000
-0.000000 -0.000000 2.540000
0.000000 -0.000000 2.540000
-0.000000 -0.000000 2.540000
-0.000000 -0.000000 2.540000
0.000000 -0.000000 2.540000
0.000000 -0.000000 2.540000
0.562360 0.984815 -2.272772
0.142493 0.249537 -2.523693
0.384573 1.066874 -2.272770
0.035884 0.896073 -2.376419
-0.004889 0.287322 -2.523692
-0.416779 1.054947 -2.272660
-0.143261 0.088655 2.534406
0.502411 0.088646 2.488237
-0.183999 0.088659 2.531775
-0.183999 0.088659 2.531775
-0.446785 0.088650 2.498825
-0.143261 0.088655 2.534406
1.472438 -0.088710 2.067766
1.816791 -0.088684 1.772852
1.472387 -0.088710 2.067802
1.472387 -0.088710 2.067802
1.157351 -0.088645 2.259266
1.472438 -0.088710 2.067766
0.000000 2.540000 0.000000
0.000000 2.540000 0.000000
0.000000 2.540000 0.000000
2.469499 -0.000000 0.594285
2.481334 -0.000000 0.542751
2.322171 -0.000000 1.029136
-0.209489 0.000000 2.531346
-0.141039 0.000000 2.536081
-0.149012 0.000000 2.535625
0.000000 -0.194809 2.532518
0.000000 -0.194809 2.532518
0.000000 -0.194809 2.532518
-0.015643 -2.199649 -1.270000
-0.018114 -2.539935 0.000000
-0.105686 -2.197164 -1.270000
0.085864 -2.538548 0.000000
-0.018114 -2.539935 0.000000
-0.015643 -2.199649 -1.270000
-0.018114 -2.539935 0.000000
-0.015643 -2.199649 1.270000
-0.122062 -2.537066 0.000000
0.085864 -2.538548 -0.000000
-0.015643 -2.199649 1.270000
-0.018114 -2.539935 0.000000
1.900802 -0.000610 1.684801
1.493426 -0.000143 2.054575
1.844375 -0.117809 1.742412
2.277906 -0.620301 0.937001
2.239064 -0.661758 1.000136
2.333331 -0.961877 0.286283
0.043010 -1.269271 2.199705
0.134272 -1.791999 1.795080
0.074083 -0.988197 2.338713
0.376927 -2.167170 1.270000
0.217166 -1.251295 2.199704
0.073111 -1.795534 1.795080
-2.249819 0.000000 -1.178946
-2.350749 0.000000 -0.962070
-2.540000 0.000000 0.000000
0.000000 2.540000 0.000000
0.000000 2.540000 0.000000
0.000000 2.540000 0.000000
-0.061005 -1.268534 2.199705
-0.073618 -0.866622 2.386451
-0.144567 -1.661509 1.915747
-1.270000 0.000000 2.199704
-1.667788 0.000000 1.915747
-0.869743 0.000000 2.386451
-1.838376 0.986388 1.448797
-1.729322 0.788874 1.684852
-2.119120 1.054256 0.921669
-2.249820 0.000000 1.178944
-2.379656 0.000000 0.888164
-1.922107 0.000000 1.660453
1.157338 -0.088645 2.259272
0.783410 -0.088669 2.414541
1.157325 -0.088645 2.259279
1.472491 -0.088710 2.067729
1.157338 -0.088645 2.259272
1.157325 -0.088645 2.259279
-0.305705 0.389992 2.491195
-0.772356 0.985306 2.210031
-0.652771 1.089399 2.199704
-0.652771 1.089399 2.199704
-0.772356 0.985306 2.210031
-1.250878 1.547356 1.578795
1.239690 -0.405263 2.179571
0.894298 -0.000000 2.377358
1.612119 -1.103401 1.623323
1.612119 -1.103401 1.623323
1.878600 -1.558690 0.702102
1.810562 -1.309267 1.208009
0.386383 1.209797 -2.199705
-0.000000 -0.000000 -2.540000
0.736134 1.034894 -2.199705
0.669236 2.095429 -1.270000
0.386383 1.209797 -2.199705
0.736134 1.034894 -2.199705
-0.622450 2.392032 0.585097
-0.638618 2.454162 0.144416
-1.038403 2.242978 0.585121
-1.459476 2.073804 0.144444
-1.038403 2.242978 0.585121
-1.065377 2.301242 0.144422
-1.684588 1.194898 1.478507
-1.561833 1.312286 1.513335
-1.285941 0.803171 2.037860
-0.648425 0.368437 2.428044
-1.164500 0.885511 2.076394
-1.105865 0.921536 2.092710
2.114756 -0.156120 -1.398225
2.245497 -0.584418 -1.033344
1.965449 -0.179017 -1.598926
1.854720 -0.000000 -1.735400
2.030384 -0.000000 -1.526153
1.821335 -0.000000 -1.770407
-2.420317 0.088639 0.765381
-2.426550 0.088638 0.745385
-2.538453 0.088645 0.000000
-2.142587 0.088644 1.361273
-1.528016 0.088646 2.027045
-2.426550 0.088638 0.745385
-1.708342 0.929568 -1.633729
-1.943628 1.075417 -1.231823
-1.570420 0.777081 -1.838893
-0.496876 0.000004 -2.490926
-1.372611 0.649909 -2.035966
-1.052301 0.407120 -2.275635
-0.102988 2.197292 -1.270001
0.000000 1.270000 -2.199705
0.000000 2.199704 -1.270000
-0.102988 2.197292 -1.270001
0.000000 2.199704 -1.270000
0.000000 2.540000 0.000000
-1.270000 0.000000 2.199704
-0.286872 0.016798 2.523692
-1.036759 0.460162 2.272660
-2.132075 0.946315 1.005159
-2.118488 0.124052 1.395787
-1.939773 0.860962 1.395573
0.000000 -0.194809 2.532518
0.000000 -0.194809 2.532518
0.000000 -0.194809 2.532518
0.000017 -0.194829 2.532517
0.000012 -0.194824 2.532517
0.633981 -1.065137 2.217014
0.376926 -2.167170 -1.270000
0.095804 -2.337553 -0.989074
0.134272 -1.791999 -1.795080
0.073111 -1.795534 -1.795080
0.217166 -1.251295 -2.199705
0.376926 -2.167170 -1.270000
-1.441381 2.091416 0.000000
-1.357214 2.146991 0.000000
-2.011506 1.544208 -0.144444
-2.255089 1.159878 -0.144422
-2.011506 1.544208 -0.144444
-1.658938 1.832218 -0.585238
-0.281574 0.934537 -2.344985
-0.181143 1.787951 -1.794999
-0.511861 1.162282 -2.199704
-0.511861 1.162282 -2.199704
-0.000000 0.000000 -2.540000
-0.281574 0.934537 -2.344985
1.372055 1.886347 1.005366
1.524722 1.475988 1.395809
1.675936 1.622369 1.005364
0.736134 1.034894 2.199704
1.877765 1.407963 0.971205
1.436973 1.077454 1.796051
-2.540000 0.000000 0.000000
-2.350749 0.000000 -0.962070
-2.540000 0.000000 -0.000013
-2.094814 1.035584 -0.995451
-1.943628 1.075417 -1.231823
-2.243502 1.190923 0.000000
0.000000 -0.000000 2.540000
-0.000000 0.000000 2.540000
0.000000 0.000000 2.540000
0.000000 0.000000 2.540000
-0.000000 0.000000 2.540000
-0.059454 1.268607 2.199705
-0.122062 -2.537066 0.000000
-0.201980 -2.279504 1.102118
-0.225805 -2.529943 0.000000
-2.540000 0.000000 0.000000
-2.288435 0.000000 1.102118
-2.540000 0.000000 0.000000
-0.122062 -2.537066 0.000000
-0.225805 -2.529943 0.000000
-0.201980 -2.279504 -1.102118
-2.540000 0.000000 -0.000000
-2.540000 0.000000 -0.000000
-2.288435 0.000000 -1.102118
-0.444559 0.422314 -2.464877
-0.305716 0.389984 -2.491194
-0.772939 0.985992 -2.209521
-0.057770 0.000000 -2.539343
0.000000 0.000000 -2.540000
-0.141039 0.000000 -2.536081
-0.105686 -2.197164 -1.270000
-0.122062 -2.537066 0.000000
-0.201980 -2.279504 -1.102118
-0.018114 -2.539935 0.000000
-0.122062 -2.537066 0.000000
-0.105686 -2.197164 -1.270000
-0.057770 0.000000 -2.539343
-0.141039 0.000000 -2.536081
-0.116808 0.000000 -2.537313
-0.000000 -0.194809 -2.532518
-0.000000 -0.194809 -2.532518
-0.000000 -0.194809 -2.532518
-1.765732 0.538568 -1.744630
-1.833385 0.214550 -1.744784
-2.107773 0.246660 -1.395726
-1.796051 0.000000 -1.796051
-1.126462 0.131823 -2.272731
-1.667788 0.000000 -1.915747
0.134272 -1.791999 1.795080
0.174748 -2.332980 0.989074
0.376927 -2.167170 1.270000
0.376927 -2.167170 1.270000
0.174748 -2.332980 0.989074
0.436143 -2.502275 -0.000000
0.365683 2.090357 -1.395809
0.719622 1.996361 -1.395811
0.318074 1.818210 -1.744861
1.156667 2.025575 -1.005369
0.401949 2.297668 -1.005364
0.859941 2.385631 -0.144452
-1.512683 1.488321 1.395812
-1.662704 1.635926 1.005367
-1.939773 0.860962 1.395573
-1.342467 1.907543 1.005318
-1.662704 1.635926 1.005367
-1.512683 1.488321 1.395812
0.000000 -0.000000 2.540000
0.000000 -0.000000 2.540000
0.000000 -0.000000 2.540000
-0.120749 0.260820 2.523686
-0.476525 1.029305 2.272676
-0.165391 0.235008 2.523691
0.379534 -1.211963 2.199704
0.418087 -0.899307 2.338386
-0.000000 0.000000 2.540000
0.787347 -1.615382 1.795056
0.434580 -0.891455 2.338386
0.379534 -1.211963 2.199704
0.809016 -1.524233 1.863815
1.077871 -1.919408 1.267150
0.611647 -1.199619 2.153695
0.428938 -0.911491 2.331694
0.611647 -1.199619 2.153695
0.000009 -0.194824 2.532517
-0.061005 -1.268534 2.199705
-0.009005 -1.269968 2.199705
0.000000 -0.000000 2.540000
-0.009005 -1.269968 2.199705
-0.061005 -1.268534 2.199705
-0.105686 -2.197164 1.270000
-0.061005 -1.268534 -2.199705
-0.000000 -0.000000 -2.540000
-0.009005 -1.269968 -2.199705
-0.009005 -1.269968 -2.199705
-0.105686 -2.197164 -1.270000
-0.061005 -1.268534 -2.199705
-2.540000 0.000000 0.000000
-2.409090 0.804914 0.000000
-2.518702 0.294748 -0.144440
-2.408952 0.805327 0.000000
-2.540000 0.000000 0.000000
-2.467436 0.144485 0.585223
0.434580 -0.891455 -2.338386
0.379534 -1.211963 -2.199705
-0.000000 0.000000 -2.540000
0.787347 -1.615382 -1.795056
0.379534 -1.211963 -2.199705
0.434580 -0.891455 -2.338386
-1.683311 1.292257 -1.395756
-1.238884 1.368288 -1.744865
-1.464171 1.124026 -1.744811
-1.424320 1.573093 -1.395812
-1.238884 1.368288 -1.744865
-1.683311 1.292257 -1.395756
-1.989542 1.382279 0.763299
-1.924454 1.131497 1.211525
-2.099227 1.347200 0.479475
-2.094153 1.220641 0.759051
-1.838376 0.986388 1.448797
-2.119120 1.054256 0.921669
2.181241 -0.723978 1.081501
2.228195 -1.126612 0.466360
2.280378 -1.070895 0.323510
2.280390 -1.070723 0.323996
2.083312 -1.424459 -0.286928
2.045052 -1.390846 -0.578714
1.878617 -1.558836 0.701733
1.725541 -1.758448 0.618038
1.770568 -1.807558 0.222319
-0.424938 -0.088719 -2.502630
-0.722207 -0.088748 -2.433545
-0.020765 -0.596065 -2.468982
-0.983084 0.990414 -2.122316
-0.444559 0.422314 -2.464877
-0.941490 1.011955 -2.130996
-0.941490 1.011955 -2.130996
-1.335279 1.490751 -1.564062
-0.983084 0.990414 -2.122316
2.029348 -0.088645 1.524955
1.929636 -0.088653 1.649317
1.816878 -0.088684 1.772763
1.816522 -0.088684 1.773128
2.016093 -0.088645 1.542436
2.029347 -0.088645 1.524956
-1.254889 0.088646 2.206580
-1.273670 0.088647 2.195793
-1.576270 0.088645 1.989753
-1.254889 0.088646 2.206580
-0.556602 0.088645 2.476679
-1.273670 0.088647 2.195793
-0.000000 0.000000 -2.540000
-0.000000 -0.000000 -2.540000
-0.000000 0.000000 -2.540000
-0.059454 1.268607 -2.199705
-0.000000 0.000000 -2.540000
0.000000 -0.000000 -2.540000
-0.235434 2.334878 0.971862
-0.254398 2.527228 0.000000
-0.096299 2.197595 1.270001
-0.686402 2.244089 0.971862
-0.886569 2.013131 1.270000
-0.744429 2.428462 0.000000
0.515049 -0.770649 -2.364831
0.226302 -0.130884 -2.526511
0.953828 -1.097441 -2.082651
0.270129 -0.550854 -2.464790
0.000001 -0.194811 -2.532518
0.000001 -0.194811 -2.532518
0.657035 -1.049291 -2.217858
0.514395 -0.769910 -2.365214
0.979770 -1.271340 -1.968590
0.995900 -1.471485 -1.815080
0.657035 -1.049291 -2.217858
0.979770 -1.271340 -1.968590
1.509193 -0.593166 1.955017
1.116498 -0.208896 2.271870
1.447687 -0.621328 1.992424
1.116498 -0.208896 2.271870
1.182867 -0.199287 2.238908
0.961440 -0.000000 2.351007
-0.086784 0.000000 2.538517
-0.141039 0.000000 2.536081
0.000000 -0.000000 2.540000
-0.413812 0.429608 2.468967
-0.858725 1.052338 2.146340
-0.370463 0.439568 2.474093
1.184949 -0.000343 2.246663
1.440116 -0.164055 2.085845
0.961440 -0.000000 2.351007
1.943822 -0.969083 1.316828
2.076743 -1.307379 0.655361
2.013152 -0.900420 1.260184
-0.869743 0.000000 -2.386451
-1.126462 0.131823 -2.272731
-0.005679 0.000000 -2.539994
-0.073618 -0.866622 -2.386451
-0.000468 -0.005660 -2.539994
-0.061005 -1.268534 -2.199705
-1.919871 1.470692 0.776377
-2.243502 1.190923 0.000000
-1.799991 1.605271 0.796704
-1.684588 1.194898 1.478507
-1.919871 1.470692 0.776377
-1.799991 1.605271 0.796704
-0.099057 0.970995 2.344985
-0.511861 1.162282 2.199704
-0.181143 1.787951 1.794999
-0.511861 1.162282 2.199704
-0.281574 0.934537 2.344985
-0.000000 0.000000 2.540000
-0.100856 -0.088648 2.536448
0.161130 -0.088652 2.533333
-0.124312 -0.088650 2.535407
-0.124289 -0.088650 2.535408
0.044580 -0.088646 2.538061
-0.277154 -0.088655 2.523277
-0.534453 2.053864 1.395565
-0.587436 2.257474 1.005152
-0.891592 1.925861 1.395608
-0.979986 2.116795 1.005190
-0.891592 1.925861 1.395608
-0.587436 2.257474 1.005152
1.152889 -1.868629 -1.276979
1.286387 -1.853757 -1.166359
1.377851 -2.126202 -0.179974
1.152810 -1.868468 -1.277285
0.657035 -1.049291 -2.217858
0.995900 -1.471485 -1.815080
-2.255089 1.159878 -0.144422
-1.960563 1.505100 -0.585206
-2.197994 1.130512 -0.585121
-2.255089 1.159878 -0.144422
-2.197994 1.130512 -0.585121
-2.425572 0.739827 -0.144416
0.000007 -0.194807 2.532519
0.091072 -0.164741 2.533015
0.000007 -0.194806 2.532519
0.597938 -0.000000 2.468617
0.605778 -0.000000 2.466705
0.500012 -0.000000 2.490299
0.189698 -2.532906 0.000000
0.085864 -2.538548 0.000000
0.095804 -2.337553 -0.989074
0.436143 -2.502275 0.000000
0.189698 -2.532906 0.000000
0.095804 -2.337553 -0.989074
-1.924454 1.131497 1.211525
-1.755067 1.118723 1.455952
-1.523130 0.771944 1.880366
-1.523130 0.771944 1.880366
-1.755067 1.118723 1.455952
-1.355912 0.750136 2.012560
0.436143 -2.502275 -0.000000
0.174748 -2.332980 0.989074
0.189698 -2.532906 -0.000000
0.436143 -2.502275 -0.000000
0.189698 -2.532906 -0.000000
0.436143 -2.502275 0.000000
1.614420 1.377301 -1.395812
1.404235 1.197987 -1.744865
1.353565 1.634375 -1.395808
1.177342 1.421593 -1.744861
1.052304 1.842813 -1.395814
1.353565 1.634375 -1.395808
-0.541959 0.397841 -2.449409
-1.158396 0.889341 -2.078170
-0.642742 0.370044 -2.429311
-0.177103 0.000000 -2.533818
-0.141039 0.000000 -2.536081
-0.271285 0.000000 -2.525471
1.027117 2.094246 1.005369
1.116651 2.276802 0.144453
0.651631 2.239692 1.005364
0.592836 2.037612 1.395808
0.934442 1.905287 1.395814
0.651631 2.239692 1.005364
-0.311049 0.000000 2.520882
-1.229786 0.000000 2.222437
-0.392743 0.000000 2.509453
-1.125534 0.433555 2.235353
-0.855723 0.273908 2.375776
-0.384165 0.037358 2.510502
1.822026 1.763790 0.144452
1.675936 1.622369 1.005364
2.032187 1.523750 -0.000000
1.650601 1.930574 -0.000000
1.650601 1.930574 -0.000000
2.032187 1.523750 -0.000000
-2.258470 0.088644 -1.158902
-2.365313 0.088645 -0.921432
-2.365313 0.088645 -0.921432
-2.365313 0.088645 -0.921432
-2.258470 0.088644 -1.158902
-1.835307 0.088653 -1.753678
-1.950661 1.158427 -1.142177
-1.996674 1.372731 -0.761907
-1.799991 1.605271 0.796704
-1.996674 1.372731 -0.761907
-1.950661 1.158427 -1.142177
-1.762241 1.110540 -1.453550
2.212435 -0.957930 -0.799437
2.137249 -1.064597 -0.866255
2.134359 -0.761949 -1.146972
2.212435 -0.957930 -0.799437
2.108331 -0.713472 -1.223724
2.234721 -0.655967 -1.013572
-2.426534 0.088638 0.745435
-1.528016 0.088646 2.027045
-2.251332 0.088644 1.172709
-2.215992 1.241361 0.000000
-2.197756 1.273368 0.000000
-2.157328 1.340722 0.000000
1.248259 1.716148 1.395811
1.524722 1.475988 1.395809
1.372055 1.886347 1.005366
1.326215 1.283827 1.744861
1.085745 1.492719 1.744863
0.667081 0.917125 2.272770
2.481334 -0.000000 0.542751
2.515281 -0.000000 0.353497
2.540000 -0.000000 -0.000088
0.000000 2.540000 0.000000
0.000000 2.540000 0.000000
0.000000 2.540000 0.000000
-0.065660 0.000000 2.539151
-0.010857 0.000000 2.539977
-0.186277 0.000000 2.533160
0.000000 -0.194809 2.532518
0.000000 -0.194809 2.532518
0.000000 -0.194809 2.532518
-0.271287 0.000006 2.525471
-0.496883 0.000004 2.490925
-0.785103 0.326164 2.393497
-0.512375 0.405463 2.454521
-0.271287 0.000006 2.525471
-0.594160 0.383752 2.439530
0.809016 -1.524233 1.863815
0.611647 -1.199619 2.153695
0.428938 -0.911491 2.331694
0.809016 -1.524233 1.863815
0.614436 -1.223206 2.139588
1.075934 -1.937530 1.240944
0.086219 1.794971 -1.795061
0.318074 1.818210 -1.744861
0.384573 1.066874 -2.272770
0.195425 1.117108 -2.272769
0.049518 0.283058 -2.523693
0.044052 0.895709 -2.376419
1.827354 -1.764193 -0.000001
1.978218 -1.305751 -0.912836
1.991606 -1.576422 -0.000533
1.978218 -1.305751 -0.912836
2.085780 -1.183062 -0.837547
1.991606 -1.576422 -0.000533
0.736134 1.034894 2.199704
0.777684 0.583114 2.346654
0.000000 -0.000000 2.540000
1.436973 1.077454 1.796051
0.777684 0.583114 2.346654
0.736134 1.034894 2.199704
-0.055614 1.268781 -2.199705
-0.181143 1.787951 -1.794999
-0.281574 0.934537 -2.344985
-0.055614 1.268781 -2.199705
-0.099057 0.970995 -2.344985
-0.000000 0.000000 -2.540000
1.424962 -1.045614 -1.824219
1.043595 -0.478049 -2.265829
0.981273 -0.304393 -2.322939
0.981273 -0.304393 -2.322939
1.043595 -0.478049 -2.265829
0.670866 -0.000002 -2.449804
-1.422514 2.021284 0.585206
-1.038403 2.242978 0.585121
-1.459476 2.073804 0.144444
-1.342467 1.907543 1.005318
-1.221350 1.735445 1.395756
-0.979986 2.116795 1.005190
-0.762529 0.333507 2.399776
-1.285941 0.803171 2.037860
-1.164500 0.885511 2.076394
-1.561833 1.312286 1.513335
-1.164500 0.885511 2.076394
-1.285941 0.803171 2.037860
-2.119120 1.054256 0.921669
-2.244439 1.188538 0.038338
-2.094153 1.220641 0.759051
-2.379656 0.000000 0.888164
-2.540000 0.000000 0.000000
-2.540000 0.000000 0.000001
0.105317 2.537816 -0.000000
0.105317 2.537816 -0.000000
-0.405679 2.507394 0.000000
-0.042052 2.471304 -0.585223
-0.408217 2.506982 -0.000000
-0.043145 2.535522 -0.144449
-0.000000 -0.194809 -2.532518
-0.000000 -0.194809 -2.532518
-0.000000 -0.194809 -2.532518
-0.301427 0.000000 -2.522051
-0.271285 0.000000 -2.525471
-0.365414 0.000000 -2.513578
-1.068840 0.088658 -2.302460
-1.835293 0.088653 -1.753694
-1.591213 0.088645 -1.977823
-2.157328 1.340722 0.000000
-2.197756 1.273368 0.000000
-2.110233 1.413689 0.000000
-0.762529 0.333507 2.399776
-1.164500 0.885511 2.076394
-0.648425 0.368437 2.428044
-0.648425 0.368437 2.428044
-0.271287 0.000006 2.525471
-0.762529 0.333507 2.399776
-0.236630 0.088463 2.527406
0.676116 -1.044473 2.214395
0.099558 0.087949 2.536524
-0.556602 0.088645 2.476679
-0.236748 0.088661 2.527388
-0.143196 0.088655 2.534410
-0.236748 0.088661 2.527388
0.099103 0.088651 2.536517
-0.143196 0.088655 2.534410
0.509512 -0.700432 -2.387759
0.258816 -0.088697 -2.525222
-0.072863 -0.089486 -2.537377
1.441930 -2.062069 0.346854
1.339012 -2.069230 0.613951
1.244145 -2.124473 0.624756
1.088211 -1.913475 1.267284
1.350947 -2.138645 0.229649
1.285973 -1.853835 1.166693
-0.414050 0.000000 2.506025
-0.271285 0.000000 2.525471
-0.310211 0.000000 2.520986
0.000000 -0.194809 2.532518
0.000000 -0.194809 2.532518
0.000000 -0.194809 2.532518
-0.190061 2.528757 0.144440
-0.638618 2.454162 0.144416
-0.185247 2.464719 0.585189
0.708433 2.434924 0.144452
0.279221 2.520470 0.144452
0.256833 2.318377 1.005367
0.853606 -1.473281 -1.884781
0.787347 -1.615382 -1.795056
0.496431 -0.856992 -2.338957
0.276163 -0.654465 -2.438649
0.611672 -1.199709 -2.153637
0.428929 -0.911496 -2.331693
0.365683 2.090357 -1.395809
-0.031404 1.845574 -1.744841
-0.036105 2.121809 -1.395787
0.401949 2.297668 -1.005364
-0.042052 2.471304 -0.585223
0.436987 2.497954 -0.144452
-2.156579 1.341926 0.000000
-2.109418 1.414904 0.000000
-2.051648 1.497444 0.000000
-1.576270 0.088645 1.989753
-1.890037 0.088650 1.694551
-1.254880 0.088646 2.206585
-0.235434 2.334878 -0.971862
-0.102988 2.197292 -1.270001
-0.254398 2.527228 -0.000000
-0.686402 2.244089 -0.971862
-0.744429 2.428462 0.000000
-0.886569 2.013131 -1.270000
-1.895853 1.690367 0.000000
-1.799038 1.793060 0.000000
-1.897220 1.688833 0.000000
-0.143261 0.088655 2.534406
-0.446785 0.088650 2.498825
-0.711811 0.088670 2.436609
-0.059454 1.268607 2.199705
0.000000 1.270000 2.199704
0.000000 0.000000 2.540000
-0.055614 1.268781 2.199705
-0.102988 2.197292 1.270001
0.000000 1.270000 2.199704
-1.583953 1.805422 0.826526
-1.582869 1.806317 -0.826645
-1.432561 1.827540 1.029304
-1.549827 1.833033 0.830438
-1.503106 1.869300 0.835457
-1.300384 1.514724 1.570418
1.929216 1.645861 -0.144452
1.774531 1.513895 -1.005367
1.617496 1.953060 -0.144452
0.772767 2.419593 -0.000000
1.774531 1.513895 -1.005367
1.929216 1.645861 -0.144452
-1.833385 0.214550 -1.744784
-2.346368 0.000000 -0.972707
-2.107773 0.246660 -1.395726
-2.288435 0.000000 -1.102118
-2.540000 0.000000 -0.000000
-2.346368 0.000000 -0.972707
1.023963 -2.324457 -0.000000
1.112711 -2.283303 -0.000000
1.146294 -2.266629 -0.000000
1.129533 -2.275028 -0.000000
1.112711 -2.283303 -0.000000
1.024786 -2.102787 -0.989798
-1.363042 0.744455 -2.009851
-1.372643 0.649862 -2.035959
-0.836340 0.308720 -2.378409
-1.555658 1.317738 -1.514956
-1.762241 1.110540 -1.453550
-1.363042 0.744455 -2.009851
0.515654 1.772332 1.744861
0.124870 1.127174 2.272771
0.316818 1.088921 2.272769
0.651631 2.239692 1.005364
0.233660 2.109197 1.395812
0.592836 2.037612 1.395808
-1.372611 0.649909 -2.035966
-1.570420 0.777081 -1.838893
-1.052301 0.407120 -2.275635
-0.939308 0.330679 -2.336654
-1.052301 0.407120 -2.275635
-1.570420 0.777081 -1.838893
-1.444592 1.409963 -1.541674
-1.623116 1.772514 -0.821760
-1.555658 1.317738 -1.514956
-1.444592 1.409963 -1.541674
-1.555658 1.317738 -1.514956
-1.158396 0.889341 -2.078170
-1.658938 1.832218 -0.585238
-1.355361 2.148161 0.000000
-0.908186 2.298794 -0.585102
-2.011506 1.544208 -0.144444
-1.357214 2.146991 0.000000
-1.658938 1.832218 -0.585238
-1.036759 0.460162 2.272660
-1.078226 1.060861 2.040491
-1.382768 0.613737 2.040313
-1.382768 0.613737 2.040313
-1.132154 0.066295 2.272759
-1.036759 0.460162 2.272660
0.000000 -0.000000 2.540000
-0.000468 -0.005660 2.539994
-0.073618 -0.866622 2.386451
-0.869743 0.000000 2.386451
-0.005679 0.000000 2.539994
-1.270000 0.000000 2.199704
0.161109 -0.088652 2.533335
0.044580 -0.088646 2.538061
-0.124289 -0.088650 2.535408
0.258913 -0.088655 2.525214
0.044580 -0.088646 2.538061
0.161099 -0.088652 2.533335
0.384573 1.066874 -2.272770
0.318074 1.818210 -1.744861
0.625933 1.736451 -1.744863
0.318074 1.818210 -1.744861
0.719622 1.996361 -1.395811
0.625933 1.736451 -1.744863
1.372055 1.886347 1.005366
1.491657 2.050779 0.144452
1.027117 2.094246 1.005369
0.934442 1.905287 1.395814
1.248259 1.716148 1.395811
1.372055 1.886347 1.005366
-0.004889 0.287322 -2.523692
-0.105610 0.267320 -2.523685
-0.416779 1.054947 -2.272660
-0.000000 0.000000 -2.540000
-0.000000 0.000000 -2.540000
-0.000000 0.000000 -2.540000
-2.223790 1.227338 0.000000
-2.215992 1.241361 0.000000
-2.216243 1.240914 0.000000
-2.538453 0.088645 0.000000
-2.365313 0.088645 -0.921432
-2.365313 0.088645 -0.921432
-0.281574 0.934537 2.344985
-0.001733 0.005811 2.539993
-0.000000 0.000000 2.540000
0.000000 -0.000000 2.540000
0.000000 -0.000000 2.540000
0.000000 -0.000000 2.540000
-0.989000 0.088672 -2.337866
-0.771528 0.088679 -2.418363
-1.277936 0.088647 -2.193313
-2.051648 1.497444 0.000000
-2.109418 1.414904 0.000000
-1.981025 1.589699 0.000000
0.217166 -1.251295 -2.199705
0.039914 -0.990167 -2.338712
-0.000000 0.000000 -2.540000
0.217166 -1.251295 -2.199705
0.134272 -1.791999 -1.795080
0.039914 -0.990167 -2.338712
0.039914 -0.990167 2.338712
0.217166 -1.251295 2.199704
-0.000000 0.000000 2.540000
0.134272 -1.791999 1.795080
0.217166 -1.251295 2.199704
0.074083 -0.988197 2.338713
1.617496 1.953060 -0.144452
1.487805 1.796463 -1.005364
1.257494 2.202145 -0.144453
1.650601 1.930574 -0.000000
1.189584 2.244212 -0.000000
0.671241 2.449701 -0.000000
-0.000000 0.000000 -2.540000
-0.000000 0.000000 -2.540000
-0.000000 0.000000 -2.540000
0.736134 1.034894 -2.199705
-0.000000 -0.000000 -2.540000
-0.000000 -0.000000 -2.540000
1.144073 -2.056702 0.955338
1.390783 -2.125336 -0.016419
1.132758 -2.001785 1.077644
0.986891 -2.120836 0.989797
1.144505 -2.056276 0.955739
1.132345 -2.001897 1.077870
-0.143229 0.088655 2.534408
0.426871 0.088652 2.502303
-0.143261 0.088655 2.534406
-0.143229 0.088655 2.534408
-0.143261 0.088655 2.534406
-0.556602 0.088645 2.476679
-0.000000 0.000000 -2.540000
-0.000000 0.000000 -2.540000
-0.000000 0.000000 -2.540000
-0.274924 0.083855 -2.523685
-0.285433 0.033402 -2.523690
-1.084955 0.330923 -2.272655
-1.273670 0.088647 2.195793
-0.556602 0.088645 2.476679
-0.984802 0.088673 2.339637
-2.050723 1.498712 0.000000
-1.979868 1.591138 0.000000
-1.897220 1.688833 0.000000
1.404235 1.197987 -1.744865
1.177342 1.421593 -1.744861
1.353565 1.634375 -1.395808
1.404235 1.197987 -1.744865
0.625933 1.736451 -1.744863
1.177342 1.421593 -1.744861
-0.772356 0.985306 2.210031
-1.016481 0.972494 2.114857
-1.250878 1.547356 1.578795
-0.942595 1.011366 2.130787
-0.482103 0.413119 2.459372
-0.983096 0.990420 2.122308
-1.254871 0.088646 2.206590
-0.744879 0.088675 2.426704
-1.254880 0.088646 2.206585
-1.254880 0.088646 2.206585
-1.890037 0.088650 1.694551
-1.254871 0.088646 2.206590
-0.000468 -0.005660 -2.539994
-0.000000 -0.000000 -2.540000
-0.061005 -1.268534 -2.199705
-0.000000 0.000000 -2.540000
-0.000000 -0.000000 -2.540000
-0.000000 -0.000000 -2.540000
0.288415 -0.000000 -2.523572
0.176126 -0.000000 -2.533886
0.096734 -0.000000 -2.538157
-0.000000 -0.194809 -2.532518
-0.000000 -0.194809 -2.532518
-0.000000 -0.194809 -2.532518
0.736134 1.034894 -2.199705
0.562360 0.984815 -2.272772
1.404235 1.197987 -1.744865
0.777684 0.583114 -2.346654
0.736134 1.034894 -2.199705
-0.000000 -0.000000 -2.540000
0.670866 -0.000002 -2.449804
0.894312 0.000000 -2.377353
0.981273 -0.304393 -2.322939
0.981273 -0.304393 -2.322939
0.894312 0.000000 -2.377353
1.239694 -0.405252 -2.179571
-1.582869 1.806317 -0.826645
-1.432561 1.827540 -1.029304
-1.130633 1.886894 1.270000
-1.432561 1.827540 -1.029304
-1.582869 1.806317 -0.826645
-1.335279 1.490751 -1.564062
0.000000 -0.000000 2.540000
0.043010 -1.269271 2.199705
0.000000 -0.000000 2.540000
0.000000 -0.000000 2.540000
0.000000 0.000000 2.540000
0.000000 -0.000000 2.540000
2.114756 -0.156120 -1.398225
1.965449 -0.179017 -1.598926
2.030374 -0.000153 -1.526166
2.114756 -0.156120 -1.398225
2.030374 -0.000153 -1.526166
2.230032 -0.141696 -1.207675
1.728950 -0.220763 -1.847592
1.457408 0.000238 -2.080279
1.820978 -0.000896 -1.770773
1.462220 -0.276689 -2.058387
1.457408 0.000238 -2.080279
1.591571 -0.248832 -1.963818
-0.983084 0.990414 -2.122316
-1.444592 1.409963 -1.541674
-1.158396 0.889341 -2.078170
-1.048934 0.954550 -2.107172
-1.158396 0.889341 -2.078170
-0.541959 0.397841 -2.449409
0.000000 -0.000000 2.540000
0.000000 -0.000000 2.540000
-0.000000 -0.000000 2.540000
0.777684 0.583114 2.346654
-0.000000 -0.000000 2.540000
0.000000 -0.000000 2.540000
-2.317840 1.028766 0.144417
-2.031026 1.525298 0.000000
-2.408952 0.805327 0.000000
-2.317840 1.028766 0.144417
-2.408952 0.805327 0.000000
-2.259160 1.002722 0.585102
-0.311051 -0.000003 2.520882
-0.855723 0.273908 2.375776
-0.496885 0.000001 2.490925
-0.985635 0.352347 2.314298
-0.829471 0.311118 2.380501
-0.496883 0.000004 2.490925
-1.363042 0.744455 -2.009851
-1.762241 1.110540 -1.453550
-1.708343 0.929566 -1.633729
-1.762241 1.110540 -1.453550
-1.950661 1.158427 -1.142177
-1.708342 0.929568 -1.633729
0.783393 -0.088669 2.414546
0.452941 -0.088648 2.497716
0.783410 -0.088669 2.414541
1.157338 -0.088645 2.259272
0.783393 -0.088669 2.414546
0.783410 -0.088669 2.414541
0.270129 -0.550854 -2.464790
0.514395 -0.769910 -2.365214
0.657035 -1.049291 -2.217858
0.270129 -0.550854 -2.464790
0.000001 -0.194810 -2.532518
0.514395 -0.769910 -2.365214
-0.506465 0.406970 -2.455498
-0.141046 0.000012 -2.536081
-0.000000 0.000000 -2.540000
-0.141046 0.000012 -2.536081
-0.541959 0.397841 -2.449409
-0.271289 0.000003 -2.525471
0.295276 -0.000000 2.522779
0.288520 -0.000000 2.523560
0.199973 -0.000000 2.532116
0.000000 -0.194809 2.532518
0.000000 -0.194809 2.532518
0.000000 -0.194809 2.532518
-2.365313 0.088645 -0.921432
-2.139928 0.088644 -1.365450
-2.365313 0.088645 -0.921431
-2.418986 0.088640 -0.769578
-2.538453 0.088645 -0.000042
-2.365313 0.088645 -0.921431
0.605778 -0.000000 -2.466705
0.489059 -0.000000 -2.492473
0.447815 -0.000000 -2.500212
-0.000000 -0.194809 -2.532518
-0.000000 -0.194809 -2.532518
-0.000000 -0.194809 -2.532518
0.000000 1.270000 2.199704
0.000000 2.199704 1.270000
0.386383 1.209797 2.199704
0.000000 1.270000 2.199704
0.386383 1.209797 2.199704
0.000000 -0.000000 2.540000
0.661633 -0.468531 -2.407139
0.099329 0.087576 -2.536546
0.426865 0.088658 -2.502304
1.493681 -2.024892 -0.346886
1.671831 -1.912219 -0.000000
1.555124 -2.008280 -0.000000
1.671831 -1.912219 -0.000000
1.447385 -2.025709 -0.503171
1.551668 -1.947007 -0.503081
1.432911 -2.097228 -0.000000
1.555113 -2.008288 -0.000000
1.671831 -1.912219 -0.000000
1.286387 -1.853757 -1.166359
1.374850 -1.859802 -1.050012
1.490451 -2.045067 0.218760
-0.277154 -0.088655 2.523277
-0.414049 -0.088650 2.504457
-0.124312 -0.088650 2.535407
1.844375 -0.117809 1.742412
1.493426 -0.000143 2.054575
1.727926 -0.129644 1.857166
2.239064 -0.661758 1.000136
2.181241 -0.723978 1.081501
2.280378 -1.070895 0.323510
-2.540000 0.000000 -0.000000
-2.454918 0.287284 -0.585189
-2.346368 0.000000 -0.972707
-2.454918 0.287284 -0.585189
-2.540000 0.000000 -0.000000
-2.518702 0.294748 -0.144440
0.669236 2.095429 -1.270000
0.772767 2.419593 -0.000000
0.000000 2.540000 0.000000
0.772767 2.419593 -0.000000
0.772767 2.419593 -0.000000
0.000000 2.540000 0.000000
-0.704751 2.440272 0.000000
-1.439772 2.092524 0.000000
-1.065377 2.301242 0.144422
-0.638618 2.454162 0.144416
-1.065377 2.301242 0.144422
-1.038403 2.242978 0.585121
-0.000000 0.000000 -2.540000
0.217166 -1.251295 -2.199705
-0.000000 0.000000 -2.540000
-0.000000 0.000000 -2.540000
-0.000000 0.000000 -2.540000
-0.000000 0.000000 -2.540000
-1.623116 1.772514 -0.821760
-1.794011 1.611483 -0.797651
-1.555658 1.317738 -1.514956
-1.794011 1.611483 -0.797651
-1.623116 1.772514 -0.821760
-1.742562 1.663214 0.805480
-0.271289 0.000003 -2.525471
-0.642742 0.370044 -2.429311
-0.836340 0.308720 -2.378409
-0.271289 0.000003 -2.525471
-0.541959 0.397841 -2.449409
-0.642742 0.370044 -2.429311
0.434580 -0.891455 2.338386
0.084467 -0.145830 2.534403
0.000000 -0.000000 2.540000
0.000000 -0.000000 2.540000
0.000000 -0.000000 2.540000
0.000000 -0.000000 2.540000
0.000000 -0.000000 2.540000
0.000000 -0.000000 2.540000
0.000000 0.000000 2.540000
0.217166 -1.251295 2.199704
-0.000000 0.000000 2.540000
-0.000000 0.000000 2.540000
2.309423 -1.057433 -0.000000
2.316068 -1.042798 -0.000000
2.309399 -1.057485 -0.000000
2.488347 0.088625 0.501870
2.538453 0.088645 -0.000025
2.501711 0.088625 0.430337
0.000000 2.199704 -1.270000
0.669236 2.095429 -1.270000
0.000000 2.540000 0.000000
0.386383 1.209797 -2.199705
0.669236 2.095429 -1.270000
0.000000 2.199704 -1.270000
1.142720 -0.000154 -2.268434
1.457408 0.000238 -2.080279
1.462220 -0.276689 -2.058387
1.218334 -0.333053 -2.203710
1.142720 -0.000154 -2.268434
1.367608 -0.298194 -2.119511
-1.950661 1.158427 -1.142177
-1.943628 1.075417 -1.231823
-1.708342 0.929568 -1.633729
-1.943628 1.075417 -1.231823
-1.950661 1.158427 -1.142177
-1.799991 1.605271 0.796704
-1.161058 1.481180 -1.705770
-1.432561 1.827540 -1.029304
-1.335279 1.490751 -1.564062
-1.161058 1.481180 -1.705770
-1.335279 1.490751 -1.564062
-0.941490 1.011955 -2.130996
-1.250878 1.547356 1.578795
-1.016481 0.972494 2.114857
-1.300384 1.514724 1.570418
-1.300384 1.514724 1.570418
-1.503106 1.869300 0.835457
-1.250878 1.547356 1.578795
-0.512375 0.405463 2.454521
-0.141049 0.000011 2.536081
-0.271287 0.000006 2.525471
-0.413812 0.429608 2.468967
-0.305716 0.389983 2.491194
-0.141049 0.000011 2.536081
-0.000000 0.000000 -2.540000
-0.000000 -0.000000 -2.540000
-0.000000 -0.000000 -2.540000
-0.000000 -0.000000 -2.540000
-0.000000 -0.000000 -2.540000
0.043010 -1.269271 -2.199705
-0.000221 -0.194698 -2.532527
-0.116200 -0.141727 -2.533379
-0.000086 -0.194772 -2.532521
-0.000000 -0.194809 -2.532518
-0.000000 -0.194809 -2.532518
-0.000000 -0.194809 -2.532518
0.000012 -0.194824 2.532517
0.260640 -0.557347 2.464352
0.633981 -1.065137 2.217014
0.000006 -0.194817 2.532518
-0.000002 -0.194806 2.532519
0.260640 -0.557347 2.464352
-0.000000 -0.000000 -2.540000
-0.000000 0.000000 -2.540000
-0.000000 0.000000 -2.540000
-0.511861 1.162282 -2.199704
-0.000000 0.000000 -2.540000
-0.000000 0.000000 -2.540000
0.000000 -0.000000 2.540000
0.000000 -0.000000 2.540000
0.000000 -0.000000 2.540000
-0.000000 0.000000 2.540000
-0.305705 0.389992 2.491195
-0.652771 1.089399 2.199704
0.670822 -0.000000 2.449816
0.605778 -0.000000 2.466705
0.597938 -0.000000 2.468617
0.450468 -0.065846 2.498868
0.597916 0.000017 2.468622
0.374918 -0.069233 2.511224
-2.031026 1.525298 0.000000
-1.761856 1.733482 0.585238
-1.807641 1.778529 0.144453
-1.807641 1.778529 0.144453
-1.439772 2.092524 0.000000
-2.031026 1.525298 0.000000
-1.084955 0.330923 -2.272655
-1.126462 0.131823 -2.272731
-1.796051 0.000000 -1.796051
-1.084955 0.330923 -2.272655
-0.285433 0.033402 -2.523690
-1.126462 0.131823 -2.272731
1.027117 2.094246 1.005369
0.934442 1.905287 1.395814
1.372055 1.886347 1.005366
0.651631 2.239692 1.005364
0.934442 1.905287 1.395814
1.027117 2.094246 1.005369
0.783427 -0.088669 2.414535
1.157298 -0.088645 2.259293
1.157325 -0.088645 2.259279
1.472597 -0.088710 2.067653
1.157325 -0.088645 2.259279
1.157298 -0.088645 2.259293
1.239571 -0.405118 2.179666
1.116498 -0.208896 2.271870
0.894298 -0.000000 2.377358
0.894298 -0.000000 2.377358
1.116498 -0.208896 2.271870
0.961440 -0.000000 2.351007
-0.408086 0.000000 2.507003
-0.496799 0.000000 2.490942
-0.496799 0.000000 2.490942
-0.065967 -0.164521 2.533808
0.000000 -0.194809 2.532518
-0.000015 -0.194802 2.532519
0.386383 1.209797 2.199704
0.000000 2.199704 1.270000
0.669236 2.095429 1.270000
0.669236 2.095429 1.270000
0.000000 2.199704 1.270000
0.772767 2.419593 -0.000000
1.493702 0.088590 -2.052463
2.184795 -0.522866 -1.185277
1.871772 -0.698402 -1.568536
1.493562 0.088647 -2.052562
1.195045 0.088645 -2.239556
0.331321 0.088660 -2.516737
2.131833 -1.380902 -0.000016
2.085780 -1.183062 -0.837547
2.281901 -0.929691 -0.616607
1.991606 -1.576422 -0.000533
2.085780 -1.183062 -0.837547
2.131833 -1.380902 -0.000016
-0.648425 0.368437 2.428044
-0.594160 0.383752 2.439530
-0.271287 0.000006 2.525471
-0.648425 0.368437 2.428044
-1.105865 0.921536 2.092710
-0.594160 0.383752 2.439530
0.000000 -0.000000 2.540000
0.000000 -0.000000 2.540000
0.000000 -0.000000 2.540000
0.000000 -0.000000 2.540000
-0.009005 -1.269968 2.199705
0.000000 -0.000000 2.540000
-0.414079 -0.000015 2.506021
-0.310281 0.000083 2.520977
-0.295744 -0.033410 2.522502
0.000000 -0.194809 2.532518
0.000000 -0.194809 2.532518
0.000000 -0.194809 2.532518
1.129533 -2.275028 -0.000001
0.986891 -2.120836 0.989797
1.112711 -2.283303 -0.000000
1.146294 -2.266629 -0.000001
1.129533 -2.275028 -0.000000
1.112711 -2.283303 -0.000000
1.043578 -0.478043 2.265838
1.019688 -0.298230 2.307140
0.961440 -0.000000 2.351007
1.043578 -0.478043 2.265838
1.612119 -1.103401 1.623323
1.048077 -0.293725 2.294964
-1.523133 0.771939 1.880366
-1.838376 0.986388 1.448797
-1.924449 1.131505 1.211525
-1.924454 1.131497 1.211525
-1.838376 0.986388 1.448797
-2.094153 1.220641 0.759051
0.000000 1.270000 -2.199705
-0.000000 -0.000000 -2.540000
0.386383 1.209797 -2.199705
0.000000 1.270000 -2.199705
0.386383 1.209797 -2.199705
0.000000 2.199704 -1.270000
1.472438 -0.088710 2.067766
1.157338 -0.088645 2.259272
1.472491 -0.088710 2.067729
1.472491 -0.088710 2.067729
1.816703 -0.088684 1.772943
1.472438 -0.088710 2.067766
1.728950 -0.220763 -1.847592
1.591571 -0.248832 -1.963818
1.457408 0.000238 -2.080279
2.018137 -0.798304 -1.319634
1.591571 -0.248832 -1.963818
1.728950 -0.220763 -1.847592
-0.204834 0.201535 2.523693
-0.165391 0.235008 2.523691
-0.652719 0.927464 2.272744
-0.165391 0.235008 2.523691
-0.000023 0.000024 2.540000
-0.000013 0.000035 2.540000
-2.099227 1.347200 0.479475
-1.924454 1.131497 1.211525
-2.094153 1.220641 0.759051
-2.094153 1.220641 0.759051
-2.243502 1.190923 0.000000
-2.099227 1.347200 0.479475
2.234721 -0.655967 -1.013572
1.908391 -0.187944 -1.665629
1.965449 -0.179017 -1.598926
1.820978 -0.000896 -1.770773
1.908391 -0.187944 -1.665629
1.728950 -0.220763 -1.847592
2.281897 -0.088644 1.112064
2.281896 -0.088644 1.112066
2.538453 -0.088645 -0.000000
2.029348 -0.088645 1.524955
2.281896 -0.088644 1.112066
2.281897 -0.088644 1.112064
-0.482086 0.413107 -2.459377
-0.444559 0.422314 -2.464877
-0.983084 0.990414 -2.122316
-0.482086 0.413107 -2.459377
-0.000000 0.000000 -2.540000
-0.444559 0.422314 -2.464877
1.436973 1.077454 1.796051
1.326215 1.283827 1.744861
0.814826 0.788783 2.272769
1.436973 1.077454 1.796051
1.877765 1.407963 0.971205
1.524722 1.475988 1.395809
-0.444559 0.422314 -2.464877
-0.772939 0.985992 -2.209521
-0.941490 1.011955 -2.130996
-0.772356 0.985306 -2.210031
-1.161058 1.481180 -1.705770
-0.941490 1.011955 -2.130996
1.877765 1.407963 0.971205
1.675936 1.622369 1.005364
1.524722 1.475988 1.395809
2.032187 1.523750 -0.000000
1.675936 1.622369 1.005364
1.877765 1.407963 0.971205
0.120363 2.537147 0.000000
0.671190 2.449715 -0.000000
0.436987 2.497954 -0.144452
0.401949 2.297668 -1.005364
0.436987 2.497954 -0.144452
0.859941 2.385631 -0.144452
1.816791 -0.088684 1.772852
2.029348 -0.088645 1.524955
1.816878 -0.088684 1.772763
1.472387 -0.088710 2.067802
1.816791 -0.088684 1.772852
1.816878 -0.088684 1.772763
-0.836340 0.308720 -2.378409
-1.372643 0.649862 -2.035959
-0.496878 0.000000 -2.490926
-0.836340 0.308720 -2.378409
-0.496878 0.000000 -2.490926
-0.271289 0.000003 -2.525471
-0.000000 0.000000 -2.540000
-0.099057 0.970995 -2.344985
-0.000000 0.000000 -2.540000
-0.000000 0.000000 -2.540000
-0.000000 0.000000 -2.540000
-0.000000 0.000000 -2.540000
-0.000000 0.000000 -2.540000
-0.000000 0.000000 -2.540000
-0.000000 0.000000 -2.540000
-0.227948 0.174993 -2.523691
-0.274924 0.083855 -2.523685
-1.008662 0.518793 -2.272676
-0.000000 -0.194809 -2.532518
-0.000000 -0.194809 -2.532518
-0.000000 -0.194809 -2.532518
-0.496843 0.000000 -2.490933
-0.388361 0.000000 -2.510135
-0.496843 0.000000 -2.490933
0.000000 0.000000 2.540000
0.000000 -0.000000 2.540000
0.000000 0.000000 2.540000
-0.099057 0.970995 2.344985
0.000000 0.000000 2.540000
0.000000 0.000000 2.540000
0.625933 1.736451 -1.744863
0.915302 1.602892 -1.744867
1.177342 1.421593 -1.744861
0.915302 1.602892 -1.744867
1.052304 1.842813 -1.395814
1.177342 1.421593 -1.744861
-0.985656 0.352315 2.314294
-1.412441 0.660760 2.004995
-1.523133 0.771939 1.880366
-1.523133 0.771939 1.880366
-1.412441 0.660760 2.004995
-1.838376 0.986388 1.448797
-1.254871 0.088646 2.206590
-1.890037 0.088650 1.694551
-2.049974 0.088644 1.497114
-2.176192 1.309881 0.000000
-2.156579 1.341926 0.000000
-2.110233 1.413689 0.000000
-1.731008 1.145564 1.463862
-1.755067 1.118723 1.455952
-1.965680 1.413526 0.767882
-1.355912 0.750136 2.012560
-1.755067 1.118723 1.455952
-1.731008 1.145564 1.463862
-1.623122 1.772510 0.821756
-1.582869 1.806317 -0.826645
-1.583953 1.805422 0.826526
-1.623122 1.772510 0.821756
-1.583953 1.805422 0.826526
-1.377649 1.460496 1.555839
-1.742562 1.663214 0.805480
-1.502404 1.363348 1.528288
-1.561833 1.312286 1.513335
-1.502404 1.363348 1.528288
-1.164500 0.885511 2.076394
-1.561833 1.312286 1.513335
-2.197994 1.130512 -0.585121
-2.518702 0.294748 -0.144440
-2.425572 0.739827 -0.144416
-2.335722 0.997999 0.000000
-2.425572 0.739827 -0.144416
-2.518702 0.294748 -0.144440
0.000000 -0.194809 2.532518
0.000000 -0.194809 2.532518
0.000000 -0.194809 2.532518
-0.276798 0.000006 2.524873
-0.407930 0.000018 2.507029
-0.230048 -0.068870 2.528623
0.386383 1.209797 -2.199705
-0.000000 -0.000000 -2.540000
-0.000000 -0.000000 -2.540000
-0.000000 0.000000 -2.540000
-0.000000 0.000000 -2.540000
-0.000000 0.000000 -2.540000
1.367608 -0.298194 -2.119511
1.142720 -0.000154 -2.268434
1.462220 -0.276689 -2.058387
1.367608 -0.298194 -2.119511
1.462220 -0.276689 -2.058387
1.851228 -0.948022 -1.458015
-1.300384 1.514724 1.570418
-1.016481 0.972494 2.114857
-1.377649 1.460496 1.555839
-1.336417 1.489942 1.563862
-1.377649 1.460496 1.555839
-1.583953 1.805422 0.826526
0.000010 -0.194804 -2.532519
0.147322 -0.126601 -2.532562
0.000017 -0.194803 -2.532519
0.147322 -0.126601 -2.532562
0.000010 -0.194804 -2.532519
0.107378 -0.126462 -2.534576
-0.496885 0.000001 2.490925
-0.855723 0.273908 2.375776
-0.985656 0.352315 2.314294
-0.985656 0.352315 2.314294
-0.855723 0.273908 2.375776
-1.412441 0.660760 2.004995
0.000000 -0.194809 2.532518
0.000000 -0.194809 2.532518
0.000000 -0.194809 2.532518
0.307282 -0.069023 2.520400
0.499951 0.000029 2.490311
0.373434 -0.000090 2.512399
-0.000000 -0.194809 -2.532518
-0.000000 -0.194809 -2.532518
-0.000000 -0.194809 -2.532518
-0.311005 0.000000 -2.520888
-0.154501 0.000000 -2.535297
-0.241009 0.000000 -2.528540
-1.835312 0.088653 -1.753673
-1.835307 0.088653 -1.753678
-1.068940 0.088658 -2.302413
-1.835312 0.088653 -1.753673
-2.365313 0.088645 -0.921432
-1.835307 0.088653 -1.753678
-0.445542 0.422041 2.464746
-0.482103 0.413119 2.459372
-0.942595 1.011366 2.130787
-0.445542 0.422041 2.464746
-0.141049 0.000011 2.536081
-0.482103 0.413119 2.459372
1.112711 -2.283303 -0.000000
1.129533 -2.275028 -0.000000
1.146294 -2.266629 -0.000000
1.157899 -2.119079 -0.787638
1.146294 -2.266629 -0.000000
1.129533 -2.275028 -0.000000
-1.799991 1.605271 0.796704
-1.742562 1.663214 0.805480
-1.561833 1.312286 1.513335
-1.799991 1.605271 0.796704
-1.794011 1.611483 -0.797651
-1.742562 1.663214 0.805480
0.000000 -0.194809 2.532518
0.000000 -0.194809 2.532518
0.000000 -0.194809 2.532518
-0.310211 0.000000 2.520986
-0.271285 0.000000 2.525471
-0.258054 0.000000 2.526857
0.597916 0.000017 2.468622
0.499951 0.000029 2.490311
0.374918 -0.069233 2.511224
0.307282 -0.069023 2.520400
0.348879 -0.069125 2.514976
0.499951 0.000029 2.490311
-0.000000 -0.194809 -2.532518
-0.000000 -0.194809 -2.532518
-0.000000 -0.194809 -2.532518
-0.177103 0.000000 -2.533818
-0.271285 0.000000 -2.525471
-0.238647 0.000000 -2.528764
1.458874 -1.866423 -0.916379
1.589782 -1.867902 -0.659648
1.490451 -2.045067 0.218760
1.265870 -1.791417 -1.280623
1.350427 -1.649790 -1.380631
1.374604 -1.859537 -1.050803
1.875383 -0.696233 1.565183
1.463777 0.088343 2.073922
0.967400 0.088581 2.346889
2.132667 -1.379612 -0.000013
2.088325 -1.180002 0.835521
1.992051 -1.575860 0.000293
2.107669 -0.563696 1.300606
1.463777 0.088343 2.073922
1.875383 -0.696233 1.565183
2.132667 -1.379612 -0.000013
2.238025 -0.989331 0.681226
2.088325 -1.180002 0.835521
-0.000000 -0.000000 2.540000
0.000000 -0.000000 2.540000
0.000000 -0.000000 2.540000
-1.036759 0.460162 2.272660
-0.286872 0.016798 2.523692
-0.262711 0.116603 2.523685
-0.000000 -0.000000 2.540000
0.000000 -0.000000 2.540000
0.000000 -0.000000 2.540000
0.000000 1.270000 2.199704
0.000000 -0.000000 2.540000
0.000000 -0.000000 2.540000
-0.010908 0.000000 -2.539977
0.096734 -0.000000 -2.538157
-0.000013 0.000000 -2.540000
-0.000000 -0.194809 -2.532518
-0.000000 -0.194809 -2.532518
-0.000000 -0.194809 -2.532518
-0.000000 -0.194809 -2.532518
-0.000000 -0.194809 -2.532518
-0.000000 -0.194809 -2.532518
-0.365389 -0.000011 -2.513581
-0.267713 -0.033815 -2.525626
-0.301391 0.000025 -2.522055
2.488479 0.087440 0.501426
2.226021 0.087293 1.220168
2.442692 -0.406412 0.565408
2.226021 0.087293 1.220168
2.309423 -1.057433 -0.000000
2.442692 -0.406412 0.565408
0.000000 -0.000000 2.540000
0.000000 0.000000 2.540000
0.000000 -0.000000 2.540000
0.039914 -0.990167 2.338712
-0.000000 0.000000 2.540000
-0.000000 0.000000 2.540000
-0.000000 0.000000 -2.540000
-0.000000 0.000000 -2.540000
-0.000000 0.000000 -2.540000
-0.000000 0.000000 -2.540000
0.039914 -0.990167 -2.338712
-0.000000 0.000000 -2.540000
0.288415 -0.000000 -2.523572
0.283614 -0.000000 -2.524116
0.203038 -0.000000 -2.531872
-0.000000 -0.194809 -2.532518
-0.000000 -0.194809 -2.532518
-0.000000 -0.194809 -2.532518
0.006282 -0.000000 2.539992
-0.010857 0.000000 2.539977
-0.065660 0.000000 2.539151
-0.000017 -0.194786 2.532520
-0.000003 -0.194783 2.532521
-0.014472 -0.164328 2.534637
-0.045110 0.000000 2.539599
0.000000 -0.000000 2.540000
-0.000000 -0.000000 2.540000
0.000000 -0.000000 2.540000
0.000000 -0.000000 2.540000
0.000000 -0.000000 2.540000
-0.295744 -0.033410 2.522502
-0.310281 0.000083 2.520977
-0.238918 -0.033345 2.528519
-0.310281 0.000083 2.520977
-0.258171 0.000116 2.526845
-0.238918 -0.033345 2.528519
-0.000000 -0.194809 -2.532518
-0.000000 -0.194809 -2.532518
-0.000000 -0.194809 -2.532518
-0.000393 -0.194528 -2.532540
-0.062802 -0.141500 -2.535278
-0.089049 -0.141586 -2.534487
-0.785103 0.326164 2.393497
-0.806509 0.318998 2.387338
-1.309631 0.785755 2.029546
-0.496883 0.000004 2.490925
-0.806509 0.318998 2.387338
-0.785103 0.326164 2.393497
-0.277154 -0.088655 2.523277
-0.124312 -0.088650 2.535407
-0.124289 -0.088650 2.535408
-0.124289 -0.088650 2.535408
-0.124312 -0.088650 2.535407
0.161130 -0.088652 2.533333
0.000000 -0.000000 2.540000
0.000000 -0.000000 2.540000
0.000000 -0.000000 2.540000
0.434580 -0.891455 2.338386
0.000000 -0.000000 2.540000
0.000000 -0.000000 2.540000
-0.010908 0.000000 -2.539977
-0.086441 0.000000 -2.538529
-0.154501 0.000000 -2.535297
-0.000010 -0.194801 -2.532519
-0.062425 -0.126329 -2.536088
-0.000003 -0.194804 -2.532519
-0.000000 -0.194809 -2.532518
-0.000000 -0.194809 -2.532518
-0.000000 -0.194809 -2.532518
0.270129 -0.550854 -2.464790
0.278833 -0.652850 -2.438778
0.000001 -0.194811 -2.532518
-0.722291 -0.088663 2.433523
-0.414049 -0.088650 2.504457
-0.425001 -0.088649 2.502622
-0.390156 -0.088651 2.508290
-0.414049 -0.088650 2.504457
-0.277154 -0.088655 2.523277
-0.000000 0.000000 -2.540000
-0.000000 0.000000 -2.540000
0.000000 -0.000000 -2.540000
0.000000 -0.000000 -2.540000
0.434580 -0.891455 -2.338386
-0.000000 0.000000 -2.540000
-0.000000 0.000000 -2.540000
-0.099057 0.970995 -2.344985
-0.000620 0.006032 -2.539993
-0.000000 0.000000 -2.540000
-0.000000 0.000000 -2.540000
-0.000000 0.000000 -2.540000
-0.000086 -0.194772 -2.532521
-0.116200 -0.141727 -2.533379
-0.000000 -0.194809 -2.532518
-0.430576 0.000000 -2.503239
-0.496878 0.000000 -2.490926
-0.496878 0.000000 -2.490926
0.000000 -0.000000 2.540000
0.000000 0.000000 2.540000
0.000000 0.000000 2.540000
0.000000 0.000000 2.540000
0.000000 1.270000 2.199704
0.000000 0.000000 2.540000
0.447815 -0.000000 -2.500212
0.352271 -0.000000 -2.515453
0.605778 -0.000000 -2.466705
0.256577 -0.030681 -2.526821
0.352350 -0.000024 -2.515442
0.351588 -0.030706 -2.515361
-1.377640 1.460495 -1.555848
-1.444592 1.409963 -1.541674
-0.983084 0.990414 -2.122316
-1.377640 1.460495 -1.555848
-1.623116 1.772514 -0.821760
-1.444592 1.409963 -1.541674
0.000000 -0.194809 2.532518
0.000000 -0.194809 2.532518
0.000000 -0.194809 2.532518
0.373484 -0.000000 2.512391
0.288520 -0.000000 2.523560
0.295276 -0.000000 2.522779
-0.301391 0.000025 -2.522055
-0.267713 -0.033815 -2.525626
-0.188952 -0.033795 -2.532737
-0.238647 0.000000 -2.528764
-0.271285 0.000000 -2.525471
-0.301427 0.000000 -2.522051
-0.000000 0.000000 -2.540000
-0.000000 -0.000000 -2.540000
-0.000000 0.000000 -2.540000
0.000000 1.270000 -2.199705
0.000000 -0.000000 -2.540000
0.000000 -0.000000 -2.540000
0.161099 -0.088652 2.533335
0.044580 -0.088646 2.538061
0.161109 -0.088652 2.533335
0.452918 -0.088648 2.497720
0.161099 -0.088652 2.533335
0.161109 -0.088652 2.533335
0.000000 -0.194809 2.532518
0.000000 -0.194809 2.532518
0.000000 -0.194809 2.532518
-0.117867 0.000000 2.537264
-0.141039 0.000000 2.536081
-0.086784 0.000000 2.538517
-0.506465 0.406970 -2.455498
-1.048934 0.954550 -2.107172
-0.541959 0.397841 -2.449409
-0.541959 0.397841 -2.449409
-0.141046 0.000012 -2.536081
-0.506465 0.406970 -2.455498
0.783427 -0.088669 2.414535
0.452929 -0.088648 2.497718
0.452918 -0.088648 2.497720
0.452929 -0.088648 2.497718
0.161099 -0.088652 2.533335
0.452918 -0.088648 2.497720
-0.032640 -0.164367 2.534466
-0.000017 -0.194786 2.532520
-0.014472 -0.164328 2.534637
0.000000 -0.194809 2.532518
0.000000 -0.194809 2.532518
0.000000 -0.194809 2.532518
-1.835307 0.088653 -1.753678
-2.258470 0.088644 -1.158902
-1.835302 0.088653 -1.753683
-1.835307 0.088653 -1.753678
-1.835302 0.088653 -1.753683
-1.068840 0.088658 -2.302460
1.816522 -0.088684 1.773128
2.029347 -0.088645 1.524956
1.816703 -0.088684 1.772943
1.472491 -0.088710 2.067729
1.816522 -0.088684 1.773128
1.816703 -0.088684 1.772943
-0.258054 0.000000 2.526857
-0.141039 0.000000 2.536081
-0.209489 0.000000 2.531346
-0.238918 -0.033345 2.528519
-0.258171 0.000116 2.526845
-0.183353 -0.033360 2.533154
0.000000 -0.194809 2.532518
0.000000 -0.194809 2.532518
0.000000 -0.194809 2.532518
0.000012 -0.194824 2.532517
0.000006 -0.194817 2.532518
0.260640 -0.557347 2.464352
0.000000 -0.000000 2.540000
0.000000 -0.000000 2.540000
0.000000 -0.000000 2.540000
0.000000 -0.000000 2.540000
0.000000 -0.000000 2.540000
0.434580 -0.891455 2.338386
0.000000 -0.000000 2.540000
0.000000 0.000000 2.540000
0.000000 -0.000000 2.540000
0.000000 0.000000 2.540000
0.000000 1.270000 2.199704
0.000000 0.000000 2.540000
1.472597 -0.088710 2.067653
1.816522 -0.088684 1.773128
1.472491 -0.088710 2.067729
1.472491 -0.088710 2.067729
1.157325 -0.088645 2.259279
1.472597 -0.088710 2.067653
-0.116808 0.000000 -2.537313
-0.141039 0.000000 -2.536081
-0.177103 0.000000 -2.533818
-0.177128 -0.000057 -2.533816
-0.188952 -0.033795 -2.532737
-0.110780 -0.033797 -2.537358
0.000000 -0.000000 -2.540000
0.434580 -0.891455 -2.338386
0.000000 -0.000000 -2.540000
0.000000 -0.000000 -2.540000
-0.000000 0.000000 -2.540000
0.000000 -0.000000 -2.540000
-0.000269 -0.194674 2.532529
-0.117781 -0.141609 2.533313
-0.098371 -0.141505 2.534147
-0.000399 -0.194573 2.532537
-0.098371 -0.141505 2.534147
-0.079416 -0.141417 2.534817
-0.000000 -0.194809 -2.532518
-0.000000 -0.194809 -2.532518
-0.000000 -0.194809 -2.532518
0.000001 -0.194811 -2.532518
0.000001 -0.194810 -2.532518
0.270129 -0.550854 -2.464790
0.000000 -0.000000 -2.540000
-0.000000 -0.000000 -2.540000
0.000000 1.270000 -2.199705
-0.000000 0.000000 -2.540000
-0.000000 -0.000000 -2.540000
-0.000000 0.000000 -2.540000
0.351588 -0.030706 -2.515361
0.352350 -0.000024 -2.515442
0.447677 0.000009 -2.500237
0.351588 -0.030706 -2.515361
0.447677 0.000009 -2.500237
0.424489 -0.030830 -2.504088
0.000000 0.000000 2.540000
-0.000620 0.006032 2.539993
-0.099057 0.970995 2.344985
0.000000 0.000000 2.540000
0.000000 -0.000000 2.540000
0.000000 -0.000000 2.540000
0.000000 -0.000000 2.540000
0.000000 0.000000 2.540000
-0.000000 0.000000 2.540000
-0.055614 1.268781 2.199705
-0.000000 0.000000 2.540000
0.000000 0.000000 2.540000
-0.000000 0.000000 -2.540000
-0.099057 0.970995 -2.344985
-0.000000 0.000000 -2.540000
-0.000000 0.000000 -2.540000
-0.000000 0.000000 -2.540000
-0.000000 0.000000 -2.540000
1.350427 -1.649790 -1.380631
1.458966 -1.866482 -0.916112
1.374604 -1.859537 -1.050803
1.374850 -1.859802 -1.050012
1.458874 -1.866423 -0.916379
1.490451 -2.045067 0.218760
0.161109 -0.088652 2.533335
0.161130 -0.088652 2.533333
0.452895 -0.088648 2.497725
-0.124289 -0.088650 2.535408
0.161130 -0.088652 2.533333
0.161109 -0.088652 2.533335
0.000007 -0.194806 2.532519
0.091072 -0.164741 2.533015
0.084708 -0.164676 2.533240
0.348879 -0.069125 2.514976
0.374918 -0.069233 2.511224
0.499951 0.000029 2.490311
1.992051 -1.575860 0.000293
1.987597 -1.295500 0.907049
1.917476 -1.370099 0.947478
0.967400 0.088581 2.346889
0.762512 0.088623 2.421223
1.645982 -0.831520 1.746688
-0.055763 -0.164473 2.534056
-0.000015 -0.194802 2.532519
-0.000006 -0.194804 2.532519
-0.065967 -0.164521 2.533808
-0.000015 -0.194802 2.532519
-0.055763 -0.164473 2.534056
1.816703 -0.088684 1.772943
2.029347 -0.088645 1.524956
2.029348 -0.088645 1.524956
2.029347 -0.088645 1.524956
2.281894 -0.088644 1.112072
2.029348 -0.088645 1.524956
0.000000 -0.194809 2.532518
0.000000 -0.194809 2.532518
0.000000 -0.194809 2.532518
-0.000269 -0.194674 2.532529
-0.098371 -0.141505 2.534147
-0.000399 -0.194573 2.532537
2.281896 -0.088644 1.112066
2.281894 -0.088644 1.112072
2.538453 -0.088645 -0.000000
2.029348 -0.088645 1.524956
2.281894 -0.088644 1.112072
2.281895 -0.088644 1.112068
2.029348 -0.088645 1.524955
2.281896 -0.088644 1.112066
2.029348 -0.088645 1.524955
1.816878 -0.088684 1.772763
2.029348 -0.088645 1.524955
2.029348 -0.088645 1.524955
1.816703 -0.088684 1.772943
2.029348 -0.088645 1.524956
1.816791 -0.088684 1.772852
1.472438 -0.088710 2.067766
1.816703 -0.088684 1.772943
1.816791 -0.088684 1.772852
1.816791 -0.088684 1.772852
2.029348 -0.088645 1.524956
2.029348 -0.088645 1.524955
2.029348 -0.088645 1.524956
2.281895 -0.088644 1.112068
2.029348 -0.088645 1.524955
2.029348 -0.088645 1.524955
2.281895 -0.088644 1.112068
2.281896 -0.088644 1.112066
1.294236 -2.032769 -0.802747
1.447385 -2.025709 -0.503171
1.244044 -2.124188 -0.625922
0.276684 -0.482345 -2.478384
-0.236876 0.088680 -2.527375
0.099329 0.087576 -2.536546
1.786133 -1.495071 1.012963
1.671836 -1.912215 0.000041
1.827354 -1.764193 0.000000
0.762512 0.088623 2.421223
0.426982 0.088521 2.502289
1.209750 -0.554471 2.163485
0.007398 0.088645 -2.538442
-0.333215 0.088660 -2.516487
-0.270126 0.088662 -2.524039
0.007398 0.088645 -2.538442
-0.236864 0.088661 -2.527377
-0.270126 0.088662 -2.524039
0.670852 -0.000010 -2.449808
0.507127 -0.030840 -2.488668
0.489073 -0.000140 -2.492470
0.000017 -0.194803 -2.532519
0.213111 -0.126963 -2.527858
-0.000010 -0.194812 -2.532518
-0.372413 -0.030675 -2.512363
-0.496873 0.000001 -2.490927
-0.388241 -0.000080 -2.510153
-0.145533 -0.126594 -2.532665
0.000000 -0.194809 -2.532518
-0.156100 -0.126625 -2.532035
0.307282 -0.069023 2.520400
0.373434 -0.000090 2.512399
0.275241 -0.068969 2.524101
0.000007 -0.194806 2.532519
0.066755 -0.164543 2.533786
0.000038 -0.194789 2.532520
0.200484 -0.126896 -2.528894
0.213111 -0.126963 -2.527858
0.000017 -0.194803 -2.532519
0.477383 -0.030841 -2.494545
0.489073 -0.000140 -2.492470
0.507127 -0.030840 -2.488668
1.827354 -1.764193 -0.000001
1.745641 -1.529833 -1.031479
1.805376 -1.478154 -1.003633
0.762460 0.088678 -2.421237
1.502630 -0.910261 -1.834429
1.424078 -0.948855 -1.877039
2.123138 -1.249653 -0.618265
1.928824 -1.556432 0.555659
1.885781 -1.643780 0.439792
2.123207 -1.249746 -0.617843
2.055706 -1.170826 -0.924574
2.137249 -1.064597 -0.866255
1.900802 -0.000610 1.684801
2.228681 -0.087294 1.215302
2.290632 0.000550 1.097546
2.277906 -0.620301 0.937001
2.393031 -0.851471 -0.000000
2.405570 -0.790058 0.201598
0.199850 -0.000014 2.532126
0.164106 -0.068769 2.533760
0.295159 0.000015 2.522792
0.039754 -0.164395 2.534363
0.000008 -0.194801 2.532519
0.000042 -0.194781 2.532521
</float_array>
          <technique_common>
            <accessor source="#FBXASC227FBXASC130FBXASC189FBXASC227FBXASC131FBXASC170FBXASC227FBXASC131FBXASC131FBXASC227FBXASC131FBXASC1374-Normal0-array" count="4257" stride="3">
              <param name="X" type="float"/>
              <param name="Y" type="float"/>
              <param name="Z" type="float"/>
            </accessor>
          </technique_common>
        </source>
        <vertices id="FBXASC227FBXASC130FBXASC189FBXASC227FBXASC131FBXASC170FBXASC227FBXASC131FBXASC131FBXASC227FBXASC131FBXASC1374-VERTEX">
          <input semantic="POSITION" source="#FBXASC227FBXASC130FBXASC189FBXASC227FBXASC131FBXASC170FBXASC227FBXASC131FBXASC131FBXASC227FBXASC131FBXASC1374-POSITION"/>
        </vertices>
        <triangles count="1419" material="MaterialFBXASC032FBXASC03528">
          <input semantic="VERTEX" offset="0" source="#FBXASC227FBXASC130FBXASC189FBXASC227FBXASC131FBXASC170FBXASC227FBXASC131FBXASC131FBXASC227FBXASC131FBXASC1374-VERTEX"/>
          <input semantic="NORMAL" offset="1" source="#FBXASC227FBXASC130FBXASC189FBXASC227FBXASC131FBXASC170FBXASC227FBXASC131FBXASC131FBXASC227FBXASC131FBXASC1374-Normal0"/>
          <p> 428 0 358 1 357 2 326 3 340 4 322 5 91 6 73 7 154 8 184 9 167 10 94 11 494 12 315 13 412 14 49 15 136 16 0 17 222 18 607 19 216 20 462 21 153 22 483 23 446 24 49 25 61 26 145 27 58 28 98 29 547 30 631 31 595 32 73 33 38 34 132 35 518 36 340 37 326 38 366 39 337 40 365 41 637 42 310 43 495 44 154 45 616 46 91 47 148 48 117 49 541 50 58 51 72 52 94 53 483 54 153 55 117 56 117 57 148 58 483 59 96 60 301 61 142 62 27 63 46 64 120 65 61 66 134 67 144 68 41 69 89 70 195 71 612 72 394 73 200 74 92 75 201 76 166 77 201 78 226 79 92 80 115 81 92 82 166 83 639 84 524 85 523 86 176 87 349 88 45 89 48 90 527 91 498 92 75 93 194 94 28 95 72 96 241 97 94 98 172 99 165 100 183 101 152 102 369 103 452 104 458 105 629 106 583 107 452 108 369 109 388 110 533 111 347 112 307 113 87 114 49 115 136 116 192 117 179 118 30 119 637 120 495 121 578 122 391 123 390 124 517 125 156 126 541 127 117 128 77 129 56 130 168 131 547 132 595 133 476 134 390 135 404 136 517 137 92 138 469 139 201 140 349 141 67 142 45 143 311 144 263 145 110 146 130 147 70 148 361 149 130 150 58 151 70 152 400 153 523 154 524 155 170 156 108 157 27 158 108 159 170 160 81 161 164 162 80 163 219 164 253 165 228 166 279 167 133 168 12 169 316 170 160 171 525 172 344 173 8 174 222 175 16 176 93 177 156 178 124 179 216 180 607 181 611 182 263 183 292 184 110 185 307 186 610 187 533 188 110 189 82 190 203 191 250 192 608 193 364 194 299 195 339 196 298 197 419 198 256 199 132 200 22 201 94 202 88 203 151 204 136 205 88 206 162 207 27 208 94 209 441 210 338 211 206 212 73 213 132 214 48 215 634 216 261 217 394 218 339 219 300 220 298 221 181 222 169 223 126 224 174 225 214 226 218 227 244 228 140 229 44 230 442 231 244 232 434 233 32 234 203 235 643 236 156 237 117 238 124 239 332 240 376 241 453 242 578 243 420 244 490 245 150 246 56 247 77 248 150 249 171 250 125 251 476 252 594 253 382 254 376 255 459 256 453 257 57 258 162 259 94 260 227 261 83 262 30 263 647 264 18 265 1 266 558 267 20 268 411 269 401 270 352 271 383 272 151 273 88 274 419 275 144 276 446 277 61 278 219 279 180 280 164 281 224 282 90 283 40 284 16 285 222 286 216 287 137 288 197 289 187 290 137 291 41 292 36 293 125 294 56 295 150 296 266 297 285 298 627 299 97 300 134 301 61 302 97 303 94 304 134 305 269 306 152 307 44 308 15 309 131 310 317 311 249 312 226 313 45 314 249 315 58 316 45 317 45 318 67 319 249 320 159 321 439 322 455 323 214 324 174 325 155 326 46 327 27 328 141 329 279 330 228 331 163 332 120 333 301 334 96 335 109 336 527 337 48 338 48 339 132 340 109 341 49 342 356 343 136 344 245 345 10 346 110 347 621 348 203 349 66 350 82 351 66 352 203 353 263 354 25 355 292 356 351 357 264 358 201 359 168 360 172 361 183 362 113 363 178 364 209 365 565 366 432 367 470 368 437 369 302 370 268 371 179 372 195 373 89 374 90 375 188 376 40 377 157 378 85 379 94 380 34 381 211 382 54 383 556 384 388 385 421 386 442 387 434 388 330 389 178 390 113 391 102 392 190 393 56 394 125 395 103 396 57 397 36 398 36 399 167 400 137 401 20 402 558 403 58 404 1 405 18 406 58 407 318 408 385 409 112 410 242 411 303 412 185 413 155 414 174 415 260 416 103 417 83 418 227 419 127 420 110 421 24 422 24 423 97 424 127 425 6 426 399 427 247 428 340 429 333 430 435 431 487 432 567 433 480 434 296 435 199 436 346 437 158 438 64 439 403 440 365 441 337 442 393 443 75 444 291 445 248 446 248 447 291 448 273 449 230 450 66 451 82 452 624 453 147 454 477 455 372 456 508 457 148 458 37 459 148 460 115 461 384 462 243 463 158 464 277 465 4 466 264 467 196 468 402 469 246 470 430 471 358 472 428 473 253 474 69 475 228 476 164 477 180 478 69 479 329 480 69 481 180 482 356 483 579 484 136 485 70 486 94 487 489 488 70 489 58 490 94 491 70 492 49 493 0 494 223 495 262 496 107 497 197 498 150 499 187 500 231 501 34 502 54 503 125 504 18 505 190 506 204 507 257 508 58 509 31 510 73 511 91 512 427 513 73 514 267 515 98 516 549 517 145 518 400 519 444 520 252 521 88 522 256 523 419 524 367 525 408 526 120 527 327 528 468 529 395 530 112 531 385 532 426 533 41 534 77 535 168 536 137 537 187 538 41 539 298 540 373 541 299 542 287 543 451 544 582 545 90 546 224 547 30 548 169 549 181 550 30 551 221 552 80 553 27 554 219 555 80 556 221 557 81 558 69 559 39 560 39 561 108 562 81 563 50 564 416 565 425 566 50 567 425 568 147 569 36 570 83 571 103 572 192 573 195 574 179 575 412 576 462 577 494 578 379 579 439 580 281 581 137 582 167 583 184 584 13 585 85 586 157 587 392 588 535 589 293 590 503 591 336 592 470 593 188 594 87 595 229 596 87 597 136 598 229 599 27 600 108 601 88 602 329 603 180 604 354 605 256 606 88 607 202 608 27 609 88 610 94 611 16 612 165 613 8 614 165 615 16 616 53 617 16 618 217 619 53 620 53 621 217 622 30 623 91 624 616 625 496 626 44 627 31 628 91 629 626 630 159 631 455 632 20 633 186 634 92 635 92 636 226 637 20 638 111 639 20 640 92 641 93 642 124 643 8 644 101 645 93 646 8 647 88 648 94 649 262 650 70 651 0 652 94 653 88 654 151 655 94 656 0 657 70 658 94 659 240 660 378 661 502 662 95 663 438 664 69 665 47 666 120 667 160 668 344 669 47 670 160 671 96 672 47 673 301 674 30 675 181 676 218 677 43 678 97 679 24 680 315 681 489 682 464 683 488 684 21 685 74 686 98 687 315 688 494 689 21 690 226 691 25 692 98 693 58 694 21 695 213 696 376 697 424 698 440 699 540 700 471 701 267 702 73 703 31 704 442 705 140 706 244 707 51 708 101 709 172 710 113 711 209 712 51 713 102 714 42 715 178 716 102 717 285 718 266 719 238 720 27 721 162 722 9 723 103 724 60 725 283 726 11 727 104 728 68 729 396 730 368 731 105 732 247 733 555 734 631 735 514 736 595 737 54 738 241 739 72 740 211 741 106 742 54 743 417 744 550 745 374 746 550 747 417 748 132 749 22 750 108 751 39 752 108 753 22 754 88 755 240 756 248 757 273 758 273 759 378 760 240 761 49 762 110 763 313 764 87 765 611 766 49 767 110 768 49 769 311 770 49 771 110 772 127 773 632 774 541 775 42 776 626 777 455 778 166 779 234 780 304 781 37 782 234 783 92 784 166 785 404 786 19 787 382 788 505 789 398 790 318 791 56 792 220 793 51 794 102 795 220 796 56 797 264 798 351 799 277 800 67 801 282 802 323 803 201 804 92 805 115 806 166 807 201 808 115 809 508 810 230 811 624 812 115 813 148 814 230 815 375 816 492 817 314 818 381 819 312 820 526 821 117 822 43 823 24 824 124 825 117 826 203 827 117 828 203 829 66 830 66 831 203 832 117 833 17 834 468 835 327 836 64 837 255 838 403 839 448 840 312 841 198 842 386 843 300 844 293 845 120 846 133 847 316 848 120 849 194 850 75 851 422 852 373 853 298 854 465 855 322 856 514 857 122 858 309 859 321 860 288 861 2 862 360 863 461 864 332 865 453 866 486 867 397 868 346 869 124 870 203 871 32 872 8 873 124 874 32 875 257 876 204 877 125 878 171 879 257 880 125 881 126 882 79 883 40 884 229 885 69 886 253 887 61 888 49 889 127 890 127 891 97 892 61 893 70 894 0 895 374 896 130 897 70 898 128 899 246 900 402 901 236 902 382 903 19 904 370 905 21 906 25 907 263 908 21 909 58 910 130 911 457 912 130 913 361 914 130 915 352 916 21 917 581 918 568 919 496 920 44 921 353 922 269 923 132 924 65 925 109 926 132 927 75 928 65 929 95 930 557 931 438 932 163 933 295 934 501 935 134 936 22 937 144 938 134 939 94 940 22 941 208 942 303 943 450 944 555 945 208 946 105 947 545 948 446 949 144 950 136 951 69 952 88 953 229 954 136 955 69 956 136 957 286 958 69 959 137 960 85 961 13 962 13 963 197 964 137 965 416 966 200 967 509 968 48 969 498 970 138 971 482 972 603 973 536 974 583 975 543 976 458 977 602 978 31 979 140 980 140 981 31 982 44 983 141 984 27 985 238 986 260 987 9 988 155 989 354 990 27 991 329 992 221 993 27 994 354 995 322 996 544 997 514 998 447 999 440 1000 341 1001 144 1002 22 1003 39 1004 39 1005 69 1006 144 1007 45 1008 58 1009 145 1010 45 1011 145 1012 176 1013 379 1014 145 1015 439 1016 45 1017 226 1018 145 1019 421 1020 573 1021 407 1022 146 1023 14 1024 371 1025 201 1026 147 1027 115 1028 230 1029 25 1030 115 1031 201 1032 50 1033 147 1034 292 1035 25 1036 147 1037 508 1038 624 1039 148 1040 117 1041 66 1042 148 1043 66 1044 117 1045 148 1046 148 1047 66 1048 230 1049 478 1050 497 1051 445 1052 461 1053 149 1054 235 1055 71 1056 171 1057 150 1058 231 1059 150 1060 34 1061 151 1062 0 1063 94 1064 0 1065 136 1066 151 1067 223 1068 0 1069 262 1070 94 1071 0 1072 262 1073 152 1074 244 1075 44 1076 319 1077 152 1078 55 1079 491 1080 464 1081 117 1082 491 1083 315 1084 464 1085 154 1086 73 1087 48 1088 48 1089 138 1090 154 1091 9 1092 60 1093 155 1094 155 1095 60 1096 30 1097 178 1098 42 1099 156 1100 42 1101 541 1102 156 1103 211 1104 157 1105 106 1106 106 1107 157 1108 94 1109 566 1110 600 1111 532 1112 384 1113 158 1114 484 1115 249 1116 379 1117 281 1118 20 1119 436 1120 324 1121 160 1122 47 1123 96 1124 96 1125 525 1126 160 1127 218 1128 181 1129 160 1130 120 1131 96 1132 160 1133 406 1134 426 1135 161 1136 294 1137 2 1138 161 1139 103 1140 238 1141 162 1142 103 1143 162 1144 57 1145 120 1146 163 1147 501 1148 120 1149 3 1150 163 1151 47 1152 163 1153 120 1154 120 1155 163 1156 3 1157 81 1158 170 1159 164 1160 164 1161 69 1162 81 1163 183 1164 165 1165 89 1166 53 1167 89 1168 165 1169 166 1170 37 1171 115 1172 166 1173 115 1174 37 1175 362 1176 166 1177 37 1178 234 1179 37 1180 166 1181 167 1182 57 1183 94 1184 36 1185 57 1186 167 1187 51 1188 172 1189 168 1190 168 1191 56 1192 51 1193 30 1194 224 1195 169 1196 126 1197 169 1198 79 1199 170 1200 80 1201 164 1202 80 1203 170 1204 27 1205 171 1206 71 1207 54 1208 54 1209 72 1210 171 1211 8 1212 165 1213 172 1214 101 1215 8 1216 172 1217 21 1218 352 1219 401 1220 21 1221 444 1222 74 1223 174 1224 46 1225 260 1226 174 1227 96 1228 301 1229 28 1230 363 1231 348 1232 194 1233 363 1234 28 1235 74 1236 325 1237 488 1238 212 1239 325 1240 74 1241 546 1242 78 1243 493 1244 628 1245 443 1246 531 1247 209 1248 178 1249 93 1250 178 1251 156 1252 93 1253 179 1254 89 1255 53 1256 179 1257 53 1258 30 1259 180 1260 228 1261 69 1262 69 1263 228 1264 180 1265 126 1266 279 1267 181 1268 181 1269 47 1270 160 1271 78 1272 580 1273 493 1274 588 1275 521 1276 466 1277 183 1278 89 1279 41 1280 183 1281 41 1282 168 1283 85 1284 184 1285 94 1286 137 1287 184 1288 85 1289 6 1290 213 1291 284 1292 284 1293 399 1294 6 1295 20 1296 67 1297 186 1298 351 1299 67 1300 277 1301 187 1302 150 1303 77 1304 41 1305 187 1306 77 1307 16 1308 216 1309 188 1310 188 1311 90 1312 16 1313 394 1314 535 1315 392 1316 454 1317 522 1318 270 1319 190 1320 102 1321 56 1322 190 1323 285 1324 102 1325 52 1326 191 1327 15 1328 369 1329 152 1330 15 1331 83 1332 192 1333 30 1334 36 1335 192 1336 83 1337 380 1338 317 1339 131 1340 388 1341 306 1342 268 1343 3 1344 194 1345 120 1346 206 1347 338 1348 316 1349 195 1350 192 1351 36 1352 41 1353 195 1354 36 1355 368 1356 196 1357 68 1358 599 1359 640 1360 500 1361 34 1362 150 1363 197 1364 197 1365 13 1366 34 1367 463 1368 198 1369 414 1370 343 1371 448 1372 198 1373 314 1374 63 1375 375 1376 435 1377 333 1378 467 1379 460 1380 405 1381 200 1382 416 1383 50 1384 200 1385 25 1386 201 1387 115 1388 226 1389 201 1390 25 1391 147 1392 25 1393 201 1394 201 1395 25 1396 147 1397 27 1398 120 1399 202 1400 27 1401 202 1402 88 1403 24 1404 110 1405 203 1406 24 1407 203 1408 117 1409 125 1410 204 1411 18 1412 58 1413 18 1414 204 1415 529 1416 617 1417 305 1418 499 1419 339 1420 299 1421 12 1422 28 1423 348 1424 316 1425 12 1426 348 1427 431 1428 397 1429 486 1430 497 1431 478 1432 492 1433 105 1434 208 1435 475 1436 398 1437 320 1438 35 1439 51 1440 209 1441 101 1442 209 1443 93 1444 101 1445 210 1446 309 1447 122 1448 112 1449 426 1450 331 1451 34 1452 13 1453 211 1454 13 1455 157 1456 211 1457 349 1458 282 1459 67 1460 212 1461 283 1462 104 1463 213 1464 6 1465 433 1466 345 1467 296 1468 346 1469 218 1470 214 1471 30 1472 214 1473 155 1474 30 1475 121 1476 215 1477 335 1478 414 1479 198 1480 215 1481 216 1482 611 1483 87 1484 188 1485 216 1486 87 1487 217 1488 90 1489 30 1490 16 1491 90 1492 217 1493 174 1494 218 1495 96 1496 96 1497 218 1498 160 1499 47 1500 180 1501 219 1502 47 1503 219 1504 221 1505 220 1506 113 1507 51 1508 102 1509 113 1510 220 1511 301 1512 47 1513 221 1514 301 1515 221 1516 354 1517 32 1518 643 1519 222 1520 8 1521 32 1522 222 1523 128 1524 374 1525 276 1526 128 1527 70 1528 374 1529 40 1530 79 1531 224 1532 169 1533 224 1534 79 1535 225 1536 49 1537 313 1538 138 1539 449 1540 10 1541 145 1542 226 1543 98 1544 226 1545 21 1546 258 1547 60 1548 227 1549 30 1550 103 1551 227 1552 60 1553 23 1554 228 1555 69 1556 295 1557 163 1558 228 1559 188 1560 229 1561 40 1562 40 1563 229 1564 253 1565 147 1566 230 1567 82 1568 230 1569 147 1570 624 1571 147 1572 25 1573 230 1574 115 1575 147 1576 230 1577 54 1578 71 1579 231 1580 71 1581 150 1582 231 1583 200 1584 405 1585 612 1586 532 1587 600 1588 484 1589 495 1590 310 1591 403 1592 233 1593 255 1594 327 1595 111 1596 92 1597 234 1598 632 1599 266 1600 627 1601 59 1602 332 1603 474 1604 294 1605 161 1606 235 1607 337 1608 390 1609 391 1610 236 1611 370 1612 19 1613 387 1614 328 1615 143 1616 340 1617 435 1618 387 1619 9 1620 141 1621 238 1622 9 1623 238 1624 103 1625 547 1626 129 1627 239 1628 239 1629 370 1630 236 1631 109 1632 65 1633 240 1634 240 1635 502 1636 109 1637 241 1638 106 1639 94 1640 54 1641 106 1642 241 1643 376 1644 332 1645 59 1646 398 1647 450 1648 59 1649 357 1650 366 1651 365 1652 243 1653 64 1654 158 1655 14 1656 146 1657 244 1658 14 1659 244 1660 152 1661 82 1662 245 1663 515 1664 147 1665 425 1666 82 1667 358 1668 366 1669 357 1670 68 1671 196 1672 246 1673 62 1674 504 1675 359 1676 341 1677 247 1678 447 1679 65 1680 248 1681 240 1682 65 1683 75 1684 248 1685 249 1686 281 1687 512 1688 20 1689 226 1690 249 1691 249 1692 67 1693 20 1694 249 1695 20 1696 58 1697 373 1698 422 1699 482 1700 465 1701 514 1702 631 1703 384 1704 251 1705 243 1706 323 1707 430 1708 428 1709 458 1710 252 1711 629 1712 383 1713 252 1714 401 1715 40 1716 253 1717 126 1718 126 1719 253 1720 279 1721 91 1722 254 1723 44 1724 596 1725 609 1726 44 1727 255 1728 17 1729 327 1730 393 1731 337 1732 391 1733 256 1734 202 1735 516 1736 256 1737 75 1738 132 1739 171 1740 72 1741 257 1742 257 1743 72 1744 58 1745 258 1746 98 1747 21 1748 258 1749 98 1750 21 1751 98 1752 226 1753 258 1754 258 1755 21 1756 98 1757 258 1758 21 1759 98 1760 325 1761 98 1762 258 1763 578 1764 312 1765 637 1766 497 1767 487 1768 480 1769 260 1770 46 1771 141 1772 260 1773 141 1774 9 1775 293 1776 535 1777 386 1778 312 1779 448 1780 620 1781 593 1782 262 1783 151 1784 0 1785 151 1786 645 1787 151 1788 290 1789 262 1790 262 1791 0 1792 151 1793 263 1794 311 1795 130 1796 21 1797 263 1798 130 1799 460 1800 264 1801 405 1802 264 1803 50 1804 201 1805 458 1806 506 1807 443 1808 582 1809 451 1810 606 1811 42 1812 266 1813 632 1814 102 1815 266 1816 42 1817 583 1818 646 1819 543 1820 511 1821 31 1822 602 1823 466 1824 78 1825 588 1826 268 1827 575 1828 429 1829 15 1830 152 1831 269 1832 269 1833 131 1834 15 1835 472 1836 131 1837 270 1838 496 1839 568 1840 584 1841 500 1842 196 1843 485 1844 271 1845 402 1846 196 1847 478 1848 397 1849 570 1850 149 1851 272 1852 33 1853 12 1854 133 1855 273 1856 273 1857 291 1858 12 1859 145 1860 98 1861 274 1862 145 1863 274 1864 84 1865 500 1866 485 1867 599 1868 283 1869 524 1870 11 1871 38 1872 276 1873 132 1874 38 1875 128 1876 276 1877 67 1878 323 1879 277 1880 114 1881 289 1882 277 1883 278 1884 49 1885 136 1886 136 1887 49 1888 278 1889 181 1890 279 1891 47 1892 279 1893 163 1894 47 1895 418 1896 546 1897 493 1898 373 1899 482 1900 536 1901 512 1902 281 1903 436 1904 481 1905 439 1906 159 1907 430 1908 396 1909 358 1910 212 1911 104 1912 282 1913 444 1914 400 1915 74 1916 74 1917 283 1918 212 1919 284 1920 185 1921 399 1922 213 1923 424 1924 284 1925 285 1926 18 1927 647 1928 190 1929 18 1930 285 1931 286 1932 554 1933 69 1934 109 1935 502 1936 527 1937 371 1938 571 1939 146 1940 146 1941 571 1942 265 1943 420 1944 539 1945 490 1946 321 1947 567 1948 122 1949 289 1950 4 1951 277 1952 4 1953 289 1954 520 1955 107 1956 290 1957 132 1958 262 1959 290 1960 107 1961 28 1962 291 1963 75 1964 291 1965 28 1966 12 1967 292 1968 82 1969 515 1970 147 1971 82 1972 292 1973 293 1974 86 1975 410 1976 300 1977 339 1978 293 1979 294 1980 360 1981 2 1982 149 1983 294 1984 235 1985 438 1986 557 1987 295 1988 295 1989 228 1990 23 1991 433 1992 296 1993 345 1994 479 1995 562 1996 296 1997 335 1998 215 1999 297 2000 26 2001 297 2002 569 2003 121 2004 335 2005 298 2006 298 2007 300 2008 414 2009 182 2010 205 2011 299 2012 299 2013 373 2014 530 2015 414 2016 300 2017 463 2018 343 2019 300 2020 386 2021 120 2022 46 2023 301 2024 174 2025 301 2026 46 2027 529 2028 205 2029 617 2030 521 2031 205 2032 466 2033 303 2034 135 2035 185 2036 303 2037 208 2038 555 2039 84 2040 572 2041 234 2042 84 2043 274 2044 572 2045 293 2046 410 2047 392 2048 432 2049 503 2050 470 2051 302 2052 437 2053 507 2054 380 2055 306 2056 317 2057 154 2058 138 2059 307 2060 307 2061 636 2062 610 2063 371 2064 551 2065 571 2066 452 2067 388 2068 308 2069 76 2070 321 2071 309 2072 309 2073 331 2074 76 2075 403 2076 310 2077 158 2078 158 2079 532 2080 484 2081 311 2082 70 2083 130 2084 311 2085 49 2086 70 2087 552 2088 312 2089 578 2090 312 2091 552 2092 526 2093 110 2094 10 2095 313 2096 313 2097 10 2098 225 2099 314 2100 431 2101 199 2102 467 2103 199 2104 435 2105 457 2106 361 2107 315 2108 21 2109 315 2110 98 2111 338 2112 3 2113 316 2114 120 2115 316 2116 3 2117 306 2118 52 2119 317 2120 317 2121 52 2122 15 2123 318 2124 59 2125 385 2126 538 2127 398 2128 59 2129 371 2130 14 2131 319 2132 319 2133 14 2134 152 2135 112 2136 382 2137 320 2138 320 2139 398 2140 505 2141 406 2142 321 2143 76 2144 321 2145 2 2146 288 2147 215 2148 326 2149 322 2150 215 2151 322 2152 465 2153 277 2154 323 2155 114 2156 114 2157 323 2158 251 2159 324 2160 92 2161 20 2162 92 2163 585 2164 166 2165 176 2166 325 2167 349 2168 98 2169 325 2170 549 2171 326 2172 381 2173 518 2174 198 2175 326 2176 215 2177 539 2178 118 2179 327 2180 327 2181 118 2182 233 2183 328 2184 504 2185 62 2186 143 2187 328 2188 62 2189 202 2190 329 2191 88 2192 27 2193 88 2194 329 2195 88 2196 329 2197 202 2198 88 2199 69 2200 329 2201 330 2202 434 2203 506 2204 543 2205 506 2206 458 2207 331 2208 309 2209 210 2210 517 2211 404 2212 331 2213 235 2214 332 2215 461 2216 235 2217 474 2218 332 2219 381 2220 526 2221 518 2222 63 2223 314 2224 333 2225 334 2226 4 2227 520 2228 520 2229 613 2230 334 2231 297 2232 26 2233 335 2234 335 2235 422 2236 298 2237 205 2238 521 2239 617 2240 336 2241 302 2242 507 2243 236 2244 19 2245 337 2246 246 2247 236 2248 337 2249 194 2250 3 2251 338 2252 338 2253 175 2254 194 2255 339 2256 86 2257 293 2258 339 2259 499 2260 86 2261 322 2262 340 2263 544 2264 143 2265 340 2266 387 2267 341 2268 440 2269 471 2270 6 2271 247 2272 341 2273 49 2274 110 2275 342 2276 342 2277 49 2278 110 2279 49 2280 342 2281 110 2282 110 2283 49 2284 342 2285 110 2286 342 2287 49 2288 49 2289 342 2290 110 2291 119 2292 343 2293 198 2294 343 2295 119 2296 300 2297 180 2298 47 2299 344 2300 180 2301 344 2302 354 2303 459 2304 345 2305 123 2306 433 2307 345 2308 213 2309 345 2310 346 2311 123 2312 563 2313 461 2314 123 2315 131 2316 568 2317 270 2318 454 2319 270 2320 614 2321 348 2322 363 2323 206 2324 316 2325 348 2326 206 2327 325 2328 212 2329 349 2330 349 2331 212 2332 282 2333 350 2334 394 2335 261 2336 29 2337 350 2338 261 2339 186 2340 67 2341 351 2342 201 2343 587 2344 351 2345 128 2346 352 2347 130 2348 128 2349 38 2350 352 2351 131 2352 584 2353 568 2354 269 2355 584 2356 131 2357 301 2358 354 2359 142 2360 598 2361 344 2362 142 2363 299 2364 530 2365 182 2366 466 2367 580 2368 78 2369 225 2370 356 2371 49 2372 356 2373 498 2374 527 2375 243 2376 357 2377 64 2378 251 2379 357 2380 243 2381 396 2382 68 2383 358 2384 68 2385 246 2386 358 2387 476 2388 595 2389 594 2390 594 2391 359 2392 504 2393 497 2394 480 2395 445 2396 149 2397 480 2398 294 2399 489 2400 94 2401 97 2402 97 2403 43 2404 489 2405 362 2406 564 2407 234 2408 234 2409 166 2410 362 2411 363 2412 175 2413 206 2414 194 2415 175 2416 363 2417 589 2418 531 2419 622 2420 252 2421 589 2422 622 2423 64 2424 365 2425 255 2426 357 2427 365 2428 64 2429 366 2430 246 2431 337 2432 358 2433 246 2434 366 2435 75 2436 256 2437 367 2438 75 2439 367 2440 120 2441 196 2442 368 2443 485 2444 104 2445 11 2446 368 2447 191 2448 52 2449 369 2450 191 2451 369 2452 15 2453 239 2454 129 2455 370 2456 382 2457 370 2458 129 2459 551 2460 371 2461 55 2462 319 2463 55 2464 371 2465 37 2466 508 2467 372 2468 553 2469 37 2470 372 2471 280 2472 177 2473 373 2474 373 2475 177 2476 530 2477 223 2478 417 2479 374 2480 374 2481 0 2482 223 2483 116 2484 259 2485 375 2486 63 2487 116 2488 375 2489 424 2490 376 2491 242 2492 59 2493 242 2494 519 2495 429 2496 575 2497 451 2498 5 2499 377 2500 78 2501 501 2502 295 2503 378 2504 273 2505 133 2506 378 2507 45 2508 379 2509 249 2510 45 2511 145 2512 379 2513 193 2514 306 2515 380 2516 270 2517 193 2518 472 2519 198 2520 312 2521 381 2522 198 2523 381 2524 326 2525 382 2526 594 2527 475 2528 320 2529 382 2530 35 2531 583 2532 534 2533 38 2534 38 2535 534 2536 352 2537 114 2538 251 2539 384 2540 384 2541 289 2542 114 2543 59 2544 474 2545 385 2546 426 2547 385 2548 161 2549 29 2550 343 2551 386 2552 386 2553 350 2554 29 2555 479 2556 237 2557 562 2558 328 2559 387 2560 560 2561 369 2562 52 2563 388 2564 52 2565 306 2566 388 2567 500 2568 640 2569 615 2570 615 2571 640 2572 297 2573 337 2574 19 2575 390 2576 390 2577 19 2578 404 2579 393 2580 391 2581 17 2582 391 2583 517 2584 17 2585 559 2586 392 2587 410 2588 394 2589 392 2590 510 2591 255 2592 393 2593 17 2594 365 2595 393 2596 255 2597 394 2598 510 2599 633 2600 394 2601 633 2602 200 2603 122 2604 395 2605 210 2606 395 2607 539 2608 327 2609 368 2610 396 2611 104 2612 104 2613 396 2614 282 2615 272 2616 397 2617 33 2618 397 2619 272 2620 346 2621 208 2622 398 2623 35 2624 450 2625 398 2626 208 2627 555 2628 247 2629 399 2630 399 2631 185 2632 135 2633 283 2634 400 2635 524 2636 74 2637 400 2638 283 2639 173 2640 21 2641 401 2642 444 2643 401 2644 252 2645 239 2646 402 2647 547 2648 402 2649 239 2650 236 2651 233 2652 495 2653 403 2654 403 2655 255 2656 233 2657 404 2658 112 2659 331 2660 112 2661 404 2662 382 2663 405 2664 4 2665 334 2666 264 2667 4 2668 405 2669 406 2670 2 2671 321 2672 161 2673 2 2674 406 2675 421 2676 407 2677 556 2678 308 2679 551 2680 55 2681 516 2682 202 2683 408 2684 408 2685 202 2686 120 2687 0 2688 70 2689 409 2690 70 2691 0 2692 409 2693 305 2694 559 2695 561 2696 561 2697 529 2698 305 2699 411 2700 20 2701 111 2702 627 2703 285 2704 647 2705 412 2706 153 2707 462 2708 412 2709 315 2710 153 2711 566 2712 532 2713 620 2714 448 2715 566 2716 620 2717 121 2718 414 2719 215 2720 121 2721 298 2722 414 2723 415 2724 138 2725 10 2726 509 2727 610 2728 636 2729 416 2730 415 2731 10 2732 245 2733 416 2734 10 2735 107 2736 542 2737 223 2738 542 2739 107 2740 132 2741 364 2742 531 2743 280 2744 586 2745 177 2746 280 2747 290 2748 419 2749 132 2750 290 2751 151 2752 419 2753 118 2754 539 2755 420 2756 118 2757 420 2758 233 2759 421 2760 388 2761 268 2762 429 2763 421 2764 268 2765 26 2766 422 2767 335 2768 422 2769 26 2770 482 2771 222 2772 643 2773 607 2774 423 2775 82 2776 515 2777 284 2778 424 2779 185 2780 242 2781 185 2782 424 2783 425 2784 245 2785 82 2786 425 2787 416 2788 245 2789 426 2790 406 2791 76 2792 426 2793 76 2794 576 2795 38 2796 590 2797 583 2798 537 2799 73 2800 427 2801 428 2802 357 2803 251 2804 323 2805 428 2806 251 2807 407 2808 573 2809 287 2810 287 2811 573 2812 451 2813 282 2814 396 2815 430 2816 282 2817 430 2818 323 2819 314 2820 492 2821 431 2822 207 2823 397 2824 431 2825 7 2826 503 2827 432 2828 591 2829 510 2830 522 2831 99 2832 296 2833 433 2834 471 2835 540 2836 433 2837 244 2838 146 2839 434 2840 146 2841 265 2842 434 2843 296 2844 562 2845 435 2846 199 2847 296 2848 435 2849 159 2850 436 2851 481 2852 436 2853 159 2854 585 2855 528 2856 437 2857 268 2858 437 2859 528 2860 507 2861 23 2862 69 2863 438 2864 23 2865 438 2866 295 2867 439 2868 145 2869 84 2870 439 2871 84 2872 455 2873 440 2874 237 2875 479 2876 237 2877 440 2878 447 2879 175 2880 338 2881 441 2882 175 2883 441 2884 206 2885 100 2886 140 2887 442 2888 625 2889 511 2890 602 2891 443 2892 506 2893 456 2894 418 2895 443 2896 546 2897 173 2898 401 2899 444 2900 173 2901 444 2902 21 2903 149 2904 33 2905 445 2906 445 2907 480 2908 149 2909 49 2910 446 2911 136 2912 446 2913 545 2914 136 2915 328 2916 447 2917 504 2918 560 2919 447 2920 328 2921 448 2922 343 2923 29 2924 448 2925 29 2926 566 2927 10 2928 449 2929 225 2930 225 2931 449 2932 138 2933 450 2934 242 2935 59 2936 450 2937 303 2938 242 2939 456 2940 451 2941 377 2942 575 2943 377 2944 451 2945 55 2946 452 2947 308 2948 55 2949 152 2950 452 2951 459 2952 123 2953 453 2954 461 2955 453 2956 123 2957 200 2958 605 2959 597 2960 619 2961 522 2962 454 2963 166 2964 455 2965 234 2966 455 2967 84 2968 234 2969 456 2970 377 2971 5 2972 5 2973 443 2974 456 2975 21 2976 457 2977 130 2978 315 2979 21 2980 457 2981 21 2982 130 2983 457 2984 457 2985 21 2986 130 2987 130 2988 457 2989 21 2990 21 2991 457 2992 130 2993 458 2994 443 2995 604 2996 252 2997 648 2998 139 2999 459 3000 376 3001 213 3002 345 3003 459 3004 213 3005 50 3006 264 3007 460 3008 200 3009 50 3010 460 3011 272 3012 149 3013 461 3014 272 3015 461 3016 563 3017 304 3018 462 3019 37 3020 462 3021 304 3022 494 3023 119 3024 198 3025 463 3026 119 3027 463 3028 300 3029 464 3030 43 3031 117 3032 489 3033 43 3034 464 3035 297 3036 465 3037 615 3038 297 3039 215 3040 465 3041 574 3042 205 3043 182 3044 574 3045 182 3046 355 3047 467 3048 314 3049 199 3050 333 3051 314 3052 467 3053 395 3054 468 3055 210 3056 17 3057 517 3058 468 3059 92 3060 186 3061 469 3062 587 3063 186 3064 351 3065 470 3066 193 3067 565 3068 336 3069 507 3070 470 3071 471 3072 6 3073 341 3074 433 3075 6 3076 471 3077 193 3078 380 3079 472 3080 131 3081 472 3082 380 3083 473 3084 521 3085 336 3086 473 3087 336 3088 503 3089 161 3090 474 3091 235 3092 385 3093 474 3094 161 3095 475 3096 208 3097 35 3098 35 3099 382 3100 475 3101 547 3102 476 3103 129 3104 129 3105 476 3106 382 3107 621 3108 82 3109 423 3110 147 3111 82 3112 477 3113 445 3114 33 3115 478 3116 33 3117 397 3118 478 3119 479 3120 296 3121 99 3122 540 3123 440 3124 479 3125 480 3126 360 3127 294 3128 480 3129 288 3130 360 3131 281 3132 439 3133 481 3134 281 3135 481 3136 436 3137 26 3138 250 3139 482 3140 250 3141 603 3142 482 3143 483 3144 148 3145 37 3146 37 3147 462 3148 483 3149 289 3150 484 3151 232 3152 289 3153 384 3154 484 3155 485 3156 11 3157 275 3158 368 3159 11 3160 485 3161 199 3162 431 3163 486 3164 199 3165 486 3166 346 3167 490 3168 487 3169 259 3170 375 3171 259 3172 487 3173 258 3174 21 3175 488 3176 325 3177 258 3178 488 3179 361 3180 70 3181 489 3182 361 3183 489 3184 315 3185 567 3186 487 3187 490 3188 567 3189 490 3190 122 3191 153 3192 315 3193 491 3194 153 3195 491 3196 117 3197 492 3198 207 3199 431 3200 492 3201 478 3202 207 3203 177 3204 493 3205 530 3206 177 3207 418 3208 493 3209 274 3210 98 3211 494 3212 494 3213 304 3214 274 3215 420 3216 495 3217 233 3218 578 3219 495 3220 420 3221 91 3222 601 3223 254 3224 601 3225 609 3226 254 3227 375 3228 497 3229 492 3230 497 3231 375 3232 487 3233 138 3234 498 3235 225 3236 225 3237 498 3238 356 3239 205 3240 499 3241 299 3242 499 3243 205 3244 529 3245 271 3246 196 3247 500 3248 500 3249 389 3250 271 3251 501 3252 378 3253 133 3254 501 3255 133 3256 120 3257 95 3258 502 3259 378 3260 286 3261 502 3262 554 3263 305 3264 473 3265 503 3266 305 3267 503 3268 7 3269 105 3270 504 3271 247 3272 447 3273 247 3274 504 3275 505 3276 318 3277 112 3278 505 3279 112 3280 320 3281 434 3282 265 3283 506 3284 582 3285 606 3286 506 3287 470 3288 507 3289 193 3290 507 3291 528 3292 193 3293 115 3294 230 3295 508 3296 37 3297 115 3298 508 3299 509 3300 415 3301 416 3302 509 3303 138 3304 415 3305 623 3306 510 3307 392 3308 510 3309 7 3310 522 3311 618 3312 31 3313 511 3314 442 3315 618 3316 511 3317 436 3318 20 3319 512 3320 20 3321 249 3322 512 3323 154 3324 307 3325 638 3326 307 3327 347 3328 581 3329 514 3330 544 3331 62 3332 514 3333 62 3334 359 3335 515 3336 82 3337 110 3338 82 3339 110 3340 515 3341 110 3342 82 3343 515 3344 292 3345 515 3346 110 3347 245 3348 642 3349 515 3350 515 3351 611 3352 607 3353 367 3354 256 3355 516 3356 367 3357 516 3358 408 3359 517 3360 210 3361 468 3362 210 3363 517 3364 331 3365 63 3366 333 3367 518 3368 333 3369 340 3370 518 3371 376 3372 59 3373 519 3374 376 3375 519 3376 242 3377 520 3378 289 3379 232 3380 641 3381 520 3382 232 3383 521 3384 302 3385 336 3386 302 3387 521 3388 588 3389 522 3390 432 3391 565 3392 522 3393 7 3394 432 3395 400 3396 252 3397 630 3398 364 3399 630 3400 252 3401 275 3402 524 3403 569 3404 11 3405 524 3406 275 3407 344 3408 525 3409 142 3410 142 3411 525 3412 96 3413 526 3414 63 3415 518 3416 116 3417 63 3418 526 3419 527 3420 502 3421 286 3422 356 3423 527 3424 579 3425 528 3426 306 3427 193 3428 306 3429 528 3430 268 3431 86 3432 499 3433 529 3434 86 3435 529 3436 561 3437 530 3438 493 3439 355 3440 355 3441 182 3442 530 3443 418 3444 531 3445 443 3446 586 3447 280 3448 531 3449 413 3450 532 3451 310 3452 310 3453 532 3454 158 3455 454 3456 614 3457 533 3458 454 3459 533 3460 200 3461 534 3462 383 3463 352 3464 629 3465 252 3466 383 3467 394 3468 350 3469 535 3470 386 3471 535 3472 350 3473 536 3474 603 3475 280 3476 536 3477 280 3478 373 3479 38 3480 73 3481 537 3482 38 3483 537 3484 590 3485 318 3486 398 3487 538 3488 538 3489 59 3490 318 3491 122 3492 539 3493 395 3494 122 3495 490 3496 539 3497 99 3498 540 3499 479 3500 433 3501 540 3502 99 3503 148 3504 541 3505 372 3506 632 3507 372 3508 541 3509 223 3510 542 3511 417 3512 417 3513 542 3514 132 3515 330 3516 506 3517 543 3518 330 3519 543 3520 646 3521 62 3522 544 3523 143 3524 143 3525 544 3526 340 3527 69 3528 228 3529 545 3530 69 3531 545 3532 144 3533 69 3534 545 3535 228 3536 136 3537 545 3538 69 3539 5 3540 546 3541 443 3542 5 3543 78 3544 546 3545 271 3546 631 3547 547 3548 547 3549 402 3550 271 3551 458 3552 604 3553 635 3554 458 3555 548 3556 252 3557 549 3558 325 3559 176 3560 145 3561 549 3562 176 3563 276 3564 550 3565 132 3566 276 3567 374 3568 550 3569 287 3570 551 3571 407 3572 407 3573 551 3574 308 3575 552 3576 578 3577 116 3578 552 3579 116 3580 526 3581 362 3582 37 3583 553 3584 553 3585 651 3586 362 3587 95 3588 554 3589 502 3590 69 3591 554 3592 95 3593 555 3594 135 3595 303 3596 135 3597 555 3598 399 3599 556 3600 407 3601 308 3602 308 3603 388 3604 556 3605 295 3606 557 3607 378 3608 378 3609 557 3610 95 3611 558 3612 653 3613 58 3614 411 3615 653 3616 558 3617 623 3618 559 3619 305 3620 623 3621 392 3622 559 3623 560 3624 237 3625 447 3626 560 3627 387 3628 237 3629 559 3630 410 3631 561 3632 410 3633 86 3634 561 3635 387 3636 562 3637 237 3638 435 3639 562 3640 387 3641 123 3642 346 3643 563 3644 272 3645 563 3646 346 3647 564 3648 652 3649 111 3650 234 3651 564 3652 111 3653 565 3654 193 3655 270 3656 565 3657 270 3658 522 3659 566 3660 29 3661 641 3662 641 3663 600 3664 566 3665 480 3666 567 3667 288 3668 288 3669 567 3670 321 3671 581 3672 347 3673 568 3674 270 3675 568 3676 347 3677 569 3678 524 3679 639 3680 26 3681 569 3682 639 3683 478 3684 570 3685 207 3686 570 3687 397 3688 207 3689 582 3690 571 3691 287 3692 287 3693 571 3694 551 3695 274 3696 304 3697 572 3698 572 3699 304 3700 234 3701 429 3702 573 3703 421 3704 451 3705 573 3706 429 3707 466 3708 205 3709 574 3710 466 3711 574 3712 580 3713 588 3714 78 3715 575 3716 78 3717 377 3718 575 3719 76 3720 331 3721 576 3722 426 3723 576 3724 331 3725 646 3726 618 3727 442 3728 442 3729 330 3730 577 3731 116 3732 578 3733 259 3734 490 3735 259 3736 578 3737 579 3738 527 3739 286 3740 579 3741 286 3742 136 3743 355 3744 493 3745 580 3746 355 3747 580 3748 574 3749 581 3750 513 3751 307 3752 513 3753 581 3754 496 3755 506 3756 265 3757 582 3758 582 3759 265 3760 571 3761 267 3762 646 3763 583 3764 583 3765 427 3766 267 3767 601 3768 584 3769 609 3770 269 3771 353 3772 584 3773 324 3774 585 3775 92 3776 324 3777 436 3778 585 3779 586 3780 418 3781 177 3782 586 3783 531 3784 418 3785 186 3786 587 3787 469 3788 201 3789 469 3790 587 3791 268 3792 588 3793 575 3794 268 3795 302 3796 588 3797 139 3798 589 3799 252 3800 604 3801 443 3802 628 3803 537 3804 427 3805 590 3806 583 3807 644 3808 427 3809 200 3810 633 3811 189 3812 591 3813 522 3814 189 3815 592 3816 110 3817 515 3818 245 3819 110 3820 642 3821 593 3822 88 3823 262 3824 88 3825 593 3826 151 3827 202 3828 88 3829 593 3830 88 3831 202 3832 593 3833 594 3834 504 3835 105 3836 475 3837 594 3838 105 3839 594 3840 595 3841 359 3842 514 3843 359 3844 595 3845 44 3846 254 3847 596 3848 254 3849 609 3850 596 3851 200 3852 597 3853 454 3854 454 3855 597 3856 619 3857 142 3858 354 3859 598 3860 354 3861 344 3862 598 3863 275 3864 569 3865 599 3866 485 3867 275 3868 599 3869 641 3870 232 3871 600 3872 232 3873 484 3874 600 3875 91 3876 496 3877 601 3878 496 3879 584 3880 601 3881 602 3882 140 3883 100 3884 625 3885 602 3886 100 3887 364 3888 280 3889 603 3890 364 3891 603 3892 250 3893 635 3894 604 3895 139 3896 604 3897 628 3898 139 3899 189 3900 605 3901 200 3902 605 3903 189 3904 597 3905 456 3906 606 3907 451 3908 506 3909 606 3910 456 3911 515 3912 607 3913 423 3914 423 3915 607 3916 643 3917 250 3918 523 3919 608 3920 400 3921 608 3922 523 3923 44 3924 609 3925 353 3926 584 3927 353 3928 609 3929 533 3930 610 3931 200 3932 509 3933 200 3934 610 3935 49 3936 611 3937 110 3938 110 3939 611 3940 515 3941 334 3942 261 3943 634 3944 634 3945 405 3946 334 3947 613 3948 29 3949 261 3950 334 3951 613 3952 261 3953 533 3954 614 3955 347 3956 614 3957 270 3958 347 3959 500 3960 615 3961 389 3962 615 3963 465 3964 389 3965 638 3966 616 3967 154 3968 496 3969 616 3970 513 3971 617 3972 473 3973 305 3974 617 3975 521 3976 473 3977 267 3978 618 3979 646 3980 267 3981 31 3982 618 3983 619 3984 597 3985 189 3986 189 3987 522 3988 619 3989 620 3990 532 3991 413 3992 312 3993 620 3994 413 3995 477 3996 82 3997 621 3998 66 3999 477 4000 621 4001 622 4002 364 4003 252 4004 622 4005 531 4006 364 4007 623 4008 305 4009 7 4010 7 4011 510 4012 623 4013 148 4014 624 4015 66 4016 624 4017 477 4018 66 4019 442 4020 625 4021 100 4022 442 4023 511 4024 625 4025 585 4026 159 4027 626 4028 585 4029 626 4030 166 4031 627 4032 647 4033 651 4034 553 4035 627 4036 651 4037 628 4038 531 4039 589 4040 139 4041 628 4042 589 4043 583 4044 629 4045 534 4046 534 4047 629 4048 383 4049 364 4050 608 4051 630 4052 630 4053 608 4054 400 4055 271 4056 389 4057 631 4058 389 4059 465 4060 631 4061 632 4062 627 4063 553 4064 553 4065 372 4066 632 4067 633 4068 510 4069 591 4070 591 4071 189 4072 633 4073 612 4074 405 4075 634 4076 634 4077 394 4078 612 4079 548 4080 458 4081 635 4082 648 4083 635 4084 139 4085 138 4086 636 4087 307 4088 636 4089 138 4090 509 4091 413 4092 637 4093 312 4094 413 4095 310 4096 637 4097 513 4098 616 4099 638 4100 513 4101 638 4102 307 4103 639 4104 250 4105 26 4106 639 4107 523 4108 250 4109 599 4110 569 4111 640 4112 297 4113 640 4114 569 4115 641 4116 29 4117 613 4118 613 4119 520 4120 641 4121 110 4122 592 4123 642 4124 642 4125 592 4126 515 4127 621 4128 643 4129 203 4130 423 4131 643 4132 621 4133 583 4134 590 4135 644 4136 644 4137 590 4138 427 4139 151 4140 262 4141 645 4142 262 4143 0 4144 645 4145 577 4146 646 4147 442 4148 330 4149 646 4150 577 4151 651 4152 647 4153 650 4154 647 4155 1 4156 650 4157 252 4158 548 4159 648 4160 548 4161 635 4162 648 4163 653 4164 1 4165 58 4166 650 4167 1 4168 649 4169 652 4170 653 4171 411 4172 111 4173 652 4174 411 4175 651 4176 650 4177 564 4178 362 4179 651 4180 564 4181 564 4182 650 4183 652 4184 650 4185 649 4186 652 4187 652 4188 649 4189 653 4190 654 4191 82 4192 147 4193 654 4194 147 4195 82 4196 655 4197 70 4198 0 4199 0 4200 70 4201 655 4202 657 4203 147 4204 656 4205 657 4206 147 4207 656 4208 138 4209 658 4210 307 4211 307 4212 658 4213 138 4214 659 4215 347 4216 568 4217 568 4218 347 4219 659 4220 583 4221 267 4222 660 4223 583 4224 660 4225 267 4226 661 4227 658 4228 307 4229 661 4230 307 4231 658 4232 49 4233 342 4234 662 4235 49 4236 662 4237 342 4238 663 4239 69 4240 136 4241 663 4242 136 4243 69 4244 75 4245 664 4246 194 4247 75 4248 194 4249 664 4250 511 4251 665 4252 618 4253 665 4254 511 4255 618 4256</p>
        </triangles>
      </mesh>
    </geometry>
    <geometry id="FBXASC227FBXASC130FBXASC189FBXASC227FBXASC131FBXASC170FBXASC227FBXASC131FBXASC131FBXASC227FBXASC131FBXASC1375-lib" name="FBXASC227FBXASC130FBXASC189FBXASC227FBXASC131FBXASC170FBXASC227FBXASC131FBXASC131FBXASC227FBXASC131FBXASC1375Mesh">
      <mesh>
        <source id="FBXASC227FBXASC130FBXASC189FBXASC227FBXASC131FBXASC170FBXASC227FBXASC131FBXASC131FBXASC227FBXASC131FBXASC1375-POSITION">
          <float_array id="FBXASC227FBXASC130FBXASC189FBXASC227FBXASC131FBXASC170FBXASC227FBXASC131FBXASC131FBXASC227FBXASC131FBXASC1375-POSITION-array" count="1998">0.001451261 0.00128018 0.00251937 -0.003885031 0.002096742 0.002791711 0.000145229 0.002325874 0.002506379 0.000937142 0.0020422 0.00189089 0.000463251 0.000905512 0.002972413 0.001161187 0.001993765 0.002735257 -0.003781969 0.002126062 0.002004548 9.3712e-05 0.001440118 0.001868572 0.000177858 0.001259843 0.00248834 -0.004197001 0.002791256 0.002804552 -0.001033584 0.002289553 0.002881648 0.000265401 0.002612236 0.002149471 0.001085465 0.001259843 0.00223228 0.00065064 0.00238325 0.002783025 -0.001033584 0.002289553 0.001921502 0.000342601 0.001259843 0.002156942 0.001334962 0.001773798 0.002150024 -0.004197001 0.002791256 0.001998597 0.000944807 0.000905512 0.001885782 0.001567795 0.000905512 0.002465832 0.001433821 0.001259843 0.002252348 0.000607449 0.001259843 0.002570869 0.001085465 0.001259843 0.002570869 -0.000288582 0.002780245 0.002814961 0.00110782 0.001468458 0.002724176 0.000990455 0.001547523 0.00205416 -0.00029921 0.002723587 0.001930547 0.00049655 0.001989809 0.002729913 0.001155633 0.000905512 0.002849586 -0.004127259 0.002299256 0.001940486 -0.004106225 0.002171005 0.002772391 0.001019368 0.001259843 0.002062272 0.000146594 0.000905512 0.001873061 0.00099791 0.002108968 0.00287726 0.000667533 0.001259843 0.002307624 0.000114693 0.002678484 0.002457942 0.000695699 0.002354847 0.002015678 0.000342601 0.001259843 0.002646207 -2.9923e-05 0.002658354 0.002872602 9.0474e-05 0.001264682 0.002860249 0.00014273 0.00197053 0.002336469 -0.000406725 0.001901917 0.002841977 0.001502265 0.001437435 0.002401576 0.001172289 0.001023622 0.002190468 0.001340008 0.001766178 0.00264979 0.001437008 0.001023622 0.002401575 0.00117712 0.001989685 0.002012214 0.000132399 0.002635869 0.002488367 0.000277349 0.001023622 0.002307624 0.000265402 0.002612236 0.002653679 0.000667533 0.001023622 0.002495526 0.000318248 0.002210379 0.002663293 0.001003937 0.001023622 0.002401575 0.000735195 0.001750641 0.002039725 0.000146594 0.000905512 0.002930089 0.000520625 0.001023622 0.002190468 0.000863145 0.001643044 0.002762515 0.001172289 0.001023622 0.002612681 0.000319316 0.002208917 0.002139295 0.001414709 0.001640973 0.002213997 0.000591351 0.001259843 0.002069927 0.000710032 0.000905512 0.001844131 0.000424257 0.001023622 0.002612681 0.00135548 0.001259843 0.002570869 -0.004115565 0.002334924 0.002877061 -0.003625 0.002258323 0.002814961 -0.004028358 0.002119492 0.002030759 0.000732917 0.001259843 0.002752383 -0.000261368 0.001881603 0.001912099 0.001464492 0.000905512 0.002152667 0.001268656 0.001259843 0.002190468 -0.001480089 0.002859864 0.001988189 0.001542325 0.001368097 0.00253911 0.000177859 0.001259843 0.002314808 0.000639435 0.002369872 0.002853077 0.001036479 0.002118267 0.002034676 0.001312255 0.001349206 0.002161359 0.001156047 0.001259843 0.002710027 0.001020364 0.002132143 0.002771586 0.00123324 0.001832887 0.002812171 0.001311596 0.001349557 0.002642174 0.000607898 0.001871329 0.00275179 0.000501205 0.002481767 0.002047592 -0.003625 0.002258323 0.001988189 0.001331829 0.000905512 0.002759093 0.000662689 0.002357926 0.00195034 -0.000380596 0.001839477 0.002014821 -0.000217997 0.00183911 0.00289308 0.000501207 0.00248177 0.002755558 0.001474331 0.001477184 0.00216344 -0.003998529 0.002258168 0.001910453 0.000607449 0.001259843 0.00223228 -0.004206266 0.00236556 0.002772391 0.000465646 0.002325874 0.00273911 -0.002391075 0.00287204 0.002814961 0.001449113 0.001640265 0.002543384 0.00071005 0.000905512 0.002959014 0.000119707 0.002521909 0.002401571 0.001003937 0.001259843 0.002401575 0.001260638 0.001876935 0.002108218 0.001487232 0.00126378 0.002370519 -0.000288582 0.002780245 0.001988189 0.00135548 0.001023622 0.00223228 0.001109075 0.001467655 0.002079311 0.000604122 0.002148202 0.002767263 -0.003642537 0.002313232 0.002872602 0.000255906 0.001259843 0.002401575 0.001265453 0.001870692 0.002692579 0.000277349 0.001023622 0.002495526 8.8681e-05 0.001264093 0.001947483 -0.004042463 0.002339554 0.001909449 0.001048315 0.001970531 0.002041992 0.001415564 0.001023622 0.002495526 0.000463241 0.000905512 0.001830723 -0.004109042 0.002710599 0.002884181 -0.00414934 0.002211973 0.002066929 -0.001050387 0.00220576 0.002796507 -0.001050387 0.00220576 0.002006642 0.000337433 0.001259843 0.002570869 0.000804125 0.002285241 0.002791514 0.000988961 0.001548582 0.002749225 0.000607449 0.001023622 0.00223228 0.000424257 0.001259843 0.002190468 -0.003301795 0.002846909 0.001988189 0.00115564 0.000905512 0.001953568 0.000876583 0.001259843 0.002048235 -1.2087e-05 0.002713171 0.002814961 0.000591347 0.001259843 0.002733221 0.000200248 0.002591608 0.00258901 0.001279062 0.001259843 0.002662748 -0.003981446 0.002189464 0.002877061 0.000864036 0.00224554 0.002013362 0.000864876 0.001641674 0.002040732 0.000216936 0.00129823 0.002956895 0.001512279 0.000905512 0.002591081 0.001371726 0.001259843 0.0021959 0.000337433 0.001023622 0.00223228 -0.004109042 0.002710599 0.001918969 0.001025381 0.001023622 0.002495526 -0.003886625 0.002132633 0.001955635 0.001172289 0.001259843 0.002612681 0.00060969 0.00186952 0.002051104 0.000997911 0.002108968 0.00192589 0.000937141 0.002042199 0.00291226 0.001495983 0.001548556 0.002363227 0.001337849 0.001778982 0.002073807 0.00073324 0.001752384 0.002763342 0.000607449 0.001023622 0.002570869 0.000344343 0.002325874 0.002689321 -0.004012029 0.002154695 0.001958731 0.00046756 0.002148202 0.002733206 0.001268656 0.001023622 0.002612681 7.874e-05 0.000905512 0.002002549 0.001216692 0.001402194 0.002688119 0.000277349 0.001259843 0.002307624 0.000457774 0.001259843 0.002105988 0.001161188 0.001993765 0.002067893 0.000520625 0.001259843 0.002612681 0.000944815 0.000905512 0.002917371 0.000457772 0.001259843 0.00269716 0.001413726 0.001702672 0.002635902 -0.001481363 0.002802232 0.002872602 0.001331844 0.000905512 0.00204406 -0.003642537 0.002313232 0.001930547 -0.003818773 0.002143143 0.002844419 0.000732922 0.001259843 0.002050766 -9.1e-05 0.002122381 0.001897058 -0.003730101 0.00215959 0.002798601 0.001172289 0.001259843 0.002190468 0.000688976 0.001259843 0.002401575 0.001415564 0.001023622 0.002307624 0.000277349 0.001259843 0.002495526 0.000157194 0.002325874 0.002274779 0.001415564 0.001259843 0.002307624 0.001217686 0.001401618 0.002115431 0.00024276 0.002587732 0.001955635 0.001487232 0.00126378 0.002459404 0.000520625 0.001259843 0.002190468 0.000255906 0.001023622 0.002401575 0.001156049 0.001259843 0.002093124 0.001025381 0.001023622 0.002307624 0.001025381 0.001259843 0.002495526 0.000424257 0.001259843 0.002612681 0.000346791 0.002587506 0.002066929 1.087e-06 0.00146095 0.002881141 -0.000137369 0.002143781 0.002902993 -0.0041915 0.002401304 0.001988189 9.6731e-05 0.000905512 0.002873695 0.000603014 0.002325874 0.002773368 0.000417388 0.001260684 0.001831421 0.000250699 0.002306992 0.002621458 0.000174618 0.002426714 0.00225359 0.00015748 0.001259843 0.002401575 0.001025381 0.001259843 0.002307624 0.000688976 0.001023622 0.002401575 -0.001481363 0.002802232 0.001930547 0.000424257 0.001023622 0.002190468 0.000520625 0.001023622 0.002612681 0.001549399 0.001418903 0.002333601 -0.001446369 0.002243499 0.002814961 0.000262568 0.002629321 0.00273622 0.000337433 0.001259843 0.00223228 0.001413968 0.001702276 0.002167449 0.00060523 0.00197053 0.002761158 -0.000358829 0.001820931 0.002788748 -1.2087e-05 0.002713171 0.001988189 0.001567799 0.000905512 0.002337327 0.000158013 0.002591609 0.002267749 -0.000210962 0.00167853 0.002005178 0.001019364 0.001259843 0.002740879 0.001085465 0.001023622 0.002570869 0.001437008 0.001259843 0.002401575 -0.001446369 0.002243499 0.001988189 0.001466648 0.00153231 0.002523534 0.001389545 0.001309703 0.002587355 0.000667533 0.001259843 0.002495526 0.001085465 0.001023622 0.00223228 0.001389863 0.001309547 0.002216068 -0.003730556 0.002200167 0.001958731 0.000591048 0.002287976 0.002893354 0.000876578 0.001259843 0.002754915 -0.004006834 0.002287827 0.002893701 0.001415564 0.001259843 0.002495526 0.000259689 0.001259843 0.002213416 0.000120254 0.002325874 0.002401575 -0.001021799 0.002348707 0.001909449 0.001457085 0.001503947 0.002658238 0.00137027 0.001629315 0.002070344 -0.003885031 0.002096742 0.002011439 0.000667533 0.001023622 0.002307624 0.00135548 0.001023622 0.002570869 -0.000313398 0.002646132 0.002893701 0.001268656 0.001259843 0.002612681 0.001041965 0.002009413 0.002888312 -0.003824808 0.002096104 0.00273622 0.000581352 0.002414564 0.002765957 0.001262915 0.001913024 0.002728143 0.001334329 0.001711646 0.00275536 0.001279062 0.001259843 0.002140402 -0.0032988 0.002789344 0.001930547 0.00140407 0.000905512 0.002706731 0.000337433 0.001023622 0.002570869 0.000159974 0.001284049 0.001864758 0.001268656 0.001023622 0.002190468 -0.001480089 0.002859864 0.002814961 -0.0032988 0.002789344 0.002872602 0.000216935 0.000905512 0.001846248 -0.000810221 0.002187581 0.001930547 -0.002391075 0.00287204 0.001988189 -8.5821e-05 0.001621437 0.001916533 -0.003301795 0.002846909 0.002814961 0.000205495 0.002325874 0.002590203 -0.004173787 0.002259011 0.002772391 0.001404086 0.000905512 0.002096423 -0.004008725 0.002120512 0.002798601 0.000591048 0.002287976 0.001909796 -0.003666493 0.00238824 0.002893701 -0.003718548 0.002152429 0.00273622 0.000600873 0.002434633 0.002000094 0.001371726 0.001259843 0.002607249 0.000553339 0.001270436 0.002970902 -0.004091426 0.002210574 0.001958731 0.001141741 0.001933654 0.001951982 0.001394042 0.001678302 0.002608511 -0.00380314 0.002291041 0.001909449 0.00020642 0.001259843 0.00226853 0.00135548 0.001259843 0.00223228 -0.00057041 0.002819096 0.002797543 -0.001021726 0.002349077 0.002893701 0.001244642 0.001935934 0.002106035 0.00125914 0.001766872 0.002001678 0.00024276 0.002587732 0.002847514 0.000828462 0.002313151 0.002743474 0.000259689 0.001259843 0.002589734 0.000128412 0.002506251 0.002461874 0.000216936 0.000905512 0.002956894 0.000962604 0.002212652 0.002034215 -0.004091625 0.002187124 0.002822854 7.6198e-05 0.001518583 0.002934287 -1.2312e-05 0.001448427 0.001948209 -0.002317201 0.00273606 0.001909449 -0.003718548 0.002152429 0.002066929 0.001464477 0.000905512 0.002650488 -0.000313398 0.002646132 0.001909449 0.001433821 0.001259843 0.002550802 -0.003754924 0.002254888 0.002881713 0.000320395 0.002414566 0.002130393 0.000735156 0.001504066 0.001849495 -0.004185153 0.002273526 0.002058094 0.001512292 0.000905512 0.002212076 0.000206419 0.001259843 0.002534618 -0.003749323 0.002182801 0.002844419 -0.00029921 0.002723587 0.002872602 -0.000284187 0.002800896 0.002066929 2.6298e-05 0.001390393 0.002863649 -2.9923e-05 0.002658354 0.001930547 -0.00205398 0.002398908 0.001909449 -0.000618392 0.002023593 0.001988189 -0.000588765 0.002073038 0.002872602 -0.000382624 0.001932663 0.001929913 -0.000215208 0.001683066 0.002797551 -0.003954925 0.002180811 0.001926089 -0.000833453 0.002134828 0.001988189 -0.000833453 0.002134828 0.002814961 0.001451386 0.001280123 0.002283965 0.001077477 0.002061247 0.002846836 0.000123657 0.0012744 0.002910734 -0.000249397 0.00180463 0.002871883 0.0013626 0.001749014 0.002710388 0.000863071 0.001685952 0.002935399 -0.003686735 0.002203759 0.002006664 -0.002361024 0.002322564 0.001930547 -0.003833707 0.002184566 0.002877061 -0.002317201 0.00273606 0.002893701 0.000141985 0.001560356 0.001856962 0.000559809 0.002149001 0.002051268 0.000607374 0.002448038 0.00273622 0.000257214 0.002618082 0.002005562 0.000607374 0.002448038 0.002066929 -0.000284187 0.002800896 0.00273622 -0.004078276 0.002262419 0.002877061 9.6731e-05 0.000905512 0.001929455 -0.004076369 0.002141968 0.002066929 -0.004028913 0.002215062 0.001926089 -5.16e-06 0.00273311 0.002066929 -0.003884578 0.002086614 0.00273622 0.000772505 0.002324733 0.002820656 0.001549399 0.001418903 0.002469548 0.001010876 0.002051841 0.001908339 -0.002361024 0.002243824 0.00273622 -0.004161641 0.002283976 0.001980295 0.001428506 0.001676852 0.00223444 -0.004137072 0.002217213 0.002798601 -0.002361024 0.002264922 0.001988189 0.001546864 0.000905512 0.002529269 -0.003824808 0.002096104 0.002066929 -5.16e-06 0.00273311 0.00273622 -0.003618582 0.002238225 0.00273622 0.001278235 0.001781483 0.002788787 -0.004158521 0.002756007 0.002854997 -0.002361024 0.002322564 0.002872602 0.000194861 0.002487132 0.002893701 -0.000200415 0.001701291 0.002842013 -2.3141e-05 0.001435062 0.001993562 0.000673005 0.002324408 0.001931271 -0.000618392 0.002023593 0.002814961 -0.001043633 0.002239362 0.001955592 -0.00395378 0.002254211 0.002893701 -0.00381463 0.002192653 0.001926089 -0.003618582 0.002238225 0.002066929 0.001081954 0.002091989 0.002762918 -0.001043633 0.002239362 0.002847558 7.6198e-05 0.001698842 0.002934287 -0.003696749 0.002286122 0.001930547 -0.004158521 0.002756007 0.001948152 0.001308576 0.001856988 0.00266407 -0.000778485 0.002259643 0.002893701 0.000343541 0.001298449 0.002968525 -0.001480054 0.002880973 0.00273622 0.001474124 0.001592927 0.002300067 -0.001480054 0.002880973 0.002066929 -0.003666493 0.00238824 0.001909449 -0.003303035 0.002867972 0.00273622 0.000763815 0.002148203 0.002017765 0.001494123 0.001552448 0.002448804 -0.000262966 0.002258463 0.001908222 -0.002391678 0.002893135 0.00273622 -0.003303035 0.002867972 0.002066929 -0.002391678 0.002893135 0.002066929 0.001441559 0.001546032 0.002130112 -0.000572355 0.002785513 0.001955634 -0.004212598 0.002401304 0.002066929 7.874e-05 0.000905512 0.0028006 0.000269864 0.002237038 0.002640777 -0.00411909 0.002183347 0.002030759 0.000874074 0.002222416 0.002859968 0.00011705 0.001272561 0.001899601 0.000257214 0.002618082 0.002797588 -0.004186499 0.002313317 0.002798601 -0.004212598 0.002805527 0.002066929 4.9413e-05 0.001408872 0.00290127 -0.000179808 0.001799441 0.001907534 0.000347172 0.002148202 0.002683799 -0.003808552 0.002114792 0.002798601 -0.002361024 0.002264922 0.002814961 -0.000572355 0.002785513 0.002847516 7.6198e-05 0.001518583 0.001868863 -0.000810221 0.002187581 0.002872602 -0.004064113 0.002165124 0.001980295 0.000221295 0.002542651 0.002881201 0.000939502 0.001879397 0.00188448 -0.003686735 0.002203759 0.002796486 -0.00033474 0.001993749 0.002893701 -0.000778485 0.002259643 0.001909449 -0.004206143 0.002338163 0.00273622 -0.000283125 0.002283473 0.0028937 -0.00057041 0.002819096 0.002005606 -0.000211501 0.001766131 0.001929015 -0.003984975 0.002098695 0.002066929 -0.003696749 0.002286122 0.002872602 0.000221295 0.002542651 0.001921949 0.001086197 0.002095314 0.002035715 -0.002390213 0.002814403 0.002872602 -0.002390213 0.002814403 0.001930547 -0.00379524 0.002153119 0.001958731 -0.004166473 0.002401304 0.002847576 0.001546873 0.000905512 0.00227389 -0.004133858 0.002401304 0.001930547 0.001452051 0.001637059 0.002203477 -0.003827901 0.002122235 0.001980295 -0.000382624 0.001932663 0.002873236 0.000127769 0.002591609 0.00233278 -0.004212598 0.002805527 0.00273622 0.000175136 0.002325874 0.002554932 -0.003970285 0.002121689 0.001980295 -0.004009246 0.002106867 0.00273622 7.874e-05 0.00125988 0.002800601 -0.000588765 0.002073038 0.001930547 -0.004156631 0.002222133 0.00273622 -0.00205398 0.002398908 0.002893701 0.000128701 0.002505735 0.002340291 -0.001052767 0.002193942 0.002066929 0.000969074 0.002077899 0.002901858 0.001141742 0.001933654 0.002851171 0.000130884 0.002325874 0.002332776 -0.00405547 0.00266133 0.0028937 -0.000125129 0.001580051 0.001994701 -6.8236e-05 0.001506562 0.002817492 -0.00395378 0.002254211 0.001909449 0.000889729 0.002148202 0.002785385 0.000304333 0.002325874 0.002136078 0.001499723 0.001436842 0.002608631 -0.003773868 0.002145141 0.002822854 0.001265326 0.001876983 0.002765741 -0.000569693 0.002831507 0.00273622 0.000785243 0.002197162 0.001905314 -0.000569693 0.002831507 0.002066929 -0.000143858 0.001760005 0.002898644 0.000216935 0.00129823 0.001846251 -0.003677145 0.002196568 0.002066929 0.001574803 0.000905512 0.00240158 0.000295487 0.001373637 0.001839462 -0.001443758 0.002301081 0.001930547 0.000853004 0.002196164 0.002885009 -0.003889104 0.002188383 0.002883517 0.000498126 0.001988039 0.002072838 0.000628686 0.002351947 0.001934155 -0.00033474 0.001993749 0.001909449 -0.001443758 0.002301081 0.002872602 0.001010877 0.002051842 0.002894811 0.000148941 0.00247025 0.002510947 0.000251637 0.002305589 0.00218101 -0.000292396 0.001845847 0.001932975 0.001386773 0.001639786 0.00271858 -0.003854636 0.002116027 0.002822854 7.874e-05 0.001259843 0.002004912 -0.003947932 0.002090446 0.00273622 -3.2528e-05 0.001965235 0.002915551 0.001101001 0.002039772 0.001964027 0.000754244 0.002326044 0.002018358 7.696e-06 0.001876411 0.00188135 -0.003884578 0.002086614 0.002066929 0.000616811 0.002331939 0.002881236 -0.00420054 0.002401304 0.002796566 -0.001052767 0.002193942 0.00273622 -0.003750827 0.002160035 0.001980295 -0.003677145 0.002196568 0.00273622 0.000196365 0.002391138 0.002574478 -0.004187194 0.002277583 0.00273622 -2.8945e-05 0.001545514 0.002894823 -0.004065915 0.002135103 0.00273622 0.000969103 0.002195155 0.002808263 0.001185418 0.001869611 0.001967223 8.1526e-05 0.001431805 0.002928363 -0.000273918 0.001776409 0.002836862 -0.004030036 0.002115874 0.002058094 -0.003768567 0.002118398 0.00273622 -0.00410582 0.002308784 0.001926089 -0.00405547 0.00266133 0.001909449 0.000745019 0.002237038 0.002787434 0.000318867 0.002503087 0.002127706 0.000399812 0.002104064 0.002699739 -0.003891592 0.00224394 0.002893701 -0.000575238 0.002735614 0.001921929 -0.000575238 0.002735614 0.002881221 0.000149764 0.002468836 0.002290727 1.6955e-05 0.001381445 0.001968748 -0.003742389 0.002350286 0.002893701 0.0011635 0.001963958 0.00197758 0.000764118 0.001970531 0.002023962 0.000221764 0.002591609 0.002193219 0.000966243 0.002173708 0.002780217 0.000262568 0.002629321 0.002066929 -0.004055118 0.002401304 0.002893701 0.000401149 0.002102407 0.002102906 -0.000423559 0.001880442 0.002003112 -0.003186898 0.00271563 0.002893701 0.000706226 0.001405074 0.002959456 0.001120314 0.001908511 0.002863442 -0.000423559 0.001880442 0.002800037 -0.001447374 0.002722265 0.001909449 -0.000175795 0.001727839 0.002876895 -0.003742389 0.002350286 0.001909449 3.2827e-05 0.001395977 0.001925992 -0.003832669 0.002138621 0.001958731 0.000808361 0.002228607 0.001920614 -5.3687e-05 0.001522827 0.002860365 -0.003754924 0.002254888 0.001921436 0.000466603 0.002237038 0.002736158 -0.003708902 0.002179208 0.002004548 0.000829046 0.002165298 0.002900283 -0.000110376 0.001771793 0.001897433 -0.003767387 0.002133791 0.002798601 -0.000218095 0.001887166 0.002896942 0.00062486 0.001346038 0.001837339 -5.3402e-05 0.001650531 0.001894116 0.000804175 0.001574803 0.002945905 -0.003714048 0.002224238 0.002847576 0.001407594 0.001597482 0.00209999 0.001304187 0.001736722 0.002027781 -0.003582648 0.002243824 0.00273622 -5.4025e-05 0.002583391 0.002893701 -0.000288965 0.001757433 0.002791719 -0.004212598 0.002401304 0.00273622 0.001444952 0.001551543 0.002668813 -0.000110376 0.001771793 0.002905717 0.000194861 0.002487132 0.001909449 -5.4025e-05 0.002583391 0.001909449 0.001499581 0.001540958 0.002401577 0.00087095 0.001704111 0.001869316 -0.003582648 0.002264922 0.002814961 4.586e-05 0.001496712 0.001879837 0.000133839 0.002591608 0.002487806 -0.003582648 0.002264922 0.001988189 -0.000343463 0.001840512 0.002834455 -0.004196365 0.002301494 0.002066929 -1.3946e-05 0.001446749 0.002850625 -0.000218095 0.001887165 0.001906208 -0.001447374 0.002722265 0.002893701 6.2077e-05 0.001842143 0.002927649 -0.000548293 0.002140581 0.002893701 -0.000548293 0.002140581 0.001909449 -0.004121933 0.002180549 0.002058094 0.000201366 0.002547347 0.002587942 0.000350002 0.00197053 0.002678277 0.001358854 0.001644568 0.002740936 0.000114706 0.00171394 0.001865639 -0.003760865 0.002173838 0.001958731 -0.003186898 0.00271563 0.001909449 1.023e-05 0.001952384 0.001883981 0.000304757 0.002608569 0.00273622 0.001253492 0.001930967 0.002692076 -0.003582648 0.002322564 0.001930547 -0.004115463 0.002401304 0.002881643 -0.003582648 0.002322564 0.002872602 0.000271666 0.002148202 0.002638249 0.001065792 0.001988891 0.001922463 -0.004198613 0.002309627 0.002745056 -0.000288283 0.001906701 0.002890242 -0.003850202 0.002090675 0.002745056 -0.003852385 0.002103152 0.002798601 -0.000319059 0.001870182 0.002869564 0.000564354 0.002458915 0.002007668 0.000207717 0.002237038 0.002588036 3.679e-06 0.001572506 0.002917653 0.000197229 0.002389749 0.002227779 -0.000332083 0.001797357 0.002013556 -0.00144019 0.002379741 0.002893701 -0.004042463 0.002339554 0.002893701 0.000840804 0.002121542 0.001896993 0.000156861 0.001532815 0.002948549 -0.001300511 0.002372247 0.001909449 0.00124114 0.001786974 0.002810742 0.000206272 0.001500142 0.001849255 -0.003582648 0.002401304 0.002893701 -0.000171555 0.001723154 0.001925885 0.000748366 0.001529017 0.002951735 0.000816045 0.001678127 0.001862884 0.00027284 0.001363395 0.002963005 -0.000310193 0.001926451 0.001913309 0.000304757 0.002608569 0.002066929 -0.000161484 0.002174127 0.001902292 -0.003714048 0.002224238 0.001955574 -0.000250981 0.001720147 0.002008773 0.000905196 0.001843883 0.001877502 -0.000188268 0.00220323 0.002898812 0.001316114 0.001852161 0.002144396 -0.004055118 0.002401304 0.001909449 -0.003582648 0.002401304 0.001909449 -0.004006834 0.002287827 0.001909449 0.000472385 0.001252283 0.002972441 -4.0799e-05 0.002045519 0.002912004 -0.000578763 0.002674265 0.001909449 -0.000578763 0.002674265 0.002893701 -0.000139591 0.001755182 0.001904105 0.000641159 0.001331526 0.002965715 0.000453891 0.001268536 0.001831377 -0.00033474 0.002275905 0.001909449 -7.8183e-05 0.002052318 0.001893723 -9.0995e-05 0.002122386 0.002906091 0.000889427 0.00197053 0.002779187 0.000324135 0.002422223 0.001909449 0.000400047 0.001266819 0.002971209 0.000739931 0.00219499 0.002900506 0.001030588 0.00197053 0.00276423 0.000451864 0.002354321 0.002893701 -0.001161005 0.002362025 0.002893701 2.1363e-05 0.001843649 0.002924103 -0.00174701 0.002391719 0.001909449 0.000760262 0.00148496 0.00295264 -0.000299476 0.001800701 0.0028357 0.000685346 0.001421793 0.001843166 -8.5448e-05 0.00206486 0.002908544 -0.00174701 0.002391719 0.002893701 0.000745215 0.002148202 0.002784338 0.000924025 0.002226335 0.002814116 -0.000211501 0.00222446 0.001905831 -0.000243811 0.001864715 0.002891763 0.000603568 0.002237038 0.002770315 0.000365072 0.001306286 0.001834281 0.000214383 0.00197053 0.002581536 -0.000121319 0.002121341 0.001898579 0.000739931 0.00219499 0.001902643 0.000451864 0.002354321 0.001909449 -0.002361024 0.002401304 0.001909449 0.00027527 0.00197053 0.002633194 0.000202483 0.002503086 0.002586874 -0.000238135 0.002244336 0.002895921 0.000324135 0.002422223 0.002893701 0.000840803 0.002121541 0.002906157 -2.0167e-05 0.001991748 0.001887201 -0.002361024 0.002401304 0.002893701 0.000832817 0.001619962 0.002941076 -0.001161005 0.002362025 0.001909449 -0.00144019 0.002379741 0.001909449 -0.001300511 0.002372247 0.002893701 0.001227127 0.001954968 0.002743095 0.000745608 0.00197053 0.002778145 0.000156384 0.00197053 0.002500945 0.000861606 0.001778695 0.001870744 0.00121905 0.001970464 0.002095888 0.000145071 0.001615186 0.002401575 0.000192394 0.001537067 0.001852034 0.000185056 0.00197053 0.002547477 -4.0803e-05 0.002045515 0.001891145 0.000177616 0.002237038 0.002553068 0.000150806 0.002148202 0.002503662 0.000209939 0.002148202 0.002585869 0.000180096 0.002148202 0.002551204 0.000148018 0.002237038 0.00250502 0.000781943 0.002331318 0.00278596 0.001152041 0.002040849 0.002731807 0.000786968 0.001595779 0.001856632 0.000133846 0.002237039 0.002333699 0.000136807 0.002148203 0.002334622 0.000690871 0.002326042 0.002779621 0.000830491 0.002148998 0.002780651 0.00013528 0.002547347 0.002487245 0.001538268 0.001428286 0.002270766 0.000665098 0.001387137 0.001840539 0.000136691 0.001617895 0.002944241 0.001140167 0.002055352 0.00206989 0.001343427 0.001808488 0.002686152 0.001424408 0.001687904 0.002572625 0.000914214 0.001891133 0.002922747 0.000909849 0.001819709 0.002925454</float_array>
          <technique_common>
            <accessor source="#FBXASC227FBXASC130FBXASC189FBXASC227FBXASC131FBXASC170FBXASC227FBXASC131FBXASC131FBXASC227FBXASC131FBXASC1375-POSITION-array" count="666" stride="3">
              <param name="X" type="float"/>
              <param name="Y" type="float"/>
              <param name="Z" type="float"/>
            </accessor>
          </technique_common>
        </source>
        <source id="FBXASC227FBXASC130FBXASC189FBXASC227FBXASC131FBXASC170FBXASC227FBXASC131FBXASC131FBXASC227FBXASC131FBXASC1375-Normal0">
          <float_array id="FBXASC227FBXASC130FBXASC189FBXASC227FBXASC131FBXASC170FBXASC227FBXASC131FBXASC131FBXASC227FBXASC131FBXASC1375-Normal0-array" count="12699">
-0.000000 -2.540000 0.000000
0.772767 -2.419593 -0.000000
-0.000000 -2.199704 -1.270000
0.760499 2.423477 -0.000000
0.436143 2.502275 0.000000
0.760499 2.423477 -0.000000
1.156038 2.261675 -0.000000
0.972454 2.346473 -0.000000
1.034463 2.319803 -0.000000
0.881465 2.382146 -0.000000
0.876895 2.383832 -0.000000
0.760499 2.423477 -0.000000
0.190250 0.088653 2.531313
-0.452898 0.088648 2.497724
2.423598 0.088638 0.754927
-2.051648 -1.497444 0.000000
-1.979868 -1.591138 0.000000
-1.981025 -1.589699 0.000000
-0.000000 -2.540000 0.000000
-0.000000 -2.540000 0.000000
-0.000000 -2.540000 0.000000
0.000000 0.000000 2.540000
0.000000 -0.000000 2.540000
0.000000 0.000000 2.540000
-0.100856 0.088648 -2.536448
-0.124312 0.088650 -2.535407
-0.398139 0.088651 -2.507035
2.248475 1.181507 -0.000000
2.131835 1.380899 -0.000000
2.248143 1.182139 -0.000000
-1.365983 -2.141423 0.000000
-1.271803 -2.198663 0.000000
-1.272665 -2.198164 0.000000
0.605778 -0.000000 2.466705
0.352271 -0.000000 2.515453
0.288415 -0.000000 2.523572
-0.000000 -2.540000 0.000000
0.772767 -2.419593 -0.000000
-0.000000 -2.540000 0.000000
-0.122062 2.537066 0.000000
-0.018114 2.539935 0.000000
-0.018114 2.539935 0.000000
1.900863 -0.000000 -1.684732
1.854773 -0.000000 -1.735344
0.961440 -0.000000 -2.351007
-0.000000 0.000000 -2.540000
-0.000000 -0.000000 -2.540000
-0.000000 0.000000 -2.540000
0.783461 0.088669 -2.414524
0.838390 0.088672 -2.396005
1.157298 0.088645 -2.259293
0.838384 0.088672 2.396007
0.494828 0.088646 2.489757
2.423598 0.088638 0.754927
0.000000 0.000000 2.540000
0.000000 0.000000 2.540000
0.000000 0.000000 2.540000
-2.540000 0.000000 -0.000000
-2.540000 0.000000 0.000000
-2.540000 0.000000 0.000000
0.000000 0.194809 2.532518
0.000000 0.194809 2.532518
0.000000 0.194809 2.532518
-1.996674 -1.372731 0.761907
-1.794011 -1.611483 0.797651
-1.919871 -1.470692 -0.776377
-1.979868 -1.591138 0.000000
-1.895853 -1.690367 0.000000
-1.981025 -1.589699 0.000000
1.250201 2.211017 -0.000000
1.274146 2.197305 0.000000
1.250201 2.211018 0.000000
0.687651 0.088659 2.443538
2.174819 0.088643 1.309162
0.350710 0.088653 2.514109
-0.000000 -0.000000 -2.540000
-0.000000 -0.000000 -2.540000
-0.000000 -0.000000 -2.540000
-1.710998 0.088711 1.875158
-1.907634 0.088658 1.674716
-2.119684 0.088643 1.396669
-1.271803 -2.198663 0.000000
-1.190375 -2.243793 0.000000
-1.272665 -2.198164 0.000000
2.488347 -0.088625 -0.501870
2.501711 -0.088625 -0.430337
2.094123 -0.088644 -1.434709
0.000000 2.540000 -0.000000
0.000000 2.540000 -0.000000
0.000000 2.540000 -0.000000
-0.398139 0.088651 -2.507035
-0.124312 0.088650 -2.535407
-0.414049 0.088650 -2.504457
0.000000 0.194809 2.532518
0.000000 0.194809 2.532518
0.000000 0.194809 2.532518
-1.800596 -1.791495 0.000000
-1.690142 -1.896054 0.000000
-1.691837 -1.894542 0.000000
1.432911 2.097228 -0.000000
1.555113 2.008288 -0.000000
1.555121 2.008283 -0.000000
-0.000000 -0.000000 -2.540000
-0.000000 -0.000000 -2.540000
-0.000000 -0.000000 -2.540000
-1.130633 -1.886894 -1.270000
-1.130633 -1.886894 1.270000
-0.886569 -2.013131 -1.270000
2.290985 0.088644 1.093221
2.423598 0.088638 0.754927
2.538453 0.088645 0.000000
0.000000 2.540000 -0.000000
0.000000 2.540000 -0.000000
0.000000 2.540000 -0.000000
1.827354 1.764193 -0.000000
1.827354 1.764193 -0.000000
1.992034 1.575881 -0.000000
-0.984802 -0.088673 -2.339637
-0.556602 -0.088645 -2.476679
-0.711811 -0.088670 -2.436609
1.220908 0.193778 -2.218881
1.184949 0.000343 -2.246663
0.961440 -0.000000 -2.351007
-1.013231 0.088661 2.327467
-0.452898 0.088648 2.497724
-0.100865 0.088648 2.536448
-0.000000 0.000000 -2.540000
-0.000000 0.000000 -2.540000
-0.000000 -0.000000 -2.540000
-2.540000 0.000000 0.000000
-2.409090 -0.804914 0.000000
-2.518702 -0.294748 0.144440
-0.000000 0.194809 -2.532518
-0.000000 0.194809 -2.532518
-0.000000 0.194809 -2.532518
-0.000000 -2.540000 0.000000
-0.000000 -2.540000 0.000000
-0.000000 -2.540000 0.000000
1.900863 -0.000000 -1.684732
2.290397 -0.000000 -1.098036
2.100801 -0.000000 -1.427667
-0.000000 -2.540000 0.000000
-0.000000 -2.540000 0.000000
-0.000000 -2.540000 0.000000
0.000000 2.540000 -0.000000
0.000000 2.540000 -0.000000
0.000000 2.540000 -0.000000
-1.513830 0.088717 2.037658
-1.710998 0.088711 1.875158
-1.107737 0.088649 2.284001
0.000000 2.540000 -0.000000
0.000000 2.540000 -0.000000
0.000000 2.540000 -0.000000
0.494837 0.088646 -2.489755
0.838390 0.088672 -2.396005
0.783461 0.088669 -2.414524
-1.583664 0.000000 -1.985852
-0.565203 0.000000 -2.476317
-1.583664 0.000000 -1.985852
-0.728251 0.088664 -2.431746
-1.029337 0.088659 -2.320389
-1.107736 0.088649 -2.284001
-0.122062 2.537066 0.000000
-0.018114 2.539935 0.000000
-0.122062 2.537066 0.000000
0.043010 1.269271 2.199705
-0.015643 2.199649 1.270000
-0.009005 1.269968 2.199705
-0.187945 -0.088659 2.531485
0.426870 -0.088652 2.502304
-0.450752 -0.088650 2.498112
1.241768 -0.088646 2.213991
1.493562 -0.088647 2.052562
0.901717 -0.088683 2.372897
0.904774 -0.088682 -2.371733
0.606880 -0.088650 -2.464840
1.591258 -0.088645 -1.977787
0.334506 -0.088660 -2.516316
0.502411 -0.088646 -2.488237
1.463838 -0.088648 -2.073866
0.760499 2.423477 -0.000000
0.876895 2.383832 -0.000000
0.760499 2.423477 -0.000000
0.657992 2.098987 -1.270000
1.024786 2.102787 -0.989798
0.787347 1.615382 -1.795056
0.161130 0.088652 -2.533333
0.190260 0.088653 -2.531312
0.452895 0.088648 -2.497725
0.426870 -0.088652 2.502304
0.098609 -0.088651 2.536536
-0.502413 -0.088646 2.488237
0.783410 0.088669 -2.414541
0.783393 0.088669 -2.414546
0.452941 0.088648 -2.497716
-0.771475 -0.088679 2.418380
-0.502435 -0.088646 2.488233
-0.502456 -0.088646 2.488228
1.854720 -0.000000 1.735400
1.821335 -0.000000 1.770407
1.609078 -0.000000 1.965316
1.609078 -0.000000 1.965316
1.821335 -0.000000 1.770407
1.457303 -0.000000 2.080353
-0.704333 -2.440392 0.000000
0.105317 -2.537816 -0.000000
-0.405679 -2.507394 0.000000
-0.000000 -0.000000 -2.540000
-0.000000 -1.270000 -2.199704
-0.000000 0.000000 -2.540000
-0.900294 -2.375094 0.000000
-0.704333 -2.440392 0.000000
-0.405679 -2.507394 0.000000
0.000000 0.000000 2.540000
0.000000 0.000000 2.540000
0.000000 0.000000 2.540000
0.000000 2.540000 -0.000000
0.000000 2.540000 -0.000000
0.000000 2.540000 -0.000000
-1.107737 0.088649 2.284001
-1.710998 0.088711 1.875158
-0.728257 0.088664 2.431744
-2.540000 0.000000 -0.000000
-2.540000 0.000000 -0.000000
-2.540000 0.000000 -0.000001
-0.276914 0.000000 -2.524860
-0.311189 0.000000 -2.520865
-0.311188 0.000000 -2.520865
0.961500 -0.000000 2.350982
1.142918 -0.000000 2.268334
0.894341 -0.000000 2.377342
1.265870 1.791417 1.280623
0.995900 1.471485 1.815080
1.350427 1.649790 1.380631
0.565203 -0.000000 2.476317
0.565203 -0.000000 2.476317
1.583664 -0.000000 1.985852
0.000000 2.540000 -0.000000
0.000000 2.540000 -0.000000
0.000000 2.540000 -0.000000
2.538453 0.088645 -0.000000
2.281897 0.088644 -1.112064
2.538453 0.088645 0.000000
1.929636 0.088653 -1.649317
1.457605 0.088707 -2.078249
1.816878 0.088684 -1.772763
-2.418986 -0.088640 0.769578
-2.538453 -0.088645 0.000042
-2.365313 -0.088645 0.921431
-1.835312 -0.088653 1.753673
-1.668160 -0.088649 1.913370
-1.835317 -0.088653 1.753669
0.099103 -0.088651 -2.536517
0.426871 -0.088652 -2.502303
-0.143229 -0.088655 -2.534408
-0.390156 0.088651 2.508290
-0.073382 0.088647 2.537392
2.423598 0.088638 0.754927
1.432911 2.097228 -0.000000
1.555121 2.008283 -0.000000
1.432903 2.097234 -0.000000
0.418087 0.899307 -2.338386
0.000000 0.000000 -2.540000
-0.000000 -0.000000 -2.540000
1.637675 0.088722 -1.939523
2.016093 0.088645 -1.542436
1.816522 0.088684 -1.773128
0.000000 2.540000 -0.000000
0.000000 2.540000 -0.000000
0.000000 2.540000 -0.000000
0.000000 0.000000 2.540000
0.000000 0.000000 2.540000
0.000000 0.000000 2.540000
1.071722 2.302827 0.000000
0.953447 2.354260 -0.000000
0.760499 2.423477 -0.000000
-0.000000 -2.540000 0.000000
-0.000000 -2.540000 0.000000
-0.000000 -2.540000 0.000000
-0.836340 -0.308720 2.378409
-0.642742 -0.370044 2.429311
-1.363042 -0.744455 2.009851
2.423672 0.088638 0.754689
2.538453 0.088645 0.000000
2.538453 0.088645 -0.000000
2.538453 0.088645 0.000000
2.423598 0.088638 0.754927
2.538453 0.088645 -0.000000
-1.130633 -1.886894 1.270000
-0.886569 -2.013131 1.270000
-0.886569 -2.013131 -1.270000
0.000000 0.000000 2.540000
0.000000 0.000000 2.540000
0.000000 0.000000 2.540000
1.493562 -0.088647 2.052562
1.241768 -0.088646 2.213991
1.985574 -0.088645 1.581530
-1.907631 0.088658 -1.674719
-1.585799 0.088723 -1.982163
-2.119683 0.088643 -1.396669
-2.390756 0.088644 0.853245
-2.220311 0.088643 1.230431
-2.423159 0.088638 0.756336
2.501709 -0.088625 0.430344
2.538453 -0.088645 0.000025
2.463360 -0.088629 0.612863
2.288461 -0.000000 -1.102065
2.540000 -0.000000 0.000000
2.288461 -0.000000 -1.102065
-1.583664 0.000000 1.985852
-0.565203 0.000000 2.476317
-1.583664 0.000000 1.985852
1.590816 0.894220 1.766713
0.981273 0.304393 2.322939
1.218334 0.333053 2.203710
1.493562 -0.088647 2.052562
1.195045 -0.088645 2.239556
0.331321 -0.088660 2.516737
1.991485 1.576575 -0.000000
2.131835 1.380899 -0.000000
2.132670 1.379608 -0.000000
-1.107736 0.088649 -2.284001
-1.029337 0.088659 -2.320389
-1.316203 0.088667 -2.170564
-2.288461 0.000000 1.102065
-2.288461 0.000000 1.102065
-1.583664 0.000000 1.985852
-2.540000 0.000000 0.000000
-2.540000 0.000000 0.000000
-2.288461 0.000000 1.102065
0.979776 1.271346 -1.968582
0.961037 1.495644 -1.814127
1.350430 1.649792 -1.380625
1.048077 0.293725 -2.294964
1.447687 0.621328 -1.992424
0.961440 -0.000000 -2.351007
-2.215992 -1.241361 0.000000
-2.197756 -1.273368 0.000000
-2.157328 -1.340722 0.000000
-1.835293 -0.088653 1.753694
-1.068940 -0.088658 2.302413
-1.835302 -0.088653 1.753683
2.288461 -0.000000 1.102065
2.288461 -0.000000 1.102065
2.540000 -0.000000 -0.000000
2.288461 -0.000000 -1.102065
2.540000 -0.000000 -0.000000
2.288461 -0.000000 -1.102065
-0.744881 -0.088675 2.426703
-1.068940 -0.088658 2.302413
-1.068840 -0.088658 2.302460
1.001202 0.088662 -2.332667
0.687645 0.088659 -2.443539
1.157351 0.088645 -2.259266
1.201870 2.237657 -0.000000
1.201870 2.237657 -0.000000
1.034463 2.319803 -0.000000
1.024786 2.102787 0.989798
0.787347 1.615382 1.795056
1.157899 2.119079 0.787638
-2.288461 0.000000 -1.102065
-2.288461 0.000000 -1.102065
-2.540000 0.000000 0.000000
-0.565203 0.000000 -2.476317
-0.565203 0.000000 -2.476317
-1.583664 0.000000 -1.985852
1.816878 0.088684 -1.772763
1.457605 0.088707 -2.078249
1.472387 0.088710 -2.067802
1.472597 0.088710 -2.067653
1.637675 0.088722 -1.939523
1.816522 0.088684 -1.773128
0.000000 2.540000 -0.000000
0.000000 2.540000 -0.000000
0.000000 2.540000 -0.000000
1.583664 -0.000000 1.985852
2.288461 -0.000000 1.102065
1.583664 -0.000000 1.985852
-0.183999 -0.088659 -2.531775
0.502411 -0.088646 -2.488237
0.076756 -0.088649 -2.537292
-1.690142 -1.896054 0.000000
-1.577733 -1.990568 0.000000
-1.579232 -1.989378 0.000000
-2.540000 0.000000 -0.000001
-2.540000 0.000000 -0.000000
-2.540000 0.000000 0.000000
-1.019821 0.000000 2.326277
-1.815536 0.000000 1.776353
-0.311040 0.000000 2.520884
0.565203 -0.000000 2.476317
-0.565203 0.000000 2.476317
0.565203 -0.000000 2.476317
-2.288461 0.000000 1.102065
-2.288461 0.000000 1.102065
-2.540000 0.000000 0.000000
-1.579232 -1.989378 0.000000
-1.577733 -1.990568 0.000000
-1.470152 -2.071293 0.000000
0.331321 -0.088660 2.516737
1.195045 -0.088645 2.239556
0.073273 -0.088649 2.537395
-0.565203 0.000000 -2.476317
0.565203 -0.000000 -2.476317
-0.565203 0.000000 -2.476317
1.583664 -0.000000 -1.985852
1.583664 -0.000000 -1.985852
2.288461 -0.000000 -1.102065
-0.744879 -0.088675 -2.426704
-0.556602 -0.088645 -2.476679
-1.254880 -0.088646 -2.206585
-2.426534 -0.088638 -0.745435
-2.146332 -0.088644 -1.355361
-2.251332 -0.088644 -1.172709
1.440116 0.164055 -2.085845
1.493426 0.000143 -2.054575
0.961440 -0.000000 -2.351007
2.248475 1.181507 -0.000000
2.248143 1.182139 -0.000000
2.293341 1.091873 -0.000000
1.591258 -0.088645 -1.977787
0.606880 -0.088650 -2.464840
1.463838 -0.088648 -2.073866
-1.710998 0.088711 1.875158
-1.294202 0.088661 2.183753
-0.398148 0.088651 2.507034
-0.100865 0.088648 2.536448
-0.452898 0.088648 2.497724
0.190250 0.088653 2.531313
0.000000 2.540000 -0.000000
0.000000 2.540000 -0.000000
0.000000 2.540000 -0.000000
-0.000000 -2.540000 0.000000
-0.000000 -2.540000 0.000000
-0.000000 -2.540000 0.000000
0.373484 -0.000000 -2.512391
0.605778 -0.000000 -2.466705
0.288520 -0.000000 -2.523560
2.288461 -0.000000 -1.102065
1.583664 -0.000000 -1.985852
2.288461 -0.000000 -1.102065
-0.565203 0.000000 -2.476317
-0.565203 0.000000 -2.476317
0.565203 -0.000000 -2.476317
-1.513831 0.088717 -2.037657
-1.585799 0.088723 -1.982163
-1.907631 0.088658 -1.674719
-2.288461 0.000000 -1.102065
-2.288461 0.000000 -1.102065
-1.583664 0.000000 -1.985852
-1.667788 0.000000 1.915747
-2.346028 0.000000 0.973525
-1.796051 0.000000 1.796051
-0.857098 -2.169479 1.005159
-0.039685 -2.332232 1.005345
-0.779792 -1.973803 1.395573
0.562360 -0.984815 2.272772
0.142493 -0.249537 2.523693
0.384573 -1.066874 2.272770
0.671241 -2.449701 -0.000000
1.650601 -1.930574 -0.000000
0.671241 -2.449701 -0.000000
-2.029853 -1.526859 0.000000
-1.441381 -2.091416 0.000000
-2.088870 -1.445068 0.000000
-0.285653 -1.097743 -2.272655
-0.476525 -1.029305 -2.272676
-0.120749 -0.260820 -2.523686
0.000000 2.540000 -0.000000
0.000000 2.540000 -0.000000
0.000000 2.540000 -0.000000
0.000000 2.540000 -0.000000
0.000000 2.540000 -0.000000
0.000000 2.540000 -0.000000
-2.099227 -1.347200 -0.479475
-1.996674 -1.372731 0.761907
-1.919871 -1.470692 -0.776377
-0.000000 0.194809 -2.532518
-0.000000 0.194809 -2.532518
-0.000000 0.194809 -2.532518
-0.000000 -2.540000 0.000000
-0.000000 -2.540000 0.000000
-0.000000 -2.540000 0.000000
2.290397 -0.000000 -1.098036
2.322171 -0.000000 -1.029136
2.100801 -0.000000 -1.427667
0.565203 -0.000000 2.476317
0.565203 -0.000000 2.476317
1.583664 -0.000000 1.985852
0.000000 2.540000 -0.000000
0.000000 2.540000 -0.000000
0.000000 2.540000 -0.000000
0.085864 2.538548 -0.000000
0.189698 2.532906 -0.000000
0.189698 2.532906 -0.000000
0.043010 1.269271 -2.199705
-0.009005 1.269968 -2.199705
-0.015643 2.199649 -1.270000
2.108331 0.713472 1.223724
1.908391 0.187944 1.665629
2.214228 0.613389 1.082842
2.535578 -0.000000 0.149822
2.495048 -0.000000 0.475750
2.540000 -0.000000 0.000088
1.583664 -0.000000 1.985852
1.583664 -0.000000 1.985852
2.288461 -0.000000 1.102065
2.016086 0.088645 1.542446
1.637673 0.088722 1.939525
2.423598 0.088638 0.754927
0.995900 1.471485 1.815080
1.152810 1.868468 1.277285
0.908472 1.647487 1.706478
0.787347 1.615382 1.795056
0.908472 1.647487 1.706478
1.157899 2.119079 0.787638
-0.722292 0.088663 2.433523
-0.452898 0.088648 2.497724
-1.013231 0.088661 2.327467
0.502411 -0.088646 -2.488237
0.771580 -0.088679 -2.418347
0.967309 -0.088675 -2.346924
1.671831 1.912219 -0.000000
1.827354 1.764193 -0.000000
1.827354 1.764193 -0.000000
1.878600 1.558690 -0.702102
1.565797 1.298561 -1.521059
1.725540 1.758442 -0.618057
1.631534 -0.088647 -1.944695
1.244552 -0.088646 -2.212427
1.591258 -0.088645 -1.977787
-1.122522 -2.278496 0.000000
-1.122797 -2.278360 0.000000
-1.189803 -2.244096 0.000000
0.000000 2.540000 -0.000000
0.000000 2.540000 -0.000000
0.000000 2.540000 -0.000000
0.000000 2.540000 -0.000000
0.000000 2.540000 -0.000000
0.000000 2.540000 -0.000000
1.671831 1.912219 -0.000000
1.827354 1.764193 -0.000000
1.671831 1.912219 -0.000000
-0.728251 0.088664 -2.431746
-0.414049 0.088650 -2.504457
-0.727810 0.088664 -2.431878
1.878602 1.558688 0.702100
1.659990 1.505786 1.195258
1.554266 1.140821 1.653598
0.762460 -0.088678 2.421237
0.426870 -0.088652 2.502304
0.073273 -0.088649 2.537395
2.018137 0.798304 1.319634
1.924910 0.883350 1.402147
1.591571 0.248832 1.963818
1.908391 0.187944 1.665629
2.108331 0.713472 1.223724
1.728950 0.220763 1.847592
-1.069288 -2.303958 0.000000
-1.122797 -2.278360 0.000000
-1.122522 -2.278496 0.000000
1.985574 -0.088645 1.581530
1.241768 -0.088646 2.213991
2.092937 -0.088644 1.436439
-1.897220 -1.688833 0.000000
-1.799038 -1.793060 0.000000
-1.800596 -1.791495 0.000000
0.161109 0.088652 -2.533335
0.452895 0.088648 -2.497725
0.452918 0.088648 -2.497720
0.098609 -0.088651 2.536536
-0.502435 -0.088646 2.488233
-0.502413 -0.088646 2.488237
0.452895 0.088648 -2.497725
0.494837 0.088646 -2.489755
0.783461 0.088669 -2.414524
1.201870 2.237657 -0.000000
1.156038 2.261675 -0.000000
1.034463 2.319803 -0.000000
1.927158 0.088654 1.652211
2.174819 0.088643 1.309162
0.687651 0.088659 2.443538
-1.100556 -0.088653 -2.287469
-0.744879 -0.088675 -2.426704
-1.254871 -0.088646 -2.206590
0.760499 2.423477 -0.000000
1.112728 2.283295 -0.000000
1.112711 2.283303 -0.000000
0.772767 -2.419593 -0.000000
0.772767 -2.419593 -0.000000
1.472269 -2.069788 -0.000000
0.499374 -1.018202 -2.272772
0.126534 -0.257997 -2.523693
0.667081 -0.917125 -2.272770
1.376259 -0.000000 2.134833
1.142918 -0.000000 2.268334
0.961500 -0.000000 2.350982
-0.000000 -2.540000 0.000000
-0.000000 -2.540000 0.000000
-0.000000 -2.540000 0.000000
1.132345 2.001897 -1.077870
1.116524 1.926503 -1.222113
0.787347 1.615382 -1.795056
0.979776 1.271346 -1.968582
0.633981 1.065137 -2.217014
0.961037 1.495644 -1.814127
-1.989542 -1.382279 -0.763299
-1.355912 -0.750136 -2.012560
-1.924454 -1.131497 -1.211525
-0.652771 -1.089399 -2.199704
-0.772356 -0.985306 -2.210031
-1.130633 -1.886894 -1.270000
-0.305705 -0.389992 2.491194
-0.000000 -0.000000 2.540000
-0.652771 -1.089399 2.199704
-1.158396 -0.889341 2.078170
-1.555658 -1.317738 1.514956
-1.363042 -0.744455 2.009851
0.687645 0.088659 -2.443539
0.350709 0.088653 -2.514109
0.783393 0.088669 -2.414546
1.250201 2.211018 0.000000
1.226108 2.224468 -0.000000
1.250201 2.211017 -0.000000
-0.502466 -0.088646 2.488226
-0.744881 -0.088675 2.426703
-0.771475 -0.088679 2.418380
1.157899 2.119079 0.787638
0.908472 1.647487 1.706478
1.116523 1.926502 1.222116
2.114681 0.795122 -1.160820
2.188213 1.172063 -0.538139
2.228195 1.126612 -0.466360
2.239064 0.661758 -1.000136
2.280378 1.070895 -0.323510
2.306615 1.018414 -0.306530
0.386383 -1.209797 -2.199704
-0.000000 0.000000 -2.540000
-0.000000 -0.000000 -2.540000
-0.204834 -0.201535 -2.523693
-0.808391 -0.795372 -2.272771
-0.262711 -0.116603 -2.523685
0.000000 2.540000 -0.000000
0.000000 2.540000 -0.000000
0.000000 2.540000 -0.000000
-1.583664 0.000000 1.985852
-1.583664 0.000000 1.985852
-2.288461 0.000000 1.102065
-1.850239 -1.420406 1.005318
-1.683311 -1.292257 1.395756
-2.074341 -1.066913 1.005190
-2.029853 -1.526859 0.000000
-2.088870 -1.445068 0.000000
-2.335722 -0.997999 0.000000
-1.068840 -0.088658 2.302460
-1.068940 -0.088658 2.302413
-1.591213 -0.088645 1.977823
-1.277936 -0.088647 2.193313
-0.771528 -0.088679 2.418363
-1.068840 -0.088658 2.302460
1.157338 0.088645 -2.259272
0.783393 0.088669 -2.414546
0.783410 0.088669 -2.414541
1.472387 0.088710 -2.067802
1.457605 0.088707 -2.078249
1.157351 0.088645 -2.259266
0.134272 1.791999 1.795080
0.074428 2.198445 1.270000
0.043010 1.269271 2.199705
0.085864 2.538548 -0.000000
0.189698 2.532906 -0.000000
0.085864 2.538548 -0.000000
2.114756 0.156120 1.398225
2.030374 0.000153 1.526166
2.230032 0.141696 1.207675
-2.119683 0.088643 -1.396669
-2.375236 0.088645 -0.895542
-1.907631 0.088658 -1.674719
-0.000000 -2.540000 0.000000
-0.000000 -2.540000 0.000000
-0.000000 -2.540000 0.000000
0.288415 -0.000000 2.523572
0.352271 -0.000000 2.515453
0.283614 -0.000000 2.524116
-2.538453 -0.088645 0.000042
-2.449633 -0.088632 0.665614
-2.365313 -0.088645 0.921431
-1.835302 -0.088653 1.753683
-2.258470 -0.088644 1.158902
-1.895770 -0.088650 1.688134
2.540000 -0.000000 0.000000
2.540000 -0.000000 0.000000
2.288461 -0.000000 1.102065
0.000000 2.540000 -0.000000
0.000000 2.540000 -0.000000
0.000000 2.540000 -0.000000
-1.294202 0.088661 2.183753
-1.013231 0.088661 2.327467
-0.100865 0.088648 2.536448
1.463838 -0.088648 -2.073866
0.502411 -0.088646 -2.488237
0.967309 -0.088675 -2.346924
2.086927 0.824298 -1.190323
2.013152 0.900420 -1.260184
2.156513 1.209489 -0.581538
1.992034 1.575881 -0.000000
1.991485 1.576575 -0.000000
2.132670 1.379608 -0.000000
-2.288461 0.000000 -1.102065
-2.288461 0.000000 -1.102065
-2.540000 0.000000 0.000000
-2.423159 0.088638 -0.756336
-2.483757 0.088622 -0.524114
-2.538453 0.088645 -0.000000
-1.038100 -2.318178 0.000000
-1.069288 -2.303958 0.000000
-1.069180 -2.304008 0.000000
2.501711 -0.088625 -0.430337
2.538453 -0.088645 0.000025
2.501709 -0.088625 0.430344
0.074428 2.198445 -1.270000
0.174748 2.332980 -0.989074
0.134272 1.791999 -1.795080
0.217166 1.251295 -2.199704
0.657992 2.098987 -1.270000
0.379534 1.211963 -2.199704
0.000000 2.540000 -0.000000
0.000000 2.540000 -0.000000
0.000000 2.540000 -0.000000
-0.565203 0.000000 2.476317
0.565203 -0.000000 2.476317
-0.565203 0.000000 2.476317
-1.468856 -2.072212 0.000000
-1.365983 -2.141423 0.000000
-1.367072 -2.140728 0.000000
0.606880 -0.088650 -2.464840
0.334506 -0.088660 -2.516316
1.463838 -0.088648 -2.073866
-0.771528 -0.088679 2.418363
-0.502435 -0.088646 2.488233
-0.771475 -0.088679 2.418380
0.452895 0.088648 -2.497725
0.783461 0.088669 -2.414524
0.452918 0.088648 -2.497720
0.783410 0.088669 -2.414541
0.452941 0.088648 -2.497716
0.452929 0.088648 -2.497718
-0.715852 -0.088670 2.435425
-0.502413 -0.088646 2.488237
-0.502435 -0.088646 2.488233
0.562360 -0.984815 2.272772
0.384573 -1.066874 2.272770
0.915302 -1.602892 1.744867
-0.000000 -2.199704 1.270000
-0.000000 -1.270000 2.199705
-0.000000 -2.199704 1.270000
0.000000 2.540000 -0.000000
0.000000 2.540000 -0.000000
0.000000 2.540000 -0.000000
0.000000 2.540000 -0.000000
0.000000 2.540000 -0.000000
0.000000 2.540000 -0.000000
1.827354 1.764193 -0.000000
1.991485 1.576575 -0.000000
1.992034 1.575881 -0.000000
1.724398 0.785398 1.691509
0.762460 -0.088678 2.421237
0.073273 -0.088649 2.537395
1.590816 0.894220 1.766713
1.367608 0.298194 2.119511
1.851228 0.948022 1.458015
-0.728251 0.088664 -2.431746
-0.727810 0.088664 -2.431878
-1.029337 0.088659 -2.320389
1.583664 -0.000000 -1.985852
0.565203 -0.000000 -2.476317
1.583664 -0.000000 -1.985852
0.000000 2.540000 -0.000000
0.000000 2.540000 -0.000000
0.000000 2.540000 -0.000000
-1.355912 -0.750136 -2.012560
-0.985656 -0.352315 -2.314294
-1.924454 -1.131497 -1.211525
-2.249820 0.000000 -1.178944
-2.379656 0.000000 -0.888164
-1.922107 0.000000 -1.660453
-0.005679 0.000000 -2.539994
-0.286872 -0.016798 -2.523692
-1.270000 0.000000 -2.199704
-0.262711 -0.116603 -2.523685
-0.808391 -0.795372 -2.272771
-1.036759 -0.460162 -2.272660
-0.452898 0.088648 2.497724
-0.390156 0.088651 2.508290
2.423598 0.088638 0.754927
0.426871 -0.088652 -2.502303
0.762460 -0.088678 -2.421237
0.502411 -0.088646 -2.488237
-0.722292 0.088663 2.433523
-0.425001 0.088649 2.502622
-0.452898 0.088648 2.497724
0.426871 -0.088652 -2.502303
0.502411 -0.088646 -2.488237
-0.143261 -0.088655 -2.534406
-2.540000 0.000000 0.000000
-2.288461 0.000000 -1.102065
-2.540000 0.000000 0.000000
0.000000 2.540000 -0.000000
0.000000 2.540000 -0.000000
0.000000 2.540000 -0.000000
0.199973 -0.000000 -2.532116
0.288520 -0.000000 -2.523560
0.078181 -0.000000 -2.538796
-0.000000 -2.540000 0.000000
-0.000000 -2.540000 0.000000
-0.000000 -2.540000 0.000000
-0.015643 2.199649 1.270000
-0.105686 2.197164 1.270000
-0.009005 1.269968 2.199705
-1.667788 0.000000 1.915747
-1.796051 0.000000 1.796051
-0.869743 0.000000 2.386451
-2.199704 0.000000 -1.270000
-2.259160 -1.002722 -0.585102
-2.408952 -0.805327 -0.000000
-1.687300 -0.748903 -1.744639
-1.315743 -1.294553 -1.744865
-1.512683 -1.488321 -1.395812
-0.059454 -1.268607 2.199705
-0.000000 -1.270000 2.199705
-0.096299 -2.197595 1.270001
-0.511861 -1.162282 2.199704
-0.886569 -2.013131 1.270000
-0.652771 -1.089399 2.199704
-0.886569 -2.013131 -1.270000
-0.652771 -1.089399 -2.199704
-1.130633 -1.886894 -1.270000
-0.055614 -1.268781 -2.199705
-0.102988 -2.197292 -1.270001
-0.000000 -1.270000 -2.199704
0.000000 2.540000 -0.000000
0.000000 2.540000 -0.000000
0.000000 2.540000 -0.000000
0.000000 2.540000 -0.000000
0.000000 2.540000 -0.000000
0.000000 2.540000 -0.000000
0.452929 0.088648 -2.497718
0.258913 0.088655 -2.525214
0.161099 0.088652 -2.533335
1.305610 2.178757 -0.000000
1.432911 2.097228 -0.000000
1.432903 2.097234 -0.000000
0.908472 1.647487 1.706478
1.152810 1.868468 1.277285
1.116523 1.926502 1.222116
-0.502456 -0.088646 2.488228
-0.502435 -0.088646 2.488233
0.098609 -0.088651 2.536536
0.603759 -0.088650 2.465607
1.493562 -0.088647 2.052562
0.331321 -0.088660 2.516737
-1.470152 -2.071293 0.000000
-1.468856 -2.072212 0.000000
-1.367072 -2.140728 0.000000
-1.583664 0.000000 1.985852
-0.565203 0.000000 2.476317
-1.583664 0.000000 1.985852
0.000000 2.540000 -0.000000
0.000000 2.540000 -0.000000
0.000000 2.540000 -0.000000
1.231815 0.088648 2.219543
0.838384 0.088672 2.396007
2.423598 0.088638 0.754927
0.000000 2.540000 -0.000000
0.000000 2.540000 -0.000000
0.000000 2.540000 -0.000000
-0.225805 2.529943 0.000000
-0.122062 2.537066 0.000000
-0.122062 2.537066 0.000000
-0.000000 0.000000 -2.540000
-0.073618 0.866622 -2.386451
-0.061005 1.268534 -2.199705
0.605778 -0.000000 -2.466705
0.670822 -0.000000 -2.449816
0.961440 -0.000000 -2.351007
-0.000000 -2.540000 0.000000
-0.000000 -2.540000 0.000000
-0.000000 -2.540000 0.000000
0.000000 2.540000 -0.000000
0.000000 2.540000 -0.000000
0.000000 2.540000 -0.000000
-0.398148 0.088651 2.507034
-1.294202 0.088661 2.183753
-0.100865 0.088648 2.536448
0.757929 1.629392 1.795056
0.418087 0.899307 2.338386
0.853606 1.473281 1.884781
0.657992 2.098987 1.270000
0.376926 2.167170 1.270000
0.379534 1.211963 2.199705
0.000000 2.540000 -0.000000
0.000000 2.540000 -0.000000
0.000000 2.540000 -0.000000
0.190260 0.088653 -2.531312
0.494837 0.088646 -2.489755
0.452895 0.088648 -2.497725
-2.365313 -0.088645 0.921431
-2.449633 -0.088632 0.665614
-1.835307 -0.088653 1.753678
-2.139928 -0.088644 1.365450
-2.365313 -0.088645 0.921431
-1.835312 -0.088653 1.753673
-0.565203 0.000000 -2.476317
-0.565203 0.000000 -2.476317
-1.583664 0.000000 -1.985852
-1.107736 0.088649 -2.284001
-1.316203 0.088667 -2.170564
-1.513831 0.088717 -2.037657
-0.005679 0.000000 2.539994
-1.126462 -0.131823 2.272731
-0.285433 -0.033402 2.523690
-1.850239 -1.420406 1.005318
-1.424320 -1.573093 1.395812
-1.683311 -1.292257 1.395756
0.961037 1.495644 -1.814127
0.633981 1.065137 -2.217014
1.088112 1.913309 -1.267621
1.305609 2.178757 -0.000000
1.305610 2.178757 -0.000000
1.432903 2.097234 -0.000000
-0.143196 -0.088655 -2.534410
0.099103 -0.088651 -2.536517
-0.143229 -0.088655 -2.534408
-0.073382 0.088647 2.537392
0.350710 0.088653 2.514109
2.423598 0.088638 0.754927
-1.577733 -1.990568 0.000000
-1.468856 -2.072212 0.000000
-1.470152 -2.071293 0.000000
0.076756 -0.088649 -2.537292
0.502411 -0.088646 -2.488237
0.334506 -0.088660 -2.516316
-0.010908 0.000000 2.539977
-0.154501 0.000000 2.535297
-0.311005 0.000000 2.520888
0.000000 0.194809 2.532518
0.000000 0.194809 2.532518
0.000000 0.194809 2.532518
-0.000000 -2.540000 0.000000
-0.000000 -2.540000 0.000000
-0.000000 -2.540000 0.000000
2.290372 -0.000000 1.098088
2.100732 -0.000000 1.427769
2.322109 -0.000000 1.029277
-1.907634 0.088658 1.674716
-1.710998 0.088711 1.875158
-1.513830 0.088717 2.037658
-1.583664 0.000000 1.985852
-2.288461 0.000000 1.102065
-1.583664 0.000000 1.985852
0.000000 2.540000 -0.000000
0.000000 2.540000 -0.000000
0.000000 2.540000 -0.000000
2.288461 -0.000000 1.102065
1.583664 -0.000000 1.985852
2.288461 -0.000000 1.102065
-0.105686 2.197164 -1.270000
-0.144567 1.661509 -1.915747
-0.201980 2.279504 -1.102118
-1.667788 0.000000 -1.915747
-1.270000 0.000000 -2.199704
-2.199704 0.000000 -1.270000
2.540000 -0.000000 0.000000
2.540000 -0.000000 0.000000
2.288461 -0.000000 -1.102065
0.000000 2.540000 -0.000000
0.000000 2.540000 -0.000000
0.000000 2.540000 -0.000000
0.120363 -2.537147 0.000000
0.671241 -2.449701 -0.000000
0.120363 -2.537147 0.000000
0.812785 -1.657233 -1.744867
0.592836 -2.037612 -1.395808
0.515654 -1.772332 -1.744861
0.000000 2.540000 -0.000000
0.000000 2.540000 -0.000000
0.000000 2.540000 -0.000000
0.565203 -0.000000 -2.476317
0.565203 -0.000000 -2.476317
1.583664 -0.000000 -1.985852
-1.799038 -1.793060 0.000000
-1.690142 -1.896054 0.000000
-1.800596 -1.791495 0.000000
-0.556602 -0.088645 -2.476679
-0.143261 -0.088655 -2.534406
-0.711811 -0.088670 -2.436609
0.633981 1.065137 -2.217014
0.514406 0.769923 -2.365207
0.260640 0.557347 -2.464352
0.670822 -0.000000 -2.449816
1.043578 0.478043 -2.265838
0.961440 -0.000000 -2.351007
0.657035 1.049291 2.217858
0.278833 0.652850 2.438778
0.270129 0.550854 2.464790
0.961500 -0.000000 2.350982
0.894341 -0.000000 2.377342
0.670835 -0.000000 2.449812
2.225258 -0.088644 -1.221462
1.835192 -0.088653 -1.753799
1.823347 -0.088654 -1.766110
1.631534 -0.088647 -1.944695
1.835192 -0.088653 -1.753799
2.225258 -0.088644 -1.221462
2.001876 1.402326 -0.691068
1.943822 0.969083 -1.316828
1.881547 1.028235 -1.361658
2.013152 0.900420 -1.260184
2.076743 1.307379 -0.655361
2.123379 1.249587 -0.617570
-1.691837 -1.894542 0.000000
-1.690142 -1.896054 0.000000
-1.579232 -1.989378 0.000000
0.073273 -0.088649 2.537395
0.426870 -0.088652 2.502304
-0.187945 -0.088659 2.531485
-1.583664 0.000000 -1.985852
-1.583664 0.000000 -1.985852
-2.288461 0.000000 -1.102065
0.000000 2.540000 -0.000000
0.000000 2.540000 -0.000000
0.000000 2.540000 -0.000000
1.157351 0.088645 -2.259266
0.687645 0.088659 -2.443539
0.783393 0.088669 -2.414546
-1.068840 -0.088658 2.302460
-0.771528 -0.088679 2.418363
-0.771475 -0.088679 2.418380
-0.771475 -0.088679 2.418380
-0.744881 -0.088675 2.426703
-1.068840 -0.088658 2.302460
1.157338 0.088645 -2.259272
1.157351 0.088645 -2.259266
0.783393 0.088669 -2.414546
-0.622450 -2.392032 -0.585097
-0.185247 -2.464719 -0.585189
-0.638618 -2.454162 -0.144416
-1.422514 -2.021284 -0.585206
-1.459476 -2.073804 -0.144444
-1.761856 -1.733482 -0.585238
-0.989000 -0.088672 2.337866
-0.771528 -0.088679 2.418363
-1.277936 -0.088647 2.193313
0.783461 0.088669 -2.414524
1.157298 0.088645 -2.259293
0.783427 0.088669 -2.414535
-0.715852 -0.088670 2.435425
-0.502435 -0.088646 2.488233
-0.771528 -0.088679 2.418363
0.452918 0.088648 -2.497720
0.783461 0.088669 -2.414524
0.783427 0.088669 -2.414535
0.565203 -0.000000 -2.476317
0.565203 -0.000000 -2.476317
-0.565203 0.000000 -2.476317
0.000000 2.540000 -0.000000
0.000000 2.540000 -0.000000
0.000000 2.540000 -0.000000
-0.000000 -2.540000 0.000000
-0.000000 -2.540000 0.000000
-0.000000 -2.540000 0.000000
-2.249820 0.000000 -1.178944
-2.540000 0.000000 -0.000000
-2.379656 0.000000 -0.888164
-1.367072 -2.140728 0.000000
-1.365983 -2.141423 0.000000
-1.272665 -2.198164 0.000000
0.901717 -0.088683 2.372897
1.493562 -0.088647 2.052562
0.603759 -0.088650 2.465607
0.000000 2.540000 -0.000000
0.000000 2.540000 -0.000000
0.000000 2.540000 -0.000000
0.000000 2.540000 -0.000000
0.000000 2.540000 -0.000000
0.000000 2.540000 -0.000000
0.000000 2.540000 -0.000000
0.000000 2.540000 -0.000000
0.000000 2.540000 -0.000000
0.000000 2.540000 -0.000000
0.000000 2.540000 -0.000000
0.000000 2.540000 -0.000000
1.810562 1.309267 -1.208009
1.878639 1.559058 -0.701180
1.947863 1.471269 -0.701996
1.587795 1.119262 -1.636386
1.878639 1.559058 -0.701180
1.810562 1.309267 -1.208009
-1.583664 0.000000 -1.985852
-0.565203 0.000000 -2.476317
-1.583664 0.000000 -1.985852
0.000000 2.540000 -0.000000
0.000000 2.540000 -0.000000
0.000000 2.540000 -0.000000
-0.000000 -2.540000 0.000000
-0.000000 -2.540000 0.000000
-0.000000 -2.540000 0.000000
0.961500 -0.000000 2.350982
0.670835 -0.000000 2.449812
0.605778 -0.000000 2.466705
0.000000 2.540000 -0.000000
0.000000 2.540000 -0.000000
0.000000 2.540000 -0.000000
0.838390 0.088672 -2.396005
1.231817 0.088648 -2.219543
1.157298 0.088645 -2.259293
-1.513831 0.088717 -2.037657
-1.316203 0.088667 -2.170564
-1.585799 0.088723 -1.982163
2.137249 1.064597 0.866255
2.055706 1.170826 0.924574
2.047756 0.851644 1.238144
0.000000 0.000000 2.540000
0.000000 0.000000 2.540000
0.000000 0.000000 2.540000
0.043010 1.269271 2.199705
0.039914 0.990167 2.338712
0.134272 1.791999 1.795080
0.961440 -0.000000 -2.351007
1.854773 -0.000000 -1.735344
1.376239 -0.000000 -2.134846
-0.000000 -2.540000 0.000000
-0.000000 -2.540000 0.000000
-0.000000 -2.540000 0.000000
0.499374 -1.018202 -2.272772
0.667081 -0.917125 -2.272770
1.085745 -1.492719 -1.744863
-0.000000 -2.199704 -1.270000
-0.000000 -2.199704 -1.270000
-0.000000 -1.270000 -2.199704
1.052304 -1.842813 1.395814
0.719622 -1.996361 1.395811
0.790991 -2.194350 1.005366
-0.779792 -1.973803 1.395573
-0.039685 -2.332232 1.005345
-0.036105 -2.121809 1.395787
0.000000 2.540000 -0.000000
0.000000 2.540000 -0.000000
0.000000 2.540000 -0.000000
0.494828 0.088646 2.489757
0.190250 0.088653 2.531313
2.423598 0.088638 0.754927
-0.414050 0.000000 -2.506025
-0.496878 0.000000 -2.490926
-0.271285 0.000000 -2.525471
-0.000000 -0.000000 -2.540000
-0.000000 -0.000000 -2.540000
-0.000000 -0.000000 -2.540000
1.472269 -2.069788 -0.000000
0.772767 -2.419593 -0.000000
1.472269 -2.069788 -0.000000
0.736134 -1.034894 2.199705
1.275022 -1.792489 1.270000
0.669236 -2.095429 1.270000
0.565203 -0.000000 2.476317
0.565203 -0.000000 2.476317
-0.565203 0.000000 2.476317
0.000000 2.540000 -0.000000
0.000000 2.540000 -0.000000
0.000000 2.540000 -0.000000
-2.540000 0.000000 0.000000
-2.288461 0.000000 1.102065
-2.540000 0.000000 0.000000
0.000000 2.540000 -0.000000
0.000000 2.540000 -0.000000
0.000000 2.540000 -0.000000
-2.288461 0.000000 1.102065
-2.540000 0.000000 0.000000
-2.288461 0.000000 1.102065
0.000000 2.540000 -0.000000
0.000000 2.540000 -0.000000
0.000000 2.540000 -0.000000
0.000000 2.540000 -0.000000
0.000000 2.540000 -0.000000
0.000000 2.540000 -0.000000
2.540000 -0.000000 -0.000000
2.540000 -0.000000 -0.000000
2.288461 -0.000000 -1.102065
2.423655 0.088638 0.754746
2.423672 0.088638 0.754689
2.538453 0.088645 -0.000000
0.350710 0.088653 2.514109
2.174819 0.088643 1.309162
2.423598 0.088638 0.754927
0.000000 2.540000 -0.000000
0.000000 2.540000 -0.000000
0.000000 2.540000 -0.000000
0.000000 2.540000 -0.000000
0.000000 2.540000 -0.000000
0.000000 2.540000 -0.000000
1.244552 -0.088646 -2.212427
0.904774 -0.088682 -2.371733
1.591258 -0.088645 -1.977787
-1.189803 -2.244096 0.000000
-1.190375 -2.243793 0.000000
-1.271803 -2.198663 0.000000
1.116524 1.926503 -1.222113
0.684593 1.181710 -2.141610
0.787347 1.615382 -1.795056
0.434580 0.891455 -2.338386
0.684593 1.181710 -2.141610
0.084467 0.145830 -2.534403
0.000000 2.540000 -0.000000
0.000000 2.540000 -0.000000
0.000000 2.540000 -0.000000
-2.220308 0.088643 -1.230438
-2.375236 0.088645 -0.895542
-2.423159 0.088638 -0.756336
-1.038100 -2.318178 0.000000
-1.069288 -2.303958 0.000000
-1.038100 -2.318178 0.000000
2.298824 -0.088644 1.076639
2.092937 -0.088644 1.436439
2.501709 -0.088625 0.430344
0.000000 2.540000 -0.000000
0.000000 2.540000 -0.000000
0.000000 2.540000 -0.000000
-0.565203 0.000000 2.476317
-0.565203 0.000000 2.476317
-1.583664 0.000000 1.985852
0.000000 2.540000 -0.000000
0.000000 2.540000 -0.000000
0.000000 2.540000 -0.000000
2.540000 -0.000000 -0.000000
2.288461 -0.000000 1.102065
2.540000 -0.000000 -0.000000
-0.728257 0.088664 2.431744
-1.710998 0.088711 1.875158
-0.398148 0.088651 2.507034
0.000000 2.540000 -0.000000
0.000000 2.540000 -0.000000
0.000000 2.540000 -0.000000
0.000000 2.540000 -0.000000
0.000000 2.540000 -0.000000
0.000000 2.540000 -0.000000
2.288461 -0.000000 1.102065
2.540000 -0.000000 0.000000
2.288461 -0.000000 1.102065
0.000000 2.540000 -0.000000
0.000000 2.540000 -0.000000
0.000000 2.540000 -0.000000
2.288461 -0.000000 -1.102065
1.583664 -0.000000 -1.985852
2.288461 -0.000000 -1.102065
0.565203 -0.000000 -2.476317
0.565203 -0.000000 -2.476317
1.583664 -0.000000 -1.985852
0.000000 2.540000 -0.000000
0.000000 2.540000 -0.000000
0.000000 2.540000 -0.000000
1.172332 2.221117 -0.379311
1.146294 2.266629 0.000001
1.162993 2.258107 0.000000
0.787347 1.615382 -1.795056
1.024786 2.102787 -0.989798
1.132345 2.001897 -1.077870
-2.244440 -1.188537 0.038349
-1.943628 -1.075417 1.231823
-2.099227 -1.347200 -0.479475
-1.570420 -0.777081 1.838893
-1.636500 -0.731392 1.799593
-0.939308 -0.330679 2.336654
-0.000000 0.000000 2.540000
0.000000 0.000000 2.540000
0.000000 0.000000 2.540000
-0.365414 0.000000 2.513578
-0.271285 0.000000 2.525471
-0.496878 0.000000 2.490926
-2.540000 0.000000 0.000000
-2.540000 0.000000 0.000000
-2.540000 0.000000 0.000000
-2.288435 0.000000 -1.102118
-1.667788 0.000000 -1.915747
-2.199704 0.000000 -1.270000
-2.350749 0.000000 0.962070
-2.249819 0.000000 1.178946
-1.445579 0.000000 2.088516
-0.000000 -2.540000 0.000000
-0.000000 -2.540000 0.000000
-0.000000 -2.540000 0.000000
0.452929 0.088648 -2.497718
0.452941 0.088648 -2.497716
0.350709 0.088653 -2.514109
-0.333215 -0.088660 2.516487
-0.502456 -0.088646 2.488228
0.098609 -0.088651 2.536536
-0.502456 -0.088646 2.488228
-0.502466 -0.088646 2.488226
-0.771475 -0.088679 2.418380
0.783393 0.088669 -2.414546
0.350709 0.088653 -2.514109
0.452941 0.088648 -2.497716
0.078181 -0.000000 -2.538796
0.288520 -0.000000 -2.523560
-0.010857 0.000000 -2.539977
-0.186277 0.000000 -2.533160
-0.010857 0.000000 -2.539977
-0.311189 0.000000 -2.520865
-2.110233 -1.413689 0.000000
-2.050723 -1.498712 0.000000
-2.051648 -1.497444 0.000000
1.472438 0.088710 -2.067766
1.157351 0.088645 -2.259266
1.157338 0.088645 -2.259272
1.157298 0.088645 -2.259293
1.231817 0.088648 -2.219543
1.472597 0.088710 -2.067653
-1.581003 -0.088645 1.985994
-1.277936 -0.088647 2.193313
-1.068840 -0.088658 2.302460
-1.704208 -0.088651 -1.881333
-1.254871 -0.088646 -2.206590
-2.049974 -0.088644 -1.497114
-2.156579 -1.341926 0.000000
-2.109418 -1.414904 0.000000
-2.110233 -1.413689 0.000000
0.000000 2.540000 -0.000000
0.000000 2.540000 -0.000000
0.000000 2.540000 -0.000000
2.281894 0.088644 -1.112072
2.290990 0.088644 -1.093210
2.538453 0.088645 0.000000
2.288461 -0.000000 1.102065
2.288461 -0.000000 1.102065
1.583664 -0.000000 1.985852
0.000000 2.540000 -0.000000
0.000000 2.540000 -0.000000
0.000000 2.540000 -0.000000
0.000000 2.540000 -0.000000
0.000000 2.540000 -0.000000
0.000000 2.540000 -0.000000
-2.540000 0.000000 0.000000
-2.288461 0.000000 -1.102065
-2.540000 0.000000 0.000000
0.134272 1.791999 -1.795080
0.043010 1.269271 -2.199705
0.074428 2.198445 -1.270000
-0.000000 -0.000000 -2.540000
-0.000000 -0.000000 -2.540000
-0.000000 0.000000 -2.540000
0.000000 2.540000 -0.000000
0.000000 2.540000 -0.000000
0.000000 2.540000 -0.000000
-0.565203 0.000000 2.476317
-0.565203 0.000000 2.476317
0.565203 -0.000000 2.476317
0.565203 -0.000000 -2.476317
-0.565203 0.000000 -2.476317
0.565203 -0.000000 -2.476317
0.000000 2.540000 -0.000000
0.000000 2.540000 -0.000000
0.000000 2.540000 -0.000000
2.405570 0.790058 -0.201598
2.399816 0.831575 -0.031104
2.277906 0.620301 -0.937001
2.495775 0.119789 0.456464
2.536331 0.031255 0.132840
2.510256 0.384837 0.046005
-0.254398 -2.527228 0.000000
-0.102988 -2.197292 1.270001
-0.254398 -2.527228 0.000000
-0.181067 -1.787190 1.795763
-0.059454 -1.268607 2.199705
-0.096299 -2.197595 1.270001
1.071722 2.302827 0.000000
1.023963 2.324457 -0.000000
0.953447 2.354260 -0.000000
1.157899 2.119079 0.787638
1.023963 2.324457 -0.000000
1.129533 2.275028 -0.000000
1.583664 -0.000000 1.985852
0.565203 -0.000000 2.476317
1.583664 -0.000000 1.985852
0.000000 2.540000 -0.000000
0.000000 2.540000 -0.000000
0.000000 2.540000 -0.000000
-1.710481 0.088980 1.875617
-1.705024 0.361866 1.847579
-0.496261 0.876240 2.331851
-1.710481 0.088980 1.875617
-1.240597 0.346789 2.189122
-1.294254 0.088742 2.183720
-0.450752 -0.088650 2.498112
0.426870 -0.088652 2.502304
-0.502413 -0.088646 2.488237
-0.450752 -0.088650 2.498112
-0.502413 -0.088646 2.488237
-0.715852 -0.088670 2.435425
-1.335279 -1.490751 1.564062
-1.405001 -1.440257 1.550236
-0.983084 -0.990414 2.122316
-1.432561 -1.827540 1.029304
-1.130633 -1.886894 1.270000
-1.130633 -1.886894 -1.270000
0.376927 2.167170 -1.270000
0.657992 2.098987 -1.270000
0.217166 1.251295 -2.199704
0.436143 2.502275 -0.000000
0.436143 2.502275 0.000000
0.760499 2.423477 -0.000000
-0.000000 -2.540000 0.000000
-0.000000 -2.540000 0.000000
-0.000000 -2.540000 0.000000
2.481334 -0.000000 -0.542751
2.515281 -0.000000 -0.353497
2.540000 -0.000000 0.000088
-2.146332 -0.088644 -1.355361
-1.704208 -0.088651 -1.881333
-2.251332 -0.088644 -1.172709
-2.538453 -0.088645 -0.000041
-2.538453 -0.088645 -0.000000
-2.426550 -0.088638 -0.745385
-1.742562 -1.663214 -0.805480
-1.623116 -1.772514 0.821760
-1.623122 -1.772510 -0.821756
-1.623122 -1.772510 -0.821756
-1.105865 -0.921536 -2.092710
-1.742562 -1.663214 -0.805480
-0.398139 0.088651 -2.507035
-0.414049 0.088650 -2.504457
-0.728251 0.088664 -2.431746
0.000000 2.540000 -0.000000
0.000000 2.540000 -0.000000
0.000000 2.540000 -0.000000
0.000000 2.540000 -0.000000
0.000000 2.540000 -0.000000
0.000000 2.540000 -0.000000
1.583664 -0.000000 -1.985852
0.565203 -0.000000 -2.476317
1.583664 -0.000000 -1.985852
0.000000 2.540000 -0.000000
0.000000 2.540000 -0.000000
0.000000 2.540000 -0.000000
0.000000 2.540000 -0.000000
0.000000 2.540000 -0.000000
0.000000 2.540000 -0.000000
-0.254398 -2.527228 0.000000
-0.102988 -2.197292 1.270001
-0.096299 -2.197595 -1.270001
-0.235413 -2.334669 -0.972368
-0.096299 -2.197595 -1.270001
-0.181067 -1.787190 -1.795763
-1.308546 0.609695 -2.089875
-2.119670 0.088661 -1.396688
-1.585654 0.088480 -1.982290
2.214228 0.613389 1.082842
1.908391 0.187944 1.665629
2.114756 0.156120 1.398225
-1.122797 -2.278360 0.000000
-1.190375 -2.243793 0.000000
-1.189803 -2.244096 0.000000
1.241768 -0.088646 2.213991
1.629627 -0.088647 1.946294
2.092937 -0.088644 1.436439
-2.288461 0.000000 -1.102065
-1.583664 0.000000 -1.985852
-2.288461 0.000000 -1.102065
0.000000 2.540000 -0.000000
0.000000 2.540000 -0.000000
0.000000 2.540000 -0.000000
0.000000 2.540000 -0.000000
0.000000 2.540000 -0.000000
0.000000 2.540000 -0.000000
1.583664 -0.000000 1.985852
0.565203 -0.000000 2.476317
1.583664 -0.000000 1.985852
-1.069180 -2.304008 0.000000
-1.069288 -2.303958 0.000000
-1.122522 -2.278496 0.000000
2.094123 -0.088644 -1.434709
1.631534 -0.088647 -1.944695
2.225258 -0.088644 -1.221462
0.772767 -2.419593 -0.000000
1.472269 -2.069788 -0.000000
1.275022 -1.792489 -1.270000
1.275022 -1.792489 -1.270000
0.736134 -1.034894 -2.199704
0.669236 -2.095429 -1.270000
0.657035 1.049291 2.217858
0.617520 1.196209 2.153916
0.278833 0.652850 2.438778
0.496431 0.856992 2.338957
0.418087 0.899307 2.338386
0.084468 0.145832 2.534403
-0.100856 0.088648 -2.536448
0.190260 0.088653 -2.531312
0.161130 0.088652 -2.533333
0.000000 2.540000 -0.000000
0.000000 2.540000 -0.000000
0.000000 2.540000 -0.000000
-0.899603 -0.690614 2.272744
-0.761169 -0.840675 2.272771
-0.192869 -0.213014 2.523693
0.035884 -0.896073 2.376419
-0.004889 -0.287322 2.523692
-0.416779 -1.054947 2.272660
0.000000 2.540000 -0.000000
0.000000 2.540000 -0.000000
0.000000 2.540000 -0.000000
0.000000 2.540000 -0.000000
0.000000 2.540000 -0.000000
0.000000 2.540000 -0.000000
1.637673 0.088722 1.939525
1.231815 0.088648 2.219543
2.423598 0.088638 0.754927
0.000000 2.540000 -0.000000
0.000000 2.540000 -0.000000
0.000000 2.540000 -0.000000
2.286587 0.088644 -1.102390
2.281897 0.088644 -1.112064
2.538453 0.088645 -0.000000
2.538453 0.088645 0.000000
2.468220 0.088625 -0.592990
2.538453 0.088645 -0.000000
-0.000000 -0.000000 -2.540000
-0.305705 -0.389992 -2.491195
-0.652771 -1.089399 -2.199704
-0.000000 0.000000 -2.540000
-0.000000 -0.000000 -2.540000
-0.000000 -0.000000 -2.540000
2.230032 0.141696 1.207675
2.030374 0.000153 1.526166
2.290660 -0.000571 1.097487
2.030384 -0.000000 1.526153
2.100732 -0.000000 1.427769
2.290372 -0.000000 1.098088
2.114681 0.795122 -1.160820
2.228195 1.126612 -0.466360
2.181241 0.723978 -1.081501
1.493426 0.000143 -2.054575
1.900863 -0.000000 -1.684732
0.961440 -0.000000 -2.351007
-0.159052 -2.116188 -1.395726
-0.534453 -2.053864 -1.395565
-0.464891 -1.786544 -1.744630
0.233660 -2.109197 -1.395812
0.203239 -1.834596 -1.744865
0.592836 -2.037612 -1.395808
-2.288461 0.000000 1.102065
-1.583664 0.000000 1.985852
-2.288461 0.000000 1.102065
0.000000 2.540000 -0.000000
0.000000 2.540000 -0.000000
0.000000 2.540000 -0.000000
0.000000 2.540000 -0.000000
0.000000 2.540000 -0.000000
0.000000 2.540000 -0.000000
-1.583664 0.000000 -1.985852
-2.288461 0.000000 -1.102065
-1.583664 0.000000 -1.985852
0.084468 0.145832 2.534403
0.418087 0.899307 2.338386
0.000000 0.000000 2.540000
0.000000 0.000000 2.540000
-0.000000 -0.000000 2.540000
0.039914 0.990167 2.338712
0.000000 2.540000 -0.000000
0.000000 2.540000 -0.000000
0.000000 2.540000 -0.000000
0.000000 2.540000 -0.000000
0.000000 2.540000 -0.000000
0.000000 2.540000 -0.000000
0.450487 0.065829 2.498865
1.043645 0.477979 2.265820
1.154210 1.006119 2.026604
0.981273 0.304393 2.322939
1.590801 0.894159 1.766758
1.554266 1.140821 1.653598
1.257494 -2.202145 0.144453
1.156667 -2.025575 1.005369
0.790991 -2.194350 1.005366
0.671241 -2.449701 -0.000000
0.671241 -2.449701 -0.000000
0.120363 -2.537147 0.000000
-0.744881 -0.088675 2.426703
-0.502466 -0.088646 2.488226
-0.333215 -0.088660 2.516487
1.015084 1.951284 1.270313
1.230878 2.172358 0.466265
0.982468 2.034645 1.160420
1.231021 2.172305 0.466130
1.250201 2.211017 -0.000000
1.222980 2.203408 0.317669
-0.333215 -0.088660 2.516487
-0.502466 -0.088646 2.488226
-0.502456 -0.088646 2.488228
1.462220 0.276689 2.058387
1.957329 0.941492 1.316836
1.885325 1.009725 1.370258
-1.029518 0.088944 -2.320298
-0.722223 0.088732 -2.433541
-0.304431 0.596084 -2.450226
1.924910 0.883350 1.402147
1.462220 0.276689 2.058387
1.591571 0.248832 1.963818
1.376259 -0.000000 2.134833
1.457303 -0.000000 2.080353
1.142918 -0.000000 2.268334
0.000000 2.540000 -0.000000
0.000000 2.540000 -0.000000
0.000000 2.540000 -0.000000
0.000000 2.540000 -0.000000
0.000000 2.540000 -0.000000
0.000000 2.540000 -0.000000
-0.061005 1.268534 -2.199705
-0.144567 1.661509 -1.915747
-0.105686 2.197164 -1.270000
-0.015643 2.199649 -1.270000
-0.009005 1.269968 -2.199705
-0.105686 2.197164 -1.270000
-0.000000 -2.540000 0.000000
-0.000000 -2.540000 0.000000
-0.000000 -2.540000 0.000000
1.609078 -0.000000 1.965316
1.457303 -0.000000 2.080353
1.376259 -0.000000 2.134833
0.000000 2.540000 -0.000000
0.000000 2.540000 -0.000000
0.000000 2.540000 -0.000000
1.583664 -0.000000 -1.985852
1.583664 -0.000000 -1.985852
2.288461 -0.000000 -1.102065
-1.838376 -0.986388 -1.448797
-0.855723 -0.273908 -2.375776
-1.729322 -0.788874 -1.684852
-0.276914 0.000000 -2.524860
-0.311188 0.000000 -2.520865
-0.408086 0.000000 -2.507003
-0.565203 0.000000 2.476317
-0.565203 0.000000 2.476317
-1.583664 0.000000 1.985852
0.000000 2.540000 -0.000000
0.000000 2.540000 -0.000000
0.000000 2.540000 -0.000000
-0.018114 2.539935 0.000000
0.085864 2.538548 -0.000000
-0.018114 2.539935 0.000000
0.074428 2.198445 1.270000
-0.015643 2.199649 1.270000
0.043010 1.269271 2.199705
0.000000 0.000000 2.540000
0.000000 -0.000000 2.540000
-0.009005 1.269968 2.199705
-0.144567 1.661509 1.915747
-0.073618 0.866622 2.386451
-0.061005 1.268534 2.199705
-1.445584 0.000000 -2.088513
-1.229786 0.000000 -2.222437
-0.311049 0.000000 -2.520882
-0.000000 -2.540000 0.000000
-0.000000 -2.540000 0.000000
-0.000000 -2.540000 0.000000
-0.522469 -1.718680 -1.795763
-0.511861 -1.162282 -2.199704
-0.886569 -2.013131 -1.270000
-0.511861 -1.162282 -2.199704
-0.281143 -0.933123 -2.345600
-0.000000 -0.000000 -2.540000
-0.018114 2.539935 0.000000
0.085864 2.538548 -0.000000
0.085864 2.538548 -0.000000
0.074428 2.198445 -1.270000
0.043010 1.269271 -2.199705
-0.015643 2.199649 -1.270000
-1.016481 -0.972494 -2.114857
-1.105865 -0.921536 -2.092710
-1.623122 -1.772510 -0.821756
-0.762529 -0.333507 -2.399776
-1.164500 -0.885511 -2.076394
-0.648425 -0.368437 -2.428044
-0.061005 1.268534 2.199705
-0.105686 2.197164 1.270000
-0.144567 1.661509 1.915747
-0.225805 2.529943 -0.000000
-0.122062 2.537066 0.000000
-0.225805 2.529943 0.000000
2.281897 0.088644 -1.112064
2.100976 0.088644 -1.424656
2.029348 0.088645 -1.524955
2.029347 0.088645 -1.524956
2.290990 0.088644 -1.093210
2.281894 0.088644 -1.112072
-2.409090 -0.804914 0.000000
-2.335722 -0.997999 0.000000
-2.518702 -0.294748 0.144440
-2.231175 -0.680533 1.005152
-2.029938 -0.619154 1.395565
-2.316782 -0.271119 1.005293
-0.000000 -2.540000 0.000000
-0.000000 -2.540000 0.000000
-0.000000 -2.540000 0.000000
1.376239 -0.000000 -2.134846
1.854773 -0.000000 -1.735344
1.609097 -0.000000 -1.965300
-0.779792 -1.973803 1.395573
-1.565577 -1.729105 1.005367
-0.857098 -2.169479 1.005159
-1.441381 -2.091416 0.000000
-0.900294 -2.375094 0.000000
-1.357214 -2.146991 0.000000
-0.000000 0.194809 -2.532518
-0.000000 0.194809 -2.532518
-0.000000 0.194809 -2.532518
0.260640 0.557347 -2.464352
-0.000002 0.194806 -2.532519
0.617542 1.196102 -2.153969
0.000000 0.000000 2.540000
-0.000000 -1.270000 2.199705
0.000000 0.000000 2.540000
0.777684 -0.583114 2.346654
-0.000000 0.000000 2.540000
-0.000000 0.000000 2.540000
2.032187 -1.523750 -0.000000
2.032187 -1.523750 -0.000000
1.650601 -1.930574 -0.000000
1.257494 -2.202145 0.144453
1.617496 -1.953060 0.144452
1.156667 -2.025575 1.005369
1.024786 2.102787 -0.989798
1.157900 2.119080 -0.787634
1.144505 2.056276 -0.955739
1.390783 2.125336 0.016419
1.132758 2.001785 -1.077644
1.377782 2.122783 0.217042
0.000000 2.540000 -0.000000
0.000000 2.540000 -0.000000
0.000000 2.540000 -0.000000
0.000000 2.540000 -0.000000
0.000000 2.540000 -0.000000
0.000000 2.540000 -0.000000
0.288415 -0.000000 2.523572
0.096734 -0.000000 2.538157
-0.010908 0.000000 2.539977
-0.032567 0.000000 2.539791
-0.086441 0.000000 2.538529
-0.010908 0.000000 2.539977
-1.221350 -1.735445 -1.395756
-1.062350 -1.509518 -1.744811
-0.891592 -1.925861 -1.395608
-0.808391 -0.795372 -2.272771
-0.165391 -0.235008 -2.523691
-0.652719 -0.927464 -2.272744
1.769286 1.128489 -1.430992
2.001876 1.402326 -0.691068
1.881547 1.028235 -1.361658
1.587795 1.119262 -1.636386
1.590795 0.894164 -1.766761
1.239690 0.405263 -2.179571
2.280371 1.070835 0.323760
1.915809 1.504214 -0.720150
2.227793 1.126971 0.467414
-0.903063 0.590347 -2.299471
-1.585654 0.088480 -1.982290
-1.316155 0.088600 -2.170596
-0.000000 -0.000000 -2.540000
0.000000 -0.000000 -2.540000
-0.000000 -0.000000 -2.540000
0.035884 -0.896073 -2.376419
-0.072383 -0.278164 -2.523685
-0.021539 -0.286572 -2.523690
0.000000 2.540000 -0.000000
0.000000 2.540000 -0.000000
0.000000 2.540000 -0.000000
2.290985 0.088644 1.093221
2.016086 0.088645 1.542446
2.423598 0.088638 0.754927
0.000000 2.540000 -0.000000
0.000000 2.540000 -0.000000
0.000000 2.540000 -0.000000
0.000000 2.540000 -0.000000
0.000000 2.540000 -0.000000
0.000000 2.540000 -0.000000
0.189698 2.532906 -0.000000
0.436143 2.502275 0.000000
0.189698 2.532906 -0.000000
0.074428 2.198445 1.270000
0.134272 1.791999 1.795080
0.095804 2.337553 0.989074
-0.652771 -1.089399 2.199704
-0.000000 -0.000000 2.540000
-0.511861 -1.162282 2.199704
-0.000000 -1.270000 2.199705
-0.059454 -1.268607 2.199705
0.000000 0.000000 2.540000
1.827354 1.764193 -0.000000
1.992051 1.575860 -0.000293
1.917476 1.370099 -0.947478
1.987597 1.295500 -0.907049
1.992051 1.575860 -0.000293
2.088325 1.180002 -0.835521
-0.618118 0.348069 2.438930
-0.722207 0.088748 2.433545
-1.011558 0.090059 2.328141
2.076743 1.307379 -0.655361
1.943822 0.969083 -1.316828
2.001876 1.402326 -0.691068
2.059162 0.773055 -1.270369
1.814242 0.592419 -1.676057
1.982772 0.845195 -1.343823
1.943822 0.969083 -1.316828
2.076743 1.307379 -0.655361
2.013152 0.900420 -1.260184
0.757929 1.629392 1.795056
0.657992 2.098987 1.270000
0.379534 1.211963 2.199705
0.757929 1.629392 1.795056
0.986891 2.120836 0.989797
0.657992 2.098987 1.270000
1.432901 2.097235 -0.000001
1.305610 2.178757 0.000000
1.493681 2.024892 0.346886
1.555124 2.008280 0.000000
1.432901 2.097235 -0.000001
1.493681 2.024892 0.346886
0.000000 2.540000 -0.000000
0.000000 2.540000 -0.000000
0.000000 2.540000 -0.000000
1.231817 0.088648 -2.219543
1.637675 0.088722 -1.939523
1.472597 0.088710 -2.067653
-2.198467 -1.272141 0.000000
-2.215992 -1.241361 0.000000
-2.157328 -1.340722 0.000000
-2.538453 -0.088645 -0.000000
-2.449633 -0.088632 0.665614
-2.538453 -0.088645 0.000042
-1.815536 0.000000 1.776353
-1.445579 0.000000 2.088516
-0.311040 0.000000 2.520884
-0.000000 -2.540000 0.000000
-0.000000 -2.540000 0.000000
-0.000000 -2.540000 0.000000
1.555121 2.008283 -0.000000
1.671831 1.912219 -0.000000
1.671831 1.912219 -0.000000
0.997697 1.021069 -2.100861
0.426982 -0.088521 -2.502289
0.099558 -0.087949 -2.536524
-0.416779 -1.054947 2.272660
-0.105610 -0.267320 2.523685
-0.761169 -0.840675 2.272771
-0.779792 -1.973803 1.395573
-1.424320 -1.573093 1.395812
-1.565577 -1.729105 1.005367
-1.052301 -0.407120 2.275635
-0.548915 -0.122566 2.476948
-0.496876 -0.000004 2.490926
0.000000 0.194809 2.532518
0.000000 0.194809 2.532518
0.000000 0.194809 2.532518
-2.244439 -1.188538 -0.038338
-2.244440 -1.188537 0.038349
-2.094153 -1.220641 -0.759051
-1.838376 -0.986388 -1.448797
-1.729322 -0.788874 -1.684852
-2.119120 -1.054256 -0.921669
-0.000000 0.000000 -2.540000
-0.009005 1.269968 -2.199705
0.043010 1.269271 -2.199705
-0.000000 0.000000 -2.540000
0.043010 1.269271 -2.199705
0.074083 0.988197 -2.338713
1.822026 -1.763790 -0.144452
1.027117 -2.094246 -1.005369
1.675936 -1.622369 -1.005364
1.189584 -2.244212 -0.000000
1.650601 -1.930574 -0.000000
0.671241 -2.449701 -0.000000
-0.000000 -2.540000 0.000000
-0.000000 -2.540000 0.000000
-0.000000 -2.540000 0.000000
2.100732 -0.000000 1.427769
2.030384 -0.000000 1.526153
1.854720 -0.000000 1.735400
0.379534 1.211963 -2.199704
-0.000000 -0.000000 -2.540000
0.217166 1.251295 -2.199704
-0.000000 0.000000 -2.540000
0.074083 0.988197 -2.338713
-0.000000 -0.000000 -2.540000
-2.375236 0.088645 -0.895542
-2.220308 0.088643 -1.230438
-1.907631 0.088658 -1.674719
0.000000 2.540000 -0.000000
0.000000 2.540000 -0.000000
0.000000 2.540000 -0.000000
0.386383 -1.209797 2.199705
0.736134 -1.034894 2.199705
0.669236 -2.095429 1.270000
0.386383 -1.209797 2.199705
-0.000000 0.000000 2.540000
0.736134 -1.034894 2.199705
-1.254889 -0.088646 -2.206580
-0.556602 -0.088645 -2.476679
-1.273670 -0.088647 -2.195793
-1.576269 -0.088645 -1.989753
-1.890037 -0.088650 -1.694551
-1.254889 -0.088646 -2.206580
-0.000000 0.194809 -2.532518
-0.000000 0.194809 -2.532518
-0.000000 0.194809 -2.532518
0.500012 -0.000000 -2.490299
0.605778 -0.000000 -2.466705
0.373484 -0.000000 -2.512391
-2.259160 -1.002722 -0.585102
-1.761856 -1.733482 -0.585238
-2.317840 -1.028766 -0.144417
-2.409090 -0.804914 0.000000
-2.029853 -1.526859 0.000000
-2.335722 -0.997999 0.000000
2.100801 -0.000000 -1.427667
1.854773 -0.000000 -1.735344
1.900863 -0.000000 -1.684732
-0.000000 -2.540000 0.000000
-0.000000 -2.540000 0.000000
-0.000000 -2.540000 0.000000
2.016093 0.088645 -1.542436
2.290990 0.088644 -1.093210
2.029347 0.088645 -1.524956
0.000000 2.540000 -0.000000
0.000000 2.540000 -0.000000
0.000000 2.540000 -0.000000
1.436973 -1.077454 1.796051
1.275022 -1.792489 1.270000
0.736134 -1.034894 2.199705
1.156667 -2.025575 1.005369
1.052304 -1.842813 1.395814
0.790991 -2.194350 1.005366
0.379534 1.211963 2.199705
0.376926 2.167170 1.270000
0.217166 1.251295 2.199705
0.379534 1.211963 2.199705
0.217166 1.251295 2.199705
-0.000000 -0.000000 2.540000
0.657992 2.098987 -1.270000
0.376927 2.167170 -1.270000
0.436143 2.502275 -0.000000
0.189698 2.532906 -0.000000
0.174748 2.332980 -0.989074
0.085864 2.538548 -0.000000
-1.794011 -1.611483 0.797651
-1.996674 -1.372731 0.761907
-1.762241 -1.110540 1.453550
-1.570420 -0.777081 1.838893
-1.943628 -1.075417 1.231823
-1.636500 -0.731392 1.799593
0.684593 1.181710 -2.141610
0.434580 0.891455 -2.338386
0.757929 1.629392 -1.795056
0.657992 2.098987 -1.270000
0.757929 1.629392 -1.795056
0.379534 1.211963 -2.199704
-0.059454 -1.268607 -2.199705
-0.000000 -1.270000 -2.199704
-0.000000 -0.000000 -2.540000
-0.000000 -0.000000 -2.540000
-0.000000 -0.000000 -2.540000
-0.059454 -1.268607 -2.199705
-1.432561 -1.827540 -1.029304
-1.582869 -1.806317 0.826645
-1.130633 -1.886894 -1.270000
-1.130633 -1.886894 -1.270000
-0.772356 -0.985306 -2.210031
-1.432561 -1.827540 -1.029304
-0.886569 -2.013131 1.270000
-1.130633 -1.886894 1.270000
-0.652771 -1.089399 2.199704
-0.652771 -1.089399 2.199704
-1.161058 -1.481180 1.705770
-0.772356 -0.985306 2.210031
-1.105865 -0.921536 -2.092710
-1.016481 -0.972494 -2.114857
-0.594160 -0.383752 -2.439530
-0.305705 -0.389992 -2.491195
-0.772356 -0.985306 -2.210031
-0.652771 -1.089399 -2.199704
-1.335279 -1.490751 1.564062
-1.582869 -1.806317 0.826645
-1.405001 -1.440257 1.550236
-1.623116 -1.772514 0.821760
-1.582869 -1.806317 0.826645
-1.623122 -1.772510 -0.821756
-0.464891 -1.786544 -1.744630
-0.138347 -1.840704 -1.744784
-0.159052 -2.116188 -1.395726
-0.285653 -1.097743 -2.272655
-0.072383 -0.278164 -2.523685
-0.085003 -1.130959 -2.272731
-0.886569 -2.013131 -1.270000
-0.886569 -2.013131 1.270000
-0.744429 -2.428462 0.000000
-0.686339 -2.243889 -0.972368
-0.522469 -1.718680 -1.795763
-0.886569 -2.013131 -1.270000
-0.744429 -2.428462 0.000000
-0.886569 -2.013131 1.270000
-0.744429 -2.428462 0.000000
-0.522469 -1.718680 1.795763
-0.886569 -2.013131 1.270000
-0.511861 -1.162282 2.199704
0.000000 2.540000 -0.000000
0.000000 2.540000 -0.000000
0.000000 2.540000 -0.000000
-2.119684 0.088643 1.396669
-1.907634 0.088658 1.674716
-2.220311 0.088643 1.230431
1.350427 1.649790 1.380631
0.979770 1.271340 1.968590
1.554266 1.140821 1.653598
1.554266 1.140821 1.653598
1.424962 1.045614 1.824219
0.981273 0.304393 2.322939
-1.943628 -1.075417 1.231823
-2.094814 -1.035584 0.995451
-1.636500 -0.731392 1.799593
-1.815536 0.000000 1.776353
-2.350749 0.000000 0.962070
-1.445579 0.000000 2.088516
-0.652771 -1.089399 2.199704
-0.772356 -0.985306 2.210031
-0.305705 -0.389992 2.491194
-0.642742 -0.370044 2.429311
-1.158396 -0.889341 2.078170
-1.363042 -0.744455 2.009851
1.728950 0.220763 1.847592
2.108331 0.713472 1.223724
2.018137 0.798304 1.319634
2.137249 1.064597 0.866255
2.047756 0.851644 1.238144
2.134359 0.761949 1.146972
0.605778 -0.000000 2.466705
0.670835 -0.000000 2.449812
0.489059 -0.000000 2.492473
0.000000 0.194809 2.532518
0.000000 0.194809 2.532518
0.000000 0.194809 2.532518
1.524722 -1.475988 -1.395809
1.248259 -1.716148 -1.395811
1.326215 -1.283827 -1.744861
0.736134 -1.034894 -2.199704
1.877765 -1.407963 -0.971205
1.436973 -1.077454 -1.796051
-0.000000 -1.270000 -2.199704
-0.000000 -1.270000 -2.199704
-0.000000 -0.000000 -2.540000
-0.000000 -1.270000 -2.199704
-0.000000 -2.199704 -1.270000
-0.000000 -1.270000 -2.199704
0.384573 -1.066874 2.272770
0.625933 -1.736451 1.744863
0.915302 -1.602892 1.744867
-0.036105 -2.121809 1.395787
-0.039685 -2.332232 1.005345
0.365683 -2.090357 1.395809
-0.009005 1.269968 2.199705
0.000000 -0.000000 2.540000
0.043010 1.269271 2.199705
0.043010 1.269271 2.199705
0.000000 0.000000 2.540000
0.039914 0.990167 2.338712
-0.496878 0.000000 -2.490926
-0.496878 0.000000 -2.490926
-0.414050 0.000000 -2.506025
-0.408086 0.000000 -2.507003
-0.311188 0.000000 -2.520865
-0.496799 0.000000 -2.490942
-0.333214 -0.088660 -2.516487
-0.556602 -0.088645 -2.476679
-0.744879 -0.088675 -2.426704
-0.143196 -0.088655 -2.534410
-0.143229 -0.088655 -2.534408
-0.556602 -0.088645 -2.476679
1.231021 2.172305 0.466130
1.274146 2.197305 0.000000
1.250201 2.211017 -0.000000
1.274146 2.197305 -0.000000
1.274146 2.197305 0.000000
1.250201 2.211017 -0.000000
1.112711 2.283303 0.000000
1.024786 2.102787 -0.989798
0.760499 2.423477 -0.000000
1.172332 2.221117 -0.379311
1.024786 2.102787 -0.989798
1.129533 2.275028 0.000001
1.226107 2.224468 0.000000
1.226108 2.224468 -0.000000
1.250201 2.211018 0.000000
1.250201 2.211018 0.000000
1.239357 2.137852 -0.587523
1.226107 2.224468 0.000000
0.657992 2.098987 1.270000
0.436143 2.502275 0.000000
0.376926 2.167170 1.270000
0.376926 2.167170 1.270000
0.436143 2.502275 0.000000
0.095804 2.337553 0.989074
-1.887237 -0.970678 1.395608
-2.029938 -0.619154 1.395565
-2.074341 -1.066913 1.005190
-1.008662 -0.518793 2.272676
-0.274924 -0.083855 2.523685
-1.084955 -0.330923 2.272655
-0.000000 -2.540000 0.000000
-0.000000 -2.540000 0.000000
-0.000000 -2.540000 0.000000
-2.249820 0.000000 -1.178944
-1.922107 0.000000 -1.660453
-1.445584 0.000000 -2.088513
-1.065377 -2.301242 -0.144422
-1.459476 -2.073804 -0.144444
-1.422514 -2.021284 -0.585206
-0.704333 -2.440392 0.000000
-0.900294 -2.375094 0.000000
-1.441381 -2.091416 0.000000
-0.652719 -0.927464 -2.272744
-0.165391 -0.235008 -2.523691
-0.476525 -1.029305 -2.272676
-0.891592 -1.925861 -1.395608
-1.062350 -1.509518 -1.744811
-0.775541 -1.675189 -1.744671
0.760499 2.423477 -0.000000
0.657992 2.098987 -1.270000
0.436143 2.502275 -0.000000
1.024786 2.102787 -0.989798
0.657992 2.098987 -1.270000
0.760499 2.423477 -0.000000
-0.043145 -2.535522 0.144449
0.436987 -2.497954 0.144452
-0.042052 -2.471304 0.585223
-0.408217 -2.506982 0.000000
-0.042052 -2.471304 0.585223
-0.931776 -2.358503 0.144417
1.349694 2.137408 -0.247814
1.152889 1.868629 1.276979
1.377851 2.126202 0.179974
1.265870 1.791417 1.280623
1.152810 1.868468 1.277285
0.995900 1.471485 1.815080
2.354466 0.952936 -0.000000
2.319359 1.035459 -0.000000
2.393031 0.851471 -0.000000
2.389544 0.850884 0.132944
2.393031 0.851471 0.000000
2.319330 1.035523 -0.000160
2.393031 0.851471 -0.000000
2.399816 0.831575 -0.031104
2.405570 0.790058 -0.201598
2.377787 0.468599 0.760359
2.290660 -0.000571 1.097487
2.399813 0.831583 0.031098
0.450483 0.065820 -2.498866
0.719795 0.746965 -2.318521
1.043644 0.477957 -2.265826
1.048077 0.293725 -2.294964
1.587795 1.119262 -1.636386
1.239690 0.405263 -2.179571
-0.000000 -2.540000 0.000000
-0.000000 -2.199704 1.270000
-0.000000 -2.540000 0.000000
-0.102988 -2.197292 1.270001
-0.000000 -2.540000 0.000000
-0.096299 -2.197595 -1.270001
-1.512683 -1.488321 -1.395812
-1.939773 -0.860962 -1.395573
-1.687300 -0.748903 -1.744639
-2.199704 0.000000 -1.270000
-1.270000 0.000000 -2.199704
-1.939773 -0.860962 -1.395573
1.591258 -0.088645 -1.977787
1.463838 -0.088648 -2.073866
1.823347 -0.088654 -1.766110
2.107669 0.563696 -1.300606
1.823849 -0.089169 -1.765566
1.463777 -0.088343 -2.073922
2.132667 1.379612 0.000013
2.281573 0.930168 -0.617100
2.238025 0.989331 -0.681226
2.132670 1.379608 -0.000000
2.131835 1.380899 -0.000000
2.248475 1.181507 -0.000000
-1.565577 -1.729105 1.005367
-1.424320 -1.573093 1.395812
-1.850239 -1.420406 1.005318
-1.441381 -2.091416 0.000000
-1.357214 -2.146991 0.000000
-2.088870 -1.445068 0.000000
-0.096299 -2.197595 -1.270001
-0.000000 -2.540000 0.000000
-0.000000 -2.199704 -1.270000
-0.102988 -2.197292 -1.270001
-0.000000 -2.199704 -1.270000
-0.000000 -1.270000 -2.199704
-0.000000 -2.540000 0.000000
-0.000000 -2.540000 0.000000
-0.000000 -2.540000 0.000000
2.290372 -0.000000 1.098088
2.322109 -0.000000 1.029277
2.481298 -0.000000 0.542918
0.651631 -2.239692 -1.005364
1.116651 -2.276802 -0.144453
0.708433 -2.434924 -0.144452
0.651631 -2.239692 -1.005364
0.708433 -2.434924 -0.144452
0.256833 -2.318377 -1.005367
0.760499 2.423477 -0.000000
0.436143 2.502275 0.000000
0.657992 2.098987 1.270000
1.024786 2.102787 0.989798
0.760499 2.423477 -0.000000
0.657992 2.098987 1.270000
-0.000000 -2.199704 1.270000
-0.000000 -2.199704 1.270000
-0.000000 -2.540000 0.000000
0.669236 -2.095429 1.270000
1.275022 -1.792489 1.270000
0.772767 -2.419593 -0.000000
1.142720 0.000154 2.268434
1.457408 -0.000238 2.080279
1.462220 0.276689 2.058387
1.851228 0.948022 1.458015
1.367608 0.298194 2.119511
1.462220 0.276689 2.058387
-0.105686 2.197164 1.270000
-0.201980 2.279504 1.102118
-0.144567 1.661509 1.915747
-2.288435 0.000000 1.102118
-2.346028 0.000000 0.973525
-1.667788 0.000000 1.915747
-0.000000 -1.270000 2.199705
-0.000000 -1.270000 2.199705
0.000000 0.000000 2.540000
-0.000000 -1.270000 2.199705
-0.000000 -1.270000 2.199705
-0.000000 -2.199704 1.270000
-0.000000 -0.000000 2.540000
0.379534 1.211963 2.199705
-0.000000 -0.000000 2.540000
0.000000 0.000000 2.540000
0.000000 0.000000 2.540000
0.000000 0.000000 2.540000
-1.582869 -1.806317 0.826645
-1.623116 -1.772514 0.821760
-1.405001 -1.440257 1.550236
-1.555658 -1.317738 1.514956
-1.794011 -1.611483 0.797651
-1.762241 -1.110540 1.453550
-1.989542 -1.382279 -0.763299
-1.924454 -1.131497 -1.211525
-2.099227 -1.347200 -0.479475
-2.094153 -1.220641 -0.759051
-1.838376 -0.986388 -1.448797
-2.119120 -1.054256 -0.921669
0.428938 0.911491 -2.331694
0.611647 1.199619 -2.153695
0.000009 0.194824 -2.532517
0.809016 1.524233 -1.863815
1.077871 1.919408 -1.267150
0.611647 1.199619 -2.153695
-1.130633 -1.886894 1.270000
-1.161058 -1.481180 1.705770
-0.652771 -1.089399 2.199704
-1.130633 -1.886894 1.270000
-1.432561 -1.827540 1.029304
-1.161058 -1.481180 1.705770
-0.181067 -1.787190 -1.795763
-0.102988 -2.197292 -1.270001
-0.055614 -1.268781 -2.199705
-0.098908 -0.969524 -2.345600
-0.511861 -1.162282 -2.199704
-0.181067 -1.787190 -1.795763
0.000000 0.000000 2.540000
0.000000 0.000000 2.540000
0.000000 0.000000 2.540000
-0.192869 -0.213014 2.523693
-0.761169 -0.840675 2.272771
-0.105610 -0.267320 2.523685
0.515654 -1.772332 -1.744861
0.499374 -1.018202 -2.272772
0.812785 -1.657233 -1.744867
0.124870 -1.127174 -2.272771
0.031640 -0.285609 -2.523693
0.316818 -1.088921 -2.272769
-0.000000 -2.199704 -1.270000
0.772767 -2.419593 -0.000000
-0.000000 -2.199704 -1.270000
0.669236 -2.095429 -1.270000
0.772767 -2.419593 -0.000000
1.275022 -1.792489 -1.270000
1.725544 1.758450 0.618021
1.878620 1.558836 0.701726
1.744999 1.845340 -0.036020
1.671831 1.912219 -0.000000
1.745641 1.529833 1.031479
1.827354 1.764193 0.000001
0.762460 -0.088678 2.421237
1.424078 0.948855 1.877039
0.426870 -0.088652 2.502304
1.320961 1.686795 -1.364326
1.439015 1.813013 -1.045858
1.744999 1.845340 -0.036020
-0.203948 0.410590 -2.498284
-0.722222 0.088732 -2.433541
-0.424923 0.088736 -2.502632
1.320961 1.686795 -1.364326
1.178757 1.628885 -1.552053
1.439015 1.813013 -1.045858
-0.235413 -2.334669 0.972368
-0.181067 -1.787190 1.795763
-0.096299 -2.197595 1.270001
-0.522469 -1.718680 1.795763
-0.686339 -2.243889 0.972368
-0.886569 -2.013131 1.270000
-0.311005 0.000000 2.520888
-0.388361 0.000000 2.510135
-0.496843 0.000000 2.490933
-0.365414 0.000000 2.513578
-0.496878 0.000000 2.490926
-0.430576 0.000000 2.503239
0.736134 -1.034894 -2.199704
-0.000000 0.000000 -2.540000
0.386383 -1.209797 -2.199704
0.669236 -2.095429 -1.270000
0.736134 -1.034894 -2.199704
0.386383 -1.209797 -2.199704
-1.270000 0.000000 -2.199704
-1.667788 0.000000 -1.915747
-0.869743 0.000000 -2.386451
-0.061005 1.268534 -2.199705
-0.073618 0.866622 -2.386451
-0.144567 1.661509 -1.915747
1.991606 1.576422 0.000533
2.085780 1.183062 0.837547
2.131833 1.380902 0.000016
1.827354 1.764193 0.000001
1.978218 1.305751 0.912836
1.991606 1.576422 0.000533
-0.281143 -0.933123 2.345600
-0.000000 -0.000000 2.540000
-0.001733 -0.005811 2.539993
0.000000 0.000000 2.540000
0.000000 0.000000 2.540000
0.000000 0.000000 2.540000
-0.311005 0.000000 2.520888
-0.241009 0.000000 2.528540
-0.388361 0.000000 2.510135
-0.311005 0.000000 2.520888
-0.241009 0.000000 2.528540
-0.311005 0.000000 2.520888
0.074428 2.198445 1.270000
0.085864 2.538548 -0.000000
-0.015643 2.199649 1.270000
0.095804 2.337553 0.989074
0.085864 2.538548 -0.000000
0.074428 2.198445 1.270000
2.225258 -0.088644 -1.221462
2.488347 -0.088625 -0.501870
2.094123 -0.088644 -1.434709
2.293341 1.091873 -0.000000
2.293316 1.091925 -0.000000
2.309399 1.057485 -0.000000
0.085864 2.538548 -0.000000
0.074428 2.198445 -1.270000
-0.018114 2.539935 0.000000
0.174748 2.332980 -0.989074
0.074428 2.198445 -1.270000
0.085864 2.538548 -0.000000
0.000000 -0.000000 -2.540000
-0.000000 -0.000000 -2.540000
-0.000000 0.000000 -2.540000
-0.000000 -0.000000 -2.540000
-0.000000 0.000000 -2.540000
0.000000 -0.000000 -2.540000
-0.105686 2.197164 1.270000
-0.122062 2.537066 0.000000
-0.201980 2.279504 1.102118
-0.018114 2.539935 0.000000
-0.122062 2.537066 0.000000
-0.105686 2.197164 1.270000
-0.143261 -0.088655 -2.534406
0.502411 -0.088646 -2.488237
-0.183999 -0.088659 -2.531775
-0.183999 -0.088659 -2.531775
-0.446784 -0.088650 -2.498825
-0.143261 -0.088655 -2.534406
2.248143 1.182139 -0.000000
2.293316 1.091925 -0.000000
2.293341 1.091873 -0.000000
1.985574 -0.088645 1.581530
2.092937 -0.088644 1.436439
2.298824 -0.088644 1.076639
-0.209489 0.000000 -2.531346
-0.141039 0.000000 -2.536081
-0.149012 0.000000 -2.535625
-0.000000 0.194809 -2.532518
-0.000000 0.194809 -2.532518
-0.000000 0.194809 -2.532518
-0.015643 2.199649 1.270000
-0.018114 2.539935 0.000000
-0.105686 2.197164 1.270000
0.085864 2.538548 -0.000000
-0.018114 2.539935 0.000000
-0.015643 2.199649 1.270000
-0.122062 2.537066 0.000000
-0.105686 2.197164 -1.270000
-0.225805 2.529943 0.000000
-0.015643 2.199649 -1.270000
-0.105686 2.197164 -1.270000
-0.122062 2.537066 0.000000
-0.018114 2.539935 0.000000
-0.015643 2.199649 -1.270000
-0.122062 2.537066 0.000000
0.074428 2.198445 -1.270000
-0.015643 2.199649 -1.270000
-0.018114 2.539935 0.000000
1.900802 0.000610 -1.684801
1.493426 0.000143 -2.054575
1.844375 0.117809 -1.742412
2.277906 0.620301 -0.937001
2.239064 0.661758 -1.000136
2.333331 0.961877 -0.286283
0.043010 1.269271 -2.199705
0.134272 1.791999 -1.795080
0.074083 0.988197 -2.338713
0.073111 1.795534 -1.795080
0.376927 2.167170 -1.270000
0.217166 1.251295 -2.199704
-2.540000 0.000000 0.000000
-2.199704 0.000000 -1.270000
-2.408952 -0.805327 -0.000000
-2.288435 0.000000 -1.102118
-2.199704 0.000000 -1.270000
-2.540000 0.000000 0.000000
-2.249819 0.000000 1.178946
-2.350749 0.000000 0.962070
-2.540000 0.000000 -0.000000
-0.000000 -2.540000 0.000000
-0.000000 -2.540000 0.000000
-0.000000 -2.540000 0.000000
1.816791 0.088684 -1.772852
1.472387 0.088710 -2.067802
1.472438 0.088710 -2.067766
1.472438 0.088710 -2.067766
1.472387 0.088710 -2.067802
1.157351 0.088645 -2.259266
-2.317840 -1.028766 -0.144417
-1.761856 -1.733482 -0.585238
-2.031026 -1.525298 -0.000000
-1.807641 -1.778529 -0.144453
-1.761856 -1.733482 -0.585238
-1.459476 -2.073804 -0.144444
0.657035 1.049291 2.217858
0.514395 0.769910 2.365214
0.979770 1.271340 1.968590
0.995900 1.471485 1.815080
0.979770 1.271340 1.968590
1.350427 1.649790 1.380631
-0.855723 -0.273908 -2.375776
-1.125534 -0.433555 -2.235353
-1.729322 -0.788874 -1.684852
-1.445584 0.000000 -2.088513
-1.922107 0.000000 -1.660453
-1.229786 0.000000 -2.222437
1.071722 2.302827 0.000000
0.760499 2.423477 -0.000000
1.024786 2.102787 0.989798
1.157899 2.119079 0.787638
1.129533 2.275028 -0.000000
1.024786 2.102787 0.989798
-2.029938 -0.619154 1.395565
-2.231175 -0.680533 1.005152
-2.074341 -1.066913 1.005190
-2.364166 -0.721097 0.585097
-2.425572 -0.739827 0.144416
-2.197994 -1.130512 0.585121
-0.105686 2.197164 -1.270000
-0.201980 2.279504 -1.102118
-0.225805 2.529943 0.000000
-2.540000 0.000000 0.000000
-2.288435 0.000000 -1.102118
-2.540000 0.000000 0.000000
-1.708342 -0.929568 1.633729
-1.943628 -1.075417 1.231823
-1.570420 -0.777081 1.838893
-0.496876 -0.000004 2.490926
-1.372611 -0.649909 2.035966
-1.052301 -0.407120 2.275635
-0.512375 -0.405463 -2.454521
-0.594160 -0.383752 -2.439530
-1.016481 -0.972494 -2.114857
-0.258054 0.000000 -2.526857
-0.271285 0.000000 -2.525471
-0.141039 0.000000 -2.536081
0.783410 0.088669 -2.414541
1.157325 0.088645 -2.259279
1.157338 0.088645 -2.259272
1.157325 0.088645 -2.259279
1.472491 0.088710 -2.067729
1.157338 0.088645 -2.259272
0.790991 -2.194350 1.005366
0.365683 -2.090357 1.395809
0.401949 -2.297668 1.005364
0.401949 -2.297668 1.005364
0.436987 -2.497954 0.144452
0.790991 -2.194350 1.005366
-0.102988 -2.197292 1.270001
-0.000000 -2.199704 1.270000
-0.000000 -2.540000 0.000000
-0.096299 -2.197595 1.270001
-0.000000 -1.270000 2.199705
-0.000000 -2.199704 1.270000
0.376926 2.167170 1.270000
0.073111 1.795534 1.795080
0.217166 1.251295 2.199705
0.134272 1.791999 1.795080
0.376926 2.167170 1.270000
0.095804 2.337553 0.989074
-0.985635 -0.352347 -2.314298
-0.829471 -0.311118 -2.380501
-0.496883 -0.000004 -2.490925
-0.311051 0.000003 -2.520882
-0.855723 -0.273908 -2.375776
-0.496885 -0.000001 -2.490925
-0.281143 -0.933123 2.345600
-0.181067 -1.787190 1.795763
-0.511861 -1.162282 2.199704
-0.511861 -1.162282 2.199704
-0.000000 -0.000000 2.540000
-0.281143 -0.933123 2.345600
-1.512683 -1.488321 -1.395812
-1.315743 -1.294553 -1.744865
-1.221350 -1.735445 -1.395756
-1.221350 -1.735445 -1.395756
-1.315743 -1.294553 -1.744865
-1.062350 -1.509518 -1.744811
0.379534 1.211963 2.199705
0.418087 0.899307 2.338386
0.757929 1.629392 1.795056
0.418087 0.899307 2.338386
0.379534 1.211963 2.199705
-0.000000 -0.000000 2.540000
0.670822 -0.000000 -2.449816
0.605778 -0.000000 -2.466705
0.597938 -0.000000 -2.468617
0.000007 0.194807 -2.532519
0.091072 0.164741 -2.533015
0.000007 0.194806 -2.532519
1.617496 -1.953060 0.144452
1.275022 -1.792489 1.270000
1.487805 -1.796463 1.005364
1.774531 -1.513895 1.005367
1.614420 -1.377301 1.395812
1.487805 -1.796463 1.005364
-0.444559 -0.422314 2.464877
-0.305716 -0.389984 2.491194
-0.772939 -0.985992 2.209521
-0.057770 0.000000 2.539343
0.000000 -0.000000 2.540000
-0.141039 0.000000 2.536081
-0.281143 -0.933123 -2.345600
-0.001733 -0.005811 -2.539993
-0.000000 -0.000000 -2.540000
-0.000000 -0.000000 -2.540000
-0.000000 -0.000000 -2.540000
-0.000000 -0.000000 -2.540000
-2.540000 0.000000 0.000000
-2.540000 0.000000 0.000000
-2.518702 -0.294748 0.144440
-2.454918 -0.287284 0.585189
-2.518702 -0.294748 0.144440
-2.364166 -0.721097 0.585097
-0.057770 0.000000 2.539343
-0.141039 0.000000 2.536081
-0.116808 0.000000 2.537313
0.000000 0.194809 2.532518
0.000000 0.194809 2.532518
0.000000 0.194809 2.532518
0.376927 2.167170 -1.270000
0.174748 2.332980 -0.989074
0.436143 2.502275 -0.000000
0.134272 1.791999 -1.795080
0.174748 2.332980 -0.989074
0.376927 2.167170 -1.270000
-1.164500 -0.885511 -2.076394
-1.355912 -0.750136 -2.012560
-1.799991 -1.605271 -0.796704
-0.762529 -0.333507 -2.399776
-1.285941 -0.803171 -2.037860
-1.164500 -0.885511 -2.076394
-0.704751 -2.440272 -0.000000
-1.439772 -2.092524 -0.000000
-1.065377 -2.301242 -0.144422
-1.038403 -2.242978 -0.585121
-0.622450 -2.392032 -0.585097
-0.638618 -2.454162 -0.144416
1.404235 -1.197987 1.744865
0.736134 -1.034894 2.199705
0.862760 -0.736042 2.272771
0.777684 -0.583114 2.346654
0.736134 -1.034894 2.199705
-0.000000 0.000000 2.540000
0.379534 1.211963 -2.199704
0.418087 0.899307 -2.338386
-0.000000 -0.000000 -2.540000
0.757929 1.629392 -1.795056
0.434580 0.891455 -2.338386
0.379534 1.211963 -2.199704
1.725541 1.758448 -0.618038
1.770568 1.807558 -0.222319
1.878617 1.558836 -0.701733
0.840150 1.360977 1.973192
0.098678 0.853643 2.390221
1.065379 1.548672 1.708269
-0.020765 0.596065 2.468982
0.098678 0.853643 2.390221
0.840150 1.360977 1.973192
-0.424941 0.088716 2.502630
-0.722207 0.088748 2.433545
-0.020765 0.596065 2.468982
-0.061005 1.268534 2.199705
0.000000 0.000000 2.540000
-0.009005 1.269968 2.199705
-0.009005 1.269968 2.199705
-0.105686 2.197164 1.270000
-0.061005 1.268534 2.199705
-0.061005 1.268534 -2.199705
-0.009005 1.269968 -2.199705
-0.000000 0.000000 -2.540000
-0.009005 1.269968 -2.199705
-0.061005 1.268534 -2.199705
-0.105686 2.197164 -1.270000
1.326215 -1.283827 -1.744861
1.248259 -1.716148 -1.395811
1.085745 -1.492719 -1.744863
1.085745 -1.492719 -1.744863
0.667081 -0.917125 -2.272770
1.326215 -1.283827 -1.744861
-0.869743 0.000000 2.386451
-1.796051 0.000000 1.796051
-1.126462 -0.131823 2.272731
-2.029938 -0.619154 1.395565
-2.107773 -0.246660 1.395726
-2.346368 0.000000 0.972707
-0.000000 -2.540000 0.000000
-0.000000 -2.540000 0.000000
-0.000000 -2.540000 0.000000
2.469499 -0.000000 -0.594285
2.481334 -0.000000 -0.542751
2.322171 -0.000000 -1.029136
-1.270000 0.000000 -2.199704
-1.687300 -0.748903 -1.744639
-1.939773 -0.860962 -1.395573
-1.270000 0.000000 -2.199704
-0.286872 -0.016798 -2.523692
-1.036759 -0.460162 -2.272660
2.280390 1.070723 -0.323996
2.083312 1.424459 0.286928
2.045052 1.390846 0.578714
2.228195 1.126612 -0.466360
2.280378 1.070895 -0.323510
2.181241 0.723978 -1.081501
0.934442 -1.905287 -1.395814
0.592836 -2.037612 -1.395808
0.812785 -1.657233 -1.744867
1.027117 -2.094246 -1.005369
1.116651 -2.276802 -0.144453
0.651631 -2.239692 -1.005364
-0.983084 -0.990414 2.122316
-0.444559 -0.422314 2.464877
-0.941490 -1.011955 2.130996
-0.941490 -1.011955 2.130996
-1.335279 -1.490751 1.564062
-0.983084 -0.990414 2.122316
-2.426550 -0.088638 -0.745385
-2.146332 -0.088644 -1.355361
-2.426534 -0.088638 -0.745435
-2.142587 -0.088644 -1.361273
-2.146332 -0.088644 -1.355361
-2.426550 -0.088638 -0.745385
-2.346028 0.000000 0.973525
-2.288435 0.000000 1.102118
-2.540000 0.000000 -0.000000
-0.122062 2.537066 0.000000
-0.225805 2.529943 -0.000000
-0.201980 2.279504 1.102118
1.816522 0.088684 -1.773128
2.016093 0.088645 -1.542436
2.029347 0.088645 -1.524956
2.029348 0.088645 -1.524955
1.929636 0.088653 -1.649317
1.816878 0.088684 -1.772763
-0.464891 -1.786544 -1.744630
-0.534453 -2.053864 -1.395565
-0.775541 -1.675189 -1.744671
-0.891592 -1.925861 -1.395608
-0.775541 -1.675189 -1.744671
-0.534453 -2.053864 -1.395565
-0.908186 -2.298794 0.585102
-1.355361 -2.148161 -0.000000
-0.931776 -2.358503 0.144417
-0.931776 -2.358503 0.144417
-0.042052 -2.471304 0.585223
-0.908186 -2.298794 0.585102
-2.094814 -1.035584 0.995451
-1.943628 -1.075417 1.231823
-2.244440 -1.188537 0.038349
-2.540000 0.000000 -0.000000
-2.350749 0.000000 0.962070
-2.540000 0.000000 0.000013
-0.511861 -1.162282 -2.199704
-0.652771 -1.089399 -2.199704
-0.886569 -2.013131 -1.270000
-0.652771 -1.089399 -2.199704
-0.511861 -1.162282 -2.199704
-0.000000 -0.000000 -2.540000
-1.960563 -1.505100 0.585206
-2.088870 -1.445068 0.000000
-1.658938 -1.832218 0.585238
-2.255089 -1.159878 0.144422
-2.011506 -1.544208 0.144444
-1.960563 -1.505100 0.585206
0.000000 0.000000 2.540000
0.000000 0.000000 2.540000
0.000000 0.000000 2.540000
-0.059454 -1.268607 2.199705
-0.000000 -0.000000 2.540000
0.000000 0.000000 2.540000
-2.446774 -0.088633 -0.676048
-2.538453 -0.088645 -0.000041
-2.426550 -0.088638 -0.745385
-2.223790 -1.227338 0.000000
-2.215992 -1.241361 0.000000
-2.216243 -1.240914 0.000000
-0.235413 -2.334669 -0.972368
-0.254398 -2.527228 0.000000
-0.096299 -2.197595 -1.270001
-0.686339 -2.243889 -0.972368
-0.886569 -2.013131 -1.270000
-0.744429 -2.428462 0.000000
0.515049 0.770649 2.364831
0.226302 0.130884 2.526511
0.953828 1.097441 2.082651
0.270129 0.550854 2.464790
0.000001 0.194811 2.532518
0.000001 0.194811 2.532518
1.367608 0.298194 2.119511
1.590816 0.894220 1.766713
1.218334 0.333053 2.203710
1.218334 0.333053 2.203710
0.894302 -0.000011 2.377356
1.142720 0.000154 2.268434
2.174819 0.088643 1.309162
2.404856 0.088642 0.812657
2.423672 0.088638 0.754689
2.423672 0.088638 0.754689
2.423655 0.088638 0.754746
2.174819 0.088643 1.309162
-0.869743 0.000000 2.386451
-1.126462 -0.131823 2.272731
-0.005679 0.000000 2.539994
-0.073618 0.866622 2.386451
-0.000468 0.005660 2.539994
-0.061005 1.268534 2.199705
-1.799991 -1.605271 -0.796704
-1.355912 -0.750136 -2.012560
-1.989542 -1.382279 -0.763299
-1.919871 -1.470692 -0.776377
-1.794011 -1.611483 0.797651
-1.799991 -1.605271 -0.796704
-1.996674 -1.372731 0.761907
-1.950661 -1.158427 1.142177
-1.762241 -1.110540 1.453550
-1.950661 -1.158427 1.142177
-1.996674 -1.372731 0.761907
-2.099227 -1.347200 -0.479475
-0.120749 -0.260820 -2.523686
-0.476525 -1.029305 -2.272676
-0.165391 -0.235008 -2.523691
-0.000000 -0.000000 -2.540000
-0.000000 -0.000000 -2.540000
-0.000000 -0.000000 -2.540000
0.161130 0.088652 -2.533333
-0.124312 0.088650 -2.535407
-0.100856 0.088648 -2.536448
0.044580 0.088646 -2.538061
-0.277154 0.088655 -2.523277
-0.124289 0.088650 -2.535408
-1.254889 -0.088646 -2.206580
-1.890037 -0.088650 -1.694551
-1.254880 -0.088646 -2.206585
-1.254880 -0.088646 -2.206585
-0.556602 -0.088645 -2.476679
-1.254889 -0.088646 -2.206580
2.114756 0.156120 1.398225
1.965449 0.179017 1.598926
2.030374 0.000153 1.526166
1.854720 -0.000000 1.735400
2.030384 -0.000000 1.526153
1.821335 -0.000000 1.770407
1.353565 -1.634375 1.395808
1.052304 -1.842813 1.395814
1.487805 -1.796463 1.005364
1.177342 -1.421593 1.744861
0.723359 -0.873426 2.272769
0.915302 -1.602892 1.744867
1.957329 0.941492 1.316836
1.989082 1.250938 0.964523
1.885325 1.009725 1.370258
1.989082 1.250938 0.964523
1.871546 1.379247 1.023032
1.885325 1.009725 1.370258
0.189698 2.532906 -0.000000
0.085864 2.538548 -0.000000
0.095804 2.337553 0.989074
0.436143 2.502275 0.000000
0.189698 2.532906 -0.000000
0.095804 2.337553 0.989074
0.514406 0.769923 -2.365207
0.000012 0.194824 -2.532517
0.260640 0.557347 -2.464352
0.000006 0.194817 -2.532518
-0.000002 0.194806 -2.532519
0.260640 0.557347 -2.464352
0.436143 2.502275 -0.000000
0.174748 2.332980 -0.989074
0.189698 2.532906 -0.000000
0.189698 2.532906 -0.000000
0.436143 2.502275 0.000000
0.436143 2.502275 -0.000000
-0.177103 0.000000 2.533818
-0.141039 0.000000 2.536081
-0.271285 0.000000 2.525471
-0.541959 -0.397841 2.449409
-1.158396 -0.889341 2.078170
-0.642742 -0.370044 2.429311
-0.311049 0.000000 -2.520882
-1.229786 0.000000 -2.222437
-0.392743 0.000000 -2.509453
-1.125534 -0.433555 -2.235353
-0.855723 -0.273908 -2.375776
-0.384165 -0.037358 -2.510502
2.032187 -1.523750 -0.000000
1.822026 -1.763790 -0.144452
1.877765 -1.407963 -0.971205
1.650601 -1.930574 -0.000000
2.032187 -1.523750 -0.000000
1.650601 -1.930574 -0.000000
2.495048 -0.000000 0.475750
2.481298 -0.000000 0.542918
2.540000 -0.000000 0.000088
-0.000000 -2.540000 0.000000
-0.000000 -2.540000 0.000000
-0.000000 -2.540000 0.000000
-0.065660 0.000000 -2.539151
-0.010857 0.000000 -2.539977
-0.186277 0.000000 -2.533160
-0.000000 0.194809 -2.532518
-0.000000 0.194809 -2.532518
-0.000000 0.194809 -2.532518
-0.098908 -0.969524 -2.345600
-0.055614 -1.268781 -2.199705
-0.000000 -0.000000 -2.540000
-0.055614 -1.268781 -2.199705
-0.098908 -0.969524 -2.345600
-0.181067 -1.787190 -1.795763
0.995900 1.471485 1.815080
0.617520 1.196209 2.153916
0.657035 1.049291 2.217858
0.657035 1.049291 2.217858
0.979770 1.271340 1.968590
0.995900 1.471485 1.815080
0.195425 -1.117108 2.272769
0.049518 -0.283058 2.523693
0.044052 -0.895709 2.376419
0.086219 -1.794971 1.795061
0.318074 -1.818210 1.744861
0.384573 -1.066874 2.272770
-1.895853 -1.690367 0.000000
-1.799038 -1.793060 0.000000
-1.897220 -1.688833 0.000000
-0.143261 -0.088655 -2.534406
-0.446784 -0.088650 -2.498825
-0.711811 -0.088670 -2.436609
0.809016 1.524233 -1.863815
0.611647 1.199619 -2.153695
0.428938 0.911491 -2.331694
0.809016 1.524233 -1.863815
0.614436 1.223206 -2.139588
1.075934 1.937530 -1.240944
-0.413812 -0.429608 -2.468967
-0.858725 -1.052338 -2.146340
-0.370463 -0.439568 -2.474093
-0.086784 0.000000 -2.538517
-0.141039 0.000000 -2.536081
0.000000 -0.000000 -2.540000
-0.055614 -1.268781 2.199705
-0.181067 -1.787190 1.795763
-0.281143 -0.933123 2.345600
-0.055614 -1.268781 2.199705
-0.098908 -0.969524 2.345600
-0.000000 -0.000000 2.540000
1.424962 1.045614 1.824219
1.043595 0.478049 2.265829
0.981273 0.304393 2.322939
0.981273 0.304393 2.322939
1.043595 0.478049 2.265829
0.670866 0.000002 2.449804
-2.449633 -0.088632 0.665614
-2.258470 -0.088644 1.158902
-1.835307 -0.088653 1.753678
-2.216243 -1.240914 0.000000
-2.215992 -1.241361 0.000000
-2.198467 -1.272141 0.000000
-1.254889 -0.088646 -2.206580
-1.273670 -0.088647 -2.195793
-1.576269 -0.088645 -1.989753
-2.109418 -1.414904 0.000000
-2.050723 -1.498712 0.000000
-2.110233 -1.413689 0.000000
-0.942595 -1.011366 -2.130787
-0.482103 -0.413119 -2.459372
-0.983096 -0.990420 -2.122308
-0.772356 -0.985306 -2.210031
-1.016481 -0.972494 -2.114857
-1.432561 -1.827540 -1.029304
1.728950 0.220763 1.847592
1.457408 -0.000238 2.080279
1.820978 0.000896 1.770773
2.018137 0.798304 1.319634
1.591571 0.248832 1.963818
1.728950 0.220763 1.847592
0.384573 -1.066874 2.272770
0.318074 -1.818210 1.744861
0.625933 -1.736451 1.744863
0.719622 -1.996361 1.395811
0.365683 -2.090357 1.395809
0.790991 -2.194350 1.005366
-2.119120 -1.054256 -0.921669
-2.244439 -1.188538 -0.038338
-2.094153 -1.220641 -0.759051
-2.379656 0.000000 -0.888164
-2.540000 0.000000 -0.000000
-2.540000 0.000000 -0.000001
0.105317 -2.537816 -0.000000
0.105317 -2.537816 -0.000000
-0.405679 -2.507394 0.000000
-0.408217 -2.506982 0.000000
-0.043145 -2.535522 0.144449
-0.042052 -2.471304 0.585223
0.000000 0.194809 2.532518
0.000000 0.194809 2.532518
0.000000 0.194809 2.532518
-0.301427 0.000000 2.522051
-0.271285 0.000000 2.525471
-0.365414 0.000000 2.513578
1.565797 1.298561 -1.521059
1.587795 1.119262 -1.636386
1.043578 0.478043 -2.265838
1.565797 1.298561 -1.521059
1.878639 1.559058 -0.701180
1.587795 1.119262 -1.636386
0.509512 0.700431 2.387759
0.258816 0.088697 2.525222
-0.072863 0.089486 2.537377
1.088211 1.913475 -1.267284
1.350947 2.138646 -0.229646
1.285973 1.853835 -1.166693
-0.236630 -0.088463 -2.527406
0.676116 1.044473 -2.214395
0.099558 -0.087949 -2.536524
-0.556602 -0.088645 -2.476679
-0.236748 -0.088661 -2.527388
-0.143196 -0.088655 -2.534410
-0.236748 -0.088661 -2.527388
0.099103 -0.088651 -2.536517
-0.143196 -0.088655 -2.534410
1.441930 2.062069 -0.346854
1.339012 2.069230 -0.613951
1.244145 2.124473 -0.624756
-0.414050 0.000000 -2.506025
-0.271285 0.000000 -2.525471
-0.310211 0.000000 -2.520986
-0.000000 0.194809 -2.532518
-0.000000 0.194809 -2.532518
-0.000000 0.194809 -2.532518
-0.638618 -2.454162 -0.144416
-0.185247 -2.464719 -0.585189
-0.190061 -2.528757 -0.144440
0.708433 -2.434924 -0.144452
0.279221 -2.520470 -0.144452
0.256833 -2.318377 -1.005367
0.418087 0.899307 2.338386
0.496431 0.856992 2.338957
0.853606 1.473281 1.884781
0.276163 0.654465 2.438649
0.611672 1.199709 2.153637
0.428929 0.911496 2.331693
-2.540000 0.000000 0.000000
-2.346028 0.000000 0.973525
-2.540000 0.000000 -0.000000
-2.316782 -0.271119 1.005293
-2.029938 -0.619154 1.395565
-2.346368 0.000000 0.972707
-0.235413 -2.334669 0.972368
-0.102988 -2.197292 1.270001
-0.254398 -2.527228 0.000000
-0.686339 -2.243889 0.972368
-0.744429 -2.428462 0.000000
-0.886569 -2.013131 1.270000
1.248259 -1.716148 -1.395811
0.934442 -1.905287 -1.395814
0.812785 -1.657233 -1.744867
1.675936 -1.622369 -1.005364
1.027117 -2.094246 -1.005369
1.372055 -1.886347 -1.005366
1.929216 -1.645861 0.144452
1.275022 -1.792489 1.270000
1.617496 -1.953060 0.144452
0.772767 -2.419593 -0.000000
1.275022 -1.792489 1.270000
1.929216 -1.645861 0.144452
-2.157328 -1.340722 0.000000
-2.197756 -1.273368 0.000000
-2.110233 -1.413689 0.000000
-1.591213 -0.088645 1.977823
-1.068940 -0.088658 2.302413
-1.835293 -0.088653 1.753694
-2.197994 -1.130512 0.585121
-2.425572 -0.739827 0.144416
-2.255089 -1.159878 0.144422
-2.255089 -1.159878 0.144422
-1.960563 -1.505100 0.585206
-2.197994 -1.130512 0.585121
-1.555658 -1.317738 1.514956
-1.762241 -1.110540 1.453550
-1.363042 -0.744455 2.009851
-1.363042 -0.744455 2.009851
-1.372643 -0.649862 2.035959
-0.836340 -0.308720 2.378409
-1.658938 -1.832218 0.585238
-1.355361 -2.148161 -0.000000
-0.908186 -2.298794 0.585102
-2.088870 -1.445068 0.000000
-1.357214 -2.146991 0.000000
-1.658938 -1.832218 0.585238
1.377851 2.126202 0.179974
1.374850 1.859802 1.050012
1.490451 2.045067 -0.218760
1.350427 1.649790 1.380631
1.458966 1.866482 0.916112
1.265870 1.791417 1.280623
1.539605 0.750209 -1.875741
1.733859 1.061668 -1.522562
1.790033 1.015644 -1.488573
1.447687 0.621328 -1.992424
1.220908 0.193778 -2.218881
0.961440 -0.000000 -2.351007
-1.372611 -0.649909 2.035966
-1.570420 -0.777081 1.838893
-1.052301 -0.407120 2.275635
-0.939308 -0.330679 2.336654
-1.052301 -0.407120 2.275635
-1.570420 -0.777081 1.838893
-1.444592 -1.409963 1.541674
-1.623116 -1.772514 0.821760
-1.555658 -1.317738 1.514956
-1.444592 -1.409963 1.541674
-1.555658 -1.317738 1.514956
-1.158396 -0.889341 2.078170
-1.038403 -2.242978 -0.585121
-1.065377 -2.301242 -0.144422
-1.422514 -2.021284 -0.585206
-0.638618 -2.454162 -0.144416
-1.065377 -2.301242 -0.144422
-1.038403 -2.242978 -0.585121
0.859941 -2.385631 0.144452
1.257494 -2.202145 0.144453
0.790991 -2.194350 1.005366
0.671241 -2.449701 -0.000000
1.650601 -1.930574 -0.000000
1.189584 -2.244212 -0.000000
-1.382768 -0.613737 -2.040313
-1.132154 -0.066295 -2.272759
-1.036759 -0.460162 -2.272660
-1.036759 -0.460162 -2.272660
-1.078226 -1.060861 -2.040491
-1.382768 -0.613737 -2.040313
-0.000000 0.000000 -2.540000
-0.000468 0.005660 -2.539994
-0.073618 0.866622 -2.386451
-0.869743 0.000000 -2.386451
-0.005679 0.000000 -2.539994
-1.270000 0.000000 -2.199704
0.161109 0.088652 -2.533335
0.044580 0.088646 -2.538061
-0.124289 0.088650 -2.535408
0.161099 0.088652 -2.533335
0.258913 0.088655 -2.525214
0.044580 0.088646 -2.538061
-1.254871 -0.088646 -2.206590
-1.254880 -0.088646 -2.206585
-2.049974 -0.088644 -1.497114
-1.254871 -0.088646 -2.206590
-0.744879 -0.088675 -2.426704
-1.254880 -0.088646 -2.206585
-0.715852 -0.088670 2.435425
-0.771528 -0.088679 2.418363
-0.989000 -0.088672 2.337866
-1.981025 -1.589699 0.000000
-1.895853 -1.690367 0.000000
-1.897220 -1.688833 0.000000
-0.004889 -0.287322 2.523692
-0.105610 -0.267320 2.523685
-0.416779 -1.054947 2.272660
0.000000 0.000000 2.540000
0.000000 0.000000 2.540000
0.000000 0.000000 2.540000
0.134272 1.791999 -1.795080
0.217166 1.251295 -2.199704
0.074083 0.988197 -2.338713
0.039914 0.990167 -2.338712
0.217166 1.251295 -2.199704
-0.000000 -0.000000 -2.540000
0.217166 1.251295 2.199705
0.039914 0.990167 2.338712
-0.000000 -0.000000 2.540000
0.134272 1.791999 1.795080
0.039914 0.990167 2.338712
0.217166 1.251295 2.199705
-2.197756 -1.273368 0.000000
-2.176192 -1.309881 0.000000
-2.110233 -1.413689 0.000000
-2.251332 -0.088644 -1.172709
-1.704208 -0.088651 -1.881333
-2.049974 -0.088644 -1.497114
-2.099227 -1.347200 -0.479475
-1.924454 -1.131497 -1.211525
-2.094153 -1.220641 -0.759051
-2.094153 -1.220641 -0.759051
-2.244440 -1.188537 0.038349
-2.099227 -1.347200 -0.479475
0.736134 -1.034894 2.199705
-0.000000 0.000000 2.540000
-0.000000 0.000000 2.540000
0.000000 0.000000 2.540000
0.000000 0.000000 2.540000
0.000000 0.000000 2.540000
1.539605 0.750209 -1.875741
1.590810 0.894223 -1.766717
1.733859 1.061668 -1.522562
1.612119 1.103401 -1.623323
1.810562 1.309267 -1.208009
1.590795 0.894164 -1.766761
-0.143229 -0.088655 -2.534408
-0.143261 -0.088655 -2.534406
-0.556602 -0.088645 -2.476679
-0.143229 -0.088655 -2.534408
0.426871 -0.088652 -2.502303
-0.143261 -0.088655 -2.534406
-1.528016 -0.088646 -2.027045
-1.254871 -0.088646 -2.206590
-1.704208 -0.088651 -1.881333
-2.142587 -0.088644 -1.361273
-1.704208 -0.088651 -1.881333
-2.146332 -0.088644 -1.355361
-0.277154 0.088655 -2.523277
-0.414049 0.088650 -2.504457
-0.124312 0.088650 -2.535407
1.493681 2.024892 0.346886
1.671831 1.912219 0.000000
1.555124 2.008280 0.000000
0.661632 0.468530 2.407140
0.099329 -0.087576 2.536546
0.426865 -0.088658 2.502304
1.458874 1.866423 0.916379
1.589782 1.867902 0.659648
1.490451 2.045067 -0.218760
1.671831 1.912219 0.000000
1.447385 2.025709 0.503171
1.462207 1.721247 1.162264
1.555121 2.008283 -0.000000
1.555113 2.008288 -0.000000
1.671831 1.912219 -0.000000
1.112728 2.283295 -0.000000
1.146294 2.266629 -0.000000
1.112711 2.283303 -0.000000
1.129533 2.275028 0.000001
1.024786 2.102787 -0.989798
1.112711 2.283303 0.000000
0.000000 0.000000 2.540000
0.000000 0.000000 2.540000
0.000000 0.000000 2.540000
-0.274924 -0.083855 2.523685
-0.285433 -0.033402 2.523690
-1.084955 -0.330923 2.272655
-1.273670 -0.088647 -2.195793
-0.556602 -0.088645 -2.476679
-0.984802 -0.088673 -2.339637
-2.050723 -1.498712 0.000000
-1.979868 -1.591138 0.000000
-2.051648 -1.497444 0.000000
-1.583953 -1.805422 -0.826526
-1.582869 -1.806317 0.826645
-1.432561 -1.827540 -1.029304
-1.432561 -1.827540 -1.029304
-1.016481 -0.972494 -2.114857
-1.583953 -1.805422 -0.826526
0.000000 0.000000 2.540000
0.000000 0.000000 2.540000
0.000000 0.000000 2.540000
-0.000468 0.005660 2.539994
0.000000 0.000000 2.540000
-0.061005 1.268534 2.199705
0.288415 -0.000000 2.523572
0.176126 -0.000000 2.533886
0.096734 -0.000000 2.538157
0.000000 0.194809 2.532518
0.000000 0.194809 2.532518
0.000000 0.194809 2.532518
0.670866 0.000002 2.449804
0.894312 -0.000000 2.377353
0.981273 0.304393 2.322939
0.981273 0.304393 2.322939
0.894312 -0.000000 2.377353
1.239694 0.405252 2.179571
-1.582869 -1.806317 0.826645
-1.432561 -1.827540 1.029304
-1.130633 -1.886894 -1.270000
-1.432561 -1.827540 1.029304
-1.582869 -1.806317 0.826645
-1.335279 -1.490751 1.564062
-0.000000 0.000000 -2.540000
0.043010 1.269271 -2.199705
-0.000000 0.000000 -2.540000
-0.000000 0.000000 -2.540000
-0.000000 -0.000000 -2.540000
-0.000000 0.000000 -2.540000
-0.983084 -0.990414 2.122316
-1.444592 -1.409963 1.541674
-1.158396 -0.889341 2.078170
-1.048934 -0.954550 2.107172
-1.158396 -0.889341 2.078170
-0.541959 -0.397841 2.449409
0.777684 -0.583114 -2.346654
0.000000 -0.000000 -2.540000
-0.000000 0.000000 -2.540000
-0.000000 -0.000000 -2.540000
-0.000000 0.000000 -2.540000
0.000000 -0.000000 -2.540000
-1.924454 -1.131497 -1.211525
-0.985656 -0.352315 -2.314294
-1.838376 -0.986388 -1.448797
-1.924454 -1.131497 -1.211525
-1.838376 -0.986388 -1.448797
-2.094153 -1.220641 -0.759051
0.203239 -1.834596 -1.744865
0.515654 -1.772332 -1.744861
0.592836 -2.037612 -1.395808
0.124870 -1.127174 -2.272771
0.499374 -1.018202 -2.272772
0.515654 -1.772332 -1.744861
0.633981 1.065137 -2.217014
0.617542 1.196102 -2.153969
1.088112 1.913309 -1.267621
0.260640 0.557347 -2.464352
0.617542 1.196102 -2.153969
0.633981 1.065137 -2.217014
-1.363042 -0.744455 2.009851
-1.762241 -1.110540 1.453550
-1.708343 -0.929566 1.633729
-1.762241 -1.110540 1.453550
-1.950661 -1.158427 1.142177
-1.708342 -0.929568 1.633729
0.736134 -1.034894 -2.199704
0.777684 -0.583114 -2.346654
-0.000000 0.000000 -2.540000
1.436973 -1.077454 -1.796051
0.667081 -0.917125 -2.272770
0.736134 -1.034894 -2.199704
0.452929 0.088648 -2.497718
0.783427 0.088669 -2.414535
0.783410 0.088669 -2.414541
0.783427 0.088669 -2.414535
1.157325 0.088645 -2.259279
0.783410 0.088669 -2.414541
1.877765 -1.407963 -0.971205
1.524722 -1.475988 -1.395809
1.326215 -1.283827 -1.744861
1.822026 -1.763790 -0.144452
1.675936 -1.622369 -1.005364
1.877765 -1.407963 -0.971205
0.270129 0.550854 2.464790
0.514395 0.769910 2.365214
0.657035 1.049291 2.217858
0.270129 0.550854 2.464790
0.000001 0.194810 2.532518
0.514395 0.769910 2.365214
-0.512375 -0.405463 -2.454521
-0.271287 -0.000006 -2.525471
-0.594160 -0.383752 -2.439530
-0.648425 -0.368437 -2.428044
-0.271287 -0.000006 -2.525471
-0.762529 -0.333507 -2.399776
1.487805 -1.796463 1.005364
1.052304 -1.842813 1.395814
1.156667 -2.025575 1.005369
1.617496 -1.953060 0.144452
1.487805 -1.796463 1.005364
1.156667 -2.025575 1.005369
-0.141046 -0.000012 2.536081
-0.541959 -0.397841 2.449409
-0.271289 -0.000003 2.525471
-0.506465 -0.406970 2.455498
-0.141046 -0.000012 2.536081
-0.000000 -0.000000 2.540000
-0.000000 0.194809 -2.532518
-0.000000 0.194809 -2.532518
-0.000000 0.194809 -2.532518
0.295276 -0.000000 -2.522779
0.288520 -0.000000 -2.523560
0.199973 -0.000000 -2.532116
-0.271287 -0.000006 -2.525471
-0.496883 -0.000004 -2.490925
-0.785103 -0.326164 -2.393497
-0.496883 -0.000004 -2.490925
-0.806509 -0.318998 -2.387338
-0.785103 -0.326164 -2.393497
0.605778 -0.000000 2.466705
0.489059 -0.000000 2.492473
0.447815 -0.000000 2.500212
0.000000 0.194809 2.532518
0.000000 0.194809 2.532518
0.000000 0.194809 2.532518
1.177342 -1.421593 1.744861
1.404235 -1.197987 1.744865
0.862760 -0.736042 2.272771
1.487805 -1.796463 1.005364
1.614420 -1.377301 1.395812
1.353565 -1.634375 1.395808
1.844375 0.117809 -1.742412
1.493426 0.000143 -2.054575
1.727926 0.129644 -1.857166
2.280378 1.070895 -0.323510
2.239064 0.661758 -1.000136
2.181241 0.723978 -1.081501
1.184949 0.000343 -2.246663
1.440116 0.164055 -2.085845
0.961440 -0.000000 -2.351007
1.982772 0.845195 -1.343823
1.814242 0.592419 -1.676057
1.732959 0.639694 -1.743343
0.772767 -2.419593 -0.000000
0.772767 -2.419593 -0.000000
-0.000000 -2.540000 0.000000
0.669236 -2.095429 1.270000
0.772767 -2.419593 -0.000000
-0.000000 -2.540000 0.000000
-0.000000 -0.000000 2.540000
0.217166 1.251295 2.199705
-0.000000 -0.000000 2.540000
0.000000 0.000000 2.540000
0.000000 0.000000 2.540000
0.000000 0.000000 2.540000
-1.623116 -1.772514 0.821760
-1.794011 -1.611483 0.797651
-1.555658 -1.317738 1.514956
-1.794011 -1.611483 0.797651
-1.623116 -1.772514 0.821760
-1.742562 -1.663214 -0.805480
-2.454918 -0.287284 0.585189
-2.346028 0.000000 0.973525
-2.540000 0.000000 0.000000
-2.454918 -0.287284 0.585189
-2.540000 0.000000 0.000000
-2.518702 -0.294748 0.144440
1.820978 0.000896 1.770773
1.908391 0.187944 1.665629
1.728950 0.220763 1.847592
2.114756 0.156120 1.398225
1.908391 0.187944 1.665629
1.965449 0.179017 1.598926
-0.271289 -0.000003 2.525471
-0.541959 -0.397841 2.449409
-0.642742 -0.370044 2.429311
-0.271289 -0.000003 2.525471
-0.642742 -0.370044 2.429311
-0.836340 -0.308720 2.378409
-0.000000 -0.000000 -2.540000
-0.000000 -0.000000 -2.540000
-0.000000 -0.000000 -2.540000
0.434580 0.891455 -2.338386
0.084467 0.145830 -2.534403
0.000000 0.000000 -2.540000
-0.000000 -0.000000 -2.540000
-0.000000 -0.000000 -2.540000
-0.000000 -0.000000 -2.540000
0.217166 1.251295 -2.199704
-0.000000 -0.000000 -2.540000
-0.000000 -0.000000 -2.540000
2.488347 -0.088625 -0.501870
2.538453 -0.088645 0.000025
2.501711 -0.088625 -0.430337
2.293316 1.091925 -0.000000
2.316068 1.042798 -0.000000
2.309399 1.057485 -0.000000
0.450468 0.065846 -2.498868
0.597916 -0.000017 -2.468622
0.374918 0.069233 -2.511224
0.597938 -0.000000 -2.468617
0.605778 -0.000000 -2.466705
0.500012 -0.000000 -2.490299
-0.000000 -2.199704 1.270000
0.669236 -2.095429 1.270000
-0.000000 -2.540000 0.000000
0.386383 -1.209797 2.199705
0.669236 -2.095429 1.270000
-0.000000 -2.199704 1.270000
-0.496885 -0.000001 -2.490925
-0.855723 -0.273908 -2.375776
-0.985656 -0.352315 -2.314294
-0.985656 -0.352315 -2.314294
-0.855723 -0.273908 -2.375776
-1.838376 -0.986388 -1.448797
-2.365313 -0.088645 0.921431
-2.538453 -0.088645 0.000042
-2.365313 -0.088645 0.921431
-2.365313 -0.088645 0.921432
-2.139928 -0.088644 1.365450
-2.365313 -0.088645 0.921431
0.669236 -2.095429 -1.270000
-0.000000 -2.199704 -1.270000
0.772767 -2.419593 -0.000000
0.386383 -1.209797 -2.199704
-0.000000 -2.199704 -1.270000
0.669236 -2.095429 -1.270000
-1.161058 -1.481180 1.705770
-1.335279 -1.490751 1.564062
-0.941490 -1.011955 2.130996
-1.161058 -1.481180 1.705770
-1.432561 -1.827540 1.029304
-1.335279 -1.490751 1.564062
-2.317840 -1.028766 -0.144417
-2.031026 -1.525298 -0.000000
-2.408952 -0.805327 -0.000000
-2.259160 -1.002722 -0.585102
-2.317840 -1.028766 -0.144417
-2.408952 -0.805327 -0.000000
-1.943628 -1.075417 1.231823
-1.950661 -1.158427 1.142177
-2.099227 -1.347200 -0.479475
-1.950661 -1.158427 1.142177
-1.943628 -1.075417 1.231823
-1.708342 -0.929568 1.633729
-0.512375 -0.405463 -2.454521
-0.141049 -0.000011 -2.536081
-0.271287 -0.000006 -2.525471
-0.413812 -0.429608 -2.468967
-0.305716 -0.389983 -2.491194
-0.141049 -0.000011 -2.536081
0.000000 0.000000 2.540000
0.000000 0.000000 2.540000
0.000000 -0.000000 2.540000
0.000000 -0.000000 2.540000
0.000000 0.000000 2.540000
0.043010 1.269271 2.199705
-0.000221 0.194698 2.532527
-0.116200 0.141727 2.533379
-0.000086 0.194772 2.532521
0.000000 0.194809 2.532518
0.000000 0.194809 2.532518
0.000000 0.194809 2.532518
-0.511861 -1.162282 2.199704
-0.000000 -0.000000 2.540000
-0.000000 -0.000000 2.540000
-0.000000 0.000000 2.540000
0.000000 0.000000 2.540000
0.000000 0.000000 2.540000
-0.000000 -0.000000 -2.540000
-0.000000 -0.000000 -2.540000
-0.000000 -0.000000 -2.540000
-0.652771 -1.089399 -2.199704
-0.000000 -0.000000 -2.540000
-0.000000 -0.000000 -2.540000
-1.807641 -1.778529 -0.144453
-2.031026 -1.525298 -0.000000
-1.761856 -1.733482 -0.585238
-1.807641 -1.778529 -0.144453
-1.439772 -2.092524 -0.000000
-2.031026 -1.525298 -0.000000
-1.835312 -0.088653 1.753673
-2.365313 -0.088645 0.921431
-1.835307 -0.088653 1.753678
-1.835302 -0.088653 1.753683
-1.068940 -0.088658 2.302413
-1.835312 -0.088653 1.753673
0.783427 0.088669 -2.414535
1.157298 0.088645 -2.259293
1.157325 0.088645 -2.259279
1.157298 0.088645 -2.259293
1.472597 0.088710 -2.067653
1.157325 0.088645 -2.259279
1.728950 0.220763 1.847592
1.591571 0.248832 1.963818
1.457408 -0.000238 2.080279
1.462220 0.276689 2.058387
1.457408 -0.000238 2.080279
1.591571 0.248832 1.963818
-0.408086 0.000000 -2.507003
-0.496799 0.000000 -2.490942
-0.496799 0.000000 -2.490942
-0.065967 0.164521 -2.533808
0.000000 0.194809 -2.532518
-0.000015 0.194802 -2.532519
0.812785 -1.657233 -1.744867
0.499374 -1.018202 -2.272772
1.085745 -1.492719 -1.744863
1.085745 -1.492719 -1.744863
1.248259 -1.716148 -1.395811
0.812785 -1.657233 -1.744867
-0.000000 0.000000 -2.540000
-0.009005 1.269968 -2.199705
-0.000000 0.000000 -2.540000
-0.000000 0.000000 -2.540000
-0.000000 -0.000000 -2.540000
-0.000000 0.000000 -2.540000
-0.414079 0.000015 -2.506021
-0.310281 -0.000083 -2.520977
-0.295744 0.033410 -2.522502
-0.000000 0.194809 -2.532518
-0.000000 0.194809 -2.532518
-0.000000 0.194809 -2.532518
1.129533 2.275028 -0.000000
1.023963 2.324457 -0.000000
1.071722 2.302827 0.000000
1.129533 2.275028 -0.000000
1.071722 2.302827 0.000000
1.024786 2.102787 0.989798
1.195045 -0.088645 2.239556
1.724398 0.785398 1.691509
0.073273 -0.088649 2.537395
1.978218 1.305751 0.912836
2.085780 1.183062 0.837547
1.991606 1.576422 0.000533
-0.000000 -1.270000 -2.199704
-0.000000 -2.199704 -1.270000
0.386383 -1.209797 -2.199704
-0.000000 -1.270000 -2.199704
0.386383 -1.209797 -2.199704
-0.000000 -0.000000 -2.540000
-1.796051 0.000000 1.796051
-1.084955 -0.330923 2.272655
-1.126462 -0.131823 2.272731
-1.084955 -0.330923 2.272655
-0.285433 -0.033402 2.523690
-1.126462 -0.131823 2.272731
-0.000000 -1.270000 2.199705
0.000000 0.000000 2.540000
0.386383 -1.209797 2.199705
-0.000000 -1.270000 2.199705
0.386383 -1.209797 2.199705
-0.000000 -2.199704 1.270000
1.157338 0.088645 -2.259272
1.472491 0.088710 -2.067729
1.472438 0.088710 -2.067766
1.472491 0.088710 -2.067729
1.816703 0.088684 -1.772943
1.472438 0.088710 -2.067766
1.043578 0.478043 -2.265838
1.048077 0.293725 -2.294964
0.961440 -0.000000 -2.351007
1.043578 0.478043 -2.265838
1.587795 1.119262 -1.636386
1.048077 0.293725 -2.294964
-2.335722 -0.997999 0.000000
-2.425572 -0.739827 0.144416
-2.518702 -0.294748 0.144440
-2.518702 -0.294748 0.144440
-2.425572 -0.739827 0.144416
-2.364166 -0.721097 0.585097
-0.482086 -0.413107 2.459377
-0.000000 -0.000000 2.540000
-0.444559 -0.422314 2.464877
-0.482086 -0.413107 2.459377
-0.444559 -0.422314 2.464877
-0.983084 -0.990414 2.122316
0.436987 -2.497954 0.144452
0.859941 -2.385631 0.144452
0.790991 -2.194350 1.005366
0.120363 -2.537147 0.000000
0.671241 -2.449701 -0.000000
0.436987 -2.497954 0.144452
0.401949 -2.297668 1.005364
0.365683 -2.090357 1.395809
0.112891 -2.374472 0.894841
-0.042052 -2.471304 0.585223
0.436987 -2.497954 0.144452
0.401949 -2.297668 1.005364
-0.444559 -0.422314 2.464877
-0.772939 -0.985992 2.209521
-0.941490 -1.011955 2.130996
-0.772356 -0.985306 2.210031
-1.161058 -1.481180 1.705770
-0.941490 -1.011955 2.130996
1.377782 2.122783 0.217042
1.132758 2.001785 -1.077644
1.144073 2.056702 -0.955338
1.024786 2.102787 -0.989798
1.144505 2.056276 -0.955739
1.132345 2.001897 -1.077870
1.816791 0.088684 -1.772852
1.816878 0.088684 -1.772763
1.472387 0.088710 -2.067802
2.029348 0.088645 -1.524955
1.816878 0.088684 -1.772763
1.816791 0.088684 -1.772852
-0.836340 -0.308720 2.378409
-1.372643 -0.649862 2.035959
-0.496878 -0.000000 2.490926
-0.836340 -0.308720 2.378409
-0.496878 -0.000000 2.490926
-0.271289 -0.000003 2.525471
-1.254880 -0.088646 -2.206585
-1.890037 -0.088650 -1.694551
-2.049974 -0.088644 -1.497114
-2.176192 -1.309881 0.000000
-2.156579 -1.341926 0.000000
-2.110233 -1.413689 0.000000
-1.583953 -1.805422 -0.826526
-1.016481 -0.972494 -2.114857
-1.623122 -1.772510 -0.821756
-1.623122 -1.772510 -0.821756
-1.582869 -1.806317 0.826645
-1.583953 -1.805422 -0.826526
0.000000 0.000000 2.540000
0.000000 0.000000 2.540000
0.000000 0.000000 2.540000
-0.000000 -0.000000 2.540000
-0.098908 -0.969524 2.345600
-0.000000 -0.000000 2.540000
0.000000 0.000000 2.540000
0.000000 0.000000 2.540000
0.000000 0.000000 2.540000
-0.227948 -0.174993 2.523691
-0.274924 -0.083855 2.523685
-1.008662 -0.518793 2.272676
0.000017 0.194829 -2.532517
0.000012 0.194824 -2.532517
0.514406 0.769923 -2.365207
-0.000000 0.194809 -2.532518
-0.000000 0.194809 -2.532518
-0.000000 0.194809 -2.532518
-0.496843 0.000000 2.490933
-0.388361 0.000000 2.510135
-0.496843 0.000000 2.490933
0.000000 0.194809 2.532518
0.000000 0.194809 2.532518
0.000000 0.194809 2.532518
-0.098908 -0.969524 -2.345600
-0.000000 -0.000000 -2.540000
-0.000000 -0.000000 -2.540000
-0.000000 -0.000000 -2.540000
-0.000000 -0.000000 -2.540000
-0.000000 -0.000000 -2.540000
1.367608 0.298194 2.119511
1.142720 0.000154 2.268434
1.462220 0.276689 2.058387
1.218334 0.333053 2.203710
1.142720 0.000154 2.268434
1.367608 0.298194 2.119511
-0.000000 0.194809 -2.532518
-0.000000 0.194809 -2.532518
-0.000000 0.194809 -2.532518
-0.276798 -0.000007 -2.524873
-0.407930 -0.000018 -2.507029
-0.230048 0.068870 -2.528623
0.000000 0.000000 2.540000
0.000000 0.000000 2.540000
0.000000 0.000000 2.540000
0.386383 -1.209797 2.199705
0.000000 0.000000 2.540000
-0.000000 0.000000 2.540000
-0.648425 -0.368437 -2.428044
-1.164500 -0.885511 -2.076394
-1.105865 -0.921536 -2.092710
-1.105865 -0.921536 -2.092710
-1.164500 -0.885511 -2.076394
-1.742562 -1.663214 -0.805480
0.000010 0.194804 2.532519
0.147322 0.126601 2.532562
0.000017 0.194803 2.532519
0.147322 0.126601 2.532562
0.000010 0.194804 2.532519
0.107378 0.126462 2.534576
-0.000000 0.194809 -2.532518
-0.000000 0.194809 -2.532518
-0.000000 0.194809 -2.532518
0.307281 0.069024 -2.520400
0.499951 -0.000029 -2.490311
0.373434 0.000090 -2.512399
0.000000 0.194809 2.532518
0.000000 0.194809 2.532518
0.000000 0.194809 2.532518
-0.311005 0.000000 2.520888
-0.154501 0.000000 2.535297
-0.241009 0.000000 2.528540
-0.445542 -0.422041 -2.464746
-0.482103 -0.413119 -2.459372
-0.942595 -1.011366 -2.130787
-0.445542 -0.422041 -2.464746
-0.141049 -0.000011 -2.536081
-0.482103 -0.413119 -2.459372
1.129533 2.275028 0.000001
1.146294 2.266629 0.000001
1.172332 2.221117 -0.379311
1.112711 2.283303 -0.000000
1.146294 2.266629 -0.000000
1.129533 2.275028 -0.000000
-0.310211 0.000000 -2.520986
-0.271285 0.000000 -2.525471
-0.258054 0.000000 -2.526857
-0.000000 0.194809 -2.532518
-0.000000 0.194809 -2.532518
-0.000000 0.194809 -2.532518
1.436973 -1.077454 -1.796051
1.877765 -1.407963 -0.971205
1.326215 -1.283827 -1.744861
1.326215 -1.283827 -1.744861
0.667081 -0.917125 -2.272770
1.436973 -1.077454 -1.796051
-1.799991 -1.605271 -0.796704
-1.794011 -1.611483 0.797651
-1.742562 -1.663214 -0.805480
-1.742562 -1.663214 -0.805480
-1.164500 -0.885511 -2.076394
-1.799991 -1.605271 -0.796704
0.307281 0.069024 -2.520400
0.348879 0.069125 -2.514976
0.499951 -0.000029 -2.490311
0.597916 -0.000017 -2.468622
0.499951 -0.000029 -2.490311
0.374918 0.069233 -2.511224
0.000000 0.194809 2.532518
0.000000 0.194809 2.532518
0.000000 0.194809 2.532518
-0.177103 0.000000 2.533818
-0.271285 0.000000 2.525471
-0.238647 0.000000 2.528764
2.132667 1.379612 0.000013
2.238025 0.989331 -0.681226
2.088325 1.180002 -0.835521
1.992051 1.575860 -0.000293
2.132667 1.379612 0.000013
2.088325 1.180002 -0.835521
1.875383 0.696233 -1.565183
1.463777 -0.088343 -2.073922
0.967400 -0.088581 -2.346889
2.107669 0.563696 -1.300606
1.463777 -0.088343 -2.073922
1.875383 0.696233 -1.565183
0.000000 -0.000000 -2.540000
-0.000000 0.000000 -2.540000
-0.000000 -0.000000 -2.540000
-1.036759 -0.460162 -2.272660
-0.286872 -0.016798 -2.523692
-0.262711 -0.116603 -2.523685
0.000000 -0.000000 -2.540000
-0.000000 0.000000 -2.540000
-0.000000 -0.000000 -2.540000
-0.000000 -1.270000 -2.199704
-0.000000 -0.000000 -2.540000
-0.000000 0.000000 -2.540000
-0.204834 -0.201535 -2.523693
-0.165391 -0.235008 -2.523691
-0.808391 -0.795372 -2.272771
-0.165391 -0.235008 -2.523691
-0.000023 -0.000024 -2.540000
-0.000013 -0.000035 -2.540000
0.000000 0.194809 2.532518
0.000000 0.194809 2.532518
0.000000 0.194809 2.532518
-0.010908 0.000000 2.539977
0.096734 -0.000000 2.538157
-0.000013 0.000000 2.540000
-0.365389 0.000011 2.513581
-0.267713 0.033815 2.525626
-0.301391 -0.000025 2.522055
0.000000 0.194809 2.532518
0.000000 0.194809 2.532518
0.000000 0.194809 2.532518
-0.000000 -0.000000 -2.540000
-0.000000 -0.000000 -2.540000
-0.000000 -0.000000 -2.540000
0.039914 0.990167 -2.338712
-0.000000 -0.000000 -2.540000
-0.000000 -0.000000 -2.540000
0.000000 0.000000 2.540000
0.000000 0.000000 2.540000
0.000000 0.000000 2.540000
-0.000000 -0.000000 2.540000
0.039914 0.990167 2.338712
-0.000000 -0.000000 2.540000
-0.648425 -0.368437 -2.428044
-0.594160 -0.383752 -2.439530
-0.271287 -0.000006 -2.525471
-1.105865 -0.921536 -2.092710
-0.594160 -0.383752 -2.439530
-0.648425 -0.368437 -2.428044
0.288415 -0.000000 2.523572
0.283614 -0.000000 2.524116
0.203038 -0.000000 2.531872
0.000000 0.194809 2.532518
0.000000 0.194809 2.532518
0.000000 0.194809 2.532518
-0.000017 0.194786 -2.532520
-0.000003 0.194783 -2.532521
-0.014472 0.164328 -2.534637
0.006282 -0.000000 -2.539992
-0.010857 0.000000 -2.539977
-0.065660 0.000000 -2.539151
-0.045110 0.000000 -2.539599
0.000000 -0.000000 -2.540000
-0.000000 0.000000 -2.540000
-0.000000 -0.000000 -2.540000
-0.000000 -0.000000 -2.540000
-0.000000 -0.000000 -2.540000
-0.310281 -0.000083 -2.520977
-0.258171 -0.000116 -2.526845
-0.238918 0.033345 -2.528519
-0.295744 0.033410 -2.522502
-0.310281 -0.000083 -2.520977
-0.238918 0.033345 -2.528519
0.000000 0.194809 2.532518
0.000000 0.194809 2.532518
0.000000 0.194809 2.532518
-0.000393 0.194528 2.532540
-0.062802 0.141500 2.535278
-0.089049 0.141586 2.534487
0.161130 0.088652 -2.533333
-0.124289 0.088650 -2.535408
-0.124312 0.088650 -2.535407
-0.277154 0.088655 -2.523277
-0.124312 0.088650 -2.535407
-0.124289 0.088650 -2.535408
-0.000000 -0.000000 -2.540000
-0.000000 -0.000000 -2.540000
-0.000000 -0.000000 -2.540000
0.434580 0.891455 -2.338386
0.000000 0.000000 -2.540000
0.000000 0.000000 -2.540000
-0.010908 0.000000 2.539977
-0.086441 0.000000 2.538529
-0.154501 0.000000 2.535297
-0.000010 0.194801 2.532519
-0.062425 0.126329 2.536088
-0.000003 0.194804 2.532519
0.000000 0.194809 2.532518
0.000000 0.194809 2.532518
0.000000 0.194809 2.532518
0.270129 0.550854 2.464790
0.278833 0.652850 2.438778
0.000001 0.194811 2.532518
-0.390156 0.088651 -2.508290
-0.414049 0.088650 -2.504457
-0.277154 0.088655 -2.523277
-0.722291 0.088663 -2.433523
-0.414049 0.088650 -2.504457
-0.425001 0.088649 -2.502622
0.000000 0.000000 2.540000
0.000000 0.000000 2.540000
0.000000 0.000000 2.540000
0.000000 0.000000 2.540000
0.418087 0.899307 2.338386
-0.000000 -0.000000 2.540000
0.000000 0.000000 2.540000
0.000000 0.000000 2.540000
0.000000 0.000000 2.540000
-0.000000 -0.000000 2.540000
-0.098908 -0.969524 2.345600
-0.000620 -0.006032 2.539993
-0.000086 0.194772 2.532521
-0.116200 0.141727 2.533379
0.000000 0.194809 2.532518
-0.430576 0.000000 2.503239
-0.496878 0.000000 2.490926
-0.496878 0.000000 2.490926
-0.000000 0.000000 -2.540000
-0.000000 -0.000000 -2.540000
-0.000000 -0.000000 -2.540000
-0.000000 -0.000000 -2.540000
-0.000000 -1.270000 -2.199704
-0.000000 -0.000000 -2.540000
0.256577 0.030681 2.526821
0.352350 0.000024 2.515442
0.351588 0.030706 2.515361
0.447815 -0.000000 2.500212
0.352271 -0.000000 2.515453
0.605778 -0.000000 2.466705
-1.405001 -1.440257 1.550236
-1.444592 -1.409963 1.541674
-0.983084 -0.990414 2.122316
-1.405001 -1.440257 1.550236
-1.623116 -1.772514 0.821760
-1.444592 -1.409963 1.541674
-0.000000 0.194809 -2.532518
-0.000000 0.194809 -2.532518
-0.000000 0.194809 -2.532518
0.373484 -0.000000 -2.512391
0.288520 -0.000000 -2.523560
0.295276 -0.000000 -2.522779
-0.238647 0.000000 2.528764
-0.271285 0.000000 2.525471
-0.301427 0.000000 2.522051
-0.301391 -0.000025 2.522055
-0.267713 0.033815 2.525626
-0.188952 0.033795 2.532737
0.000000 0.000000 2.540000
0.000000 0.000000 2.540000
0.000000 0.000000 2.540000
-0.000000 -1.270000 2.199705
0.000000 0.000000 2.540000
0.000000 0.000000 2.540000
0.161099 0.088652 -2.533335
0.044580 0.088646 -2.538061
0.161109 0.088652 -2.533335
0.161109 0.088652 -2.533335
0.452918 0.088648 -2.497720
0.161099 0.088652 -2.533335
1.374850 1.859802 1.050012
1.458874 1.866423 0.916379
1.490451 2.045067 -0.218760
1.265870 1.791417 1.280623
1.458966 1.866482 0.916112
1.374604 1.859537 1.050803
-0.000000 0.194809 -2.532518
-0.000000 0.194809 -2.532518
-0.000000 0.194809 -2.532518
-0.117867 0.000000 -2.537264
-0.141039 0.000000 -2.536081
-0.086784 0.000000 -2.538517
-0.541959 -0.397841 2.449409
-0.141046 -0.000012 2.536081
-0.506465 -0.406970 2.455498
-0.506465 -0.406970 2.455498
-1.048934 -0.954550 2.107172
-0.541959 -0.397841 2.449409
0.161099 0.088652 -2.533335
0.452918 0.088648 -2.497720
0.452929 0.088648 -2.497718
0.452918 0.088648 -2.497720
0.783427 0.088669 -2.414535
0.452929 0.088648 -2.497718
-0.032640 0.164367 -2.534466
-0.000017 0.194786 -2.532520
-0.014472 0.164328 -2.534637
-0.000000 0.194809 -2.532518
-0.000000 0.194809 -2.532518
-0.000000 0.194809 -2.532518
1.816522 0.088684 -1.773128
2.029347 0.088645 -1.524956
1.816703 0.088684 -1.772943
1.472491 0.088710 -2.067729
1.816522 0.088684 -1.773128
1.816703 0.088684 -1.772943
-0.238918 0.033345 -2.528519
-0.258171 -0.000116 -2.526845
-0.183353 0.033360 -2.533154
-0.258054 0.000000 -2.526857
-0.141039 0.000000 -2.536081
-0.209489 0.000000 -2.531346
0.000012 0.194824 -2.532517
0.000006 0.194817 -2.532518
0.260640 0.557347 -2.464352
-0.000000 0.194809 -2.532518
-0.000000 0.194809 -2.532518
-0.000000 0.194809 -2.532518
0.000000 0.000000 -2.540000
0.000000 0.000000 -2.540000
0.434580 0.891455 -2.338386
-0.000000 -0.000000 -2.540000
-0.000000 -0.000000 -2.540000
-0.000000 -0.000000 -2.540000
-0.000000 0.000000 -2.540000
-0.000000 -0.000000 -2.540000
-0.000000 -0.000000 -2.540000
-0.000000 -0.000000 -2.540000
-0.000000 -1.270000 -2.199704
-0.000000 -0.000000 -2.540000
1.157325 0.088645 -2.259279
1.472597 0.088710 -2.067653
1.472491 0.088710 -2.067729
1.472597 0.088710 -2.067653
1.816522 0.088684 -1.773128
1.472491 0.088710 -2.067729
-1.835307 -0.088653 1.753678
-2.258470 -0.088644 1.158902
-1.835302 -0.088653 1.753683
-0.116808 0.000000 2.537313
-0.141039 0.000000 2.536081
-0.177103 0.000000 2.533818
-0.177128 0.000057 2.533816
-0.188952 0.033795 2.532737
-0.110780 0.033797 2.537358
0.000000 0.000000 2.540000
0.418087 0.899307 2.338386
0.000000 0.000000 2.540000
0.000000 0.000000 2.540000
0.000000 0.000000 2.540000
0.000000 0.000000 2.540000
0.000001 0.194811 2.532518
0.000001 0.194810 2.532518
0.270129 0.550854 2.464790
0.000000 0.194809 2.532518
0.000000 0.194809 2.532518
0.000000 0.194809 2.532518
-0.000269 0.194674 -2.532529
-0.117781 0.141609 -2.533313
-0.098371 0.141505 -2.534147
-0.000399 0.194573 -2.532537
-0.098371 0.141505 -2.534147
-0.079416 0.141417 -2.534817
0.000000 0.000000 2.540000
0.000000 -0.000000 2.540000
0.000000 0.000000 2.540000
0.000000 0.000000 2.540000
0.000000 0.000000 2.540000
-0.000000 -1.270000 2.199705
0.351588 0.030706 2.515361
0.447677 -0.000009 2.500237
0.424489 0.030830 2.504088
0.351588 0.030706 2.515361
0.352350 0.000024 2.515442
0.447677 -0.000009 2.500237
-0.000000 -0.000000 -2.540000
-0.000620 -0.006032 -2.539993
-0.098908 -0.969524 -2.345600
-0.000000 -0.000000 -2.540000
-0.000000 -0.000000 -2.540000
-0.000000 -0.000000 -2.540000
-0.000000 -0.000000 -2.540000
-0.000000 -0.000000 -2.540000
-0.000000 -0.000000 -2.540000
-0.055614 -1.268781 -2.199705
-0.000000 -0.000000 -2.540000
-0.000000 -0.000000 -2.540000
0.000000 0.000000 2.540000
0.000000 0.000000 2.540000
0.000000 0.000000 2.540000
-0.000000 -0.000000 2.540000
-0.098908 -0.969524 2.345600
-0.000000 -0.000000 2.540000
2.001899 1.402136 0.691385
1.885781 1.643780 -0.439792
1.824305 1.724395 -0.387264
1.947899 1.471195 0.702052
1.871546 1.379247 1.023032
1.989082 1.250938 0.964523
0.161109 0.088652 -2.533335
-0.124289 0.088650 -2.535408
0.161130 0.088652 -2.533333
0.161130 0.088652 -2.533333
0.452895 0.088648 -2.497725
0.161109 0.088652 -2.533335
2.281895 0.088644 -1.112068
2.281894 0.088644 -1.112072
2.538453 0.088645 0.000000
2.029348 0.088645 -1.524956
2.281894 0.088644 -1.112072
2.281895 0.088644 -1.112068
0.000007 0.194806 -2.532519
0.091072 0.164741 -2.533015
0.084708 0.164676 -2.533240
0.348879 0.069125 -2.514976
0.374918 0.069233 -2.511224
0.499951 -0.000029 -2.490311
0.967400 -0.088581 -2.346889
0.762512 -0.088623 -2.421223
1.645982 0.831520 -1.746688
1.992051 1.575860 -0.000293
1.987597 1.295500 -0.907049
1.917476 1.370099 -0.947478
2.538453 0.088645 0.000000
2.290990 0.088644 -1.093210
2.538453 0.088645 -0.000000
2.538453 0.088645 0.000000
2.423598 0.088638 0.754927
2.538453 0.088645 0.000000
-0.065967 0.164521 -2.533808
-0.000015 0.194802 -2.532519
-0.055763 0.164473 -2.534056
-0.055763 0.164473 -2.534056
-0.000015 0.194802 -2.532519
-0.000006 0.194804 -2.532519
2.029347 0.088645 -1.524956
2.281894 0.088644 -1.112072
2.029348 0.088645 -1.524956
1.816703 0.088684 -1.772943
2.029347 0.088645 -1.524956
2.029348 0.088645 -1.524956
-0.000269 0.194674 -2.532529
-0.098371 0.141505 -2.534147
-0.000399 0.194573 -2.532537
-0.000000 0.194809 -2.532518
-0.000000 0.194809 -2.532518
-0.000000 0.194809 -2.532518
2.281896 0.088644 -1.112066
2.029348 0.088645 -1.524955
2.029348 0.088645 -1.524955
2.029348 0.088645 -1.524955
2.029348 0.088645 -1.524955
1.816878 0.088684 -1.772763
2.029348 0.088645 -1.524955
2.281895 0.088644 -1.112068
2.281896 0.088644 -1.112066
2.281897 0.088644 -1.112064
2.281895 0.088644 -1.112068
2.538453 0.088645 0.000000
1.472438 0.088710 -2.067766
1.816703 0.088684 -1.772943
1.816791 0.088684 -1.772852
1.816703 0.088684 -1.772943
2.029348 0.088645 -1.524956
1.816791 0.088684 -1.772852
1.816791 0.088684 -1.772852
2.029348 0.088645 -1.524956
2.029348 0.088645 -1.524955
2.029348 0.088645 -1.524956
2.281895 0.088644 -1.112068
2.029348 0.088645 -1.524955
2.281896 0.088644 -1.112066
2.281897 0.088644 -1.112064
2.029348 0.088645 -1.524955
0.276684 0.482344 2.478385
-0.236876 -0.088680 2.527375
0.099329 -0.087576 2.536546
1.244044 2.124188 0.625922
1.126308 1.783849 1.414537
1.447385 2.025709 0.503171
0.762460 -0.088678 2.421237
1.502630 0.910261 1.834429
1.424078 0.948855 1.877039
1.827354 1.764193 0.000001
1.745641 1.529833 1.031479
1.805376 1.478154 1.003633
0.000007 0.194806 -2.532519
0.066754 0.164543 -2.533786
0.000038 0.194789 -2.532520
0.307281 0.069024 -2.520400
0.373434 0.000090 -2.512399
0.275241 0.068969 -2.524101
2.423598 0.088638 0.754927
2.423636 0.088638 0.754805
2.538453 0.088645 -0.000000
2.423598 0.088638 0.754927
2.174819 0.088643 1.309162
2.423636 0.088638 0.754805
2.423636 0.088638 0.754805
2.423655 0.088638 0.754746
2.538453 0.088645 -0.000000
2.174819 0.088643 1.309162
2.423655 0.088638 0.754746
2.423636 0.088638 0.754805
0.007398 -0.088645 2.538442
-0.333215 -0.088660 2.516487
-0.270126 -0.088662 2.524039
0.007398 -0.088645 2.538442
-0.236864 -0.088661 2.527377
-0.270126 -0.088662 2.524039
-2.365313 -0.088645 0.921432
-2.365313 -0.088645 0.921431
-2.139928 -0.088644 1.365450
1.900802 0.000610 -1.684801
2.228681 0.087294 -1.215302
2.290632 -0.000550 -1.097546
2.277906 0.620301 -0.937001
2.399816 0.831575 -0.031104
2.400121 0.496233 -0.666912
0.039754 0.164395 -2.534363
0.000008 0.194801 -2.532519
0.000042 0.194781 -2.532521
0.199850 0.000014 -2.532126
0.164106 0.068769 -2.533760
0.295159 -0.000015 -2.522792
-0.372413 0.030675 2.512363
-0.496873 -0.000001 2.490927
-0.388241 0.000080 2.510153
-0.145533 0.126594 2.532665
0.000000 0.194809 2.532518
-0.156100 0.126625 2.532035
1.786133 1.495071 -1.012963
1.671836 1.912215 -0.000041
1.827354 1.764193 -0.000000
0.762512 -0.088623 -2.421223
0.426982 -0.088521 -2.502289
1.477082 0.922824 -1.848845
2.123207 1.249746 0.617843
2.055706 1.170826 0.924574
2.137249 1.064597 0.866255
2.123138 1.249653 0.618265
1.928824 1.556432 -0.555659
1.885781 1.643780 -0.439792
2.131833 1.380902 0.000016
2.281901 0.929691 0.616607
2.248128 1.182168 0.000020
2.131833 1.380902 0.000016
2.085780 1.183062 0.837547
2.281901 0.929691 0.616607
1.493702 -0.088590 2.052463
2.184795 0.522866 1.185277
1.871772 0.698402 1.568536
1.986729 -0.087586 1.580138
2.184795 0.522866 1.185277
1.493702 -0.088590 2.052463
0.670852 0.000010 2.449808
0.507127 0.030840 2.488668
0.489073 0.000140 2.492470
0.000017 0.194803 2.532519
0.213111 0.126963 2.527858
-0.000010 0.194812 2.532518
0.200484 0.126896 2.528894
0.213111 0.126963 2.527858
0.000017 0.194803 2.532519
0.477383 0.030841 2.494545
0.489073 0.000140 2.492470
0.507127 0.030840 2.488668
</float_array>
          <technique_common>
            <accessor source="#FBXASC227FBXASC130FBXASC189FBXASC227FBXASC131FBXASC170FBXASC227FBXASC131FBXASC131FBXASC227FBXASC131FBXASC1375-Normal0-array" count="4233" stride="3">
              <param name="X" type="float"/>
              <param name="Y" type="float"/>
              <param name="Z" type="float"/>
            </accessor>
          </technique_common>
        </source>
        <vertices id="FBXASC227FBXASC130FBXASC189FBXASC227FBXASC131FBXASC170FBXASC227FBXASC131FBXASC131FBXASC227FBXASC131FBXASC1375-VERTEX">
          <input semantic="POSITION" source="#FBXASC227FBXASC130FBXASC189FBXASC227FBXASC131FBXASC170FBXASC227FBXASC131FBXASC131FBXASC227FBXASC131FBXASC1375-POSITION"/>
        </vertices>
        <triangles count="1411" material="MaterialFBXASC032FBXASC03528">
          <input semantic="VERTEX" offset="0" source="#FBXASC227FBXASC130FBXASC189FBXASC227FBXASC131FBXASC170FBXASC227FBXASC131FBXASC131FBXASC227FBXASC131FBXASC1375-VERTEX"/>
          <input semantic="NORMAL" offset="1" source="#FBXASC227FBXASC130FBXASC189FBXASC227FBXASC131FBXASC170FBXASC227FBXASC131FBXASC131FBXASC227FBXASC131FBXASC1375-Normal0"/>
          <p> 329 0 349 1 333 2 324 3 319 4 336 5 11 6 35 7 49 8 35 9 11 10 336 11 165 12 111 13 40 14 51 15 494 16 481 17 96 18 18 19 158 20 631 21 313 22 496 23 220 24 600 25 209 26 331 27 44 28 95 29 103 30 174 31 153 32 158 33 609 34 96 35 520 36 349 37 329 38 367 39 366 40 368 41 89 42 69 43 124 44 548 45 624 46 588 47 27 48 159 49 544 50 155 51 60 52 40 53 631 54 496 55 574 56 412 57 379 58 523 59 539 60 352 61 309 62 427 63 300 64 426 65 494 66 445 67 481 68 316 69 36 70 318 71 82 72 172 73 36 74 633 75 527 76 526 77 59 78 20 79 42 80 174 81 80 82 153 83 144 84 100 85 304 86 169 87 181 88 98 89 209 90 600 91 604 92 309 93 603 94 539 95 81 96 53 97 146 98 272 99 491 100 276 101 225 102 601 103 365 104 297 105 345 106 302 107 73 108 40 109 192 110 215 111 181 112 169 113 156 114 5 115 99 116 494 117 315 118 445 119 472 120 270 121 124 122 99 123 111 124 125 125 548 126 588 127 478 128 371 129 535 130 394 131 577 132 642 133 546 134 246 135 113 136 4 137 89 138 198 139 289 140 124 141 162 142 84 143 210 144 45 145 138 146 135 147 59 148 238 149 196 150 136 151 50 152 127 153 159 154 27 155 230 156 151 157 63 158 77 159 107 160 129 161 362 162 366 163 367 164 161 165 94 166 402 167 146 168 78 169 81 170 80 171 44 172 153 173 174 174 103 175 59 176 25 177 111 178 16 179 336 180 11 181 324 182 205 183 317 184 175 185 637 186 67 187 203 188 78 189 119 190 203 191 508 192 93 193 188 194 93 195 104 196 188 197 282 198 226 199 240 200 240 201 226 202 545 203 398 204 461 205 456 206 624 207 552 208 588 209 415 210 398 211 456 212 574 213 425 214 493 215 12 216 125 217 91 218 238 219 59 220 179 221 152 222 372 223 455 224 441 225 246 226 438 227 28 228 572 229 498 230 119 231 375 232 78 233 196 234 122 235 136 236 177 237 60 238 155 239 224 240 2 241 641 242 35 243 49 244 251 245 35 246 11 247 47 248 128 249 49 250 35 251 131 252 75 253 363 254 75 255 131 256 40 257 272 258 276 259 131 260 400 261 526 262 527 263 273 264 290 265 620 266 147 267 48 268 197 269 605 270 395 271 219 272 200 273 35 274 336 275 275 276 152 277 4 278 564 279 437 280 469 281 424 282 11 283 224 284 641 285 40 286 224 287 345 288 303 289 302 290 628 291 268 292 395 293 44 294 80 295 95 296 284 297 263 298 213 299 42 300 304 301 100 302 176 303 528 304 364 305 138 306 98 307 181 308 266 309 70 310 102 311 5 312 233 313 423 314 44 315 355 316 120 317 107 318 44 319 16 320 129 321 107 322 44 323 170 324 173 325 102 326 45 327 211 328 173 329 142 330 131 331 75 332 556 333 262 334 124 335 420 336 485 337 467 338 467 339 49 340 626 341 48 342 154 343 106 344 108 345 178 346 171 347 88 348 49 349 148 350 49 351 88 352 148 353 88 354 82 355 49 356 377 357 271 358 88 359 50 360 215 361 169 362 197 363 157 364 147 365 251 366 49 367 190 368 625 369 273 370 620 371 180 372 170 373 216 374 12 375 180 376 216 377 53 378 111 379 132 380 53 381 132 382 56 383 455 384 372 385 416 386 133 387 306 388 275 389 196 390 177 391 122 392 34 393 229 394 194 395 56 396 132 397 120 398 120 399 355 400 56 401 151 402 140 403 232 404 22 405 210 406 138 407 82 408 315 409 286 410 420 411 207 412 485 413 519 414 227 415 124 416 331 417 95 418 359 419 59 420 103 421 16 422 59 423 16 424 31 425 125 426 111 427 165 428 91 429 125 430 165 431 61 432 18 433 96 434 287 435 18 436 61 437 171 438 118 439 108 440 157 441 197 442 182 443 259 444 263 445 284 446 222 447 112 448 63 449 339 450 463 451 405 452 254 453 1 454 130 455 285 456 482 457 312 458 335 459 257 460 234 461 115 462 322 463 418 464 301 465 149 466 428 467 21 468 220 469 22 470 157 471 159 472 127 473 343 474 427 475 426 476 577 477 546 478 460 479 240 480 253 481 282 482 198 483 406 484 289 485 43 486 168 487 12 488 168 489 31 490 12 491 360 492 434 493 436 494 195 495 403 496 248 497 160 498 524 499 95 500 198 501 72 502 440 503 136 504 201 505 154 506 265 507 223 508 40 509 375 510 326 511 74 512 271 513 74 514 88 515 156 516 111 517 99 518 111 519 156 520 269 521 75 522 5 523 156 524 156 525 142 526 75 527 217 528 76 529 59 530 217 531 214 532 76 533 140 534 77 535 129 536 22 537 220 538 209 539 78 540 5 541 75 542 77 543 604 544 5 545 5 546 78 547 305 548 5 549 78 550 56 551 308 552 107 553 237 554 524 555 160 556 453 557 0 558 214 559 217 560 95 561 80 562 0 563 27 564 141 565 81 566 614 567 203 568 104 569 119 570 104 571 203 572 203 573 127 574 27 575 82 576 11 577 49 578 11 579 172 580 82 581 11 582 82 583 480 584 324 585 11 586 492 587 349 588 337 589 439 590 348 591 264 592 507 593 84 594 572 595 28 596 28 597 124 598 84 599 258 600 36 601 175 602 142 603 505 604 131 605 426 606 249 607 279 608 417 609 299 610 297 611 392 612 540 613 298 614 501 615 342 616 469 617 88 618 13 619 93 620 318 621 88 622 316 623 235 624 88 625 93 626 88 627 74 628 13 629 227 630 16 631 202 632 369 633 408 634 42 635 163 636 502 637 361 638 589 639 261 640 110 641 91 642 34 643 12 644 91 645 121 646 34 647 332 648 320 649 252 650 115 651 418 652 468 653 148 654 49 655 190 656 51 657 150 658 148 659 51 660 93 661 508 662 190 663 49 664 148 665 385 666 244 667 161 668 358 669 434 670 360 671 213 672 431 673 42 674 213 675 42 676 284 677 4 678 61 679 96 680 96 681 609 682 497 683 11 684 274 685 532 686 626 687 450 688 467 689 98 690 52 691 193 692 34 693 98 694 193 695 16 696 99 697 125 698 16 699 111 700 269 701 227 702 145 703 16 704 99 705 107 706 16 707 112 708 222 709 211 710 176 711 42 712 100 713 100 714 0 715 304 716 100 717 528 718 176 719 71 720 396 721 370 722 26 723 205 724 295 725 170 726 102 727 216 728 70 729 43 730 243 731 25 732 103 733 24 734 103 735 25 736 16 737 150 738 104 739 93 740 203 741 27 742 104 743 508 744 188 745 618 746 27 747 203 748 104 749 285 750 312 751 432 752 384 753 340 754 530 755 171 756 290 757 118 758 73 759 192 760 106 761 5 762 107 763 99 764 551 765 5 766 56 767 5 768 79 769 433 770 77 771 5 772 107 773 118 774 62 775 241 776 62 777 178 778 241 779 249 780 531 781 279 782 321 783 109 784 376 785 478 786 587 787 407 788 110 789 261 790 477 791 111 792 75 793 40 794 75 795 156 796 111 797 156 798 75 799 111 800 75 801 111 802 489 803 45 804 112 805 211 806 230 807 45 808 151 809 514 810 61 811 596 812 113 813 61 814 4 815 94 816 250 817 402 818 339 819 405 820 114 821 186 822 330 823 535 824 29 825 261 826 374 827 448 828 340 829 199 830 387 831 303 832 298 833 302 834 417 835 297 836 442 837 212 838 311 839 118 840 290 841 273 842 182 843 159 844 157 845 618 846 13 847 479 848 13 849 272 850 131 851 74 852 326 853 13 854 188 855 104 856 119 857 24 858 44 859 120 860 120 861 25 862 24 863 91 864 55 865 121 866 229 867 55 868 194 869 15 870 155 871 40 872 201 873 223 874 265 875 379 876 362 877 367 878 548 879 137 880 239 881 18 882 3 883 124 884 18 885 124 886 28 887 12 888 31 889 125 890 31 891 16 892 125 893 271 894 389 895 74 896 126 897 23 898 38 899 21 900 127 901 67 902 67 903 127 904 203 905 532 906 274 907 543 908 35 909 532 910 128 911 151 912 232 913 63 914 129 915 44 916 259 917 425 918 553 919 493 920 332 921 277 922 320 923 131 924 505 925 36 926 36 927 13 928 131 929 459 930 131 931 363 932 131 933 36 934 40 935 132 936 25 937 120 938 132 939 111 940 25 941 4 942 357 943 275 944 576 945 570 946 497 947 134 948 289 949 334 950 72 951 134 952 334 953 20 954 59 955 135 956 102 957 173 958 266 959 136 960 48 961 50 962 48 963 136 964 154 965 123 966 354 967 17 968 354 969 407 970 186 971 52 972 98 973 138 974 138 975 45 976 52 977 461 978 335 979 325 980 404 981 409 982 504 983 22 984 209 985 140 986 140 987 57 988 22 989 141 990 53 991 81 992 315 993 489 994 445 995 505 996 142 997 435 998 3 999 328 1000 124 1001 443 1002 219 1003 510 1004 28 1005 498 1006 143 1007 359 1008 59 1009 331 1010 217 1011 59 1012 359 1013 269 1014 270 1015 472 1016 145 1017 99 1018 16 1019 146 1020 53 1021 56 1022 56 1023 78 1024 146 1025 147 1026 21 1027 50 1028 50 1029 48 1030 147 1031 148 1032 88 1033 93 1034 148 1035 150 1036 93 1037 93 1038 88 1039 148 1040 51 1041 148 1042 93 1043 414 1044 228 1045 398 1046 388 1047 322 1048 374 1049 481 1050 150 1051 51 1052 27 1053 544 1054 150 1055 27 1056 104 1057 150 1058 104 1059 27 1060 150 1061 57 1062 140 1063 151 1064 151 1065 45 1066 57 1067 152 1068 246 1069 4 1070 321 1071 152 1072 109 1073 24 1074 103 1075 153 1076 153 1077 44 1078 24 1079 201 1080 265 1081 154 1082 154 1083 73 1084 106 1085 177 1086 155 1087 122 1088 122 1089 155 1090 15 1091 46 1092 156 1093 269 1094 458 1095 156 1096 46 1097 147 1098 157 1099 21 1100 157 1101 127 1102 21 1103 158 1104 18 1105 28 1106 28 1107 143 1108 158 1109 182 1110 37 1111 159 1112 159 1113 37 1114 544 1115 259 1116 44 1117 263 1118 44 1119 107 1120 308 1121 567 1122 593 1123 538 1124 161 1125 484 1126 385 1127 124 1128 69 1129 162 1130 253 1131 69 1132 282 1133 348 1134 507 1135 547 1136 333 1137 533 1138 311 1139 432 1140 164 1141 383 1142 130 1143 1 1144 444 1145 91 1146 165 1147 60 1148 60 1149 165 1150 40 1151 460 1152 386 1153 511 1154 541 1155 597 1156 447 1157 439 1158 337 1159 466 1160 399 1161 391 1162 65 1163 168 1164 43 1165 70 1166 168 1167 238 1168 179 1169 169 1170 34 1171 194 1172 169 1173 98 1174 34 1175 170 1176 45 1177 173 1178 45 1179 170 1180 52 1181 106 1182 8 1183 171 1184 178 1185 106 1186 171 1187 653 1188 424 1189 224 1190 36 1191 172 1192 40 1193 173 1194 20 1195 266 1196 173 1197 100 1198 304 1199 76 1200 174 1201 59 1202 76 1203 80 1204 174 1205 36 1206 446 1207 175 1208 400 1209 446 1210 255 1211 222 1212 176 1213 211 1214 0 1215 42 1216 176 1217 176 1218 0 1219 100 1220 364 1221 0 1222 176 1223 91 1224 60 1225 177 1226 177 1227 55 1228 91 1229 48 1230 178 1231 62 1232 178 1233 48 1234 106 1235 179 1236 59 1237 31 1238 168 1239 179 1240 31 1241 52 1242 170 1243 180 1244 193 1245 52 1246 180 1247 22 1248 181 1249 21 1250 181 1251 22 1252 138 1253 182 1254 62 1255 118 1256 118 1257 37 1258 182 1259 82 1260 183 1261 11 1262 175 1263 317 1264 258 1265 416 1266 294 1267 343 1268 380 1269 306 1270 133 1271 395 1272 540 1273 392 1274 457 1275 525 1276 278 1277 379 1278 371 1279 523 1280 17 1281 354 1282 186 1283 39 1284 187 1285 54 1286 372 1287 152 1288 54 1289 618 1290 188 1291 13 1292 13 1293 188 1294 119 1295 188 1296 235 1297 93 1298 93 1299 13 1300 188 1301 596 1302 61 1303 113 1304 441 1305 113 1306 246 1307 190 1308 58 1309 51 1310 373 1311 148 1312 51 1313 544 1314 37 1315 625 1316 190 1317 51 1318 148 1319 490 1320 480 1321 191 1322 565 1323 451 1324 190 1325 106 1326 192 1327 8 1328 638 1329 8 1330 641 1331 193 1332 180 1333 12 1334 34 1335 193 1336 12 1337 194 1338 55 1339 50 1340 194 1341 50 1342 169 1343 370 1344 195 1345 71 1346 592 1347 634 1348 500 1349 55 1350 196 1351 50 1352 55 1353 177 1354 196 1355 182 1356 197 1357 62 1358 197 1359 48 1360 62 1361 42 1362 198 1363 89 1364 72 1365 198 1366 327 1367 464 1368 199 1369 421 1370 351 1371 448 1372 199 1373 200 1374 49 1375 35 1376 88 1377 49 1378 550 1379 136 1380 122 1381 201 1382 122 1383 15 1384 201 1385 59 1386 42 1387 202 1388 59 1389 202 1390 16 1391 81 1392 78 1393 203 1394 81 1395 203 1396 27 1397 534 1398 610 1399 307 1400 499 1401 345 1402 297 1403 101 1404 205 1405 26 1406 293 1407 319 1408 324 1409 289 1410 406 1411 334 1412 206 1413 198 1414 440 1415 207 1416 490 1417 485 1418 97 1419 11 1420 411 1421 583 1422 522 1423 566 1424 566 1425 397 1426 583 1427 209 1428 604 1429 77 1430 140 1431 209 1432 77 1433 57 1434 45 1435 210 1436 22 1437 57 1438 210 1439 176 1440 100 1441 211 1442 211 1443 100 1444 173 1445 421 1446 199 1447 212 1448 117 1449 212 1450 346 1451 95 1452 213 1453 263 1454 95 1455 524 1456 213 1457 214 1458 80 1459 76 1460 80 1461 214 1462 0 1463 50 1464 21 1465 215 1466 21 1467 181 1468 215 1469 216 1470 102 1471 43 1472 216 1473 43 1474 12 1475 304 1476 0 1477 217 1478 304 1479 217 1480 359 1481 349 1482 439 1483 310 1484 310 1485 353 1486 83 1487 443 1488 74 1489 219 1490 462 1491 389 1492 219 1493 220 1494 67 1495 637 1496 21 1497 67 1498 220 1499 320 1500 277 1501 221 1502 444 1503 482 1504 130 1505 222 1506 0 1507 176 1508 63 1509 284 1510 222 1511 223 1512 15 1513 40 1514 201 1515 15 1516 223 1517 35 1518 2 1519 224 1520 11 1521 35 1522 224 1523 541 1524 447 1525 417 1526 500 1527 634 1528 608 1529 42 1530 431 1531 72 1532 431 1533 134 1534 72 1535 227 1536 202 1537 518 1538 227 1539 89 1540 124 1541 228 1542 414 1543 301 1544 228 1545 139 1546 409 1547 34 1548 121 1549 229 1550 121 1551 55 1552 229 1553 112 1554 45 1555 230 1556 63 1557 112 1558 230 1559 219 1560 389 1561 605 1562 538 1563 593 1564 484 1565 232 1566 129 1567 259 1568 140 1569 129 1570 232 1571 143 1572 449 1573 33 1574 233 1575 5 1576 305 1577 476 1578 512 1579 383 1580 335 1581 234 1582 325 1583 88 1584 235 1585 13 1586 13 1587 235 1588 88 1589 235 1590 316 1591 88 1592 13 1593 235 1594 188 1595 338 1596 107 1597 433 1598 107 1599 5 1600 636 1601 107 1602 338 1603 237 1604 84 1605 545 1606 572 1607 70 1608 238 1609 168 1610 70 1611 135 1612 238 1613 239 1614 354 1615 123 1616 248 1617 403 1618 123 1619 84 1620 162 1621 240 1622 240 1623 545 1624 84 1625 178 1626 108 1627 241 1628 118 1629 241 1630 108 1631 503 1632 7 1633 376 1634 441 1635 438 1636 314 1637 70 1638 243 1639 102 1640 43 1641 102 1642 243 1643 366 1644 358 1645 368 1646 244 1647 94 1648 161 1649 496 1650 313 1651 402 1652 339 1653 114 1654 245 1655 32 1656 242 1657 246 1658 32 1659 246 1660 152 1661 346 1662 247 1663 302 1664 247 1665 14 1666 393 1667 368 1668 358 1669 360 1670 71 1671 195 1672 248 1673 452 1674 397 1675 566 1676 515 1677 575 1678 594 1679 245 1680 250 1681 339 1682 412 1683 362 1684 379 1685 2 1686 35 1687 413 1688 643 1689 8 1690 638 1691 535 1692 468 1693 394 1694 378 1695 64 1696 92 1697 162 1698 253 1699 240 1700 162 1701 69 1702 253 1703 130 1704 30 1705 254 1706 322 1707 415 1708 470 1709 460 1710 255 1711 622 1712 435 1713 255 1714 344 1715 574 1716 340 1717 631 1718 285 1719 487 1720 482 1721 439 1722 466 1723 257 1724 476 1725 257 1726 512 1727 317 1728 82 1729 562 1730 36 1731 258 1732 82 1733 63 1734 259 1735 284 1736 232 1737 259 1738 63 1739 96 1740 260 1741 4 1742 590 1743 602 1744 4 1745 388 1746 323 1747 66 1748 261 1749 90 1750 323 1751 46 1752 269 1753 472 1754 458 1755 488 1756 262 1757 95 1758 263 1759 160 1760 160 1761 263 1762 44 1763 110 1764 264 1765 589 1766 139 1767 428 1768 264 1769 154 1770 265 1771 73 1772 73 1773 265 1774 40 1775 266 1776 135 1777 70 1778 266 1779 20 1780 135 1781 434 1782 319 1783 436 1784 244 1785 385 1786 267 1787 298 1788 540 1789 387 1790 340 1791 448 1792 613 1793 156 1794 99 1795 640 1796 269 1797 99 1798 586 1799 269 1800 156 1801 99 1802 99 1803 270 1804 269 1805 227 1806 519 1807 145 1808 270 1809 99 1810 145 1811 271 1812 126 1813 38 1814 271 1815 377 1816 126 1817 272 1818 13 1819 119 1820 491 1821 272 1822 119 1823 118 1824 273 1825 37 1826 37 1827 273 1828 625 1829 450 1830 420 1831 467 1832 97 1833 274 1834 11 1835 306 1836 54 1837 275 1838 54 1839 152 1840 275 1841 276 1842 78 1843 75 1844 276 1845 75 1846 131 1847 130 1848 347 1849 277 1850 130 1851 277 1852 30 1853 473 1854 133 1855 278 1856 497 1857 570 1858 578 1859 455 1860 416 1861 486 1862 503 1863 376 1864 109 1865 280 1866 403 1867 195 1868 500 1869 195 1870 483 1871 281 1872 6 1873 509 1874 281 1875 257 1876 335 1877 282 1878 69 1879 134 1880 134 1881 431 1882 282 1883 295 1884 527 1885 26 1886 500 1887 483 1888 592 1889 42 1890 0 1891 284 1892 222 1893 284 1894 0 1895 105 1896 399 1897 65 1898 105 1899 256 1900 399 1901 430 1902 315 1903 58 1904 451 1905 565 1906 430 1907 460 1908 622 1909 577 1910 529 1911 18 1912 287 1913 330 1914 374 1915 288 1916 535 1917 115 1918 468 1919 289 1920 69 1921 89 1922 69 1923 289 1924 134 1925 290 1926 8 1927 643 1928 171 1929 8 1930 290 1931 517 1932 391 1933 399 1934 512 1935 432 1936 383 1937 38 1938 23 1939 292 1940 38 1941 292 1942 521 1943 205 1944 101 1945 293 1946 436 1947 396 1948 360 1949 300 1950 427 1951 506 1952 380 1953 294 1954 306 1955 446 1956 400 1957 175 1958 205 1959 175 1960 295 1961 442 1962 311 1963 608 1964 608 1965 634 1966 442 1967 495 1968 204 1969 297 1970 297 1971 299 1972 495 1973 303 1974 345 1975 298 1976 298 1977 41 1978 410 1979 397 1980 452 1981 381 1982 447 1983 299 1984 417 1985 534 1986 204 1987 610 1988 522 1989 204 1990 566 1991 301 1992 139 1993 228 1994 301 1995 428 1996 139 1997 302 1998 303 1999 421 2000 117 2001 346 2002 302 2003 421 2004 303 2005 464 2006 351 2007 303 2008 387 2009 173 2010 304 2011 20 2012 42 2013 20 2014 304 2015 78 2016 33 2017 305 2018 305 2019 33 2020 233 2021 294 2022 39 2023 306 2024 306 2025 39 2026 54 2027 298 2028 410 2029 392 2030 437 2031 501 2032 469 2033 453 2034 160 2035 308 2036 44 2037 308 2038 160 2039 158 2040 143 2041 309 2042 309 2043 629 2044 603 2045 509 2046 465 2047 218 2048 353 2049 310 2050 582 2051 311 2052 552 2053 624 2054 311 2055 533 2056 552 2057 312 2058 164 2059 432 2060 444 2061 1 2062 454 2063 402 2064 313 2065 161 2066 161 2067 538 2068 484 2069 546 2070 386 2071 460 2072 314 2073 438 2074 386 2075 36 2076 315 2077 82 2078 459 2079 363 2080 315 2081 235 2082 13 2083 316 2084 13 2085 36 2086 316 2087 492 2088 317 2089 324 2090 82 2091 317 2092 580 2093 82 2094 88 2095 318 2096 318 2097 36 2098 82 2099 126 2100 319 2101 23 2102 23 2103 319 2104 267 2105 320 2106 64 2107 252 2108 320 2109 568 2110 64 2111 321 2112 32 2113 152 2114 321 2115 376 2116 32 2117 475 2118 322 2119 388 2120 398 2121 415 2122 322 2123 323 2124 90 2125 149 2126 66 2127 323 2128 149 2129 324 2130 205 2131 293 2132 317 2133 205 2134 324 2135 325 2136 559 2137 1 2138 456 2139 1 2140 415 2141 13 2142 326 2143 119 2144 119 2145 326 2146 375 2147 42 2148 213 2149 327 2150 42 2151 327 2152 213 2153 327 2154 198 2155 42 2156 42 2157 72 2158 327 2159 3 2160 142 2161 328 2162 556 2163 458 2164 262 2165 329 2166 384 2167 520 2168 199 2169 329 2170 212 2171 374 2172 330 2173 29 2174 186 2175 407 2176 330 2177 59 2178 16 2179 331 2180 202 2181 331 2182 16 2183 16 2184 331 2185 202 2186 16 2187 44 2188 331 2189 30 2190 277 2191 332 2192 322 2193 470 2194 418 2195 212 2196 329 2197 333 2198 212 2199 333 2200 311 2201 334 2202 206 2203 19 2204 72 2205 334 2206 19 2207 409 2208 281 2209 335 2210 409 2211 335 2212 228 2213 336 2214 319 2215 126 2216 377 2217 336 2218 126 2219 384 2220 530 2221 520 2222 65 2223 391 2224 337 2225 572 2226 545 2227 338 2228 433 2229 79 2230 338 2231 250 2232 9 2233 339 2234 9 2235 463 2236 339 2237 554 2238 340 2239 574 2240 340 2241 554 2242 530 2243 341 2244 38 2245 521 2246 521 2247 606 2248 341 2249 204 2250 522 2251 610 2252 342 2253 300 2254 506 2255 426 2256 279 2257 343 2258 486 2259 503 2260 109 2261 446 2262 344 2263 255 2264 85 2265 36 2266 344 2267 345 2268 41 2269 298 2270 345 2271 499 2272 41 2273 346 2274 212 2275 442 2276 14 2277 247 2278 346 2279 487 2280 568 2281 482 2282 221 2283 277 2284 347 2285 504 2286 348 2287 404 2288 139 2289 264 2290 348 2291 333 2292 349 2293 533 2294 83 2295 349 2296 310 2297 78 2298 5 2299 350 2300 78 2301 350 2302 5 2303 5 2304 350 2305 78 2306 5 2307 78 2308 350 2309 350 2310 5 2311 78 2312 5 2313 350 2314 78 2315 116 2316 351 2317 199 2318 351 2319 116 2320 303 2321 133 2322 570 2323 278 2324 457 2325 278 2326 607 2327 353 2328 502 2329 163 2330 83 2331 353 2332 163 2333 407 2334 354 2335 137 2336 239 2337 137 2338 354 2339 107 2340 355 2341 44 2342 5 2343 551 2344 107 2345 10 2346 356 2347 268 2348 356 2349 395 2350 268 2351 133 2352 578 2353 570 2354 275 2355 578 2356 133 2357 244 2358 358 2359 94 2360 267 2361 358 2362 244 2363 359 2364 144 2365 304 2366 359 2367 364 2368 144 2369 360 2370 71 2371 368 2372 396 2373 71 2374 360 2375 587 2376 361 2377 502 2378 478 2379 588 2380 587 2381 250 2382 362 2383 9 2384 366 2385 362 2386 250 2387 489 2388 111 2389 53 2390 53 2391 141 2392 489 2393 95 2394 364 2395 359 2396 95 2397 0 2398 364 2399 581 2400 537 2401 616 2402 255 2403 581 2404 616 2405 94 2406 366 2407 250 2408 358 2409 366 2410 94 2411 367 2412 123 2413 379 2414 248 2415 123 2416 367 2417 368 2418 248 2419 367 2420 71 2421 248 2422 368 2423 89 2424 227 2425 369 2426 89 2427 369 2428 42 2429 195 2430 370 2431 483 2432 370 2433 101 2434 26 2435 371 2436 186 2437 535 2438 17 2439 186 2440 371 2441 187 2442 39 2443 372 2444 187 2445 372 2446 54 2447 563 2448 190 2449 373 2450 373 2451 190 2452 148 2453 288 2454 374 2455 115 2456 542 2457 374 2458 322 2459 443 2460 422 2461 33 2462 375 2463 33 2464 78 2465 7 2466 242 2467 376 2468 32 2469 376 2470 242 2471 200 2472 336 2473 377 2474 88 2475 550 2476 377 2477 64 2478 378 2479 252 2480 378 2481 557 2482 252 2483 123 2484 17 2485 379 2486 379 2487 17 2488 371 2489 184 2490 294 2491 380 2492 278 2493 184 2494 473 2495 68 2496 381 2497 452 2498 621 2499 511 2500 537 2501 508 2502 382 2503 51 2504 382 2505 555 2506 51 2507 383 2508 454 2509 560 2510 560 2511 559 2512 383 2513 199 2514 384 2515 329 2516 199 2517 340 2518 384 2519 23 2520 385 2521 292 2522 385 2523 23 2524 267 2525 531 2526 249 2527 386 2528 438 2529 7 2530 386 2531 10 2532 351 2533 387 2534 387 2535 356 2536 10 2537 374 2538 261 2539 388 2540 388 2541 261 2542 323 2543 38 2544 389 2545 271 2546 389 2547 38 2548 341 2549 3 2550 18 2551 390 2552 3 2553 584 2554 577 2555 257 2556 391 2557 167 2558 391 2559 517 2560 167 2561 558 2562 392 2563 410 2564 395 2565 392 2566 513 2567 14 2568 225 2569 393 2570 225 2571 597 2572 393 2573 523 2574 371 2575 394 2576 92 2577 394 2578 378 2579 395 2580 513 2581 627 2582 395 2583 627 2584 219 2585 101 2586 396 2587 293 2588 370 2589 396 2590 101 2591 575 2592 249 2593 208 2594 515 2595 249 2596 575 2597 398 2598 322 2599 475 2600 66 2601 414 2602 398 2603 517 2604 399 2605 285 2606 285 2607 399 2608 487 2609 295 2610 400 2611 527 2612 175 2613 400 2614 295 2615 75 2616 401 2617 156 2618 75 2619 156 2620 401 2621 401 2622 156 2623 75 2624 75 2625 156 2626 401 2627 245 2628 496 2629 402 2630 402 2631 250 2632 245 2633 239 2634 403 2635 548 2636 403 2637 239 2638 123 2639 218 2640 465 2641 547 2642 547 2643 507 2644 218 2645 114 2646 405 2647 553 2648 64 2649 405 2650 463 2651 406 2652 206 2653 334 2654 198 2655 206 2656 406 2657 407 2658 29 2659 330 2660 407 2661 587 2662 477 2663 408 2664 202 2665 42 2666 202 2667 408 2668 518 2669 6 2670 409 2671 404 2672 6 2673 281 2674 409 2675 307 2676 558 2677 561 2678 561 2679 534 2680 307 2681 411 2682 207 2683 420 2684 11 2685 207 2686 411 2687 463 2688 9 2689 412 2690 362 2691 412 2692 9 2693 620 2694 290 2695 643 2696 413 2697 35 2698 251 2699 301 2700 414 2701 149 2702 66 2703 149 2704 414 2705 254 2706 470 2707 415 2708 415 2709 1 2710 254 2711 39 2712 294 2713 416 2714 372 2715 39 2716 416 2717 247 2718 417 2719 302 2720 417 2721 247 2722 393 2723 332 2724 418 2725 30 2726 468 2727 418 2728 332 2729 567 2730 538 2731 613 2732 448 2733 567 2734 613 2735 420 2736 97 2737 411 2738 97 2739 420 2740 274 2741 117 2742 421 2743 212 2744 117 2745 302 2746 421 2747 422 2748 143 2749 33 2750 510 2751 603 2752 629 2753 79 2754 5 2755 423 2756 423 2757 498 2758 572 2759 172 2760 11 2761 424 2762 424 2763 653 2764 172 2765 114 2766 553 2767 425 2768 114 2769 425 2770 245 2771 208 2772 249 2773 426 2774 426 2775 300 2776 208 2777 427 2778 536 2779 506 2780 536 2781 427 2782 343 2783 428 2784 149 2785 90 2786 589 2787 264 2788 428 2789 637 2790 600 2791 220 2792 119 2793 491 2794 429 2795 430 2796 565 2797 286 2798 286 2799 315 2800 430 2801 213 2802 226 2803 431 2804 282 2805 431 2806 226 2807 291 2808 432 2809 167 2810 291 2811 285 2812 432 2813 107 2814 236 2815 433 2816 236 2817 5 2818 433 2819 434 2820 358 2821 267 2822 319 2823 434 2824 267 2825 142 2826 569 2827 435 2828 622 2829 255 2830 435 2831 293 2832 396 2833 436 2834 436 2835 319 2836 293 2837 585 2838 513 2839 525 2840 87 2841 501 2842 437 2843 246 2844 242 2845 438 2846 242 2847 7 2848 438 2849 439 2850 281 2851 310 2852 281 2853 439 2854 257 2855 72 2856 19 2857 440 2858 19 2859 206 2860 440 2861 189 2862 113 2863 441 2864 619 2865 514 2866 596 2867 14 2868 442 2869 571 2870 442 2871 14 2872 346 2873 375 2874 74 2875 443 2876 443 2877 33 2878 375 2879 312 2880 482 2881 444 2882 444 2883 454 2884 312 2885 445 2886 141 2887 27 2888 489 2889 141 2890 445 2891 85 2892 344 2893 446 2894 85 2895 446 2896 36 2897 579 2898 299 2899 447 2900 365 2901 537 2902 447 2903 448 2904 351 2905 10 2906 448 2907 10 2908 567 2909 33 2910 449 2911 233 2912 233 2913 449 2914 143 2915 274 2916 450 2917 543 2918 274 2919 420 2920 450 2921 430 2922 58 2923 451 2924 451 2925 58 2926 190 2927 299 2928 68 2929 452 2930 299 2931 452 2932 495 2933 453 2934 545 2935 226 2936 308 2937 237 2938 453 2939 312 2940 454 2941 164 2942 164 2943 454 2944 383 2945 109 2946 455 2947 486 2948 109 2949 152 2950 455 2951 461 2952 325 2953 456 2954 456 2955 325 2956 1 2957 219 2958 599 2959 591 2960 612 2961 525 2962 457 2963 142 2964 458 2965 328 2966 142 2967 156 2968 458 2969 459 2970 36 2971 131 2972 36 2973 459 2974 131 2975 36 2976 459 2977 131 2978 315 2979 36 2980 459 2981 36 2982 131 2983 459 2984 131 2985 459 2986 36 2987 460 2988 511 2989 598 2990 255 2991 644 2992 166 2993 398 2994 228 2995 461 2996 335 2997 461 2998 228 2999 389 3000 462 3001 74 3002 219 3003 74 3004 462 3005 523 3006 463 3007 412 3008 92 3009 64 3010 463 3011 116 3012 199 3013 464 3014 116 3015 464 3016 303 3017 465 3018 6 3019 404 3020 509 3021 6 3022 465 3023 466 3024 391 3025 257 3026 337 3027 391 3028 466 3029 467 3030 485 3031 190 3032 190 3033 49 3034 467 3035 252 3036 557 3037 468 3038 468 3039 332 3040 252 3041 342 3042 506 3043 469 3044 469 3045 184 3046 564 3047 30 3048 470 3049 254 3050 418 3051 470 3052 30 3053 119 3054 615 3055 491 3056 78 3057 471 3058 119 3059 262 3060 46 3061 472 3062 262 3063 472 3064 124 3065 184 3066 380 3067 473 3068 133 3069 473 3070 380 3071 474 3072 522 3073 342 3074 474 3075 342 3076 501 3077 66 3078 475 3079 388 3080 398 3081 475 3082 66 3083 234 3084 476 3085 383 3086 234 3087 257 3088 476 3089 29 3090 407 3091 477 3092 477 3093 261 3094 29 3095 548 3096 478 3097 137 3098 137 3099 478 3100 407 3101 614 3102 119 3103 429 3104 479 3105 13 3106 119 3107 480 3108 286 3109 191 3110 480 3111 82 3112 286 3113 27 3114 150 3115 481 3116 481 3117 445 3118 27 3119 482 3120 347 3121 130 3122 482 3123 221 3124 347 3125 370 3126 26 3127 483 3128 483 3129 26 3130 283 3131 292 3132 484 3133 231 3134 385 3135 484 3136 292 3137 485 3138 191 3139 190 3140 485 3141 490 3142 191 3143 343 3144 279 3145 486 3146 486 3147 416 3148 343 3149 399 3150 256 3151 487 3152 493 3153 487 3154 256 3155 262 3156 488 3157 46 3158 458 3159 46 3160 488 3161 363 3162 489 3163 315 3164 363 3165 75 3166 489 3167 11 3168 480 3169 490 3170 11 3171 490 3172 207 3173 491 3174 604 3175 600 3176 119 3177 78 3178 491 3179 491 3180 119 3181 78 3182 471 3183 78 3184 491 3185 78 3186 119 3187 491 3188 276 3189 491 3190 78 3191 11 3192 183 3193 492 3194 580 3195 317 3196 492 3197 568 3198 487 3199 493 3200 568 3201 493 3202 64 3203 58 3204 315 3205 494 3206 58 3207 494 3208 51 3209 86 3210 204 3211 495 3212 495 3213 452 3214 86 3215 574 3216 496 3217 425 3218 425 3219 496 3220 245 3221 96 3222 595 3223 260 3224 595 3225 602 3226 260 3227 143 3228 498 3229 233 3230 233 3231 498 3232 423 3233 204 3234 499 3235 297 3236 499 3237 204 3238 534 3239 280 3240 195 3241 500 3242 500 3243 296 3244 280 3245 307 3246 474 3247 501 3248 307 3249 501 3250 87 3251 507 3252 264 3253 502 3254 110 3255 502 3256 264 3257 279 3258 531 3259 503 3260 279 3261 503 3262 486 3263 139 3264 504 3265 409 3266 139 3267 348 3268 504 3269 505 3270 344 3271 36 3272 435 3273 344 3274 505 3275 469 3276 506 3277 184 3278 506 3279 536 3280 184 3281 353 3282 507 3283 502 3284 582 3285 507 3286 353 3287 618 3288 150 3289 508 3290 150 3291 382 3292 508 3293 310 3294 509 3295 218 3296 281 3297 509 3298 310 3299 510 3300 422 3301 443 3302 510 3303 143 3304 422 3305 68 3306 511 3307 381 3308 594 3309 511 3310 515 3311 167 3312 432 3313 512 3314 257 3315 167 3316 512 3317 513 3318 87 3319 525 3320 617 3321 513 3322 392 3323 441 3324 611 3325 514 3326 611 3327 61 3328 514 3329 511 3330 386 3331 515 3332 386 3333 249 3334 515 3335 158 3336 309 3337 632 3338 309 3339 352 3340 576 3341 291 3342 517 3343 285 3344 167 3345 517 3346 291 3347 369 3348 227 3349 518 3350 408 3351 369 3352 518 3353 270 3354 519 3355 124 3356 145 3357 519 3358 270 3359 337 3360 349 3361 520 3362 65 3363 337 3364 520 3365 521 3366 292 3367 231 3368 635 3369 521 3370 231 3371 522 3372 300 3373 342 3374 300 3375 522 3376 583 3377 92 3378 463 3379 523 3380 92 3381 523 3382 394 3383 226 3384 524 3385 453 3386 213 3387 524 3388 226 3389 525 3390 87 3391 437 3392 525 3393 437 3394 564 3395 365 3396 623 3397 255 3398 400 3399 255 3400 623 3401 283 3402 527 3403 571 3404 26 3405 527 3406 283 3407 144 3408 528 3409 100 3410 364 3411 528 3412 144 3413 3 3414 390 3415 584 3416 390 3417 18 3418 529 3419 530 3420 65 3421 520 3422 105 3423 65 3424 530 3425 386 3426 7 3427 531 3428 531 3429 7 3430 503 3431 47 3432 11 3433 532 3434 657 3435 35 3436 47 3437 83 3438 533 3439 349 3440 163 3441 533 3442 83 3443 41 3444 534 3445 561 3446 41 3447 499 3448 534 3449 288 3450 115 3451 535 3452 330 3453 288 3454 535 3455 294 3456 536 3457 343 3458 536 3459 294 3460 184 3461 68 3462 537 3463 511 3464 579 3465 447 3466 537 3467 419 3468 538 3469 313 3470 313 3471 538 3472 161 3473 457 3474 607 3475 539 3476 457 3477 539 3478 219 3479 387 3480 540 3481 356 3482 395 3483 356 3484 540 3485 393 3486 597 3487 541 3488 417 3489 393 3490 541 3491 542 3492 115 3493 374 3494 542 3495 322 3496 115 3497 128 3498 532 3499 543 3500 626 3501 49 3502 128 3503 150 3504 544 3505 382 3506 544 3507 625 3508 382 3509 453 3510 237 3511 545 3512 338 3513 545 3514 237 3515 314 3516 386 3517 546 3518 314 3519 546 3520 642 3521 404 3522 348 3523 547 3524 547 3525 465 3526 404 3527 548 3528 403 3529 280 3530 280 3531 624 3532 548 3533 460 3534 598 3535 630 3536 460 3537 549 3538 255 3539 550 3540 49 3541 200 3542 550 3543 200 3544 377 3545 355 3546 551 3547 56 3548 551 3549 355 3550 107 3551 552 3552 533 3553 163 3554 552 3555 163 3556 361 3557 405 3558 64 3559 553 3560 64 3561 493 3562 553 3563 554 3564 574 3565 105 3566 554 3567 105 3568 530 3569 51 3570 555 3571 373 3572 555 3573 647 3574 373 3575 328 3576 556 3577 124 3578 328 3579 458 3580 556 3581 468 3582 557 3583 394 3584 394 3585 557 3586 378 3587 617 3588 392 3589 558 3590 617 3591 558 3592 307 3593 559 3594 234 3595 383 3596 325 3597 234 3598 559 3599 560 3600 454 3601 1 3602 1 3603 559 3604 560 3605 558 3606 410 3607 561 3608 410 3609 41 3610 561 3611 82 3612 258 3613 562 3614 317 3615 562 3616 258 3617 563 3618 251 3619 190 3620 645 3621 251 3622 563 3623 564 3624 184 3625 278 3626 564 3627 278 3628 525 3629 286 3630 565 3631 191 3632 191 3633 565 3634 190 3635 86 3636 452 3637 566 3638 566 3639 204 3640 86 3641 635 3642 593 3643 567 3644 567 3645 10 3646 635 3647 482 3648 568 3649 221 3650 221 3651 568 3652 320 3653 3 3654 569 3655 142 3656 577 3657 569 3658 3 3659 278 3660 570 3661 352 3662 576 3663 352 3664 570 3665 14 3666 571 3667 633 3668 571 3669 527 3670 633 3671 79 3672 572 3673 338 3674 423 3675 572 3676 79 3677 642 3678 611 3679 441 3680 441 3681 314 3682 573 3683 493 3684 256 3685 574 3686 105 3687 574 3688 256 3689 594 3690 575 3691 397 3692 397 3693 575 3694 583 3695 576 3696 516 3697 309 3698 516 3699 576 3700 497 3701 287 3702 642 3703 577 3704 577 3705 529 3706 287 3707 595 3708 578 3709 602 3710 275 3711 357 3712 578 3713 579 3714 68 3715 299 3716 579 3717 537 3718 68 3719 580 3720 183 3721 82 3722 492 3723 183 3724 580 3725 598 3726 511 3727 621 3728 166 3729 581 3730 255 3731 582 3732 310 3733 218 3734 218 3735 507 3736 582 3737 208 3738 300 3739 583 3740 583 3741 575 3742 208 3743 577 3744 639 3745 529 3746 390 3747 529 3748 584 3749 219 3750 627 3751 185 3752 585 3753 525 3754 185 3755 16 3756 202 3757 586 3758 99 3759 16 3760 586 3761 586 3762 16 3763 269 3764 202 3765 16 3766 586 3767 587 3768 502 3769 110 3770 477 3771 587 3772 110 3773 587 3774 588 3775 361 3776 552 3777 361 3778 588 3779 589 3780 90 3781 261 3782 90 3783 589 3784 428 3785 260 3786 602 3787 590 3788 4 3789 260 3790 590 3791 457 3792 591 3793 612 3794 219 3795 591 3796 457 3797 283 3798 571 3799 592 3800 483 3801 283 3802 592 3803 635 3804 231 3805 593 3806 231 3807 484 3808 593 3809 594 3810 381 3811 511 3812 397 3813 381 3814 594 3815 96 3816 497 3817 595 3818 497 3819 578 3820 595 3821 619 3822 596 3823 189 3824 596 3825 113 3826 189 3827 365 3828 447 3829 597 3830 365 3831 597 3832 225 3833 598 3834 621 3835 166 3836 630 3837 598 3838 166 3839 185 3840 599 3841 219 3842 599 3843 185 3844 591 3845 637 3846 429 3847 600 3848 491 3849 600 3850 429 3851 225 3852 526 3853 601 3854 400 3855 601 3856 526 3857 4 3858 602 3859 357 3860 578 3861 357 3862 602 3863 539 3864 603 3865 219 3866 510 3867 219 3868 603 3869 78 3870 604 3871 491 3872 5 3873 604 3874 78 3875 341 3876 268 3877 628 3878 628 3879 389 3880 341 3881 341 3882 606 3883 268 3884 606 3885 10 3886 268 3887 539 3888 607 3889 352 3890 607 3891 278 3892 352 3893 500 3894 608 3895 296 3896 608 3897 311 3898 296 3899 497 3900 609 3901 516 3902 632 3903 609 3904 158 3905 610 3906 474 3907 307 3908 610 3909 522 3910 474 3911 287 3912 611 3913 642 3914 287 3915 61 3916 611 3917 185 3918 525 3919 612 3920 612 3921 591 3922 185 3923 613 3924 538 3925 419 3926 340 3927 613 3928 419 3929 479 3930 119 3931 614 3932 614 3933 104 3934 479 3935 615 3936 471 3937 491 3938 119 3939 471 3940 615 3941 616 3942 365 3943 255 3944 616 3945 537 3946 365 3947 87 3948 513 3949 617 3950 617 3951 307 3952 87 3953 479 3954 104 3955 618 3956 104 3957 150 3958 618 3959 441 3960 619 3961 189 3962 441 3963 514 3964 619 3965 620 3966 643 3967 647 3968 555 3969 620 3970 647 3971 166 3972 621 3973 581 3974 621 3975 537 3976 581 3977 569 3978 622 3979 435 3980 577 3981 622 3982 569 3983 623 3984 601 3985 400 3986 365 3987 601 3988 623 3989 280 3990 296 3991 624 3992 296 3993 311 3994 624 3995 382 3996 625 3997 555 3998 625 3999 620 4000 555 4001 543 4002 450 4003 626 4004 627 4005 513 4006 585 4007 585 4008 185 4009 627 4010 605 4011 389 4012 628 4013 628 4014 395 4015 605 4016 629 4017 143 4018 510 4019 143 4020 629 4021 309 4022 549 4023 460 4024 630 4025 644 4026 630 4027 166 4028 419 4029 313 4030 631 4031 419 4032 631 4033 340 4034 516 4035 632 4036 309 4037 516 4038 609 4039 632 4040 633 4041 225 4042 14 4043 633 4044 526 4045 225 4046 592 4047 571 4048 634 4049 442 4050 634 4051 571 4052 606 4053 521 4054 635 4055 635 4056 10 4057 606 4058 236 4059 107 4060 636 4061 636 4062 5 4063 236 4064 614 4065 429 4066 637 4067 637 4068 203 4069 614 4070 646 4071 638 4072 641 4073 648 4074 638 4075 646 4076 577 4077 584 4078 639 4079 639 4080 584 4081 529 4082 269 4083 156 4084 640 4085 99 4086 269 4087 640 4088 641 4089 8 4090 192 4091 192 4092 40 4093 641 4094 314 4095 642 4096 573 4097 573 4098 642 4099 441 4100 643 4101 638 4102 648 4103 647 4104 643 4105 648 4106 549 4107 630 4108 644 4109 255 4110 549 4111 644 4112 649 4113 413 4114 645 4115 645 4116 413 4117 251 4118 645 4119 646 4120 649 4121 2 4122 646 4123 641 4124 373 4125 647 4126 563 4127 647 4128 648 4129 563 4130 563 4131 648 4132 645 4133 648 4134 646 4135 645 4136 649 4137 2 4138 413 4139 650 4140 13 4141 119 4142 13 4143 650 4144 119 4145 5 4146 651 4147 350 4148 5 4149 350 4150 651 4151 577 4152 652 4153 287 4154 577 4155 287 4156 652 4157 40 4158 654 4159 224 4160 40 4161 172 4162 654 4163 654 4164 653 4165 224 4166 172 4167 653 4168 654 4169 656 4170 13 4171 655 4172 656 4173 13 4174 655 4175 657 4176 532 4177 35 4178 89 4179 658 4180 198 4181 89 4182 198 4183 658 4184 659 4185 514 4186 611 4187 514 4188 659 4189 611 4190 660 4191 352 4192 570 4193 570 4194 352 4195 660 4196 661 4197 75 4198 156 4199 156 4200 75 4201 661 4202 662 4203 107 4204 44 4205 662 4206 44 4207 107 4208 44 4209 663 4210 95 4211 44 4212 355 4213 663 4214 44 4215 663 4216 355 4217 95 4218 663 4219 44 4220 143 4221 664 4222 309 4223 309 4224 664 4225 143 4226 665 4227 664 4228 309 4229 665 4230 309 4231 664 4232</p>
        </triangles>
      </mesh>
    </geometry>
  </library_geometries>
  <library_visual_scenes>
    <visual_scene id="leg_base_link" name="leg_base_link">
      <node name="FBXASC227FBXASC130FBXASC189FBXASC227FBXASC131FBXASC170FBXASC227FBXASC131FBXASC131FBXASC227FBXASC131FBXASC1371" id="FBXASC227FBXASC130FBXASC189FBXASC227FBXASC131FBXASC170FBXASC227FBXASC131FBXASC131FBXASC227FBXASC131FBXASC1371" sid="FBXASC227FBXASC130FBXASC189FBXASC227FBXASC131FBXASC170FBXASC227FBXASC131FBXASC131FBXASC227FBXASC131FBXASC1371">
        <matrix sid="matrix">25.4 0 0 0 0 25.4 0 0 0 0 25.4 0 0 0 0 1</matrix>
        <instance_geometry url="#FBXASC227FBXASC130FBXASC189FBXASC227FBXASC131FBXASC170FBXASC227FBXASC131FBXASC131FBXASC227FBXASC131FBXASC1371-lib">
          <bind_material>
            <technique_common>
              <instance_material symbol="MaterialFBXASC032FBXASC03525" target="#MaterialFBXASC032FBXASC03525"/>
            </technique_common>
          </bind_material>
        </instance_geometry>
        <extra>
          <technique profile="FCOLLADA">
            <visibility>1.000000</visibility>
          </technique>
        </extra>
      </node>
      <node name="FBXASC227FBXASC130FBXASC189FBXASC227FBXASC131FBXASC170FBXASC227FBXASC131FBXASC131FBXASC227FBXASC131FBXASC1372" id="FBXASC227FBXASC130FBXASC189FBXASC227FBXASC131FBXASC170FBXASC227FBXASC131FBXASC131FBXASC227FBXASC131FBXASC1372" sid="FBXASC227FBXASC130FBXASC189FBXASC227FBXASC131FBXASC170FBXASC227FBXASC131FBXASC131FBXASC227FBXASC131FBXASC1372">
        <matrix sid="matrix">25.4 0 0 0 0 25.4 0 0 0 0 25.4 0 0 0 0 1</matrix>
        <instance_geometry url="#FBXASC227FBXASC130FBXASC189FBXASC227FBXASC131FBXASC170FBXASC227FBXASC131FBXASC131FBXASC227FBXASC131FBXASC1372-lib">
          <bind_material>
            <technique_common>
              <instance_material symbol="MaterialFBXASC032FBXASC03526" target="#MaterialFBXASC032FBXASC03526"/>
            </technique_common>
          </bind_material>
        </instance_geometry>
        <extra>
          <technique profile="FCOLLADA">
            <visibility>1.000000</visibility>
          </technique>
        </extra>
      </node>
      <node name="FBXASC227FBXASC130FBXASC189FBXASC227FBXASC131FBXASC170FBXASC227FBXASC131FBXASC131FBXASC227FBXASC131FBXASC1373" id="FBXASC227FBXASC130FBXASC189FBXASC227FBXASC131FBXASC170FBXASC227FBXASC131FBXASC131FBXASC227FBXASC131FBXASC1373" sid="FBXASC227FBXASC130FBXASC189FBXASC227FBXASC131FBXASC170FBXASC227FBXASC131FBXASC131FBXASC227FBXASC131FBXASC1373">
        <matrix sid="matrix">25.4 0 0 0 0 25.4 0 0 0 0 25.4 0 0 0 0 1</matrix>
        <instance_geometry url="#FBXASC227FBXASC130FBXASC189FBXASC227FBXASC131FBXASC170FBXASC227FBXASC131FBXASC131FBXASC227FBXASC131FBXASC1373-lib">
          <bind_material>
            <technique_common>
              <instance_material symbol="MaterialFBXASC032FBXASC03527" target="#MaterialFBXASC032FBXASC03527"/>
            </technique_common>
          </bind_material>
        </instance_geometry>
        <extra>
          <technique profile="FCOLLADA">
            <visibility>1.000000</visibility>
          </technique>
        </extra>
      </node>
      <node name="FBXASC227FBXASC130FBXASC189FBXASC227FBXASC131FBXASC170FBXASC227FBXASC131FBXASC131FBXASC227FBXASC131FBXASC1374" id="FBXASC227FBXASC130FBXASC189FBXASC227FBXASC131FBXASC170FBXASC227FBXASC131FBXASC131FBXASC227FBXASC131FBXASC1374" sid="FBXASC227FBXASC130FBXASC189FBXASC227FBXASC131FBXASC170FBXASC227FBXASC131FBXASC131FBXASC227FBXASC131FBXASC1374">
        <matrix sid="matrix">25.4 0 0 0 0 25.4 0 0 0 0 25.4 0 0 0 0 1</matrix>
        <instance_geometry url="#FBXASC227FBXASC130FBXASC189FBXASC227FBXASC131FBXASC170FBXASC227FBXASC131FBXASC131FBXASC227FBXASC131FBXASC1374-lib">
          <bind_material>
            <technique_common>
              <instance_material symbol="MaterialFBXASC032FBXASC03528" target="#MaterialFBXASC032FBXASC03528"/>
            </technique_common>
          </bind_material>
        </instance_geometry>
        <extra>
          <technique profile="FCOLLADA">
            <visibility>1.000000</visibility>
          </technique>
        </extra>
      </node>
      <node name="FBXASC227FBXASC130FBXASC189FBXASC227FBXASC131FBXASC170FBXASC227FBXASC131FBXASC131FBXASC227FBXASC131FBXASC1375" id="FBXASC227FBXASC130FBXASC189FBXASC227FBXASC131FBXASC170FBXASC227FBXASC131FBXASC131FBXASC227FBXASC131FBXASC1375" sid="FBXASC227FBXASC130FBXASC189FBXASC227FBXASC131FBXASC170FBXASC227FBXASC131FBXASC131FBXASC227FBXASC131FBXASC1375">
        <matrix sid="matrix">25.4 0 0 0 0 25.4 0 0 0 0 25.4 0 0 0 0 1</matrix>
        <instance_geometry url="#FBXASC227FBXASC130FBXASC189FBXASC227FBXASC131FBXASC170FBXASC227FBXASC131FBXASC131FBXASC227FBXASC131FBXASC1375-lib">
          <bind_material>
            <technique_common>
              <instance_material symbol="MaterialFBXASC032FBXASC03528" target="#MaterialFBXASC032FBXASC03528"/>
            </technique_common>
          </bind_material>
        </instance_geometry>
        <extra>
          <technique profile="FCOLLADA">
            <visibility>1.000000</visibility>
          </technique>
        </extra>
      </node>
      <extra>
        <technique profile="MAX3D">
          <frame_rate>30.000000</frame_rate>
        </technique>
        <technique profile="FCOLLADA">
          <start_time>0.000000</start_time>
          <end_time>3.333333</end_time>
        </technique>
      </extra>
    </visual_scene>
  </library_visual_scenes>
  <scene>
    <instance_visual_scene url="#leg_base_link"/>
  </scene>
</COLLADA>