<?xml version='1.0' encoding='UTF-8'?>
<COLLADA xmlns="http://www.collada.org/2005/11/COLLADASchema" version="1.4.1">
  <asset>
    <contributor>
      <author/>
      <authoring_tool>FBX COLLADA exporter</authoring_tool>
      <comments/>
    </contributor>
    <created>2026-08-14T12:53:38Z</created>
    <keywords/>
    <modified>2026-08-14T12:53:38Z</modified>
    <revision/>
    <subject/>
    <title/>
    <unit meter="1.0" name="meter"/>
    <up_axis>Z_UP</up_axis>
  </asset>
  <library_materials>
    <material id="MaterialFBXASC032FBXASC03525" name="MaterialFBXASC032FBXASC03525">
      <instance_effect url="#MaterialFBXASC032FBXASC03525-fx"/>
    </material>
  </library_materials>
  <library_effects>
    <effect id="MaterialFBXASC032FBXASC03525-fx" name="MaterialFBXASC032FBXASC03525">
      <profile_COMMON>
        <technique sid="standard">
          <phong>
            <emission>
              <color sid="emission">0.000000  0.000000 0.000000 1.000000</color>
            </emission>
            <ambient>
              <color sid="ambient">0.745098  0.737255 0.729412 1.000000</color>
            </ambient>
            <diffuse>
              <color sid="diffuse">0.745098  0.737255 0.729412 1.000000</color>
            </diffuse>
            <specular>
              <color sid="specular">0.000000  0.000000 0.000000 1.000000</color>
            </specular>
            <shininess>
              <float sid="shininess">1.000000</float>
            </shininess>
            <transparency>
              <float sid="transparency">0.000000</float>
            </transparency>
          </phong>
        </technique>
      </profile_COMMON>
    </effect>
  </library_effects>
  <library_geometries>
    <geometry id="FBXASC227FBXASC130FBXASC189FBXASC227FBXASC131FBXASC170FBXASC227FBXASC131FBXASC131FBXASC227FBXASC131FBXASC1371-lib" name="FBXASC227FBXASC130FBXASC189FBXASC227FBXASC131FBXASC170FBXASC227FBXASC131FBXASC131FBXASC227FBXASC131FBXASC1371Mesh">
      <mesh>
        <source id="FBXASC227FBXASC130FBXASC189FBXASC227FBXASC131FBXASC170FBXASC227FBXASC131FBXASC131FBXASC227FBXASC131FBXASC1371-POSITION">
          <float_array id="FBXASC227FBXASC130FBXASC189FBXASC227FBXASC131FBXASC170FBXASC227FBXASC131FBXASC131FBXASC227FBXASC131FBXASC1371-POSITION-array" count="1644">0.000826772 0.002204724 -0.008582677 2.5621e-05 -0.002322835 -0.00841949 -0.000708661 0.002204724 0.004291338 -0.000708661 -0.002204724 0.004291338 -0.000866142 0.000832822 -0.004861322 -0.000866142 -0.001110236 -0.00519685 -0.000866142 0.000832822 0.002262897 -0.000337649 0.002204724 -0.009474149 0.000445464 0.002204724 0.004894734 0.000445464 -0.002322835 0.004894734 0.001233482 -0.002322835 -0.009144212 0.000263658 -0.002322835 -0.009447218 -0.000748031 0.001110236 -0.006968504 -0.000866142 -0.001110236 -0.006968504 0.000445464 0.002204724 -0.010012844 -0.000337649 -0.002322835 -0.009474149 -0.000866142 5.3861e-05 -0.005738534 -0.000866142 -0.000832822 0.002262897 0.000263658 0.002204724 0.004227881 0.001246428 0.002322835 -0.009523697 0.000263658 -0.002322835 0.004227881 0.001043307 -0.002322835 -0.008231091 0.000445464 -0.002204724 -0.010012844 -0.000866142 0.001059623 -0.00576898 0.001207097 0.002322835 0.00450054 0.001207097 -0.002204724 0.00450054 0.000245236 0.002204724 -0.009396605 -0.000866142 -0.000832822 -0.004861322 -0.000866142 0.00125896 -0.004435184 -0.000402716 0.002322835 0.004278494 -0.000450213 0.002322835 0.004867803 -0.000748031 -0.00125896 -0.004435184 -0.000249985 -0.002322835 0.004251564 -0.000602945 -0.002204724 0.004894734 -0.000748031 -0.002322835 -0.009409449 -0.000602945 -0.002322835 -0.010012844 2.5621e-05 -0.002204724 -0.009128152 -0.000748031 0.002204724 -0.009409449 -0.000602945 0.002322835 -0.010012844 0.000271193 0.002322835 0.005379127 -6.0318e-05 0.002322835 0.005224977 -0.000748031 -0.001059623 -0.007540633 0.000271193 -0.002204724 0.005379127 -6.0318e-05 -0.002204724 0.005224977 -0.000866142 0.001059623 -0.007540633 0.001233482 0.002322835 -0.008021143 -0.000748031 -0.001059623 -0.00576898 -0.000866142 0.00125896 0.001836759 -0.000314642 -0.002204724 0.004926618 -0.000374016 0.002204724 -0.00984252 -6.0318e-05 0.002322835 -0.010444314 -0.000866142 -0.001318898 0.001535433 0.000826772 -0.002322835 -0.008582677 -0.000748031 0.001110236 -0.00519685 -0.000748031 -0.001032692 -0.006903437 0.001246428 -0.002204724 -0.009523697 0.000271193 0.002322835 -0.010497237 -0.000866142 0.001032692 -0.006903437 -0.000271193 0.002204724 -0.010497237 0.000271193 -0.002322835 -0.010497237 -6.0318e-05 -0.002204724 -0.010444314 -0.000866142 0.001032692 -0.005131783 -0.000271193 -0.002322835 -0.010497237 -0.000271193 0.002322835 0.005379127 -0.000271193 -0.002204724 0.005379127 -0.000748031 0 -0.005433071 -0.000155372 -0.002322835 -0.010182736 0.001233482 0.002204724 -0.009144212 -0.000602945 0.002322835 0.004894734 0.000397968 0.002322835 -0.009423535 -0.000748031 -0.001059623 -0.005178429 -0.000155372 0.002204724 0.004384193 0.000216535 -0.002322835 -0.008385827 -0.000866142 -0.001178427 -0.005669291 0.000397968 -0.002322835 -0.009369674 -0.000314642 -0.002322835 -0.009640311 0.000244928 0.002204724 -0.010125182 0.000244928 -0.002322835 -0.010125182 -0.000748031 0.000531496 -0.00492126 -0.000155372 0.002204724 -0.010182736 -0.000866142 -0.000531496 -0.00492126 0.000310303 0.002322835 0.004200951 0.000310303 -0.002204724 0.004200951 0.001233482 -0.002204724 -0.008021143 -0.000314642 -0.002204724 0.004522201 -0.000748031 -0.000136382 -0.005669291 -0.000748031 -0.001088273 0.00209221 0.000244928 0.002204724 0.005007071 5.3228e-05 -0.002204724 0.004354201 5.3228e-05 0.002322835 0.004354201 5.3228e-05 -0.002322835 -0.009472311 0.000244928 0.002322835 -0.009559857 0.000216535 -0.002204724 -0.009094488 -0.000402716 -0.002322835 0.004278494 0.000244928 -0.002204724 0.005007071 0.000501099 -0.002322835 0.005225509 0.000885248 0.002322835 -0.008789136 0.000501099 0.002204724 0.005225509 -0.000249985 -0.002322835 -0.009369674 0.000358865 -0.002204724 0.004829782 -0.000450213 -0.002322835 -0.010039775 -0.000249985 0.002322835 -0.009423535 -0.000450213 -0.002204724 0.004867803 0.000358865 0.002204724 0.004829782 -0.000450213 0.002204724 -0.010039775 -0.000249985 0.002204724 0.004251564 0.000244928 -0.002204724 -0.009559857 2.5621e-05 -0.002322835 -0.009060824 0.000445464 0.002322835 -0.010012844 5.3228e-05 0.002322835 -0.009472311 0.000445464 -0.002322835 -0.010012844 6.8898e-05 -0.002204724 -0.008471066 -0.000748031 0.001178427 -0.005669291 -0.000748031 0.001318898 0.001535433 -0.000748031 0.001088273 -0.004690635 -0.000748031 -0.001088273 -0.004690635 0.001043307 0.002322835 -0.008231091 -0.000314642 0.002204724 0.004926618 -0.000748031 0.001178427 -0.007440945 0.001157931 -0.002204724 -0.009021541 -0.000866142 -0.001178427 -0.007440945 0.000885248 -0.002204724 -0.008376219 -0 -0.002204724 0.005433071 -0.000155372 -0.002204724 -0.009502303 -0 0.002322835 0.005433071 -0.000748031 0.000531496 0.002322835 -0.000584523 -0.002322835 0.004945347 -0.000584523 0.002204724 0.004945347 -0.000501099 0.002322835 0.005225509 0.000501099 -0.002204724 -0.010343619 -0.000501099 0.002204724 -0.010343619 0.000598196 -0.002204724 0.004867803 0.000598196 0.002322835 0.004867803 0.001246428 0.002204724 0.004405587 0.00114453 0.002322835 -0.009700188 0.00114453 -0.002204724 -0.009700188 -0.000155372 -0.002322835 0.004384193 -0.000654718 -0.002204724 -0.010113712 -0.000501099 -0.002322835 -0.010343619 0.001246428 -0.002322835 0.004405587 -0.000155372 0.002322835 0.005064626 -0.000501099 -0.002204724 0.005225509 -0.000866142 -0.000531496 0.002322835 0.000501099 0.002322835 -0.010343619 -0.000866142 0.002204724 0.004291338 -0.000602945 0.002204724 -0.010012844 0.000244928 0.002204724 0.004441747 0.000244928 -0.002322835 0.004441747 -0.000748031 0.000136382 -0.005669291 -0.000866142 -0.002204724 0.004291338 -0.000155372 0.002204724 -0.009502303 6.8898e-05 -0.002322835 -0.008300588 -0.000314642 0.002322835 0.004522201 -0.000866142 -0.002204724 -0.009409449 -7.874e-05 0.002204724 -0.010393701 0.000358865 -0.002322835 -0.009737147 -0.000748031 0.001088273 0.00209221 -7.874e-05 -0.002322835 -0.010393701 -0.000314642 -0.002204724 -0.010044728 -0.000314642 0.002322835 -0.010044728 0.000598196 -0.002322835 -0.010039775 0.000598196 0.002204724 -0.010039775 -0.000866142 -0.000136382 -0.005669291 -0.000748031 -0.001318898 -0.004133858 -0.000748031 -0.00125896 0.001836759 -0.000155372 -0.002204724 0.005064626 -0.000866142 0.001318898 -0.004133858 -0.000866142 0 -0.005433071 -0.000314642 0.002322835 -0.009640311 0.000358865 0.002322835 -0.009737147 5.3228e-05 -0.002322835 0.005094618 -0.000402716 -0.002204724 -0.009396605 0.000885248 -0.002204724 -0.008789136 -0.000374016 -0.002204724 -0.00984252 5.3228e-05 0.002322835 -0.010212729 5.3228e-05 0.002322835 0.005094618 0.001233482 0.002322835 -0.009144212 -0.000402716 0.002322835 -0.009396605 0.001043307 0.002322835 -0.008934263 -0.000374016 -0.002322835 0.00472441 0.000885248 0.002322835 -0.008376219 -0.000850318 0.00226378 -0.009409449 5.3228e-05 -0.002204724 -0.010212729 -0.000748031 0.001032692 -0.007493988 -0.000374016 0.002204724 0.00472441 0.000358865 0.002322835 0.004619037 -0.000708661 0.002322835 -0.00984252 0.000245236 0.002322835 -0.009396605 -0.000748031 0.001032692 -0.005722334 -0.000866142 -0.001032692 -0.007493988 -0.000708661 -0.002204724 -0.00984252 0.000358865 -0.002204724 0.004619037 0.000358865 0.002322835 -0.009947892 -0.000866142 -0.001032692 -0.005722334 0.000245236 -0.002204724 -0.009396605 7.3992e-05 0.002204724 0.005302521 7.3992e-05 -0.002322835 0.005302521 0.000397968 0.002204724 0.004251564 0.000397968 -0.002322835 0.004251564 -0.000708661 0.002322835 0.00472441 0.00114453 0.002204724 0.004582078 -0.000402716 -0.002204724 0.004278494 0.000358865 -0.002204724 -0.009947892 -0.000708661 -0.002204724 0.00472441 0.000135202 -0.002204724 -0.009191418 0.000463886 -0.002204724 0.004945347 0.000463886 0.002322835 0.004945347 -0.000402716 0.002204724 0.004278494 -0.000484834 -0.002322835 0.004962925 -0.000484834 0.002204724 0.004962925 0.000216535 -0.002204724 -0.008385827 -0.000748031 0.001437008 -0.005087776 -0.000866142 0.001437008 -0.005087776 -0.000748031 -0.001437008 -0.005087776 -0.000284606 -0.002204724 -0.009464796 -0.000284606 0.002322835 0.004210304 0.000363346 0.002204724 -0.009464796 0.000397968 -0.002204724 -0.009423535 -0.000249985 0.002204724 -0.009369674 -0.000484834 0.002322835 -0.010081035 -0.000484834 -0.002204724 -0.010081035 -0.000866142 0.001178427 -0.006850394 -0.000284606 -0.002204724 0.004210304 -0 0.002322835 -0.010551181 -0 -0.002204724 -0.010551181 0.001157931 -0.002322835 -0.008143814 0.00114453 -0.002322835 -0.009700188 0.00114453 0.002204724 -0.009700188 -0.000748031 -0.001178427 -0.006850394 -0.000602945 -0.002204724 -0.010012844 -0.000708661 -0.002322835 0.004291338 0.001157931 0.002322835 -0.008143814 -0.000748031 -5.3861e-05 -0.005738534 -0.000866142 0.001178427 -0.00507874 -0.000748031 0.002322835 0.004291338 0.001259843 0.002322835 -0.00928585 -0.000866142 0.000136382 -0.005669291 -0.000748031 -0.000531496 -0.00492126 -0.000484834 -0.002322835 0.004826543 -0.000484834 0.002204724 0.004826543 0.001043307 -0.002204724 -0.008934263 -0.000708661 -0.002204724 -0.009409449 0.001259843 -0.002322835 -0.007879505 0.000193508 -0.002322835 -0.009157755 0.00114453 -0.002322835 0.004582078 0.000397968 0.002322835 0.004305425 0.001259843 0.002204724 -0.007879505 0.000397968 -0.002204724 0.004305425 -0.000866142 0.000531496 -0.00492126 -0.000748031 0.00118778 -0.006903437 -0.000866142 -0.001137167 -0.006815772 0.001259843 -0.002204724 0.004303689 -0.000866142 -0.001137167 -0.005044119 -0.000748031 0.00118778 -0.005131783 0.001259843 0.002322835 0.004303689 0.001259843 -0.002204724 -0.00928585 -0.000748031 -0.001178427 -0.00507874 -0.000866142 -0.001137167 -0.00563467 -0.000708661 0.002322835 -0.009409449 -0.000866142 0.001178427 -0.005669291 -0.000537877 0.002322835 -0.0099353 0.000510531 0.002322835 0.00481719 0.000510531 -0.002204724 0.00481719 0.001246428 -0.002322835 -0.009523697 0.001246428 0.002204724 -0.009523697 -0.000866142 0.001178427 -0.007440945 0.000501099 -0.002204724 0.005225509 -0.000271193 0.002322835 -0.010497237 -0.000271193 -0.002204724 -0.010497237 0.000501099 0.002322835 0.005225509 -0.000866142 -0.001437008 -0.005087776 -0.000748031 -0.001178427 -0.005669291 6.8898e-05 -0.002204724 -0.008300588 -0.000866142 -0.001137167 -0.007406323 2.5621e-05 -0.002204724 -0.008352163 -0.000866142 -0.001318898 -0.004133858 -0.000866142 -0.001088273 -0.004690635 -0.000866142 0.000531496 0.002322835 -0.000748031 -0.000832822 0.002262897 -0.000748031 0.000832822 0.002262897 -0.000748031 0.001318898 -0.004133858 -0.000402716 0.002204724 -0.009396605 -0.000271193 0.002204724 0.005379127 0.000271193 -0.002204724 -0.010497237 -0.000374016 -0.002322835 -0.00984252 0.000244928 -0.002322835 -0.009559857 5.3228e-05 0.002204724 -0.009472311 -0.000284606 -0.002204724 -0.009328414 -0.000402716 -0.002322835 -0.009396605 -7.874e-05 -0.002322835 0.00527559 -7.874e-05 0.002204724 0.00527559 0.000598196 0.002322835 -0.009985913 0.000598196 -0.002204724 -0.009985913 0.000310303 0.002204724 0.004356039 0.000310303 -0.002322835 0.004356039 -0.000374016 0.002322835 -0.00984252 0.000826772 0.002322835 -0.008582677 -0.000155372 -0.002322835 -0.009502303 0.000885248 -0.002322835 -0.008376219 5.3228e-05 0.002204724 0.004354201 0.000271193 0.002204724 0.005379127 0.000271193 0.002204724 -0.010497237 -0.000271193 -0.002322835 0.005379127 5.3228e-05 -0.002322835 0.004354201 0.000271193 -0.002322835 0.005379127 -0.000748031 -0.001178427 -0.007440945 -0.000748031 0.000832822 -0.004861322 -0.000748031 -0.000832822 -0.004861322 -0.000748031 0.00125896 -0.004435184 -0.000866142 0.001318898 0.001535433 -0.000866142 -0.00125896 -0.004435184 -0.000866142 0.001088273 -0.004690635 -0.000748031 -0.001318898 0.001535433 -0.000866142 -0.001088273 0.00209221 -0.000866142 -0.00125896 0.001836759 -0.000748031 -0.000531496 0.002322835 7.3992e-05 0.002204724 -0.010420631 7.3992e-05 -0.002322835 -0.010420631 0.000885248 0.002204724 -0.008789136 0.000885248 -0.002322835 -0.008789136 0.000885248 0.002204724 -0.008376219 0.000358865 0.002204724 -0.009737147 -0.000155372 -0.002322835 0.005064626 5.3228e-05 -0.002204724 -0.009472311 -0.000155372 0.002322835 0.004384193 0.000244928 0.002322835 -0.010125182 -0 -0.002322835 0.005433071 -0.000501099 0.002204724 0.005225509 0.001043307 -0.002204724 -0.008231091 -0.000866142 0.000101226 -0.005469914 -0.000748031 -0.000101226 -0.005469914 0.000510531 -0.002322835 0.004972278 0.000510531 0.002204724 0.004972278 0.000510531 0.002322835 -0.010090388 0.000510531 -0.002204724 -0.010090388 0.000510531 -0.002322835 -0.0099353 0.000510531 0.002204724 -0.0099353 -0.000537877 -0.002204724 0.004972278 -0.000537877 0.002322835 0.004972278 -0.000155372 -0.002204724 0.004384193 0.000244928 -0.002204724 -0.010125182 0.000826772 -0.002204724 -0.008582677 0.000358865 -0.002204724 -0.009737147 -0.000314642 -0.002204724 -0.009640311 0.001043307 0.002204724 -0.008231091 -0.000314642 0.002204724 -0.009640311 0.000244928 0.002204724 -0.009559857 -0.000155372 0.002204724 0.005064626 -0.000748031 0.00125896 0.001836759 -0.000866142 0.001088273 0.00209221 -0.000654718 -0.002322835 0.004995603 6.8898e-05 -0.002204724 -0.00900925 6.8898e-05 -0.002322835 -0.009179727 -0 0.002204724 0.005433071 -0.000501099 -0.002322835 0.005225509 -0.000501099 0.002322835 -0.010343619 -0.000501099 -0.002204724 -0.010343619 -0.000654718 -0.002322835 -0.010113712 0.000501099 0.002204724 -0.010343619 0.000501099 -0.002322835 -0.010343619 -0.000654718 0.002204724 -0.010113712 -0.000654718 0.002204724 0.004995603 0.000358865 -0.002322835 0.004619037 0.000358865 0.002204724 -0.009947892 -0.000374016 0.002322835 0.00472441 0.000244928 0.002322835 0.005007071 -0.000155372 0.002322835 -0.010182736 -0.000155372 -0.002204724 -0.010182736 0.000358865 -0.002322835 0.004829782 -0.000314642 0.002204724 -0.010044728 -0.000314642 -0.002322835 -0.010044728 -0.000314642 0.002204724 0.004522201 0.000310303 0.002204724 -0.009319061 -0.000284606 0.002322835 -0.009328414 0.000245236 0.002322835 0.004278494 0.000310303 0.002322835 -0.009474149 0.000363346 -0.002322835 -0.009464796 0.000245236 -0.002204724 0.004278494 0.000310303 -0.002204724 -0.009474149 -0.000537877 -0.002204724 -0.0099353 0.001259843 0.002322835 -0.007879505 -0.000866142 0.001042045 -0.005669291 -0.000866142 0.001110236 -0.006968504 0.001157931 0.002322835 -0.009021541 -0.000654718 0.002322835 -0.010113712 -0.000654718 0.002322835 0.004995603 0.001157931 0.002204724 -0.009021541 0.000563574 -0.002322835 0.004826543 0.000563574 0.002204724 0.004826543 -0.000866142 0.001042045 -0.007440945 -0.000155372 0.002322835 -0.009502303 0.000244928 0.002322835 0.004441747 0.000358865 0.002322835 0.004829782 0.000244928 -0.002204724 0.004441747 -0.000374016 -0.002204724 0.00472441 -0.000314642 0.002322835 0.004926618 0.000244928 -0.002322835 0.005007071 0.000358865 0.002204724 0.004619037 0.000358865 -0.002322835 -0.009947892 -0.000314642 -0.002322835 0.004522201 -0.000314642 -0.002322835 0.004926618 -0.000337649 -0.002322835 0.004200951 -0.000337649 0.002204724 0.004200951 -0.000654718 -0.002204724 0.004995603 -0 0.002204724 -0.010551181 -0.000484834 0.002204724 -0.009944654 -0.000484834 -0.002322835 -0.009944654 -0.000748031 -0.001110236 -0.006968504 0.001233482 -0.002204724 -0.009144212 -0.000284606 0.002204724 0.004346685 -0.000284606 -0.002322835 0.004346685 -0.000708661 -0.002322835 0.00472441 -0.000748031 0.001110236 -0.007559055 5.3228e-05 0.002204724 0.005094618 5.3228e-05 0.002204724 -0.010212729 0.00114453 -0.002204724 0.004582078 0.00114453 0.002322835 0.004582078 0.001259843 -0.002204724 -0.007879505 0.000363346 0.002322835 -0.009328414 0.001157931 -0.002322835 -0.009021541 0.001157931 0.002204724 -0.008143814 0.001043307 -0.002322835 -0.008934263 0.001043307 0.002204724 -0.008934263 0.000397968 0.002204724 -0.009369674 0.000310303 -0.002322835 -0.009319061 -0.000748031 -0.001042045 -0.005669291 -0.000866142 -5.3861e-05 -0.005738534 -0.000748031 -0.001042045 -0.007440945 -0.000249985 -0.002204724 0.004305425 -0.000249985 0.002322835 0.004305425 -0.000748031 0.001110236 -0.005787402 -0.000748031 0.001137167 -0.006815772 -0.000450213 0.002322835 -0.009985913 -0.000450213 -0.002204724 -0.009985913 -0.000748031 0.001137167 -0.005044119 -0.000748031 5.3861e-05 -0.005738534 0.000363346 -0.002204724 -0.009328414 -0.000708661 0.002204724 0.00472441 -0.000866142 0.001110236 -0.00519685 0.001157931 -0.002204724 -0.008143814 5.3228e-05 -0.002204724 0.005094618 5.3228e-05 -0.002322835 -0.010212729 -0 -0.002322835 -0.010551181 6.8898e-05 -0.002322835 -0.00900925 -0.000866142 -0.00118778 -0.006903437 -0.000748031 0.000101226 -0.005469914 0.001207097 0.002322835 -0.009618649 0.001207097 -0.002204724 -0.009618649 -0.000866142 -0.000155088 -0.005563205 0.001207097 -0.002322835 -0.009618649 0.001207097 0.002204724 -0.009618649 -0.000866142 -0.00118778 -0.005131783 0.000135202 -0.002204724 -0.008482757 -0.000748031 -0.000155088 -0.005563205 0.000135202 -0.002322835 -0.008288897 0.001233482 0.002204724 -0.008021143 -0.000866142 -0.000101226 -0.005469914 0.001259843 0.002204724 -0.00928585 0.001259843 -0.002322835 -0.00928585 -0.000748031 0.000155088 -0.005563205 6.8898e-05 -0.002322835 -0.008471066 -0.000866142 -0.001110236 -0.005787402 -0.000807087 -0.002307011 0.004291338 -0.000866142 0.000155088 -0.005563205 -0.000866142 -0.001110236 -0.007559055 0.001207097 -0.002322835 0.00450054 0.001207097 0.002204724 0.00450054 0.001259843 -0.002322835 -0.0094218 0.001259843 0.002204724 -0.0094218 -0.000866142 0.002204724 -0.009409449 0.001246428 0.002322835 0.004405587 0.001246428 -0.002204724 0.004405587 -0.000748031 -0.001032692 -0.005131783 0.001259843 0.002322835 -0.0094218 0.001259843 -0.002204724 -0.0094218 0.000193508 -0.002204724 -0.00832256 -0.000866142 0.001110236 -0.005787402 6.8898e-05 -0.002204724 -0.009179727 -0.000708661 0.002204724 -0.00984252 0.001233482 -0.002322835 -0.008021143 -0.000708661 -0.002322835 -0.00984252 2.5621e-05 -0.002322835 -0.009128152 -0.000748031 -0.001110236 -0.005787402 0.001259843 0.002204724 0.004303689 -0.000748031 -0.001110236 -0.007559055 0.001259843 -0.002322835 0.004303689 0.000463886 0.002322835 -0.009962231 0.000463886 -0.002204724 -0.009962231 0.000193508 -0.002322835 -0.008449093 -0.000602945 0.002204724 0.004894734 -0.000602945 -0.002322835 0.004894734 -0.000866142 0.001110236 -0.007559055 0.000216535 -0.002322835 -0.009094488 -7.874e-05 0.002322835 -0.010393701 -7.874e-05 -0.002204724 -0.010393701 -0.000284606 0.002322835 -0.009464796 -0.000249985 -0.002204724 -0.009423535 -0.000748031 0.001137167 -0.00563467 -0.000748031 0.001137167 -0.007406323 -0.000584523 0.002204724 -0.009962231 -0.000584523 -0.002322835 -0.009962231 -0.000748031 0.001059623 -0.006950082 -0.000284606 0.002204724 -0.009464796 -0.000284606 -0.002322835 -0.009464796 -0.000484834 -0.002204724 0.004826543 -0.000484834 0.002322835 0.004826543 -0.000384295 0.002322835 0.004227881 0.000445464 -0.002204724 0.004894734 0.000445464 0.002322835 0.004894734 -0.000384295 -0.002204724 0.004227881 -0.000850318 -0.00226378 -0.009409449 -0.000850318 0.00226378 0.004291338 -0.000866142 0.001059623 -0.005178429 0.000263658 0.002204724 -0.009447218 0.000463886 -0.002322835 -0.009962231 0.000463886 0.002204724 -0.009962231 -0.000284606 0.002204724 -0.009328414 -0.000748031 -0.001110236 -0.00519685 -0.000748031 0.001059623 -0.005178429 -0.000866142 -0.001059623 -0.006950082 -0.000384295 -0.002204724 -0.009447218 -0.000384295 0.002322835 -0.009447218 -0.000748031 -0.001059623 -0.006950082 0.000263658 0.002322835 -0.009447218 0.000245236 -0.002322835 0.004278494 0.000245236 0.002204724 0.004278494 -7.874e-05 -0.002204724 0.00527559 -7.874e-05 0.002322835 0.00527559 2.5621e-05 -0.002322835 -0.008352163 2.5621e-05 -0.002204724 -0.009060824 2.5621e-05 -0.002204724 -0.00841949 -0.000866142 0.001059623 -0.006950082 0.000245236 -0.002322835 -0.009396605 0.000263658 0.002322835 0.004227881 -0.000284606 -0.002322835 -0.009328414 0.000263658 -0.002204724 0.004227881 0.000463886 0.002204724 0.004945347 0.000463886 -0.002322835 0.004945347 -0.000866142 -0.001059623 -0.005178429 0.000263658 -0.002204724 -0.009447218 -0.000748031 0.001437008 0.002392539 -0.000748031 -0.001437008 0.002392539 5.9055e-05 -0.002204724 -0.008582677 5.9055e-05 -0.002204724 -0.008897637 -0.000866142 0.001437008 0.002392539 5.9055e-05 -0.002322835 -0.008897637 -0.000866142 -0.001437008 0.002392539 5.9055e-05 -0.002322835 -0.008582677</float_array>
          <technique_common>
            <accessor source="#FBXASC227FBXASC130FBXASC189FBXASC227FBXASC131FBXASC170FBXASC227FBXASC131FBXASC131FBXASC227FBXASC131FBXASC1371-POSITION-array" count="548" stride="3">
              <param name="X" type="float"/>
              <param name="Y" type="float"/>
              <param name="Z" type="float"/>
            </accessor>
          </technique_common>
        </source>
        <source id="FBXASC227FBXASC130FBXASC189FBXASC227FBXASC131FBXASC170FBXASC227FBXASC131FBXASC131FBXASC227FBXASC131FBXASC1371-Normal0">
          <float_array id="FBXASC227FBXASC130FBXASC189FBXASC227FBXASC131FBXASC170FBXASC227FBXASC131FBXASC131FBXASC227FBXASC131FBXASC1371-Normal0-array" count="11106">
-2.540000 0.000000 0.000000
-2.540000 0.000000 0.000000
-2.540000 0.000000 0.000000
2.540000 0.000000 0.000000
2.540000 0.000000 0.000000
2.540000 0.000000 0.000000
-2.540000 0.000000 0.000000
-2.540000 0.000000 0.000000
-2.540000 0.000000 0.000000
2.540000 0.000000 0.000000
2.540000 0.000000 0.000000
2.540000 0.000000 0.000000
-2.540000 -0.000000 0.000000
-2.540000 0.000000 0.000000
-2.540000 -0.000000 0.000000
-2.540000 -0.000000 0.000000
-2.540000 0.000000 0.000000
-2.540000 0.000000 0.000000
2.540000 0.000000 0.000000
2.540000 0.000000 0.000000
2.540000 0.000000 0.000000
2.540000 0.000000 0.000000
2.540000 0.000000 0.000000
2.540000 0.000000 0.000000
-2.540000 -0.000000 0.000000
-2.540000 0.000000 0.000000
-2.540000 0.000000 0.000000
2.540000 0.000000 0.000000
2.540000 0.000000 0.000000
2.540000 0.000000 0.000000
2.540000 0.000000 0.000000
2.540000 0.000000 0.000000
2.540000 0.000000 0.000000
-2.540000 0.000000 0.000000
-2.540000 0.000000 0.000000
-2.540000 -0.000000 0.000000
2.540000 0.000000 0.000000
2.540000 0.000000 0.000000
2.540000 0.000000 0.000000
-2.540000 0.000000 0.000000
-2.540000 0.000000 0.000000
-2.540000 -0.000000 0.000000
0.000000 -2.540000 0.000000
0.000000 -2.540000 0.000000
0.000000 -2.540000 0.000000
0.000000 2.540000 0.000000
0.000000 2.540000 0.000000
0.000000 2.540000 0.000000
0.000000 -2.540000 0.000000
0.000000 -2.540000 0.000000
0.000000 -2.540000 0.000000
0.000000 2.540000 0.000000
0.000000 2.540000 0.000000
0.000000 2.540000 0.000000
0.000000 2.540000 0.000000
0.000000 2.540000 0.000000
0.000000 2.540000 0.000000
0.000000 -2.540000 0.000000
0.000000 -2.540000 0.000000
0.000000 -2.540000 0.000000
0.000000 2.540000 0.000000
0.000000 2.540000 0.000000
0.000000 2.540000 0.000000
0.000000 -2.540000 0.000000
0.000000 -2.540000 0.000000
0.000000 -2.540000 0.000000
0.000000 2.540000 0.000000
0.000000 2.540000 0.000000
0.000000 2.540000 0.000000
0.000000 -2.540000 0.000000
0.000000 -2.540000 0.000000
0.000000 -2.540000 0.000000
-2.540000 0.000000 0.000000
-2.540000 0.000000 0.000000
-2.540000 0.000000 0.000000
-2.540000 0.000000 0.000000
-2.540000 0.000000 0.000000
-2.540000 0.000000 0.000000
2.540000 0.000000 0.000000
2.540000 0.000000 0.000000
2.540000 0.000000 0.000000
2.540000 0.000000 0.000000
2.540000 0.000000 0.000000
2.540000 0.000000 0.000000
-2.540000 0.000000 0.000000
-2.540000 0.000000 0.000000
-2.540000 0.000000 0.000000
2.540000 0.000000 0.000000
2.540000 0.000000 0.000000
2.540000 0.000000 0.000000
-2.540000 -0.000000 0.000000
-2.540000 0.000000 0.000000
-2.540000 0.000000 0.000000
2.540000 0.000000 0.000000
2.540000 0.000000 0.000000
2.540000 0.000000 0.000000
0.000000 -2.540000 0.000000
0.000000 -2.540000 0.000000
0.000000 -2.540000 0.000000
0.000000 2.540000 0.000000
0.000000 2.540000 0.000000
0.000000 2.540000 0.000000
0.000000 2.540000 0.000000
0.000000 2.540000 0.000000
0.000000 2.540000 0.000000
0.000000 -2.540000 0.000000
0.000000 -2.540000 0.000000
0.000000 -2.540000 0.000000
0.000000 -2.540000 0.000000
0.000000 -2.540000 0.000000
0.000000 -2.540000 0.000000
0.000000 2.540000 0.000000
0.000000 2.540000 0.000000
0.000000 2.540000 0.000000
-2.540000 0.000000 0.000000
-2.540000 0.000000 0.000000
-2.540000 0.000000 0.000000
2.540000 0.000000 0.000000
2.540000 0.000000 0.000000
2.540000 0.000000 0.000000
2.540000 0.000000 0.000000
2.540000 0.000000 0.000000
2.540000 0.000000 0.000000
-2.540000 0.000000 0.000000
-2.540000 0.000000 0.000000
-2.540000 0.000000 0.000000
2.540000 0.000000 0.000000
2.540000 0.000000 0.000000
2.540000 0.000000 0.000000
-2.540000 -0.000000 0.000000
-2.540000 0.000000 0.000000
-2.540000 0.000000 0.000000
0.000000 2.540000 0.000000
0.000000 2.540000 0.000000
0.000000 2.540000 0.000000
0.000000 -2.540000 0.000000
0.000000 -2.540000 0.000000
0.000000 -2.540000 0.000000
0.000000 -2.540000 0.000000
0.000000 -2.540000 0.000000
0.000000 -2.540000 0.000000
0.000000 2.540000 0.000000
0.000000 2.540000 0.000000
0.000000 2.540000 0.000000
0.000000 -2.540000 0.000000
0.000000 -2.540000 0.000000
0.000000 -2.540000 0.000000
0.000000 2.540000 0.000000
0.000000 2.540000 0.000000
0.000000 2.540000 0.000000
0.000000 -2.540000 0.000000
0.000000 -2.540000 0.000000
0.000000 -2.540000 0.000000
0.000000 2.540000 0.000000
0.000000 2.540000 0.000000
0.000000 2.540000 0.000000
0.000000 -2.540000 0.000000
0.000000 -2.540000 0.000000
0.000000 -2.540000 0.000000
0.000000 2.540000 0.000000
0.000000 2.540000 0.000000
0.000000 2.540000 0.000000
2.540000 0.000000 0.000000
2.540000 0.000000 0.000000
2.540000 0.000000 0.000000
-2.540000 0.000000 0.000000
-2.540000 0.000000 0.000000
-2.540000 0.000000 0.000000
0.000000 2.540000 0.000000
0.000000 2.540000 0.000000
0.000000 2.540000 0.000000
0.000000 -2.540000 0.000000
0.000000 -2.540000 0.000000
0.000000 -2.540000 0.000000
0.000000 2.540000 0.000000
0.000000 2.540000 0.000000
0.000000 2.540000 0.000000
0.000000 -2.540000 0.000000
0.000000 -2.540000 0.000000
0.000000 -2.540000 0.000000
0.000000 2.540000 0.000000
0.000000 2.540000 0.000000
0.000000 2.540000 0.000000
0.000000 -2.540000 0.000000
0.000000 -2.540000 0.000000
0.000000 -2.540000 0.000000
-2.540000 0.000000 0.000000
-2.540000 0.000000 0.000000
-2.540000 0.000000 0.000000
2.540000 0.000000 0.000000
2.540000 0.000000 0.000000
2.540000 0.000000 0.000000
2.540000 0.000000 0.000000
2.540000 0.000000 0.000000
2.540000 0.000000 0.000000
-2.540000 0.000000 0.000000
-2.540000 0.000000 0.000000
-2.540000 0.000000 0.000000
-2.540000 0.000000 0.000000
-2.540000 0.000000 0.000000
-2.540000 0.000000 0.000000
2.540000 0.000000 0.000000
2.540000 0.000000 0.000000
2.540000 0.000000 0.000000
0.000000 -2.540000 0.000000
0.000000 -2.540000 0.000000
0.000000 -2.540000 0.000000
0.000000 2.540000 0.000000
0.000000 2.540000 0.000000
0.000000 2.540000 0.000000
0.000000 -2.540000 0.000000
0.000000 -2.540000 0.000000
0.000000 -2.540000 0.000000
0.000000 2.540000 0.000000
0.000000 2.540000 0.000000
0.000000 2.540000 0.000000
2.540000 0.000000 0.000000
2.540000 0.000000 0.000000
2.540000 0.000000 0.000000
-2.540000 0.000000 0.000000
-2.540000 0.000000 0.000000
-2.540000 -0.000000 0.000000
2.540000 0.000000 0.000000
2.540000 0.000000 0.000000
2.540000 0.000000 0.000000
-2.540000 0.000000 0.000000
-2.540000 0.000000 0.000000
-2.540000 0.000000 0.000000
0.000000 2.540000 0.000000
0.000000 2.540000 0.000000
0.000000 2.540000 0.000000
0.000000 -2.540000 0.000000
0.000000 -2.540000 0.000000
0.000000 -2.540000 0.000000
0.000000 -2.540000 0.000000
0.000000 -2.540000 0.000000
0.000000 -2.540000 0.000000
0.000000 2.540000 0.000000
0.000000 2.540000 0.000000
0.000000 2.540000 0.000000
0.000000 2.540000 0.000000
0.000000 2.540000 0.000000
0.000000 2.540000 0.000000
0.000000 -2.540000 0.000000
0.000000 -2.540000 0.000000
0.000000 -2.540000 0.000000
0.000000 2.540000 0.000000
0.000000 2.540000 0.000000
0.000000 2.540000 0.000000
0.000000 -2.540000 0.000000
0.000000 -2.540000 0.000000
0.000000 -2.540000 0.000000
0.000000 -2.540000 0.000000
0.000000 -2.540000 0.000000
0.000000 -2.540000 0.000000
0.000000 -2.540000 0.000000
0.000000 -2.540000 0.000000
0.000000 -2.540000 0.000000
0.000000 2.540000 0.000000
0.000000 2.540000 0.000000
0.000000 2.540000 0.000000
0.000000 2.540000 0.000000
0.000000 2.540000 0.000000
0.000000 2.540000 0.000000
0.000000 2.540000 0.000000
0.000000 2.540000 0.000000
0.000000 2.540000 0.000000
0.000000 -2.540000 0.000000
0.000000 -2.540000 0.000000
0.000000 -2.540000 0.000000
0.000000 2.540000 0.000000
0.000000 2.540000 0.000000
0.000000 2.540000 0.000000
0.000000 -2.540000 0.000000
0.000000 -2.540000 0.000000
0.000000 -2.540000 0.000000
0.000000 2.540000 0.000000
0.000000 2.540000 0.000000
0.000000 2.540000 0.000000
0.000000 -2.540000 0.000000
0.000000 -2.540000 0.000000
0.000000 -2.540000 0.000000
0.000000 -2.540000 0.000000
0.000000 -2.540000 0.000000
0.000000 -2.540000 0.000000
0.000000 2.540000 0.000000
0.000000 2.540000 0.000000
0.000000 2.540000 0.000000
-2.540000 -0.000000 0.000000
-2.540000 0.000000 0.000000
-2.540000 0.000000 0.000000
-2.540000 0.000000 0.000000
-2.540000 0.000000 0.000000
-2.540000 0.000000 0.000000
0.000000 2.540000 0.000000
0.000000 2.540000 0.000000
0.000000 2.540000 0.000000
0.000000 2.540000 0.000000
0.000000 2.540000 0.000000
0.000000 2.540000 0.000000
0.000000 -2.540000 0.000000
0.000000 -2.540000 0.000000
0.000000 -2.540000 0.000000
0.000000 -2.540000 0.000000
0.000000 -2.540000 0.000000
0.000000 -2.540000 0.000000
2.540000 0.000000 0.000000
2.540000 0.000000 0.000000
2.540000 0.000000 0.000000
2.540000 0.000000 0.000000
2.540000 0.000000 0.000000
2.540000 0.000000 0.000000
0.000000 2.540000 0.000000
0.000000 2.540000 0.000000
0.000000 2.540000 0.000000
0.000000 -2.540000 0.000000
0.000000 -2.540000 0.000000
0.000000 -2.540000 0.000000
-2.540000 0.000000 0.000000
-2.540000 0.000000 0.000000
-2.540000 0.000000 0.000000
2.540000 0.000000 0.000000
2.540000 0.000000 0.000000
2.540000 0.000000 0.000000
2.540000 0.000000 0.000000
2.540000 0.000000 0.000000
2.540000 0.000000 0.000000
-2.540000 0.000000 0.000000
-2.540000 0.000000 0.000000
-2.540000 0.000000 0.000000
2.540000 0.000000 0.000000
2.540000 0.000000 0.000000
2.540000 0.000000 0.000000
-2.540000 0.000000 0.000000
-2.540000 0.000000 0.000000
-2.540000 0.000000 0.000000
0.000000 2.540000 0.000000
0.000000 2.540000 0.000000
0.000000 2.540000 0.000000
0.000000 2.540000 0.000000
0.000000 2.540000 0.000000
0.000000 2.540000 0.000000
0.000000 -2.540000 0.000000
0.000000 -2.540000 0.000000
0.000000 -2.540000 0.000000
0.000000 -2.540000 0.000000
0.000000 -2.540000 0.000000
0.000000 -2.540000 0.000000
0.000000 -2.540000 0.000000
0.000000 -2.540000 0.000000
0.000000 -2.540000 0.000000
0.000000 2.540000 0.000000
0.000000 2.540000 0.000000
0.000000 2.540000 0.000000
0.000000 -2.540000 0.000000
0.000000 -2.540000 0.000000
0.000000 -2.540000 0.000000
0.000000 2.540000 0.000000
0.000000 2.540000 0.000000
0.000000 2.540000 0.000000
2.540000 0.000000 0.000000
2.540000 0.000000 0.000000
2.540000 0.000000 0.000000
-2.540000 0.000000 0.000000
-2.540000 0.000000 0.000000
-2.540000 0.000000 0.000000
0.000000 2.540000 0.000000
0.000000 2.540000 0.000000
0.000000 2.540000 0.000000
0.000000 -2.540000 0.000000
0.000000 -2.540000 0.000000
0.000000 -2.540000 0.000000
2.540000 0.000000 0.000000
2.540000 0.000000 0.000000
2.540000 0.000000 0.000000
2.540000 0.000000 0.000000
2.540000 0.000000 0.000000
2.540000 0.000000 0.000000
2.540000 0.000000 0.000000
2.540000 0.000000 0.000000
2.540000 0.000000 0.000000
2.540000 0.000000 0.000000
2.540000 0.000000 0.000000
2.540000 0.000000 0.000000
0.000000 -2.540000 0.000000
0.000000 -2.540000 0.000000
0.000000 -2.540000 0.000000
0.000000 2.540000 0.000000
0.000000 2.540000 0.000000
0.000000 2.540000 0.000000
0.000000 2.540000 0.000000
0.000000 2.540000 0.000000
0.000000 2.540000 0.000000
0.000000 -2.540000 0.000000
0.000000 -2.540000 0.000000
0.000000 -2.540000 0.000000
0.000000 2.540000 0.000000
0.000000 2.540000 0.000000
0.000000 2.540000 0.000000
0.000000 -2.540000 0.000000
0.000000 -2.540000 0.000000
0.000000 -2.540000 0.000000
-2.540000 0.000000 0.000000
-2.540000 0.000000 0.000000
-2.540000 0.000000 0.000000
-2.540000 0.000000 0.000000
-2.540000 0.000000 0.000000
-2.540000 0.000000 0.000000
0.000000 -2.540000 0.000000
0.000000 -2.540000 0.000000
0.000000 -2.540000 0.000000
0.000000 2.540000 0.000000
0.000000 2.540000 0.000000
0.000000 2.540000 0.000000
0.000000 2.540000 0.000000
0.000000 2.540000 0.000000
0.000000 2.540000 0.000000
0.000000 -2.540000 0.000000
0.000000 -2.540000 0.000000
0.000000 -2.540000 0.000000
0.000000 2.540000 0.000000
0.000000 2.540000 0.000000
0.000000 2.540000 0.000000
0.000000 -2.540000 0.000000
0.000000 -2.540000 0.000000
0.000000 -2.540000 0.000000
-2.540000 0.000000 0.000000
-2.540000 0.000000 0.000000
-2.540000 0.000000 0.000000
-2.540000 0.000000 0.000000
-2.540000 0.000000 0.000000
-2.540000 0.000000 0.000000
0.000000 -2.540000 0.000000
0.000000 -2.540000 0.000000
0.000000 -2.540000 0.000000
0.000000 2.540000 0.000000
0.000000 2.540000 0.000000
0.000000 2.540000 0.000000
0.000000 2.540000 0.000000
0.000000 2.540000 0.000000
0.000000 2.540000 0.000000
0.000000 2.540000 0.000000
0.000000 2.540000 0.000000
0.000000 2.540000 0.000000
0.000000 -2.540000 0.000000
0.000000 -2.540000 0.000000
0.000000 -2.540000 0.000000
0.000000 -2.540000 0.000000
0.000000 -2.540000 0.000000
0.000000 -2.540000 0.000000
0.000000 2.540000 0.000000
0.000000 2.540000 0.000000
0.000000 2.540000 0.000000
0.000000 -2.540000 0.000000
0.000000 -2.540000 0.000000
0.000000 -2.540000 0.000000
0.000000 2.540000 0.000000
0.000000 2.540000 0.000000
0.000000 2.540000 0.000000
0.000000 -2.540000 0.000000
0.000000 -2.540000 0.000000
0.000000 -2.540000 0.000000
-2.540000 0.000000 0.000000
-2.540000 0.000000 0.000000
-2.540000 0.000000 0.000000
2.540000 0.000000 0.000000
2.540000 0.000000 0.000000
2.540000 0.000000 0.000000
2.540000 0.000000 0.000000
2.540000 0.000000 0.000000
2.540000 0.000000 0.000000
-2.540000 0.000000 0.000000
-2.540000 0.000000 0.000000
-2.540000 0.000000 0.000000
0.000000 2.540000 0.000000
0.000000 2.540000 0.000000
0.000000 2.540000 0.000000
0.000000 -2.540000 0.000000
0.000000 -2.540000 0.000000
0.000000 -2.540000 0.000000
0.000000 2.540000 0.000000
0.000000 2.540000 0.000000
0.000000 2.540000 0.000000
0.000000 -2.540000 0.000000
0.000000 -2.540000 0.000000
0.000000 -2.540000 0.000000
0.000000 -2.540000 0.000000
0.000000 -2.540000 0.000000
0.000000 -2.540000 0.000000
0.000000 2.540000 0.000000
0.000000 2.540000 0.000000
0.000000 2.540000 0.000000
0.000000 -2.540000 0.000000
0.000000 -2.540000 0.000000
0.000000 -2.540000 0.000000
0.000000 2.540000 0.000000
0.000000 2.540000 0.000000
0.000000 2.540000 0.000000
0.000000 2.540000 0.000000
0.000000 2.540000 0.000000
0.000000 2.540000 0.000000
0.000000 -2.540000 0.000000
0.000000 -2.540000 0.000000
0.000000 -2.540000 0.000000
0.000000 2.540000 0.000000
0.000000 2.540000 0.000000
0.000000 2.540000 0.000000
0.000000 -2.540000 0.000000
0.000000 -2.540000 0.000000
0.000000 -2.540000 0.000000
2.540000 0.000000 0.000000
2.540000 0.000000 0.000000
2.540000 0.000000 0.000000
2.540000 0.000000 0.000000
2.540000 0.000000 0.000000
2.540000 0.000000 0.000000
0.000000 -2.540000 0.000000
0.000000 -2.540000 0.000000
0.000000 -2.540000 0.000000
0.000000 2.540000 0.000000
0.000000 2.540000 0.000000
0.000000 2.540000 0.000000
0.000000 -2.540000 0.000000
0.000000 -2.540000 0.000000
0.000000 -2.540000 0.000000
0.000000 2.540000 0.000000
0.000000 2.540000 0.000000
0.000000 2.540000 0.000000
0.000000 2.540000 0.000000
0.000000 2.540000 0.000000
0.000000 2.540000 0.000000
0.000000 2.540000 0.000000
0.000000 2.540000 0.000000
0.000000 2.540000 0.000000
0.000000 -2.540000 0.000000
0.000000 -2.540000 0.000000
0.000000 -2.540000 0.000000
0.000000 -2.540000 0.000000
0.000000 -2.540000 0.000000
0.000000 -2.540000 0.000000
-2.540000 0.000000 0.000000
-2.540000 0.000000 0.000000
-2.540000 0.000000 0.000000
-2.540000 0.000000 0.000000
-2.540000 0.000000 0.000000
-2.540000 0.000000 0.000000
0.000000 -2.540000 0.000000
0.000000 -2.540000 0.000000
0.000000 -2.540000 0.000000
0.000000 2.540000 0.000000
0.000000 2.540000 0.000000
0.000000 2.540000 0.000000
0.000000 -2.540000 0.000000
0.000000 -2.540000 0.000000
0.000000 -2.540000 0.000000
0.000000 2.540000 0.000000
0.000000 2.540000 0.000000
0.000000 2.540000 0.000000
0.000000 2.540000 0.000000
0.000000 2.540000 0.000000
0.000000 2.540000 0.000000
0.000000 -2.540000 0.000000
0.000000 -2.540000 0.000000
0.000000 -2.540000 0.000000
0.000000 -2.540000 0.000000
0.000000 -2.540000 0.000000
0.000000 -2.540000 0.000000
0.000000 -2.540000 0.000000
0.000000 -2.540000 0.000000
0.000000 -2.540000 0.000000
0.000000 2.540000 0.000000
0.000000 2.540000 0.000000
0.000000 2.540000 0.000000
0.000000 2.540000 0.000000
0.000000 2.540000 0.000000
0.000000 2.540000 0.000000
0.000000 2.540000 0.000000
0.000000 2.540000 0.000000
0.000000 2.540000 0.000000
0.000000 -2.540000 0.000000
0.000000 -2.540000 0.000000
0.000000 -2.540000 0.000000
0.000000 2.540000 0.000000
0.000000 2.540000 0.000000
0.000000 2.540000 0.000000
0.000000 -2.540000 0.000000
0.000000 -2.540000 0.000000
0.000000 -2.540000 0.000000
2.540000 0.000000 0.000000
2.540000 0.000000 0.000000
2.540000 0.000000 0.000000
-2.540000 0.000000 0.000000
-2.540000 0.000000 0.000000
-2.540000 0.000000 0.000000
0.000000 -2.540000 0.000000
0.000000 -2.540000 0.000000
0.000000 -2.540000 0.000000
0.000000 2.540000 0.000000
0.000000 2.540000 0.000000
0.000000 2.540000 0.000000
-2.540000 0.000000 0.000000
-2.540000 0.000000 0.000000
-2.540000 0.000000 0.000000
2.540000 0.000000 0.000000
2.540000 0.000000 0.000000
2.540000 0.000000 0.000000
0.000000 2.540000 0.000000
0.000000 2.540000 0.000000
0.000000 2.540000 0.000000
0.000000 2.540000 0.000000
0.000000 2.540000 0.000000
0.000000 2.540000 0.000000
0.000000 2.540000 0.000000
0.000000 2.540000 0.000000
0.000000 2.540000 0.000000
0.000000 2.540000 0.000000
0.000000 2.540000 0.000000
0.000000 2.540000 0.000000
0.000000 2.540000 0.000000
0.000000 2.540000 0.000000
0.000000 2.540000 0.000000
0.000000 -2.540000 0.000000
0.000000 -2.540000 0.000000
0.000000 -2.540000 0.000000
0.000000 2.540000 0.000000
0.000000 2.540000 0.000000
0.000000 2.540000 0.000000
0.000000 -2.540000 0.000000
0.000000 -2.540000 0.000000
0.000000 -2.540000 0.000000
2.540000 0.000000 0.000000
2.540000 0.000000 0.000000
2.540000 0.000000 0.000000
-2.540000 0.000000 0.000000
-2.540000 0.000000 0.000000
-2.540000 0.000000 0.000000
2.540000 0.000000 0.000000
2.540000 0.000000 0.000000
2.540000 0.000000 0.000000
-2.540000 0.000000 0.000000
-2.540000 0.000000 0.000000
-2.540000 0.000000 0.000000
0.000000 2.540000 0.000000
0.000000 2.540000 0.000000
0.000000 2.540000 0.000000
0.000000 -2.540000 0.000000
0.000000 -2.540000 0.000000
0.000000 -2.540000 0.000000
0.000000 -2.540000 0.000000
0.000000 -2.540000 0.000000
0.000000 -2.540000 0.000000
0.000000 -2.540000 0.000000
0.000000 -2.540000 0.000000
0.000000 -2.540000 0.000000
0.000000 -2.540000 0.000000
0.000000 -2.540000 0.000000
0.000000 -2.540000 0.000000
0.000000 -2.540000 0.000000
0.000000 -2.540000 0.000000
0.000000 -2.540000 0.000000
0.000000 -2.540000 0.000000
0.000000 -2.540000 0.000000
0.000000 -2.540000 0.000000
0.000000 2.540000 0.000000
0.000000 2.540000 0.000000
0.000000 2.540000 0.000000
0.000000 2.540000 0.000000
0.000000 2.540000 0.000000
0.000000 2.540000 0.000000
0.000000 -2.540000 0.000000
0.000000 -2.540000 0.000000
0.000000 -2.540000 0.000000
0.000000 -2.540000 0.000000
0.000000 -2.540000 0.000000
0.000000 -2.540000 0.000000
0.000000 2.540000 0.000000
0.000000 2.540000 0.000000
0.000000 2.540000 0.000000
0.000000 2.540000 0.000000
0.000000 2.540000 0.000000
0.000000 2.540000 0.000000
0.000000 2.540000 0.000000
0.000000 2.540000 0.000000
0.000000 2.540000 0.000000
0.000000 -2.540000 0.000000
0.000000 -2.540000 0.000000
0.000000 -2.540000 0.000000
0.000000 -2.540000 0.000000
0.000000 -2.540000 0.000000
0.000000 -2.540000 0.000000
0.000000 2.540000 0.000000
0.000000 2.540000 0.000000
0.000000 2.540000 0.000000
0.000000 2.540000 0.000000
0.000000 2.540000 0.000000
0.000000 2.540000 0.000000
0.000000 -2.540000 0.000000
0.000000 -2.540000 0.000000
0.000000 -2.540000 0.000000
0.000000 -2.540000 0.000000
0.000000 -2.540000 0.000000
0.000000 -2.540000 0.000000
0.000000 -2.540000 0.000000
0.000000 -2.540000 0.000000
0.000000 -2.540000 0.000000
0.000000 -2.540000 0.000000
0.000000 -2.540000 0.000000
0.000000 -2.540000 0.000000
0.000000 2.540000 0.000000
0.000000 2.540000 0.000000
0.000000 2.540000 0.000000
0.000000 2.540000 0.000000
0.000000 2.540000 0.000000
0.000000 2.540000 0.000000
0.000000 2.540000 0.000000
0.000000 2.540000 0.000000
0.000000 2.540000 0.000000
0.000000 -2.540000 0.000000
0.000000 -2.540000 0.000000
0.000000 -2.540000 0.000000
0.000000 2.540000 0.000000
0.000000 2.540000 0.000000
0.000000 2.540000 0.000000
0.000000 -2.540000 0.000000
0.000000 -2.540000 0.000000
0.000000 -2.540000 0.000000
0.000000 2.540000 0.000000
0.000000 2.540000 0.000000
0.000000 2.540000 0.000000
0.000000 -2.540000 0.000000
0.000000 -2.540000 0.000000
0.000000 -2.540000 0.000000
0.000000 2.540000 0.000000
0.000000 2.540000 0.000000
0.000000 2.540000 0.000000
0.000000 2.540000 0.000000
0.000000 2.540000 0.000000
0.000000 2.540000 0.000000
0.000000 -2.540000 0.000000
0.000000 -2.540000 0.000000
0.000000 -2.540000 0.000000
0.000000 -2.540000 0.000000
0.000000 -2.540000 0.000000
0.000000 -2.540000 0.000000
0.000000 2.540000 0.000000
0.000000 2.540000 0.000000
0.000000 2.540000 0.000000
0.000000 -2.540000 0.000000
0.000000 -2.540000 0.000000
0.000000 -2.540000 0.000000
0.000000 -2.540000 0.000000
0.000000 -2.540000 0.000000
0.000000 -2.540000 0.000000
0.000000 2.540000 0.000000
0.000000 2.540000 0.000000
0.000000 2.540000 0.000000
0.000000 -2.540000 0.000000
0.000000 -2.540000 0.000000
0.000000 -2.540000 0.000000
0.000000 2.540000 0.000000
0.000000 2.540000 0.000000
0.000000 2.540000 0.000000
0.000000 -2.540000 0.000000
0.000000 -2.540000 0.000000
0.000000 -2.540000 0.000000
0.000000 2.540000 0.000000
0.000000 2.540000 0.000000
0.000000 2.540000 0.000000
0.000000 2.540000 0.000000
0.000000 2.540000 0.000000
0.000000 2.540000 0.000000
0.000000 -2.540000 0.000000
0.000000 -2.540000 0.000000
0.000000 -2.540000 0.000000
0.000000 2.540000 0.000000
0.000000 2.540000 0.000000
0.000000 2.540000 0.000000
0.000000 -2.540000 0.000000
0.000000 -2.540000 0.000000
0.000000 -2.540000 0.000000
0.000000 -2.540000 0.000000
0.000000 -2.540000 0.000000
0.000000 -2.540000 0.000000
0.000000 2.540000 0.000000
0.000000 2.540000 0.000000
0.000000 2.540000 0.000000
0.000000 -2.540000 0.000000
0.000000 -2.540000 0.000000
0.000000 -2.540000 0.000000
0.000000 2.540000 0.000000
0.000000 2.540000 0.000000
0.000000 2.540000 0.000000
0.000000 -2.540000 0.000000
0.000000 -2.540000 0.000000
0.000000 -2.540000 0.000000
0.000000 -2.540000 0.000000
0.000000 -2.540000 0.000000
0.000000 -2.540000 0.000000
0.000000 2.540000 0.000000
0.000000 2.540000 0.000000
0.000000 2.540000 0.000000
0.000000 2.540000 0.000000
0.000000 2.540000 0.000000
0.000000 2.540000 0.000000
0.000000 2.540000 0.000000
0.000000 2.540000 0.000000
0.000000 2.540000 0.000000
0.000000 -2.540000 0.000000
0.000000 -2.540000 0.000000
0.000000 -2.540000 0.000000
0.000000 -2.540000 0.000000
0.000000 -2.540000 0.000000
0.000000 -2.540000 0.000000
0.000000 2.540000 0.000000
0.000000 2.540000 0.000000
0.000000 2.540000 0.000000
0.000000 2.540000 0.000000
0.000000 2.540000 0.000000
0.000000 2.540000 0.000000
0.000000 -2.540000 0.000000
0.000000 -2.540000 0.000000
0.000000 -2.540000 0.000000
0.000000 -2.540000 0.000000
0.000000 -2.540000 0.000000
0.000000 -2.540000 0.000000
0.000000 2.540000 0.000000
0.000000 2.540000 0.000000
0.000000 2.540000 0.000000
0.000000 -2.540000 0.000000
0.000000 -2.540000 0.000000
0.000000 -2.540000 0.000000
0.000000 2.540000 0.000000
0.000000 2.540000 0.000000
0.000000 2.540000 0.000000
0.000000 -2.540000 0.000000
0.000000 -2.540000 0.000000
0.000000 -2.540000 0.000000
0.000000 2.540000 0.000000
0.000000 2.540000 0.000000
0.000000 2.540000 0.000000
1.270000 0.000000 -2.199704
-0.441066 0.000000 -2.501412
1.270000 0.000000 -2.199704
0.000000 -2.540000 0.000000
0.000000 -2.540000 0.000000
0.000000 -2.540000 0.000000
0.000000 -2.540000 0.000000
0.000000 -2.540000 0.000000
0.000000 -2.540000 0.000000
0.000000 2.540000 0.000000
0.000000 2.540000 0.000000
0.000000 2.540000 0.000000
0.000000 -2.540000 0.000000
0.000000 -2.540000 0.000000
0.000000 -2.540000 0.000000
0.000000 2.540000 0.000000
0.000000 2.540000 0.000000
0.000000 2.540000 0.000000
0.000000 2.540000 0.000000
0.000000 2.540000 0.000000
0.000000 2.540000 0.000000
0.000000 -2.540000 0.000000
0.000000 -2.540000 0.000000
0.000000 -2.540000 0.000000
0.000000 -2.540000 0.000000
0.000000 -2.540000 0.000000
0.000000 -2.540000 0.000000
0.000000 2.540000 0.000000
0.000000 2.540000 0.000000
0.000000 2.540000 0.000000
0.000000 -2.540000 0.000000
0.000000 -2.540000 0.000000
0.000000 -2.540000 0.000000
0.000000 2.540000 0.000000
0.000000 2.540000 0.000000
0.000000 2.540000 0.000000
0.000000 -2.540000 0.000000
0.000000 -2.540000 0.000000
0.000000 -2.540000 0.000000
0.000000 2.540000 0.000000
0.000000 2.540000 0.000000
0.000000 2.540000 0.000000
0.000000 2.540000 0.000000
0.000000 2.540000 0.000000
0.000000 2.540000 0.000000
-0.441066 0.000000 2.501412
1.270000 0.000000 2.199704
-0.441066 0.000000 2.501412
2.540000 0.000000 0.000000
2.540000 0.000000 0.000000
2.540000 0.000000 0.000000
2.540000 0.000000 0.000000
2.540000 0.000000 0.000000
2.540000 0.000000 0.000000
-2.540000 0.000000 0.000000
-2.540000 0.000000 0.000000
-2.540000 0.000000 0.000000
-2.540000 0.000000 0.000000
-2.540000 0.000000 0.000000
-2.540000 0.000000 0.000000
2.540000 0.000000 0.000000
2.540000 0.000000 0.000000
2.540000 0.000000 0.000000
-2.540000 0.000000 0.000000
-2.540000 0.000000 0.000000
-2.540000 0.000000 0.000000
-2.540000 0.000000 0.000000
-2.540000 0.000000 0.000000
-2.540000 0.000000 0.000000
2.540000 0.000000 0.000000
2.540000 0.000000 0.000000
2.540000 0.000000 0.000000
-2.540000 0.000000 0.000000
-2.540000 0.000000 0.000000
-2.540000 0.000000 0.000000
2.540000 0.000000 0.000000
2.540000 0.000000 0.000000
2.540000 0.000000 0.000000
0.000000 -2.540000 0.000000
0.000000 -2.540000 0.000000
0.000000 -2.540000 0.000000
0.000000 2.540000 0.000000
0.000000 2.540000 0.000000
0.000000 2.540000 0.000000
0.000000 2.540000 0.000000
0.000000 2.540000 0.000000
0.000000 2.540000 0.000000
0.000000 -2.540000 0.000000
0.000000 -2.540000 0.000000
0.000000 -2.540000 0.000000
0.000000 2.540000 0.000000
0.000000 2.540000 0.000000
0.000000 2.540000 0.000000
0.000000 -2.540000 0.000000
0.000000 -2.540000 0.000000
0.000000 -2.540000 0.000000
-2.540000 0.000000 0.000000
-2.540000 0.000000 0.000000
-2.540000 0.000000 0.000000
2.540000 0.000000 0.000000
2.540000 0.000000 0.000000
2.540000 0.000000 0.000000
2.540000 0.000000 0.000000
2.540000 0.000000 0.000000
2.540000 0.000000 0.000000
-2.540000 0.000000 0.000000
-2.540000 0.000000 0.000000
-2.540000 0.000000 0.000000
0.000000 -2.540000 0.000000
0.000000 -2.540000 0.000000
0.000000 -2.540000 0.000000
0.000000 2.540000 0.000000
0.000000 2.540000 0.000000
0.000000 2.540000 0.000000
2.540000 0.000000 0.000000
2.540000 0.000000 0.000000
2.540000 0.000000 0.000000
-2.540000 0.000000 0.000000
-2.540000 0.000000 0.000000
-2.540000 0.000000 0.000000
2.540000 0.000000 0.000000
2.540000 0.000000 0.000000
2.540000 0.000000 0.000000
-2.540000 0.000000 0.000000
-2.540000 0.000000 0.000000
-2.540000 0.000000 0.000000
0.000000 -2.540000 0.000000
0.000000 -2.540000 0.000000
0.000000 -2.540000 0.000000
0.000000 2.540000 0.000000
0.000000 2.540000 0.000000
0.000000 2.540000 0.000000
0.000000 2.540000 0.000000
0.000000 2.540000 0.000000
0.000000 2.540000 0.000000
0.000000 -2.540000 0.000000
0.000000 -2.540000 0.000000
0.000000 -2.540000 0.000000
0.000000 -2.540000 0.000000
0.000000 -2.540000 0.000000
0.000000 -2.540000 0.000000
0.000000 2.540000 0.000000
0.000000 2.540000 0.000000
0.000000 2.540000 0.000000
0.000000 2.540000 0.000000
0.000000 2.540000 0.000000
0.000000 2.540000 0.000000
0.000000 -2.540000 0.000000
0.000000 -2.540000 0.000000
0.000000 -2.540000 0.000000
0.000000 -2.540000 0.000000
0.000000 -2.540000 0.000000
0.000000 -2.540000 0.000000
0.000000 2.540000 0.000000
0.000000 2.540000 0.000000
0.000000 2.540000 0.000000
-2.540000 0.000000 0.000000
-2.540000 0.000000 0.000000
-2.540000 0.000000 0.000000
2.540000 0.000000 0.000000
2.540000 0.000000 0.000000
2.540000 0.000000 0.000000
1.945753 0.000000 -1.632681
2.540000 0.000000 -0.000000
1.945753 0.000000 -1.632681
-1.270000 0.000000 2.199704
0.441066 0.000000 2.501412
-1.270000 0.000000 2.199704
-2.346654 0.000000 0.972016
-2.346654 0.000000 0.972016
-1.796051 0.000000 1.796051
0.000000 -2.540000 0.000000
0.000000 -2.540000 0.000000
0.000000 -2.540000 0.000000
-2.346654 0.000000 0.972016
-1.796051 0.000000 1.796051
-2.346654 0.000000 0.972016
1.945753 0.000000 -1.632681
2.540000 0.000000 -0.000000
1.945753 0.000000 -1.632681
0.000000 -2.540000 0.000000
0.000000 -2.540000 0.000000
0.000000 -2.540000 0.000000
-1.270000 0.000000 2.199704
0.441066 0.000000 2.501412
-1.270000 0.000000 2.199704
0.000000 -2.540000 0.000000
0.000000 -2.540000 0.000000
0.000000 -2.540000 0.000000
0.000000 2.540000 0.000000
0.000000 2.540000 0.000000
0.000000 2.540000 0.000000
0.000000 -2.540000 0.000000
0.000000 -2.540000 0.000000
0.000000 -2.540000 0.000000
0.000000 2.540000 0.000000
0.000000 2.540000 0.000000
0.000000 2.540000 0.000000
0.000000 2.540000 0.000000
0.000000 2.540000 0.000000
0.000000 2.540000 0.000000
0.000000 -2.540000 0.000000
0.000000 -2.540000 0.000000
0.000000 -2.540000 0.000000
0.000000 -2.540000 0.000000
0.000000 -2.540000 0.000000
0.000000 -2.540000 0.000000
0.000000 2.540000 0.000000
0.000000 2.540000 0.000000
0.000000 2.540000 0.000000
0.000000 -2.540000 0.000000
0.000000 -2.540000 0.000000
0.000000 -2.540000 0.000000
0.000000 2.540000 0.000000
0.000000 2.540000 0.000000
0.000000 2.540000 0.000000
0.000000 2.540000 0.000000
0.000000 2.540000 0.000000
0.000000 2.540000 0.000000
0.000000 -2.540000 0.000000
0.000000 -2.540000 0.000000
0.000000 -2.540000 0.000000
0.000000 -2.540000 0.000000
0.000000 -2.540000 0.000000
0.000000 -2.540000 0.000000
0.000000 2.540000 0.000000
0.000000 2.540000 0.000000
0.000000 2.540000 0.000000
0.000000 -2.540000 0.000000
0.000000 -2.540000 0.000000
0.000000 -2.540000 0.000000
0.000000 2.540000 0.000000
0.000000 2.540000 0.000000
0.000000 2.540000 0.000000
0.000000 -2.540000 0.000000
0.000000 -2.540000 0.000000
0.000000 -2.540000 0.000000
0.000000 2.540000 0.000000
0.000000 2.540000 0.000000
0.000000 2.540000 0.000000
0.000000 2.540000 0.000000
0.000000 2.540000 0.000000
0.000000 2.540000 0.000000
0.000000 -2.540000 0.000000
0.000000 -2.540000 0.000000
0.000000 -2.540000 0.000000
0.000000 -2.540000 0.000000
0.000000 -2.540000 0.000000
0.000000 -2.540000 0.000000
0.000000 2.540000 0.000000
0.000000 2.540000 0.000000
0.000000 2.540000 0.000000
0.000000 -2.540000 0.000000
0.000000 -2.540000 0.000000
0.000000 -2.540000 0.000000
0.000000 2.540000 0.000000
0.000000 2.540000 0.000000
0.000000 2.540000 0.000000
0.000000 2.540000 0.000000
0.000000 2.540000 0.000000
0.000000 2.540000 0.000000
0.000000 -2.540000 0.000000
0.000000 -2.540000 0.000000
0.000000 -2.540000 0.000000
0.000000 -2.540000 0.000000
0.000000 -2.540000 0.000000
0.000000 -2.540000 0.000000
0.000000 2.540000 0.000000
0.000000 2.540000 0.000000
0.000000 2.540000 0.000000
0.000000 2.540000 0.000000
0.000000 2.540000 0.000000
0.000000 2.540000 0.000000
0.000000 -2.540000 0.000000
0.000000 -2.540000 0.000000
0.000000 -2.540000 0.000000
1.796051 0.000000 1.796051
1.796051 0.000000 1.796051
1.796051 0.000000 1.796051
2.540000 0.000000 -0.000000
2.540000 0.000000 0.000000
2.540000 0.000000 0.000000
0.000000 -2.540000 0.000000
0.000000 -2.540000 0.000000
0.000000 -2.540000 0.000000
0.000000 2.540000 0.000000
0.000000 2.540000 0.000000
0.000000 2.540000 0.000000
0.000000 2.540000 0.000000
0.000000 2.540000 0.000000
0.000000 2.540000 0.000000
0.000000 -2.540000 0.000000
0.000000 -2.540000 0.000000
0.000000 -2.540000 0.000000
0.000000 2.540000 0.000000
0.000000 2.540000 0.000000
0.000000 2.540000 0.000000
0.000000 -2.540000 0.000000
0.000000 -2.540000 0.000000
0.000000 -2.540000 0.000000
2.540000 0.000000 0.000000
2.540000 0.000000 0.000000
2.540000 0.000000 0.000000
-2.540000 -0.000000 0.000000
-2.540000 0.000000 0.000000
-2.540000 0.000000 0.000000
0.000000 -2.540000 0.000000
0.000000 -2.540000 0.000000
0.000000 -2.540000 0.000000
0.000000 2.540000 0.000000
0.000000 2.540000 0.000000
0.000000 2.540000 0.000000
-1.270000 2.199704 0.000000
-1.270000 2.199704 0.000000
0.000000 2.540000 0.000000
0.000000 0.000000 2.540000
0.000000 0.000000 2.540000
0.000000 0.000000 2.540000
0.441066 0.000000 2.501412
-1.270000 0.000000 2.199704
0.441066 0.000000 2.501412
0.000000 -2.540000 0.000000
0.000000 -2.540000 0.000000
0.000000 -2.540000 0.000000
0.441066 0.000000 -2.501412
0.441066 0.000000 -2.501412
-1.270000 0.000000 -2.199704
-2.346654 0.000000 -0.972016
-2.346654 0.000000 -0.972016
-1.796051 0.000000 -1.796051
0.000000 2.540000 0.000000
0.000000 2.540000 0.000000
0.000000 2.540000 0.000000
0.000000 -2.540000 0.000000
0.000000 -2.540000 0.000000
0.000000 -2.540000 0.000000
0.000000 2.540000 0.000000
0.000000 2.540000 0.000000
0.000000 2.540000 0.000000
0.000000 -2.540000 0.000000
0.000000 -2.540000 0.000000
0.000000 -2.540000 0.000000
0.000000 -2.501412 -0.441066
0.000000 -1.632681 -1.945753
0.000000 -2.501412 -0.441066
0.000000 -2.199704 1.270000
0.000000 -0.868731 2.386819
0.000000 -2.199704 1.270000
-2.540000 -0.000000 0.000000
-2.540000 -0.000000 0.000000
-2.199704 -1.270000 0.000000
0.000000 0.000000 2.540000
0.000000 0.000000 2.540000
0.000000 0.000000 2.540000
0.000000 2.540000 0.000000
0.000000 2.540000 0.000000
0.000000 2.540000 0.000000
0.000000 -2.540000 0.000000
0.000000 -2.540000 0.000000
0.000000 -2.540000 0.000000
0.000000 2.540000 0.000000
0.000000 2.540000 0.000000
0.000000 2.540000 0.000000
0.000000 -2.540000 0.000000
0.000000 -2.540000 0.000000
0.000000 -2.540000 0.000000
0.000000 2.540000 0.000000
0.000000 2.540000 0.000000
0.000000 2.540000 0.000000
0.000000 -2.540000 0.000000
0.000000 -2.540000 0.000000
0.000000 -2.540000 0.000000
0.000000 -2.540000 0.000000
0.000000 -2.540000 0.000000
0.000000 -2.540000 0.000000
0.000000 2.540000 0.000000
0.000000 2.540000 0.000000
0.000000 2.540000 0.000000
0.000000 -2.540000 0.000000
-1.270000 -2.199704 0.000000
0.000000 -2.540000 0.000000
0.000000 0.000000 -2.540000
0.000000 0.000000 -2.540000
0.000000 0.000000 -2.540000
0.000000 -2.540000 0.000000
0.000000 -2.540000 0.000000
0.000000 -2.540000 0.000000
0.000000 -2.540000 0.000000
0.000000 -2.540000 0.000000
0.000000 -2.540000 0.000000
0.000000 2.540000 0.000000
0.000000 2.540000 0.000000
0.000000 2.540000 0.000000
0.000000 -2.540000 0.000000
0.000000 -2.540000 0.000000
0.000000 -2.540000 0.000000
2.540000 0.000000 0.000000
2.540000 0.000000 0.000000
2.540000 0.000000 0.000000
-2.540000 0.000000 0.000000
-2.540000 0.000000 0.000000
-2.540000 0.000000 0.000000
0.000000 -2.540000 0.000000
0.000000 -2.540000 0.000000
0.000000 -2.540000 0.000000
0.000000 -2.540000 0.000000
0.000000 -2.540000 0.000000
0.000000 -2.540000 0.000000
0.000000 2.540000 0.000000
0.000000 2.540000 0.000000
0.000000 2.540000 0.000000
0.000000 -2.540000 0.000000
0.000000 -2.540000 0.000000
0.000000 -2.540000 0.000000
0.000000 -2.540000 0.000000
0.000000 -2.540000 0.000000
0.000000 -2.540000 0.000000
0.000000 2.540000 0.000000
0.000000 2.540000 0.000000
0.000000 2.540000 0.000000
0.441066 0.000000 2.501412
0.441066 0.000000 2.501412
1.945753 0.000000 1.632681
0.441066 0.000000 -2.501412
1.945753 0.000000 -1.632681
0.441066 0.000000 -2.501412
0.000000 -2.540000 0.000000
0.000000 -2.540000 0.000000
0.000000 -2.540000 0.000000
0.000000 -2.540000 0.000000
0.000000 -2.540000 0.000000
0.000000 -2.540000 0.000000
0.000000 -2.540000 0.000000
0.000000 -2.540000 0.000000
0.000000 -2.540000 0.000000
0.441066 0.000000 -2.501412
1.945753 0.000000 -1.632681
0.441066 0.000000 -2.501412
0.000000 -2.540000 0.000000
0.000000 -2.540000 0.000000
0.000000 -2.540000 0.000000
0.441066 0.000000 2.501412
0.441066 0.000000 2.501412
1.945753 0.000000 1.632681
0.000000 2.501412 -0.441066
0.000000 2.501412 -0.441066
0.000000 1.632681 -1.945753
0.000000 2.199704 1.270000
0.000000 2.199704 1.270000
0.000000 0.868731 2.386819
-2.540000 0.000000 0.000000
-2.540000 0.000000 0.000000
-2.540000 0.000000 0.000000
2.540000 0.000000 0.000000
2.540000 0.000000 0.000000
2.540000 0.000000 0.000000
2.540000 0.000000 0.000000
2.540000 0.000000 0.000000
2.540000 0.000000 0.000000
-2.540000 0.000000 0.000000
-2.540000 0.000000 0.000000
-2.540000 0.000000 0.000000
0.000000 -2.540000 0.000000
0.000000 -2.540000 0.000000
0.000000 -2.540000 0.000000
0.000000 2.540000 0.000000
0.000000 2.540000 0.000000
0.000000 2.540000 0.000000
-2.540000 0.000000 0.000000
-2.540000 0.000000 0.000000
-2.540000 0.000000 0.000000
2.540000 0.000000 0.000000
2.540000 0.000000 0.000000
2.540000 0.000000 0.000000
0.000000 1.632681 -1.945753
0.000000 2.501412 -0.441066
0.000000 1.632681 -1.945753
0.000000 -1.632681 -1.945753
0.000000 -1.632681 -1.945753
0.000000 -2.501412 -0.441066
0.000000 2.540000 0.000000
0.000000 2.540000 0.000000
0.000000 2.540000 0.000000
0.000000 -2.540000 0.000000
0.000000 -2.540000 0.000000
0.000000 -2.540000 0.000000
0.000000 2.540000 0.000000
0.000000 2.540000 0.000000
0.000000 2.540000 0.000000
0.000000 -2.540000 0.000000
0.000000 -2.540000 0.000000
0.000000 -2.540000 0.000000
0.000000 2.540000 0.000000
0.000000 2.540000 0.000000
0.000000 2.540000 0.000000
0.000000 -2.540000 0.000000
0.000000 -2.540000 0.000000
0.000000 -2.540000 0.000000
0.441066 0.000000 2.501412
-1.270000 0.000000 2.199704
0.441066 0.000000 2.501412
0.441066 0.000000 -2.501412
-1.270000 0.000000 -2.199704
0.441066 0.000000 -2.501412
0.000000 2.540000 0.000000
0.000000 2.540000 0.000000
0.000000 2.540000 0.000000
0.000000 -2.540000 0.000000
0.000000 -2.540000 0.000000
0.000000 -2.540000 0.000000
0.000000 -2.540000 0.000000
0.000000 -2.540000 0.000000
0.000000 -2.540000 0.000000
0.000000 2.540000 0.000000
0.000000 2.540000 0.000000
0.000000 2.540000 0.000000
0.000000 2.540000 0.000000
0.000000 2.540000 0.000000
0.000000 2.540000 0.000000
0.000000 -2.540000 0.000000
0.000000 -2.540000 0.000000
0.000000 -2.540000 0.000000
0.000000 -2.540000 0.000000
0.000000 -2.540000 0.000000
0.000000 -2.540000 0.000000
0.000000 2.540000 0.000000
0.000000 2.540000 0.000000
0.000000 2.540000 0.000000
1.882511 0.000000 1.705214
1.882511 0.000000 1.705214
1.143000 0.000000 2.268292
0.000000 -2.540000 0.000000
0.000000 -2.540000 0.000000
0.000000 -2.540000 0.000000
-1.270000 0.000000 -2.199704
0.441066 0.000000 -2.501412
0.441066 0.000000 -2.501412
0.441066 0.000000 2.501412
-1.270000 0.000000 2.199704
0.441066 0.000000 2.501412
0.000000 -2.540000 0.000000
0.000000 -2.540000 0.000000
0.000000 -2.540000 0.000000
0.000000 2.540000 0.000000
0.000000 2.540000 0.000000
0.000000 2.540000 0.000000
0.000000 -2.540000 0.000000
0.000000 -2.540000 0.000000
0.000000 -2.540000 0.000000
0.000000 2.540000 0.000000
0.000000 2.540000 0.000000
0.000000 2.540000 0.000000
0.000000 -2.540000 0.000000
0.000000 -2.540000 0.000000
0.000000 -2.540000 0.000000
0.000000 2.540000 0.000000
0.000000 2.540000 0.000000
0.000000 2.540000 0.000000
0.000000 0.000000 -2.540000
0.000000 0.000000 -2.540000
0.000000 0.000000 -2.540000
0.000000 2.540000 0.000000
-1.270000 2.199704 0.000000
0.000000 2.540000 0.000000
0.000000 2.540000 0.000000
0.000000 2.540000 0.000000
0.000000 2.540000 0.000000
0.000000 -2.540000 0.000000
0.000000 -2.540000 0.000000
0.000000 -2.540000 0.000000
0.000000 2.501412 0.441066
0.000000 2.501412 0.441066
-0.000000 2.199704 -1.270000
-0.000000 -2.199704 -1.270000
0.000000 -2.501412 0.441066
0.000000 -2.501412 0.441066
0.000000 -2.540000 0.000000
0.000000 -2.540000 0.000000
0.000000 -2.540000 0.000000
0.000000 2.540000 0.000000
0.000000 2.540000 0.000000
0.000000 2.540000 0.000000
0.000000 2.540000 0.000000
0.000000 2.540000 0.000000
0.000000 2.540000 0.000000
0.000000 -2.540000 0.000000
0.000000 -2.540000 0.000000
0.000000 -2.540000 0.000000
-2.540000 0.000000 -0.000000
-2.346654 0.000000 -0.972016
-2.346654 0.000000 -0.972016
0.000000 2.540000 0.000000
0.000000 2.540000 0.000000
0.000000 2.540000 0.000000
0.441066 0.000000 2.501412
0.441066 0.000000 2.501412
1.945753 0.000000 1.632681
0.441066 0.000000 -2.501412
1.945753 0.000000 -1.632681
0.441066 0.000000 -2.501412
0.000000 2.501412 0.441066
0.000000 2.501412 0.441066
-0.000000 2.199704 -1.270000
-0.000000 -2.199704 -1.270000
0.000000 -2.501412 0.441066
0.000000 -2.501412 0.441066
0.000000 2.501412 0.441066
-0.000000 2.199704 -1.270000
0.000000 2.501412 0.441066
0.000000 -2.501412 0.441066
-0.000000 -2.199704 -1.270000
0.000000 -2.501412 0.441066
0.000000 -2.540000 0.000000
0.000000 -2.540000 0.000000
0.000000 -2.540000 0.000000
0.000000 2.540000 0.000000
0.000000 2.540000 0.000000
0.000000 2.540000 0.000000
0.000000 -2.540000 0.000000
0.000000 -2.540000 0.000000
0.000000 -2.540000 0.000000
0.000000 2.540000 0.000000
0.000000 2.540000 0.000000
0.000000 2.540000 0.000000
0.000000 2.540000 0.000000
0.000000 2.540000 0.000000
0.000000 2.540000 0.000000
0.000000 2.540000 0.000000
0.000000 2.540000 0.000000
0.000000 2.540000 0.000000
0.000000 2.501412 0.441066
-0.000000 2.199704 -1.270000
0.000000 2.501412 0.441066
0.000000 -2.501412 0.441066
-0.000000 -2.199704 -1.270000
0.000000 -2.501412 0.441066
1.945753 0.000000 -1.632681
1.945753 0.000000 -1.632681
0.441066 0.000000 -2.501412
-1.270000 0.000000 2.199704
-2.386819 0.000000 0.868731
-1.270000 0.000000 2.199704
0.000000 -2.540000 0.000000
0.000000 -2.540000 0.000000
0.000000 -2.540000 0.000000
0.000000 -2.540000 0.000000
0.000000 -2.540000 0.000000
0.000000 -2.540000 0.000000
0.000000 -2.540000 0.000000
0.000000 -2.540000 0.000000
0.000000 -2.540000 0.000000
0.000000 -2.540000 0.000000
0.000000 -2.540000 0.000000
0.000000 -2.540000 0.000000
0.441066 0.000000 2.501412
0.441066 0.000000 2.501412
1.945753 0.000000 1.632681
1.945753 0.000000 -1.632681
1.945753 0.000000 -1.632681
0.441066 0.000000 -2.501412
0.000000 -2.540000 0.000000
0.000000 -2.540000 0.000000
0.000000 -2.540000 0.000000
0.000000 -2.540000 0.000000
0.000000 -2.540000 0.000000
0.000000 -2.540000 0.000000
1.945753 0.000000 -1.632681
1.945753 0.000000 -1.632681
0.441066 0.000000 -2.501412
0.441066 0.000000 2.501412
0.441066 0.000000 2.501412
1.945753 0.000000 1.632681
0.000000 -2.540000 0.000000
0.000000 -2.540000 0.000000
0.000000 -2.540000 0.000000
0.000000 -2.540000 0.000000
0.000000 -2.540000 0.000000
0.000000 -2.540000 0.000000
-2.540000 0.000000 -0.000000
-2.346654 0.000000 0.972016
-2.346654 0.000000 0.972016
0.000000 2.540000 0.000000
0.000000 2.540000 0.000000
0.000000 2.540000 0.000000
2.453452 0.000000 0.657400
2.453452 0.000000 0.657400
2.199704 0.000000 1.270000
1.796051 0.000000 1.796051
1.796051 0.000000 1.796051
1.796051 0.000000 1.796051
0.441066 0.000000 2.501412
-1.270000 0.000000 2.199704
0.441066 0.000000 2.501412
0.441066 0.000000 -2.501412
0.441066 0.000000 -2.501412
-1.270000 0.000000 -2.199704
0.000000 2.540000 0.000000
0.000000 2.540000 0.000000
0.000000 2.540000 0.000000
0.000000 2.540000 0.000000
0.000000 2.540000 0.000000
0.000000 2.540000 0.000000
-2.540000 0.000000 -0.000000
-2.346654 0.000000 0.972016
-2.346654 0.000000 0.972016
0.000000 2.540000 0.000000
0.000000 2.540000 0.000000
0.000000 2.540000 0.000000
2.386819 0.000000 0.868731
1.270000 0.000000 2.199704
2.386819 0.000000 0.868731
0.000000 2.540000 0.000000
0.000000 2.540000 0.000000
0.000000 2.540000 0.000000
1.945753 0.000000 1.632681
0.441066 0.000000 2.501412
1.945753 0.000000 1.632681
0.441066 0.000000 -2.501412
1.945753 0.000000 -1.632681
0.441066 0.000000 -2.501412
0.441066 0.000000 -2.501412
1.945753 0.000000 -1.632681
0.441066 0.000000 -2.501412
1.945753 0.000000 1.632681
0.441066 0.000000 2.501412
1.945753 0.000000 1.632681
0.441066 0.000000 -2.501412
0.441066 0.000000 -2.501412
-1.270000 0.000000 -2.199704
0.441066 0.000000 2.501412
-1.270000 0.000000 2.199704
0.441066 0.000000 2.501412
-2.386819 0.000000 0.868731
-2.386819 0.000000 0.868731
-1.270000 0.000000 2.199704
0.000000 2.540000 0.000000
0.000000 2.540000 0.000000
0.000000 2.540000 0.000000
0.000000 2.540000 0.000000
0.000000 2.540000 0.000000
0.000000 2.540000 0.000000
-2.386819 0.000000 0.868731
-2.386819 0.000000 0.868731
-1.270000 0.000000 2.199704
-1.945753 0.000000 -1.632681
-2.540000 0.000000 -0.000000
-1.945753 0.000000 -1.632681
-1.945753 0.000000 1.632681
-1.945753 0.000000 1.632681
-2.540000 0.000000 -0.000000
2.540000 0.000000 0.000000
2.540000 0.000000 0.000000
2.540000 0.000000 0.000000
2.540000 0.000000 0.000000
2.540000 0.000000 0.000000
2.540000 0.000000 0.000000
-2.540000 0.000000 0.000000
-2.540000 0.000000 0.000000
-2.540000 0.000000 0.000000
-2.540000 0.000000 0.000000
-2.540000 0.000000 0.000000
-2.540000 0.000000 0.000000
2.540000 0.000000 0.000000
2.540000 0.000000 0.000000
2.540000 0.000000 0.000000
2.540000 0.000000 0.000000
2.540000 0.000000 0.000000
2.540000 0.000000 0.000000
0.441066 0.000000 -2.501412
-1.270000 0.000000 -2.199704
-1.270000 0.000000 -2.199704
-2.386819 0.000000 0.868731
-2.386819 0.000000 0.868731
-1.270000 0.000000 2.199704
-1.270000 0.000000 -2.199704
0.441066 0.000000 -2.501412
-1.270000 0.000000 -2.199704
-1.270000 0.000000 2.199704
-1.270000 0.000000 2.199704
0.441066 0.000000 2.501412
-1.270000 0.000000 2.199704
-2.386819 0.000000 0.868731
-1.270000 0.000000 2.199704
-1.270000 0.000000 -2.199704
-1.270000 0.000000 -2.199704
-2.386819 0.000000 -0.868731
0.441066 0.000000 -2.501412
1.945753 0.000000 -1.632681
0.441066 0.000000 -2.501412
-2.386819 0.000000 0.868731
-2.386819 0.000000 0.868731
-1.270000 0.000000 2.199704
-1.270000 0.000000 -2.199704
0.441066 0.000000 -2.501412
-1.270000 0.000000 -2.199704
-2.386819 0.000000 0.868731
-2.386819 0.000000 0.868731
-1.270000 0.000000 2.199704
-1.270000 0.000000 2.199704
-1.270000 0.000000 2.199704
0.441066 0.000000 2.501412
-1.270000 0.000000 -2.199704
0.441066 0.000000 -2.501412
-1.270000 0.000000 -2.199704
-1.270000 0.000000 2.199704
-1.270000 0.000000 2.199704
0.441066 0.000000 2.501412
-1.270000 0.000000 -2.199704
0.441066 0.000000 -2.501412
-1.270000 0.000000 -2.199704
-2.540000 0.000000 0.000000
-2.540000 0.000000 0.000000
-2.540000 0.000000 0.000000
-2.540000 0.000000 0.000000
-2.540000 0.000000 0.000000
-2.540000 0.000000 0.000000
0.000000 1.632681 1.945753
0.000000 1.632681 1.945753
0.000000 0.000000 2.540000
-0.000000 -2.199704 -1.270000
-0.000000 -0.868731 -2.386819
-0.000000 -2.199704 -1.270000
-1.270000 0.000000 2.199704
-1.270000 0.000000 2.199704
0.441066 0.000000 2.501412
-1.270000 0.000000 -2.199704
0.441066 0.000000 -2.501412
-1.270000 0.000000 -2.199704
0.000000 2.540000 0.000000
0.000000 2.540000 0.000000
0.000000 2.540000 0.000000
0.000000 2.540000 0.000000
0.000000 2.540000 0.000000
0.000000 2.540000 0.000000
0.000000 2.540000 0.000000
0.000000 2.540000 0.000000
0.000000 2.540000 0.000000
0.000000 2.540000 0.000000
0.000000 2.540000 0.000000
0.000000 2.540000 0.000000
0.000000 2.540000 0.000000
0.000000 2.540000 0.000000
0.000000 2.540000 0.000000
0.000000 -2.540000 0.000000
0.000000 -2.540000 0.000000
0.000000 -2.540000 0.000000
1.796051 0.000000 -1.796051
1.796051 0.000000 -1.796051
1.796051 0.000000 -1.796051
2.199704 0.000000 -1.270000
2.199704 0.000000 -1.270000
2.453452 0.000000 -0.657400
1.796051 0.000000 -1.796051
1.796051 0.000000 -1.796051
1.796051 0.000000 -1.796051
2.199704 0.000000 -1.270000
2.199704 0.000000 -1.270000
2.453452 0.000000 -0.657400
2.540000 0.000000 0.000000
2.540000 0.000000 0.000000
2.540000 0.000000 0.000000
-0.000000 2.199704 -1.270000
-0.000000 2.199704 -1.270000
-0.000000 0.868731 -2.386819
0.000000 1.632681 1.945753
0.000000 1.632681 1.945753
0.000000 2.501412 0.441066
2.540000 0.000000 0.000000
2.540000 0.000000 0.000000
2.540000 0.000000 0.000000
0.441066 0.000000 -2.501412
0.441066 0.000000 -2.501412
-1.270000 0.000000 -2.199704
0.441066 0.000000 2.501412
-1.270000 0.000000 2.199704
0.441066 0.000000 2.501412
-2.540000 0.000000 -0.000000
-2.540000 0.000000 0.000000
-2.540000 0.000000 0.000000
0.000000 -2.540000 0.000000
0.000000 -2.540000 0.000000
0.000000 -2.540000 0.000000
0.000000 2.540000 0.000000
0.000000 2.540000 0.000000
0.000000 2.540000 0.000000
0.000000 0.868731 2.386819
0.000000 2.199704 1.270000
0.000000 0.868731 2.386819
2.540000 0.000000 0.000000
2.540000 0.000000 0.000000
2.540000 0.000000 0.000000
0.000000 0.000000 2.540000
0.000000 1.632681 1.945753
0.000000 0.000000 2.540000
-2.540000 0.000000 0.000000
-2.540000 0.000000 0.000000
-2.540000 0.000000 0.000000
-0.000000 -2.199704 -1.270000
-0.000000 -0.868731 -2.386819
-0.000000 -2.199704 -1.270000
-2.540000 0.000000 0.000000
-2.540000 0.000000 0.000000
-2.540000 0.000000 0.000000
-2.540000 0.000000 -0.000000
-2.540000 0.000000 0.000000
-2.540000 0.000000 0.000000
0.000000 0.000000 2.540000
0.000000 0.000000 2.540000
0.000000 0.000000 2.540000
2.369934 0.000000 0.913790
2.369934 0.000000 0.913790
2.540000 0.000000 0.000000
0.000000 2.540000 0.000000
0.000000 2.540000 0.000000
0.000000 2.540000 0.000000
-2.540000 0.000000 0.000000
-2.540000 0.000000 0.000000
-2.540000 0.000000 0.000000
0.000000 -0.868731 2.386819
0.000000 -0.868731 2.386819
0.000000 -2.199704 1.270000
0.000000 0.972016 2.346654
0.000000 0.000000 2.540000
0.000000 0.000000 2.540000
0.000000 0.000000 2.540000
0.000000 0.000000 2.540000
0.000000 0.000000 2.540000
0.000000 -2.540000 0.000000
0.000000 -2.540000 0.000000
0.000000 -2.540000 0.000000
-1.270000 0.000000 2.199704
0.441066 0.000000 2.501412
0.441066 0.000000 2.501412
0.000000 -2.540000 0.000000
0.000000 -2.540000 0.000000
0.000000 -2.540000 0.000000
-1.270000 0.000000 2.199704
0.441066 0.000000 2.501412
0.441066 0.000000 2.501412
0.000000 2.540000 0.000000
0.000000 2.540000 0.000000
0.000000 2.540000 0.000000
1.143000 0.000000 2.268292
1.882511 0.000000 1.705214
1.882511 0.000000 1.705214
-2.540000 0.000000 0.000000
-2.540000 0.000000 -0.000000
-2.540000 0.000000 0.000000
0.000000 0.000000 -2.540000
0.000000 0.000000 -2.540000
0.000000 0.000000 -2.540000
2.540000 0.000000 -0.000000
2.540000 0.000000 0.000000
2.540000 0.000000 -0.000000
0.000000 -2.540000 0.000000
0.000000 -2.540000 0.000000
0.000000 -2.540000 0.000000
1.270000 0.000000 -2.199704
-0.441066 0.000000 -2.501412
-0.441066 0.000000 -2.501412
-1.945753 0.000000 1.632681
-1.945753 0.000000 1.632681
-2.540000 0.000000 -0.000000
0.000000 -2.540000 0.000000
0.000000 -2.540000 0.000000
0.000000 -2.540000 0.000000
2.453452 0.000000 0.657400
2.453452 0.000000 0.657400
2.199704 0.000000 1.270000
-2.386819 0.000000 0.868731
-2.386819 0.000000 -0.868731
-2.386819 0.000000 0.868731
0.441066 0.000000 -2.501412
1.945753 0.000000 -1.632681
0.441066 0.000000 -2.501412
0.000000 2.540000 0.000000
0.000000 2.540000 0.000000
0.000000 2.540000 0.000000
0.000000 2.540000 0.000000
0.000000 2.540000 0.000000
0.000000 2.540000 0.000000
2.540000 0.000000 0.000000
2.540000 0.000000 0.000000
2.540000 0.000000 0.000000
0.000000 -2.540000 0.000000
0.000000 -2.540000 0.000000
0.000000 -2.540000 0.000000
0.000000 2.540000 0.000000
0.000000 2.540000 0.000000
0.000000 2.540000 0.000000
-2.386819 0.000000 0.868731
-2.386819 0.000000 -0.868731
-2.386819 0.000000 0.868731
0.441066 0.000000 -2.501412
1.945753 0.000000 -1.632681
0.441066 0.000000 -2.501412
0.000000 2.540000 0.000000
0.000000 2.540000 0.000000
0.000000 2.540000 0.000000
0.000000 0.000000 2.540000
0.000000 0.000000 2.540000
0.000000 0.000000 2.540000
0.000000 0.000000 2.540000
0.000000 0.000000 2.540000
0.000000 -0.972016 2.346654
2.540000 0.000000 0.000000
2.540000 0.000000 0.000000
2.540000 0.000000 0.000000
0.000000 1.632681 1.945753
0.000000 1.632681 1.945753
0.000000 2.501412 0.441066
2.540000 0.000000 0.000000
2.540000 0.000000 0.000000
2.540000 0.000000 0.000000
0.000000 -2.501412 0.441066
0.000000 -2.501412 0.441066
0.000000 -1.632681 1.945753
-2.540000 0.000000 0.000000
-2.540000 0.000000 0.000000
-2.540000 0.000000 0.000000
0.000000 2.501412 0.441066
0.000000 1.632681 1.945753
0.000000 2.501412 0.441066
-2.540000 0.000000 0.000000
-2.540000 0.000000 0.000000
-2.540000 0.000000 0.000000
0.000000 -1.632681 1.945753
0.000000 -2.501412 0.441066
0.000000 -1.632681 1.945753
2.453452 0.000000 0.657400
2.540000 0.000000 0.000000
2.453452 0.000000 0.657400
0.000000 2.540000 0.000000
0.000000 2.540000 0.000000
0.000000 2.540000 0.000000
0.000000 2.501412 0.441066
0.000000 1.632681 1.945753
0.000000 2.501412 0.441066
0.000000 -1.632681 1.945753
0.000000 -2.501412 0.441066
0.000000 -1.632681 1.945753
-2.540000 0.000000 0.000000
-2.540000 0.000000 0.000000
-2.540000 0.000000 0.000000
-2.540000 0.000000 0.000000
-2.540000 0.000000 0.000000
-2.540000 0.000000 0.000000
0.000000 -2.501412 0.441066
0.000000 -2.501412 0.441066
0.000000 -1.632681 1.945753
2.540000 0.000000 0.000000
2.540000 0.000000 0.000000
2.540000 0.000000 0.000000
2.540000 0.000000 0.000000
2.540000 0.000000 0.000000
2.540000 0.000000 0.000000
0.000000 1.632681 1.945753
0.000000 1.632681 1.945753
0.000000 2.501412 0.441066
2.540000 0.000000 0.000000
2.540000 0.000000 0.000000
2.540000 0.000000 0.000000
2.453452 0.000000 0.657400
2.453452 0.000000 0.657400
2.540000 0.000000 0.000000
0.000000 -2.540000 0.000000
0.000000 -2.540000 0.000000
0.000000 -2.540000 0.000000
2.369934 0.000000 0.913790
2.369934 0.000000 0.913790
2.540000 0.000000 0.000000
-0.000000 2.199704 -1.270000
-0.000000 2.199704 -1.270000
-0.000000 0.868731 -2.386819
0.000000 1.632681 1.945753
0.000000 1.632681 1.945753
0.000000 2.501412 0.441066
2.540000 0.000000 0.000000
2.540000 0.000000 0.000000
2.540000 0.000000 0.000000
2.540000 0.000000 0.000000
2.540000 0.000000 0.000000
2.540000 0.000000 0.000000
-2.540000 0.000000 0.000000
-2.540000 0.000000 0.000000
-2.540000 0.000000 0.000000
-0.000000 0.868731 -2.386819
-0.000000 2.199704 -1.270000
-0.000000 0.868731 -2.386819
-2.540000 0.000000 -0.000000
-2.540000 0.000000 0.000000
-2.540000 0.000000 0.000000
0.000000 0.000000 -2.540000
0.000000 0.000000 -2.540000
0.000000 0.000000 -2.540000
-0.000000 -2.199704 -1.270000
-0.000000 -0.868731 -2.386819
-0.000000 -2.199704 -1.270000
-0.000000 -2.199704 -1.270000
0.000000 -2.501412 0.441066
-0.000000 -2.199704 -1.270000
0.000000 2.540000 0.000000
0.000000 2.540000 0.000000
0.000000 2.540000 0.000000
1.945753 0.000000 -1.632681
2.540000 0.000000 -0.000000
1.945753 0.000000 -1.632681
-2.386819 0.000000 0.868731
-2.386819 0.000000 0.868731
-1.270000 0.000000 2.199704
0.000000 2.540000 0.000000
0.000000 2.540000 0.000000
0.000000 2.540000 0.000000
0.000000 2.540000 0.000000
0.000000 2.540000 0.000000
0.000000 2.540000 0.000000
-2.386819 0.000000 0.868731
-2.386819 0.000000 0.868731
-1.270000 0.000000 2.199704
2.540000 0.000000 0.000000
2.540000 0.000000 0.000000
2.540000 0.000000 0.000000
2.453452 0.000000 -0.657400
2.199704 0.000000 -1.270000
2.453452 0.000000 -0.657400
2.453452 0.000000 -0.657400
2.199704 0.000000 -1.270000
2.453452 0.000000 -0.657400
2.540000 0.000000 0.000000
2.540000 0.000000 0.000000
2.540000 0.000000 0.000000
-0.000000 -2.199704 -1.270000
-0.000000 -2.199704 -1.270000
0.000000 -2.501412 0.441066
-0.000000 -2.199704 -1.270000
-0.000000 -0.868731 -2.386819
-0.000000 -2.199704 -1.270000
1.796051 0.000000 1.796051
1.796051 0.000000 1.796051
1.796051 0.000000 1.796051
1.796051 0.000000 1.796051
0.972016 0.000000 2.346654
1.796051 0.000000 1.796051
-1.796051 0.000000 -1.796051
-0.972016 0.000000 -2.346654
-0.972016 0.000000 -2.346654
-0.000000 0.000000 -2.540000
-0.972016 0.000000 -2.346654
-0.972016 0.000000 -2.346654
-0.972016 0.000000 -2.346654
-0.000000 0.000000 -2.540000
-0.972016 0.000000 -2.346654
-1.796051 0.000000 -1.796051
-0.972016 0.000000 -2.346654
-0.972016 0.000000 -2.346654
1.796051 0.000000 1.796051
1.796051 0.000000 1.796051
1.796051 0.000000 1.796051
1.796051 0.000000 1.796051
0.972016 0.000000 2.346654
1.796051 0.000000 1.796051
-2.540000 0.000000 0.000000
-2.540000 0.000000 0.000000
-2.540000 0.000000 0.000000
-2.540000 0.000000 0.000000
-2.540000 0.000000 0.000000
-2.540000 0.000000 0.000000
-0.000000 2.199704 -1.270000
-0.000000 2.199704 -1.270000
-0.000000 0.868731 -2.386819
0.000000 2.501412 0.441066
-0.000000 2.199704 -1.270000
-0.000000 2.199704 -1.270000
1.270000 0.000000 -2.199704
1.270000 0.000000 -2.199704
2.386819 0.000000 -0.868731
-0.441066 0.000000 -2.501412
-0.441066 0.000000 -2.501412
1.270000 0.000000 -2.199704
-2.540000 0.000000 0.000000
-2.540000 0.000000 0.000000
-2.540000 0.000000 0.000000
-0.000000 0.868731 -2.386819
-0.000000 2.199704 -1.270000
-0.000000 0.868731 -2.386819
2.386819 0.000000 0.868731
2.386819 0.000000 -0.868731
2.386819 0.000000 0.868731
2.386819 0.000000 -0.868731
1.270000 0.000000 -2.199704
2.386819 0.000000 -0.868731
0.000000 2.346654 0.972016
0.000000 2.540000 0.000000
0.000000 2.540000 0.000000
0.000000 2.540000 0.000000
0.000000 2.540000 0.000000
0.000000 2.540000 0.000000
0.000000 1.796051 1.796051
0.000000 1.796051 1.796051
0.000000 2.346654 0.972016
0.000000 0.972016 2.346654
0.000000 1.796051 1.796051
0.000000 1.796051 1.796051
-0.000000 -0.972016 -2.346654
-0.000000 0.000000 -2.540000
-0.000000 0.000000 -2.540000
-0.000000 0.000000 -2.540000
-0.000000 0.000000 -2.540000
-0.000000 0.000000 -2.540000
-0.000000 0.972016 -2.346654
-0.000000 0.972016 -2.346654
-0.000000 0.000000 -2.540000
-0.000000 1.796051 -1.796051
-0.000000 0.972016 -2.346654
-0.000000 0.972016 -2.346654
-0.000000 -0.972016 -2.346654
-0.000000 -0.972016 -2.346654
-0.000000 -1.796051 -1.796051
-0.000000 -0.972016 -2.346654
-0.000000 -0.972016 -2.346654
-0.000000 0.000000 -2.540000
0.000000 -2.540000 0.000000
0.000000 -2.540000 0.000000
0.000000 -2.540000 0.000000
0.000000 -2.346654 0.972016
0.000000 -2.540000 0.000000
0.000000 -2.540000 0.000000
1.945753 0.000000 1.632681
1.945753 0.000000 1.632681
2.540000 0.000000 -0.000000
0.000000 -2.540000 0.000000
0.000000 -2.540000 0.000000
0.000000 -2.540000 0.000000
-0.972016 0.000000 2.346654
-0.972016 0.000000 2.346654
-0.000000 0.000000 2.540000
-1.796051 0.000000 1.796051
-0.972016 0.000000 2.346654
-0.972016 0.000000 2.346654
0.972016 0.000000 -2.346654
0.972016 0.000000 -2.346654
1.796051 0.000000 -1.796051
0.972016 0.000000 -2.346654
0.972016 0.000000 -2.346654
-0.000000 0.000000 -2.540000
2.136784 0.000000 -1.373228
2.540000 0.000000 0.000000
2.540000 0.000000 0.000000
2.136784 0.000000 1.373228
2.540000 0.000000 0.000000
2.540000 0.000000 0.000000
-1.663346 0.000000 -1.919604
-1.663346 0.000000 -1.919604
-0.361480 0.000000 -2.514147
-1.663346 0.000000 -1.919604
-1.663346 0.000000 -1.919604
-2.437112 0.000000 -0.715601
1.055154 0.000000 -2.310465
-0.361480 0.000000 -2.514147
-0.361480 0.000000 -2.514147
-0.361480 0.000000 -2.514147
-1.663346 0.000000 -1.919604
-0.361480 0.000000 -2.514147
0.000000 2.540000 0.000000
0.000000 2.540000 0.000000
0.000000 2.540000 0.000000
-2.386819 0.000000 -0.868731
-1.270000 0.000000 -2.199704
-2.386819 0.000000 -0.868731
0.000000 -2.540000 0.000000
0.000000 -2.540000 0.000000
0.000000 -2.540000 0.000000
1.945753 0.000000 1.632681
1.945753 0.000000 1.632681
2.540000 0.000000 -0.000000
-1.270000 0.000000 -2.199704
-1.270000 0.000000 -2.199704
-2.386819 0.000000 -0.868731
1.945753 0.000000 1.632681
1.945753 0.000000 1.632681
2.540000 0.000000 -0.000000
1.945753 0.000000 1.632681
1.945753 0.000000 1.632681
2.540000 0.000000 -0.000000
-1.270000 0.000000 -2.199704
-1.270000 0.000000 -2.199704
-2.386819 0.000000 -0.868731
-2.386819 0.000000 -0.868731
-2.386819 0.000000 -0.868731
-2.386819 0.000000 0.868731
-2.386819 0.000000 0.868731
-2.386819 0.000000 -0.868731
-2.386819 0.000000 0.868731
-2.386819 0.000000 0.868731
-2.386819 0.000000 -0.868731
-2.386819 0.000000 0.868731
-2.386819 0.000000 -0.868731
-2.386819 0.000000 -0.868731
-2.386819 0.000000 0.868731
-2.386819 0.000000 -0.868731
-2.386819 0.000000 -0.868731
-2.386819 0.000000 0.868731
0.000000 -2.540000 0.000000
0.000000 -2.540000 0.000000
0.000000 -2.540000 0.000000
-2.386819 0.000000 -0.868731
-2.386819 0.000000 -0.868731
-2.386819 0.000000 0.868731
0.000000 -2.540000 0.000000
0.000000 -2.540000 0.000000
0.000000 -2.540000 0.000000
2.136784 0.000000 -1.373228
2.540000 0.000000 0.000000
2.540000 0.000000 0.000000
2.540000 0.000000 0.000000
2.540000 0.000000 0.000000
2.136784 0.000000 1.373228
2.162732 0.000000 1.331987
2.540000 0.000000 0.000000
2.540000 0.000000 0.000000
2.162732 0.000000 -1.331987
2.540000 0.000000 0.000000
2.540000 0.000000 0.000000
-0.361480 0.000000 -2.514147
1.055154 0.000000 -2.310465
1.055154 0.000000 -2.310465
2.136784 0.000000 -1.373228
1.055154 0.000000 -2.310465
1.055154 0.000000 -2.310465
2.540000 0.000000 0.000000
2.162732 0.000000 -1.331987
2.162732 0.000000 -1.331987
2.162732 0.000000 -1.331987
2.162732 0.000000 -1.331987
1.143000 0.000000 -2.268292
-1.663346 0.000000 1.919604
-0.361480 0.000000 2.514147
-0.361480 0.000000 2.514147
1.055154 0.000000 2.310465
-0.361480 0.000000 2.514147
-0.361480 0.000000 2.514147
1.796051 0.000000 1.796051
0.972016 0.000000 2.346654
0.972016 0.000000 2.346654
-0.000000 0.000000 2.540000
0.972016 0.000000 2.346654
0.972016 0.000000 2.346654
1.796051 0.000000 -1.796051
0.972016 0.000000 -2.346654
0.972016 0.000000 -2.346654
-0.000000 0.000000 -2.540000
0.972016 0.000000 -2.346654
0.972016 0.000000 -2.346654
-0.972016 0.000000 2.346654
-0.000000 0.000000 2.540000
-0.972016 0.000000 2.346654
-1.796051 0.000000 1.796051
-0.972016 0.000000 2.346654
-0.972016 0.000000 2.346654
-0.361480 0.000000 2.514147
-1.663346 0.000000 1.919604
-0.361480 0.000000 2.514147
-0.361480 0.000000 2.514147
-0.361480 0.000000 2.514147
1.055154 0.000000 2.310465
1.796051 0.000000 1.796051
0.972016 0.000000 2.346654
0.972016 0.000000 2.346654
-0.000000 0.000000 2.540000
0.972016 0.000000 2.346654
0.972016 0.000000 2.346654
-0.000000 2.199704 -1.270000
-0.000000 2.199704 -1.270000
-0.000000 0.868731 -2.386819
0.000000 2.501412 0.441066
-0.000000 2.199704 -1.270000
-0.000000 2.199704 -1.270000
0.000000 -0.972016 2.346654
0.000000 -1.796051 1.796051
0.000000 -0.972016 2.346654
0.000000 0.000000 2.540000
0.000000 -0.972016 2.346654
0.000000 -0.972016 2.346654
0.000000 0.972016 2.346654
0.000000 0.000000 2.540000
0.000000 0.972016 2.346654
0.000000 0.972016 2.346654
0.000000 0.972016 2.346654
0.000000 1.796051 1.796051
0.000000 -2.346654 0.972016
0.000000 -2.346654 0.972016
0.000000 -1.796051 1.796051
0.000000 -2.346654 0.972016
0.000000 -2.540000 0.000000
0.000000 -2.346654 0.972016
0.000000 -2.540000 0.000000
0.000000 -2.540000 0.000000
-0.000000 -2.346654 -0.972016
0.000000 -2.540000 0.000000
0.000000 -2.540000 0.000000
0.000000 -2.540000 0.000000
0.000000 2.346654 0.972016
0.000000 2.540000 0.000000
0.000000 2.346654 0.972016
0.000000 1.796051 1.796051
0.000000 2.346654 0.972016
0.000000 2.346654 0.972016
0.000000 -0.972016 2.346654
0.000000 -1.796051 1.796051
0.000000 -1.796051 1.796051
0.000000 -2.346654 0.972016
0.000000 -1.796051 1.796051
0.000000 -1.796051 1.796051
-0.000000 2.346654 -0.972016
0.000000 2.540000 0.000000
0.000000 2.540000 0.000000
0.000000 2.540000 0.000000
0.000000 2.540000 0.000000
0.000000 2.540000 0.000000
-0.000000 1.796051 -1.796051
-0.000000 1.796051 -1.796051
-0.000000 0.972016 -2.346654
-0.000000 2.346654 -0.972016
-0.000000 1.796051 -1.796051
-0.000000 1.796051 -1.796051
-0.000000 2.346654 -0.972016
-0.000000 2.346654 -0.972016
-0.000000 1.796051 -1.796051
-0.000000 2.346654 -0.972016
-0.000000 2.346654 -0.972016
0.000000 2.540000 0.000000
-0.000000 0.000000 -2.540000
-0.000000 0.000000 -2.540000
-0.000000 0.000000 -2.540000
-0.000000 0.972016 -2.346654
-0.000000 0.000000 -2.540000
-0.000000 0.000000 -2.540000
1.945753 0.000000 1.632681
1.945753 0.000000 1.632681
2.540000 0.000000 -0.000000
-2.386819 0.000000 -0.868731
-2.386819 0.000000 -0.868731
-2.386819 0.000000 0.868731
0.000000 -2.540000 0.000000
0.000000 -2.540000 0.000000
0.000000 -2.540000 0.000000
0.000000 -2.540000 0.000000
0.000000 -2.540000 0.000000
0.000000 -2.540000 0.000000
1.945753 0.000000 1.632681
1.945753 0.000000 1.632681
2.540000 0.000000 -0.000000
0.000000 -2.540000 0.000000
0.000000 -2.540000 0.000000
0.000000 -2.540000 0.000000
-2.386819 0.000000 -0.868731
-2.386819 0.000000 -0.868731
-2.386819 0.000000 0.868731
0.000000 -2.540000 0.000000
0.000000 -2.540000 0.000000
0.000000 -2.540000 0.000000
1.143000 0.000000 2.268292
2.162732 0.000000 1.331987
2.162732 0.000000 1.331987
2.162732 0.000000 1.331987
2.162732 0.000000 1.331987
2.540000 0.000000 0.000000
2.162732 0.000000 1.331987
2.162732 0.000000 1.331987
1.143000 0.000000 2.268292
2.162732 0.000000 1.331987
2.162732 0.000000 1.331987
2.540000 0.000000 0.000000
2.162732 0.000000 -1.331987
1.143000 0.000000 -2.268292
2.162732 0.000000 -1.331987
2.162732 0.000000 -1.331987
2.540000 0.000000 0.000000
2.162732 0.000000 -1.331987
-2.437112 0.000000 0.715601
-2.437112 0.000000 -0.715601
-2.437112 0.000000 -0.715601
-2.437112 0.000000 -0.715601
-2.437112 0.000000 -0.715601
-1.663346 0.000000 -1.919604
1.055154 0.000000 -2.310465
1.055154 0.000000 -2.310465
2.136784 0.000000 -1.373228
1.055154 0.000000 -2.310465
1.055154 0.000000 -2.310465
-0.361480 0.000000 -2.514147
-0.361480 0.000000 -2.514147
-0.361480 0.000000 -2.514147
1.055154 0.000000 -2.310465
-1.663346 0.000000 -1.919604
-0.361480 0.000000 -2.514147
-0.361480 0.000000 -2.514147
1.055154 0.000000 2.310465
1.055154 0.000000 2.310465
-0.361480 0.000000 2.514147
2.136784 0.000000 1.373228
1.055154 0.000000 2.310465
1.055154 0.000000 2.310465
-2.437112 0.000000 0.715601
-1.663346 0.000000 1.919604
-1.663346 0.000000 1.919604
-1.663346 0.000000 1.919604
-1.663346 0.000000 1.919604
-0.361480 0.000000 2.514147
-0.972016 0.000000 2.346654
-0.000000 0.000000 2.540000
-0.000000 0.000000 2.540000
-0.000000 0.000000 2.540000
-0.000000 0.000000 2.540000
0.972016 0.000000 2.346654
-1.796051 0.000000 1.796051
-1.796051 0.000000 1.796051
-0.972016 0.000000 2.346654
-2.346654 0.000000 0.972016
-1.796051 0.000000 1.796051
-1.796051 0.000000 1.796051
1.143000 0.000000 -2.268292
1.143000 0.000000 -2.268292
1.882511 0.000000 -1.705214
2.162732 0.000000 -1.331987
1.143000 0.000000 -2.268292
1.143000 0.000000 -2.268292
-2.540000 0.000000 0.000000
-2.540000 0.000000 0.000000
-2.540000 0.000000 0.000000
0.000000 -0.000000 -2.540000
0.000000 -1.632681 -1.945753
0.000000 -0.000000 -2.540000
2.540000 0.000000 0.000000
2.540000 0.000000 0.000000
2.540000 0.000000 0.000000
0.000000 -0.000000 -2.540000
0.000000 -0.000000 -2.540000
0.000000 1.632681 -1.945753
1.945753 0.000000 -1.632681
1.945753 0.000000 -1.632681
0.441066 0.000000 -2.501412
0.000000 -2.540000 0.000000
0.000000 -2.540000 0.000000
0.000000 -2.540000 0.000000
0.000000 -2.540000 0.000000
0.000000 -2.540000 0.000000
0.000000 -2.540000 0.000000
1.945753 0.000000 -1.632681
1.945753 0.000000 -1.632681
0.441066 0.000000 -2.501412
0.000000 2.540000 0.000000
0.000000 2.540000 0.000000
0.000000 2.540000 0.000000
1.945753 0.000000 1.632681
0.441066 0.000000 2.501412
1.945753 0.000000 1.632681
0.000000 2.540000 0.000000
0.000000 2.540000 0.000000
0.000000 2.540000 0.000000
1.945753 0.000000 1.632681
0.441066 0.000000 2.501412
1.945753 0.000000 1.632681
0.000000 -2.540000 0.000000
0.000000 -2.540000 0.000000
0.000000 -2.540000 0.000000
1.945753 0.000000 -1.632681
1.945753 0.000000 -1.632681
0.441066 0.000000 -2.501412
0.000000 -2.540000 0.000000
0.000000 -2.540000 0.000000
0.000000 -2.540000 0.000000
1.945753 0.000000 -1.632681
1.945753 0.000000 -1.632681
0.441066 0.000000 -2.501412
-1.270000 0.000000 -2.199704
0.441066 0.000000 -2.501412
-1.270000 0.000000 -2.199704
0.441066 0.000000 -2.501412
0.441066 0.000000 -2.501412
-1.270000 0.000000 -2.199704
-1.270000 0.000000 -2.199704
0.441066 0.000000 -2.501412
-1.270000 0.000000 -2.199704
0.441066 0.000000 -2.501412
0.441066 0.000000 -2.501412
-1.270000 0.000000 -2.199704
1.055154 0.000000 2.310465
2.136784 0.000000 1.373228
1.055154 0.000000 2.310465
-0.361480 0.000000 2.514147
1.055154 0.000000 2.310465
1.055154 0.000000 2.310465
-1.663346 0.000000 1.919604
-1.663346 0.000000 1.919604
-2.437112 0.000000 0.715601
-1.663346 0.000000 1.919604
-0.361480 0.000000 2.514147
-1.663346 0.000000 1.919604
2.540000 0.000000 0.000000
2.162732 0.000000 -1.331987
2.540000 0.000000 0.000000
2.162732 0.000000 1.331987
2.540000 0.000000 0.000000
2.540000 0.000000 0.000000
-2.437112 0.000000 0.715601
-2.437112 0.000000 -0.715601
-2.437112 0.000000 -0.715601
-1.663346 0.000000 -1.919604
-2.437112 0.000000 -0.715601
-2.437112 0.000000 -0.715601
2.136784 0.000000 -1.373228
1.055154 0.000000 -2.310465
2.136784 0.000000 -1.373228
2.136784 0.000000 -1.373228
2.136784 0.000000 -1.373228
2.540000 0.000000 0.000000
1.143000 0.000000 -2.268292
1.143000 0.000000 -2.268292
1.882511 0.000000 -1.705214
2.162732 0.000000 -1.331987
1.143000 0.000000 -2.268292
1.143000 0.000000 -2.268292
2.136784 0.000000 -1.373228
2.136784 0.000000 -1.373228
1.055154 0.000000 -2.310465
2.136784 0.000000 -1.373228
2.540000 0.000000 0.000000
2.136784 0.000000 -1.373228
-0.361480 0.000000 -2.514147
-1.663346 0.000000 -1.919604
-1.663346 0.000000 -1.919604
-2.437112 0.000000 -0.715601
-1.663346 0.000000 -1.919604
-1.663346 0.000000 -1.919604
2.136784 0.000000 -1.373228
1.055154 0.000000 -2.310465
1.055154 0.000000 -2.310465
-0.361480 0.000000 -2.514147
1.055154 0.000000 -2.310465
1.055154 0.000000 -2.310465
0.000000 -2.540000 0.000000
-0.000000 -2.346654 -0.972016
-0.000000 -2.346654 -0.972016
-0.000000 -1.796051 -1.796051
-0.000000 -2.346654 -0.972016
-0.000000 -2.346654 -0.972016
-0.000000 -1.796051 -1.796051
-0.000000 -2.346654 -0.972016
-0.000000 -1.796051 -1.796051
-0.000000 -0.972016 -2.346654
-0.000000 -1.796051 -1.796051
-0.000000 -1.796051 -1.796051
0.000000 -2.540000 0.000000
0.000000 -2.540000 0.000000
0.000000 -2.540000 0.000000
0.000000 -2.540000 0.000000
0.000000 -2.540000 0.000000
0.000000 -2.540000 0.000000
2.386819 0.000000 -0.868731
1.270000 0.000000 -2.199704
2.386819 0.000000 -0.868731
0.000000 2.540000 0.000000
0.000000 2.540000 0.000000
0.000000 2.540000 0.000000
-0.441066 0.000000 2.501412
1.270000 0.000000 2.199704
-0.441066 0.000000 2.501412
1.270000 0.000000 2.199704
1.270000 0.000000 2.199704
2.386819 0.000000 0.868731
-0.000000 0.000000 2.540000
-0.000000 0.000000 2.540000
0.972016 0.000000 2.346654
-0.972016 0.000000 2.346654
-0.000000 0.000000 2.540000
-0.000000 0.000000 2.540000
-1.796051 0.000000 1.796051
-1.796051 0.000000 1.796051
-0.972016 0.000000 2.346654
-2.346654 0.000000 0.972016
-1.796051 0.000000 1.796051
-1.796051 0.000000 1.796051
-1.796051 0.000000 -1.796051
-1.796051 0.000000 -1.796051
-0.972016 0.000000 -2.346654
-2.346654 0.000000 -0.972016
-1.796051 0.000000 -1.796051
-1.796051 0.000000 -1.796051
-1.796051 0.000000 -1.796051
-1.796051 0.000000 -1.796051
-0.972016 0.000000 -2.346654
-1.796051 0.000000 -1.796051
-1.796051 0.000000 -1.796051
-2.346654 0.000000 -0.972016
-1.796051 0.000000 -1.796051
-2.346654 0.000000 -0.972016
-2.346654 0.000000 -0.972016
-2.540000 0.000000 -0.000000
-2.346654 0.000000 -0.972016
-2.346654 0.000000 -0.972016
1.796051 0.000000 -1.796051
1.796051 0.000000 -1.796051
0.972016 0.000000 -2.346654
1.796051 0.000000 -1.796051
1.796051 0.000000 -1.796051
1.796051 0.000000 -1.796051
0.972016 0.000000 -2.346654
1.796051 0.000000 -1.796051
1.796051 0.000000 -1.796051
1.796051 0.000000 -1.796051
1.796051 0.000000 -1.796051
1.796051 0.000000 -1.796051
0.000000 -2.540000 0.000000
0.000000 -2.540000 0.000000
0.000000 -2.540000 0.000000
0.000000 -2.540000 0.000000
0.000000 -2.540000 0.000000
0.000000 -2.540000 0.000000
0.000000 -2.540000 0.000000
0.000000 -2.540000 0.000000
0.000000 -2.540000 0.000000
0.000000 -2.540000 0.000000
0.000000 -2.540000 0.000000
0.000000 -2.540000 0.000000
-2.437112 0.000000 0.715601
-2.437112 0.000000 0.715601
-1.663346 0.000000 1.919604
-2.437112 0.000000 -0.715601
-2.437112 0.000000 0.715601
-2.437112 0.000000 0.715601
-2.437112 0.000000 0.715601
-2.437112 0.000000 0.715601
-2.437112 0.000000 -0.715601
-2.437112 0.000000 0.715601
-2.437112 0.000000 0.715601
-1.663346 0.000000 1.919604
2.136784 0.000000 -1.373228
2.540000 0.000000 0.000000
2.540000 0.000000 0.000000
2.136784 0.000000 1.373228
2.540000 0.000000 0.000000
2.540000 0.000000 0.000000
-0.361480 0.000000 -2.514147
-1.663346 0.000000 -1.919604
-1.663346 0.000000 -1.919604
-1.663346 0.000000 -1.919604
-1.663346 0.000000 -1.919604
-2.437112 0.000000 -0.715601
-0.361480 0.000000 2.514147
1.055154 0.000000 2.310465
1.055154 0.000000 2.310465
2.136784 0.000000 1.373228
1.055154 0.000000 2.310465
1.055154 0.000000 2.310465
1.055154 0.000000 2.310465
1.055154 0.000000 2.310465
-0.361480 0.000000 2.514147
2.136784 0.000000 1.373228
1.055154 0.000000 2.310465
1.055154 0.000000 2.310465
-2.437112 0.000000 -0.715601
-2.437112 0.000000 -0.715601
-1.663346 0.000000 -1.919604
-2.437112 0.000000 -0.715601
-2.437112 0.000000 -0.715601
-2.437112 0.000000 0.715601
2.136784 0.000000 1.373228
2.136784 0.000000 1.373228
1.055154 0.000000 2.310465
2.540000 0.000000 0.000000
2.136784 0.000000 1.373228
2.136784 0.000000 1.373228
2.136784 0.000000 1.373228
2.136784 0.000000 1.373228
1.055154 0.000000 2.310465
2.136784 0.000000 1.373228
2.136784 0.000000 1.373228
2.540000 0.000000 0.000000
2.136784 0.000000 1.373228
2.136784 0.000000 1.373228
1.055154 0.000000 2.310465
2.136784 0.000000 1.373228
2.136784 0.000000 1.373228
2.540000 0.000000 0.000000
1.945753 0.000000 -1.632681
1.945753 0.000000 -1.632681
0.441066 0.000000 -2.501412
0.000000 -2.540000 0.000000
0.000000 -2.540000 0.000000
0.000000 -2.540000 0.000000
-2.386819 0.000000 -0.868731
-1.270000 0.000000 -2.199704
-2.386819 0.000000 -0.868731
0.000000 2.540000 0.000000
0.000000 2.540000 0.000000
0.000000 2.540000 0.000000
0.000000 2.540000 0.000000
0.000000 2.540000 0.000000
0.000000 2.540000 0.000000
1.945753 0.000000 1.632681
0.441066 0.000000 2.501412
1.945753 0.000000 1.632681
0.000000 2.540000 0.000000
0.000000 2.540000 0.000000
0.000000 2.540000 0.000000
1.945753 0.000000 1.632681
0.441066 0.000000 2.501412
1.945753 0.000000 1.632681
0.441066 0.000000 2.501412
0.441066 0.000000 2.501412
1.945753 0.000000 1.632681
0.000000 -2.540000 0.000000
0.000000 -2.540000 0.000000
0.000000 -2.540000 0.000000
1.945753 0.000000 1.632681
0.441066 0.000000 2.501412
1.945753 0.000000 1.632681
0.000000 2.540000 0.000000
0.000000 2.540000 0.000000
0.000000 2.540000 0.000000
1.945753 0.000000 1.632681
0.441066 0.000000 2.501412
1.945753 0.000000 1.632681
0.000000 2.540000 0.000000
0.000000 2.540000 0.000000
0.000000 2.540000 0.000000
1.945753 0.000000 -1.632681
2.540000 0.000000 -0.000000
1.945753 0.000000 -1.632681
0.000000 2.540000 0.000000
0.000000 2.540000 0.000000
0.000000 2.540000 0.000000
2.369934 0.000000 -0.913790
2.540000 0.000000 0.000000
2.540000 0.000000 0.000000
0.000000 2.540000 0.000000
0.000000 2.540000 0.000000
0.000000 2.540000 0.000000
-2.540000 0.000000 0.000000
-2.540000 0.000000 0.000000
-2.540000 0.000000 0.000000
-0.000000 2.199704 -1.270000
0.000000 2.501412 0.441066
-0.000000 2.199704 -1.270000
0.000000 -1.632681 1.945753
0.000000 -2.501412 0.441066
0.000000 -1.632681 1.945753
-2.540000 0.000000 0.000000
-2.540000 0.000000 0.000000
-2.540000 0.000000 0.000000
0.000000 2.540000 0.000000
0.000000 2.540000 0.000000
0.000000 2.540000 0.000000
1.882511 0.000000 1.705214
1.882511 0.000000 1.705214
2.369934 0.000000 0.913790
0.000000 2.540000 0.000000
0.000000 2.540000 0.000000
0.000000 2.540000 0.000000
0.000000 2.540000 0.000000
0.000000 2.540000 0.000000
0.000000 2.540000 0.000000
0.000000 2.540000 0.000000
0.000000 2.540000 0.000000
0.000000 2.540000 0.000000
0.000000 2.540000 0.000000
0.000000 2.540000 0.000000
0.000000 2.540000 0.000000
0.000000 -2.540000 0.000000
0.000000 -2.540000 0.000000
0.000000 -2.540000 0.000000
1.882511 0.000000 1.705214
2.369934 0.000000 0.913790
2.369934 0.000000 0.913790
0.441066 0.000000 2.501412
0.441066 0.000000 2.501412
1.945753 0.000000 1.632681
-1.270000 0.000000 2.199704
-2.386819 0.000000 0.868731
-1.270000 0.000000 2.199704
0.441066 0.000000 2.501412
0.441066 0.000000 2.501412
1.945753 0.000000 1.632681
-1.270000 0.000000 2.199704
-2.386819 0.000000 0.868731
-1.270000 0.000000 2.199704
-0.000000 2.199704 -1.270000
0.000000 2.501412 0.441066
-0.000000 2.199704 -1.270000
-2.540000 0.000000 0.000000
-2.540000 0.000000 0.000000
-2.540000 0.000000 0.000000
1.055154 0.000000 -2.310465
-0.361480 0.000000 -2.514147
1.055154 0.000000 -2.310465
2.136784 0.000000 -1.373228
1.055154 0.000000 -2.310465
1.055154 0.000000 -2.310465
-1.663346 0.000000 1.919604
-0.361480 0.000000 2.514147
-1.663346 0.000000 1.919604
-2.437112 0.000000 0.715601
-1.663346 0.000000 1.919604
-1.663346 0.000000 1.919604
-1.663346 0.000000 -1.919604
-2.437112 0.000000 -0.715601
-2.437112 0.000000 -0.715601
-2.437112 0.000000 0.715601
-2.437112 0.000000 -0.715601
-2.437112 0.000000 -0.715601
-0.361480 0.000000 2.514147
-1.663346 0.000000 1.919604
-1.663346 0.000000 1.919604
-2.437112 0.000000 0.715601
-1.663346 0.000000 1.919604
-1.663346 0.000000 1.919604
2.136784 0.000000 -1.373228
2.540000 0.000000 0.000000
2.540000 0.000000 0.000000
2.540000 0.000000 0.000000
2.540000 0.000000 0.000000
2.136784 0.000000 1.373228
2.136784 0.000000 -1.373228
2.136784 0.000000 -1.373228
2.540000 0.000000 0.000000
2.136784 0.000000 -1.373228
1.055154 0.000000 -2.310465
2.136784 0.000000 -1.373228
-0.361480 0.000000 -2.514147
-1.663346 0.000000 -1.919604
-1.663346 0.000000 -1.919604
-2.437112 0.000000 -0.715601
-1.663346 0.000000 -1.919604
-1.663346 0.000000 -1.919604
-2.437112 0.000000 0.715601
-2.437112 0.000000 0.715601
-1.663346 0.000000 1.919604
-2.437112 0.000000 0.715601
-2.437112 0.000000 -0.715601
-2.437112 0.000000 0.715601
-2.437112 0.000000 0.715601
-2.437112 0.000000 -0.715601
-2.437112 0.000000 0.715601
-1.663346 0.000000 1.919604
-2.437112 0.000000 0.715601
-2.437112 0.000000 0.715601
2.540000 0.000000 0.000000
2.136784 0.000000 1.373228
2.136784 0.000000 1.373228
1.055154 0.000000 2.310465
2.136784 0.000000 1.373228
2.136784 0.000000 1.373228
2.136784 0.000000 -1.373228
2.540000 0.000000 0.000000
2.136784 0.000000 -1.373228
1.055154 0.000000 -2.310465
2.136784 0.000000 -1.373228
2.136784 0.000000 -1.373228
0.000000 -2.540000 0.000000
0.000000 -2.540000 0.000000
0.000000 -2.540000 0.000000
1.945753 0.000000 1.632681
1.945753 0.000000 1.632681
2.540000 0.000000 -0.000000
1.945753 0.000000 1.632681
1.945753 0.000000 1.632681
2.540000 0.000000 -0.000000
0.000000 -2.540000 0.000000
0.000000 -2.540000 0.000000
0.000000 -2.540000 0.000000
0.000000 2.540000 0.000000
0.000000 2.540000 0.000000
0.000000 2.540000 0.000000
0.000000 2.540000 0.000000
0.000000 2.540000 0.000000
0.000000 2.540000 0.000000
-0.000000 0.000000 -2.540000
-0.972016 0.000000 -2.346654
-0.000000 0.000000 -2.540000
-0.000000 0.000000 -2.540000
0.972016 0.000000 -2.346654
-0.000000 0.000000 -2.540000
-2.386819 0.000000 -0.868731
-2.386819 0.000000 -0.868731
-2.386819 0.000000 0.868731
0.000000 -2.540000 0.000000
0.000000 -2.540000 0.000000
0.000000 -2.540000 0.000000
0.000000 -2.540000 0.000000
0.000000 -2.540000 0.000000
0.000000 -2.540000 0.000000
-2.386819 0.000000 -0.868731
-2.386819 0.000000 -0.868731
-2.386819 0.000000 0.868731
2.540000 0.000000 0.000000
2.540000 0.000000 0.000000
2.540000 0.000000 0.000000
0.000000 -1.632681 1.945753
0.000000 -1.632681 1.945753
0.000000 0.000000 2.540000
0.000000 2.540000 0.000000
0.000000 2.540000 0.000000
0.000000 2.540000 0.000000
1.882511 0.000000 1.705214
2.369934 0.000000 0.913790
2.369934 0.000000 0.913790
-2.386819 0.000000 -0.868731
-2.386819 0.000000 -0.868731
-2.386819 0.000000 0.868731
0.000000 -2.540000 0.000000
0.000000 -2.540000 0.000000
0.000000 -2.540000 0.000000
-2.386819 0.000000 -0.868731
-2.386819 0.000000 -0.868731
-2.386819 0.000000 0.868731
0.000000 -2.540000 0.000000
0.000000 -2.540000 0.000000
0.000000 -2.540000 0.000000
-2.540000 0.000000 -0.000000
-2.540000 0.000000 -0.000000
-2.346654 0.000000 0.972016
-2.540000 0.000000 -0.000000
-2.540000 0.000000 0.000000
-2.540000 0.000000 -0.000000
2.540000 0.000000 0.000000
2.540000 0.000000 0.000000
2.540000 0.000000 0.000000
0.000000 0.000000 2.540000
0.000000 0.000000 2.540000
0.000000 1.632681 1.945753
-0.361480 0.000000 -2.514147
-0.361480 0.000000 -2.514147
-1.663346 0.000000 -1.919604
-0.361480 0.000000 -2.514147
-0.361480 0.000000 -2.514147
1.055154 0.000000 -2.310465
-0.361480 0.000000 2.514147
-0.361480 0.000000 2.514147
1.055154 0.000000 2.310465
-1.663346 0.000000 1.919604
-0.361480 0.000000 2.514147
-0.361480 0.000000 2.514147
2.199704 0.000000 1.270000
1.796051 0.000000 1.796051
1.796051 0.000000 1.796051
0.000000 2.540000 0.000000
0.000000 2.540000 0.000000
0.000000 2.540000 0.000000
1.796051 0.000000 1.796051
1.796051 0.000000 1.796051
2.199704 0.000000 1.270000
0.000000 2.540000 0.000000
0.000000 2.540000 0.000000
0.000000 2.540000 0.000000
2.540000 0.000000 -0.000000
2.540000 0.000000 -0.000000
2.369934 0.000000 -0.913790
0.000000 2.540000 0.000000
0.000000 2.540000 0.000000
0.000000 2.540000 0.000000
0.000000 2.540000 0.000000
0.000000 2.540000 0.000000
0.000000 2.540000 0.000000
-2.386819 0.000000 -0.868731
-1.270000 0.000000 -2.199704
-2.386819 0.000000 -0.868731
1.882511 0.000000 1.705214
2.369934 0.000000 0.913790
1.882511 0.000000 1.705214
0.000000 -2.540000 0.000000
0.000000 -2.540000 0.000000
0.000000 -2.540000 0.000000
1.143000 0.000000 -2.268292
1.882511 0.000000 -1.705214
1.882511 0.000000 -1.705214
2.369934 0.000000 -0.913790
1.882511 0.000000 -1.705214
1.882511 0.000000 -1.705214
2.162732 0.000000 1.331987
1.143000 0.000000 2.268292
1.143000 0.000000 2.268292
1.143000 0.000000 2.268292
1.143000 0.000000 2.268292
1.882511 0.000000 1.705214
1.143000 0.000000 2.268292
1.143000 0.000000 2.268292
2.162732 0.000000 1.331987
1.882511 0.000000 1.705214
1.143000 0.000000 2.268292
1.143000 0.000000 2.268292
-2.386819 0.000000 0.868731
-2.386819 0.000000 0.868731
-1.270000 0.000000 2.199704
0.000000 -2.540000 0.000000
0.000000 -2.540000 0.000000
0.000000 -2.540000 0.000000
-1.270000 0.000000 -2.199704
-1.270000 0.000000 -2.199704
-2.386819 0.000000 -0.868731
0.000000 -2.540000 0.000000
0.000000 -2.540000 0.000000
0.000000 -2.540000 0.000000
2.540000 0.000000 0.000000
2.540000 0.000000 0.000000
2.540000 0.000000 0.000000
-0.000000 -2.199704 -1.270000
-0.000000 -2.199704 -1.270000
0.000000 -2.501412 0.441066
0.000000 0.868731 2.386819
0.000000 0.868731 2.386819
0.000000 -0.868731 2.386819
-2.540000 0.000000 0.000000
-2.540000 0.000000 0.000000
-2.540000 0.000000 0.000000
2.540000 0.000000 0.000000
2.540000 0.000000 0.000000
2.540000 0.000000 0.000000
-0.000000 -2.199704 -1.270000
-0.000000 -2.199704 -1.270000
0.000000 -2.501412 0.441066
0.000000 2.540000 0.000000
0.000000 2.540000 0.000000
0.000000 2.540000 0.000000
-2.386819 0.000000 0.868731
-2.386819 0.000000 -0.868731
-2.386819 0.000000 0.868731
0.000000 2.540000 0.000000
0.000000 2.540000 0.000000
0.000000 2.540000 0.000000
-2.386819 0.000000 0.868731
-2.386819 0.000000 -0.868731
-2.386819 0.000000 0.868731
2.540000 0.000000 0.000000
2.540000 0.000000 0.000000
2.540000 0.000000 0.000000
0.000000 0.000000 2.540000
0.000000 0.000000 2.540000
0.000000 1.632681 1.945753
-0.000000 -0.868731 -2.386819
-0.000000 -0.868731 -2.386819
-0.000000 -2.199704 -1.270000
2.540000 0.000000 0.000000
2.540000 0.000000 0.000000
2.540000 0.000000 0.000000
0.000000 2.540000 0.000000
0.000000 2.540000 0.000000
0.000000 2.540000 0.000000
-2.386819 0.000000 0.868731
-2.386819 0.000000 -0.868731
-2.386819 0.000000 0.868731
0.000000 2.540000 0.000000
0.000000 2.540000 0.000000
0.000000 2.540000 0.000000
-2.386819 0.000000 0.868731
-2.386819 0.000000 -0.868731
-2.386819 0.000000 0.868731
-0.000000 -0.868731 -2.386819
-0.000000 -0.868731 -2.386819
-0.000000 -2.199704 -1.270000
2.540000 0.000000 0.000000
2.540000 0.000000 0.000000
2.540000 0.000000 0.000000
0.000000 -0.868731 2.386819
0.000000 0.868731 2.386819
0.000000 -0.868731 2.386819
2.540000 0.000000 0.000000
2.540000 0.000000 0.000000
2.540000 0.000000 0.000000
-2.386819 0.000000 -0.868731
-1.270000 0.000000 -2.199704
-2.386819 0.000000 -0.868731
0.000000 2.540000 0.000000
0.000000 2.540000 0.000000
0.000000 2.540000 0.000000
-2.540000 0.000000 -0.000000
-2.346654 0.000000 0.972016
-2.540000 0.000000 -0.000000
-2.540000 0.000000 0.000000
-2.540000 0.000000 -0.000000
-2.540000 0.000000 -0.000000
0.000000 -1.632681 1.945753
0.000000 -2.501412 0.441066
0.000000 -1.632681 1.945753
-2.540000 0.000000 0.000000
-2.540000 0.000000 0.000000
-2.540000 0.000000 0.000000
2.369934 0.000000 -0.913790
1.882511 0.000000 -1.705214
1.882511 0.000000 -1.705214
1.143000 0.000000 -2.268292
1.882511 0.000000 -1.705214
1.882511 0.000000 -1.705214
-0.361480 0.000000 -2.514147
-1.663346 0.000000 -1.919604
-0.361480 0.000000 -2.514147
1.055154 0.000000 -2.310465
-0.361480 0.000000 -2.514147
-0.361480 0.000000 -2.514147
1.055154 0.000000 2.310465
-0.361480 0.000000 2.514147
-0.361480 0.000000 2.514147
-1.663346 0.000000 1.919604
-0.361480 0.000000 2.514147
-0.361480 0.000000 2.514147
-0.972016 0.000000 -2.346654
-0.000000 0.000000 -2.540000
-0.000000 0.000000 -2.540000
0.972016 0.000000 -2.346654
-0.000000 0.000000 -2.540000
-0.000000 0.000000 -2.540000
1.270000 0.000000 -2.199704
1.270000 0.000000 -2.199704
2.386819 0.000000 -0.868731
0.000000 -2.540000 0.000000
0.000000 -2.540000 0.000000
0.000000 -2.540000 0.000000
-0.000000 0.868731 -2.386819
-0.000000 2.199704 -1.270000
-0.000000 0.868731 -2.386819
-2.540000 0.000000 0.000000
-2.540000 0.000000 0.000000
-2.540000 0.000000 0.000000
0.000000 -1.632681 -1.945753
0.000000 -1.632681 -1.945753
0.000000 -0.000000 -2.540000
2.540000 0.000000 0.000000
2.540000 0.000000 0.000000
2.540000 0.000000 0.000000
0.000000 2.540000 0.000000
0.000000 2.540000 0.000000
0.000000 2.540000 0.000000
2.199704 0.000000 -1.270000
2.199704 0.000000 -1.270000
1.796051 0.000000 -1.796051
2.199704 0.000000 -1.270000
2.199704 0.000000 -1.270000
1.796051 0.000000 -1.796051
0.000000 2.540000 0.000000
0.000000 2.540000 0.000000
0.000000 2.540000 0.000000
-2.540000 0.000000 0.000000
-2.540000 0.000000 0.000000
-2.540000 0.000000 0.000000
0.000000 2.501412 -0.441066
0.000000 2.199704 1.270000
0.000000 2.501412 -0.441066
0.000000 -2.540000 0.000000
0.000000 -2.540000 0.000000
0.000000 -2.540000 0.000000
2.199704 0.000000 -1.270000
1.796051 0.000000 -1.796051
1.796051 0.000000 -1.796051
2.199704 0.000000 -1.270000
1.796051 0.000000 -1.796051
1.796051 0.000000 -1.796051
0.000000 -2.540000 0.000000
0.000000 -2.540000 0.000000
0.000000 -2.540000 0.000000
-2.540000 0.000000 0.000000
-2.540000 0.000000 0.000000
-2.540000 0.000000 0.000000
-0.000000 0.868731 -2.386819
-0.000000 2.199704 -1.270000
-0.000000 0.868731 -2.386819
0.000000 2.540000 0.000000
0.000000 2.540000 0.000000
0.000000 2.540000 0.000000
1.270000 0.000000 2.199704
1.270000 0.000000 2.199704
-0.441066 0.000000 2.501412
2.540000 0.000000 0.000000
2.540000 0.000000 0.000000
2.540000 0.000000 0.000000
0.000000 2.199704 1.270000
0.000000 2.199704 1.270000
0.000000 2.501412 -0.441066
1.270000 0.000000 -2.199704
-0.441066 0.000000 -2.501412
1.270000 0.000000 -2.199704
0.000000 -2.540000 0.000000
0.000000 -2.540000 0.000000
0.000000 -2.540000 0.000000
2.369934 0.000000 -0.913790
2.369934 0.000000 -0.913790
2.540000 0.000000 0.000000
2.369934 0.000000 -0.913790
2.369934 0.000000 -0.913790
1.882511 0.000000 -1.705214
-2.540000 0.000000 0.000000
-2.540000 0.000000 0.000000
-2.540000 0.000000 0.000000
0.000000 1.632681 -1.945753
0.000000 -0.000000 -2.540000
0.000000 1.632681 -1.945753
2.369934 0.000000 0.913790
2.540000 0.000000 0.000000
2.540000 0.000000 0.000000
2.540000 0.000000 0.000000
2.540000 0.000000 0.000000
2.540000 0.000000 0.000000
2.540000 0.000000 0.000000
2.540000 0.000000 0.000000
2.540000 0.000000 0.000000
2.369934 0.000000 0.913790
2.540000 0.000000 0.000000
2.540000 0.000000 0.000000
2.540000 0.000000 0.000000
2.540000 0.000000 0.000000
2.540000 0.000000 0.000000
0.000000 -2.501412 -0.441066
0.000000 -2.501412 -0.441066
0.000000 -2.199704 1.270000
1.270000 0.000000 2.199704
1.270000 0.000000 2.199704
2.386819 0.000000 0.868731
0.000000 -2.540000 0.000000
0.000000 -2.540000 0.000000
0.000000 -2.540000 0.000000
-2.540000 0.000000 0.000000
-2.540000 0.000000 0.000000
-2.540000 0.000000 0.000000
0.000000 0.000000 2.540000
0.000000 -1.632681 1.945753
0.000000 0.000000 2.540000
-1.270000 -2.199704 0.000000
-1.270000 -2.199704 0.000000
0.000000 -2.540000 0.000000
0.000000 0.000000 2.540000
0.000000 0.000000 2.540000
0.000000 0.000000 2.540000
-2.540000 0.000000 0.000000
-2.540000 0.000000 0.000000
-2.540000 0.000000 0.000000
0.000000 -2.199704 1.270000
0.000000 -2.501412 -0.441066
0.000000 -2.199704 1.270000
0.000000 0.000000 2.540000
0.000000 -1.632681 1.945753
0.000000 0.000000 2.540000
-2.540000 -0.000000 0.000000
-2.540000 0.000000 0.000000
-2.540000 0.000000 0.000000
0.000000 -2.540000 0.000000
0.000000 -2.540000 0.000000
0.000000 -2.540000 0.000000
2.199704 0.000000 1.270000
2.199704 0.000000 1.270000
1.796051 0.000000 1.796051
0.000000 -2.540000 0.000000
0.000000 -2.540000 0.000000
0.000000 -2.540000 0.000000
2.199704 0.000000 1.270000
1.796051 0.000000 1.796051
2.199704 0.000000 1.270000
0.000000 -2.540000 0.000000
0.000000 -2.540000 0.000000
0.000000 -2.540000 0.000000
2.453452 0.000000 -0.657400
2.453452 0.000000 -0.657400
2.540000 0.000000 0.000000
2.453452 0.000000 -0.657400
2.453452 0.000000 -0.657400
2.540000 0.000000 0.000000
0.000000 -2.540000 0.000000
0.000000 -2.540000 0.000000
0.000000 -2.540000 0.000000
0.000000 0.000000 -2.540000
0.000000 0.000000 -2.540000
0.000000 0.000000 -2.540000
-2.540000 0.000000 0.000000
-2.199704 1.270000 0.000000
-2.540000 0.000000 0.000000
0.000000 2.540000 0.000000
0.000000 2.540000 0.000000
0.000000 2.540000 0.000000
2.199704 0.000000 1.270000
2.453452 0.000000 0.657400
2.199704 0.000000 1.270000
2.199704 0.000000 1.270000
2.453452 0.000000 0.657400
2.199704 0.000000 1.270000
0.000000 2.540000 0.000000
0.000000 2.540000 0.000000
0.000000 2.540000 0.000000
2.540000 0.000000 0.000000
2.540000 0.000000 0.000000
2.540000 0.000000 0.000000
0.000000 -2.501412 0.441066
0.000000 -2.501412 0.441066
0.000000 -1.632681 1.945753
0.000000 2.540000 0.000000
0.000000 2.540000 0.000000
0.000000 2.540000 0.000000
2.453452 0.000000 -0.657400
2.540000 0.000000 0.000000
2.540000 0.000000 0.000000
2.453452 0.000000 -0.657400
2.540000 0.000000 0.000000
2.540000 0.000000 0.000000
0.000000 2.540000 0.000000
0.000000 2.540000 0.000000
0.000000 2.540000 0.000000
0.000000 2.540000 0.000000
0.000000 2.540000 0.000000
0.000000 2.540000 0.000000
-2.540000 0.000000 -0.000000
-2.540000 0.000000 -0.000000
-1.945753 0.000000 -1.632681
-2.540000 0.000000 0.000000
-2.540000 0.000000 0.000000
-2.540000 0.000000 0.000000
0.000000 1.632681 1.945753
0.000000 0.000000 2.540000
0.000000 1.632681 1.945753
1.270000 0.000000 2.199704
1.270000 0.000000 2.199704
-0.441066 0.000000 2.501412
0.000000 2.540000 0.000000
0.000000 2.540000 0.000000
0.000000 2.540000 0.000000
-2.540000 0.000000 -0.000000
-2.540000 0.000000 -0.000000
-2.346654 0.000000 -0.972016
-2.540000 0.000000 0.000000
-2.540000 0.000000 -0.000000
-2.540000 0.000000 -0.000000
2.369934 0.000000 -0.913790
1.882511 0.000000 -1.705214
2.369934 0.000000 -0.913790
2.540000 0.000000 -0.000000
2.369934 0.000000 -0.913790
2.369934 0.000000 -0.913790
-2.540000 0.000000 -0.000000
-2.540000 0.000000 -0.000000
-2.346654 0.000000 -0.972016
-2.540000 0.000000 0.000000
-2.540000 0.000000 -0.000000
-2.540000 0.000000 -0.000000
0.000000 -2.540000 0.000000
0.000000 -2.540000 0.000000
0.000000 -2.540000 0.000000
2.386819 0.000000 0.868731
2.386819 0.000000 0.868731
2.386819 0.000000 -0.868731
0.000000 -1.632681 1.945753
0.000000 -1.632681 1.945753
0.000000 0.000000 2.540000
2.540000 0.000000 0.000000
2.540000 0.000000 0.000000
2.540000 0.000000 0.000000
2.453452 0.000000 0.657400
2.540000 0.000000 0.000000
2.540000 0.000000 0.000000
0.000000 -2.540000 0.000000
0.000000 -2.540000 0.000000
0.000000 -2.540000 0.000000
2.540000 0.000000 0.000000
2.540000 0.000000 0.000000
2.540000 0.000000 0.000000
0.000000 -1.632681 1.945753
0.000000 -1.632681 1.945753
0.000000 0.000000 2.540000
0.000000 -2.540000 0.000000
0.000000 -2.540000 0.000000
0.000000 -2.540000 0.000000
2.540000 0.000000 0.000000
2.540000 0.000000 0.000000
2.453452 0.000000 0.657400
1.945753 0.000000 -1.632681
1.945753 0.000000 -1.632681
2.540000 0.000000 -0.000000
0.000000 2.540000 0.000000
0.000000 2.540000 0.000000
0.000000 2.540000 0.000000
1.945753 0.000000 -1.632681
1.945753 0.000000 -1.632681
2.540000 0.000000 -0.000000
0.000000 2.540000 0.000000
0.000000 2.540000 0.000000
0.000000 2.540000 0.000000
0.000000 -2.540000 0.000000
0.000000 -2.540000 0.000000
0.000000 -2.540000 0.000000
-2.540000 0.000000 -0.000000
-1.945753 0.000000 1.632681
-2.540000 0.000000 -0.000000
2.540000 0.000000 -0.000000
2.540000 0.000000 -0.000000
1.945753 0.000000 -1.632681
0.000000 -2.540000 0.000000
0.000000 -2.540000 0.000000
0.000000 -2.540000 0.000000
0.000000 -2.540000 0.000000
0.000000 -2.540000 0.000000
0.000000 -2.540000 0.000000
2.540000 0.000000 -0.000000
2.540000 0.000000 -0.000000
1.945753 0.000000 -1.632681
-2.540000 0.000000 0.000000
-2.540000 0.000000 0.000000
-2.540000 0.000000 0.000000
0.000000 1.632681 1.945753
0.000000 0.000000 2.540000
0.000000 1.632681 1.945753
0.000000 -2.540000 0.000000
0.000000 -2.540000 0.000000
0.000000 -2.540000 0.000000
-2.540000 0.000000 -0.000000
-1.945753 0.000000 1.632681
-2.540000 0.000000 -0.000000
2.540000 0.000000 -0.000000
1.945753 0.000000 1.632681
2.540000 0.000000 -0.000000
0.000000 2.540000 0.000000
0.000000 2.540000 0.000000
0.000000 2.540000 0.000000
-2.386819 0.000000 0.868731
-2.386819 0.000000 -0.868731
-2.386819 0.000000 0.868731
0.000000 2.540000 0.000000
0.000000 2.540000 0.000000
0.000000 2.540000 0.000000
2.540000 0.000000 -0.000000
1.945753 0.000000 1.632681
2.540000 0.000000 -0.000000
0.000000 2.540000 0.000000
0.000000 2.540000 0.000000
0.000000 2.540000 0.000000
-2.386819 0.000000 0.868731
-2.386819 0.000000 -0.868731
-2.386819 0.000000 0.868731
0.000000 2.540000 0.000000
0.000000 2.540000 0.000000
0.000000 2.540000 0.000000
0.000000 2.540000 0.000000
0.000000 2.540000 0.000000
0.000000 2.540000 0.000000
-1.270000 0.000000 2.199704
-2.386819 0.000000 0.868731
-1.270000 0.000000 2.199704
-1.270000 0.000000 2.199704
-2.386819 0.000000 0.868731
-1.270000 0.000000 2.199704
0.000000 2.540000 0.000000
0.000000 2.540000 0.000000
0.000000 2.540000 0.000000
2.540000 0.000000 0.000000
2.540000 0.000000 0.000000
2.540000 0.000000 0.000000
-0.000000 -0.868731 -2.386819
-0.000000 -0.868731 -2.386819
-0.000000 -2.199704 -1.270000
2.540000 0.000000 0.000000
2.540000 0.000000 0.000000
2.540000 0.000000 0.000000
-0.000000 -0.868731 -2.386819
-0.000000 -0.868731 -2.386819
-0.000000 -2.199704 -1.270000
2.540000 0.000000 -0.000000
2.540000 0.000000 -0.000000
1.945753 0.000000 -1.632681
0.000000 -2.540000 0.000000
0.000000 -2.540000 0.000000
0.000000 -2.540000 0.000000
2.540000 0.000000 -0.000000
2.540000 0.000000 -0.000000
1.945753 0.000000 -1.632681
0.000000 -2.540000 0.000000
0.000000 -2.540000 0.000000
0.000000 -2.540000 0.000000
0.000000 0.000000 2.540000
0.000000 1.632681 1.945753
0.000000 0.000000 2.540000
2.540000 0.000000 0.000000
2.540000 0.000000 0.000000
2.540000 0.000000 0.000000
0.000000 -2.540000 0.000000
0.000000 -2.540000 0.000000
0.000000 -2.540000 0.000000
-1.270000 0.000000 2.199704
-1.270000 0.000000 2.199704
0.441066 0.000000 2.501412
-1.270000 0.000000 2.199704
-1.270000 0.000000 2.199704
0.441066 0.000000 2.501412
0.000000 -2.540000 0.000000
0.000000 -2.540000 0.000000
0.000000 -2.540000 0.000000
-1.270000 0.000000 2.199704
-2.386819 0.000000 0.868731
-1.270000 0.000000 2.199704
0.000000 2.540000 0.000000
0.000000 2.540000 0.000000
0.000000 2.540000 0.000000
-1.270000 0.000000 2.199704
-2.386819 0.000000 0.868731
-1.270000 0.000000 2.199704
0.000000 2.540000 0.000000
0.000000 2.540000 0.000000
0.000000 2.540000 0.000000
2.540000 0.000000 -0.000000
1.945753 0.000000 1.632681
2.540000 0.000000 -0.000000
0.000000 2.540000 0.000000
0.000000 2.540000 0.000000
0.000000 2.540000 0.000000
2.540000 0.000000 -0.000000
2.540000 0.000000 -0.000000
1.945753 0.000000 -1.632681
0.000000 2.540000 0.000000
0.000000 2.540000 0.000000
0.000000 2.540000 0.000000
2.540000 0.000000 -0.000000
1.945753 0.000000 -1.632681
2.540000 0.000000 -0.000000
0.000000 2.540000 0.000000
0.000000 2.540000 0.000000
0.000000 2.540000 0.000000
0.000000 2.540000 0.000000
0.000000 2.540000 0.000000
0.000000 2.540000 0.000000
2.540000 0.000000 -0.000000
1.945753 0.000000 1.632681
2.540000 0.000000 -0.000000
0.000000 0.000000 -2.540000
0.000000 0.000000 -2.540000
0.000000 0.000000 -2.540000
-2.199704 -1.270000 0.000000
-2.540000 -0.000000 0.000000
-2.199704 -1.270000 0.000000
0.000000 0.000000 2.540000
0.000000 0.000000 2.540000
0.000000 0.000000 2.540000
-2.199704 1.270000 0.000000
-2.199704 1.270000 0.000000
-2.540000 0.000000 0.000000
0.000000 2.501412 0.441066
0.000000 1.632681 1.945753
0.000000 2.501412 0.441066
-2.540000 0.000000 0.000000
-2.540000 0.000000 0.000000
-2.540000 0.000000 0.000000
0.000000 -2.540000 0.000000
0.000000 -2.540000 0.000000
0.000000 -2.540000 0.000000
1.945753 0.000000 1.632681
1.945753 0.000000 1.632681
2.540000 0.000000 -0.000000
0.000000 -2.540000 0.000000
0.000000 -2.540000 0.000000
0.000000 -2.540000 0.000000
2.540000 0.000000 -0.000000
1.945753 0.000000 -1.632681
2.540000 0.000000 -0.000000
2.540000 0.000000 -0.000000
1.945753 0.000000 -1.632681
2.540000 0.000000 -0.000000
0.000000 -2.540000 0.000000
0.000000 -2.540000 0.000000
0.000000 -2.540000 0.000000
-1.270000 0.000000 -2.199704
-1.270000 0.000000 -2.199704
-2.386819 0.000000 -0.868731
0.000000 -2.540000 0.000000
0.000000 -2.540000 0.000000
0.000000 -2.540000 0.000000
0.000000 0.000000 2.540000
0.000000 -1.632681 1.945753
0.000000 0.000000 2.540000
2.540000 0.000000 0.000000
2.540000 0.000000 0.000000
2.540000 0.000000 0.000000
2.540000 0.000000 0.000000
2.540000 0.000000 0.000000
2.540000 0.000000 0.000000
0.000000 1.632681 1.945753
0.000000 1.632681 1.945753
0.000000 0.000000 2.540000
-2.540000 0.000000 0.000000
-2.540000 0.000000 0.000000
-2.540000 0.000000 0.000000
0.000000 0.000000 2.540000
0.000000 -1.632681 1.945753
0.000000 0.000000 2.540000
2.540000 0.000000 -0.000000
1.945753 0.000000 1.632681
2.540000 0.000000 -0.000000
0.000000 2.540000 0.000000
0.000000 2.540000 0.000000
0.000000 2.540000 0.000000
2.540000 0.000000 -0.000000
1.945753 0.000000 1.632681
2.540000 0.000000 -0.000000
0.000000 2.540000 0.000000
0.000000 2.540000 0.000000
0.000000 2.540000 0.000000
0.000000 -2.501412 0.441066
0.000000 -2.501412 0.441066
0.000000 -1.632681 1.945753
2.540000 0.000000 0.000000
2.540000 0.000000 0.000000
2.540000 0.000000 0.000000
0.000000 2.540000 0.000000
0.000000 2.540000 0.000000
0.000000 2.540000 0.000000
2.540000 0.000000 -0.000000
1.945753 0.000000 1.632681
2.540000 0.000000 -0.000000
0.000000 -2.540000 0.000000
0.000000 -2.540000 0.000000
0.000000 -2.540000 0.000000
2.540000 0.000000 -0.000000
2.540000 0.000000 -0.000000
1.945753 0.000000 1.632681
2.540000 0.000000 -0.000000
2.540000 0.000000 -0.000000
1.945753 0.000000 1.632681
0.000000 -2.540000 0.000000
0.000000 -2.540000 0.000000
0.000000 -2.540000 0.000000
0.000000 2.540000 0.000000
0.000000 2.540000 0.000000
0.000000 2.540000 0.000000
-2.386819 0.000000 -0.868731
-1.270000 0.000000 -2.199704
-2.386819 0.000000 -0.868731
0.000000 2.540000 0.000000
0.000000 2.540000 0.000000
0.000000 2.540000 0.000000
2.540000 0.000000 -0.000000
1.945753 0.000000 1.632681
2.540000 0.000000 -0.000000
2.540000 0.000000 -0.000000
1.945753 0.000000 1.632681
2.540000 0.000000 -0.000000
0.000000 2.540000 0.000000
0.000000 2.540000 0.000000
0.000000 2.540000 0.000000
-2.386819 0.000000 -0.868731
-1.270000 0.000000 -2.199704
-2.386819 0.000000 -0.868731
0.000000 2.540000 0.000000
0.000000 2.540000 0.000000
0.000000 2.540000 0.000000
2.386819 0.000000 -0.868731
2.386819 0.000000 -0.868731
2.386819 0.000000 0.868731
0.000000 2.540000 0.000000
0.000000 2.540000 0.000000
0.000000 2.540000 0.000000
2.386819 0.000000 -0.868731
2.386819 0.000000 0.868731
2.386819 0.000000 -0.868731
2.386819 0.000000 0.868731
1.270000 0.000000 2.199704
2.386819 0.000000 0.868731
0.000000 2.540000 0.000000
0.000000 2.540000 0.000000
0.000000 2.540000 0.000000
-2.540000 0.000000 0.000000
-2.540000 0.000000 0.000000
-2.540000 0.000000 0.000000
0.000000 2.501412 0.441066
0.000000 1.632681 1.945753
0.000000 2.501412 0.441066
2.540000 0.000000 -0.000000
2.540000 0.000000 -0.000000
1.945753 0.000000 1.632681
0.000000 -2.540000 0.000000
0.000000 -2.540000 0.000000
0.000000 -2.540000 0.000000
0.000000 2.540000 0.000000
0.000000 2.540000 0.000000
0.000000 2.540000 0.000000
1.945753 0.000000 1.632681
2.540000 0.000000 -0.000000
1.945753 0.000000 1.632681
0.000000 -2.540000 0.000000
0.000000 -2.540000 0.000000
0.000000 -2.540000 0.000000
-1.270000 0.000000 -2.199704
-1.270000 0.000000 -2.199704
-2.386819 0.000000 -0.868731
1.945753 0.000000 1.632681
2.540000 0.000000 -0.000000
1.945753 0.000000 1.632681
0.000000 2.540000 0.000000
0.000000 2.540000 0.000000
0.000000 2.540000 0.000000
0.000000 -2.540000 0.000000
0.000000 -2.540000 0.000000
0.000000 -2.540000 0.000000
1.945753 0.000000 -1.632681
1.945753 0.000000 -1.632681
2.540000 0.000000 -0.000000
0.000000 -2.540000 0.000000
0.000000 -2.540000 0.000000
0.000000 -2.540000 0.000000
1.945753 0.000000 -1.632681
2.540000 0.000000 -0.000000
1.945753 0.000000 -1.632681
-2.540000 0.000000 0.000000
-2.540000 0.000000 0.000000
-2.540000 0.000000 0.000000
0.000000 -1.632681 1.945753
0.000000 -1.632681 1.945753
0.000000 0.000000 2.540000
1.945753 0.000000 1.632681
2.540000 0.000000 -0.000000
1.945753 0.000000 1.632681
0.000000 2.540000 0.000000
0.000000 2.540000 0.000000
0.000000 2.540000 0.000000
2.540000 0.000000 0.000000
2.540000 0.000000 0.000000
2.540000 0.000000 0.000000
2.540000 0.000000 0.000000
2.540000 0.000000 0.000000
2.540000 0.000000 0.000000
2.540000 0.000000 0.000000
2.540000 0.000000 0.000000
2.540000 0.000000 0.000000
2.540000 0.000000 0.000000
2.540000 0.000000 0.000000
2.540000 0.000000 0.000000
0.000000 2.540000 0.000000
0.000000 2.540000 0.000000
0.000000 2.540000 0.000000
0.000000 2.540000 0.000000
0.000000 2.540000 0.000000
0.000000 2.540000 0.000000
0.000000 2.540000 0.000000
0.000000 2.540000 0.000000
0.000000 2.540000 0.000000
0.000000 2.540000 0.000000
0.000000 2.540000 0.000000
0.000000 2.540000 0.000000
-2.540000 0.000000 0.000000
-2.540000 0.000000 0.000000
-2.540000 0.000000 0.000000
-2.540000 0.000000 0.000000
-2.540000 0.000000 0.000000
-2.540000 0.000000 0.000000
0.000000 -2.540000 0.000000
0.000000 -2.540000 0.000000
0.000000 -2.540000 0.000000
0.000000 -2.540000 0.000000
0.000000 -2.540000 0.000000
0.000000 -2.540000 0.000000
-2.540000 0.000000 0.000000
-2.540000 0.000000 0.000000
-2.540000 -0.000000 0.000000
-2.540000 0.000000 0.000000
-2.540000 -0.000000 0.000000
-2.540000 0.000000 0.000000
0.000000 -2.540000 0.000000
0.000000 -2.540000 0.000000
0.000000 -2.540000 0.000000
0.000000 -2.540000 0.000000
0.000000 -2.540000 0.000000
0.000000 -2.540000 0.000000
</float_array>
          <technique_common>
            <accessor source="#FBXASC227FBXASC130FBXASC189FBXASC227FBXASC131FBXASC170FBXASC227FBXASC131FBXASC131FBXASC227FBXASC131FBXASC1371-Normal0-array" count="3702" stride="3">
              <param name="X" type="float"/>
              <param name="Y" type="float"/>
              <param name="Z" type="float"/>
            </accessor>
          </technique_common>
        </source>
        <vertices id="FBXASC227FBXASC130FBXASC189FBXASC227FBXASC131FBXASC170FBXASC227FBXASC131FBXASC131FBXASC227FBXASC131FBXASC1371-VERTEX">
          <input semantic="POSITION" source="#FBXASC227FBXASC130FBXASC189FBXASC227FBXASC131FBXASC170FBXASC227FBXASC131FBXASC131FBXASC227FBXASC131FBXASC1371-POSITION"/>
        </vertices>
        <triangles count="1234" material="MaterialFBXASC032FBXASC03525">
          <input semantic="VERTEX" offset="0" source="#FBXASC227FBXASC130FBXASC189FBXASC227FBXASC131FBXASC170FBXASC227FBXASC131FBXASC131FBXASC227FBXASC131FBXASC1371-VERTEX"/>
          <input semantic="NORMAL" offset="1" source="#FBXASC227FBXASC130FBXASC189FBXASC227FBXASC131FBXASC170FBXASC227FBXASC131FBXASC131FBXASC227FBXASC131FBXASC1371-Normal0"/>
          <p> 469 0 212 1 144 2 2 3 211 4 37 5 309 6 144 7 166 8 113 9 280 10 2 11 149 12 270 13 153 14 153 15 44 16 469 17 241 18 213 19 3 20 37 21 41 22 241 23 153 24 189 25 44 26 183 27 41 28 37 29 312 30 3 31 163 32 144 33 277 34 149 35 3 36 125 37 2 38 51 39 275 40 149 41 0 42 197 43 372 44 296 45 418 46 81 47 286 48 299 49 71 50 109 51 324 52 89 53 88 54 272 55 339 56 136 57 151 58 303 59 121 60 210 61 82 62 72 63 298 64 198 65 217 66 210 67 341 68 74 69 52 70 72 71 221 72 212 73 469 74 16 75 44 76 189 77 183 78 232 79 41 80 37 81 211 82 249 83 250 84 80 85 162 86 85 87 237 88 54 89 153 90 270 91 444 92 228 93 213 94 241 95 150 96 286 97 105 98 390 99 215 100 109 101 542 102 171 103 509 104 297 105 481 106 545 107 401 108 288 109 547 110 543 111 123 112 542 113 167 114 80 115 248 116 431 117 78 118 148 119 65 120 78 121 237 122 248 123 57 124 236 125 3 126 315 127 125 128 149 129 277 130 142 131 180 132 81 133 132 134 320 135 332 136 197 137 161 138 227 139 318 140 96 141 134 142 333 143 298 144 331 145 198 146 121 147 82 148 131 149 160 150 226 151 319 152 172 153 135 154 334 155 335 156 52 157 74 158 341 159 292 160 217 161 431 162 188 163 78 164 248 165 23 166 57 167 180 168 132 169 416 170 320 171 200 172 332 173 131 174 415 175 121 176 298 177 244 178 331 179 296 180 291 181 69 182 336 183 0 184 423 185 250 186 193 187 80 188 237 189 46 190 54 191 280 192 211 193 2 194 28 195 212 196 233 197 144 198 212 199 166 200 308 201 114 202 253 203 2 204 207 205 489 206 29 207 234 208 68 209 281 210 402 211 2 212 177 213 234 214 506 215 256 216 115 217 31 218 275 219 270 220 149 221 3 222 213 223 163 224 310 225 276 226 451 227 33 228 201 229 3 230 230 231 34 232 401 233 93 234 490 235 230 236 3 237 509 238 171 239 241 240 3 241 171 242 401 243 34 244 288 245 171 246 379 247 241 248 500 249 288 250 34 251 90 252 481 253 297 254 492 255 532 256 72 257 194 258 92 259 210 260 123 261 36 262 323 263 177 264 260 265 258 266 2 267 37 268 281 269 258 270 234 271 177 272 281 273 37 274 499 275 416 276 132 277 269 278 103 279 300 280 87 281 332 282 200 283 97 284 365 285 39 286 392 287 153 288 444 289 464 290 189 291 250 292 162 293 131 294 266 295 415 296 94 297 42 298 99 299 331 300 244 301 95 302 368 303 304 304 396 305 183 306 431 307 148 308 37 309 249 310 412 311 416 312 116 313 180 314 344 315 200 316 320 317 193 318 252 319 27 320 472 321 46 322 307 323 482 324 213 325 228 326 444 327 270 328 461 329 540 330 279 331 156 332 544 333 349 334 6 335 102 336 394 337 201 338 102 339 64 340 48 341 179 342 208 343 93 344 302 345 208 346 400 347 281 348 405 349 49 350 295 351 432 352 177 353 104 354 58 355 369 356 267 357 219 358 159 359 541 360 86 361 278 362 546 363 17 364 313 365 341 366 210 367 121 368 72 369 52 370 298 371 253 372 211 373 308 374 188 375 434 376 306 377 85 378 54 379 41 380 484 381 228 382 241 383 319 384 226 385 421 386 240 387 135 388 172 389 134 390 143 391 333 392 76 393 301 394 363 395 192 396 56 397 325 398 161 399 358 400 227 401 236 402 57 403 44 404 469 405 491 406 221 407 79 408 58 409 154 410 493 411 267 412 366 413 202 414 283 415 340 416 77 417 59 418 398 419 135 420 129 421 334 422 160 423 359 424 226 425 61 426 23 427 4 428 233 429 311 430 28 431 66 432 62 433 157 434 494 435 268 436 367 437 527 438 63 439 124 440 395 441 63 442 140 443 282 444 117 445 347 446 290 447 353 448 282 449 165 450 64 451 526 452 289 453 326 454 302 455 526 456 64 457 122 458 289 459 302 460 322 461 448 462 80 463 456 464 459 465 78 466 445 467 330 468 237 469 453 470 329 471 248 472 463 473 158 474 220 475 173 476 370 477 284 478 100 479 268 480 220 481 158 482 100 483 62 484 370 485 422 486 227 487 386 488 178 489 383 490 134 491 327 492 127 493 209 494 338 495 385 496 128 497 29 498 68 499 505 500 207 501 209 502 239 503 533 504 418 505 187 506 372 507 423 508 0 509 31 510 213 511 256 512 517 513 271 514 425 515 207 516 371 517 184 518 152 519 29 520 364 521 286 522 71 523 105 524 109 525 215 526 324 527 210 528 92 529 452 530 475 531 272 532 88 533 547 534 297 535 545 536 198 537 454 538 72 539 257 540 252 541 193 542 451 543 270 544 310 545 72 546 532 547 424 548 22 549 342 550 217 551 155 552 110 553 74 554 194 555 210 556 436 557 173 558 433 559 171 560 406 561 284 562 288 563 316 564 301 565 76 566 79 567 154 568 414 569 325 570 56 571 50 572 493 573 366 574 174 575 340 576 283 577 60 578 157 579 441 580 66 581 494 582 367 583 182 584 317 585 59 586 77 587 188 588 306 589 78 590 4 591 23 592 248 593 49 594 104 595 369 596 159 597 219 598 295 599 193 600 27 601 80 602 307 603 46 604 237 605 187 606 89 607 533 608 245 609 391 610 185 611 191 612 247 613 393 614 88 615 535 616 475 617 251 618 417 619 328 620 485 621 21 622 242 623 48 624 394 625 102 626 400 627 208 628 179 629 183 630 148 631 435 632 189 633 162 634 426 635 541 636 312 637 164 638 546 639 314 640 51 641 40 642 39 643 365 644 87 645 300 646 195 647 147 648 294 649 362 650 303 651 454 652 20 653 146 654 293 655 397 656 26 657 18 658 299 659 285 660 243 661 90 662 323 663 204 664 106 665 69 666 108 667 169 668 513 669 346 670 216 671 321 672 14 673 423 674 169 675 375 676 69 677 194 678 204 679 92 680 542 681 92 682 543 683 90 684 243 685 352 686 90 687 352 688 481 689 509 690 222 691 542 692 84 693 428 694 201 695 547 696 32 697 401 698 399 699 93 700 410 701 396 702 304 703 196 704 196 705 322 706 170 707 43 708 440 709 165 710 43 711 42 712 94 713 42 714 266 715 507 716 9 717 95 718 304 719 96 720 291 721 296 722 336 723 318 724 0 725 39 726 269 727 508 728 8 729 97 730 300 731 542 732 287 733 171 734 343 735 520 736 214 737 75 738 98 739 503 740 547 741 288 742 534 743 507 744 247 745 191 746 9 747 362 748 294 749 9 750 304 751 368 752 99 753 42 754 507 755 406 756 288 757 500 758 356 759 229 760 220 761 35 762 138 763 100 764 171 765 433 766 379 767 177 768 506 769 373 770 516 771 402 772 281 773 168 774 521 775 495 776 502 777 345 778 218 779 93 780 208 781 238 782 337 783 403 784 141 785 354 786 126 787 208 788 504 789 201 790 33 791 8 792 300 793 103 794 293 795 8 796 397 797 185 798 508 799 245 800 392 801 39 802 508 803 355 804 38 805 219 806 145 807 130 808 104 809 281 810 499 811 405 812 177 813 432 814 260 815 373 816 506 817 215 818 409 819 371 820 207 821 516 822 105 823 402 824 152 825 429 826 29 827 155 828 74 829 376 830 342 831 378 832 217 833 532 834 243 835 285 836 106 837 204 838 194 839 351 840 92 841 443 842 488 843 443 844 492 845 363 846 14 847 321 848 69 849 291 850 486 851 363 852 301 853 14 854 96 855 333 856 291 857 187 858 91 859 109 860 26 861 286 862 346 863 26 864 299 865 286 866 187 867 109 868 89 869 398 870 59 871 110 872 217 873 292 874 487 875 398 876 110 877 155 878 172 879 334 880 292 881 222 882 274 883 542 884 452 885 460 886 488 887 497 888 434 889 188 890 249 891 211 892 430 893 438 894 259 895 381 896 476 897 212 898 221 899 540 900 348 901 113 902 544 903 309 904 47 905 61 906 4 907 311 908 434 909 114 910 306 911 252 912 276 913 27 914 472 915 307 916 115 917 483 918 344 919 246 920 254 921 380 922 116 923 29 924 30 925 364 926 282 927 209 928 117 929 30 930 63 931 395 932 207 933 184 934 209 935 491 936 265 937 221 938 412 939 249 940 118 941 498 942 431 943 183 944 389 945 382 946 265 947 421 948 226 949 419 950 474 951 408 952 255 953 427 954 407 955 305 956 273 957 250 958 189 959 305 960 228 961 484 962 464 963 444 964 120 965 21 966 244 967 298 968 415 969 328 970 121 971 43 972 122 973 42 974 304 975 326 976 196 977 547 978 98 979 297 980 343 981 496 982 123 983 123 984 496 985 542 986 297 987 98 988 75 989 300 990 353 991 195 992 40 993 124 994 39 995 144 996 6 997 277 998 2 999 125 1000 279 1001 126 1002 33 1003 337 1004 504 1005 33 1006 238 1007 403 1008 350 1009 141 1010 411 1011 230 1012 350 1013 361 1014 327 1015 385 1016 127 1017 68 1018 338 1019 437 1020 2 1021 361 1022 505 1023 68 1024 239 1025 327 1026 209 1027 282 1028 30 1029 128 1030 63 1031 59 1032 359 1033 110 1034 22 1035 129 1036 283 1037 355 1038 219 1039 267 1040 104 1041 130 1042 58 1043 9 1044 198 1045 387 1046 262 1047 82 1048 507 1049 198 1050 331 1051 387 1052 205 1053 266 1054 131 1055 81 1056 508 1057 261 1058 388 1059 8 1060 197 1061 197 1062 332 1063 388 1064 206 1065 269 1066 132 1067 483 1068 200 1069 344 1070 416 1071 254 1072 116 1073 67 1074 450 1075 264 1076 446 1077 176 1078 19 1079 447 1080 408 1081 55 1082 10 1083 449 1084 263 1085 136 1086 32 1087 151 1088 339 1089 272 1090 222 1091 399 1092 410 1093 136 1094 339 1095 428 1096 84 1097 137 1098 229 1099 356 1100 35 1101 357 1102 138 1103 34 1104 357 1105 35 1106 137 1107 241 1108 229 1109 356 1110 220 1111 268 1112 100 1113 138 1114 62 1115 244 1116 415 1117 95 1118 242 1119 251 1120 485 1121 290 1122 282 1123 347 1124 140 1125 40 1126 175 1127 140 1128 63 1129 527 1130 195 1131 347 1132 413 1133 102 1134 141 1135 64 1136 354 1137 208 1138 302 1139 3 1140 278 1141 315 1142 149 1143 142 1144 17 1145 301 1146 358 1147 14 1148 108 1149 143 1150 56 1151 181 1152 511 1153 234 1154 2 1155 144 1156 230 1157 145 1158 219 1159 38 1160 478 1161 360 1162 37 1163 499 1164 260 1165 405 1166 360 1167 384 1168 130 1169 374 1170 89 1171 391 1172 525 1173 146 1174 299 1175 393 1176 377 1177 88 1178 303 1179 524 1180 147 1181 459 1182 329 1183 463 1184 236 1185 435 1186 148 1187 149 1188 153 1189 462 1190 144 1191 149 1192 230 1193 101 1194 215 1195 390 1196 218 1197 150 1198 105 1199 168 1200 101 1201 390 1202 218 1203 345 1204 150 1205 274 1206 222 1207 272 1208 151 1209 32 1210 528 1211 409 1212 71 1213 371 1214 324 1215 429 1216 152 1217 230 1218 510 1219 34 1220 37 1221 241 1222 153 1223 316 1224 58 1225 404 1226 316 1227 404 1228 301 1229 106 1230 378 1231 342 1232 155 1233 376 1234 285 1235 540 1236 156 1237 348 1238 544 1239 47 1240 349 1241 317 1242 62 1243 442 1244 317 1245 442 1246 59 1247 268 1248 158 1249 367 1250 370 1251 62 1252 66 1253 369 1254 58 1255 79 1256 267 1257 159 1258 366 1259 160 1260 334 1261 110 1262 335 1263 487 1264 292 1265 110 1266 359 1267 160 1268 160 1269 319 1270 335 1271 161 1272 318 1273 336 1274 336 1275 486 1276 291 1277 14 1278 358 1279 161 1280 161 1281 333 1282 14 1283 453 1284 448 1285 330 1286 162 1287 85 1288 426 1289 310 1290 270 1291 275 1292 163 1293 213 1294 31 1295 541 1296 164 1297 86 1298 314 1299 546 1300 313 1301 302 1302 400 1303 322 1304 48 1305 64 1306 165 1307 166 1308 212 1309 28 1310 308 1311 211 1312 280 1313 330 1314 448 1315 456 1316 445 1317 329 1318 459 1319 295 1320 521 1321 168 1322 7 1323 49 1324 345 1325 91 1326 375 1327 169 1328 216 1329 346 1330 321 1331 43 1332 94 1333 440 1334 196 1335 170 1336 396 1337 15 1338 214 1339 520 1340 171 1341 287 1342 288 1343 172 1344 292 1345 341 1346 335 1347 319 1348 52 1349 75 1350 15 1351 284 1352 173 1353 520 1354 343 1355 493 1356 174 1357 325 1358 414 1359 154 1360 76 1361 195 1362 413 1363 87 1364 175 1365 40 1366 365 1367 386 1368 383 1369 422 1370 468 1371 457 1372 67 1373 373 1374 281 1375 177 1376 7 1377 495 1378 521 1379 318 1380 227 1381 422 1382 178 1383 134 1384 96 1385 179 1386 93 1387 399 1388 84 1389 201 1390 394 1391 320 1392 197 1393 0 1394 296 1395 81 1396 180 1397 469 1398 37 1399 153 1400 258 1401 181 1402 234 1403 494 1404 182 1405 340 1406 157 1407 77 1408 441 1409 183 1410 44 1411 498 1412 265 1413 491 1414 412 1415 117 1416 209 1417 184 1418 364 1419 30 1420 395 1421 392 1422 508 1423 185 1424 397 1425 8 1426 103 1427 186 1428 384 1429 360 1430 186 1431 258 1432 384 1433 216 1434 375 1435 513 1436 372 1437 187 1438 418 1439 188 1440 23 1441 497 1442 112 1443 476 1444 430 1445 464 1446 120 1447 484 1448 41 1449 273 1450 189 1451 480 1452 357 1453 34 1454 190 1455 241 1456 137 1457 368 1458 362 1459 9 1460 507 1461 191 1462 99 1463 169 1464 108 1465 192 1466 108 1467 56 1468 192 1469 461 1470 73 1471 482 1472 46 1473 257 1474 193 1475 532 1476 194 1477 424 1478 376 1479 217 1480 378 1481 195 1482 353 1483 290 1484 290 1485 347 1486 195 1487 289 1488 322 1489 196 1490 196 1491 326 1492 289 1493 197 1494 81 1495 18 1496 525 1497 374 1498 293 1499 372 1500 197 1501 18 1502 525 1503 293 1504 146 1505 524 1506 377 1507 294 1508 198 1509 82 1510 20 1511 20 1512 454 1513 198 1514 147 1515 524 1516 294 1517 199 1518 361 1519 385 1520 199 1521 385 1522 234 1523 133 1524 470 1525 466 1526 97 1527 200 1528 416 1529 401 1530 222 1531 509 1532 93 1533 201 1534 410 1535 202 1536 342 1537 22 1538 22 1539 283 1540 202 1541 411 1542 350 1543 403 1544 203 1545 403 1546 3 1547 481 1548 477 1549 36 1550 323 1551 36 1552 477 1553 9 1554 262 1555 507 1556 331 1557 205 1558 131 1559 332 1560 206 1561 132 1562 8 1563 261 1564 508 1565 207 1566 29 1567 409 1568 402 1569 215 1570 506 1571 208 1572 102 1573 238 1574 337 1575 141 1576 102 1577 338 1578 128 1579 30 1580 209 1581 30 1582 239 1583 475 1584 72 1585 454 1586 452 1587 488 1588 210 1589 112 1590 430 1591 211 1592 211 1593 253 1594 112 1595 233 1596 212 1597 259 1598 259 1599 212 1600 476 1601 271 1602 213 1603 482 1604 256 1605 213 1606 271 1607 288 1608 287 1609 534 1610 98 1611 496 1612 503 1613 409 1614 29 1615 429 1616 105 1617 215 1618 402 1619 216 1620 69 1621 375 1622 372 1623 418 1624 423 1625 424 1626 194 1627 436 1628 74 1629 217 1630 376 1631 516 1632 281 1633 373 1634 218 1635 101 1636 502 1637 104 1638 219 1639 145 1640 405 1641 260 1642 432 1643 100 1644 220 1645 35 1646 406 1647 379 1648 433 1649 531 1650 382 1651 389 1652 57 1653 476 1654 221 1655 531 1656 501 1657 382 1658 249 1659 57 1660 221 1661 32 1662 222 1663 401 1664 410 1665 201 1666 428 1667 56 1668 223 1669 50 1670 50 1671 223 1672 267 1673 283 1674 224 1675 60 1676 60 1677 224 1678 268 1679 328 1680 417 1681 439 1682 242 1683 21 1684 225 1685 135 1686 226 1687 129 1688 449 1689 447 1690 263 1691 134 1692 227 1693 143 1694 450 1695 446 1696 264 1697 482 1698 228 1699 54 1700 228 1701 444 1702 54 1703 407 1704 13 1705 228 1706 305 1707 407 1708 228 1709 500 1710 379 1711 406 1712 35 1713 220 1714 229 1715 411 1716 3 1717 230 1718 246 1719 344 1720 420 1721 116 1722 380 1723 231 1724 426 1725 85 1726 232 1727 232 1728 85 1729 41 1730 438 1731 512 1732 53 1733 61 1734 311 1735 233 1736 253 1737 61 1738 233 1739 438 1740 381 1741 512 1742 437 1743 234 1744 2 1745 234 1746 511 1747 2 1748 176 1749 67 1750 235 1751 473 1752 176 1753 235 1754 236 1755 44 1756 16 1757 16 1758 435 1759 236 1760 27 1761 237 1762 80 1763 237 1764 78 1765 80 1766 93 1767 238 1768 490 1769 238 1770 33 1771 490 1772 239 1773 489 1774 207 1775 239 1776 68 1777 489 1778 240 1779 119 1780 135 1781 421 1782 419 1783 119 1784 241 1785 190 1786 34 1787 241 1788 34 1789 153 1790 417 1791 251 1792 242 1793 242 1794 225 1795 479 1796 443 1797 92 1798 492 1799 204 1800 243 1801 92 1802 485 1803 244 1804 21 1805 139 1806 471 1807 465 1808 197 1809 245 1810 81 1811 293 1812 374 1813 245 1814 374 1815 391 1816 245 1817 245 1818 508 1819 81 1820 483 1821 246 1822 380 1823 246 1824 420 1825 455 1826 393 1827 247 1828 377 1829 198 1830 247 1831 82 1832 294 1833 377 1834 247 1835 507 1836 82 1837 247 1838 80 1839 78 1840 248 1841 248 1842 78 1843 4 1844 249 1845 12 1846 118 1847 501 1848 531 1849 431 1850 498 1851 501 1852 431 1853 249 1854 221 1855 12 1856 273 1857 519 1858 250 1859 228 1860 13 1861 444 1862 444 1863 13 1864 120 1865 522 1866 250 1867 519 1868 139 1869 251 1870 471 1871 415 1872 251 1873 328 1874 256 1875 5 1876 451 1877 70 1878 252 1879 538 1880 257 1881 538 1882 252 1883 73 1884 451 1885 5 1886 253 1887 233 1888 53 1889 497 1890 518 1891 434 1892 112 1893 253 1894 53 1895 518 1896 512 1897 434 1898 254 1899 483 1900 380 1901 470 1902 133 1903 254 1904 467 1905 458 1906 10 1907 408 1908 10 1909 255 1910 256 1911 451 1912 472 1913 517 1914 5 1915 256 1916 256 1917 271 1918 517 1919 472 1920 115 1921 256 1922 73 1923 5 1924 257 1925 425 1926 73 1927 257 1928 186 1929 37 1930 258 1931 258 1932 37 1933 181 1934 112 1935 381 1936 259 1937 259 1938 476 1939 112 1940 258 1941 260 1942 38 1943 499 1944 38 1945 260 1946 332 1947 132 1948 388 1949 261 1950 132 1951 81 1952 131 1953 82 1954 262 1955 331 1956 131 1957 387 1958 467 1959 474 1960 458 1961 263 1962 447 1963 55 1964 264 1965 446 1966 19 1967 468 1968 473 1969 457 1970 118 1971 265 1972 412 1973 118 1974 389 1975 265 1976 415 1977 266 1978 95 1979 266 1980 42 1981 95 1982 355 1983 267 1984 58 1985 223 1986 58 1987 267 1988 268 1989 224 1990 62 1991 356 1992 268 1993 62 1994 269 1995 97 1996 416 1997 269 1998 39 1999 97 2000 73 2001 461 2002 270 2003 270 2004 451 2005 73 2006 271 2007 73 2008 425 2009 482 2010 73 2011 271 2012 272 2013 151 2014 274 2015 475 2016 454 2017 272 2018 120 2019 13 2020 273 2021 427 2022 120 2023 273 2024 530 2025 274 2026 1 2027 274 2028 151 2029 528 2030 31 2031 275 2032 163 2033 51 2034 163 2035 275 2036 115 2037 276 2038 31 2039 27 2040 276 2041 115 2042 279 2043 125 2044 277 2045 142 2046 277 2047 125 2048 278 2049 17 2050 315 2051 313 2052 17 2053 278 2054 279 2055 6 2056 156 2057 6 2058 279 2059 277 2060 280 2061 113 2062 166 2063 28 2064 280 2065 166 2066 7 2067 521 2068 281 2069 281 2070 49 2071 7 2072 63 2073 282 2074 124 2075 327 2076 282 2077 63 2078 59 2079 283 2080 359 2081 283 2082 59 2083 224 2084 75 2085 284 2086 173 2087 158 2088 173 2089 284 2090 106 2091 285 2092 323 2093 285 2094 106 2095 155 2096 150 2097 109 2098 286 2099 109 2100 91 2101 286 2102 542 2103 496 2104 287 2105 98 2106 287 2107 496 2108 284 2109 15 2110 288 2111 15 2112 520 2113 288 2114 289 2115 526 2116 196 2117 196 2118 43 2119 289 2120 195 2121 40 2122 290 2123 290 2124 527 2125 195 2126 336 2127 291 2128 161 2129 161 2130 291 2131 333 2132 160 2133 292 2134 334 2135 335 2136 292 2137 160 2138 293 2139 245 2140 197 2141 197 2142 8 2143 293 2144 294 2145 247 2146 198 2147 9 2148 294 2149 198 2150 168 2151 49 2152 295 2153 295 2154 49 2155 159 2156 96 2157 296 2158 0 2159 180 2160 0 2161 296 2162 90 2163 297 2164 123 2165 75 2166 123 2167 297 2168 52 2169 121 2170 298 2171 298 2172 121 2173 21 2174 146 2175 89 2176 299 2177 71 2178 299 2179 89 2180 97 2181 39 2182 300 2183 353 2184 300 2185 39 2186 358 2187 301 2188 56 2189 404 2190 56 2191 301 2192 302 2193 326 2194 64 2195 354 2196 302 2197 64 2198 303 2199 147 2200 88 2201 303 2202 88 2203 136 2204 95 2205 42 2206 304 2207 326 2208 304 2209 42 2210 305 2211 120 2212 427 2213 484 2214 120 2215 305 2216 306 2217 114 2218 4 2219 78 2220 306 2221 4 2222 307 2223 237 2224 27 2225 307 2226 27 2227 115 2228 308 2229 28 2230 114 2231 308 2232 280 2233 28 2234 309 2235 113 2236 47 2237 166 2238 113 2239 309 2240 310 2241 275 2242 31 2243 276 2244 310 2245 31 2246 4 2247 114 2248 311 2249 28 2250 311 2251 114 2252 164 2253 312 2254 51 2255 312 2256 163 2257 51 2258 86 2259 313 2260 278 2261 314 2262 313 2263 86 2264 164 2265 314 2266 86 2267 314 2268 164 2269 51 2270 315 2271 142 2272 125 2273 17 2274 142 2275 315 2276 316 2277 50 2278 154 2279 154 2280 493 2281 316 2282 76 2283 154 2284 316 2285 154 2286 58 2287 316 2288 317 2289 60 2290 157 2291 157 2292 62 2293 317 2294 157 2295 494 2296 317 2297 317 2298 77 2299 157 2300 178 2301 96 2302 318 2303 318 2304 96 2305 0 2306 172 2307 319 2308 240 2309 319 2310 172 2311 52 2312 180 2313 116 2314 320 2315 320 2316 0 2317 180 2318 363 2319 321 2320 169 2321 169 2322 321 2323 91 2324 165 2325 322 2326 48 2327 322 2328 165 2329 170 2330 323 2331 90 2332 123 2333 285 2334 90 2335 323 2336 324 2337 71 2338 89 2339 371 2340 71 2341 324 2342 192 2343 325 2344 76 2345 76 2346 325 2347 414 2348 64 2349 326 2350 122 2351 122 2352 326 2353 42 2354 128 2355 327 2356 63 2357 385 2358 327 2359 128 2360 21 2361 328 2362 225 2363 121 2364 328 2365 21 2366 167 2367 248 2368 329 2369 167 2370 329 2371 65 2372 65 2373 237 2374 330 2375 167 2376 65 2377 330 2378 537 2379 205 2380 331 2381 331 2382 95 2383 537 2384 332 2385 97 2386 536 2387 536 2388 206 2389 332 2390 333 2391 143 2392 108 2393 14 2394 333 2395 108 2396 334 2397 129 2398 22 2399 110 2400 334 2401 22 2402 335 2403 74 2404 514 2405 514 2406 487 2407 335 2408 336 2409 423 2410 515 2411 515 2412 486 2413 336 2414 208 2415 337 2416 102 2417 126 2418 337 2419 208 2420 209 2421 338 2422 30 2423 127 2424 338 2425 209 2426 339 2427 84 2428 136 2429 88 2430 339 2431 136 2432 340 2433 77 2434 202 2435 340 2436 182 2437 77 2438 341 2439 121 2440 52 2441 172 2442 341 2443 52 2444 202 2445 155 2446 342 2447 106 2448 342 2449 155 2450 343 2451 123 2452 75 2453 343 2454 75 2455 173 2456 344 2457 116 2458 420 2459 320 2460 116 2461 344 2462 345 2463 168 2464 150 2465 345 2466 49 2467 168 2468 286 2469 91 2470 346 2471 321 2472 346 2473 91 2474 117 2475 140 2476 347 2477 413 2478 347 2479 140 2480 113 2481 348 2482 47 2483 156 2484 47 2485 348 2486 349 2487 47 2488 156 2489 6 2490 349 2491 156 2492 350 2493 126 2494 354 2495 350 2496 230 2497 490 2498 529 2499 351 2500 107 2501 543 2502 36 2503 123 2504 204 2505 352 2506 243 2507 352 2508 477 2509 481 2510 124 2511 353 2512 39 2513 282 2514 353 2515 124 2516 141 2517 354 2518 64 2519 350 2520 354 2521 141 2522 130 2523 355 2524 58 2525 384 2526 355 2527 130 2528 138 2529 356 2530 62 2531 356 2532 138 2533 137 2534 138 2535 357 2536 137 2537 190 2538 137 2539 357 2540 143 2541 358 2542 56 2543 227 2544 358 2545 143 2546 283 2547 129 2548 359 2549 226 2550 359 2551 129 2552 37 2553 360 2554 145 2555 145 2556 360 2557 130 2558 361 2559 2 2560 489 2561 361 2562 127 2563 327 2564 362 2565 191 2566 147 2567 99 2568 191 2569 362 2570 192 2571 363 2572 169 2573 363 2574 192 2575 76 2576 117 2577 184 2578 364 2579 152 2580 364 2581 184 2582 175 2583 365 2584 87 2585 87 2586 365 2587 103 2588 174 2589 366 2590 79 2591 369 2592 79 2593 366 2594 367 2595 66 2596 182 2597 370 2598 66 2599 367 2600 99 2601 368 2602 94 2603 368 2604 99 2605 362 2606 159 2607 369 2608 366 2609 49 2610 369 2611 159 2612 158 2613 370 2614 367 2615 370 2616 158 2617 284 2618 152 2619 371 2620 324 2621 371 2622 152 2623 184 2624 26 2625 187 2626 372 2627 372 2628 18 2629 26 2630 218 2631 373 2632 101 2633 373 2634 215 2635 101 2636 81 2637 418 2638 533 2639 18 2640 81 2641 533 2642 523 2643 375 2644 91 2645 513 2646 375 2647 523 2648 376 2649 378 2650 11 2651 285 2652 376 2653 11 2654 20 2655 82 2656 535 2657 475 2658 535 2659 82 2660 11 2661 378 2662 539 2663 106 2664 539 2665 378 2666 500 2667 229 2668 379 2669 241 2670 379 2671 229 2672 45 2673 380 2674 246 2675 231 2676 380 2677 45 2678 61 2679 381 2680 23 2681 497 2682 23 2683 381 2684 12 2685 221 2686 382 2687 265 2688 382 2689 221 2690 446 2691 383 2692 176 2693 383 2694 386 2695 176 2696 384 2697 38 2698 355 2699 384 2700 258 2701 38 2702 234 2703 385 2704 68 2705 68 2706 385 2707 338 2708 386 2709 450 2710 67 2711 386 2712 67 2713 176 2714 387 2715 262 2716 9 2717 387 2718 131 2719 262 2720 388 2721 261 2722 8 2723 388 2724 132 2725 261 2726 498 2727 44 2728 389 2729 57 2730 389 2731 44 2732 390 2733 109 2734 150 2735 168 2736 390 2737 150 2738 391 2739 89 2740 146 2741 185 2742 391 2743 146 2744 365 2745 392 2746 103 2747 185 2748 103 2749 392 2750 88 2751 147 2752 393 2753 191 2754 393 2755 147 2756 48 2757 179 2758 394 2759 394 2760 179 2761 84 2762 395 2763 117 2764 364 2765 395 2766 140 2767 117 2768 170 2769 94 2770 396 2771 368 2772 396 2773 94 2774 397 2775 185 2776 146 2777 397 2778 103 2779 185 2780 398 2781 155 2782 202 2783 77 2784 398 2785 202 2786 179 2787 399 2788 84 2789 136 2790 84 2791 399 2792 400 2793 179 2794 48 2795 322 2796 400 2797 48 2798 401 2799 93 2800 230 2801 401 2802 509 2803 93 2804 402 2805 506 2806 207 2807 402 2808 207 2809 2 2810 3 2811 403 2812 33 2813 33 2814 403 2815 337 2816 404 2817 58 2818 223 2819 223 2820 56 2821 404 2822 405 2823 432 2824 104 2825 405 2826 104 2827 49 2828 100 2829 284 2830 406 2831 406 2832 433 2833 100 2834 522 2835 407 2836 427 2837 522 2838 519 2839 407 2840 447 2841 119 2842 408 2843 119 2844 10 2845 408 2846 409 2847 429 2848 105 2849 105 2850 71 2851 409 2852 410 2853 428 2854 32 2855 136 2856 410 2857 32 2858 203 2859 411 2860 403 2861 203 2862 3 2863 411 2864 37 2865 412 2866 183 2867 412 2868 491 2869 183 2870 413 2871 175 2872 87 2873 175 2874 413 2875 140 2876 414 2877 174 2878 79 2879 325 2880 174 2881 414 2882 25 2883 415 2884 244 2885 25 2886 251 2887 415 2888 416 2889 200 2890 24 2891 24 2892 254 2893 416 2894 417 2895 242 2896 83 2897 439 2898 417 2899 83 2900 69 2901 418 2902 296 2903 423 2904 418 2905 69 2906 419 2907 10 2908 119 2909 419 2910 449 2911 10 2912 116 2913 231 2914 420 2915 455 2916 420 2917 231 2918 319 2919 421 2920 240 2921 240 2922 421 2923 119 2924 422 2925 178 2926 318 2927 383 2928 178 2929 422 2930 423 2931 69 2932 216 2933 321 2934 423 2935 216 2936 424 2937 436 2938 74 2939 424 2940 74 2941 72 2942 472 2943 425 2944 46 2945 425 2946 257 2947 46 2948 426 2949 232 2950 16 2951 16 2952 189 2953 426 2954 41 2955 54 2956 427 2957 427 2958 273 2959 41 2960 339 2961 222 2962 428 2963 32 2964 428 2965 222 2966 215 2967 429 2968 324 2969 105 2970 429 2971 215 2972 431 2973 430 2974 188 2975 430 2976 476 2977 188 2978 431 2979 57 2980 249 2981 249 2982 430 2983 431 2984 295 2985 219 2986 432 2987 104 2988 432 2989 219 2990 173 2991 220 2992 433 2993 100 2994 433 2995 220 2996 434 2997 61 2998 253 2999 253 3000 114 3001 434 3002 16 3003 232 3004 435 3005 435 3006 232 3007 183 3008 74 3009 436 3010 217 3011 436 3012 210 3013 217 3014 437 3015 361 3016 199 3017 234 3018 437 3019 199 3020 53 3021 233 3022 438 3023 233 3024 259 3025 438 3026 83 3027 225 3028 439 3029 328 3030 439 3031 225 3032 440 3033 94 3034 170 3035 165 3036 440 3037 170 3038 66 3039 441 3040 182 3041 77 3042 182 3043 441 3044 62 3045 224 3046 442 3047 59 3048 442 3049 224 3050 351 3051 443 3052 107 3053 545 3054 107 3055 443 3056 54 3057 444 3058 250 3059 444 3060 461 3061 250 3062 329 3063 445 3064 65 3065 445 3066 78 3067 65 3068 134 3069 383 3070 446 3071 446 3072 450 3073 134 3074 447 3075 449 3076 135 3077 135 3078 119 3079 447 3080 162 3081 80 3082 448 3083 453 3084 162 3085 448 3086 419 3087 226 3088 449 3089 449 3090 226 3091 135 3092 450 3093 227 3094 134 3095 386 3096 227 3097 450 3098 451 3099 276 3100 252 3101 472 3102 451 3103 252 3104 452 3105 92 3106 111 3107 111 3108 460 3109 452 3110 453 3111 237 3112 85 3113 85 3114 162 3115 453 3116 272 3117 454 3118 151 3119 303 3120 151 3121 454 3122 455 3123 45 3124 246 3125 45 3126 455 3127 231 3128 456 3129 80 3130 167 3131 456 3132 167 3133 330 3134 67 3135 457 3136 235 3137 473 3138 235 3139 457 3140 474 3141 255 3142 458 3143 10 3144 458 3145 255 3146 148 3147 78 3148 459 3149 459 3150 463 3151 148 3152 460 3153 111 3154 1 3155 32 3156 547 3157 1 3158 250 3159 461 3160 193 3161 482 3162 193 3163 461 3164 462 3165 510 3166 230 3167 149 3168 462 3169 230 3170 463 3171 248 3172 236 3173 148 3174 463 3175 236 3176 484 3177 189 3178 464 3179 153 3180 464 3181 189 3182 485 3183 465 3184 244 3185 465 3186 25 3187 244 3188 483 3189 466 3190 200 3191 24 3192 200 3193 466 3194 10 3195 263 3196 467 3197 263 3198 55 3199 467 3200 264 3201 19 3202 468 3203 67 3204 264 3205 468 3206 181 3207 37 3208 469 3209 144 3210 181 3211 469 3212 24 3213 470 3214 254 3215 466 3216 470 3217 24 3218 465 3219 471 3220 25 3221 25 3222 471 3223 251 3224 70 3225 425 3226 472 3227 472 3228 252 3229 70 3230 19 3231 176 3232 473 3233 19 3234 473 3235 468 3236 55 3237 474 3238 467 3239 55 3240 408 3241 474 3242 475 3243 82 3244 210 3245 210 3246 72 3247 475 3248 476 3249 57 3250 23 3251 188 3252 476 3253 23 3254 477 3255 352 3256 204 3257 323 3258 477 3259 204 3260 478 3261 186 3262 360 3263 37 3264 186 3265 478 3266 479 3267 225 3268 83 3269 242 3270 479 3271 83 3272 480 3273 190 3274 357 3275 34 3276 190 3277 480 3278 545 3279 481 3280 107 3281 481 3282 36 3283 107 3284 46 3285 193 3286 482 3287 482 3288 54 3289 46 3290 133 3291 483 3292 254 3293 133 3294 466 3295 483 3296 241 3297 41 3298 484 3299 41 3300 189 3301 484 3302 139 3303 465 3304 485 3305 485 3306 251 3307 139 3308 486 3309 515 3310 108 3311 69 3312 486 3313 108 3314 487 3315 514 3316 22 3317 22 3318 217 3319 487 3320 488 3321 492 3322 72 3323 210 3324 488 3325 72 3326 489 3327 68 3328 127 3329 361 3330 489 3331 127 3332 350 3333 490 3334 126 3335 490 3336 33 3337 126 3338 469 3339 44 3340 491 3341 183 3342 491 3343 44 3344 532 3345 492 3346 243 3347 92 3348 243 3349 492 3350 154 3351 50 3352 493 3353 50 3354 267 3355 493 3356 316 3357 493 3358 50 3359 325 3360 50 3361 493 3362 157 3363 60 3364 494 3365 60 3366 268 3367 494 3368 317 3369 494 3370 60 3371 340 3372 60 3373 494 3374 168 3375 495 3376 101 3377 502 3378 101 3379 495 3380 503 3381 496 3382 214 3383 343 3384 214 3385 496 3386 112 3387 53 3388 497 3389 497 3390 381 3391 112 3392 118 3393 12 3394 498 3395 498 3396 389 3397 118 3398 145 3399 38 3400 499 3401 37 3402 145 3403 499 3404 35 3405 229 3406 500 3407 34 3408 35 3409 500 3410 382 3411 501 3412 12 3413 498 3414 12 3415 501 3416 7 3417 345 3418 502 3419 502 3420 495 3421 7 3422 503 3423 214 3424 15 3425 75 3426 503 3427 15 3428 238 3429 102 3430 504 3431 102 3432 201 3433 504 3434 239 3435 30 3436 505 3437 505 3438 30 3439 29 3440 207 3441 506 3442 29 3443 506 3444 234 3445 29 3446 9 3447 507 3448 205 3449 507 3450 266 3451 205 3452 508 3453 206 3454 8 3455 508 3456 269 3457 206 3458 201 3459 509 3460 3 3461 93 3462 509 3463 201 3464 34 3465 510 3466 153 3467 462 3468 153 3469 510 3470 511 3471 144 3472 2 3473 511 3474 181 3475 144 3476 434 3477 512 3478 61 3479 512 3480 381 3481 61 3482 26 3483 346 3484 513 3485 513 3486 523 3487 26 3488 514 3489 74 3490 110 3491 22 3492 514 3493 110 3494 108 3495 515 3496 14 3497 515 3498 423 3499 14 3500 516 3501 373 3502 218 3503 218 3504 105 3505 516 3506 517 3507 70 3508 5 3509 517 3510 425 3511 70 3512 497 3513 53 3514 518 3515 512 3516 518 3517 53 3518 273 3519 13 3520 519 3521 407 3522 519 3523 13 3524 288 3525 520 3526 171 3527 171 3528 520 3529 173 3530 281 3531 521 3532 177 3533 177 3534 521 3535 295 3536 54 3537 250 3538 522 3539 54 3540 522 3541 427 3542 523 3543 91 3544 187 3545 26 3546 523 3547 187 3548 20 3549 524 3550 303 3551 377 3552 524 3553 20 3554 374 3555 525 3556 18 3557 525 3558 299 3559 18 3560 526 3561 122 3562 43 3563 196 3564 526 3565 43 3566 165 3567 526 3568 43 3569 289 3570 43 3571 526 3572 290 3573 40 3574 527 3575 527 3576 124 3577 40 3578 195 3579 527 3580 40 3581 140 3582 527 3583 40 3584 274 3585 528 3586 1 3587 543 3588 529 3589 36 3590 107 3591 36 3592 529 3593 1 3594 111 3595 530 3596 542 3597 274 3598 530 3599 57 3600 531 3601 389 3602 431 3603 531 3604 57 3605 194 3606 532 3607 11 3608 285 3609 11 3610 532 3611 533 3612 89 3613 374 3614 533 3615 374 3616 18 3617 534 3618 98 3619 547 3620 534 3621 287 3622 98 3623 535 3624 377 3625 20 3626 88 3627 377 3628 535 3629 536 3630 97 3631 8 3632 206 3633 536 3634 8 3635 537 3636 95 3637 9 3638 537 3639 9 3640 205 3641 257 3642 5 3643 538 3644 70 3645 538 3646 5 3647 539 3648 194 3649 11 3650 194 3651 539 3652 106 3653 540 3654 113 3655 2 3656 2 3657 279 3658 540 3659 541 3660 278 3661 3 3662 312 3663 541 3664 3 3665 542 3666 530 3667 111 3668 542 3669 111 3670 92 3671 543 3672 351 3673 529 3674 543 3675 92 3676 351 3677 544 3678 6 3679 144 3680 309 3681 544 3682 144 3683 547 3684 545 3685 488 3686 488 3687 545 3688 443 3689 546 3690 51 3691 149 3692 546 3693 149 3694 17 3695 1 3696 547 3697 460 3698 460 3699 547 3700 488 3701</p>
        </triangles>
      </mesh>
    </geometry>
  </library_geometries>
  <library_visual_scenes>
    <visual_scene id="leg_thigh_link" name="leg_thigh_link">
      <node name="FBXASC227FBXASC130FBXASC189FBXASC227FBXASC131FBXASC170FBXASC227FBXASC131FBXASC131FBXASC227FBXASC131FBXASC1371" id="FBXASC227FBXASC130FBXASC189FBXASC227FBXASC131FBXASC170FBXASC227FBXASC131FBXASC131FBXASC227FBXASC131FBXASC1371" sid="FBXASC227FBXASC130FBXASC189FBXASC227FBXASC131FBXASC170FBXASC227FBXASC131FBXASC131FBXASC227FBXASC131FBXASC1371">
        <matrix sid="matrix">25.4 0 0 -0 0 -25.4 -8e-06 -0 0 8e-06 -25.4 0.12 0 0 0 1</matrix>
        <instance_geometry url="#FBXASC227FBXASC130FBXASC189FBXASC227FBXASC131FBXASC170FBXASC227FBXASC131FBXASC131FBXASC227FBXASC131FBXASC1371-lib">
          <bind_material>
            <technique_common>
              <instance_material symbol="MaterialFBXASC032FBXASC03525" target="#MaterialFBXASC032FBXASC03525"/>
            </technique_common>
          </bind_material>
        </instance_geometry>
        <extra>
          <technique profile="FCOLLADA">
            <visibility>1.000000</visibility>
          </technique>
        </extra>
      </node>
      <extra>
        <technique profile="MAX3D">
          <frame_rate>30.000000</frame_rate>
        </technique>
        <technique profile="FCOLLADA">
          <start_time>0.000000</start_time>
          <end_time>3.333333</end_time>
        </technique>
      </extra>
    </visual_scene>
  </library_visual_scenes>
  <scene>
    <instance_visual_scene url="#leg_thigh_link"/>
  </scene>
</COLLADA>