<?xml version='1.0' encoding='UTF-8'?>
<COLLADA xmlns="http://www.collada.org/2005/11/COLLADASchema" version="1.4.1">
  <asset>
    <contributor>
      <author/>
      <authoring_tool>FBX COLLADA exporter</authoring_tool>
      <comments/>
    </contributor>
    <created>2026-08-14T11:29:42Z</created>
    <keywords/>
    <modified>2026-08-14T11:29:42Z</modified>
    <revision/>
    <subject/>
    <title/>
    <unit meter="1.0" name="meter"/>
    <up_axis>Z_UP</up_axis>
  </asset>
  <library_materials>
    <material id="MaterialFBXASC032FBXASC03525" name="MaterialFBXASC032FBXASC03525">
      <instance_effect url="#MaterialFBXASC032FBXASC03525-fx"/>
    </material>
  </library_materials>
  <library_effects>
    <effect id="MaterialFBXASC032FBXASC03525-fx" name="MaterialFBXASC032FBXASC03525">
      <profile_COMMON>
        <technique sid="standard">
          <phong>
            <emission>
              <color sid="emission">0.000000  0.000000 0.000000 1.000000</color>
            </emission>
            <ambient>
              <color sid="ambient">0.745098  0.737255 0.729412 1.000000</color>
            </ambient>
            <diffuse>
              <color sid="diffuse">0.745098  0.737255 0.729412 1.000000</color>
            </diffuse>
            <specular>
              <color sid="specular">0.000000  0.000000 0.000000 1.000000</color>
            </specular>
            <shininess>
              <float sid="shininess">1.000000</float>
            </shininess>
            <transparency>
              <float sid="transparency">0.000000</float>
            </transparency>
          </phong>
        </technique>
      </profile_COMMON>
    </effect>
  </library_effects>
  <library_geometries>
    <geometry id="FBXASC227FBXASC130FBXASC189FBXASC227FBXASC131FBXASC170FBXASC227FBXASC131FBXASC131FBXASC227FBXASC131FBXASC1371-lib" name="FBXASC227FBXASC130FBXASC189FBXASC227FBXASC131FBXASC170FBXASC227FBXASC131FBXASC131FBXASC227FBXASC131FBXASC1371Mesh">
      <mesh>
        <source id="FBXASC227FBXASC130FBXASC189FBXASC227FBXASC131FBXASC170FBXASC227FBXASC131FBXASC131FBXASC227FBXASC131FBXASC1371-POSITION">
          <float_array id="FBXASC227FBXASC130FBXASC189FBXASC227FBXASC131FBXASC170FBXASC227FBXASC131FBXASC131FBXASC227FBXASC131FBXASC1371-POSITION-array" count="1386">0.000648079 0.001968504 0.005011106 0.000728346 0.001968504 -0.009527559 0.000429885 -0.001850394 4.0396e-05 -0.000944882 0.001850394 -0.006496063 0.000648079 -0.001850394 0.005011106 0.000708661 -0.001850394 -0.009527559 0.000339407 0.001850394 -0.001852188 0.000728346 -0.000832822 -0.0011623 -0.000944882 -0.001850394 -0.006496063 0.000339407 -0.001850394 -0.003820692 -0.000525226 0.001968504 0.003013935 0.000259843 -0.001850394 -0.007976302 -0.000525226 -0.001850394 0.003013935 0.000437008 0.001968504 -0.005905512 -0.000374016 0.001850394 -0.00984252 -0.000511811 -0.001850394 -0.00921383 -0.000525226 0.001968504 -0.008132045 0.000728346 0.00125896 -0.007860381 -0.000543597 0.001850394 0.004250697 -0.000567309 -0.001850394 0.005149099 0.000429885 0.001968504 4.0396e-05 0.000728346 0.000832822 -0.0011623 0.000339407 -0.001850394 -0.005789196 0.000377953 -0.001968504 0.001866217 0.000259843 -0.001850394 -0.001866217 0.000377953 0.001968504 0.001866217 0.000358865 -0.001850394 0.004829782 -0.000346998 0.001850394 0.005342304 0.00020791 0.001850394 -0.003896612 0.000846457 -0.000832822 -0.008286519 0.000437008 0.001968504 -0.003937008 0.000358865 0.001968504 0.004829782 0.000437008 0.001850394 -0.007874016 0.000648079 0.001850394 -0.010129215 -0.000525226 -0.001850394 -0.008132045 0.000846457 -0.00125896 -0.007860381 5.3228e-05 0.001968504 -0.009472311 -0.001870079 0.001968504 -0.00627284 -0.001870079 -0.001850394 -0.00627284 0.000437008 -0.001850394 -0.001968504 -0.001910848 -0.001850394 0.001553719 -0.000543597 -0.001968504 0.004250697 -6.7358e-05 0.001850394 -0.010547973 -0.001910848 0.001968504 0.001553719 0.000223798 -0.001850394 0.005396805 5.3228e-05 -0.001850394 -0.009472311 0.000563574 -0.001850394 -0.009944654 -0.000567309 -0.001968504 -0.01026721 -7.874e-05 -0.001850394 -0.010393701 -0.000519839 0.001968504 -0.009292932 0.000358865 0.001968504 -0.009947892 -0.000314642 -0.001850394 -0.010044728 -0.000314642 0.001968504 0.004926618 -0.000374016 -0.001968504 0.00472441 0.00047669 -0.001850394 -0.010366893 0.000728346 -0.001437008 -0.000935846 0.000728346 -0.001318898 -0.001889764 0.000728346 0.001850394 0.004409449 0.000846457 0.000832822 -0.008286519 0.000728346 0.001437008 -0.000935846 0.000728346 0.00125896 -0.001588438 -0.000567309 0.001850394 -0.01026721 0.000244928 0.001968504 0.004441747 0.000244928 -0.001968504 0.004441747 -0.000155372 0.001850394 0.004384193 0.000728346 -0.001968504 0.004409449 -0.000155372 -0.001968504 0.005064626 0.00047669 0.001850394 -0.010366893 0.000358865 -0.001850394 -0.009947892 0.000223798 0.001850394 0.005396805 0.000200787 -0.001968504 -0 0.000200787 0.001850394 0 -0.000567309 0.001968504 0.005149099 -0.000944882 -0.001850394 -0.007556257 0.000200787 0.001850394 0.001968504 0.00022842 -0.001968504 0.001892584 0.000244928 -0.001968504 -0.010125182 -0.000155372 0.001968504 -0.010182736 0.000358865 0.001850394 -0.009737147 0.000259843 0.001850394 -0.007976302 0.00020791 0.001850394 -0.005865116 -0.000155372 -0.001968504 0.004384193 0.00020791 0.001850394 -0.0020089 0.000409375 -0.001850394 -0.007949935 -0.000155372 0.001850394 0.005064626 0.000244928 0.001850394 -0.010125182 -0.000346998 -0.001850394 -0.010460414 0.000244928 -0.001968504 -0.009559857 -0.000314642 -0.001968504 -0.009640311 -0.001141732 -0.001850394 -0.006299212 -0.000887226 0.001968504 -0.007695451 0.000846457 -0.000531496 -0.001102362 0.000259843 -0.001968504 -0.004039294 -0.000346998 -0.001850394 0.005342304 -0.001141732 0.001968504 -0.006299212 0.000259843 -0.001968504 -0.006007798 -0.000695857 -0.001968504 -0.009708413 0.000728346 0.000531496 -0.001102362 -0.000346998 0.001850394 -0.010460414 0.00047669 -0.001850394 0.005248783 -0.000695857 0.001850394 -0.009708413 0.000298388 -0.001850394 0.001852188 -0.000695857 -0.001850394 0.004590303 0.000728346 -0.000531496 -0.008346457 0.00020791 -0.001850394 -0.0020089 0.000358865 -0.001850394 0.004619037 0.000429885 -0.001968504 -4.0396e-05 0.000358865 0.001850394 0.004619037 -0.000695857 0.001850394 0.004590303 0.000223798 -0.001968504 -0.010514915 0.000728346 0.001318898 -0.007559055 -0.000155372 -0.001968504 -0.010182736 -0.000627123 -0.001968504 0.002837444 0.000377953 0.001850394 0.000102286 0.000437008 -0.001850394 -0.003937008 0.000437008 -0.001850394 -0.005905512 0.000259843 0.001968504 -0.007771729 0.000223798 0.001850394 -0.010514915 -0.000155372 0.001850394 -0.009502303 0.000437008 0.001968504 -0.001968504 0.00047669 0.001850394 0.005248783 0.000377953 -0.001850394 0.00207079 -0.000627123 0.001850394 0.002837444 0.000728346 -0.001088273 -0.001332987 0.000429885 0.001850394 0.001928108 -0.000155372 -0.001850394 -0.009502303 -6.7358e-05 0.001850394 0.005429862 0.000200787 0.001968504 0.001968504 -6.7358e-05 -0.001850394 0.005429862 0.000339407 -0.001850394 -0.0077577 -0.000314642 -0.001850394 0.004926618 0.000244928 0.001968504 0.005007071 0.000244928 -0.001850394 0.005007071 -0.000627123 -0.001850394 -0.007955554 0.000708661 0.001968504 0.004409449 0.000708661 -0.001968504 -0.00984252 0.000728346 0.001088273 -0.001332987 0.000846457 0.000531496 -0.008346457 0.000200787 0.001968504 -0 0.000728346 -0.001088273 -0.008115832 0.000200787 -0.001850394 -0 -0.001942131 -0.001968504 -0.006200788 0.000728346 -0.001318898 -0.007559055 -0.001942131 0.001968504 -0.006200788 0.000728346 -0.00125896 -0.001588438 0.000846457 0.001318898 -0.001889764 0.000708661 -0.001850394 0.00472441 0.00020791 -0.001968504 -0.00783362 0.000846457 0.001088273 -0.008115832 0.000708661 0.001850394 -0.00984252 5.3228e-05 -0.001850394 0.004354201 -0.000690623 -0.001850394 -0.010001393 -0.000690623 0.001850394 -0.010001393 -0.000525226 0.001850394 -0.008132045 -0.000690623 0.001968504 0.004883283 0.000259843 0.001968504 -0.003834721 5.3228e-05 0.001850394 -0.010212729 0.000259843 0.001968504 -0.005803226 5.3228e-05 -0.001850394 -0.010212729 -0.000690623 -0.001850394 0.004883283 -0.000582115 -0.001850394 0.004320252 -0.000314642 0.001968504 -0.010044728 0.000259843 -0.001850394 -0.004039294 5.3228e-05 0.001850394 0.004354201 -0.000374016 0.001850394 0.00472441 -0.000314642 0.001968504 -0.009640311 -0.000314642 -0.001850394 0.004522201 5.3228e-05 0.001850394 0.005094618 0.000298388 -0.001968504 0.000116316 -0.000314642 0.001968504 0.004522201 0.000708661 0.001968504 0.00472441 0.00020791 -0.001850394 -0.005865116 0.000437008 0.001968504 -0.007874016 -0.000374016 -0.001850394 -0.00984252 0.000437008 0.001850394 -0.005905512 0.000648079 -0.001968504 -0.010129215 5.3228e-05 -0.001968504 0.005094618 0.000846457 -0.001437008 -0.008416162 0.000298388 -0.001968504 0.00208482 0.000358865 -0.001850394 -0.009737147 0.000708661 0.001850394 -0.009527559 0.000358865 0.001850394 0.004829782 0.000358865 -0.001968504 0.004829782 0.000429885 0.001968504 0.0020089 0.000358865 -0.001968504 -0.009947892 -0.000519839 0.001968504 0.004174821 0.00020791 0.001968504 -0.001928108 0.000298388 -0.001850394 -0.000116316 0.000358865 0.001850394 -0.009947892 0.000437008 0.001850394 -0.003937008 0.00020791 -0.001968504 -0.0020089 0.000339407 -0.001968504 -0.001852188 -0.000971255 -0.001968504 -0.006397638 0.00020791 0.001850394 -0.00783362 0.000377953 0.001968504 -0.000102286 -0.001771654 -0.001968504 -0.006299212 -0.000627123 0.001968504 0.002837444 -0.000511811 -0.001968504 -0.008233942 -0.000971255 0.001968504 -0.006397638 0.000728346 -0.001850394 0.004409449 -0.000627123 -0.001850394 0.002837444 0.000298388 0.001850394 0.001852188 0.000200787 -0.001850394 0.001968504 -6.7358e-05 -0.001968504 -0.010547973 -0.000543597 -0.001968504 -0.009368807 0.000437008 -0.001968504 -0.007874016 -0.001141732 0.001850394 -0.006299212 -0.000525226 -0.001968504 0.003013935 0.000429885 0.001850394 -4.0396e-05 0.000244928 0.001850394 -0.009559857 0.000298388 0.001850394 0.00208482 0.000244928 -0.001850394 0.004441747 0.000437008 0.001850394 -0.001968504 -0.001771654 0.001850394 -0.006299212 -0.000543597 0.001850394 -0.009368807 -0.001141732 -0.001968504 -0.006299212 0.000244928 0.001968504 -0.009559857 -0.000511811 0.001850394 0.003115832 0.000244928 -0.001850394 -0.009559857 -0.000627123 0.001850394 -0.007955554 0.000259843 -0.001968504 -0.007976302 -0.001942131 -0.001850394 -0.006200788 0.000244928 0.001850394 0.004441747 0.00020791 -0.001968504 -0.003896612 -0.001968504 0.001850394 -0.006102362 0.000437008 -0.001968504 -0.001968504 0.000259843 0.001968504 -0.001866217 -0.000346998 -0.001968504 0.005342304 0.000648079 0.001968504 -0.010129215 0.000437008 -0.001968504 -0.003937008 0.000437008 -0.001968504 -0.005905512 -0.001968504 -0.001968504 0.001414525 0.000339407 0.001850394 -0.0077577 0.000298388 0.001850394 -0.000116316 0.000259843 0.001968504 -0.00207079 -0.001968504 0.001850394 0.001414525 0.000708661 -0.001968504 -0.009527559 0.000259843 0.001850394 -0.004039294 0.000259843 0.001850394 -0.006007798 0.000728346 0.000531496 -0.008346457 0.000846457 -0.000832822 -0.0011623 -0.000346998 0.001968504 -0.010460414 -0.000346998 -0.001968504 -0.010460414 0.000846457 0.001318898 -0.007559055 0.000298388 -0.001968504 -0.000116316 0.000339407 0.001850394 -0.005789196 0.000648079 -0.001968504 0.005011106 0.000846457 0.001437008 -0.008416162 0.000298388 0.001968504 0.000116316 0.00020791 -0.001968504 -0.005865116 0.000339407 0.001850394 -0.003820692 -0.000346998 0.001968504 0.005342304 0.000728346 -0.000531496 -0.001102362 0.000728346 -0.000832822 -0.008286519 0.000728346 0.000832822 -0.008286519 0.000728346 0.001318898 -0.001889764 0.000846457 -0.001318898 -0.001889764 0.000846457 -0.001318898 -0.007559055 -0.000627123 -0.001968504 -0.007955554 0.000298388 0.001968504 0.00208482 0.000728346 0.001088273 -0.008115832 0.000846457 -0.001088273 -0.001332987 0.000846457 0.000531496 -0.001102362 0.000846457 0.001088273 -0.001332987 0.000846457 -0.00125896 -0.001588438 0.000846457 0.00125896 -0.001588438 -6.7358e-05 0.001968504 -0.010547973 0.000223798 0.001968504 0.005396805 0.000259843 -0.001850394 -0.006007798 0.000648079 0.001850394 0.005011106 -0.000374016 -0.001968504 -0.00984252 -0.000155372 0.001968504 0.005064626 0.00047669 -0.001968504 0.005248783 -0.000511811 -0.001850394 0.00409572 0.00020791 0.001968504 -0.003977404 0.00020791 0.001968504 -0.005945908 0.00020791 0.001968504 -0.007914412 0.00020791 -0.001850394 -0.00783362 -0.000511811 0.001850394 0.00409572 -0.000155372 -0.001850394 0.005064626 -0.000374016 -0.001850394 0.00472441 0.000223798 -0.001968504 0.005396805 -0.000374016 0.001968504 0.00472441 -0.000155372 -0.001968504 -0.009502303 -0.000155372 0.001968504 -0.009502303 -0.000374016 0.001968504 -0.00984252 0.000728346 -0.00125896 -0.007860381 0.000846457 0.00125896 -0.007860381 0.000846457 -0.001088273 -0.008115832 0.000846457 -0.000531496 -0.008346457 0.000846457 0.000832822 -0.0011623 0.000223798 -0.001850394 -0.010514915 -6.7358e-05 0.001968504 0.005429862 -6.7358e-05 -0.001968504 0.005429862 0.000223798 0.001968504 -0.010514915 0.00047669 0.001968504 -0.010366893 0.00047669 0.001968504 0.005248783 0.00047669 -0.001968504 -0.010366893 0.000298388 -0.001850394 0.000116316 0.000358865 -0.001968504 0.004619037 0.000244928 0.001968504 -0.010125182 5.3228e-05 -0.001968504 0.004354201 5.3228e-05 -0.001968504 -0.009472311 5.3228e-05 0.001968504 0.004354201 -0.000155372 -0.001850394 0.004384193 -0.000155372 -0.001850394 -0.010182736 0.000339407 0.001968504 -0.007990332 -0.000511811 0.001968504 -0.008233942 0.00020791 -0.001850394 -0.003896612 -0.000511811 -0.001968504 0.00409572 0.000429885 -0.001968504 0.001928108 0.000244928 0.001850394 0.005007071 -0.000155372 0.001850394 -0.010182736 0.000244928 -0.001850394 -0.010125182 5.3228e-05 0.001850394 -0.009472311 -0.000155372 0.001968504 0.004384193 0.000358865 -0.001968504 -0.009737147 0.000358865 0.001968504 -0.009737147 0.000358865 0.001968504 0.004619037 0.000244928 -0.001968504 0.005007071 -0.000582115 0.001968504 0.004320252 -0.000695857 -0.001850394 -0.009708413 -0.000695857 -0.001968504 0.004590303 -0.000690623 0.001968504 -0.010001393 -0.000690623 -0.001968504 -0.010001393 -0.000695857 0.001968504 -0.009708413 -0.000695857 0.001968504 0.004590303 -0.000690623 0.001850394 0.004883283 -0.000567309 -0.001850394 -0.01026721 -0.000690623 -0.001968504 0.004883283 -0.000567309 0.001968504 -0.01026721 5.3228e-05 -0.001850394 0.005094618 -0.000314642 0.001850394 -0.010044728 -0.000314642 -0.001968504 0.004522201 -0.000314642 -0.001968504 -0.010044728 -0.001968504 -0.001968504 -0.006102362 0.000339407 -0.001968504 -0.005789196 -0.000511811 -0.001850394 0.003115832 -0.001043307 0.001968504 -0.006325585 -0.001043307 0.001850394 -0.006325585 -0.000564557 -0.001968504 0.002918982 -0.000543597 -0.001850394 -0.009368807 -0.000944882 0.001850394 -0.007556257 0.000259843 0.001850394 -0.001866217 0.000259843 -0.001968504 -0.001866217 -0.001043307 -0.001968504 -0.006325585 0.000259843 -0.001968504 -0.00207079 0.000429885 -0.001850394 0.0020089 -0.000314642 0.001850394 0.004926618 -0.000567309 0.001850394 0.005149099 -0.000314642 0.001850394 -0.009640311 -0.000314642 -0.001850394 -0.009640311 -0.000314642 0.001850394 0.004522201 5.3228e-05 -0.001968504 -0.010212729 -0.000314642 -0.001968504 0.004926618 5.3228e-05 0.001968504 0.005094618 -0.000567309 -0.001968504 0.005149099 0.000339407 -0.001968504 -0.003820692 5.3228e-05 0.001968504 -0.010212729 0.000339407 -0.001968504 -0.0077577 -0.001870079 0.001850394 -0.00627284 -0.000944882 -0.001968504 -0.007556257 -0.000511811 -0.001968504 -0.00921383 -0.001043307 -0.001850394 -0.006325585 0.000708661 -0.001968504 0.00472441 0.000708661 0.001850394 0.00472441 0.000339407 -0.001850394 -0.001852188 0.000445464 0.001968504 -0.010012844 0.000445464 0.001850394 -0.010012844 0.000445464 -0.001968504 0.004894734 0.000445464 0.001850394 0.004894734 0.000445464 0.001968504 0.004894734 -0.001771654 0.001968504 -0.006299212 0.000445464 -0.001850394 -0.010012844 0.000445464 -0.001850394 0.004894734 -0.000564557 0.001850394 0.002918982 0.000377953 -0.001850394 0.001866217 -0.000564557 0.001968504 0.002918982 0.000377953 -0.001968504 0.000102286 -0.000971255 0.001850394 -0.006397638 0.000445464 -0.001968504 -0.010012844 -0.001771654 -0.001850394 -0.006299212 -0.000511811 -0.001850394 -0.008233942 -0.000944882 -0.001968504 -0.006496063 0.000377953 -0.001850394 -0.000102286 -0.000511811 0.001850394 -0.008233942 -0.000944882 0.001968504 -0.006496063 -0.000525226 -0.001968504 -0.008132045 -0.000582115 0.001968504 -0.009438362 0.000259843 -0.001850394 -0.00207079 -0.000511811 0.001850394 -0.00921383 0.000409375 0.001850394 -0.007949935 0.000298388 0.001968504 0.001852188 0.000298388 0.001968504 -0.000116316 0.000298388 -0.001968504 0.001852188 -0.000525226 0.001850394 0.003013935 -0.000564557 0.001968504 -0.008037092 0.000298388 0.001850394 0.000116316 0.000377953 0.001968504 0.000102286 0.000377953 -0.001850394 0.000102286 0.000409375 0.001968504 -0.001892584 -0.000971255 -0.001850394 -0.006397638 -0.001870079 -0.001968504 -0.00627284 0.00022842 0.001968504 0.001892584 0.000409375 0.001968504 -0.003861088 0.000409375 0.001968504 -0.005829592 0.000409375 0.001968504 -0.007798096 0.000259843 0.001850394 -0.00207079 -0.000511811 0.001968504 0.003115832 -0.001968504 -0.001850394 -0.006102362 0.000377953 0.001850394 0.001866217 -0.000511811 -0.001968504 0.003115832 -0.001968504 0.001968504 -0.006102362 0.00022842 0.001850394 0.001892584 -0.000564557 -0.001850394 0.002918982 0.000708661 -0.001850394 -0.00984252 0.000708661 0.001968504 -0.00984252 0.000200787 -0.001968504 0.001968504 -0.001942131 0.001850394 -0.006200788 0.000377953 0.001968504 0.00207079 0.000377953 0.001850394 -0.000102286 0.000377953 -0.001968504 -0.000102286 0.000298388 -0.001850394 0.00208482 0.000409375 -0.001968504 -0.007949935 0.000377953 0.001850394 0.00207079 0.00022842 -0.001850394 0.001892584 0.000437008 -0.001850394 -0.007874016 -0.000543597 -0.001850394 0.004250697 -0.000582115 -0.001968504 0.004320252 -0.000582115 0.001850394 0.004320252 0.000377953 -0.001968504 0.00207079 -0.000511811 0.001968504 0.00409572 0.000728346 -0.001437008 -0.008416162 0.000728346 0.001437008 -0.008416162 0.000245236 -0.001968504 -0.009396605 -7.874e-05 0.001850394 0.00527559 -0.000402716 -0.001850394 0.004278494 -0.000602945 0.001850394 -0.010012844 -7.874e-05 -0.001850394 0.00527559 0.000245236 -0.001850394 -0.009396605 0.000245236 -0.001968504 0.004278494 -0.000602945 0.001968504 0.004894734 0.000245236 -0.001850394 0.004278494 -0.000402716 -0.001850394 -0.009396605 0.000245236 0.001850394 0.004278494 -0.000402716 0.001968504 0.004278494 -0.000402716 0.001850394 0.004278494 -0.000602945 -0.001850394 0.004894734 -0.000402716 0.001968504 -0.009396605 -0.000402716 -0.001968504 0.004278494 -0.000402716 0.001850394 -0.009396605 -7.874e-05 0.001968504 0.00527559 -0.000602945 -0.001968504 0.004894734 -0.000602945 0.001968504 -0.010012844 0.000245236 0.001968504 0.004278494 -0.000602945 0.001850394 0.004894734 -7.874e-05 -0.001968504 0.00527559 0.000245236 0.001968504 -0.009396605 -0.000402716 -0.001968504 -0.009396605 -0.000602945 -0.001968504 -0.010012844 -0.000602945 -0.001850394 -0.010012844 0.000245236 0.001850394 -0.009396605</float_array>
          <technique_common>
            <accessor source="#FBXASC227FBXASC130FBXASC189FBXASC227FBXASC131FBXASC170FBXASC227FBXASC131FBXASC131FBXASC227FBXASC131FBXASC1371-POSITION-array" count="462" stride="3">
              <param name="X" type="float"/>
              <param name="Y" type="float"/>
              <param name="Z" type="float"/>
            </accessor>
          </technique_common>
        </source>
        <source id="FBXASC227FBXASC130FBXASC189FBXASC227FBXASC131FBXASC170FBXASC227FBXASC131FBXASC131FBXASC227FBXASC131FBXASC1371-Normal0">
          <float_array id="FBXASC227FBXASC130FBXASC189FBXASC227FBXASC131FBXASC170FBXASC227FBXASC131FBXASC131FBXASC227FBXASC131FBXASC1371-Normal0-array" count="9018">
-2.540000 -0.000000 0.000000
-2.540000 -0.000000 0.000000
-2.540000 -0.000000 0.000000
2.540000 0.000000 -0.000000
2.540000 0.000000 -0.000000
2.540000 0.000000 -0.000000
0.000000 2.540000 0.000000
0.000000 2.540000 0.000000
0.000000 2.540000 0.000000
0.000000 -2.540000 0.000000
0.000000 -2.540000 0.000000
0.000000 -2.540000 0.000000
0.000000 -2.540000 0.000000
0.000000 -2.540000 0.000000
0.000000 -2.540000 0.000000
0.000000 2.540000 0.000000
0.000000 2.540000 0.000000
0.000000 2.540000 0.000000
0.000000 -2.540000 0.000000
0.000000 -2.540000 0.000000
0.000000 -2.540000 0.000000
0.000000 2.540000 0.000000
0.000000 2.540000 0.000000
0.000000 2.540000 0.000000
0.000000 -2.540000 0.000000
0.000000 -2.540000 0.000000
0.000000 -2.540000 0.000000
0.000000 2.540000 0.000000
0.000000 2.540000 0.000000
0.000000 2.540000 0.000000
2.540000 0.000000 -0.000000
2.540000 0.000000 -0.000000
2.540000 0.000000 -0.000000
2.540000 0.000000 -0.000000
2.540000 0.000000 -0.000000
2.540000 0.000000 -0.000000
-2.540000 -0.000000 0.000000
-2.540000 -0.000000 0.000000
-2.540000 -0.000000 0.000000
-2.540000 -0.000000 0.000000
-2.540000 -0.000000 0.000000
-2.540000 -0.000000 0.000000
0.000000 -2.540000 0.000000
0.000000 -2.540000 0.000000
0.000000 -2.540000 0.000000
0.000000 2.540000 0.000000
0.000000 2.540000 0.000000
0.000000 2.540000 0.000000
0.000000 2.540000 0.000000
0.000000 2.540000 0.000000
0.000000 2.540000 0.000000
0.000000 -2.540000 0.000000
0.000000 -2.540000 0.000000
0.000000 -2.540000 0.000000
0.000000 2.540000 0.000000
0.000000 2.540000 0.000000
0.000000 2.540000 0.000000
0.000000 -2.540000 0.000000
0.000000 -2.540000 0.000000
0.000000 -2.540000 0.000000
0.000000 2.540000 0.000000
0.000000 2.540000 0.000000
0.000000 2.540000 0.000000
0.000000 -2.540000 0.000000
0.000000 -2.540000 0.000000
0.000000 -2.540000 0.000000
0.000000 -2.540000 0.000000
0.000000 -2.540000 0.000000
0.000000 -2.540000 0.000000
0.000000 2.540000 0.000000
0.000000 2.540000 0.000000
0.000000 2.540000 0.000000
0.000000 -2.540000 0.000000
0.000000 -2.540000 0.000000
0.000000 -2.540000 0.000000
0.000000 2.540000 0.000000
0.000000 2.540000 0.000000
0.000000 2.540000 0.000000
0.000000 -2.540000 0.000000
0.000000 -2.540000 0.000000
0.000000 -2.540000 0.000000
0.000000 2.540000 0.000000
0.000000 2.540000 0.000000
0.000000 2.540000 0.000000
0.000000 -2.540000 0.000000
0.000000 -2.540000 0.000000
0.000000 -2.540000 0.000000
0.000000 -2.540000 0.000000
0.000000 -2.540000 0.000000
0.000000 -2.540000 0.000000
0.000000 2.540000 0.000000
0.000000 2.540000 0.000000
0.000000 2.540000 0.000000
0.000000 2.540000 0.000000
0.000000 2.540000 0.000000
0.000000 2.540000 0.000000
0.000000 2.540000 0.000000
0.000000 2.540000 0.000000
0.000000 2.540000 0.000000
0.000000 -2.540000 0.000000
0.000000 -2.540000 0.000000
0.000000 -2.540000 0.000000
0.000000 -2.540000 0.000000
0.000000 -2.540000 0.000000
0.000000 -2.540000 0.000000
0.000000 2.540000 0.000000
0.000000 2.540000 0.000000
0.000000 2.540000 0.000000
0.000000 -2.540000 0.000000
0.000000 -2.540000 0.000000
0.000000 -2.540000 0.000000
0.000000 2.540000 0.000000
0.000000 2.540000 0.000000
0.000000 2.540000 0.000000
0.000000 -2.540000 0.000000
0.000000 -2.540000 0.000000
0.000000 -2.540000 0.000000
0.000000 2.540000 0.000000
0.000000 2.540000 0.000000
0.000000 2.540000 0.000000
2.540000 0.000000 -0.000000
2.540000 0.000000 -0.000000
2.540000 0.000000 -0.000000
2.540000 0.000000 -0.000000
2.540000 0.000000 -0.000000
2.540000 0.000000 -0.000000
-2.540000 -0.000000 0.000000
-2.540000 -0.000000 0.000000
-2.540000 -0.000000 0.000000
-2.540000 -0.000000 0.000000
-2.540000 -0.000000 0.000000
-2.540000 -0.000000 0.000000
0.000000 -2.540000 0.000000
0.000000 -2.540000 0.000000
0.000000 -2.540000 0.000000
0.000000 2.540000 0.000000
0.000000 2.540000 0.000000
0.000000 2.540000 0.000000
0.000000 -2.540000 0.000000
0.000000 -2.540000 0.000000
0.000000 -2.540000 0.000000
0.000000 2.540000 0.000000
0.000000 2.540000 0.000000
0.000000 2.540000 0.000000
0.000000 -2.540000 0.000000
0.000000 -2.540000 0.000000
0.000000 -2.540000 0.000000
0.000000 2.540000 0.000000
0.000000 2.540000 0.000000
0.000000 2.540000 0.000000
0.000000 2.540000 0.000000
0.000000 2.540000 0.000000
0.000000 2.540000 0.000000
0.000000 -2.540000 0.000000
0.000000 -2.540000 0.000000
0.000000 -2.540000 0.000000
2.540000 0.000000 -0.000000
2.540000 0.000000 -0.000000
2.540000 0.000000 -0.000000
-2.540000 -0.000000 0.000000
-2.540000 -0.000000 0.000000
-2.540000 -0.000000 0.000000
0.000000 -2.540000 0.000000
0.000000 -2.540000 0.000000
0.000000 -2.540000 0.000000
0.000000 2.540000 0.000000
0.000000 2.540000 0.000000
0.000000 2.540000 0.000000
0.000000 2.540000 0.000000
0.000000 2.540000 0.000000
0.000000 2.540000 0.000000
0.000000 -2.540000 0.000000
0.000000 -2.540000 0.000000
0.000000 -2.540000 0.000000
0.000000 -2.540000 0.000000
0.000000 -2.540000 0.000000
0.000000 -2.540000 0.000000
0.000000 2.540000 0.000000
0.000000 2.540000 0.000000
0.000000 2.540000 0.000000
0.000000 -2.540000 0.000000
0.000000 -2.540000 0.000000
0.000000 -2.540000 0.000000
0.000000 2.540000 0.000000
0.000000 2.540000 0.000000
0.000000 2.540000 0.000000
0.000000 2.540000 0.000000
0.000000 2.540000 0.000000
0.000000 2.540000 0.000000
0.000000 2.540000 0.000000
0.000000 2.540000 0.000000
0.000000 2.540000 0.000000
0.000000 -2.540000 0.000000
0.000000 -2.540000 0.000000
0.000000 -2.540000 0.000000
0.000000 -2.540000 0.000000
0.000000 -2.540000 0.000000
0.000000 -2.540000 0.000000
0.000000 2.540000 0.000000
0.000000 2.540000 0.000000
0.000000 2.540000 0.000000
0.000000 -2.540000 0.000000
0.000000 -2.540000 0.000000
0.000000 -2.540000 0.000000
0.000000 -2.540000 0.000000
0.000000 -2.540000 0.000000
0.000000 -2.540000 0.000000
0.000000 2.540000 0.000000
0.000000 2.540000 0.000000
0.000000 2.540000 0.000000
0.000000 -2.540000 0.000000
0.000000 -2.540000 0.000000
0.000000 -2.540000 0.000000
0.000000 2.540000 0.000000
0.000000 2.540000 0.000000
0.000000 2.540000 0.000000
0.000000 -2.540000 0.000000
0.000000 -2.540000 0.000000
0.000000 -2.540000 0.000000
0.000000 2.540000 0.000000
0.000000 2.540000 0.000000
0.000000 2.540000 0.000000
0.000000 -2.540000 0.000000
0.000000 -2.540000 0.000000
0.000000 -2.540000 0.000000
0.000000 2.540000 0.000000
0.000000 2.540000 0.000000
0.000000 2.540000 0.000000
0.000000 2.540000 0.000000
0.000000 2.540000 0.000000
0.000000 2.540000 0.000000
0.000000 -2.540000 0.000000
0.000000 -2.540000 0.000000
0.000000 -2.540000 0.000000
2.540000 0.000000 -0.000000
2.540000 0.000000 -0.000000
2.540000 0.000000 -0.000000
-2.540000 -0.000000 0.000000
-2.540000 -0.000000 0.000000
-2.540000 -0.000000 0.000000
0.000000 2.540000 0.000000
0.000000 2.540000 0.000000
0.000000 2.540000 0.000000
0.000000 2.540000 0.000000
0.000000 2.540000 0.000000
0.000000 2.540000 0.000000
0.000000 -2.540000 0.000000
0.000000 -2.540000 0.000000
0.000000 -2.540000 0.000000
0.000000 -2.540000 0.000000
0.000000 -2.540000 0.000000
0.000000 -2.540000 0.000000
0.000000 2.540000 0.000000
0.000000 2.540000 0.000000
0.000000 2.540000 0.000000
0.000000 -2.540000 0.000000
0.000000 -2.540000 0.000000
0.000000 -2.540000 0.000000
0.000000 -2.540000 0.000000
0.000000 -2.540000 0.000000
0.000000 -2.540000 0.000000
0.000000 2.540000 0.000000
0.000000 2.540000 0.000000
0.000000 2.540000 0.000000
0.000000 -2.540000 0.000000
0.000000 -2.540000 0.000000
0.000000 -2.540000 0.000000
0.000000 2.540000 0.000000
0.000000 2.540000 0.000000
0.000000 2.540000 0.000000
0.000000 -2.540000 0.000000
0.000000 -2.540000 0.000000
0.000000 -2.540000 0.000000
0.000000 2.540000 0.000000
0.000000 2.540000 0.000000
0.000000 2.540000 0.000000
0.000000 2.540000 0.000000
0.000000 2.540000 0.000000
0.000000 2.540000 0.000000
0.000000 -2.540000 0.000000
0.000000 -2.540000 0.000000
0.000000 -2.540000 0.000000
2.540000 0.000000 -0.000000
2.540000 0.000000 -0.000000
2.540000 0.000000 -0.000000
2.540000 0.000000 -0.000000
2.540000 0.000000 -0.000000
2.540000 0.000000 -0.000000
-2.540000 -0.000000 0.000000
-2.540000 -0.000000 0.000000
-2.540000 -0.000000 0.000000
-2.540000 -0.000000 0.000000
-2.540000 -0.000000 0.000000
-2.540000 -0.000000 0.000000
0.000000 2.540000 0.000000
0.000000 2.540000 0.000000
0.000000 2.540000 0.000000
0.000000 -2.540000 0.000000
0.000000 -2.540000 0.000000
0.000000 -2.540000 0.000000
0.000000 2.540000 0.000000
0.000000 2.540000 0.000000
0.000000 2.540000 0.000000
0.000000 -2.540000 0.000000
0.000000 -2.540000 0.000000
0.000000 -2.540000 0.000000
0.000000 2.540000 0.000000
0.000000 2.540000 0.000000
0.000000 2.540000 0.000000
0.000000 -2.540000 0.000000
0.000000 -2.540000 0.000000
0.000000 -2.540000 0.000000
0.000000 2.540000 0.000000
0.000000 2.540000 0.000000
0.000000 2.540000 0.000000
0.000000 -2.540000 0.000000
0.000000 -2.540000 0.000000
0.000000 -2.540000 0.000000
0.000000 2.540000 0.000000
0.000000 2.540000 0.000000
0.000000 2.540000 0.000000
0.000000 -2.540000 0.000000
0.000000 -2.540000 0.000000
0.000000 -2.540000 0.000000
0.000000 2.540000 0.000000
0.000000 2.540000 0.000000
0.000000 2.540000 0.000000
0.000000 -2.540000 0.000000
0.000000 -2.540000 0.000000
0.000000 -2.540000 0.000000
0.000000 2.540000 0.000000
0.000000 2.540000 0.000000
0.000000 2.540000 0.000000
0.000000 -2.540000 0.000000
0.000000 -2.540000 0.000000
0.000000 -2.540000 0.000000
0.000000 2.540000 0.000000
0.000000 2.540000 0.000000
0.000000 2.540000 0.000000
0.000000 -2.540000 0.000000
0.000000 -2.540000 0.000000
0.000000 -2.540000 0.000000
0.000000 -2.540000 0.000000
0.000000 -2.540000 0.000000
0.000000 -2.540000 0.000000
0.000000 2.540000 0.000000
0.000000 2.540000 0.000000
0.000000 2.540000 0.000000
0.000000 2.540000 0.000000
0.000000 2.540000 0.000000
0.000000 2.540000 0.000000
0.000000 -2.540000 0.000000
0.000000 -2.540000 0.000000
0.000000 -2.540000 0.000000
0.000000 2.540000 0.000000
0.000000 2.540000 0.000000
0.000000 2.540000 0.000000
0.000000 -2.540000 0.000000
0.000000 -2.540000 0.000000
0.000000 -2.540000 0.000000
0.000000 -2.540000 0.000000
0.000000 -2.540000 0.000000
0.000000 -2.540000 0.000000
0.000000 2.540000 0.000000
0.000000 2.540000 0.000000
0.000000 2.540000 0.000000
0.000000 2.540000 0.000000
0.000000 2.540000 0.000000
0.000000 2.540000 0.000000
0.000000 -2.540000 0.000000
0.000000 -2.540000 0.000000
0.000000 -2.540000 0.000000
0.000000 2.540000 0.000000
0.000000 2.540000 0.000000
0.000000 2.540000 0.000000
0.000000 2.540000 0.000000
0.000000 2.540000 0.000000
0.000000 2.540000 0.000000
0.000000 2.540000 0.000000
0.000000 2.540000 0.000000
0.000000 2.540000 0.000000
0.000000 -2.540000 0.000000
0.000000 -2.540000 0.000000
0.000000 -2.540000 0.000000
0.000000 2.540000 0.000000
0.000000 2.540000 0.000000
0.000000 2.540000 0.000000
0.000000 -2.540000 0.000000
0.000000 -2.540000 0.000000
0.000000 -2.540000 0.000000
0.000000 -2.540000 0.000000
0.000000 -2.540000 0.000000
0.000000 -2.540000 0.000000
0.000000 2.540000 0.000000
0.000000 2.540000 0.000000
0.000000 2.540000 0.000000
0.000000 2.540000 0.000000
0.000000 2.540000 0.000000
0.000000 2.540000 0.000000
0.000000 2.540000 0.000000
0.000000 2.540000 0.000000
0.000000 2.540000 0.000000
0.000000 -2.540000 0.000000
0.000000 -2.540000 0.000000
0.000000 -2.540000 0.000000
0.000000 -2.540000 0.000000
0.000000 -2.540000 0.000000
0.000000 -2.540000 0.000000
0.000000 2.540000 0.000000
0.000000 2.540000 0.000000
0.000000 2.540000 0.000000
0.000000 -2.540000 0.000000
0.000000 -2.540000 0.000000
0.000000 -2.540000 0.000000
0.000000 -2.540000 0.000000
0.000000 -2.540000 0.000000
0.000000 -2.540000 0.000000
0.000000 2.540000 0.000000
0.000000 2.540000 0.000000
0.000000 2.540000 0.000000
0.000000 -2.540000 0.000000
0.000000 -2.540000 0.000000
0.000000 -2.540000 0.000000
0.000000 2.540000 0.000000
0.000000 2.540000 0.000000
0.000000 2.540000 0.000000
0.000000 2.540000 0.000000
0.000000 2.540000 0.000000
0.000000 2.540000 0.000000
0.000000 -2.540000 0.000000
0.000000 -2.540000 0.000000
0.000000 -2.540000 0.000000
0.000000 -2.540000 0.000000
0.000000 -2.540000 0.000000
0.000000 -2.540000 0.000000
0.000000 2.540000 0.000000
0.000000 2.540000 0.000000
0.000000 2.540000 0.000000
-2.540000 -0.000000 0.000000
-2.540000 -0.000000 0.000000
-2.540000 -0.000000 0.000000
-2.540000 -0.000000 0.000000
-2.540000 -0.000000 0.000000
-2.540000 -0.000000 0.000000
-2.540000 -0.000000 0.000000
-2.540000 -0.000000 0.000000
-2.540000 -0.000000 0.000000
2.540000 0.000000 -0.000000
2.540000 0.000000 -0.000000
2.540000 0.000000 -0.000000
0.000000 2.540000 0.000000
0.000000 2.540000 0.000000
0.000000 2.540000 0.000000
0.000000 -2.540000 0.000000
0.000000 -2.540000 0.000000
0.000000 -2.540000 0.000000
-2.540000 -0.000000 0.000000
-2.540000 -0.000000 0.000000
-2.540000 -0.000000 0.000000
2.540000 0.000000 -0.000000
2.540000 0.000000 -0.000000
2.540000 0.000000 -0.000000
-2.540000 -0.000000 0.000000
-2.540000 -0.000000 0.000000
-2.540000 -0.000000 0.000000
-2.540000 -0.000000 0.000000
-2.540000 -0.000000 0.000000
-2.540000 -0.000000 0.000000
-2.540000 -0.000000 0.000000
-2.540000 -0.000000 0.000000
-2.540000 -0.000000 0.000000
2.540000 0.000000 -0.000000
2.540000 0.000000 -0.000000
2.540000 0.000000 -0.000000
0.000000 -2.540000 0.000000
0.000000 -2.540000 0.000000
0.000000 -2.540000 0.000000
0.000000 -2.540000 0.000000
0.000000 -2.540000 0.000000
0.000000 -2.540000 0.000000
0.000000 -2.540000 0.000000
0.000000 -2.540000 0.000000
0.000000 -2.540000 0.000000
0.000000 2.540000 0.000000
0.000000 2.540000 0.000000
0.000000 2.540000 0.000000
0.000000 2.540000 0.000000
0.000000 2.540000 0.000000
0.000000 2.540000 0.000000
0.000000 -2.540000 0.000000
0.000000 -2.540000 0.000000
0.000000 -2.540000 0.000000
0.000000 2.540000 0.000000
0.000000 2.540000 0.000000
0.000000 2.540000 0.000000
0.000000 -2.540000 0.000000
0.000000 -2.540000 0.000000
0.000000 -2.540000 0.000000
0.000000 -2.540000 0.000000
0.000000 -2.540000 0.000000
0.000000 -2.540000 0.000000
0.000000 2.540000 0.000000
0.000000 2.540000 0.000000
0.000000 2.540000 0.000000
0.000000 2.540000 0.000000
0.000000 2.540000 0.000000
0.000000 2.540000 0.000000
0.000000 -2.540000 0.000000
0.000000 -2.540000 0.000000
0.000000 -2.540000 0.000000
0.000000 2.540000 0.000000
0.000000 2.540000 0.000000
0.000000 2.540000 0.000000
0.000000 -2.540000 0.000000
0.000000 -2.540000 0.000000
0.000000 -2.540000 0.000000
0.000000 2.540000 0.000000
0.000000 2.540000 0.000000
0.000000 2.540000 0.000000
0.000000 -2.540000 0.000000
0.000000 -2.540000 0.000000
0.000000 -2.540000 0.000000
0.000000 2.540000 0.000000
0.000000 2.540000 0.000000
0.000000 2.540000 0.000000
0.000000 -2.540000 0.000000
0.000000 -2.540000 0.000000
0.000000 -2.540000 0.000000
0.000000 -2.540000 0.000000
0.000000 -2.540000 0.000000
0.000000 -2.540000 0.000000
0.000000 2.540000 0.000000
0.000000 2.540000 0.000000
0.000000 2.540000 0.000000
0.000000 2.540000 0.000000
0.000000 2.540000 0.000000
0.000000 2.540000 0.000000
0.000000 -2.540000 0.000000
0.000000 -2.540000 0.000000
0.000000 -2.540000 0.000000
0.000000 2.540000 0.000000
0.000000 2.540000 0.000000
0.000000 2.540000 0.000000
0.000000 -2.540000 0.000000
0.000000 -2.540000 0.000000
0.000000 -2.540000 0.000000
0.000000 -2.540000 0.000000
0.000000 -2.540000 0.000000
0.000000 -2.540000 0.000000
0.000000 -2.540000 0.000000
0.000000 -2.540000 0.000000
0.000000 -2.540000 0.000000
0.000000 2.540000 0.000000
0.000000 2.540000 0.000000
0.000000 2.540000 0.000000
0.000000 2.540000 0.000000
0.000000 2.540000 0.000000
0.000000 2.540000 0.000000
0.000000 -2.540000 0.000000
0.000000 -2.540000 0.000000
0.000000 -2.540000 0.000000
0.000000 2.540000 0.000000
0.000000 2.540000 0.000000
0.000000 2.540000 0.000000
0.000000 -2.540000 0.000000
0.000000 -2.540000 0.000000
0.000000 -2.540000 0.000000
0.000000 2.540000 0.000000
0.000000 2.540000 0.000000
0.000000 2.540000 0.000000
0.000000 -2.540000 0.000000
0.000000 -2.540000 0.000000
0.000000 -2.540000 0.000000
0.000000 2.540000 0.000000
0.000000 2.540000 0.000000
0.000000 2.540000 0.000000
0.000000 -2.540000 0.000000
0.000000 -2.540000 0.000000
0.000000 -2.540000 0.000000
0.000000 2.540000 0.000000
0.000000 2.540000 0.000000
0.000000 2.540000 0.000000
0.000000 2.540000 0.000000
0.000000 2.540000 0.000000
0.000000 2.540000 0.000000
0.000000 2.540000 0.000000
0.000000 2.540000 0.000000
0.000000 2.540000 0.000000
0.000000 -2.540000 0.000000
0.000000 -2.540000 0.000000
0.000000 -2.540000 0.000000
0.000000 -2.540000 0.000000
0.000000 -2.540000 0.000000
0.000000 -2.540000 0.000000
0.000000 2.540000 0.000000
0.000000 2.540000 0.000000
0.000000 2.540000 0.000000
0.000000 -2.540000 0.000000
0.000000 -2.540000 0.000000
0.000000 -2.540000 0.000000
0.000000 2.540000 0.000000
0.000000 2.540000 0.000000
0.000000 2.540000 0.000000
0.000000 -2.540000 0.000000
0.000000 -2.540000 0.000000
0.000000 -2.540000 0.000000
0.000000 2.540000 0.000000
0.000000 2.540000 0.000000
0.000000 2.540000 0.000000
0.000000 -2.540000 0.000000
0.000000 -2.540000 0.000000
0.000000 -2.540000 0.000000
0.000000 -2.540000 0.000000
0.000000 -2.540000 0.000000
0.000000 -2.540000 0.000000
0.000000 2.540000 0.000000
0.000000 2.540000 0.000000
0.000000 2.540000 0.000000
0.000000 2.540000 0.000000
0.000000 2.540000 0.000000
0.000000 2.540000 0.000000
0.000000 -2.540000 0.000000
0.000000 -2.540000 0.000000
0.000000 -2.540000 0.000000
0.000000 -2.540000 0.000000
0.000000 -2.540000 0.000000
0.000000 -2.540000 0.000000
0.000000 -2.540000 0.000000
0.000000 -2.540000 0.000000
0.000000 -2.540000 0.000000
0.000000 2.540000 0.000000
0.000000 2.540000 0.000000
0.000000 2.540000 0.000000
0.000000 2.540000 0.000000
0.000000 2.540000 0.000000
0.000000 2.540000 0.000000
0.000000 -2.540000 0.000000
0.000000 -2.540000 0.000000
0.000000 -2.540000 0.000000
0.000000 -2.540000 0.000000
0.000000 -2.540000 0.000000
0.000000 -2.540000 0.000000
0.000000 2.540000 0.000000
0.000000 2.540000 0.000000
0.000000 2.540000 0.000000
0.000000 2.540000 0.000000
0.000000 2.540000 0.000000
0.000000 2.540000 0.000000
0.000000 -2.540000 0.000000
0.000000 -2.540000 0.000000
0.000000 -2.540000 0.000000
0.000000 2.540000 0.000000
0.000000 2.540000 0.000000
0.000000 2.540000 0.000000
0.000000 -2.540000 0.000000
0.000000 -2.540000 0.000000
0.000000 -2.540000 0.000000
0.000000 2.540000 0.000000
0.000000 2.540000 0.000000
0.000000 2.540000 0.000000
0.000000 2.540000 0.000000
0.000000 2.540000 0.000000
0.000000 2.540000 0.000000
0.000000 -2.540000 0.000000
0.000000 -2.540000 0.000000
0.000000 -2.540000 0.000000
0.000000 -2.540000 0.000000
0.000000 -2.540000 0.000000
0.000000 -2.540000 0.000000
0.000000 2.540000 0.000000
0.000000 2.540000 0.000000
0.000000 2.540000 0.000000
0.000000 -2.540000 0.000000
0.000000 -2.540000 0.000000
0.000000 -2.540000 0.000000
0.000000 2.540000 0.000000
0.000000 2.540000 0.000000
0.000000 2.540000 0.000000
0.000000 2.540000 0.000000
0.000000 2.540000 0.000000
0.000000 2.540000 0.000000
0.000000 -2.540000 0.000000
0.000000 -2.540000 0.000000
0.000000 -2.540000 0.000000
0.000000 -2.540000 0.000000
0.000000 -2.540000 0.000000
0.000000 -2.540000 0.000000
0.000000 2.540000 0.000000
0.000000 2.540000 0.000000
0.000000 2.540000 0.000000
0.000000 2.540000 0.000000
0.000000 2.540000 0.000000
0.000000 2.540000 0.000000
0.000000 -2.540000 0.000000
0.000000 -2.540000 0.000000
0.000000 -2.540000 0.000000
0.000000 -2.540000 0.000000
0.000000 -2.540000 0.000000
0.000000 -2.540000 0.000000
0.000000 2.540000 0.000000
0.000000 2.540000 0.000000
0.000000 2.540000 0.000000
0.000000 -2.540000 0.000000
0.000000 -2.540000 0.000000
0.000000 -2.540000 0.000000
0.000000 2.540000 0.000000
0.000000 2.540000 0.000000
0.000000 2.540000 0.000000
0.000000 -2.540000 0.000000
0.000000 -2.540000 0.000000
0.000000 -2.540000 0.000000
0.000000 2.540000 0.000000
0.000000 2.540000 0.000000
0.000000 2.540000 0.000000
0.000000 -2.540000 0.000000
0.000000 -2.540000 0.000000
0.000000 -2.540000 0.000000
0.000000 2.540000 0.000000
0.000000 2.540000 0.000000
0.000000 2.540000 0.000000
2.540000 0.000000 -0.000000
2.540000 0.000000 -0.000000
2.540000 0.000000 -0.000000
-2.540000 -0.000000 0.000000
-2.540000 -0.000000 0.000000
-2.540000 -0.000000 0.000000
0.000000 -2.540000 0.000000
0.000000 -2.540000 0.000000
0.000000 -2.540000 0.000000
0.000000 -2.540000 0.000000
0.000000 -2.540000 0.000000
0.000000 -2.540000 0.000000
0.000000 2.540000 0.000000
0.000000 2.540000 0.000000
0.000000 2.540000 0.000000
0.000000 -2.540000 0.000000
0.000000 -2.540000 0.000000
0.000000 -2.540000 0.000000
0.000000 2.540000 0.000000
0.000000 2.540000 0.000000
0.000000 2.540000 0.000000
0.000000 -2.540000 0.000000
0.000000 -2.540000 0.000000
0.000000 -2.540000 0.000000
0.000000 -2.540000 0.000000
0.000000 -2.540000 0.000000
0.000000 -2.540000 0.000000
0.000000 -2.540000 0.000000
0.000000 -2.540000 0.000000
0.000000 -2.540000 0.000000
0.000000 2.540000 0.000000
0.000000 2.540000 0.000000
0.000000 2.540000 0.000000
0.000000 -2.540000 0.000000
0.000000 -2.540000 0.000000
0.000000 -2.540000 0.000000
2.540000 0.000000 -0.000000
2.540000 0.000000 -0.000000
2.540000 0.000000 -0.000000
-2.540000 -0.000000 0.000000
-2.540000 -0.000000 0.000000
-2.540000 -0.000000 0.000000
0.000000 2.540000 0.000000
0.000000 2.540000 0.000000
0.000000 2.540000 0.000000
0.000000 -2.540000 0.000000
0.000000 -2.540000 0.000000
0.000000 -2.540000 0.000000
0.000000 -2.540000 0.000000
0.000000 -2.540000 0.000000
0.000000 -2.540000 0.000000
0.000000 2.540000 0.000000
0.000000 2.540000 0.000000
0.000000 2.540000 0.000000
0.000000 -2.540000 0.000000
0.000000 -2.540000 0.000000
0.000000 -2.540000 0.000000
0.000000 2.540000 0.000000
0.000000 2.540000 0.000000
0.000000 2.540000 0.000000
0.441066 0.000000 2.501412
1.945753 0.000000 1.632681
0.441066 0.000000 2.501412
1.945753 0.000000 -1.632681
0.441066 0.000000 -2.501412
0.441066 0.000000 -2.501412
0.000000 -2.540000 0.000000
0.000000 -2.540000 0.000000
0.000000 -2.540000 0.000000
0.000000 2.540000 0.000000
0.000000 2.540000 0.000000
0.000000 2.540000 0.000000
2.540000 0.000000 -0.000000
2.540000 0.000000 -0.000000
2.540000 0.000000 -0.000000
-2.540000 -0.000000 0.000000
-2.540000 -0.000000 0.000000
-2.540000 -0.000000 0.000000
0.000000 -2.540000 0.000000
0.000000 -2.540000 0.000000
0.000000 -2.540000 0.000000
0.000000 2.540000 0.000000
0.000000 2.540000 0.000000
0.000000 2.540000 0.000000
0.000000 -2.540000 0.000000
0.000000 -2.540000 0.000000
0.000000 -2.540000 0.000000
0.000000 2.540000 0.000000
0.000000 2.540000 0.000000
0.000000 2.540000 0.000000
-1.270000 0.000000 2.199704
-1.270000 0.000000 2.199704
0.441066 0.000000 2.501412
-1.270000 0.000000 -2.199704
-1.270000 0.000000 -2.199704
0.441066 0.000000 -2.501412
0.000000 -2.540000 0.000000
0.000000 -2.540000 0.000000
0.000000 -2.540000 0.000000
0.000000 2.540000 0.000000
0.000000 2.540000 0.000000
0.000000 2.540000 0.000000
0.000000 2.540000 0.000000
0.000000 2.540000 0.000000
0.000000 2.540000 0.000000
0.000000 -2.540000 0.000000
0.000000 -2.540000 0.000000
0.000000 -2.540000 0.000000
0.000000 -2.540000 0.000000
0.000000 -2.540000 0.000000
0.000000 -2.540000 0.000000
0.000000 2.540000 0.000000
0.000000 2.540000 0.000000
0.000000 2.540000 0.000000
2.540000 0.000000 -0.000000
2.540000 0.000000 -0.000000
2.540000 0.000000 -0.000000
-2.540000 -0.000000 0.000000
-2.540000 -0.000000 0.000000
-2.540000 -0.000000 0.000000
0.000000 -2.540000 0.000000
0.000000 -2.540000 0.000000
0.000000 -2.540000 0.000000
0.000000 2.540000 0.000000
0.000000 2.540000 0.000000
0.000000 2.540000 0.000000
0.000000 2.540000 0.000000
0.000000 2.540000 0.000000
0.000000 2.540000 0.000000
0.000000 -2.540000 0.000000
0.000000 -2.540000 0.000000
0.000000 -2.540000 0.000000
0.000000 -2.540000 0.000000
0.000000 -2.540000 0.000000
0.000000 -2.540000 0.000000
0.000000 2.540000 0.000000
0.000000 2.540000 0.000000
0.000000 2.540000 0.000000
-1.270000 0.000000 2.199704
-1.270000 0.000000 2.199704
0.441066 0.000000 2.501412
-1.270000 0.000000 -2.199704
-1.270000 0.000000 -2.199704
0.441066 0.000000 -2.501412
0.000000 2.540000 0.000000
0.000000 2.540000 0.000000
0.000000 2.540000 0.000000
0.000000 -2.540000 0.000000
0.000000 -2.540000 0.000000
0.000000 -2.540000 0.000000
0.000000 2.540000 0.000000
0.000000 2.540000 0.000000
0.000000 2.540000 0.000000
1.270000 0.000000 2.199704
1.270000 0.000000 2.199704
-0.441066 0.000000 2.501412
1.270000 0.000000 2.199704
1.270000 0.000000 2.199704
-0.441066 0.000000 2.501412
0.000000 -2.540000 0.000000
0.000000 -2.540000 0.000000
0.000000 -2.540000 0.000000
0.000000 2.540000 0.000000
0.000000 2.540000 0.000000
0.000000 2.540000 0.000000
0.000000 2.540000 0.000000
0.000000 2.540000 0.000000
0.000000 2.540000 0.000000
0.000000 2.540000 0.000000
0.000000 2.540000 0.000000
0.000000 2.540000 0.000000
1.270000 0.000000 -2.199704
1.270000 0.000000 -2.199704
-0.441066 0.000000 -2.501412
0.000000 -2.540000 0.000000
0.000000 -2.540000 0.000000
0.000000 -2.540000 0.000000
0.000000 2.540000 0.000000
0.000000 2.540000 0.000000
0.000000 2.540000 0.000000
0.000000 -2.540000 0.000000
0.000000 -2.540000 0.000000
0.000000 -2.540000 0.000000
0.000000 2.540000 0.000000
0.000000 2.540000 0.000000
0.000000 2.540000 0.000000
0.000000 2.540000 0.000000
0.000000 2.540000 0.000000
0.000000 2.540000 0.000000
0.000000 -2.540000 0.000000
0.000000 -2.540000 0.000000
0.000000 -2.540000 0.000000
0.000000 2.540000 0.000000
0.000000 2.540000 0.000000
0.000000 2.540000 0.000000
0.000000 -2.540000 0.000000
0.000000 -2.540000 0.000000
0.000000 -2.540000 0.000000
-1.270000 0.000000 -2.199704
-2.386819 0.000000 -0.868731
-1.270000 0.000000 -2.199704
-1.270000 0.000000 2.199704
-1.270000 0.000000 2.199704
-2.386819 0.000000 0.868731
0.000000 -2.540000 0.000000
0.000000 -2.540000 0.000000
0.000000 -2.540000 0.000000
0.000000 2.540000 0.000000
0.000000 2.540000 0.000000
0.000000 2.540000 0.000000
-2.540000 -0.000000 0.000000
-2.540000 -0.000000 0.000000
-2.540000 -0.000000 0.000000
2.540000 0.000000 -0.000000
2.540000 0.000000 -0.000000
2.540000 0.000000 -0.000000
0.000000 -2.540000 0.000000
0.000000 -2.540000 0.000000
0.000000 -2.540000 0.000000
0.000000 2.540000 0.000000
0.000000 2.540000 0.000000
0.000000 2.540000 0.000000
0.000000 2.540000 0.000000
0.000000 2.540000 0.000000
0.000000 2.540000 0.000000
0.000000 -2.540000 0.000000
0.000000 -2.540000 0.000000
0.000000 -2.540000 0.000000
0.000000 2.540000 0.000000
0.000000 2.540000 0.000000
0.000000 2.540000 0.000000
0.000000 -2.540000 0.000000
0.000000 -2.540000 0.000000
0.000000 -2.540000 0.000000
-1.270000 0.000000 -2.199704
-1.270000 0.000000 -2.199704
0.441066 0.000000 -2.501412
1.945753 0.000000 1.632681
1.945753 0.000000 1.632681
0.441066 0.000000 2.501412
0.000000 -2.540000 0.000000
0.000000 -2.540000 0.000000
0.000000 -2.540000 0.000000
0.000000 2.540000 0.000000
0.000000 2.540000 0.000000
0.000000 2.540000 0.000000
0.000000 -2.540000 0.000000
0.000000 -2.540000 0.000000
0.000000 -2.540000 0.000000
0.000000 2.540000 0.000000
0.000000 2.540000 0.000000
0.000000 2.540000 0.000000
0.000000 2.540000 0.000000
0.000000 2.540000 0.000000
0.000000 2.540000 0.000000
0.000000 -2.540000 0.000000
0.000000 -2.540000 0.000000
0.000000 -2.540000 0.000000
0.000000 -2.540000 0.000000
0.000000 -2.540000 0.000000
0.000000 -2.540000 0.000000
0.000000 2.540000 0.000000
0.000000 2.540000 0.000000
0.000000 2.540000 0.000000
0.000000 -2.540000 0.000000
0.000000 -2.540000 0.000000
0.000000 -2.540000 0.000000
0.000000 2.540000 0.000000
0.000000 2.540000 0.000000
0.000000 2.540000 0.000000
0.000000 2.540000 0.000000
0.000000 2.540000 0.000000
0.000000 2.540000 0.000000
0.000000 -2.540000 0.000000
0.000000 -2.540000 0.000000
0.000000 -2.540000 0.000000
0.000000 0.000000 2.540000
0.000000 0.000000 2.540000
0.000000 0.000000 2.540000
0.000000 2.540000 0.000000
0.000000 2.540000 0.000000
0.000000 2.540000 0.000000
0.000000 2.540000 0.000000
0.000000 2.540000 0.000000
0.000000 2.540000 0.000000
0.000000 -2.540000 0.000000
0.000000 -2.540000 0.000000
0.000000 -2.540000 0.000000
-2.540000 -0.000000 0.000000
-2.540000 -0.000000 0.000000
-2.540000 -0.000000 0.000000
2.540000 0.000000 -0.000000
2.540000 0.000000 -0.000000
2.540000 0.000000 -0.000000
2.540000 0.000000 -0.000000
2.540000 0.000000 -0.000000
2.540000 0.000000 -0.000000
-2.540000 -0.000000 0.000000
-2.540000 -0.000000 0.000000
-2.540000 -0.000000 0.000000
0.441066 0.000000 2.501412
1.945753 0.000000 1.632681
0.441066 0.000000 2.501412
0.441066 0.000000 -2.501412
1.945753 0.000000 -1.632681
0.441066 0.000000 -2.501412
-2.540000 -0.000000 0.000000
-2.540000 -0.000000 0.000000
-2.540000 -0.000000 0.000000
2.540000 0.000000 -0.000000
2.540000 0.000000 -0.000000
2.540000 0.000000 -0.000000
0.441066 0.000000 2.501412
1.945753 0.000000 1.632681
1.945753 0.000000 1.632681
0.441066 0.000000 -2.501412
1.945753 0.000000 -1.632681
1.945753 0.000000 -1.632681
-2.540000 0.000000 0.000000
-2.540000 0.000000 0.000000
-2.540000 0.000000 0.000000
0.000000 0.000000 -2.540000
-0.000000 0.000000 -2.540000
-0.000000 0.000000 -2.540000
-2.540000 -0.000000 0.000000
-2.540000 -0.000000 0.000000
-2.540000 -0.000000 0.000000
2.540000 0.000000 -0.000000
2.540000 0.000000 -0.000000
2.540000 0.000000 -0.000000
0.000000 2.540000 0.000000
0.000000 2.540000 0.000000
0.000000 2.540000 0.000000
0.000000 -2.540000 0.000000
0.000000 -2.540000 0.000000
0.000000 -2.540000 0.000000
-2.540000 -0.000000 0.000000
-2.540000 -0.000000 0.000000
-2.540000 -0.000000 0.000000
2.540000 0.000000 -0.000000
2.540000 0.000000 -0.000000
2.540000 0.000000 -0.000000
-2.540000 -0.000000 0.000000
-2.540000 -0.000000 0.000000
-2.540000 -0.000000 0.000000
2.540000 0.000000 -0.000000
2.540000 0.000000 -0.000000
2.540000 0.000000 -0.000000
0.000000 2.540000 0.000000
0.000000 2.540000 0.000000
0.000000 2.540000 0.000000
0.000000 -2.540000 0.000000
0.000000 -2.540000 0.000000
0.000000 -2.540000 0.000000
-0.441066 0.000000 -2.501412
1.270000 0.000000 -2.199704
1.270000 0.000000 -2.199704
1.270000 0.000000 2.199704
1.270000 0.000000 2.199704
-0.441066 0.000000 2.501412
-2.540000 -0.000000 0.000000
-2.540000 -0.000000 0.000000
-2.540000 -0.000000 0.000000
2.540000 0.000000 -0.000000
2.540000 0.000000 -0.000000
2.540000 0.000000 -0.000000
0.000000 -2.540000 0.000000
0.000000 -2.540000 0.000000
0.000000 -2.540000 0.000000
0.000000 2.540000 0.000000
0.000000 2.540000 0.000000
0.000000 2.540000 0.000000
-1.663346 0.000000 1.919604
-1.663346 0.000000 1.919604
-0.361480 0.000000 2.514147
0.000000 -2.540000 0.000000
0.000000 -2.540000 0.000000
0.000000 -2.540000 0.000000
0.000000 2.540000 0.000000
0.000000 2.540000 0.000000
0.000000 2.540000 0.000000
0.000000 -2.540000 0.000000
0.000000 -2.540000 0.000000
0.000000 -2.540000 0.000000
0.000000 -2.540000 0.000000
0.000000 -2.540000 0.000000
0.000000 -2.540000 0.000000
0.000000 2.540000 0.000000
0.000000 2.540000 0.000000
0.000000 2.540000 0.000000
-2.540000 0.000000 0.000000
-2.540000 0.000000 0.000000
-2.540000 0.000000 0.000000
-1.796051 0.000000 -1.796051
-1.796051 0.000000 -1.796051
-1.796051 0.000000 -1.796051
0.000000 2.540000 0.000000
0.000000 2.540000 0.000000
0.000000 2.540000 0.000000
0.000000 -2.540000 0.000000
0.000000 -2.540000 0.000000
0.000000 -2.540000 0.000000
1.270000 0.000000 2.199704
-0.441066 0.000000 2.501412
1.270000 0.000000 2.199704
1.270000 0.000000 -2.199704
1.270000 0.000000 -2.199704
-0.441066 0.000000 -2.501412
0.000000 -2.540000 0.000000
0.000000 -2.540000 0.000000
0.000000 -2.540000 0.000000
0.000000 2.540000 0.000000
0.000000 2.540000 0.000000
0.000000 2.540000 0.000000
1.270000 0.000000 -2.199704
1.270000 0.000000 -2.199704
-0.441066 0.000000 -2.501412
1.270000 0.000000 2.199704
-0.441066 0.000000 2.501412
1.270000 0.000000 2.199704
0.000000 2.540000 0.000000
0.000000 2.540000 0.000000
0.000000 2.540000 0.000000
0.000000 -2.540000 0.000000
0.000000 -2.540000 0.000000
0.000000 -2.540000 0.000000
0.000000 -2.540000 0.000000
0.000000 -2.540000 0.000000
0.000000 -2.540000 0.000000
0.000000 2.540000 0.000000
0.000000 2.540000 0.000000
0.000000 2.540000 0.000000
-2.540000 0.000000 0.000000
-2.540000 0.000000 0.000000
-2.540000 0.000000 0.000000
-2.086429 0.000000 -1.448591
-2.086429 0.000000 -1.448591
-2.494105 0.000000 -0.480668
0.000000 2.540000 0.000000
0.000000 2.540000 0.000000
0.000000 2.540000 0.000000
0.000000 -2.540000 0.000000
0.000000 -2.540000 0.000000
0.000000 -2.540000 0.000000
1.270000 0.000000 -2.199704
-0.441066 0.000000 -2.501412
1.270000 0.000000 -2.199704
0.000000 2.540000 0.000000
0.000000 2.540000 0.000000
0.000000 2.540000 0.000000
0.000000 2.540000 0.000000
0.000000 2.540000 0.000000
0.000000 2.540000 0.000000
-0.361480 0.000000 2.514147
-1.663346 0.000000 1.919604
-1.663346 0.000000 1.919604
0.000000 -2.540000 0.000000
0.000000 -2.540000 0.000000
0.000000 -2.540000 0.000000
0.000000 2.540000 0.000000
0.000000 2.540000 0.000000
0.000000 2.540000 0.000000
0.000000 2.540000 0.000000
0.000000 2.540000 0.000000
0.000000 2.540000 0.000000
0.000000 -2.540000 0.000000
0.000000 -2.540000 0.000000
0.000000 -2.540000 0.000000
0.000000 2.540000 0.000000
0.000000 2.540000 0.000000
0.000000 2.540000 0.000000
0.000000 -2.540000 0.000000
0.000000 -2.540000 0.000000
0.000000 -2.540000 0.000000
0.000000 -2.540000 0.000000
0.000000 -2.540000 0.000000
0.000000 -2.540000 0.000000
0.000000 2.540000 0.000000
0.000000 2.540000 0.000000
0.000000 2.540000 0.000000
-1.270000 0.000000 -2.199704
-2.386819 0.000000 -0.868731
-1.270000 0.000000 -2.199704
0.000000 -2.540000 0.000000
0.000000 -2.540000 0.000000
0.000000 -2.540000 0.000000
0.000000 2.540000 0.000000
0.000000 2.540000 0.000000
0.000000 2.540000 0.000000
0.000000 -2.540000 0.000000
0.000000 -2.540000 0.000000
0.000000 -2.540000 0.000000
0.000000 -2.540000 0.000000
0.000000 -2.540000 0.000000
0.000000 -2.540000 0.000000
2.540000 0.000000 0.000000
2.540000 0.000000 -0.000000
2.540000 0.000000 -0.000000
0.000000 2.540000 0.000000
0.000000 2.540000 0.000000
0.000000 2.540000 0.000000
-0.441066 0.000000 -2.501412
1.270000 0.000000 -2.199704
1.270000 0.000000 -2.199704
-1.945753 0.000000 1.632681
-2.540000 0.000000 0.000000
-1.945753 0.000000 1.632681
-0.441066 0.000000 -2.501412
1.270000 0.000000 -2.199704
-0.441066 0.000000 -2.501412
0.000000 -2.540000 0.000000
0.000000 -2.540000 0.000000
0.000000 -2.540000 0.000000
0.000000 2.540000 0.000000
0.000000 2.540000 0.000000
0.000000 2.540000 0.000000
-0.441066 0.000000 2.501412
-0.441066 0.000000 2.501412
1.270000 0.000000 2.199704
-0.441066 0.000000 -2.501412
1.270000 0.000000 -2.199704
-0.441066 0.000000 -2.501412
2.322859 0.000000 -1.027582
1.708563 0.000000 -1.879471
2.322859 0.000000 -1.027582
-1.270000 0.000000 -2.199704
-1.270000 0.000000 -2.199704
0.441066 0.000000 -2.501412
-1.270000 0.000000 2.199704
0.441066 0.000000 2.501412
-1.270000 0.000000 2.199704
2.322859 0.000000 -1.027582
2.322859 0.000000 -1.027582
2.540000 0.000000 -0.000000
0.000000 2.540000 0.000000
0.000000 2.540000 0.000000
0.000000 2.540000 0.000000
0.000000 -2.540000 0.000000
0.000000 -2.540000 0.000000
0.000000 -2.540000 0.000000
2.540000 0.000000 -0.000000
2.540000 0.000000 -0.000000
2.540000 0.000000 -0.000000
2.540000 0.000000 -0.000000
2.540000 0.000000 -0.000000
2.540000 0.000000 -0.000000
1.945753 0.000000 -1.632681
1.945753 0.000000 -1.632681
0.441066 0.000000 -2.501412
0.000000 -2.540000 0.000000
0.000000 -2.540000 0.000000
0.000000 -2.540000 0.000000
-2.437112 0.000000 -0.715601
-1.663346 0.000000 -1.919604
-1.663346 0.000000 -1.919604
0.000000 -2.540000 0.000000
0.000000 -2.540000 0.000000
0.000000 -2.540000 0.000000
2.540000 0.000000 -0.000000
2.540000 0.000000 -0.000000
2.540000 0.000000 -0.000000
-2.437112 0.000000 -0.715601
-2.437112 0.000000 -0.715601
-1.663346 0.000000 -1.919604
-2.437112 0.000000 -0.715601
-2.437112 0.000000 -0.715601
-2.437112 0.000000 0.715601
0.441066 0.000000 -2.501412
-1.270000 0.000000 -2.199704
0.441066 0.000000 -2.501412
-1.270000 0.000000 2.199704
0.441066 0.000000 2.501412
0.441066 0.000000 2.501412
-2.437112 0.000000 -0.715601
-2.437112 0.000000 -0.715601
-1.663346 0.000000 -1.919604
0.441066 0.000000 -2.501412
0.441066 0.000000 -2.501412
-1.270000 0.000000 -2.199704
-2.437112 0.000000 0.715601
-2.437112 0.000000 -0.715601
-2.437112 0.000000 -0.715601
0.441066 0.000000 2.501412
0.441066 0.000000 2.501412
-1.270000 0.000000 2.199704
-1.270000 0.000000 -2.199704
-2.386819 0.000000 -0.868731
-1.270000 0.000000 -2.199704
-1.270000 0.000000 2.199704
-1.270000 0.000000 2.199704
-2.386819 0.000000 0.868731
-2.437112 0.000000 0.715601
-2.437112 0.000000 0.715601
-1.663346 0.000000 1.919604
0.441066 0.000000 -2.501412
-1.270000 0.000000 -2.199704
0.441066 0.000000 -2.501412
0.441066 0.000000 2.501412
0.441066 0.000000 2.501412
-1.270000 0.000000 2.199704
-2.437112 0.000000 0.715601
-2.437112 0.000000 0.715601
-2.437112 0.000000 -0.715601
0.000000 -2.540000 0.000000
0.000000 -2.540000 0.000000
0.000000 -2.540000 0.000000
0.000000 2.540000 0.000000
0.000000 2.540000 0.000000
0.000000 2.540000 0.000000
1.270000 0.000000 2.199704
-0.441066 0.000000 2.501412
1.270000 0.000000 2.199704
2.386819 0.000000 -0.868731
2.386819 0.000000 -0.868731
1.270000 0.000000 -2.199704
-1.270000 0.000000 2.199704
-1.270000 0.000000 2.199704
-2.386819 0.000000 0.868731
0.000000 2.540000 0.000000
0.000000 2.540000 0.000000
0.000000 2.540000 0.000000
-1.270000 0.000000 2.199704
0.441066 0.000000 2.501412
0.441066 0.000000 2.501412
-1.663346 0.000000 1.919604
-2.437112 0.000000 0.715601
-2.437112 0.000000 0.715601
0.441066 0.000000 -2.501412
-1.270000 0.000000 -2.199704
0.441066 0.000000 -2.501412
-2.437112 0.000000 0.715601
-2.437112 0.000000 -0.715601
-2.437112 0.000000 0.715601
-0.441066 0.000000 2.501412
-0.441066 0.000000 2.501412
1.270000 0.000000 2.199704
-0.441066 0.000000 -2.501412
1.270000 0.000000 -2.199704
-0.441066 0.000000 -2.501412
1.270000 0.000000 2.199704
1.270000 0.000000 2.199704
-0.441066 0.000000 2.501412
1.270000 0.000000 -2.199704
2.386819 0.000000 -0.868731
2.386819 0.000000 -0.868731
-1.945753 0.000000 -1.632681
-2.540000 0.000000 -0.000000
-1.945753 0.000000 -1.632681
1.270000 0.000000 -2.199704
2.386819 0.000000 -0.868731
1.270000 0.000000 -2.199704
-2.199704 0.000000 -1.270000
-2.199704 0.000000 -1.270000
-1.270000 0.000000 -2.199704
-2.540000 0.000000 0.000000
-2.540000 0.000000 0.000000
-2.540000 0.000000 0.000000
2.386819 0.000000 0.868731
2.386819 0.000000 0.868731
2.386819 0.000000 -0.868731
0.000000 -2.540000 0.000000
0.000000 -2.540000 0.000000
0.000000 -2.540000 0.000000
0.000000 2.540000 0.000000
0.000000 2.540000 0.000000
0.000000 2.540000 0.000000
-1.270000 0.000000 2.199704
-1.270000 0.000000 2.199704
-2.386819 0.000000 0.868731
0.000000 -2.540000 0.000000
0.000000 -2.540000 0.000000
0.000000 -2.540000 0.000000
-1.270000 0.000000 -2.199704
-1.270000 0.000000 -2.199704
-0.000000 0.000000 -2.540000
-1.796051 0.000000 1.796051
-1.796051 0.000000 1.796051
-1.796051 0.000000 1.796051
-2.199704 0.000000 1.270000
-2.199704 0.000000 1.270000
-2.453452 0.000000 0.657400
-2.453452 0.000000 -0.657400
-2.453452 0.000000 -0.657400
-1.796051 0.000000 -1.796051
-2.540000 0.000000 0.000000
-2.540000 0.000000 0.000000
-2.540000 0.000000 0.000000
-2.199704 0.000000 -1.270000
-2.199704 0.000000 -1.270000
-1.270000 0.000000 -2.199704
-2.540000 0.000000 0.000000
-2.540000 0.000000 0.000000
-2.540000 0.000000 0.000000
0.000000 0.000000 2.540000
0.000000 0.000000 2.540000
0.000000 0.000000 2.540000
2.540000 0.000000 0.000000
2.540000 0.000000 -0.000000
2.540000 0.000000 -0.000000
-2.199704 0.000000 1.270000
-2.199704 0.000000 1.270000
-1.796051 0.000000 1.796051
-1.796051 0.000000 1.796051
-1.796051 0.000000 1.796051
-1.796051 0.000000 1.796051
0.441066 0.000000 2.501412
1.945753 0.000000 1.632681
0.441066 0.000000 2.501412
-1.270000 0.000000 2.199704
-1.270000 0.000000 2.199704
0.441066 0.000000 2.501412
1.945753 0.000000 1.632681
1.945753 0.000000 1.632681
0.441066 0.000000 2.501412
0.000000 2.540000 0.000000
0.000000 2.540000 0.000000
0.000000 2.540000 0.000000
0.802142 0.000000 -2.410014
-0.241427 0.000000 -2.528500
-0.241427 0.000000 -2.528500
-0.241427 0.000000 -2.528500
-1.243717 0.000000 -2.214671
-0.241427 0.000000 -2.528500
-2.540000 0.000000 0.000000
-2.540000 0.000000 0.000000
-2.540000 0.000000 0.000000
-2.494105 0.000000 0.480668
-2.086429 0.000000 1.448591
-2.086429 0.000000 1.448591
1.270000 0.000000 2.199704
-0.441066 0.000000 2.501412
-0.441066 0.000000 2.501412
-2.540000 0.000000 -0.000000
-2.540000 0.000000 -0.000000
-1.945753 0.000000 -1.632681
-1.270000 0.000000 -2.199704
-2.199704 0.000000 -1.270000
-1.270000 0.000000 -2.199704
0.000000 0.000000 -2.540000
0.000000 0.000000 -2.540000
0.000000 0.000000 -2.540000
-2.540000 0.000000 0.000000
-2.540000 0.000000 0.000000
-2.540000 0.000000 0.000000
-2.453452 0.000000 0.657400
-2.199704 0.000000 1.270000
-2.453452 0.000000 0.657400
-1.270000 0.000000 -2.199704
-2.386819 0.000000 -0.868731
-1.270000 0.000000 -2.199704
0.000000 -2.540000 0.000000
0.000000 -2.540000 0.000000
0.000000 -2.540000 0.000000
0.000000 -2.540000 0.000000
0.000000 -2.540000 0.000000
0.000000 -2.540000 0.000000
-1.663346 0.000000 -1.919604
-1.663346 0.000000 -1.919604
-2.437112 0.000000 -0.715601
0.000000 -2.540000 0.000000
0.000000 -2.540000 0.000000
0.000000 -2.540000 0.000000
0.441066 0.000000 -2.501412
1.945753 0.000000 -1.632681
0.441066 0.000000 -2.501412
0.000000 2.540000 0.000000
0.000000 2.540000 0.000000
0.000000 2.540000 0.000000
-2.437112 0.000000 0.715601
-1.663346 0.000000 1.919604
-1.663346 0.000000 1.919604
-1.945753 0.000000 -1.632681
-1.945753 0.000000 -1.632681
-2.540000 0.000000 0.000000
1.270000 0.000000 2.199704
-0.441066 0.000000 2.501412
-0.441066 0.000000 2.501412
-1.270000 0.000000 -2.199704
-1.270000 0.000000 -2.199704
-2.199704 0.000000 -1.270000
0.000000 0.000000 -2.540000
0.000000 0.000000 -2.540000
0.000000 0.000000 -2.540000
-2.540000 0.000000 0.000000
-2.540000 0.000000 0.000000
-2.540000 0.000000 0.000000
-2.494105 0.000000 0.480668
-2.334930 0.000000 0.999850
-2.086429 0.000000 1.448591
-1.270000 0.000000 -2.199704
-2.199704 0.000000 -1.270000
-1.270000 0.000000 -2.199704
0.000000 0.000000 -2.540000
-0.000000 0.000000 -2.540000
0.000000 0.000000 -2.540000
-1.663346 0.000000 -1.919604
-1.663346 0.000000 -1.919604
-0.361480 0.000000 -2.514147
0.000000 2.540000 0.000000
0.000000 2.540000 0.000000
0.000000 2.540000 0.000000
-2.540000 0.000000 0.000000
-2.540000 0.000000 0.000000
-2.540000 0.000000 0.000000
-2.453452 0.000000 0.657400
-2.199704 0.000000 1.270000
-2.453452 0.000000 0.657400
-0.361480 0.000000 -2.514147
-1.663346 0.000000 -1.919604
-1.663346 0.000000 -1.919604
0.000000 2.540000 0.000000
0.000000 2.540000 0.000000
0.000000 2.540000 0.000000
-2.453452 0.000000 -0.657400
-2.453452 0.000000 -0.657400
-2.199704 0.000000 -1.270000
0.000000 -2.540000 0.000000
0.000000 -2.540000 0.000000
0.000000 -2.540000 0.000000
0.000000 -2.540000 0.000000
0.000000 -2.540000 0.000000
0.000000 -2.540000 0.000000
2.386819 0.000000 -0.868731
2.386819 0.000000 0.868731
2.386819 0.000000 0.868731
0.000000 2.540000 0.000000
0.000000 2.540000 0.000000
0.000000 2.540000 0.000000
-2.199704 0.000000 -1.270000
-1.270000 0.000000 -2.199704
-2.199704 0.000000 -1.270000
0.000000 -2.540000 0.000000
0.000000 -2.540000 0.000000
0.000000 -2.540000 0.000000
-2.437112 0.000000 0.715601
-1.663346 0.000000 1.919604
-1.663346 0.000000 1.919604
0.000000 -2.540000 0.000000
0.000000 -2.540000 0.000000
0.000000 -2.540000 0.000000
2.386819 0.000000 -0.868731
2.386819 0.000000 0.868731
2.386819 0.000000 0.868731
-2.540000 0.000000 0.000000
-2.540000 0.000000 0.000000
-2.540000 0.000000 0.000000
-2.199704 0.000000 -1.270000
-1.270000 0.000000 -2.199704
-2.199704 0.000000 -1.270000
-1.945753 0.000000 -1.632681
-2.540000 0.000000 -0.000000
-2.540000 0.000000 -0.000000
1.270000 0.000000 2.199704
-0.441066 0.000000 2.501412
-0.441066 0.000000 2.501412
-0.441066 0.000000 -2.501412
1.270000 0.000000 -2.199704
-0.441066 0.000000 -2.501412
1.270000 0.000000 -2.199704
2.386819 0.000000 -0.868731
1.270000 0.000000 -2.199704
-1.243717 0.000000 2.214671
-1.243717 0.000000 2.214671
-0.241427 0.000000 2.528500
-1.243717 0.000000 2.214671
-2.033361 0.000000 1.522184
-1.243717 0.000000 2.214671
2.540000 0.000000 -0.000000
2.322859 0.000000 -1.027582
2.322859 0.000000 -1.027582
-1.270000 0.000000 2.199704
0.441066 0.000000 2.501412
-1.270000 0.000000 2.199704
0.441066 0.000000 -2.501412
-1.270000 0.000000 -2.199704
-1.270000 0.000000 -2.199704
2.322859 0.000000 -1.027582
2.322859 0.000000 -1.027582
1.708563 0.000000 -1.879471
-1.945753 0.000000 -1.632681
-2.540000 0.000000 -0.000000
-2.540000 0.000000 -0.000000
1.270000 0.000000 2.199704
-0.441066 0.000000 2.501412
-0.441066 0.000000 2.501412
1.270000 0.000000 2.199704
-0.441066 0.000000 2.501412
-0.441066 0.000000 2.501412
-1.945753 0.000000 -1.632681
-2.540000 0.000000 -0.000000
-2.540000 0.000000 -0.000000
-2.540000 0.000000 0.000000
-2.540000 0.000000 0.000000
-2.540000 0.000000 0.000000
-1.796051 0.000000 1.796051
-1.796051 0.000000 1.796051
-1.796051 0.000000 1.796051
-1.945753 0.000000 -1.632681
-1.945753 0.000000 -1.632681
-2.540000 0.000000 0.000000
0.000000 -2.540000 0.000000
0.000000 -2.540000 0.000000
0.000000 -2.540000 0.000000
0.441066 0.000000 2.501412
1.945753 0.000000 1.632681
1.945753 0.000000 1.632681
0.000000 -2.540000 0.000000
0.000000 -2.540000 0.000000
0.000000 -2.540000 0.000000
0.000000 2.540000 0.000000
0.000000 2.540000 0.000000
0.000000 2.540000 0.000000
2.386819 0.000000 0.868731
1.270000 0.000000 2.199704
2.386819 0.000000 0.868731
-2.540000 0.000000 0.000000
-2.540000 0.000000 0.000000
-2.540000 0.000000 0.000000
-1.796051 0.000000 1.796051
-1.796051 0.000000 1.796051
-1.796051 0.000000 1.796051
2.540000 0.000000 -0.000000
2.540000 0.000000 -0.000000
2.540000 0.000000 -0.000000
2.386819 0.000000 0.868731
2.386819 0.000000 0.868731
2.386819 0.000000 -0.868731
0.000000 -2.540000 0.000000
0.000000 -2.540000 0.000000
0.000000 -2.540000 0.000000
0.000000 -2.540000 0.000000
0.000000 -2.540000 0.000000
0.000000 -2.540000 0.000000
2.386819 0.000000 0.868731
2.386819 0.000000 0.868731
2.386819 0.000000 -0.868731
0.000000 -0.972016 2.346654
0.000000 0.000000 2.540000
0.000000 0.000000 2.540000
0.000000 0.000000 2.540000
0.000000 0.000000 2.540000
0.000000 0.000000 2.540000
-0.000000 0.972016 -2.346654
-0.000000 0.972016 -2.346654
-0.000000 1.796051 -1.796051
-0.000000 0.972016 -2.346654
-0.000000 0.972016 -2.346654
-0.000000 -0.000000 -2.540000
-1.243717 0.000000 -2.214671
-1.243717 0.000000 -2.214671
-0.241427 0.000000 -2.528500
-2.033361 0.000000 -1.522184
-1.243717 0.000000 -2.214671
-1.243717 0.000000 -2.214671
-1.243717 0.000000 -2.214671
-1.243717 0.000000 -2.214671
-0.241427 0.000000 -2.528500
-2.033361 0.000000 -1.522184
-1.243717 0.000000 -2.214671
-1.243717 0.000000 -2.214671
0.000000 -2.346654 0.972016
0.000000 -2.540000 0.000000
0.000000 -2.540000 0.000000
0.000000 -2.540000 0.000000
0.000000 -2.540000 0.000000
0.000000 -2.540000 0.000000
0.441066 0.000000 2.501412
0.441066 0.000000 2.501412
1.945753 0.000000 1.632681
0.000000 -2.540000 0.000000
0.000000 -2.540000 0.000000
0.000000 -2.540000 0.000000
-1.945753 0.000000 -1.632681
-1.945753 0.000000 -1.632681
-2.540000 0.000000 0.000000
0.000000 -2.540000 0.000000
0.000000 -2.540000 0.000000
0.000000 -2.540000 0.000000
0.441066 0.000000 -2.501412
-1.270000 0.000000 -2.199704
-1.270000 0.000000 -2.199704
2.322859 0.000000 1.027582
2.322859 0.000000 1.027582
2.540000 0.000000 0.000000
1.708563 0.000000 1.879471
2.322859 0.000000 1.027582
2.322859 0.000000 1.027582
0.441066 0.000000 2.501412
-1.270000 0.000000 2.199704
-1.270000 0.000000 2.199704
2.540000 0.000000 -0.000000
2.540000 0.000000 -0.000000
2.540000 0.000000 -0.000000
2.540000 0.000000 -0.000000
2.540000 0.000000 -0.000000
2.540000 0.000000 -0.000000
0.000000 2.540000 0.000000
0.000000 2.540000 0.000000
0.000000 2.540000 0.000000
0.441066 0.000000 -2.501412
1.945753 0.000000 -1.632681
1.945753 0.000000 -1.632681
2.386819 0.000000 0.868731
2.386819 0.000000 -0.868731
2.386819 0.000000 -0.868731
0.000000 -2.540000 0.000000
0.000000 -2.540000 0.000000
0.000000 -2.540000 0.000000
0.000000 -2.540000 0.000000
0.000000 -2.540000 0.000000
0.000000 -2.540000 0.000000
-1.945753 0.000000 -1.632681
-1.945753 0.000000 -1.632681
-2.540000 0.000000 0.000000
-2.033361 0.000000 1.522184
-1.243717 0.000000 2.214671
-1.243717 0.000000 2.214671
-0.241427 0.000000 2.528500
-1.243717 0.000000 2.214671
-1.243717 0.000000 2.214671
-0.000000 -0.000000 -2.540000
-0.000000 0.000000 -2.540000
-0.000000 -0.000000 -2.540000
-0.000000 0.972016 -2.346654
-0.000000 -0.000000 -2.540000
-0.000000 -0.000000 -2.540000
0.000000 0.972016 2.346654
0.000000 1.796051 1.796051
0.000000 0.972016 2.346654
0.000000 0.000000 2.540000
0.000000 0.972016 2.346654
0.000000 0.972016 2.346654
0.000000 -0.972016 2.346654
0.000000 0.000000 2.540000
0.000000 -0.972016 2.346654
0.000000 -0.972016 2.346654
0.000000 -0.972016 2.346654
0.000000 -1.796051 1.796051
-0.000000 -2.346654 -0.972016
0.000000 -2.540000 0.000000
0.000000 -2.540000 0.000000
0.000000 -2.540000 0.000000
0.000000 -2.540000 0.000000
0.000000 -2.540000 0.000000
0.000000 2.540000 0.000000
0.000000 2.540000 0.000000
0.000000 2.540000 0.000000
-0.000000 2.346654 -0.972016
0.000000 2.540000 0.000000
0.000000 2.540000 0.000000
0.000000 2.540000 0.000000
0.000000 2.540000 0.000000
0.000000 2.540000 0.000000
0.000000 2.540000 0.000000
0.000000 2.346654 0.972016
0.000000 2.540000 0.000000
-1.796051 0.000000 -1.796051
-1.796051 0.000000 -1.796051
-1.796051 0.000000 -1.796051
-2.453452 0.000000 -0.657400
-1.796051 0.000000 -1.796051
-1.796051 0.000000 -1.796051
0.000000 2.540000 0.000000
0.000000 2.540000 0.000000
0.000000 2.540000 0.000000
0.441066 0.000000 -2.501412
1.945753 0.000000 -1.632681
1.945753 0.000000 -1.632681
0.000000 -1.796051 1.796051
0.000000 -1.796051 1.796051
0.000000 -2.346654 0.972016
0.000000 -0.972016 2.346654
0.000000 -1.796051 1.796051
0.000000 -1.796051 1.796051
-0.000000 1.796051 -1.796051
-0.000000 1.796051 -1.796051
-0.000000 2.346654 -0.972016
-0.000000 0.972016 -2.346654
-0.000000 1.796051 -1.796051
-0.000000 1.796051 -1.796051
-0.000000 -0.972016 -2.346654
-0.000000 0.000000 -2.540000
-0.000000 0.000000 -2.540000
-0.000000 -0.000000 -2.540000
-0.000000 0.000000 -2.540000
-0.000000 0.000000 -2.540000
-0.000000 -1.796051 -1.796051
-0.000000 -1.796051 -1.796051
-0.000000 -0.972016 -2.346654
-0.000000 -2.346654 -0.972016
-0.000000 -1.796051 -1.796051
-0.000000 -1.796051 -1.796051
-0.000000 2.346654 -0.972016
-0.000000 2.346654 -0.972016
0.000000 2.540000 0.000000
-0.000000 1.796051 -1.796051
-0.000000 2.346654 -0.972016
-0.000000 2.346654 -0.972016
-0.000000 -2.346654 -0.972016
-0.000000 -2.346654 -0.972016
-0.000000 -1.796051 -1.796051
-0.000000 -2.346654 -0.972016
-0.000000 -2.346654 -0.972016
0.000000 -2.540000 0.000000
0.802142 0.000000 -2.410014
-0.241427 0.000000 -2.528500
-0.241427 0.000000 -2.528500
-1.243717 0.000000 -2.214671
-0.241427 0.000000 -2.528500
-0.241427 0.000000 -2.528500
1.708563 0.000000 1.879471
0.802142 0.000000 2.410014
0.802142 0.000000 2.410014
0.802142 0.000000 2.410014
0.802142 0.000000 2.410014
-0.241427 0.000000 2.528500
2.386819 0.000000 0.868731
2.386819 0.000000 -0.868731
2.386819 0.000000 0.868731
0.000000 2.540000 0.000000
0.000000 2.540000 0.000000
0.000000 2.540000 0.000000
1.708563 0.000000 1.879471
2.322859 0.000000 1.027582
2.322859 0.000000 1.027582
0.441066 0.000000 -2.501412
-1.270000 0.000000 -2.199704
-1.270000 0.000000 -2.199704
2.322859 0.000000 1.027582
2.540000 0.000000 0.000000
2.322859 0.000000 1.027582
-1.270000 0.000000 2.199704
0.441066 0.000000 2.501412
-1.270000 0.000000 2.199704
2.136784 0.000000 -1.373228
2.540000 0.000000 0.000000
2.540000 0.000000 0.000000
2.136784 0.000000 1.373228
2.540000 0.000000 0.000000
2.540000 0.000000 0.000000
1.055154 0.000000 -2.310465
1.055154 0.000000 -2.310465
2.136784 0.000000 -1.373228
1.055154 0.000000 -2.310465
1.055154 0.000000 -2.310465
-0.361480 0.000000 -2.514147
1.708563 0.000000 1.879471
1.708563 0.000000 1.879471
2.322859 0.000000 1.027582
0.802142 0.000000 2.410014
1.708563 0.000000 1.879471
1.708563 0.000000 1.879471
0.000000 2.540000 0.000000
0.000000 2.540000 0.000000
0.000000 2.540000 0.000000
-2.540000 0.000000 0.000000
-2.540000 0.000000 0.000000
-2.488204 0.000000 -0.510332
0.000000 2.540000 0.000000
0.000000 2.540000 0.000000
0.000000 2.540000 0.000000
2.386819 0.000000 -0.868731
2.386819 0.000000 0.868731
2.386819 0.000000 -0.868731
0.000000 2.540000 0.000000
0.000000 2.540000 0.000000
0.000000 2.540000 0.000000
2.386819 0.000000 -0.868731
2.386819 0.000000 0.868731
2.386819 0.000000 -0.868731
0.000000 2.540000 0.000000
0.000000 2.540000 0.000000
0.000000 2.540000 0.000000
2.386819 0.000000 -0.868731
2.386819 0.000000 0.868731
2.386819 0.000000 -0.868731
0.000000 2.540000 0.000000
0.000000 2.540000 0.000000
0.000000 2.540000 0.000000
2.386819 0.000000 -0.868731
2.386819 0.000000 -0.868731
2.386819 0.000000 0.868731
-2.540000 0.000000 0.000000
-2.540000 0.000000 0.000000
-2.540000 0.000000 0.000000
-2.488204 0.000000 -0.510332
-2.488204 0.000000 -0.510332
-2.540000 0.000000 0.000000
2.136784 0.000000 -1.373228
1.055154 0.000000 -2.310465
1.055154 0.000000 -2.310465
-0.361480 0.000000 -2.514147
1.055154 0.000000 -2.310465
1.055154 0.000000 -2.310465
2.540000 0.000000 0.000000
2.540000 0.000000 0.000000
2.136784 0.000000 1.373228
2.136784 0.000000 -1.373228
2.540000 0.000000 0.000000
2.540000 0.000000 0.000000
-0.241427 0.000000 2.528500
0.802142 0.000000 2.410014
0.802142 0.000000 2.410014
0.802142 0.000000 2.410014
1.708563 0.000000 1.879471
0.802142 0.000000 2.410014
2.540000 0.000000 0.000000
2.540000 0.000000 0.000000
2.136784 0.000000 1.373228
2.540000 0.000000 0.000000
2.136784 0.000000 -1.373228
2.540000 0.000000 0.000000
2.136784 0.000000 -1.373228
1.055154 0.000000 -2.310465
1.055154 0.000000 -2.310465
-0.361480 0.000000 -2.514147
1.055154 0.000000 -2.310465
1.055154 0.000000 -2.310465
2.136784 0.000000 -1.373228
1.055154 0.000000 -2.310465
1.055154 0.000000 -2.310465
1.055154 0.000000 -2.310465
-0.361480 0.000000 -2.514147
1.055154 0.000000 -2.310465
2.136784 0.000000 -1.373228
2.540000 0.000000 0.000000
2.540000 0.000000 0.000000
2.136784 0.000000 1.373228
2.540000 0.000000 0.000000
2.540000 0.000000 0.000000
0.000000 2.346654 0.972016
0.000000 2.346654 0.972016
0.000000 1.796051 1.796051
0.000000 2.540000 0.000000
0.000000 2.346654 0.972016
0.000000 2.346654 0.972016
0.000000 -2.346654 0.972016
0.000000 -2.540000 0.000000
0.000000 -2.346654 0.972016
0.000000 -1.796051 1.796051
0.000000 -2.346654 0.972016
0.000000 -2.346654 0.972016
0.000000 0.972016 2.346654
0.000000 1.796051 1.796051
0.000000 1.796051 1.796051
0.000000 2.346654 0.972016
0.000000 1.796051 1.796051
0.000000 1.796051 1.796051
0.000000 0.000000 2.540000
0.000000 0.000000 2.540000
0.000000 0.000000 2.540000
0.000000 0.000000 2.540000
0.000000 0.000000 2.540000
0.000000 0.972016 2.346654
-0.000000 -0.972016 -2.346654
-0.000000 0.000000 -2.540000
-0.000000 -0.972016 -2.346654
-0.000000 -1.796051 -1.796051
-0.000000 -0.972016 -2.346654
-0.000000 -0.972016 -2.346654
0.802142 0.000000 -2.410014
0.802142 0.000000 -2.410014
1.708563 0.000000 -1.879471
0.802142 0.000000 -2.410014
-0.241427 0.000000 -2.528500
0.802142 0.000000 -2.410014
-0.241427 0.000000 2.528500
-0.241427 0.000000 2.528500
-1.243717 0.000000 2.214671
0.802142 0.000000 2.410014
-0.241427 0.000000 2.528500
-0.241427 0.000000 2.528500
-0.241427 0.000000 2.528500
-0.241427 0.000000 2.528500
0.802142 0.000000 2.410014
-1.243717 0.000000 2.214671
-0.241427 0.000000 2.528500
-0.241427 0.000000 2.528500
1.708563 0.000000 -1.879471
0.802142 0.000000 -2.410014
0.802142 0.000000 -2.410014
0.802142 0.000000 -2.410014
0.802142 0.000000 -2.410014
-0.241427 0.000000 -2.528500
1.708563 0.000000 -1.879471
1.708563 0.000000 -1.879471
0.802142 0.000000 -2.410014
2.322859 0.000000 -1.027582
1.708563 0.000000 -1.879471
1.708563 0.000000 -1.879471
1.708563 0.000000 1.879471
1.708563 0.000000 1.879471
2.322859 0.000000 1.027582
1.708563 0.000000 1.879471
1.708563 0.000000 1.879471
0.802142 0.000000 2.410014
1.708563 0.000000 -1.879471
1.708563 0.000000 -1.879471
2.322859 0.000000 -1.027582
0.802142 0.000000 -2.410014
1.708563 0.000000 -1.879471
1.708563 0.000000 -1.879471
0.000000 2.540000 0.000000
0.000000 2.540000 0.000000
0.000000 2.540000 0.000000
0.441066 0.000000 -2.501412
0.441066 0.000000 -2.501412
1.945753 0.000000 -1.632681
-2.437112 0.000000 0.715601
-2.437112 0.000000 0.715601
-2.437112 0.000000 -0.715601
-2.437112 0.000000 0.715601
-2.437112 0.000000 0.715601
-1.663346 0.000000 1.919604
-1.663346 0.000000 1.919604
-1.663346 0.000000 1.919604
-2.437112 0.000000 0.715601
-1.663346 0.000000 1.919604
-1.663346 0.000000 1.919604
-0.361480 0.000000 2.514147
-0.361480 0.000000 2.514147
-0.361480 0.000000 2.514147
1.055154 0.000000 2.310465
-1.663346 0.000000 1.919604
-0.361480 0.000000 2.514147
-0.361480 0.000000 2.514147
-0.361480 0.000000 -2.514147
-0.361480 0.000000 -2.514147
1.055154 0.000000 -2.310465
-0.361480 0.000000 -2.514147
-0.361480 0.000000 -2.514147
-1.663346 0.000000 -1.919604
-0.361480 0.000000 2.514147
-0.361480 0.000000 2.514147
-1.663346 0.000000 1.919604
-0.361480 0.000000 2.514147
-0.361480 0.000000 2.514147
1.055154 0.000000 2.310465
-0.361480 0.000000 2.514147
1.055154 0.000000 2.310465
1.055154 0.000000 2.310465
2.136784 0.000000 1.373228
1.055154 0.000000 2.310465
1.055154 0.000000 2.310465
1.055154 0.000000 2.310465
1.055154 0.000000 2.310465
2.136784 0.000000 1.373228
1.055154 0.000000 2.310465
1.055154 0.000000 2.310465
-0.361480 0.000000 2.514147
1.270000 0.000000 2.199704
-0.441066 0.000000 2.501412
1.270000 0.000000 2.199704
-0.441066 0.000000 2.501412
-0.441066 0.000000 2.501412
1.270000 0.000000 2.199704
-2.453452 0.000000 -0.657400
-2.453452 0.000000 -0.657400
-2.540000 0.000000 0.000000
0.000000 2.540000 0.000000
0.000000 2.540000 0.000000
0.000000 2.540000 0.000000
0.000000 2.540000 0.000000
0.000000 2.540000 0.000000
0.000000 2.540000 0.000000
2.386819 0.000000 -0.868731
2.386819 0.000000 -0.868731
2.386819 0.000000 0.868731
-2.540000 0.000000 0.000000
-2.488204 0.000000 -0.510332
-2.488204 0.000000 -0.510332
0.000000 -2.540000 0.000000
0.000000 -2.540000 0.000000
0.000000 -2.540000 0.000000
0.000000 -2.540000 0.000000
0.000000 -2.540000 0.000000
0.000000 -2.540000 0.000000
-2.386819 0.000000 0.868731
-1.270000 0.000000 2.199704
-2.386819 0.000000 0.868731
-1.663346 0.000000 -1.919604
-0.361480 0.000000 -2.514147
-1.663346 0.000000 -1.919604
-2.437112 0.000000 -0.715601
-1.663346 0.000000 -1.919604
-1.663346 0.000000 -1.919604
2.136784 0.000000 1.373228
1.055154 0.000000 2.310465
1.055154 0.000000 2.310465
-0.361480 0.000000 2.514147
1.055154 0.000000 2.310465
1.055154 0.000000 2.310465
-2.437112 0.000000 0.715601
-1.663346 0.000000 1.919604
-1.663346 0.000000 1.919604
-1.663346 0.000000 1.919604
-0.361480 0.000000 2.514147
-1.663346 0.000000 1.919604
-1.663346 0.000000 -1.919604
-0.361480 0.000000 -2.514147
-0.361480 0.000000 -2.514147
1.055154 0.000000 -2.310465
-0.361480 0.000000 -2.514147
-0.361480 0.000000 -2.514147
-0.361480 0.000000 2.514147
1.055154 0.000000 2.310465
1.055154 0.000000 2.310465
2.136784 0.000000 1.373228
1.055154 0.000000 2.310465
1.055154 0.000000 2.310465
-2.437112 0.000000 -0.715601
-1.663346 0.000000 -1.919604
-2.437112 0.000000 -0.715601
-2.437112 0.000000 0.715601
-2.437112 0.000000 -0.715601
-2.437112 0.000000 -0.715601
-1.663346 0.000000 -1.919604
-2.437112 0.000000 -0.715601
-2.437112 0.000000 -0.715601
-2.437112 0.000000 0.715601
-2.437112 0.000000 -0.715601
-2.437112 0.000000 -0.715601
-2.437112 0.000000 -0.715601
-2.437112 0.000000 0.715601
-2.437112 0.000000 0.715601
-2.437112 0.000000 0.715601
-1.663346 0.000000 1.919604
-2.437112 0.000000 0.715601
-2.437112 0.000000 -0.715601
-1.663346 0.000000 -1.919604
-1.663346 0.000000 -1.919604
-1.663346 0.000000 -1.919604
-0.361480 0.000000 -2.514147
-1.663346 0.000000 -1.919604
-2.086429 0.000000 -1.448591
-2.086429 0.000000 -1.448591
-2.494105 0.000000 -0.480668
-2.334930 0.000000 -0.999850
-2.334930 0.000000 -0.999850
-2.086429 0.000000 -1.448591
-2.475346 0.000000 -0.569438
-2.494105 0.000000 0.480668
-2.494105 0.000000 0.480668
-2.494105 0.000000 0.480668
-2.494105 0.000000 0.480668
-2.086429 0.000000 1.448591
-2.494105 0.000000 -0.480668
-2.494105 0.000000 -0.480668
-2.475346 0.000000 0.569438
-2.086429 0.000000 -1.448591
-2.494105 0.000000 -0.480668
-2.494105 0.000000 -0.480668
-2.475346 0.000000 -0.569438
-2.475346 0.000000 -0.569438
-2.033361 0.000000 -1.522184
-2.475346 0.000000 -0.569438
-2.475346 0.000000 -0.569438
-2.494105 0.000000 0.480668
-2.475346 0.000000 -0.569438
-2.475346 0.000000 -0.569438
-2.494105 0.000000 0.480668
-2.475346 0.000000 -0.569438
-2.475346 0.000000 -0.569438
-2.033361 0.000000 -1.522184
-2.475346 0.000000 -0.569438
-2.494105 0.000000 0.480668
-2.494105 0.000000 0.480668
-2.494105 0.000000 0.480668
-2.494105 0.000000 0.480668
-2.086429 0.000000 1.448591
-2.494105 0.000000 -0.480668
-2.494105 0.000000 -0.480668
-2.475346 0.000000 0.569438
-2.086429 0.000000 -1.448591
-2.494105 0.000000 -0.480668
-2.494105 0.000000 -0.480668
-2.475346 0.000000 0.569438
-2.475346 0.000000 0.569438
-2.033361 0.000000 1.522184
-2.494105 0.000000 -0.480668
-2.475346 0.000000 0.569438
-2.475346 0.000000 0.569438
-2.033361 0.000000 -1.522184
-2.033361 0.000000 -1.522184
-1.243717 0.000000 -2.214671
-2.475346 0.000000 -0.569438
-2.033361 0.000000 -1.522184
-2.033361 0.000000 -1.522184
-2.475346 0.000000 0.569438
-2.475346 0.000000 0.569438
-2.033361 0.000000 1.522184
-2.494105 0.000000 -0.480668
-2.475346 0.000000 0.569438
-2.475346 0.000000 0.569438
-2.033361 0.000000 -1.522184
-2.033361 0.000000 -1.522184
-1.243717 0.000000 -2.214671
-2.475346 0.000000 -0.569438
-2.033361 0.000000 -1.522184
-2.033361 0.000000 -1.522184
-0.361480 0.000000 -2.514147
1.055154 0.000000 -2.310465
-0.361480 0.000000 -2.514147
-1.663346 0.000000 -1.919604
-0.361480 0.000000 -2.514147
-0.361480 0.000000 -2.514147
2.136784 0.000000 1.373228
2.136784 0.000000 1.373228
1.055154 0.000000 2.310465
2.136784 0.000000 1.373228
2.136784 0.000000 1.373228
2.540000 0.000000 0.000000
2.136784 0.000000 1.373228
2.136784 0.000000 1.373228
1.055154 0.000000 2.310465
2.540000 0.000000 0.000000
2.136784 0.000000 1.373228
2.136784 0.000000 1.373228
1.055154 0.000000 2.310465
2.136784 0.000000 1.373228
2.136784 0.000000 1.373228
2.136784 0.000000 1.373228
2.136784 0.000000 1.373228
2.540000 0.000000 0.000000
-2.199704 0.000000 -1.270000
-2.199704 0.000000 -1.270000
-2.540000 0.000000 0.000000
0.000000 -2.540000 0.000000
0.000000 -2.540000 0.000000
0.000000 -2.540000 0.000000
-1.945753 0.000000 -1.632681
-1.945753 0.000000 -1.632681
-2.540000 0.000000 -0.000000
-0.441066 0.000000 -2.501412
-0.441066 0.000000 -2.501412
1.270000 0.000000 -2.199704
-2.453452 0.000000 0.657400
-2.540000 0.000000 0.000000
-2.453452 0.000000 0.657400
0.000000 2.540000 0.000000
0.000000 2.540000 0.000000
0.000000 2.540000 0.000000
-1.270000 0.000000 -2.199704
0.000000 0.000000 -2.540000
-1.270000 0.000000 -2.199704
0.000000 2.540000 0.000000
0.000000 2.540000 0.000000
0.000000 2.540000 0.000000
0.000000 0.000000 -2.540000
0.000000 0.000000 -2.540000
-1.270000 0.000000 -2.199704
0.000000 -2.540000 0.000000
0.000000 -2.540000 0.000000
0.000000 -2.540000 0.000000
-1.796051 0.000000 1.796051
-2.199704 0.000000 1.270000
-1.796051 0.000000 1.796051
0.000000 -2.540000 0.000000
0.000000 -2.540000 0.000000
0.000000 -2.540000 0.000000
-2.334930 0.000000 0.999850
-2.334930 0.000000 0.999850
-2.488204 0.000000 0.510332
0.000000 2.540000 0.000000
0.000000 2.540000 0.000000
0.000000 2.540000 0.000000
-1.796051 0.000000 -1.796051
-1.796051 0.000000 -1.796051
-1.796051 0.000000 -1.796051
-2.540000 0.000000 0.000000
-2.540000 0.000000 0.000000
-2.540000 0.000000 0.000000
1.270000 0.000000 -2.199704
1.270000 0.000000 -2.199704
-0.441066 0.000000 -2.501412
0.000000 -2.540000 0.000000
0.000000 -2.540000 0.000000
0.000000 -2.540000 0.000000
0.000000 -2.540000 0.000000
0.000000 -2.540000 0.000000
0.000000 -2.540000 0.000000
1.270000 0.000000 -2.199704
-0.441066 0.000000 -2.501412
1.270000 0.000000 -2.199704
0.000000 0.000000 -2.540000
0.000000 0.000000 -2.540000
-1.270000 0.000000 -2.199704
0.000000 -2.540000 0.000000
0.000000 -2.540000 0.000000
0.000000 -2.540000 0.000000
1.270000 0.000000 2.199704
2.386819 0.000000 0.868731
1.270000 0.000000 2.199704
0.000000 -2.540000 0.000000
0.000000 -2.540000 0.000000
0.000000 -2.540000 0.000000
-2.386819 0.000000 -0.868731
-2.386819 0.000000 -0.868731
-1.270000 0.000000 -2.199704
0.000000 2.540000 0.000000
0.000000 2.540000 0.000000
0.000000 2.540000 0.000000
1.055154 0.000000 -2.310465
2.136784 0.000000 -1.373228
2.136784 0.000000 -1.373228
2.540000 0.000000 0.000000
2.136784 0.000000 -1.373228
2.136784 0.000000 -1.373228
-2.033361 0.000000 1.522184
-1.243717 0.000000 2.214671
-2.033361 0.000000 1.522184
-2.475346 0.000000 0.569438
-2.033361 0.000000 1.522184
-2.033361 0.000000 1.522184
2.136784 0.000000 -1.373228
2.540000 0.000000 0.000000
2.136784 0.000000 -1.373228
2.136784 0.000000 -1.373228
2.136784 0.000000 -1.373228
1.055154 0.000000 -2.310465
2.136784 0.000000 -1.373228
2.136784 0.000000 -1.373228
2.540000 0.000000 0.000000
2.136784 0.000000 -1.373228
1.055154 0.000000 -2.310465
2.136784 0.000000 -1.373228
2.136784 0.000000 1.373228
1.055154 0.000000 2.310465
2.136784 0.000000 1.373228
2.540000 0.000000 0.000000
2.136784 0.000000 1.373228
2.136784 0.000000 1.373228
-1.663346 0.000000 1.919604
-0.361480 0.000000 2.514147
-0.361480 0.000000 2.514147
1.055154 0.000000 2.310465
-0.361480 0.000000 2.514147
-0.361480 0.000000 2.514147
2.136784 0.000000 -1.373228
2.136784 0.000000 -1.373228
1.055154 0.000000 -2.310465
2.136784 0.000000 -1.373228
2.540000 0.000000 0.000000
2.136784 0.000000 -1.373228
1.055154 0.000000 -2.310465
-0.361480 0.000000 -2.514147
-0.361480 0.000000 -2.514147
-1.663346 0.000000 -1.919604
-0.361480 0.000000 -2.514147
-0.361480 0.000000 -2.514147
-1.243717 0.000000 2.214671
-2.033361 0.000000 1.522184
-2.033361 0.000000 1.522184
-2.475346 0.000000 0.569438
-2.033361 0.000000 1.522184
-2.033361 0.000000 1.522184
1.270000 0.000000 -2.199704
-0.441066 0.000000 -2.501412
-0.441066 0.000000 -2.501412
-1.945753 0.000000 -1.632681
-1.945753 0.000000 -1.632681
-2.540000 0.000000 -0.000000
-1.663346 0.000000 1.919604
-0.361480 0.000000 2.514147
-0.361480 0.000000 2.514147
-0.361480 0.000000 2.514147
1.055154 0.000000 2.310465
-0.361480 0.000000 2.514147
-0.441066 0.000000 -2.501412
1.270000 0.000000 -2.199704
-0.441066 0.000000 -2.501412
-2.540000 0.000000 -0.000000
-1.945753 0.000000 -1.632681
-1.945753 0.000000 -1.632681
0.000000 -2.540000 0.000000
0.000000 -2.540000 0.000000
0.000000 -2.540000 0.000000
-1.270000 0.000000 -2.199704
-1.270000 0.000000 -2.199704
0.000000 0.000000 -2.540000
-2.540000 0.000000 0.000000
-2.540000 0.000000 0.000000
-2.540000 0.000000 0.000000
-1.796051 0.000000 -1.796051
-1.796051 0.000000 -1.796051
-1.796051 0.000000 -1.796051
0.000000 -2.540000 0.000000
0.000000 -2.540000 0.000000
0.000000 -2.540000 0.000000
-2.334930 0.000000 0.999850
-2.488204 0.000000 0.510332
-2.488204 0.000000 0.510332
0.000000 2.540000 0.000000
0.000000 2.540000 0.000000
0.000000 2.540000 0.000000
-1.270000 0.000000 -2.199704
0.000000 0.000000 -2.540000
-1.270000 0.000000 -2.199704
2.322859 0.000000 1.027582
2.540000 0.000000 0.000000
2.540000 0.000000 0.000000
2.540000 0.000000 0.000000
2.540000 0.000000 0.000000
2.540000 0.000000 -0.000000
2.540000 0.000000 0.000000
2.540000 0.000000 0.000000
2.540000 0.000000 -0.000000
2.322859 0.000000 1.027582
2.540000 0.000000 0.000000
2.540000 0.000000 0.000000
0.000000 2.540000 0.000000
0.000000 2.540000 0.000000
0.000000 2.540000 0.000000
-0.441066 0.000000 -2.501412
-0.441066 0.000000 -2.501412
1.270000 0.000000 -2.199704
0.000000 2.540000 0.000000
0.000000 2.540000 0.000000
0.000000 2.540000 0.000000
0.000000 2.540000 0.000000
0.000000 2.540000 0.000000
0.000000 2.540000 0.000000
0.000000 -2.540000 0.000000
0.000000 -2.540000 0.000000
0.000000 -2.540000 0.000000
0.000000 -2.540000 0.000000
0.000000 -2.540000 0.000000
0.000000 -2.540000 0.000000
0.000000 -2.540000 0.000000
0.000000 -2.540000 0.000000
0.000000 -2.540000 0.000000
0.000000 -2.540000 0.000000
0.000000 -2.540000 0.000000
0.000000 -2.540000 0.000000
0.000000 -2.540000 0.000000
0.000000 -2.540000 0.000000
0.000000 -2.540000 0.000000
0.000000 -2.540000 0.000000
0.000000 -2.540000 0.000000
0.000000 -2.540000 0.000000
0.000000 2.540000 0.000000
0.000000 2.540000 0.000000
0.000000 2.540000 0.000000
0.000000 2.540000 0.000000
0.000000 2.540000 0.000000
0.000000 2.540000 0.000000
0.000000 0.000000 -2.540000
-1.270000 0.000000 -2.199704
0.000000 0.000000 -2.540000
0.000000 2.540000 0.000000
0.000000 2.540000 0.000000
0.000000 2.540000 0.000000
0.000000 2.540000 0.000000
0.000000 2.540000 0.000000
0.000000 2.540000 0.000000
0.000000 2.540000 0.000000
0.000000 2.540000 0.000000
0.000000 2.540000 0.000000
0.000000 2.540000 0.000000
0.000000 2.540000 0.000000
0.000000 2.540000 0.000000
0.000000 2.540000 0.000000
0.000000 2.540000 0.000000
0.000000 2.540000 0.000000
0.000000 -2.540000 0.000000
0.000000 -2.540000 0.000000
0.000000 -2.540000 0.000000
-2.199704 0.000000 1.270000
-1.796051 0.000000 1.796051
-2.199704 0.000000 1.270000
-1.270000 0.000000 2.199704
0.441066 0.000000 2.501412
-1.270000 0.000000 2.199704
0.000000 2.540000 0.000000
0.000000 2.540000 0.000000
0.000000 2.540000 0.000000
-1.796051 0.000000 1.796051
-1.796051 0.000000 1.796051
-2.199704 0.000000 1.270000
0.000000 2.540000 0.000000
0.000000 2.540000 0.000000
0.000000 2.540000 0.000000
0.000000 -2.540000 0.000000
0.000000 -2.540000 0.000000
0.000000 -2.540000 0.000000
0.441066 0.000000 -2.501412
-1.270000 0.000000 -2.199704
0.441066 0.000000 -2.501412
0.000000 -2.540000 0.000000
0.000000 -2.540000 0.000000
0.000000 -2.540000 0.000000
-2.199704 0.000000 -1.270000
-2.540000 0.000000 0.000000
-2.199704 0.000000 -1.270000
0.000000 -2.540000 0.000000
0.000000 -2.540000 0.000000
0.000000 -2.540000 0.000000
0.000000 -2.540000 0.000000
0.000000 -2.540000 0.000000
0.000000 -2.540000 0.000000
0.000000 2.540000 0.000000
0.000000 2.540000 0.000000
0.000000 2.540000 0.000000
-0.000000 0.000000 -2.540000
-1.270000 0.000000 -2.199704
-0.000000 0.000000 -2.540000
0.000000 2.540000 0.000000
0.000000 2.540000 0.000000
0.000000 2.540000 0.000000
-2.453452 0.000000 -0.657400
-2.540000 0.000000 0.000000
-2.540000 0.000000 0.000000
-2.540000 0.000000 0.000000
-2.199704 0.000000 -1.270000
-2.540000 0.000000 0.000000
0.000000 -2.540000 0.000000
0.000000 -2.540000 0.000000
0.000000 -2.540000 0.000000
0.000000 2.540000 0.000000
0.000000 2.540000 0.000000
0.000000 2.540000 0.000000
0.441066 0.000000 2.501412
-1.270000 0.000000 2.199704
0.441066 0.000000 2.501412
-2.540000 0.000000 0.000000
-2.453452 0.000000 -0.657400
-2.540000 0.000000 0.000000
0.000000 -2.540000 0.000000
0.000000 -2.540000 0.000000
0.000000 -2.540000 0.000000
0.000000 2.540000 0.000000
0.000000 2.540000 0.000000
0.000000 2.540000 0.000000
-2.540000 0.000000 0.000000
-2.540000 0.000000 0.000000
-2.199704 0.000000 -1.270000
0.000000 -2.540000 0.000000
0.000000 -2.540000 0.000000
0.000000 -2.540000 0.000000
-2.453452 0.000000 -0.657400
-2.453452 0.000000 -0.657400
-2.540000 0.000000 0.000000
-2.086429 0.000000 1.448591
-2.334930 0.000000 0.999850
-2.488204 0.000000 0.510332
0.000000 2.540000 0.000000
0.000000 2.540000 0.000000
0.000000 2.540000 0.000000
0.000000 2.540000 0.000000
0.000000 2.540000 0.000000
0.000000 2.540000 0.000000
2.386819 0.000000 0.868731
2.386819 0.000000 0.868731
1.270000 0.000000 2.199704
-2.488204 0.000000 0.510332
-2.334930 0.000000 0.999850
-2.488204 0.000000 0.510332
0.000000 -2.540000 0.000000
0.000000 -2.540000 0.000000
0.000000 -2.540000 0.000000
-2.540000 0.000000 0.000000
-2.540000 0.000000 0.000000
-1.945753 0.000000 1.632681
0.000000 -2.540000 0.000000
0.000000 -2.540000 0.000000
0.000000 -2.540000 0.000000
0.000000 2.540000 0.000000
0.000000 2.540000 0.000000
0.000000 2.540000 0.000000
0.441066 0.000000 2.501412
-1.270000 0.000000 2.199704
0.441066 0.000000 2.501412
0.000000 2.540000 0.000000
0.000000 2.540000 0.000000
0.000000 2.540000 0.000000
0.441066 0.000000 2.501412
-1.270000 0.000000 2.199704
0.441066 0.000000 2.501412
0.000000 -2.540000 0.000000
0.000000 -2.540000 0.000000
0.000000 -2.540000 0.000000
0.441066 0.000000 2.501412
0.441066 0.000000 2.501412
-1.270000 0.000000 2.199704
0.000000 -2.540000 0.000000
0.000000 -2.540000 0.000000
0.000000 -2.540000 0.000000
-2.453452 0.000000 0.657400
-2.453452 0.000000 0.657400
-2.540000 0.000000 0.000000
0.000000 2.540000 0.000000
0.000000 2.540000 0.000000
0.000000 2.540000 0.000000
-2.199704 0.000000 -1.270000
-2.199704 0.000000 -1.270000
-2.453452 0.000000 -0.657400
0.000000 -2.540000 0.000000
0.000000 -2.540000 0.000000
0.000000 -2.540000 0.000000
0.441066 0.000000 -2.501412
-1.270000 0.000000 -2.199704
0.441066 0.000000 -2.501412
-2.386819 0.000000 -0.868731
-2.386819 0.000000 -0.868731
-1.270000 0.000000 -2.199704
0.000000 2.540000 0.000000
0.000000 2.540000 0.000000
0.000000 2.540000 0.000000
0.000000 2.540000 0.000000
0.000000 2.540000 0.000000
0.000000 2.540000 0.000000
-2.386819 0.000000 -0.868731
-2.386819 0.000000 -0.868731
-1.270000 0.000000 -2.199704
0.000000 2.540000 0.000000
0.000000 2.540000 0.000000
0.000000 2.540000 0.000000
-2.540000 0.000000 0.000000
-1.945753 0.000000 -1.632681
-2.540000 0.000000 0.000000
0.000000 2.540000 0.000000
0.000000 2.540000 0.000000
0.000000 2.540000 0.000000
-2.199704 0.000000 -1.270000
-2.199704 0.000000 -1.270000
-2.540000 0.000000 0.000000
0.000000 -2.540000 0.000000
0.000000 -2.540000 0.000000
0.000000 -2.540000 0.000000
-1.270000 0.000000 -2.199704
-1.270000 0.000000 -2.199704
-2.199704 0.000000 -1.270000
0.000000 2.540000 0.000000
0.000000 2.540000 0.000000
0.000000 2.540000 0.000000
1.945753 0.000000 1.632681
2.540000 0.000000 0.000000
1.945753 0.000000 1.632681
-2.540000 0.000000 0.000000
-1.945753 0.000000 -1.632681
-2.540000 0.000000 0.000000
0.000000 2.540000 0.000000
0.000000 2.540000 0.000000
0.000000 2.540000 0.000000
-2.540000 0.000000 0.000000
-1.945753 0.000000 -1.632681
-2.540000 0.000000 0.000000
0.000000 2.540000 0.000000
0.000000 2.540000 0.000000
0.000000 2.540000 0.000000
-2.540000 0.000000 0.000000
-1.945753 0.000000 -1.632681
-2.540000 0.000000 0.000000
0.000000 2.540000 0.000000
0.000000 2.540000 0.000000
0.000000 2.540000 0.000000
0.000000 -2.540000 0.000000
0.000000 -2.540000 0.000000
0.000000 -2.540000 0.000000
1.270000 0.000000 2.199704
1.270000 0.000000 2.199704
2.386819 0.000000 0.868731
0.000000 2.540000 0.000000
0.000000 2.540000 0.000000
0.000000 2.540000 0.000000
-2.540000 0.000000 0.000000
-2.453452 0.000000 0.657400
-2.540000 0.000000 0.000000
0.000000 2.540000 0.000000
0.000000 2.540000 0.000000
0.000000 2.540000 0.000000
-2.540000 0.000000 0.000000
-2.199704 0.000000 -1.270000
-2.540000 0.000000 0.000000
-2.386819 0.000000 0.868731
-1.270000 0.000000 2.199704
-2.386819 0.000000 0.868731
0.000000 -2.540000 0.000000
0.000000 -2.540000 0.000000
0.000000 -2.540000 0.000000
0.000000 -2.540000 0.000000
0.000000 -2.540000 0.000000
0.000000 -2.540000 0.000000
-2.540000 0.000000 0.000000
-2.540000 0.000000 0.000000
-2.453452 0.000000 0.657400
-2.540000 0.000000 0.000000
-2.540000 0.000000 0.000000
-2.199704 0.000000 -1.270000
0.000000 2.540000 0.000000
0.000000 2.540000 0.000000
0.000000 2.540000 0.000000
2.540000 0.000000 0.000000
2.540000 0.000000 0.000000
1.945753 0.000000 1.632681
0.000000 -2.540000 0.000000
0.000000 -2.540000 0.000000
0.000000 -2.540000 0.000000
0.000000 2.540000 0.000000
0.000000 2.540000 0.000000
0.000000 2.540000 0.000000
-2.199704 0.000000 1.270000
-2.199704 0.000000 1.270000
-2.453452 0.000000 0.657400
2.540000 0.000000 -0.000000
2.322859 0.000000 -1.027582
2.540000 0.000000 -0.000000
2.540000 0.000000 -0.000000
2.540000 0.000000 -0.000000
2.540000 0.000000 -0.000000
2.540000 0.000000 -0.000000
2.540000 0.000000 -0.000000
2.322859 0.000000 -1.027582
2.540000 0.000000 -0.000000
2.540000 0.000000 -0.000000
2.540000 0.000000 -0.000000
2.540000 0.000000 0.000000
2.540000 0.000000 0.000000
1.945753 0.000000 1.632681
0.000000 -2.540000 0.000000
0.000000 -2.540000 0.000000
0.000000 -2.540000 0.000000
0.000000 -2.540000 0.000000
0.000000 -2.540000 0.000000
0.000000 -2.540000 0.000000
-2.199704 0.000000 -1.270000
-2.540000 0.000000 0.000000
-2.199704 0.000000 -1.270000
-2.386819 0.000000 -0.868731
-2.386819 0.000000 -0.868731
-1.270000 0.000000 -2.199704
0.000000 2.540000 0.000000
0.000000 2.540000 0.000000
0.000000 2.540000 0.000000
0.000000 -2.540000 0.000000
0.000000 -2.540000 0.000000
0.000000 -2.540000 0.000000
-2.386819 0.000000 0.868731
-1.270000 0.000000 2.199704
-2.386819 0.000000 0.868731
0.000000 -2.540000 0.000000
0.000000 -2.540000 0.000000
0.000000 -2.540000 0.000000
-2.386819 0.000000 0.868731
-1.270000 0.000000 2.199704
-2.386819 0.000000 0.868731
0.000000 2.540000 0.000000
0.000000 2.540000 0.000000
0.000000 2.540000 0.000000
0.441066 0.000000 -2.501412
0.441066 0.000000 -2.501412
-1.270000 0.000000 -2.199704
0.000000 -2.540000 0.000000
0.000000 -2.540000 0.000000
0.000000 -2.540000 0.000000
-1.945753 0.000000 1.632681
-1.945753 0.000000 1.632681
-2.540000 0.000000 -0.000000
0.441066 0.000000 -2.501412
-1.270000 0.000000 -2.199704
0.441066 0.000000 -2.501412
0.000000 -2.540000 0.000000
0.000000 -2.540000 0.000000
0.000000 -2.540000 0.000000
0.000000 2.540000 0.000000
0.000000 2.540000 0.000000
0.000000 2.540000 0.000000
1.945753 0.000000 1.632681
2.540000 0.000000 0.000000
1.945753 0.000000 1.632681
0.000000 2.540000 0.000000
0.000000 2.540000 0.000000
0.000000 2.540000 0.000000
-2.540000 0.000000 -0.000000
-1.945753 0.000000 1.632681
-2.540000 0.000000 -0.000000
-2.334930 0.000000 -0.999850
-2.334930 0.000000 -0.999850
-2.086429 0.000000 -1.448591
0.000000 2.540000 0.000000
0.000000 2.540000 0.000000
0.000000 2.540000 0.000000
0.000000 -2.540000 0.000000
0.000000 -2.540000 0.000000
0.000000 -2.540000 0.000000
-2.334930 0.000000 -0.999850
-2.086429 0.000000 -1.448591
-2.086429 0.000000 -1.448591
0.000000 -2.540000 0.000000
0.000000 -2.540000 0.000000
0.000000 -2.540000 0.000000
-2.334930 0.000000 -0.999850
-2.086429 0.000000 -1.448591
-2.086429 0.000000 -1.448591
-1.270000 0.000000 -2.199704
0.441066 0.000000 -2.501412
-1.270000 0.000000 -2.199704
0.000000 -2.540000 0.000000
0.000000 -2.540000 0.000000
0.000000 -2.540000 0.000000
-2.488204 0.000000 -0.510332
-2.540000 0.000000 0.000000
-2.540000 0.000000 0.000000
0.000000 2.540000 0.000000
0.000000 2.540000 0.000000
0.000000 2.540000 0.000000
-2.540000 -0.000000 0.000000
-2.540000 -0.000000 0.000000
-2.540000 -0.000000 0.000000
-2.540000 -0.000000 0.000000
-2.540000 -0.000000 0.000000
-2.540000 -0.000000 0.000000
-2.540000 -0.000000 0.000000
-2.540000 -0.000000 0.000000
-2.540000 -0.000000 0.000000
-2.540000 -0.000000 0.000000
-2.540000 -0.000000 0.000000
-2.540000 -0.000000 0.000000
0.000000 -2.540000 0.000000
0.000000 -2.540000 0.000000
0.000000 -2.540000 0.000000
0.000000 -2.540000 0.000000
0.000000 -2.540000 0.000000
0.000000 -2.540000 0.000000
0.000000 -2.540000 0.000000
0.000000 -2.540000 0.000000
0.000000 -2.540000 0.000000
0.000000 -2.540000 0.000000
0.000000 -2.540000 0.000000
0.000000 -2.540000 0.000000
0.000000 2.540000 0.000000
0.000000 2.540000 0.000000
0.000000 2.540000 0.000000
0.000000 2.540000 0.000000
0.000000 2.540000 0.000000
0.000000 2.540000 0.000000
0.000000 -2.540000 0.000000
0.000000 -2.540000 0.000000
0.000000 -2.540000 0.000000
0.000000 -2.540000 0.000000
0.000000 -2.540000 0.000000
0.000000 -2.540000 0.000000
0.000000 2.540000 0.000000
0.000000 2.540000 0.000000
0.000000 2.540000 0.000000
0.000000 2.540000 0.000000
0.000000 2.540000 0.000000
0.000000 2.540000 0.000000
0.000000 2.540000 0.000000
0.000000 2.540000 0.000000
0.000000 2.540000 0.000000
0.000000 2.540000 0.000000
0.000000 2.540000 0.000000
0.000000 2.540000 0.000000
0.000000 -2.540000 0.000000
0.000000 -2.540000 0.000000
0.000000 -2.540000 0.000000
0.000000 -2.540000 0.000000
0.000000 -2.540000 0.000000
0.000000 -2.540000 0.000000
0.000000 2.540000 0.000000
0.000000 2.540000 0.000000
0.000000 2.540000 0.000000
0.000000 2.540000 0.000000
0.000000 2.540000 0.000000
0.000000 2.540000 0.000000
0.000000 2.540000 0.000000
0.000000 2.540000 0.000000
0.000000 2.540000 0.000000
0.000000 2.540000 0.000000
0.000000 2.540000 0.000000
0.000000 2.540000 0.000000
0.000000 2.540000 0.000000
0.000000 2.540000 0.000000
0.000000 2.540000 0.000000
0.000000 2.540000 0.000000
0.000000 2.540000 0.000000
0.000000 2.540000 0.000000
0.000000 -2.540000 0.000000
0.000000 -2.540000 0.000000
0.000000 -2.540000 0.000000
0.000000 -2.540000 0.000000
0.000000 -2.540000 0.000000
0.000000 -2.540000 0.000000
0.000000 2.540000 0.000000
0.000000 2.540000 0.000000
0.000000 2.540000 0.000000
0.000000 2.540000 0.000000
0.000000 2.540000 0.000000
0.000000 2.540000 0.000000
0.000000 -2.540000 0.000000
0.000000 -2.540000 0.000000
0.000000 -2.540000 0.000000
0.000000 -2.540000 0.000000
0.000000 -2.540000 0.000000
0.000000 -2.540000 0.000000
0.000000 2.540000 0.000000
0.000000 2.540000 0.000000
0.000000 2.540000 0.000000
0.000000 2.540000 0.000000
0.000000 2.540000 0.000000
0.000000 2.540000 0.000000
0.000000 2.540000 0.000000
0.000000 2.540000 0.000000
0.000000 2.540000 0.000000
0.000000 2.540000 0.000000
0.000000 2.540000 0.000000
0.000000 2.540000 0.000000
0.000000 -2.540000 0.000000
0.000000 -2.540000 0.000000
0.000000 -2.540000 0.000000
0.000000 -2.540000 0.000000
0.000000 -2.540000 0.000000
0.000000 -2.540000 0.000000
0.000000 -2.540000 0.000000
0.000000 -2.540000 0.000000
0.000000 -2.540000 0.000000
0.000000 -2.540000 0.000000
0.000000 -2.540000 0.000000
0.000000 -2.540000 0.000000
0.000000 2.540000 0.000000
0.000000 2.540000 0.000000
0.000000 2.540000 0.000000
0.000000 2.540000 0.000000
0.000000 2.540000 0.000000
0.000000 2.540000 0.000000
0.000000 -2.540000 0.000000
0.000000 -2.540000 0.000000
0.000000 -2.540000 0.000000
0.000000 -2.540000 0.000000
0.000000 -2.540000 0.000000
0.000000 -2.540000 0.000000
0.000000 2.540000 0.000000
0.000000 2.540000 0.000000
0.000000 2.540000 0.000000
0.000000 2.540000 0.000000
0.000000 2.540000 0.000000
0.000000 2.540000 0.000000
0.000000 2.540000 0.000000
0.000000 2.540000 0.000000
0.000000 2.540000 0.000000
0.000000 2.540000 0.000000
0.000000 2.540000 0.000000
0.000000 2.540000 0.000000
0.000000 -2.540000 0.000000
0.000000 -2.540000 0.000000
0.000000 -2.540000 0.000000
0.000000 -2.540000 0.000000
0.000000 -2.540000 0.000000
0.000000 -2.540000 0.000000
0.000000 -2.540000 0.000000
0.000000 -2.540000 0.000000
0.000000 -2.540000 0.000000
0.000000 -2.540000 0.000000
0.000000 -2.540000 0.000000
0.000000 -2.540000 0.000000
0.000000 2.540000 0.000000
0.000000 2.540000 0.000000
0.000000 2.540000 0.000000
0.000000 2.540000 0.000000
0.000000 2.540000 0.000000
0.000000 2.540000 0.000000
0.000000 -2.540000 0.000000
0.000000 -2.540000 0.000000
0.000000 -2.540000 0.000000
0.000000 -2.540000 0.000000
0.000000 -2.540000 0.000000
0.000000 -2.540000 0.000000
0.000000 -2.540000 0.000000
0.000000 -2.540000 0.000000
0.000000 -2.540000 0.000000
0.000000 -2.540000 0.000000
0.000000 -2.540000 0.000000
0.000000 -2.540000 0.000000
0.000000 2.540000 0.000000
0.000000 2.540000 0.000000
0.000000 2.540000 0.000000
0.000000 2.540000 0.000000
0.000000 2.540000 0.000000
0.000000 2.540000 0.000000
0.000000 -2.540000 0.000000
0.000000 -2.540000 0.000000
0.000000 -2.540000 0.000000
0.000000 -2.540000 0.000000
0.000000 -2.540000 0.000000
0.000000 -2.540000 0.000000
</float_array>
          <technique_common>
            <accessor source="#FBXASC227FBXASC130FBXASC189FBXASC227FBXASC131FBXASC170FBXASC227FBXASC131FBXASC131FBXASC227FBXASC131FBXASC1371-Normal0-array" count="3006" stride="3">
              <param name="X" type="float"/>
              <param name="Y" type="float"/>
              <param name="Z" type="float"/>
            </accessor>
          </technique_common>
        </source>
        <vertices id="FBXASC227FBXASC130FBXASC189FBXASC227FBXASC131FBXASC170FBXASC227FBXASC131FBXASC131FBXASC227FBXASC131FBXASC1371-VERTEX">
          <input semantic="POSITION" source="#FBXASC227FBXASC130FBXASC189FBXASC227FBXASC131FBXASC170FBXASC227FBXASC131FBXASC131FBXASC227FBXASC131FBXASC1371-POSITION"/>
        </vertices>
        <triangles count="1002" material="MaterialFBXASC032FBXASC03525">
          <input semantic="VERTEX" offset="0" source="#FBXASC227FBXASC130FBXASC189FBXASC227FBXASC131FBXASC170FBXASC227FBXASC131FBXASC131FBXASC227FBXASC131FBXASC1371-VERTEX"/>
          <input semantic="NORMAL" offset="1" source="#FBXASC227FBXASC130FBXASC189FBXASC227FBXASC131FBXASC170FBXASC227FBXASC131FBXASC131FBXASC227FBXASC131FBXASC1371-Normal0"/>
          <p> 180 0 59 1 57 2 243 3 134 4 145 5 1 6 119 7 134 8 57 9 212 10 180 11 65 12 225 13 236 14 5 15 39 16 199 17 122 18 379 19 82 20 198 21 196 22 186 23 180 24 212 25 189 26 30 27 119 28 1 29 257 30 256 31 65 32 65 33 240 34 134 35 57 36 252 37 199 38 199 39 55 40 5 41 92 42 383 43 258 44 162 45 133 46 8 47 8 48 104 49 308 50 65 51 106 52 225 53 199 54 39 55 2 56 190 57 383 58 223 59 20 60 183 61 134 62 57 63 124 64 208 65 236 66 229 67 230 68 5 69 115 70 114 71 65 72 310 73 106 74 401 75 200 76 104 77 112 78 192 79 190 80 347 81 199 82 2 83 237 84 219 85 80 86 32 87 180 88 174 89 1 90 172 91 13 92 274 93 157 94 396 95 448 96 116 97 284 98 193 99 450 100 118 101 434 102 220 103 302 104 162 105 171 106 133 107 92 108 258 109 249 110 426 111 46 112 439 113 237 114 3 115 219 116 274 117 396 118 386 119 247 120 134 121 243 122 247 123 137 124 177 125 5 126 239 127 180 128 255 129 180 130 110 131 444 132 124 133 57 134 134 135 183 136 454 137 440 138 310 139 65 140 442 141 199 142 347 143 57 144 208 145 212 146 134 147 119 148 20 149 196 150 138 151 186 152 71 153 122 154 82 155 91 156 262 157 134 158 97 159 252 160 57 161 205 162 236 163 230 164 5 165 426 166 115 167 382 168 268 169 277 170 95 171 197 172 147 173 411 174 417 175 449 176 140 177 12 178 202 179 70 180 417 181 207 182 202 183 337 184 436 185 366 186 2 187 39 188 200 189 140 190 104 191 70 192 112 193 190 194 225 195 106 196 191 197 127 198 408 199 445 200 217 201 74 202 446 203 71 204 74 205 395 206 138 207 10 208 127 209 417 210 301 211 81 212 150 213 202 214 304 215 311 216 435 217 167 218 267 219 131 220 451 221 212 222 28 223 250 224 234 225 404 226 155 227 386 228 186 229 155 230 82 231 3 232 28 233 137 234 289 235 177 236 5 237 103 238 239 239 1 240 13 241 30 242 30 243 405 244 274 245 245 246 189 247 237 248 180 249 189 250 174 251 303 252 127 253 315 254 74 255 163 256 64 257 238 258 385 259 193 260 307 261 116 262 448 263 193 264 385 265 450 266 307 267 275 268 116 269 33 270 180 271 32 272 1 273 228 274 172 275 382 276 277 277 443 278 147 279 197 280 458 281 177 282 257 283 65 284 35 285 177 286 288 287 139 288 432 289 286 290 56 291 142 292 5 293 172 294 228 295 457 296 33 297 32 298 461 299 372 300 43 301 94 302 235 303 213 304 206 305 381 306 40 307 89 308 231 309 195 310 215 311 308 312 389 313 39 314 236 315 225 316 229 317 114 318 39 319 5 320 346 321 223 322 225 323 89 324 40 325 200 326 231 327 215 328 112 329 93 330 279 331 130 332 227 333 354 334 66 335 358 336 266 337 77 338 42 339 156 340 312 341 235 342 206 343 122 344 94 345 43 346 196 347 99 348 26 349 44 350 272 351 281 352 182 353 443 354 277 355 125 356 147 357 458 358 283 359 175 360 236 361 205 362 5 363 46 364 426 365 86 366 51 367 305 368 242 369 111 370 334 371 448 372 49 373 307 374 330 375 453 376 241 377 241 378 453 379 285 380 118 381 450 382 350 383 228 384 367 385 457 386 117 387 85 388 42 389 461 390 368 391 33 392 300 393 294 394 266 395 443 396 15 397 382 398 460 399 15 400 443 401 459 402 96 403 324 404 362 405 458 406 197 407 267 408 451 409 292 410 327 411 108 412 455 413 126 414 84 415 435 416 441 417 326 418 154 419 449 420 309 421 411 422 202 423 436 424 304 425 447 426 102 427 159 428 329 429 322 430 452 431 109 432 184 433 76 434 68 435 291 436 313 437 5 438 55 439 56 440 199 441 7 442 55 443 55 444 123 445 144 446 264 447 261 448 65 449 134 450 454 451 0 452 57 453 269 454 444 455 433 456 254 457 260 458 148 459 58 460 247 461 255 462 59 463 180 464 57 465 59 466 21 467 136 468 59 469 60 470 265 471 134 472 263 473 437 474 98 475 14 476 437 477 14 478 450 479 444 480 269 481 370 482 0 483 454 484 371 485 4 486 442 487 374 488 440 489 246 490 369 491 445 492 185 493 441 494 446 495 455 496 18 497 446 498 278 499 217 500 431 501 445 502 408 503 4 504 199 505 442 506 65 507 246 508 440 509 128 510 279 511 93 512 319 513 281 514 456 515 438 516 132 517 331 518 227 519 66 520 293 521 228 522 295 523 367 524 67 525 33 526 368 527 297 528 175 529 380 530 46 531 54 532 373 533 46 534 373 535 439 536 175 537 205 538 434 539 296 540 31 541 267 542 120 543 69 544 181 545 168 546 394 547 70 548 191 549 421 550 244 551 101 552 399 553 298 554 24 555 140 556 187 557 397 558 201 559 71 560 248 561 392 562 398 563 6 564 420 565 233 566 226 567 138 568 393 569 349 570 455 571 27 572 441 573 72 574 251 575 383 576 361 577 258 578 8 579 133 580 73 581 454 582 419 583 259 584 248 585 403 586 392 587 71 588 201 589 413 590 444 591 424 592 124 593 442 594 422 595 202 596 70 597 394 598 75 599 347 600 2 601 376 602 440 603 430 604 310 605 313 606 291 607 48 608 109 609 76 610 203 611 98 612 332 613 14 614 285 615 161 616 241 617 317 618 457 619 367 620 461 621 79 622 314 623 461 624 391 625 79 626 174 627 193 628 232 629 275 630 406 631 116 632 172 633 457 634 306 635 245 636 237 637 80 638 238 639 193 640 174 641 13 642 406 643 275 644 274 645 405 646 157 647 417 648 81 649 449 650 304 651 436 652 166 653 407 654 28 655 212 656 119 657 404 658 234 659 186 660 138 661 226 662 343 663 71 664 82 665 434 666 423 667 220 668 83 669 439 670 11 671 359 672 230 673 147 674 115 675 129 676 277 677 251 678 271 679 52 680 27 681 348 682 84 683 117 684 188 685 85 686 50 687 294 688 300 689 86 690 460 691 173 692 459 693 47 694 242 695 434 696 380 697 175 698 179 699 439 700 373 701 242 702 334 703 270 704 173 705 51 706 86 707 112 708 345 709 192 710 363 711 200 712 401 713 3 714 342 715 219 716 386 717 396 718 90 719 240 720 91 721 134 722 199 723 252 724 7 725 225 726 223 727 357 728 249 729 229 730 92 731 447 732 19 733 93 734 356 735 452 736 227 737 338 738 196 739 198 740 122 741 339 742 379 743 336 744 229 745 249 746 147 747 230 748 95 749 460 750 321 751 341 752 459 753 204 754 96 755 134 756 262 757 290 758 57 759 21 760 97 761 241 762 77 763 266 764 42 765 312 766 98 767 246 768 272 769 369 770 99 771 4 772 374 773 437 774 214 775 100 776 323 777 325 778 453 779 101 780 75 781 394 782 202 783 422 784 178 785 452 786 322 787 428 788 447 789 160 790 102 791 177 792 289 793 29 794 253 795 103 796 5 797 344 798 70 799 190 800 104 801 140 802 24 803 299 804 440 805 369 806 442 807 202 808 150 809 421 810 384 811 244 812 399 813 378 814 298 815 74 816 444 817 163 818 371 819 454 820 318 821 441 822 320 823 326 824 455 825 108 826 429 827 297 828 184 829 109 830 54 831 291 832 68 833 243 834 287 835 247 836 433 837 17 838 110 839 203 840 111 841 242 842 158 843 48 844 305 845 86 846 305 847 48 848 203 849 353 850 111 851 207 852 340 853 70 854 414 855 140 856 200 857 420 858 194 859 233 860 398 861 113 862 248 863 114 864 22 865 162 866 225 867 357 868 229 869 9 870 39 871 114 872 162 873 92 874 114 875 268 876 95 877 115 878 230 879 229 880 336 881 115 882 277 883 268 884 114 885 115 886 22 887 306 888 457 889 276 890 193 891 116 892 232 893 67 894 188 895 117 896 295 897 294 898 50 899 314 900 79 901 118 902 284 903 276 904 36 905 226 906 393 907 400 908 212 909 208 910 6 911 296 912 0 913 371 914 269 915 120 916 370 917 121 918 310 919 430 920 376 921 23 922 347 923 395 924 375 925 71 926 377 927 10 928 138 929 55 930 7 931 123 932 261 933 240 934 65 935 113 936 410 937 201 938 20 939 25 940 183 941 125 942 11 943 45 944 302 945 220 946 283 947 292 948 271 949 251 950 27 951 84 952 126 953 419 954 424 955 259 956 403 957 413 958 201 959 293 960 456 961 281 962 44 963 132 964 438 965 205 966 230 967 359 968 115 969 426 970 129 971 93 972 130 973 280 974 53 975 354 976 227 977 181 978 69 979 311 980 267 981 31 982 131 983 182 984 281 985 319 986 44 987 26 988 132 989 133 990 171 991 34 992 249 993 258 994 387 995 134 996 57 997 65 998 170 999 134 1000 0 1001 415 1002 46 1003 5 1004 135 1005 236 1006 175 1007 21 1008 59 1009 136 1010 263 1011 134 1012 290 1013 58 1014 137 1015 247 1016 180 1017 239 1018 254 1019 393 1020 138 1021 233 1022 397 1023 71 1024 248 1025 253 1026 432 1027 139 1028 288 1029 177 1030 29 1031 187 1032 140 1033 70 1034 168 1035 70 1036 140 1037 231 1038 409 1039 335 1040 89 1041 195 1042 381 1043 286 1044 432 1045 142 1046 257 1047 177 1048 35 1049 43 1050 372 1051 412 1052 235 1053 224 1054 213 1055 56 1056 55 1057 144 1058 256 1059 264 1060 65 1061 60 1062 59 1063 255 1064 145 1065 134 1066 265 1067 146 1068 199 1069 4 1070 364 1071 246 1072 65 1073 129 1074 147 1075 277 1076 11 1077 220 1078 83 1079 433 1080 260 1081 17 1082 287 1083 148 1084 247 1085 149 1086 180 1087 33 1088 416 1089 228 1090 1 1091 63 1092 211 1093 301 1094 417 1095 440 1096 301 1097 151 1098 321 1099 460 1100 324 1101 47 1102 459 1103 437 1104 100 1105 152 1106 323 1107 453 1108 330 1109 390 1110 385 1111 307 1112 342 1113 396 1114 219 1115 154 1116 72 1117 441 1118 327 1119 455 1120 349 1121 237 1122 30 1123 274 1124 28 1125 155 1126 250 1127 42 1128 85 1129 156 1130 300 1131 266 1132 358 1133 80 1134 157 1135 245 1136 238 1137 13 1138 275 1139 313 1140 48 1141 158 1142 203 1143 76 1144 353 1145 329 1146 452 1147 356 1148 159 1149 19 1150 447 1151 273 1152 337 1153 309 1154 160 1155 428 1156 102 1157 241 1158 161 1159 77 1160 98 1161 312 1162 332 1163 308 1164 9 1165 223 1166 39 1167 9 1168 308 1169 454 1170 127 1171 303 1172 163 1173 222 1174 62 1175 164 1176 348 1177 27 1178 251 1179 52 1180 282 1181 448 1182 285 1183 453 1184 350 1185 450 1186 14 1187 166 1188 436 1189 280 1190 449 1191 452 1192 41 1193 167 1194 435 1195 84 1196 451 1197 271 1198 292 1199 399 1200 106 1201 378 1202 106 1203 310 1204 378 1205 127 1206 445 1207 315 1208 74 1209 64 1210 446 1211 365 1212 269 1213 57 1214 170 1215 57 1216 134 1217 162 1218 22 1219 171 1220 336 1221 249 1222 171 1223 391 1224 172 1225 306 1226 232 1227 116 1228 406 1229 458 1230 362 1231 459 1232 443 1233 173 1234 460 1235 174 1236 13 1237 238 1238 245 1239 157 1240 405 1241 175 1242 54 1243 46 1244 46 1245 175 1246 373 1247 46 1248 380 1249 175 1250 175 1251 46 1252 135 1253 438 1254 331 1255 279 1256 293 1257 66 1258 456 1259 236 1260 1 1261 177 1262 236 1263 177 1264 65 1265 417 1266 202 1267 178 1268 178 1269 440 1270 417 1271 179 1272 87 1273 218 1274 380 1275 434 1276 316 1277 180 1278 149 1279 1 1280 31 1281 181 1282 131 1283 181 1284 31 1285 107 1286 371 1287 0 1288 370 1289 269 1290 371 1291 370 1292 26 1293 182 1294 132 1295 369 1296 374 1297 246 1298 299 1299 182 1300 26 1301 374 1302 369 1303 4 1304 419 1305 124 1306 424 1307 25 1308 410 1309 183 1310 184 1311 68 1312 76 1313 373 1314 175 1315 380 1316 373 1317 380 1318 46 1319 68 1320 184 1321 179 1322 18 1323 278 1324 446 1325 441 1326 185 1327 320 1328 407 1329 212 1330 234 1331 82 1332 186 1333 343 1334 384 1335 421 1336 2 1337 366 1338 384 1339 2 1340 33 1341 367 1342 368 1343 85 1344 188 1345 50 1346 367 1347 228 1348 368 1349 188 1350 78 1351 50 1352 189 1353 30 1354 237 1355 250 1356 155 1357 404 1358 389 1359 346 1360 39 1361 24 1362 190 1363 104 1364 366 1365 39 1366 191 1367 344 1368 190 1369 24 1370 401 1371 192 1372 363 1373 361 1374 383 1375 8 1376 79 1377 276 1378 193 1379 118 1380 79 1381 193 1382 400 1383 194 1384 20 1385 194 1386 420 1387 20 1388 231 1389 335 1390 195 1391 402 1392 38 1393 195 1394 43 1395 122 1396 196 1397 377 1398 375 1399 10 1400 34 1401 387 1402 133 1403 197 1404 382 1405 362 1406 198 1407 379 1408 338 1409 90 1410 3 1411 386 1412 57 1413 199 1414 65 1415 364 1416 65 1417 199 1418 340 1419 414 1420 200 1421 40 1422 112 1423 200 1424 392 1425 403 1426 201 1427 410 1428 25 1429 201 1430 425 1431 75 1432 101 1433 140 1434 425 1435 101 1436 109 1437 203 1438 48 1439 203 1440 86 1441 48 1442 382 1443 15 1444 362 1445 96 1446 204 1447 341 1448 220 1449 423 1450 83 1451 426 1452 205 1453 129 1454 338 1455 379 1456 339 1457 372 1458 94 1459 206 1460 309 1461 337 1462 411 1463 12 1464 340 1465 207 1466 398 1467 208 1468 113 1469 208 1470 410 1471 113 1472 368 1473 461 1474 78 1475 209 1476 216 1477 78 1478 210 1479 444 1480 74 1481 210 1482 74 1483 259 1484 374 1485 442 1486 105 1487 105 1488 211 1489 63 1490 6 1491 400 1492 212 1493 234 1494 212 1495 119 1496 37 1497 360 1498 143 1499 213 1500 372 1501 206 1502 49 1503 390 1504 307 1505 100 1506 214 1507 388 1508 363 1509 192 1510 345 1511 215 1512 195 1513 89 1514 216 1515 209 1516 36 1517 276 1518 457 1519 36 1520 278 1521 408 1522 217 1523 10 1524 375 1525 395 1526 45 1527 218 1528 87 1529 11 1530 439 1531 45 1532 16 1533 153 1534 219 1535 80 1536 219 1537 153 1538 283 1539 220 1540 147 1541 147 1542 220 1543 11 1544 40 1545 381 1546 409 1547 221 1548 38 1549 141 1550 444 1551 370 1552 107 1553 107 1554 62 1555 222 1556 223 1557 383 1558 92 1559 223 1560 92 1561 162 1562 235 1563 412 1564 224 1565 143 1566 360 1567 418 1568 191 1569 39 1570 225 1571 346 1572 225 1573 39 1574 6 1575 226 1576 400 1577 343 1578 186 1579 226 1580 93 1581 227 1582 128 1583 93 1584 19 1585 227 1586 149 1587 33 1588 228 1589 228 1590 367 1591 33 1592 368 1593 228 1594 33 1595 228 1596 33 1597 295 1598 9 1599 114 1600 229 1601 92 1602 229 1603 114 1604 95 1605 230 1606 115 1607 22 1608 115 1609 230 1610 40 1611 409 1612 231 1613 231 1614 112 1615 40 1616 232 1617 406 1618 32 1619 174 1620 232 1621 32 1622 233 1623 138 1624 71 1625 343 1626 233 1627 71 1628 234 1629 155 1630 186 1631 82 1632 234 1633 186 1634 43 1635 412 1636 235 1637 235 1638 122 1639 43 1640 236 1641 135 1642 5 1643 237 1644 274 1645 28 1646 28 1647 3 1648 237 1649 80 1650 153 1651 238 1652 238 1653 275 1654 80 1655 58 1656 239 1657 137 1658 239 1659 103 1660 137 1661 7 1662 240 1663 123 1664 240 1665 7 1666 91 1667 98 1668 241 1669 42 1670 330 1671 241 1672 98 1673 242 1674 86 1675 203 1676 328 1677 86 1678 242 1679 17 1680 243 1681 110 1682 145 1683 110 1684 243 1685 244 1686 187 1687 70 1688 344 1689 244 1690 70 1691 245 1692 405 1693 174 1694 174 1695 189 1696 245 1697 374 1698 4 1699 246 1700 4 1701 246 1702 146 1703 272 1704 246 1705 4 1706 369 1707 246 1708 4 1709 1 1710 134 1711 247 1712 1 1713 247 1714 177 1715 138 1716 403 1717 248 1718 248 1719 71 1720 138 1721 95 1722 171 1723 249 1724 249 1725 387 1726 95 1727 212 1728 250 1729 189 1730 250 1731 404 1732 189 1733 72 1734 27 1735 251 1736 292 1737 251 1738 27 1739 252 1740 97 1741 91 1742 7 1743 252 1744 91 1745 253 1746 139 1747 29 1748 103 1749 253 1750 29 1751 254 1752 239 1753 58 1754 254 1755 58 1756 260 1757 60 1758 255 1759 145 1760 255 1761 110 1762 145 1763 56 1764 256 1765 142 1766 264 1767 256 1768 56 1769 256 1770 257 1771 142 1772 257 1773 35 1774 142 1775 133 1776 258 1777 73 1778 387 1779 258 1780 133 1781 454 1782 259 1783 127 1784 259 1785 74 1786 127 1787 260 1788 148 1789 17 1790 58 1791 148 1792 260 1793 123 1794 261 1795 144 1796 240 1797 261 1798 123 1799 21 1800 262 1801 97 1802 91 1803 97 1804 262 1805 136 1806 263 1807 21 1808 265 1809 263 1810 136 1811 144 1812 264 1813 56 1814 261 1815 264 1816 144 1817 60 1818 265 1819 136 1820 265 1821 60 1822 145 1823 117 1824 42 1825 266 1826 241 1827 266 1828 42 1829 296 1830 267 1831 69 1832 69 1833 267 1834 126 1835 268 1836 171 1837 95 1838 34 1839 171 1840 268 1841 120 1842 269 1843 0 1844 370 1845 0 1846 269 1847 269 1848 365 1849 0 1850 0 1851 371 1852 269 1853 88 1854 270 1855 173 1856 51 1857 173 1858 270 1859 271 1860 84 1861 52 1862 84 1863 271 1864 167 1865 99 1866 272 1867 4 1868 44 1869 272 1870 99 1871 436 1872 427 1873 447 1874 273 1875 309 1876 427 1877 386 1878 155 1879 274 1880 28 1881 274 1882 155 1883 16 1884 157 1885 275 1886 80 1887 275 1888 157 1889 116 1890 276 1891 284 1892 193 1893 276 1894 116 1895 277 1896 11 1897 125 1898 277 1899 147 1900 11 1901 431 1902 408 1903 278 1904 18 1905 185 1906 278 1907 130 1908 279 1909 66 1910 331 1911 66 1912 279 1913 280 1914 53 1915 166 1916 130 1917 53 1918 280 1919 293 1920 281 1921 44 1922 281 1923 272 1924 44 1925 282 1926 164 1927 169 1928 282 1929 52 1930 164 1931 88 1932 125 1933 283 1934 302 1935 283 1936 125 1937 165 1938 284 1939 118 1940 284 1941 36 1942 118 1943 165 1944 14 1945 285 1946 161 1947 285 1948 14 1949 286 1950 35 1951 139 1952 142 1953 35 1954 286 1955 287 1956 243 1957 17 1958 148 1959 287 1960 17 1961 29 1962 139 1963 288 1964 35 1965 288 1966 139 1967 137 1968 103 1969 289 1970 289 1971 103 1972 29 1973 290 1974 262 1975 21 1976 263 1977 290 1978 21 1979 109 1980 291 1981 297 1982 109 1983 48 1984 291 1985 126 1986 292 1987 27 1988 267 1989 292 1990 126 1991 128 1992 293 1993 44 1994 227 1995 293 1996 128 1997 67 1998 117 1999 294 2000 294 2001 117 2002 266 2003 295 2004 67 2005 294 2006 33 2007 67 2008 295 2009 296 2010 120 2011 0 2012 120 2013 296 2014 69 2015 297 2016 54 2017 175 2018 291 2019 54 2020 297 2021 101 2022 298 2023 140 2024 298 2025 168 2026 140 2027 105 2028 299 2029 26 2030 299 2031 105 2032 63 2033 300 2034 85 2035 50 2036 85 2037 300 2038 156 2039 301 2040 150 2041 81 2042 211 2043 150 2044 301 2045 45 2046 302 2047 125 2048 302 2049 45 2050 87 2051 303 2052 163 2053 62 2054 163 2055 303 2056 64 2057 150 2058 304 2059 81 2060 333 2061 81 2062 304 2063 111 2064 305 2065 334 2066 305 2067 111 2068 158 2069 79 2070 306 2071 276 2072 391 2073 306 2074 79 2075 153 2076 16 2077 307 2078 16 2079 275 2080 307 2081 8 2082 308 2083 162 2084 308 2085 223 2086 162 2087 309 2088 41 2089 427 2090 41 2091 309 2092 449 2093 378 2094 310 2095 23 2096 347 2097 23 2098 310 2099 311 2100 167 2101 131 2102 181 2103 311 2104 131 2105 332 2106 312 2107 77 2108 156 2109 77 2110 312 2111 68 2112 313 2113 76 2114 313 2115 158 2116 76 2117 209 2118 314 2119 36 2120 118 2121 36 2122 314 2123 303 2124 315 2125 64 2126 169 2127 64 2128 315 2129 316 2130 87 2131 179 2132 184 2133 316 2134 179 2135 216 2136 317 2137 78 2138 50 2139 78 2140 317 2141 31 2142 318 2143 107 2144 318 2145 62 2146 107 2147 182 2148 319 2149 132 2150 319 2151 176 2152 132 2153 320 2154 429 2155 326 2156 185 2157 18 2158 320 2159 324 2160 96 2161 321 2162 321 2163 96 2164 341 2165 102 2166 322 2167 159 2168 428 2169 322 2170 102 2171 152 2172 323 2173 61 2174 323 2175 152 2176 325 2177 151 2178 324 2179 321 2180 324 2181 151 2182 47 2183 152 2184 100 2185 325 2186 325 2187 100 2188 388 2189 326 2190 108 2191 154 2192 429 2193 108 2194 326 2195 154 2196 327 2197 72 2198 108 2199 327 2200 154 2201 47 2202 328 2203 242 2204 151 2205 328 2206 47 2207 159 2208 329 2209 19 2210 322 2211 329 2212 159 2213 61 2214 330 2215 98 2216 323 2217 330 2218 61 2219 176 2220 66 2221 331 2222 132 2223 176 2224 331 2225 161 2226 332 2227 77 2228 332 2229 161 2230 14 2231 166 2232 333 2233 304 2234 53 2235 333 2236 166 2237 305 2238 51 2239 334 2240 334 2241 51 2242 270 2243 221 2244 141 2245 335 2246 195 2247 335 2248 402 2249 336 2250 22 2251 230 2252 22 2253 336 2254 171 2255 207 2256 337 2257 12 2258 12 2259 337 2260 202 2261 339 2262 94 2263 338 2264 94 2265 196 2266 338 2267 206 2268 94 2269 339 2270 122 2271 206 2272 339 2273 112 2274 340 2275 200 2276 70 2277 340 2278 112 2279 341 2280 204 2281 15 2282 460 2283 341 2284 15 2285 90 2286 396 2287 342 2288 342 2289 3 2290 90 2291 343 2292 226 2293 6 2294 6 2295 233 2296 343 2297 191 2298 244 2299 344 2300 24 2301 191 2302 344 2303 215 2304 89 2305 345 2306 112 2307 215 2308 345 2309 389 2310 190 2311 346 2312 190 2313 223 2314 346 2315 347 2316 310 2317 121 2318 347 2319 121 2320 442 2321 84 2322 348 2323 52 2324 164 2325 52 2326 348 2327 349 2328 27 2329 72 2330 327 2331 349 2332 72 2333 350 2334 14 2335 165 2336 350 2337 165 2338 118 2339 351 2340 88 2341 173 2342 351 2343 125 2344 88 2345 352 2346 64 2347 169 2348 164 2349 352 2350 169 2351 76 2352 158 2353 353 2354 111 2355 353 2356 158 2357 354 2358 130 2359 66 2360 354 2361 53 2362 130 2363 271 2364 355 2365 167 2366 131 2367 167 2368 355 2369 227 2370 19 2371 356 2372 329 2373 356 2374 19 2375 223 2376 9 2377 357 2378 357 2379 9 2380 229 2381 300 2382 358 2383 156 2384 358 2385 77 2386 156 2387 359 2388 147 2389 129 2390 205 2391 359 2392 129 2393 213 2394 224 2395 360 2396 360 2397 37 2398 213 2399 73 2400 361 2401 8 2402 258 2403 361 2404 73 2405 459 2406 362 2407 204 2408 204 2409 362 2410 15 2411 89 2412 200 2413 363 2414 345 2415 89 2416 363 2417 246 2418 364 2419 146 2420 146 2421 364 2422 199 2423 170 2424 365 2425 57 2426 0 2427 365 2428 170 2429 24 2430 187 2431 366 2432 366 2433 191 2434 24 2435 367 2436 295 2437 50 2438 367 2439 50 2440 317 2441 368 2442 78 2443 188 2444 67 2445 368 2446 188 2447 369 2448 272 2449 182 2450 369 2451 182 2452 299 2453 370 2454 120 2455 181 2456 370 2457 181 2458 107 2459 371 2460 318 2461 31 2462 296 2463 371 2464 31 2465 213 2466 37 2467 372 2468 412 2469 372 2470 37 2471 373 2472 68 2473 179 2474 373 2475 54 2476 68 2477 374 2478 105 2479 26 2480 99 2481 374 2482 26 2483 71 2484 375 2485 122 2486 377 2487 122 2488 375 2489 376 2490 101 2491 23 2492 376 2493 399 2494 101 2495 196 2496 122 2497 377 2498 377 2499 138 2500 196 2501 378 2502 23 2503 168 2504 298 2505 378 2506 168 2507 82 2508 379 2509 3 2510 198 2511 3 2512 379 2513 380 2514 316 2515 184 2516 297 2517 380 2518 184 2519 409 2520 381 2521 38 2522 195 2523 38 2524 381 2525 34 2526 268 2527 382 2528 34 2529 382 2530 197 2531 383 2532 192 2533 8 2534 190 2535 192 2536 383 2537 366 2538 187 2539 384 2540 244 2541 384 2542 187 2543 385 2544 153 2545 307 2546 238 2547 153 2548 385 2549 198 2550 186 2551 386 2552 386 2553 3 2554 198 2555 95 2556 387 2557 197 2558 387 2559 34 2560 197 2561 388 2562 214 2563 49 2564 453 2565 49 2566 448 2567 308 2568 104 2569 389 2570 104 2571 190 2572 389 2573 49 2574 214 2575 390 2576 437 2577 390 2578 214 2579 32 2580 172 2581 391 2582 461 2583 32 2584 391 2585 398 2586 392 2587 25 2588 201 2589 25 2590 392 2591 400 2592 393 2593 194 2594 233 2595 194 2596 393 2597 168 2598 23 2599 394 2600 101 2601 394 2602 23 2603 395 2604 74 2605 217 2606 10 2607 395 2608 217 2609 396 2610 157 2611 16 2612 219 2613 396 2614 16 2615 113 2616 201 2617 397 2618 248 2619 113 2620 397 2621 20 2622 208 2623 398 2624 398 2625 25 2626 20 2627 376 2628 2 2629 399 2630 2 2631 106 2632 399 2633 400 2634 20 2635 119 2636 212 2637 400 2638 119 2639 401 2640 104 2641 8 2642 192 2643 401 2644 8 2645 402 2646 335 2647 141 2648 38 2649 402 2650 141 2651 138 2652 127 2653 403 2654 403 2655 127 2656 413 2657 189 2658 404 2659 30 2660 404 2661 119 2662 30 2663 174 2664 405 2665 13 2666 30 2667 13 2668 405 2669 32 2670 406 2671 172 2672 13 2673 172 2674 406 2675 82 2676 28 2677 407 2678 407 2679 234 2680 82 2681 10 2682 408 2683 127 2684 408 2685 10 2686 217 2687 409 2688 38 2689 221 2690 409 2691 221 2692 335 2693 183 2694 410 2695 124 2696 208 2697 124 2698 410 2699 207 2700 417 2701 411 2702 411 2703 337 2704 207 2705 224 2706 412 2707 143 2708 412 2709 37 2710 143 2711 127 2712 74 2713 413 2714 71 2715 413 2716 74 2717 414 2718 12 2719 140 2720 414 2721 340 2722 12 2723 135 2724 46 2725 415 2726 5 2727 135 2728 415 2729 416 2730 149 2731 228 2732 1 2733 149 2734 416 2735 202 2736 417 2737 75 2738 70 2739 75 2740 417 2741 360 2742 224 2743 418 2744 418 2745 224 2746 143 2747 183 2748 124 2749 419 2750 183 2751 419 2752 454 2753 6 2754 208 2755 420 2756 20 2757 420 2758 208 2759 191 2760 106 2761 421 2762 2 2763 421 2764 106 2765 442 2766 121 2767 422 2768 178 2769 422 2770 121 2771 434 2772 205 2773 423 2774 83 2775 423 2776 205 2777 259 2778 424 2779 210 2780 424 2781 444 2782 210 2783 140 2784 202 2785 425 2786 425 2787 202 2788 75 2789 426 2790 439 2791 83 2792 426 2793 83 2794 205 2795 427 2796 41 2797 160 2798 447 2799 427 2800 160 2801 41 2802 452 2803 428 2804 41 2805 428 2806 160 2807 18 2808 455 2809 429 2810 18 2811 429 2812 320 2813 430 2814 178 2815 121 2816 430 2817 440 2818 178 2819 185 2820 431 2821 278 2822 445 2823 431 2824 185 2825 142 2826 432 2827 5 2828 5 2829 432 2830 253 2831 433 2832 110 2833 180 2834 180 2835 254 2836 433 2837 316 2838 434 2839 87 2840 434 2841 302 2842 87 2843 126 2844 435 2845 69 2846 311 2847 69 2848 435 2849 273 2850 436 2851 337 2852 436 2853 273 2854 427 2855 152 2856 61 2857 437 2858 437 2859 61 2860 98 2861 44 2862 438 2863 128 2864 438 2865 279 2866 128 2867 218 2868 439 2869 179 2870 45 2871 439 2872 218 2873 63 2874 440 2875 299 2876 301 2877 440 2878 63 2879 441 2880 251 2881 282 2882 441 2883 282 2884 445 2885 105 2886 442 2887 211 2888 442 2889 150 2890 211 2891 443 2892 125 2893 351 2894 443 2895 351 2896 173 2897 163 2898 444 2899 222 2900 222 2901 444 2902 107 2903 315 2904 445 2905 169 2906 169 2907 445 2908 282 2909 446 2910 64 2911 352 2912 446 2913 352 2914 164 2915 447 2916 93 2917 280 2918 447 2919 280 2920 436 2921 448 2922 284 2923 165 2924 448 2925 165 2926 285 2927 449 2928 81 2929 333 2930 449 2931 333 2932 53 2933 450 2934 390 2935 437 2936 390 2937 450 2938 385 2939 451 2940 131 2941 355 2942 451 2943 355 2944 271 2945 227 2946 452 2947 53 2948 53 2949 452 2950 449 2951 453 2952 325 2953 388 2954 453 2955 388 2956 49 2957 318 2958 454 2959 62 2960 454 2961 303 2962 62 2963 27 2964 455 2965 164 2966 164 2967 455 2968 446 2969 319 2970 456 2971 176 2972 176 2973 456 2974 66 2975 36 2976 457 2977 216 2978 216 2979 457 2980 317 2981 283 2982 458 2983 88 2984 88 2985 458 2986 270 2987 459 2988 270 2989 458 2990 459 2991 242 2992 270 2993 151 2994 460 2995 328 2996 328 2997 460 2998 86 2999 78 3000 461 3001 209 3002 461 3003 314 3004 209 3005</p>
        </triangles>
      </mesh>
    </geometry>
  </library_geometries>
  <library_visual_scenes>
    <visual_scene id="leg_thigh_link_dummy" name="leg_thigh_link_dummy">
      <node name="FBXASC227FBXASC130FBXASC189FBXASC227FBXASC131FBXASC170FBXASC227FBXASC131FBXASC131FBXASC227FBXASC131FBXASC1371" id="FBXASC227FBXASC130FBXASC189FBXASC227FBXASC131FBXASC170FBXASC227FBXASC131FBXASC131FBXASC227FBXASC131FBXASC1371" sid="FBXASC227FBXASC130FBXASC189FBXASC227FBXASC131FBXASC170FBXASC227FBXASC131FBXASC131FBXASC227FBXASC131FBXASC1371">
        <matrix sid="matrix">25.4 0 0 -0 0 -25.4 -8e-06 0 0 8e-06 -25.4 0.12 0 0 0 1</matrix>
        <instance_geometry url="#FBXASC227FBXASC130FBXASC189FBXASC227FBXASC131FBXASC170FBXASC227FBXASC131FBXASC131FBXASC227FBXASC131FBXASC1371-lib">
          <bind_material>
            <technique_common>
              <instance_material symbol="MaterialFBXASC032FBXASC03525" target="#MaterialFBXASC032FBXASC03525"/>
            </technique_common>
          </bind_material>
        </instance_geometry>
        <extra>
          <technique profile="FCOLLADA">
            <visibility>1.000000</visibility>
          </technique>
        </extra>
      </node>
      <extra>
        <technique profile="MAX3D">
          <frame_rate>30.000000</frame_rate>
        </technique>
        <technique profile="FCOLLADA">
          <start_time>0.000000</start_time>
          <end_time>3.333333</end_time>
        </technique>
      </extra>
    </visual_scene>
  </library_visual_scenes>
  <scene>
    <instance_visual_scene url="#leg_thigh_link_dummy"/>
  </scene>
</COLLADA>