<?xml version='1.0' encoding='UTF-8'?>
<COLLADA xmlns="http://www.collada.org/2005/11/COLLADASchema" version="1.4.1">
  <asset>
    <contributor>
      <author/>
      <authoring_tool>FBX COLLADA exporter</authoring_tool>
      <comments/>
    </contributor>
    <created>2026-08-14T10:54:38Z</created>
    <keywords/>
    <modified>2026-08-14T10:54:38Z</modified>
    <revision/>
    <subject/>
    <title/>
    <unit meter="1.0" name="meter"/>
    <up_axis>Z_UP</up_axis>
  </asset>
  <library_materials>
    <material id="MaterialFBXASC032FBXASC03525" name="MaterialFBXASC032FBXASC03525">
      <instance_effect url="#MaterialFBXASC032FBXASC03525-fx"/>
    </material>
    <material id="MaterialFBXASC032FBXASC03526" name="MaterialFBXASC032FBXASC03526">
      <instance_effect url="#MaterialFBXASC032FBXASC03526-fx"/>
    </material>
  </library_materials>
  <library_effects>
    <effect id="MaterialFBXASC032FBXASC03525-fx" name="MaterialFBXASC032FBXASC03525">
      <profile_COMMON>
        <technique sid="standard">
          <phong>
            <emission>
              <color sid="emission">0.000000  0.000000 0.000000 1.000000</color>
            </emission>
            <ambient>
              <color sid="ambient">0.270588  0.270588 0.270588 1.000000</color>
            </ambient>
            <diffuse>
              <color sid="diffuse">0.270588  0.270588 0.270588 1.000000</color>
            </diffuse>
            <specular>
              <color sid="specular">0.000000  0.000000 0.000000 1.000000</color>
            </specular>
            <shininess>
              <float sid="shininess">1.000000</float>
            </shininess>
            <transparency>
              <float sid="transparency">0.000000</float>
            </transparency>
          </phong>
        </technique>
      </profile_COMMON>
    </effect>
    <effect id="MaterialFBXASC032FBXASC03526-fx" name="MaterialFBXASC032FBXASC03526">
      <profile_COMMON>
        <technique sid="standard">
          <phong>
            <emission>
              <color sid="emission">0.000000  0.000000 0.000000 1.000000</color>
            </emission>
            <ambient>
              <color sid="ambient">0.749020  0.749020 0.749020 1.000000</color>
            </ambient>
            <diffuse>
              <color sid="diffuse">0.749020  0.749020 0.749020 1.000000</color>
            </diffuse>
            <specular>
              <color sid="specular">0.000000  0.000000 0.000000 1.000000</color>
            </specular>
            <shininess>
              <float sid="shininess">1.000000</float>
            </shininess>
            <transparency>
              <float sid="transparency">0.000000</float>
            </transparency>
          </phong>
        </technique>
      </profile_COMMON>
    </effect>
  </library_effects>
  <library_geometries>
    <geometry id="FBXASC227FBXASC130FBXASC189FBXASC227FBXASC131FBXASC170FBXASC227FBXASC131FBXASC131FBXASC227FBXASC131FBXASC1371-lib" name="FBXASC227FBXASC130FBXASC189FBXASC227FBXASC131FBXASC170FBXASC227FBXASC131FBXASC131FBXASC227FBXASC131FBXASC1371Mesh">
      <mesh>
        <source id="FBXASC227FBXASC130FBXASC189FBXASC227FBXASC131FBXASC170FBXASC227FBXASC131FBXASC131FBXASC227FBXASC131FBXASC1371-POSITION">
          <float_array id="FBXASC227FBXASC130FBXASC189FBXASC227FBXASC131FBXASC170FBXASC227FBXASC131FBXASC131FBXASC227FBXASC131FBXASC1371-POSITION-array" count="1377">0.000740226 0.000165805 -0.000748031 0.001124641 -0.001255722 -0.000671306 0.001386575 0.001614173 0.000840873 -0.000369324 0.000590551 0.000226164 0.001685819 -0.000590551 0.001252748 0.000772088 -0.001893885 0.000173362 -0.000642878 -0.001968504 -0.000369369 0.001062992 0.001181102 -0.000252866 -0.000350362 0.001968504 0.000254553 0.001664623 0.000590551 0.001386575 0.001118922 -0.001614173 0.001664623 -0.000243241 -0.001417323 0.000748889 -0.000511811 -0.000590551 0 0.000902387 -0.000590551 0.000998196 -0.00019685 0.000811787 -0.000626512 0.000840873 0.000590551 0.001386575 0.001386575 0.001614173 0.001664623 0.000411875 0.001968504 0.000133826 0.001957827 -0.000769116 0.000454155 -0.00014802 -9.2054e-05 -0.000984252 -0.00019685 -0.000706758 0.000496196 0.001957082 -0.000811787 -0.000626512 0.000902387 -0.001614173 0.000998196 0.001141298 0.00112421 -0.000984252 0.001507301 0.000590551 0.000902387 -0.00019685 -0.000590551 -0.000472441 0.000132672 0.00104843 0.000743911 -0.000254553 0.001968504 -0.000350362 -0.000196416 -0.00112421 -0.000984252 0.001664623 -0.001614173 0.001386575 0.001956821 0.000826772 -0.000551181 0.000740872 0.001614173 0.000680187 0.001897522 -0.001968504 -0.000984252 0.001677879 -0.000590551 0.001819145 0.000902387 0.001614173 0.001507301 -2.1319e-05 0.001181102 -0.000984252 0.000426116 0.000826772 7.7299e-05 0.000350362 -0.001968504 -0.000254553 0.001897522 -0.001968504 0.000492698 -0.000350362 -0.001968504 0.000254553 0.000740226 -0.000165805 -0.000748031 0.000771831 -0.000590551 0.001772614 0.000902183 -0.001181102 -4.6659e-05 0.001252748 0.000590551 0.001685819 0.000350362 0.001968504 -0.000254553 0.001937579 0.00192914 -0.000984252 -0.00019685 0.000590551 0.000511811 0.000426116 -0.000826772 7.7299e-05 0.001957082 0.000811787 0.000390292 0.00193147 0.001614173 0.000498532 0.00044338 0.000313617 -0.000984252 0.001386575 -0.001614173 0.000840873 0.000239682 -0.000212188 -0.000748031 0.001870436 0.001602568 0.001561447 0.000817992 0.001956487 0.000643772 -0.000710404 -0.000590551 0.000314961 -0.000411875 -0.001968504 -0.000133826 -0.000642878 0.001968504 -0.000369369 0.000817992 -0.001956487 0.000643772 0.001507301 -0.000590551 0.000902387 0.000824678 0.001255722 1.1407e-05 4.0557e-05 -0.001602362 0.001072068 0.001971252 0 -0.000984252 0.001252748 -0.000590551 0.001685819 -2.1319e-05 -0.001181102 -0.000432546 0.001033082 -0.001273156 -0.000984252 0.00152936 -0.001602568 0.001885456 -0.00019685 -5.629e-05 -0.000748031 0.000200164 0.000826772 -0.000384037 -0.000347734 0.001968504 -0.000984252 0.000902387 0.001614173 0.000998196 0.000712612 0.001968504 9.857e-06 -0.000370115 0.001956487 0.000683744 0.000156765 0.000590551 0.001203629 0.000627609 0.001145113 0.00162601 0.001033082 -9.2054e-05 -0.000984252 0.000819677 -0.001614173 0.001252748 -0.000572745 0.000511811 -0.000143925 -0.000359543 -0.001956899 -0.000984252 -0.000732953 -0.001968504 0.000111824 0.000902387 -0.000590551 0.001507301 0.000998196 0.000590551 0.000902387 0.001664003 0.001255722 0.000189756 0.000254553 -0.001968504 0.000350362 0.001796595 0.000590551 0.001706369 -0.00019685 0.000590551 -0.000385746 -0.000600004 0.000590551 0.000493831 0.00178303 -0.001602568 0.001695054 0.000526481 -0.000590551 0.000669291 0.001033082 9.2054e-05 -0.000748031 0.000585248 -0.001968504 -0.000406691 0.000771831 0.000590551 0.001772614 -0.000294117 -0.000590551 0.000317876 0.001664623 0.001614173 0.001386575 0.000594475 -0.001255722 -0.000671306 0.000660031 -0.001614173 0.000704536 0.001664003 -0.001255722 0.000189756 -0.000370104 -0.001956899 0.000683744 9.6054e-05 -0.001417323 0.001127807 0.001379828 0.000590551 0.001949449 0.000912776 -0.001602568 0.001853791 0.001097983 -0.001614173 0.000514581 -0.000199327 0.001219329 0.000859264 0 0.001968504 0.000433071 0.000489147 0.001968504 -0.000518313 0.001097983 0.001614173 0.000514581 0.000332051 -0.000281941 -0.000984252 0.000239682 0.000212188 -0.000748031 0.000662247 -0.000251344 -0.000984252 0.001001344 0.001255722 -0.000671306 0.001379828 -0.000590551 0.001949449 0.000783827 0.001602568 0.001759647 0.001697448 0.001893885 0.000189756 -0.000214902 0.001181102 -0.000375989 0.000200164 -0.000826772 -0.000384037 -0.00019685 -0.000769116 -0.000690375 0.00193147 -0.001614173 0.001252748 -0.000710404 0.000590551 0.000314961 0.00068146 -0.001142438 0.00167589 -0.000411875 0.001968504 -0.000133826 0.001960944 -0.000590551 0.001252748 0.000740226 0.000165805 -0.000984252 0.001943279 -0.001602568 0.000498329 -0.00028382 -0.000590551 0.000796053 -0.000128762 0.000590551 0.000723198 0.000275591 -0.001602362 0.000843476 0.001159783 -0.001181102 -0.000311024 0.001376658 0.001602568 0.001932071 0.001960944 0.000590551 0.001252748 0.001252748 -0.001956487 0.000504507 -0.000425746 -0.001956899 -0.000621382 -0.000386513 0.001602568 0.00067699 0.000433071 -0.001968504 0 0.000590551 -0.001156294 0.000743911 -0.000386006 -0.001613512 0.000677199 0.000433071 0.00104843 0.000743911 -0.000254553 -0.001968504 -0.000350362 0.001252748 0.001956487 0.000504507 0.001622618 -0.001255722 -0.000671306 0.00160311 0.001614173 0.000998196 -0.000611933 0.001968504 0.000418644 0.001664623 -0.001614173 0.001118922 0.000297238 0.000826772 0.000314961 -0.000739465 0.001968504 -5.4004e-05 0.000594475 0.001255722 -0.000671306 0.001386575 -0.001614173 0.001664623 -0.000133826 -0.001968504 0.000411875 0.001252748 -0.000590551 0.000819677 0.000840873 0.000590551 0.001118922 0.001960257 0.000629921 -0.000748031 0.000378475 0.001426405 0.001388853 0.0008451 0.001893885 0.000264586 0.000133826 -0.001968504 -0.000411875 0.001622618 0.001893885 -0.000704751 -0.000520399 -0.000511811 -0.00027917 0.001886238 -0.000590551 0.001569344 0.001664003 0.001255722 -0.000629921 0.001697448 -0.001893885 -0.000629921 0.00193147 0.001614173 0.001252748 0.001118922 -0.001614173 0.000840873 0.00015748 0 -0.000984252 0.000178955 -0.001417323 0.000766796 -0.000393701 0 -0.000984252 0.001960944 0.000590551 0.000511811 0.00178303 0.001602568 0.001695054 -0.00019685 0.000629921 -0.000748031 0.001118922 0.001614173 0.000840873 -0.000611933 -0.001968504 0.000418644 0.001507301 -0.000590551 0.00160311 0.000239682 0.000212188 -0.000984252 0.00044338 -0.000313617 -0.000748031 0.000388927 -0.000826772 -0.000190488 0.001386575 0.000590551 0.001664623 -0.000294117 0.000590551 0.000317876 -0.000236782 -0.001199963 0.000825076 0.000128762 0.000590551 0.000723198 0.00190975 0.001956487 0.000504507 0.000558634 0.000302937 -0.000748031 0.00160311 -0.000590551 0.001507301 0.000254553 0.001968504 -0.000350362 0.001960257 -0.000629921 -0.000748031 0.000594475 -0.001893885 -0.000704751 0.000150289 0.001030814 0.001080055 0.001216426 0.000590551 0.001960012 -0.00019685 -0.000826772 -0.000385746 0.001118922 0.001614173 0.001664623 -0.000527703 -0.000590551 0.000570441 0.000998196 0.000590551 0.00160311 0.001960944 -0.000590551 0.000511811 0.00160311 0.000590551 0.000998196 -2.1319e-05 -0 -0.000748031 0.001252748 0.000590551 0.000819677 0.000388927 0.000826772 -0.000190488 0.000712612 -0.001968504 9.857e-06 0.000819677 0.001614173 0.001252748 -0.00019685 0.000511811 -0.000556777 0.001971252 0 -0.000748031 0.000902387 -0.001614173 0.001507301 -0.000433071 0.000590551 0 0.000575627 -0.001956487 0.00071677 -0.000687369 0 -0.00038409 0.001622618 -0.001968504 0.000343218 0.000651216 -0.000590551 0.001623614 0.000840873 -0.000590551 0.001386575 0.00160311 -0.000590551 0.000998196 0.001092902 -0.001089048 -0.000984252 7.029e-05 -0.000826772 -0.000427329 -2.1319e-05 -0.001181102 -0.000984252 0.000782039 -5.7874e-05 -0.000984252 0.001054966 -0.000590551 0.001932765 0.000575627 0.001956487 0.00071677 -0.000369324 -0.000590551 0.000226164 7.029e-05 0.000826772 -0.000427329 0.000254553 0.001968504 0.000350362 0.000966201 0.001181102 -0.000984252 0.000656351 0.001968504 -0.000277698 0 0.001968504 -0.000433071 -0.000214902 0.001181102 -0.000984252 0.000966201 -0.001181102 -0.000311024 0.000966201 0.001181102 -0.000311024 0.001677879 0.000590551 0.001819145 -0.000511811 0.000590551 0.000314961 0.000275591 -0.001602362 0.001289493 0.000380698 -0.000826772 0.000206444 0.000178749 -0.000113777 -0.000748031 -0.00019685 -0.000590551 0.000511811 -0.000433071 0.001968504 0 -0.00032531 -0.000590551 -0.000395125 0.000783827 -0.001602568 0.001759647 0.000949805 0.001614173 0.000562047 -0.000254553 0.001968504 0.000350362 0.000949805 -0.001614173 0.000562047 -0.00019685 -0.000629921 -0.000748031 -0.000359543 0.001956899 -0.000746995 0.000128762 0.000629921 0.000511811 0.000239682 -0.000212188 -0.000984252 -0.000433071 -0.001968504 0 0.00160311 0.000590551 0.001507301 -0.000590551 -0.000511811 0.000314961 0.000433071 0.001968504 0 -0.000511508 0.001956899 0.000552934 -0.000511508 -0.001956899 0.000552934 -3.937e-05 0.001313775 0.000743911 -0.00019685 0.000826772 -0.000385746 3.4784e-05 -0.001614173 0.00077481 0.001252748 0.001614173 0.000819677 0.001252748 -0.001614173 0.000819677 -0.000374154 -0.001417323 0.000692828 0.000411875 -0.001968504 -0.000133826 0.00160311 0.001614173 0.001507301 0.000575835 0.001614173 0.000710798 0.001159783 -0 -0.000748031 -0.000254553 -0.001968504 0.000350362 -2.1319e-05 -0 -0.000984252 0.000890423 -0.001181102 0.000152509 0.000998196 -0.000590551 0.000902387 -0.000128762 0.000787402 0.000723198 0.000912776 0.001602568 0.001853791 0.001796595 -0.000590551 0.001706369 0.00160311 -0.001614173 0.001507301 0.001942014 0.000590551 0.001415393 0.001942014 -0.000590551 0.001415393 0.001924822 -0.001602568 0.001411336 -0.00019685 5.629e-05 -0.000556777 -0.000572745 -0.000511811 -0.000143925 0.000526373 0.001220472 0.000743911 0.001956821 -0.000826772 0.000314961 0.000804721 0.001255722 0.000180689 0.000998196 -0.001614173 0.00160311 0.001924822 0.001602568 0.001411336 -0.000520399 0.000511811 -0.00027917 -0.00019685 -0.000813604 0.000385746 0.000558634 -0.000302937 -0.000984252 0.001870436 -0.001602568 0.001561447 0.000947462 -0.001968504 0.000556704 -0.000544617 0.001968504 -0.000503108 0.000904079 -0.000590551 0.001869166 0.000904079 0.000590551 0.001869166 -0.000689721 0.001968504 0.000272048 0.001217332 -0.001602568 0.00194237 0.001667275 0.001602568 0.001805017 0.001536436 0.000590551 0.001901641 0.001886238 0.000590551 0.001569344 0.001159783 -0 -0.000984252 0.000662247 0.000251344 -0.000984252 -0.000689721 -0.001968504 0.000272048 0.001536436 -0.000590551 0.001901641 0.000332051 0.000281941 -0.000748031 0.001252748 -0.001614173 0.000498532 0.001252748 0.001614173 0.000498532 0.000740872 -0.001614173 0.000680187 0.001957827 0.000769116 -0.000690375 0.001958942 0.000705253 0.000496827 -0.000350362 -0.001968504 -0.000254553 0.000411875 0.001968504 -0.000133826 0.001386575 -0.000590551 0.001664623 -0.000411875 -0.001968504 0.000133826 -0.000411875 0.001968504 0.000133826 -0.000350362 0.001968504 -0.000254553 0.001685819 0.000590551 0.001252748 -0.000544617 -0.001968504 -0.000503108 0.001667275 -0.001602568 0.001805017 0.000947462 0.001968504 0.000556704 0.000840873 0.001614173 0.001118922 0.001118922 0.000590551 0.001664623 0.001118922 -0.000590551 0.001664623 0.000662247 -0.000251344 -0.000748031 -0.000786456 0 -3.8585e-05 0.000332051 0.000281941 -0.000984252 0.000998196 -0.001614173 0.000902387 0.000998196 0.001614173 0.000902387 0.000782039 5.7874e-05 -0.000748031 -0.00014855 9.188e-05 -0.000748031 0.001507301 0.000590551 0.00160311 0.000699419 0.001968504 -0.000136843 -0.00032531 0.000590551 -0.000395125 0.000984686 -0.00112421 -0.000984252 0.000411875 -0.001968504 0.000133826 0.000819677 0.000590551 0.001252748 0.000380698 0.000826772 0.000206444 0.001507301 0.001614173 0.000902387 0.001507301 -0.001614173 0.000902387 0.000998196 0.001614173 0.00160311 0.001685819 0.001614173 0.001252748 0.001033082 0.001089048 -0.000984252 0.000428954 -0.000826772 -5.9571e-05 -0.000739465 -0.001968504 -5.4004e-05 0.000428954 0.000826772 -5.9571e-05 0.001664623 -0.000590551 0.001386575 0.000840873 -0.001614173 0.001118922 -0.000732953 0.001968504 0.000111824 0.000350362 0.001968504 0.000254553 0.000902387 0.000590551 0.000998196 0.000998196 -0.000590551 0.00160311 0.000840873 -0.000590551 0.001118922 0.000254553 -0.001968504 -0.000350362 -0.00066128 -0.000590551 0.000408146 0.001159783 0.001181102 -0.000311024 0.001386575 -0.000590551 0.000840873 0.001386575 0.000590551 0.000840873 0.001252748 0.001614173 0.001685819 -0.000527703 0.000590551 0.000570441 0.001054966 0.000590551 0.001932765 0.001507301 0.001614173 0.00160311 0.001507301 -0.001614173 0.00160311 3.7912e-05 -0.001417323 0.000786488 -0.00019685 -0.000590551 0.000385746 0.000310036 -0.000826772 -0.00030237 0.000133826 0.001968504 -0.000411875 0.001664623 0.000590551 0.001118922 0.000310036 0.000826772 -0.00030237 0.001664623 0.001614173 0.001118922 0.001096786 0.001968504 0.000508871 0.001062992 -0.001181102 -0.000252866 0.00044338 -0.000313617 -0.000984252 0.000699419 -0.001968504 -0.000136843 -0.000246891 -0.001614173 0.000735245 0.001118922 0.000590551 0.000840873 0.000869939 0.001181102 -0.000243552 0.000656351 -0.001968504 -0.000277698 -0.000326608 -0.000511811 -0.000492014 0.001096786 -0.001968504 0.000508871 -0.00041683 0.000590551 0.000117488 0.001685819 -0.001614173 0.001252748 0.000558634 0.000302937 -0.000984252 0.00160311 -0.001614173 0.000998196 -8.82e-05 -0.001089048 -0.000984252 -0.000133826 0.001968504 -0.000411875 0.000332051 -0.000281941 -0.000748031 -0.000133826 -0.001968504 -0.000411875 -6.6608e-05 -0.000826772 -0.000427918 -0.00019685 0.000590551 0.000385746 0.000840873 -0.001614173 0.001386575 -0.000133826 0.001968504 0.000411875 0.000840873 0.001614173 0.001386575 -0.00014802 -0.001273156 -0.000984252 0.000902387 0.000590551 0.001507301 0.000782039 5.7874e-05 -0.000984252 -0.00041683 -0.000590551 0.000117488 0.000350362 -0.001968504 0.000254553 0 -0.001968504 0.000433071 -0.00019685 -0.000590551 -0.000385746 6.1107e-05 -0.000790568 0.000428735 0.000782039 -5.7874e-05 -0.000748031 0.001216426 -0.000590551 0.001960012 -6.6608e-05 0.000826772 -0.000427918 0.001664623 -0.000590551 0.001118922 -0.00070893 -0.001968504 -0.000217125 -0.00070893 0.001968504 -0.000217125 0.000662247 0.000251344 -0.000748031 0.000178749 0.000113777 -0.000748031 0.000819677 -0.000590551 0.001252748 0.000178749 0.000113777 -0.000984252 -0.000138145 0.000590551 0.000848348 0.000740226 -0.000165805 -0.000984252 0.00015748 0 -0.000748031 -0.000104372 -0.001417323 0.000780454 0.001159783 -0.001181102 -0.000984252 -0.00014802 0.001089048 -0.000984252 0.00075957 -0.001255722 -0.000321369 -0.000511811 0.000590551 -0 0.001252748 -0.001614173 0.001685819 0.001118922 -0.000590551 0.000840873 0.000585248 0.001968504 -0.000406691 -0.00019685 -0.000705253 -0.000733047 -0.000433071 -0.000590551 0 0.001958942 -0.000705253 0.000496827 0 -0.001968504 -0.000433071 0.001957827 -0.000769116 -0.000690375 0.000178749 -0.000113777 -0.000984252 -0.00019685 -0.000811787 -0.000626512 0.001092902 0.001089048 -0.000311024 -0.000445053 0 -0.000649561 0.001092902 -0.001089048 -0.000311024 0.000558634 -0.000302937 -0.000748031 -0.00019685 0.000705253 -0.000733047 0.00044338 0.000313617 -0.000748031 0.001958942 0.000705253 -0.000733047 0.001956821 0.000826772 0.000314961 0.000660031 0.001614173 0.000704536 0.000814521 0.001614173 0.000638909 0.000814521 -0.001614173 0.000638909 -0.00019685 0.000769116 -0.000690375 0.000575835 -0.001614173 0.000710798 0.00075957 0.001255722 -0.000321369 0.001159783 0.001181102 -0.000984252 0.000795264 -0.001181102 -0.000428564 -3.9804e-05 0.00112421 -0.000984252 0.000297238 -0.000826772 0.000314961 0.001957827 0.000769116 0.000454155 -0.00019685 -0.000771404 0.000451828 0.000984686 -0.00112421 -0.000311024 0.001958942 -0.000705253 -0.000733047 -0.000774504 0 0.000141934 0.001957082 -0.000811787 0.000390292 0.000984686 0.00112421 -0.000311024 3.5977e-05 -0.001417323 0.001072231 0.000156299 0.000946078 0.001194744 0.000218966 0.000817795 0.000373564 0.00080941 -0.001255722 -0.000158363 0.000795264 0.001181102 -0.000428564 0.000133826 -0.001968504 0.000411875 0.000133826 0.001968504 0.000411875 -0.000756891 0 -0.000217067 -0.000581561 0 -0.000530837 -0.000326608 0.000511811 -0.000492014 0.001059899 0.001602568 0.001915804 0.001059899 -0.001602568 0.001915804 0.00080941 0.001255722 -0.000158363 0.001217332 0.001602568 0.00194237 -0.00043667 0.000511811 -0.00039758 -0.00043667 -0.000511811 -0.00039758 0.000677285 0.001255722 -0.000470648 0.000869939 -0.001181102 -0.000243552 0.000677285 -0.001255722 -0.000470648 -0.000721665 0 0.000314961 0.001270347 0.001614173 0.001931242 0.001270347 -0.001614173 0.001931242 -0.000107883 -0.001614173 0.000768051</float_array>
          <technique_common>
            <accessor source="#FBXASC227FBXASC130FBXASC189FBXASC227FBXASC131FBXASC170FBXASC227FBXASC131FBXASC131FBXASC227FBXASC131FBXASC1371-POSITION-array" count="459" stride="3">
              <param name="X" type="float"/>
              <param name="Y" type="float"/>
              <param name="Z" type="float"/>
            </accessor>
          </technique_common>
        </source>
        <source id="FBXASC227FBXASC130FBXASC189FBXASC227FBXASC131FBXASC170FBXASC227FBXASC131FBXASC131FBXASC227FBXASC131FBXASC1371-Normal0">
          <float_array id="FBXASC227FBXASC130FBXASC189FBXASC227FBXASC131FBXASC170FBXASC227FBXASC131FBXASC131FBXASC227FBXASC131FBXASC1371-Normal0-array" count="8577">
-2.539613 0.044329 0.000000
-2.539613 0.044329 0.000000
-2.539613 -0.044329 0.000000
1.878148 0.000000 1.710018
1.404764 0.000000 2.116185
1.878148 0.000000 1.710018
-0.000000 2.540000 0.000000
0.000000 2.540000 0.000000
0.000000 2.540000 -0.000000
-0.000000 -2.540000 -0.000000
-0.000000 -2.540000 -0.000000
0.000000 -2.540000 0.000000
0.000000 -0.132933 -2.536519
0.000000 -0.132933 -2.536519
-0.000000 -0.132933 -2.536519
-0.000000 2.540000 -0.000000
0.000000 2.540000 0.000000
0.000000 2.540000 0.000000
-0.000000 -2.540000 -0.000000
-0.000000 -2.540000 0.000000
0.000000 -2.540000 0.000000
0.000000 2.540000 0.000000
0.000000 2.540000 0.000000
0.000000 2.540000 0.000000
0.000000 -0.000000 2.540000
0.000000 -0.000000 2.540000
0.000000 -0.000000 2.540000
-0.000000 0.000000 -2.540000
-0.000000 0.000000 -2.540000
-0.000000 0.000000 -2.540000
-2.281095 0.000000 1.117231
-2.054903 0.000000 1.492975
-1.818391 0.000000 1.773430
-0.000000 0.000000 -2.540000
-0.000000 0.000000 -2.540000
-0.000000 0.000000 -2.540000
-0.412256 0.000000 2.506321
-0.784903 0.000000 2.415684
-0.000000 0.000000 2.540000
-0.000000 -2.540000 -0.000000
0.000000 -2.540000 0.000000
-0.000000 -2.540000 -0.000000
-0.000000 0.000000 -2.540000
-0.000000 0.000000 -2.540000
-0.000000 0.000000 -2.540000
0.000000 -0.000000 2.540000
0.000000 -0.000000 2.540000
0.000000 -0.000000 2.540000
-2.321666 0.044329 1.029320
-1.960870 0.044329 1.613885
-2.096037 0.044329 1.433968
1.725025 0.000000 1.864373
2.054903 0.000000 1.492975
2.166119 0.000000 1.326472
0.784903 0.000000 -2.415684
1.154545 0.000000 -2.262438
1.492975 0.000000 -2.054903
-1.724583 0.044329 1.864255
-1.206868 -1.744041 1.397638
-1.724583 0.044329 1.864255
-0.709254 0.044329 2.438564
-0.709254 0.044329 2.438564
-1.250339 0.044329 2.210495
2.054903 0.000000 1.492975
2.054903 0.000000 1.492975
2.415684 0.000000 0.784903
2.539613 0.044329 0.000000
2.539613 0.044329 0.000000
2.539613 0.044329 0.000000
1.492975 0.000000 -2.054903
0.784903 0.000000 -2.415684
1.492975 0.000000 -2.054903
-2.054903 0.000000 1.492975
-1.492975 0.000000 2.054903
-2.054903 0.000000 1.492975
-1.724583 -0.044329 1.864255
-1.724583 -0.044329 1.864255
-1.724583 -0.044329 1.864255
2.415684 0.000000 0.784903
2.415684 0.000000 0.784903
2.540000 0.000000 0.000000
0.000000 -2.540000 0.000000
0.000000 -2.540000 0.000000
0.000000 -2.540000 0.000000
0.000000 -2.540000 0.000000
-0.000000 -2.540000 -0.000000
0.000000 -2.540000 0.000000
-2.281095 0.000000 1.117231
-1.818391 0.000000 1.773430
-2.054903 0.000000 1.492975
-2.096037 -0.044329 1.433968
-1.724583 -0.044329 1.864255
-1.960870 -0.044329 1.613885
-2.498013 0.044329 0.457782
-2.510563 0.044329 0.383026
-2.536562 0.044329 -0.124447
0.488748 0.000000 2.492534
0.784903 0.000000 2.415684
-0.000000 0.000000 2.540000
2.415684 0.000000 -0.784903
2.540000 0.000000 0.000000
2.444744 0.000000 -0.689078
0.000000 2.540000 0.000000
0.000000 2.540000 0.000000
0.000000 2.540000 0.000000
-0.709254 -0.044329 2.438564
-1.250339 -0.044329 2.210495
-0.709254 -0.044329 2.438564
1.492975 0.000000 -2.054903
1.492975 0.000000 -2.054903
0.784903 0.000000 -2.415684
0.784903 0.000000 2.415684
0.784903 0.000000 2.415684
1.492975 0.000000 2.054903
0.000000 -0.000000 2.540000
0.000000 -0.000000 2.540000
0.000000 -0.000000 2.540000
0.000000 -0.000000 2.540000
0.000000 -0.000000 2.540000
0.000000 -0.000000 2.540000
-0.000000 0.000000 -2.540000
-0.000000 0.000000 -2.540000
-0.000000 0.000000 -2.540000
-0.000000 0.000000 -2.540000
-0.000000 0.000000 -2.540000
-0.000000 0.000000 -2.540000
-1.724583 0.044329 1.864255
-1.206868 -1.744041 1.397638
-1.724583 0.044329 1.864255
0.000000 -2.540000 0.000000
0.000000 -2.540000 0.000000
0.000000 -2.540000 0.000000
2.539613 0.044329 0.000000
2.539613 0.044329 0.000000
2.539613 0.044329 0.000000
2.540000 0.000000 0.000000
2.415684 0.000000 0.784903
2.540000 0.000000 0.000000
-2.415684 0.000000 0.784903
-2.540000 0.000000 0.000000
-2.415684 0.000000 0.784903
0.000000 2.540000 -0.000000
0.000000 2.540000 0.000000
0.000000 2.540000 0.000000
0.000000 0.132933 -2.536519
0.000000 0.132933 -2.536519
0.000000 0.132933 -2.536519
0.000000 2.540000 0.000000
0.000000 2.540000 0.000000
-0.000000 2.540000 0.000000
2.539613 -0.044329 0.000000
2.539613 -0.044329 0.000000
2.539613 -0.044329 -0.000000
0.000000 2.540000 0.000000
0.000000 2.540000 0.000000
0.000000 2.540000 0.000000
0.000000 -0.000000 2.540000
0.000000 -0.000000 2.540000
0.000000 -0.000000 2.540000
1.404764 0.000000 2.116185
0.924306 0.000000 2.365853
1.404764 0.000000 2.116185
-0.358401 0.000000 -2.514587
-0.784903 0.000000 -2.415684
-0.000000 0.000000 -2.540000
-1.960870 -0.044329 1.613885
-1.724583 -0.044329 1.864255
-1.724583 -0.044329 1.864255
1.154545 0.000000 -2.262438
1.154545 0.000000 -2.262438
1.492975 0.000000 -2.054903
-0.000000 -0.000000 2.540000
-0.000000 -0.000000 2.540000
-0.000000 -0.000000 2.540000
2.539613 -0.044329 0.000000
2.539613 -0.044329 0.000000
2.539613 -0.044329 0.000000
-0.000000 0.000000 -2.540000
-0.000000 0.000000 -2.540000
-0.000000 0.000000 -2.540000
0.000000 0.044329 2.539613
0.000000 0.044329 2.539613
0.000000 0.044329 2.539613
-0.088631 0.044329 2.538066
-0.088631 0.044329 2.538066
-0.088631 0.044329 2.538066
-0.000000 0.132933 2.536519
-0.000000 0.132933 2.536519
0.000000 0.132933 2.536519
-2.536519 0.132933 0.000000
-2.536519 0.132933 0.000000
-2.536519 0.132933 0.000000
-2.540000 0.000000 0.000000
-2.540000 0.000000 0.000000
-2.415684 0.000000 0.784903
2.539613 0.044329 0.000000
2.539613 0.044329 0.000000
2.539613 0.044329 0.000000
2.166119 0.000000 1.326472
2.054903 0.000000 1.492975
1.725025 0.000000 1.864373
1.878148 0.000000 1.710018
1.878148 0.000000 1.710018
2.238270 0.000000 1.200729
-1.724583 0.044329 1.864255
-1.724583 0.044329 1.864255
-1.724583 0.044329 1.864255
-2.536519 -0.000000 0.132933
-2.536519 -0.000000 0.132933
-2.536519 -0.000000 0.132933
-2.510563 0.044329 0.383026
-2.498013 0.044329 0.457782
-2.362480 0.044329 0.931839
2.415684 0.000000 -0.784903
2.444744 0.000000 -0.689078
2.540000 0.000000 -0.000000
-2.539613 -0.044329 0.000000
-2.539613 0.044329 0.000000
-2.539613 -0.044329 0.000000
0.000000 -2.540000 0.000000
-0.000000 -2.540000 -0.000000
-0.000000 -2.540000 -0.000000
0.455712 -0.044329 2.498392
0.455712 -0.044329 2.498392
0.056650 -1.295508 2.184044
-1.492975 0.000000 -2.054903
-1.492975 0.000000 -2.054903
-2.054903 0.000000 -1.492975
2.539613 0.044329 0.000000
2.539613 0.044329 0.000000
2.539613 0.044329 0.000000
2.539613 0.044329 0.000000
2.539613 0.044329 0.000000
2.539613 0.044329 0.000000
0.784903 0.000000 2.415684
0.784903 0.000000 2.415684
-0.000000 0.000000 2.540000
-0.000000 2.540000 0.000000
-0.000000 2.540000 -0.000000
-0.000000 2.540000 0.000000
-0.000000 -0.132933 2.536519
0.000000 -0.132933 2.536519
-0.000000 -0.132933 2.536519
-0.000000 0.000000 -2.540000
-0.000000 0.000000 -2.540000
-0.000000 0.000000 -2.540000
-0.000000 0.000000 -2.540000
-0.000000 0.000000 -2.540000
-0.000000 0.000000 -2.540000
-2.536519 -0.132933 0.000000
-2.536519 -0.132933 -0.000000
-2.536519 -0.132933 0.000000
-2.054903 0.000000 -1.492975
-1.492975 0.000000 -2.054903
-2.054903 0.000000 -1.492975
2.271713 -0.044329 1.135321
2.271713 -0.044329 1.135321
2.471731 -0.044329 0.583251
-0.130252 0.044329 2.536271
-0.130252 0.044329 2.536271
-0.709254 0.044329 2.438564
0.784903 0.000000 -2.415684
0.784903 0.000000 -2.415684
1.492975 0.000000 -2.054903
-0.000000 0.000000 -2.540000
-0.000000 0.000000 -2.540000
-0.000000 0.000000 -2.540000
-0.000000 0.000000 -2.540000
-0.000000 0.000000 -2.540000
-0.000000 0.000000 -2.540000
-0.310112 0.000000 -2.520998
-0.000000 0.000000 -2.540000
-1.284443 0.000000 -2.191303
-0.000000 -2.197339 -1.274088
-0.000000 -2.424775 -0.756351
-0.000000 -2.346654 -0.972016
-2.515855 0.000000 0.349390
-2.415684 0.000000 0.784903
-2.540000 0.000000 0.000000
2.336037 -0.132933 -0.988362
2.489321 -0.132933 -0.487042
2.336037 -0.132933 -0.988362
2.539613 -0.044329 0.000000
2.539613 -0.044329 0.000000
2.539613 -0.044329 0.000000
2.539613 -0.044329 -0.000000
2.539613 -0.044329 0.000000
2.539613 -0.044329 0.000000
-0.088631 0.044329 2.538066
-0.088631 0.044329 2.538066
-0.088631 0.044329 2.538066
-1.724583 -0.044329 1.864255
-1.724583 -0.044329 1.864255
-1.960870 -0.044329 1.613885
-0.000000 0.000000 -2.540000
-0.000000 0.000000 -2.540000
-0.000000 0.000000 -2.540000
0.000000 -0.000000 2.540000
0.000000 -0.000000 2.540000
0.000000 -0.000000 2.540000
0.000000 2.536519 0.132933
-0.000000 2.536519 0.132933
-0.000000 2.536519 0.132933
2.540000 0.000000 0.000000
2.415684 0.000000 0.784903
2.540000 0.000000 0.000000
-2.536519 -0.132933 0.000000
-2.536519 -0.132933 -0.000000
-2.536519 -0.132933 0.000000
1.740936 -0.132933 -1.844741
2.082973 -0.132933 -1.447465
2.082973 -0.132933 -1.447465
1.524534 0.044329 2.031116
1.524534 0.044329 2.031116
1.017315 0.044329 2.326952
-1.492975 0.000000 -2.054903
-2.054903 0.000000 -1.492975
-1.492975 0.000000 -2.054903
2.489321 0.132933 -0.487042
2.336037 0.132933 -0.988362
2.489321 0.132933 -0.487042
-2.515855 0.000000 0.349390
-2.540000 0.000000 0.000000
-2.415684 0.000000 0.784903
-0.000000 0.000000 -2.540000
-0.000000 0.000000 -2.540000
-0.000000 0.000000 -2.540000
-0.000000 0.000000 -2.540000
-0.000000 0.000000 -2.540000
-0.000000 0.000000 -2.540000
0.000000 -2.540000 0.000000
0.000000 -2.540000 0.000000
0.000000 -2.540000 0.000000
1.492975 0.000000 -2.054903
1.154545 0.000000 -2.262438
1.154545 0.000000 -2.262438
-0.000000 2.346654 -0.972016
-0.000000 2.349865 -0.964227
-0.000000 2.072801 -1.468024
-0.358401 0.000000 -2.514587
-1.107826 0.000000 -2.285677
-0.784903 0.000000 -2.415684
0.000000 -2.540000 0.000000
0.000000 -2.540000 0.000000
0.000000 -2.540000 0.000000
0.000000 -2.540000 0.000000
0.000000 -2.540000 0.000000
0.000000 -2.540000 0.000000
0.000000 2.540000 0.000000
0.000000 2.540000 0.000000
0.000000 2.540000 0.000000
0.000000 2.540000 0.000000
0.000000 2.540000 0.000000
0.000000 2.540000 0.000000
0.000000 -0.000000 2.540000
0.000000 -0.000000 2.540000
0.000000 -0.000000 2.540000
-0.000000 0.000000 -2.540000
-0.000000 0.000000 -2.540000
-0.000000 0.000000 -2.540000
-0.000000 0.000000 2.540000
-0.000000 0.000000 2.540000
0.784903 0.000000 2.415684
1.475609 0.044329 2.066933
0.992945 0.044329 2.337455
1.020075 0.044329 2.325743
-0.000000 0.000000 -2.540000
-0.000000 0.000000 -2.540000
-0.000000 0.000000 -2.540000
-0.000000 0.000000 -2.540000
-0.000000 0.000000 -2.540000
-0.000000 0.000000 -2.540000
1.524534 0.044329 2.031116
1.017315 0.044329 2.326952
1.017315 0.044329 2.326952
-2.054903 0.000000 -1.492975
-2.054903 0.000000 -1.492975
-1.492975 0.000000 -2.054903
0.000000 -0.044329 2.539613
0.000000 -0.044329 2.539613
0.000000 -0.044329 2.539613
-0.088631 -0.044329 2.538066
-0.088631 -0.044329 2.538066
-0.088631 -0.044329 2.538066
0.000000 2.540000 0.000000
0.000000 2.540000 0.000000
0.000000 2.540000 0.000000
2.540000 0.000000 0.000000
2.540000 0.000000 0.000000
2.540000 0.000000 0.000000
-2.510563 -0.044329 0.383026
-2.498013 0.044329 0.457782
-2.536562 0.044329 -0.124447
0.000000 -2.540000 0.000000
0.000000 -2.540000 0.000000
0.000000 -2.540000 0.000000
0.000000 2.540000 0.000000
0.000000 2.540000 0.000000
-0.000000 2.540000 0.000000
-1.435434 0.044329 -2.095034
-1.865461 0.044329 -1.723279
-1.435434 0.044329 -2.095034
0.000000 -2.540000 0.000000
-0.000000 -2.540000 0.000000
0.000000 -2.540000 0.000000
0.000000 -2.540000 0.000000
-0.000000 -2.540000 -0.000000
0.000000 -2.540000 -0.000000
-2.415684 0.000000 0.784903
-2.540000 0.000000 0.000000
-2.415684 0.000000 0.784903
0.000000 2.540000 0.000000
0.000000 2.540000 0.000000
0.000000 2.540000 0.000000
-2.536519 0.132933 0.000000
-2.536519 0.132933 0.000000
-2.536519 0.132933 0.000000
-0.000000 0.132933 2.536519
0.000000 0.132933 2.536519
-0.000000 0.132933 2.536519
-0.000000 -2.540000 0.000000
0.000000 -2.540000 0.000000
0.000000 -2.540000 0.000000
-1.724583 -0.044329 1.864255
-1.724583 -0.044329 1.864255
-1.724583 -0.044329 1.864255
0.000000 -0.000000 2.540000
0.000000 -0.000000 2.540000
0.000000 -0.000000 2.540000
2.539613 -0.044329 0.000000
2.539613 -0.044329 0.000000
2.539613 -0.044329 0.000000
0.000000 2.540000 0.000000
0.000000 2.540000 0.000000
0.000000 2.540000 0.000000
1.017315 -0.044329 2.326952
0.455712 -0.044329 2.498392
0.455712 -0.044329 2.498392
1.725025 0.000000 1.864373
1.492975 0.000000 2.054903
1.260417 0.000000 2.205209
0.000000 2.540000 0.000000
0.000000 2.540000 0.000000
0.000000 2.540000 0.000000
2.540000 0.000000 -0.000000
2.054903 -1.492975 -0.000000
2.054903 -1.492975 -0.000000
-2.054903 -1.492975 0.000000
-2.054903 -1.492975 0.000000
-2.540000 0.000000 0.000000
1.950252 -0.044329 1.626699
1.524534 -0.044329 2.031116
1.950252 -0.044329 1.626699
0.000000 -2.540000 0.000000
0.000000 -2.540000 0.000000
0.000000 -2.540000 0.000000
0.000000 -0.000000 2.540000
0.000000 -0.000000 2.540000
0.000000 -0.000000 2.540000
0.000000 -0.000000 2.540000
0.000000 -0.000000 2.540000
0.000000 -0.000000 2.540000
0.000000 -2.540000 0.000000
0.000000 -2.540000 0.000000
-0.000000 -2.540000 -0.000000
-0.412256 0.000000 2.506321
-0.000000 0.000000 2.540000
0.488748 0.000000 2.492534
-0.000000 2.540000 -0.000000
0.000000 2.540000 0.000000
0.000000 2.540000 0.000000
0.000000 2.540000 0.000000
0.000000 2.540000 0.000000
-0.000000 2.540000 0.000000
0.000000 2.540000 0.000000
0.000000 2.540000 0.000000
0.000000 2.540000 -0.000000
0.000000 2.540000 0.000000
0.000000 2.540000 0.000000
0.000000 2.540000 0.000000
-0.000000 2.540000 0.000000
0.000000 2.540000 0.000000
-0.000000 2.540000 0.000000
0.000000 2.540000 0.000000
0.000000 2.540000 0.000000
-0.000000 2.540000 0.000000
-2.096037 0.044329 1.433968
-1.960870 0.044329 1.613885
-1.724583 0.044329 1.864255
0.000000 2.540000 0.000000
0.000000 2.540000 0.000000
0.000000 2.540000 -0.000000
0.000000 -2.540000 0.000000
0.000000 -2.540000 0.000000
0.000000 -2.540000 0.000000
-1.724583 0.044329 1.864255
-1.724583 0.044329 1.864255
-1.724583 0.044329 1.864255
-1.724583 0.044329 1.864255
-1.724583 0.044329 1.864255
-1.724583 0.044329 1.864255
-1.206868 -1.744041 1.397638
-1.724583 0.044329 1.864255
-1.724583 0.044329 1.864255
-0.000000 0.000000 -2.540000
-0.000000 0.000000 -2.540000
-0.000000 0.000000 -2.540000
-0.000000 0.000000 -2.540000
-0.000000 0.000000 -2.540000
-0.000000 0.000000 -2.540000
2.054903 0.000000 -1.492975
2.054903 0.000000 -1.492975
1.492975 0.000000 -2.054903
0.000000 -2.540000 -0.000000
0.000000 -2.540000 0.000000
-0.000000 -2.540000 0.000000
2.540000 0.000000 -0.000000
2.540000 0.000000 0.000000
2.540000 0.000000 0.000000
2.540000 0.000000 -0.000000
2.444744 0.000000 -0.689078
2.540000 0.000000 -0.000000
-0.000000 0.000000 -2.540000
-0.000000 0.000000 -2.540000
-0.000000 0.000000 -2.540000
-0.000000 0.000000 -2.540000
-0.000000 0.000000 -2.540000
-0.000000 0.000000 -2.540000
-0.000000 -2.540000 -0.000000
-0.000000 -2.540000 -0.000000
0.000000 -2.540000 0.000000
0.000000 -2.540000 0.000000
-0.000000 -2.540000 0.000000
0.000000 -2.540000 0.000000
0.000000 2.540000 0.000000
0.000000 2.540000 0.000000
0.000000 2.540000 0.000000
0.000000 2.540000 0.000000
0.000000 2.540000 0.000000
0.000000 2.540000 0.000000
0.000000 -2.540000 0.000000
0.000000 -2.540000 0.000000
0.000000 -2.540000 0.000000
-0.784903 0.000000 2.415684
-0.000000 0.000000 2.540000
-0.784903 0.000000 2.415684
0.000000 0.132933 -2.536519
0.000000 0.132933 -2.536519
0.000000 0.132933 -2.536519
0.000000 2.540000 0.000000
0.000000 2.540000 0.000000
-0.000000 2.540000 0.000000
0.000000 -2.540000 0.000000
-0.000000 -2.540000 0.000000
0.000000 -2.540000 0.000000
0.000000 -2.540000 -0.000000
-0.000000 -2.540000 -0.000000
0.000000 -2.540000 0.000000
2.271713 0.044329 1.135321
2.471731 0.044329 0.583251
2.271713 0.044329 1.135321
0.000000 -2.540000 0.000000
0.000000 -2.540000 0.000000
0.000000 -2.540000 0.000000
2.540000 0.000000 -0.000000
2.540000 0.000000 -0.000000
2.540000 0.000000 -0.000000
1.260417 0.000000 2.205209
1.492975 0.000000 2.054903
1.154545 0.000000 2.262438
-1.724583 0.044329 1.864255
-1.206868 -1.744041 1.397638
-1.724583 0.044329 1.864255
0.000000 -2.540000 0.000000
0.000000 -2.540000 0.000000
0.000000 -2.540000 0.000000
0.000000 -2.540000 0.000000
0.000000 -2.540000 0.000000
0.000000 -2.540000 0.000000
2.471731 -0.044329 0.583251
2.271713 -0.044329 1.135321
2.471731 -0.044329 0.583251
0.000000 2.540000 0.000000
0.000000 2.540000 0.000000
0.000000 2.540000 0.000000
0.000000 2.540000 0.000000
0.000000 2.540000 0.000000
0.000000 2.540000 0.000000
0.000000 -0.000000 2.540000
0.000000 -0.000000 2.540000
0.000000 -0.000000 2.540000
0.000000 -0.000000 2.540000
0.000000 -0.000000 2.540000
0.000000 -0.000000 2.540000
-0.000000 -2.540000 0.000000
0.000000 -2.540000 0.000000
0.000000 -2.540000 0.000000
-0.000000 -2.540000 0.000000
-0.000000 -2.540000 0.000000
0.000000 -2.540000 0.000000
0.000000 -2.540000 0.000000
0.000000 -2.540000 0.000000
0.000000 -2.540000 0.000000
0.000000 -2.540000 0.000000
0.000000 -2.540000 0.000000
0.000000 -2.540000 0.000000
0.000000 2.540000 0.000000
0.000000 2.540000 0.000000
0.000000 2.540000 0.000000
2.540000 0.000000 0.000000
2.540000 0.000000 0.000000
2.444744 0.000000 -0.689078
2.471731 0.044329 0.583251
2.539613 0.044329 0.000000
2.539613 0.044329 0.000000
0.000000 2.540000 0.000000
0.000000 2.540000 0.000000
0.000000 2.540000 0.000000
-0.000000 -2.540000 0.000000
-0.000000 -2.540000 0.000000
0.000000 -2.540000 0.000000
-0.000000 -0.132933 2.536519
0.000000 -0.132933 2.536519
-0.000000 -0.132933 2.536519
-0.000000 -2.540000 0.000000
0.000000 -2.540000 0.000000
0.000000 -2.540000 0.000000
0.000000 -2.540000 0.000000
0.000000 -2.540000 0.000000
0.000000 -2.540000 0.000000
-0.000000 -2.540000 0.000000
0.000000 -2.540000 0.000000
0.000000 -2.540000 0.000000
-0.000000 -0.132933 -2.536519
0.000000 -0.132933 -2.536519
0.000000 -0.132933 -2.536519
0.000000 -2.540000 0.000000
-0.000000 -2.540000 0.000000
0.000000 -2.540000 0.000000
0.000000 -2.540000 0.000000
-0.000000 -2.540000 0.000000
0.000000 -2.540000 0.000000
-1.724583 -0.044329 1.864255
-1.724583 -0.044329 1.864255
-1.724583 -0.044329 1.864255
-0.017453 0.000000 2.539940
0.122295 0.000000 2.537054
-0.336682 0.000000 2.517587
0.000000 -2.540000 0.000000
0.000000 -2.540000 0.000000
0.000000 -2.540000 0.000000
0.000000 -2.540000 0.000000
0.000000 -2.540000 0.000000
0.000000 -2.540000 0.000000
0.000000 -2.540000 0.000000
0.000000 -2.540000 0.000000
-0.000000 -2.540000 -0.000000
-0.000000 -2.540000 0.000000
0.000000 -2.540000 0.000000
0.000000 -2.540000 0.000000
0.000000 -2.540000 0.000000
0.000000 -2.540000 0.000000
0.000000 -2.540000 0.000000
0.000000 -2.540000 0.000000
0.000000 -2.540000 0.000000
0.000000 -2.540000 0.000000
0.000000 -2.536519 0.132933
0.000000 -2.536519 0.132933
0.000000 -2.536519 0.132933
0.000000 0.000000 2.540000
0.000000 0.000000 2.540000
0.000000 -0.000000 2.540000
0.000000 2.540000 0.000000
-0.000000 2.540000 0.000000
0.000000 2.540000 0.000000
-1.492975 0.000000 -2.054903
-2.054903 0.000000 -1.492975
-1.743325 0.000000 -1.847273
0.000000 2.540000 0.000000
0.000000 2.540000 0.000000
-0.000000 2.540000 0.000000
-0.000000 2.540000 0.000000
0.000000 2.540000 0.000000
-0.000000 2.540000 0.000000
0.000000 2.540000 0.000000
0.000000 2.540000 0.000000
0.000000 2.540000 0.000000
1.475609 -0.044329 2.066933
1.020075 -0.044329 2.325743
1.475609 -0.044329 2.066933
0.234362 2.529165 -0.000000
1.132175 2.273715 -0.000000
0.234362 2.529165 -0.000000
2.540000 -0.000000 -0.000000
2.368479 -0.917554 -0.000000
2.540000 -0.000000 -0.000000
2.368479 -0.917554 -0.000000
2.368479 -0.917554 -0.000000
2.540000 -0.000000 -0.000000
0.234362 -2.529165 -0.000000
0.234362 -2.529165 -0.000000
1.132175 -2.273715 -0.000000
0.234362 2.529165 -0.000000
0.234362 2.529165 -0.000000
-0.695104 2.443037 0.000000
-2.496752 0.466724 0.000000
-2.496752 -0.466724 0.000000
-2.496752 0.466724 0.000000
0.000000 2.540000 -0.000000
-0.000000 2.540000 0.000000
-0.000000 2.540000 0.000000
-2.540000 0.000000 0.000000
-2.054903 1.492975 0.000000
-2.054903 1.492975 0.000000
2.054903 1.492975 -0.000000
2.054903 1.492975 -0.000000
2.540000 0.000000 -0.000000
-0.000000 2.540000 0.000000
0.000000 2.540000 0.000000
0.000000 2.540000 0.000000
0.000000 2.540000 0.000000
0.000000 2.540000 0.000000
0.000000 2.540000 0.000000
0.000000 2.540000 0.000000
0.000000 2.540000 0.000000
0.000000 2.540000 0.000000
-0.000000 2.540000 0.000000
0.000000 2.540000 0.000000
0.000000 2.540000 -0.000000
-0.000000 2.540000 0.000000
0.000000 2.540000 0.000000
0.000000 2.540000 0.000000
2.539613 0.044329 0.000000
2.539613 0.044329 0.000000
2.539613 0.044329 0.000000
0.000000 -0.044329 2.539613
0.000000 -0.044329 2.539613
0.000000 -0.044329 2.539613
0.705620 0.000000 2.440020
1.154545 0.000000 2.262438
0.390664 0.000000 2.509777
1.216124 0.000000 2.229942
1.154545 0.000000 2.262438
1.154545 0.000000 2.262438
-0.412256 0.000000 2.506321
0.125037 0.000000 2.536921
-0.784903 0.000000 2.415684
1.154545 0.000000 2.262438
0.705620 0.000000 2.440020
0.390664 0.000000 2.509777
0.000000 2.540000 0.000000
0.000000 2.540000 0.000000
0.000000 2.540000 0.000000
2.540000 0.000000 -0.000000
2.540000 0.000000 -0.000000
2.540000 0.000000 -0.000000
0.000000 -2.540000 0.000000
0.000000 -2.540000 0.000000
0.000000 -2.540000 0.000000
0.000000 -2.540000 0.000000
0.000000 -2.540000 0.000000
0.000000 -2.540000 0.000000
0.000000 0.000000 2.540000
0.000000 0.000000 2.540000
0.000000 0.000000 2.540000
-2.498013 0.044329 0.457782
-2.510563 -0.044329 0.383026
-2.321666 -0.044329 1.029320
-1.724583 -0.044329 1.864255
-1.724583 -0.044329 1.864255
-1.250339 -0.044329 2.210495
-2.536519 -0.000000 0.132933
-2.536519 -0.000000 0.132933
-2.536519 -0.000000 0.132933
0.000000 2.540000 0.000000
0.000000 2.540000 0.000000
-0.000000 2.540000 -0.000000
1.725025 0.000000 1.864373
1.492975 0.000000 2.054903
2.054903 0.000000 1.492975
0.000000 2.540000 0.000000
0.000000 2.540000 0.000000
0.000000 2.540000 0.000000
0.000000 2.540000 0.000000
0.000000 2.540000 0.000000
0.000000 2.540000 0.000000
-0.695104 -2.443037 0.000000
-0.695104 -2.443037 0.000000
-1.530692 -2.026964 0.000000
-2.496752 -0.466724 0.000000
-2.496752 -0.466724 0.000000
-2.496752 0.466724 0.000000
0.000000 0.044329 2.539613
0.000000 0.044329 2.539613
0.000000 0.044329 2.539613
2.539613 -0.044329 0.000000
2.539613 -0.044329 0.000000
2.539613 -0.044329 0.000000
0.000000 2.540000 0.000000
0.000000 2.540000 0.000000
0.000000 2.540000 0.000000
0.000000 2.540000 0.000000
0.000000 2.540000 0.000000
0.000000 2.540000 0.000000
0.000000 -2.540000 0.000000
0.000000 -2.540000 0.000000
0.000000 -2.540000 0.000000
0.000000 -2.540000 0.000000
0.000000 -2.540000 0.000000
0.000000 -2.540000 0.000000
-0.000000 -2.540000 0.000000
0.000000 -2.540000 0.000000
-0.000000 -2.540000 0.000000
-2.540000 0.000000 0.000000
-2.540000 0.000000 0.000000
-2.540000 0.000000 0.000000
0.000000 -2.540000 0.000000
0.000000 -2.540000 0.000000
0.000000 -2.540000 0.000000
0.000000 -2.540000 0.000000
-0.000000 -2.540000 0.000000
-0.000000 -2.540000 0.000000
0.000000 2.540000 0.000000
0.000000 2.540000 -0.000000
-0.000000 2.540000 -0.000000
0.000000 2.540000 0.000000
0.000000 2.540000 0.000000
0.000000 2.540000 0.000000
0.000000 -2.540000 0.000000
0.000000 -2.540000 0.000000
0.000000 -2.540000 0.000000
0.000000 -2.540000 0.000000
0.000000 -2.540000 0.000000
0.000000 -2.540000 0.000000
-0.000000 -2.540000 -0.000000
-0.000000 -2.540000 -0.000000
0.000000 -2.540000 -0.000000
0.521127 0.044329 2.485571
0.521127 0.044329 2.485571
1.020075 0.044329 2.325743
-1.865461 0.044329 -1.723279
-1.435434 -0.044329 -2.095034
-1.875715 -0.044329 -1.712112
-0.000000 -2.540000 -0.000000
-0.000000 -2.540000 -0.000000
0.000000 -2.540000 0.000000
-1.724583 0.044329 1.864255
-1.960870 0.044329 1.613885
-1.724583 0.044329 1.864255
-0.088631 -0.044329 2.538066
-0.088631 -0.044329 2.538066
-0.088631 -0.044329 2.538066
-2.232829 0.000000 -1.210815
-2.415684 0.000000 -0.784903
-2.054903 0.000000 -1.492975
0.000000 -2.540000 0.000000
0.000000 -2.540000 0.000000
0.000000 -2.540000 0.000000
-0.000000 -0.000000 2.540000
-0.000000 0.000000 2.540000
-0.000000 -0.000000 2.540000
-2.536519 -0.000000 0.132933
-2.536519 -0.000000 0.132933
-2.536519 -0.000000 0.132933
-0.611211 0.000000 2.465364
-0.017453 0.000000 2.539940
-0.784647 0.000000 2.415767
-1.724583 -0.044329 1.864255
-1.724583 -0.044329 1.864255
-1.960870 -0.044329 1.613885
0.000000 2.536519 0.132933
0.000000 2.536519 0.132933
-0.000000 2.536519 0.132933
0.000000 -0.000000 2.540000
0.000000 0.000000 2.540000
0.000000 -0.000000 2.540000
0.000000 -2.540000 0.000000
-0.000000 -2.540000 -0.000000
0.000000 -2.540000 0.000000
1.725025 0.000000 1.864373
2.054903 0.000000 1.492975
1.492975 0.000000 2.054903
0.521127 -0.044329 2.485571
1.020075 -0.044329 2.325743
0.521127 -0.044329 2.485571
-0.000000 2.540000 0.000000
-0.000000 2.540000 -0.000000
-0.000000 2.540000 -0.000000
-0.000000 -2.540000 0.000000
0.000000 -2.540000 0.000000
-0.000000 -2.540000 0.000000
-1.492975 0.000000 2.054903
-2.054903 0.000000 1.492975
-1.492975 0.000000 2.054903
0.000000 2.540000 0.000000
0.000000 2.540000 0.000000
0.000000 2.540000 0.000000
0.000000 2.540000 0.000000
0.000000 2.540000 0.000000
-0.000000 2.540000 0.000000
-0.000000 2.540000 0.000000
0.000000 2.540000 0.000000
-0.000000 2.540000 0.000000
0.000000 -2.540000 0.000000
0.000000 -2.540000 0.000000
0.000000 -2.540000 0.000000
-2.540000 0.000000 0.000000
-2.540000 0.000000 0.000000
-2.415684 0.000000 0.784903
-2.499212 0.000000 -0.453364
-2.232829 0.000000 -1.210815
-2.415684 0.000000 -0.784903
-0.000000 -2.540000 -0.000000
-0.000000 -2.540000 -0.000000
-0.000000 -2.346654 -0.972016
-2.428276 0.044329 -0.743713
-2.441206 0.044329 -0.700107
-2.532868 0.044329 -0.184977
-0.000000 2.540000 -0.000000
0.000000 2.540000 0.000000
-0.000000 2.540000 -0.000000
1.134088 2.221534 -0.479825
1.208503 2.221534 -0.236447
-0.000000 2.540000 0.000000
2.336037 0.132933 -0.988362
2.336037 0.132933 -0.988362
2.489321 0.132933 -0.487042
-0.000000 0.000000 -2.540000
-0.784903 0.000000 -2.415684
-0.000000 0.000000 -2.540000
0.000000 -2.540000 0.000000
0.000000 -2.540000 0.000000
0.000000 -2.540000 0.000000
1.492975 0.000000 -2.054903
2.054903 0.000000 -1.492975
1.725025 0.000000 -1.864373
0.000000 -2.540000 0.000000
0.000000 -2.540000 0.000000
0.000000 -2.540000 0.000000
-0.000000 0.000000 2.540000
-0.784903 0.000000 2.415684
-0.000000 0.000000 2.540000
0.000000 2.540000 0.000000
0.000000 2.540000 0.000000
0.000000 2.540000 0.000000
2.540000 0.000000 0.000000
2.415684 0.000000 -0.784903
2.540000 0.000000 0.000000
0.000000 -2.540000 0.000000
0.000000 -2.540000 0.000000
0.000000 -2.540000 0.000000
0.000000 -0.972016 2.346654
0.000000 -1.796051 1.796051
0.000000 -0.972016 2.346654
2.539613 0.044329 0.000000
2.539613 0.044329 0.000000
2.539613 0.044329 0.000000
-2.536519 -0.000000 0.132933
-2.536519 0.000000 0.132933
-2.536519 -0.000000 0.132933
-1.724583 0.044329 1.864255
-1.724583 0.044329 1.864255
-1.724583 0.044329 1.864255
2.474898 0.132933 0.555706
2.536276 0.132933 0.035081
2.474898 0.132933 0.555706
0.000000 2.540000 0.000000
0.000000 2.540000 0.000000
0.000000 2.540000 0.000000
0.000000 -2.540000 0.000000
0.000000 -2.540000 0.000000
-0.000000 -2.540000 0.000000
-1.492975 0.000000 2.054903
-1.173980 0.000000 2.252414
-0.784903 0.000000 2.415684
0.000000 2.540000 0.000000
0.000000 2.540000 -0.000000
-0.000000 2.540000 -0.000000
0.000000 2.540000 0.000000
0.000000 2.540000 -0.000000
0.000000 2.540000 -0.000000
2.540000 0.000000 0.000000
2.540000 0.000000 0.000000
2.444744 0.000000 0.689078
2.463413 0.000000 0.619030
2.540000 0.000000 0.000000
2.463413 0.000000 0.619030
0.000000 2.540000 0.000000
0.000000 2.540000 0.000000
0.000000 2.540000 0.000000
1.524534 -0.044329 2.031116
1.524534 -0.044329 2.031116
1.950252 -0.044329 1.626699
0.000000 0.132933 2.536519
-0.000000 0.132933 2.536519
-0.000000 0.132933 2.536519
0.000000 2.540000 0.000000
-0.000000 2.540000 0.000000
-0.000000 2.540000 0.000000
-0.000000 -2.540000 -0.000000
0.000000 -2.540000 -0.000000
0.000000 -2.540000 0.000000
0.000000 -2.540000 0.000000
-0.000000 -2.540000 -0.000000
0.000000 -2.540000 0.000000
0.000000 2.540000 0.000000
0.000000 2.540000 0.000000
0.000000 2.540000 0.000000
0.000000 2.540000 0.000000
-0.000000 2.540000 -0.000000
0.000000 2.540000 0.000000
0.000000 -2.540000 0.000000
0.000000 -2.540000 0.000000
0.000000 -2.540000 0.000000
2.054903 0.000000 1.492975
2.054903 0.000000 1.492975
1.492975 0.000000 2.054903
-0.000000 0.000000 -2.540000
-0.000000 0.000000 -2.540000
-0.000000 0.000000 -2.540000
1.877083 1.711187 -0.000000
1.132175 2.273715 -0.000000
1.877083 1.711187 -0.000000
0.000000 -2.540000 0.000000
0.000000 -2.540000 0.000000
0.000000 -2.540000 0.000000
-2.540000 0.000000 0.000000
-2.540000 0.000000 0.000000
-2.540000 0.000000 0.000000
-0.000000 0.000000 -2.540000
-0.000000 0.000000 -2.540000
-0.000000 0.000000 -2.540000
-0.000000 0.000000 -2.540000
-0.000000 0.000000 -2.540000
-0.000000 0.000000 -2.540000
-0.000000 -2.032000 -1.524000
-0.000000 -2.346654 -0.972016
-0.000000 -1.796051 -1.796051
2.539613 0.044329 0.000000
2.539613 0.044329 0.000000
2.539613 0.044329 0.000000
0.000000 2.540000 0.000000
0.000000 2.540000 0.000000
0.000000 2.540000 0.000000
1.950252 0.044329 1.626699
2.271713 0.044329 1.135321
1.950252 0.044329 1.626699
0.000000 -1.796051 1.796051
0.000000 -1.796051 1.796051
0.000000 -0.972016 2.346654
2.540000 0.000000 -0.000000
2.540000 0.000000 -0.000000
2.540000 0.000000 -0.000000
0.000000 2.540000 0.000000
0.000000 2.540000 0.000000
0.000000 2.540000 0.000000
2.054903 0.000000 1.492975
1.492975 0.000000 2.054903
2.054903 0.000000 1.492975
-0.000000 -2.540000 0.000000
-0.000000 -2.540000 0.000000
0.000000 -2.540000 0.000000
-2.321666 -0.044329 1.029320
-2.510563 -0.044329 0.383026
-2.362480 -0.044329 0.931839
0.000000 2.540000 0.000000
0.000000 2.540000 0.000000
0.000000 2.540000 0.000000
-0.784903 0.000000 -2.415684
-0.784903 0.000000 -2.415684
-0.000000 0.000000 -2.540000
1.132175 -2.273715 -0.000000
0.234362 -2.529165 -0.000000
1.132175 -2.273715 -0.000000
-0.000000 0.000000 -2.540000
-0.000000 0.000000 -2.540000
-0.000000 0.000000 -2.540000
-0.695104 2.443037 0.000000
-1.530692 2.026964 0.000000
-0.695104 2.443037 0.000000
0.000000 -0.000000 2.540000
0.000000 -0.000000 2.540000
0.000000 -0.000000 2.540000
0.000000 2.540000 0.000000
0.000000 2.540000 0.000000
0.000000 2.540000 0.000000
-2.281095 0.000000 1.117231
-2.415684 0.000000 0.784903
-2.515855 0.000000 0.349390
0.000000 -2.540000 0.000000
0.000000 -2.540000 0.000000
0.000000 -2.540000 0.000000
-0.000000 0.000000 -2.540000
-0.000000 0.000000 -2.540000
-0.784903 0.000000 -2.415684
0.000000 -2.540000 0.000000
0.000000 -2.540000 0.000000
0.000000 -2.540000 0.000000
2.054903 0.000000 -1.492975
1.725025 0.000000 -1.864373
2.166119 0.000000 -1.326472
-1.724583 -0.044329 1.864255
-1.724583 -0.044329 1.864255
-1.724583 -0.044329 1.864255
-1.724583 -0.044329 1.864255
-1.724583 -0.044329 1.864255
-1.724583 -0.044329 1.864255
-2.540000 0.000000 0.000000
-2.540000 -0.000000 0.000000
-2.540000 -0.000000 0.000000
-2.536519 -0.000000 0.132933
-2.410370 -0.000000 0.801072
-2.514485 -0.000000 0.359117
-0.000000 2.540000 -0.000000
0.000000 2.540000 -0.000000
-0.000000 2.540000 0.000000
0.000000 2.540000 0.000000
-0.000000 2.540000 -0.000000
-0.000000 2.540000 0.000000
0.000000 -0.000000 2.540000
0.000000 -0.000000 2.540000
0.000000 -0.000000 2.540000
-1.530692 -2.026964 0.000000
-0.695104 -2.443037 0.000000
-1.530692 -2.026964 0.000000
-2.415684 0.000000 -0.784903
-2.415684 0.000000 -0.784903
-2.540000 0.000000 0.000000
0.000000 2.540000 0.000000
0.000000 2.540000 0.000000
0.000000 2.540000 0.000000
-2.054903 0.000000 1.492975
-1.492975 0.000000 2.054903
-1.818391 0.000000 1.773430
0.000000 2.540000 0.000000
0.000000 2.540000 0.000000
-0.000000 2.540000 0.000000
0.000000 0.972016 2.346654
0.000000 0.972016 2.346654
0.000000 1.796051 1.796051
2.539613 -0.044329 0.000000
2.539613 -0.044329 0.000000
2.539613 -0.044329 0.000000
1.740936 -0.132933 -1.844741
2.082973 -0.132933 -1.447465
1.740936 -0.132933 -1.844741
-0.000000 -2.540000 -0.000000
-0.000000 -2.540000 0.000000
0.000000 -2.540000 0.000000
0.000000 2.536519 0.132933
0.000000 2.536519 0.132933
0.000000 2.536519 0.132933
-2.536519 -0.000000 0.132933
-2.536519 -0.000000 0.132933
-2.536519 -0.000000 0.132933
0.000000 -2.540000 0.000000
0.000000 -2.540000 0.000000
0.000000 -2.540000 0.000000
0.455712 0.044329 2.498392
0.455712 0.044329 2.498392
-0.130252 0.044329 2.536271
1.154545 0.000000 2.262438
1.216124 0.000000 2.229942
1.154545 0.000000 2.262438
2.540000 0.000000 -0.000000
2.540000 0.000000 -0.000000
2.540000 0.000000 -0.000000
0.000000 2.540000 0.000000
0.000000 2.540000 0.000000
0.000000 2.540000 0.000000
-0.784903 0.000000 -2.415684
-0.000000 0.000000 -2.540000
-0.784903 0.000000 -2.415684
0.000000 2.540000 0.000000
0.000000 2.540000 0.000000
0.000000 2.540000 0.000000
-1.724583 -0.044329 1.864255
-1.724583 -0.044329 1.864255
-1.724583 -0.044329 1.864255
0.000000 -2.540000 0.000000
0.000000 -2.540000 0.000000
0.000000 -2.540000 0.000000
2.054903 0.000000 -1.492975
1.492975 0.000000 -2.054903
2.054903 0.000000 -1.492975
2.539613 -0.044329 0.000000
2.539613 -0.044329 0.000000
2.539613 -0.044329 0.000000
-0.000000 0.000000 -2.540000
-0.000000 0.972016 -2.346654
-0.000000 0.000000 -2.540000
-2.054903 0.000000 1.492975
-2.054903 0.000000 1.492975
-1.492975 0.000000 2.054903
0.000000 -2.540000 0.000000
0.000000 -2.540000 0.000000
0.000000 -2.540000 0.000000
0.000000 -0.000000 2.540000
0.000000 -0.000000 2.540000
0.000000 -0.000000 2.540000
2.540000 0.000000 -0.000000
2.540000 0.000000 -0.000000
2.540000 0.000000 -0.000000
2.540000 -0.000000 -0.000000
2.540000 0.000000 -0.000000
2.066301 -1.477160 -0.000000
-0.775628 2.418678 0.000000
0.784903 2.415684 -0.000000
0.798795 2.411126 -0.000000
0.784903 0.000000 2.415684
1.492975 0.000000 2.054903
0.784903 0.000000 2.415684
0.000000 -2.540000 0.000000
0.000000 -2.540000 0.000000
0.000000 -2.540000 0.000000
0.000000 -2.540000 0.000000
-0.000000 -2.540000 -0.000000
-0.000000 -2.540000 -0.000000
-2.281095 0.000000 1.117231
-2.515855 0.000000 0.349390
-2.415684 0.000000 0.784903
2.536276 -0.132933 0.035081
2.474898 -0.132933 0.555706
2.536276 -0.132933 0.035081
0.000000 -2.540000 0.000000
0.000000 -2.540000 0.000000
0.000000 -2.540000 0.000000
0.000000 2.540000 0.000000
0.000000 2.540000 0.000000
-0.000000 2.540000 0.000000
2.415684 0.000000 -0.784903
2.415684 0.000000 -0.784903
2.054903 0.000000 -1.492975
2.540000 0.000000 -0.000000
2.540000 0.000000 -0.000000
2.540000 0.000000 -0.000000
0.702382 -2.199704 1.058092
0.000000 -2.540000 0.000000
0.939074 -2.199704 0.855009
2.539613 0.044329 0.000000
2.539613 -0.044329 0.000000
2.539613 -0.044329 0.000000
2.539613 0.044329 0.000000
2.539613 -0.044329 0.000000
2.539613 0.044329 0.000000
0.000000 -2.540000 -0.000000
0.000000 -2.540000 0.000000
0.000000 -2.540000 0.000000
2.415684 0.000000 -0.784903
2.415684 0.000000 -0.784903
2.540000 0.000000 0.000000
2.444744 0.000000 0.689078
2.540000 0.000000 -0.000000
2.540000 0.000000 -0.000000
2.540000 0.000000 -0.000000
2.540000 0.000000 0.000000
2.463413 0.000000 0.619030
-0.088631 0.044329 2.538066
0.992945 0.044329 2.337455
0.463149 0.044329 2.497024
-0.000000 -2.540000 -0.000000
0.000000 -2.540000 0.000000
0.000000 -2.540000 0.000000
-1.875715 -0.044329 -1.712112
-1.865461 -0.044329 -1.723279
-2.202029 -0.044329 -1.265189
-2.441206 0.044329 -0.700107
-2.428276 -0.044329 -0.743713
-2.532868 -0.044329 -0.184977
-0.000000 -2.540000 -0.000000
-0.000000 -2.540000 -0.000000
0.000000 -2.540000 0.000000
0.000000 -2.540000 -0.000000
-0.000000 -2.540000 -0.000000
0.000000 -2.540000 0.000000
0.000000 2.540000 0.000000
0.000000 2.540000 0.000000
0.000000 2.540000 0.000000
-1.724583 -0.044329 1.864255
-1.724583 -0.044329 1.864255
-1.724583 -0.044329 1.864255
0.000000 2.540000 0.000000
0.000000 2.540000 0.000000
0.000000 2.540000 0.000000
2.054903 0.000000 -1.492975
2.415684 0.000000 -0.784903
2.054903 0.000000 -1.492975
-1.492975 0.000000 2.054903
-1.492975 0.000000 2.054903
-2.054903 0.000000 1.492975
0.000000 2.540000 0.000000
0.000000 2.540000 0.000000
0.000000 2.540000 0.000000
0.784903 -2.415684 -0.000000
0.784903 -2.415684 -0.000000
-0.784903 -2.415684 0.000000
-0.000000 0.000000 -2.540000
-0.000000 0.000000 -2.540000
-0.000000 0.000000 -2.540000
-0.000000 0.000000 -2.540000
-0.000000 0.000000 -2.540000
-0.000000 0.000000 -2.540000
0.784903 2.415684 -0.000000
0.579474 2.473017 -0.000000
-0.784903 2.415684 0.000000
-1.173980 0.000000 2.252414
-0.412256 0.000000 2.506321
-0.784903 0.000000 2.415684
0.000000 2.540000 0.000000
0.000000 2.540000 0.000000
0.000000 2.540000 0.000000
0.057685 -2.539345 -0.000000
0.784903 -2.415684 -0.000000
-0.784903 -2.415684 0.000000
-0.000000 0.000000 -2.540000
-0.000000 0.000000 -2.540000
-0.000000 0.000000 -2.540000
0.057685 2.539345 -0.000000
-0.784903 2.415684 0.000000
0.784903 2.415684 -0.000000
-0.000000 0.000000 -2.540000
-0.000000 0.000000 -2.540000
-0.000000 0.000000 -2.540000
-2.159552 1.337138 0.000000
-2.496752 0.466724 0.000000
-2.159552 1.337138 0.000000
-0.000000 0.000000 -2.540000
-0.000000 0.000000 -2.540000
-0.000000 0.000000 -2.540000
0.000000 2.540000 0.000000
0.000000 2.540000 0.000000
0.000000 2.540000 0.000000
-0.130252 -0.044329 2.536271
0.455712 -0.044329 2.498392
-0.130252 -0.044329 2.536271
-0.000000 2.540000 0.000000
-0.000000 2.540000 -0.000000
-0.000000 2.540000 0.000000
-0.088631 -0.044329 2.538066
-0.088631 -0.044329 2.538066
0.463149 -0.044329 2.497024
2.054903 0.000000 -1.492975
2.166119 0.000000 -1.326472
1.725025 0.000000 -1.864373
0.000000 2.540000 0.000000
0.000000 2.540000 0.000000
0.000000 2.540000 0.000000
-1.173980 0.000000 2.252414
-0.784903 0.000000 2.415684
-0.412256 0.000000 2.506321
-0.000000 -2.540000 -0.000000
0.000000 -2.540000 0.000000
-0.000000 -2.540000 -0.000000
-0.000000 0.000000 -2.540000
-0.784903 0.000000 -2.415684
-1.284443 0.000000 -2.191303
0.000000 2.540000 0.000000
0.000000 2.540000 0.000000
0.000000 2.540000 -0.000000
-0.579474 -2.473017 0.000000
0.784903 -2.415684 -0.000000
-0.784903 -2.415684 0.000000
-0.000000 0.000000 -2.540000
-0.000000 0.000000 -2.540000
-0.000000 0.000000 -2.540000
-0.000000 0.000000 -2.540000
-0.000000 0.000000 -2.540000
-0.000000 0.000000 -2.540000
0.784903 2.415684 -0.000000
-0.784903 2.415684 0.000000
0.784903 2.415684 -0.000000
-0.000000 2.540000 0.000000
0.000000 2.540000 0.000000
-0.000000 2.540000 0.000000
2.082973 0.132933 -1.447465
1.740936 0.132933 -1.844741
2.082973 0.132933 -1.447465
0.000000 2.540000 0.000000
0.000000 2.540000 0.000000
0.000000 2.540000 0.000000
1.094660 0.000000 2.292012
0.784903 0.000000 2.415684
1.492975 0.000000 2.054903
0.057685 2.539345 -0.000000
-0.784903 2.415684 0.000000
0.784903 2.415684 -0.000000
-0.000000 0.000000 -2.540000
-0.000000 0.000000 -2.540000
-0.000000 0.000000 -2.540000
-0.000000 0.000000 -2.540000
-0.000000 0.000000 -2.540000
-0.000000 0.000000 -2.540000
0.057685 -2.539345 -0.000000
0.784903 -2.415684 -0.000000
-0.784903 -2.415684 0.000000
-0.784903 -2.415684 0.000000
0.784903 -2.415684 -0.000000
-0.784903 -2.415684 0.000000
0.000000 -2.540000 0.000000
-0.000000 -2.540000 0.000000
0.000000 -2.540000 0.000000
-0.784903 2.415684 0.000000
-0.784903 2.415684 0.000000
0.784903 2.415684 -0.000000
-0.000000 2.540000 0.000000
0.000000 2.540000 0.000000
-0.000000 2.540000 0.000000
1.950252 0.044329 1.626699
1.950252 0.044329 1.626699
1.524534 0.044329 2.031116
0.000000 -2.540000 0.000000
0.000000 -2.540000 0.000000
0.000000 -2.540000 0.000000
0.000000 -2.540000 0.000000
0.000000 -2.540000 0.000000
0.000000 -2.540000 0.000000
0.000000 -2.540000 0.000000
0.000000 -2.540000 0.000000
0.000000 -2.540000 0.000000
-0.000000 -2.540000 -0.000000
0.000000 -2.540000 0.000000
0.000000 -2.540000 -0.000000
-2.540000 0.000000 -0.000000
-1.724583 -0.044329 1.864255
-1.724583 -0.044329 1.864255
-2.499212 0.000000 -0.453364
-2.415684 0.000000 -0.784903
-2.232829 0.000000 -1.210815
0.000000 2.540000 0.000000
-0.000000 2.540000 -0.000000
0.000000 2.540000 0.000000
1.877083 1.711187 -0.000000
1.877083 1.711187 -0.000000
2.368479 0.917554 -0.000000
0.000000 -0.000000 2.540000
0.000000 -0.000000 2.540000
0.000000 -0.000000 2.540000
-0.000000 0.972016 -2.346654
-0.000000 0.991435 -2.338516
-0.000000 0.000000 -2.540000
2.540000 0.000000 -0.000000
2.540000 0.000000 -0.000000
2.540000 0.000000 -0.000000
0.000000 2.540000 0.000000
0.000000 2.540000 0.000000
-0.000000 2.540000 -0.000000
2.444744 0.000000 0.689078
2.415684 0.000000 0.784903
2.540000 0.000000 -0.000000
1.260417 0.000000 2.205209
1.154545 0.000000 2.262438
1.725025 0.000000 1.864373
1.404764 0.000000 2.116185
0.846667 0.000000 2.394735
0.924306 0.000000 2.365853
-1.724583 -0.044329 1.864255
-1.724583 -0.044329 1.864255
-1.250339 -0.044329 2.210495
0.000000 -2.540000 0.000000
-0.000000 -2.540000 0.000000
-0.000000 -2.540000 0.000000
1.020075 -0.044329 2.325743
1.020075 -0.044329 2.325743
0.521127 -0.044329 2.485571
0.000000 2.540000 0.000000
0.000000 2.540000 0.000000
0.000000 2.540000 0.000000
0.000000 2.540000 0.000000
0.000000 2.540000 0.000000
0.000000 2.540000 0.000000
1.492975 0.000000 -2.054903
1.725025 0.000000 -1.864373
2.054903 0.000000 -1.492975
1.020075 0.044329 2.325743
0.521127 0.044329 2.485571
1.020075 0.044329 2.325743
0.000000 -2.540000 0.000000
0.000000 -2.540000 0.000000
0.000000 -2.540000 0.000000
2.540000 0.000000 -0.000000
2.540000 0.000000 -0.000000
2.540000 0.000000 -0.000000
0.000000 1.796051 1.796051
0.000000 0.972016 2.346654
0.000000 1.796051 1.796051
-2.539613 -0.044329 0.000000
-2.539613 0.044329 0.000000
-2.539613 0.044329 0.000000
0.000000 2.540000 0.000000
0.000000 2.540000 0.000000
-0.000000 2.540000 0.000000
-2.540000 -0.000000 0.000000
-2.540000 -0.000000 0.000000
-2.540000 -0.000000 0.000000
-0.000000 -0.772668 -2.419625
-0.000000 0.000000 -2.540000
-0.000000 0.000000 -2.540000
2.368479 0.917554 -0.000000
2.540000 -0.000000 -0.000000
2.368479 0.917554 -0.000000
-0.000000 0.000000 -2.540000
-0.000000 0.000000 -2.540000
-0.000000 0.000000 -2.540000
2.444744 0.000000 0.689078
2.540000 0.000000 0.000000
2.415684 0.000000 0.784903
0.000000 -2.540000 0.000000
-0.000000 -2.540000 -0.000000
0.000000 -2.540000 0.000000
0.000000 -2.540000 0.000000
0.000000 -2.540000 0.000000
0.000000 -2.540000 0.000000
-2.054903 0.000000 -1.492975
-2.415684 0.000000 -0.784903
-2.054903 0.000000 -1.492975
0.000000 2.540000 0.000000
0.000000 2.540000 0.000000
0.000000 2.540000 0.000000
0.000000 0.000000 2.540000
0.000000 0.000000 2.540000
0.000000 0.000000 2.540000
-0.000000 2.540000 0.000000
0.000000 2.540000 0.000000
0.000000 2.540000 0.000000
-2.415684 0.000000 -0.784903
-2.540000 0.000000 0.000000
-2.499212 0.000000 -0.453364
-1.724583 0.044329 1.864255
-1.724583 0.044329 1.864255
-1.724583 0.044329 1.864255
0.000000 2.540000 -0.000000
0.000000 2.540000 0.000000
0.000000 2.540000 0.000000
-0.000000 -2.540000 0.000000
0.000000 -2.540000 0.000000
0.000000 -2.540000 0.000000
-1.724583 -0.044329 1.864255
-1.724583 -0.044329 1.864255
-1.724583 -0.044329 1.864255
0.000000 -2.536519 0.132933
0.000000 -2.536519 0.132933
0.000000 -2.536519 0.132933
2.536519 0.000000 0.132933
2.536519 0.000000 0.132933
2.536519 0.000000 0.132933
2.540000 0.000000 -0.000000
2.540000 0.000000 -0.000000
2.540000 0.000000 -0.000000
-0.000000 -2.540000 -0.000000
0.000000 -2.540000 0.000000
-0.000000 -2.540000 -0.000000
0.000000 -2.540000 0.000000
-0.000000 -2.540000 0.000000
0.000000 -2.540000 0.000000
0.122295 0.000000 2.537054
-0.017453 0.000000 2.539940
0.577273 0.000000 2.473531
0.000000 2.540000 0.000000
0.000000 2.540000 0.000000
0.000000 2.540000 0.000000
-0.000000 0.000000 2.540000
-0.000000 0.000000 2.540000
-0.784903 0.000000 2.415684
-0.784903 0.000000 2.415684
-0.784903 0.000000 2.415684
-0.000000 0.000000 2.540000
0.000000 -2.540000 0.000000
0.000000 -2.540000 0.000000
0.000000 -2.540000 0.000000
-1.206944 0.000000 2.234924
-0.611211 0.000000 2.465364
-0.784647 0.000000 2.415767
0.000000 -2.540000 0.000000
0.000000 -2.540000 0.000000
0.000000 -2.540000 0.000000
-2.415684 0.000000 0.784903
-2.281095 0.000000 1.117231
-2.054903 0.000000 1.492975
0.000000 -2.540000 0.000000
-0.000000 -2.540000 0.000000
0.000000 -2.540000 0.000000
0.000000 2.540000 0.000000
-0.000000 2.540000 -0.000000
0.000000 2.540000 0.000000
-2.415684 0.000000 -0.784903
-2.415684 0.000000 -0.784903
-2.054903 0.000000 -1.492975
0.000000 2.540000 0.000000
0.000000 2.540000 0.000000
0.000000 2.540000 0.000000
0.463149 -0.044329 2.497024
0.463149 -0.044329 2.497024
0.992945 -0.044329 2.337455
0.000000 -0.000000 2.540000
0.000000 -0.000000 2.540000
0.000000 -0.000000 2.540000
0.784903 -2.415684 -0.000000
0.784903 -2.415684 -0.000000
-0.784903 -2.415684 0.000000
-0.784903 2.415684 0.000000
-0.784903 2.415684 0.000000
0.784903 2.415684 -0.000000
0.000000 -0.000000 2.540000
0.000000 -0.000000 2.540000
0.000000 -0.000000 2.540000
1.154545 0.000000 -2.262438
0.784903 0.000000 -2.415684
1.492975 0.000000 -2.054903
0.000000 -2.540000 0.000000
-0.000000 -2.540000 0.000000
0.000000 -2.540000 0.000000
-0.775628 -2.418678 0.000000
0.784903 -2.415684 -0.000000
-0.784903 -2.415684 0.000000
-0.000000 0.000000 -2.540000
-0.000000 0.000000 -2.540000
-0.000000 0.000000 -2.540000
-0.000000 0.000000 -2.540000
-0.000000 0.000000 -2.540000
-0.000000 0.000000 -2.540000
-0.775628 2.418678 0.000000
-0.784903 2.415684 0.000000
0.784903 2.415684 -0.000000
0.000000 -2.540000 0.000000
-0.000000 -2.540000 0.000000
0.000000 -2.540000 0.000000
2.474898 -0.132933 0.555706
2.474898 -0.132933 0.555706
2.536276 -0.132933 0.035081
1.492975 0.000000 2.054903
2.054903 0.000000 1.492975
1.492975 0.000000 2.054903
0.000000 2.540000 0.000000
0.000000 2.540000 0.000000
0.000000 2.540000 0.000000
2.540000 0.000000 0.000000
2.540000 0.000000 0.000000
2.540000 0.000000 0.000000
2.410370 0.000000 0.801072
2.536519 0.000000 0.132933
2.514485 0.000000 0.359117
-1.250339 0.044329 2.210495
-1.724583 0.044329 1.864255
-1.724583 0.044329 1.864255
0.000000 2.540000 -0.000000
0.000000 2.540000 0.000000
-0.000000 2.540000 0.000000
1.950252 -0.044329 1.626699
1.950252 -0.044329 1.626699
2.271713 -0.044329 1.135321
0.000000 2.540000 0.000000
0.000000 2.540000 0.000000
0.000000 2.540000 0.000000
0.000000 -2.540000 0.000000
0.000000 -2.540000 0.000000
0.000000 -2.540000 0.000000
-2.054903 0.000000 -1.492975
-2.054903 0.000000 -1.492975
-2.415684 0.000000 -0.784903
2.471731 0.044329 0.583251
2.539613 0.044329 0.000000
2.471731 0.044329 0.583251
0.000000 -2.540000 0.000000
0.000000 -2.540000 0.000000
0.000000 -2.540000 0.000000
0.000000 2.540000 0.000000
0.000000 2.540000 0.000000
0.000000 2.540000 0.000000
2.471731 -0.044329 0.583251
2.471731 -0.044329 0.583251
2.539613 -0.044329 -0.000000
0.000000 -2.540000 0.000000
0.000000 -2.540000 0.000000
0.000000 -2.540000 0.000000
2.471731 -0.044329 0.583251
2.539613 -0.044329 0.000000
2.539613 -0.044329 -0.000000
2.540000 0.000000 -0.000000
2.540000 0.000000 -0.000000
2.540000 0.000000 -0.000000
2.066301 1.477160 -0.000000
2.540000 0.000000 -0.000000
2.540000 -0.000000 -0.000000
2.463413 0.000000 0.619030
2.238270 0.000000 1.200729
2.444744 0.000000 0.689078
2.415684 0.000000 0.784903
2.238270 0.000000 1.200729
2.463413 0.000000 0.619030
-2.536519 -0.000000 0.132933
-2.536519 -0.000000 0.132933
-2.536519 0.000000 0.132933
0.000000 0.000000 2.540000
0.000000 0.000000 2.540000
0.000000 -0.000000 2.540000
-0.000000 2.540000 -0.000000
-0.000000 2.349865 -0.964227
-0.000000 2.346654 -0.972016
2.539613 -0.044329 0.000000
2.539613 -0.044329 0.000000
2.539613 -0.044329 0.000000
0.000000 2.540000 0.000000
-0.000000 2.540000 0.000000
0.000000 2.540000 0.000000
2.536276 0.132933 0.035081
2.536276 0.132933 0.035081
2.474898 0.132933 0.555706
0.784903 0.000000 -2.415684
1.492975 0.000000 -2.054903
0.784903 0.000000 -2.415684
-0.000000 -2.540000 0.000000
0.000000 -2.540000 0.000000
0.000000 -2.540000 0.000000
0.000000 2.540000 0.000000
0.000000 2.540000 0.000000
-0.000000 2.540000 -0.000000
2.471731 0.044329 0.583251
2.471731 0.044329 0.583251
2.271713 0.044329 1.135321
2.444744 0.000000 0.689078
2.166119 0.000000 1.326472
2.415684 0.000000 0.784903
2.238270 0.000000 1.200729
2.166119 0.000000 1.326472
2.444744 0.000000 0.689078
0.409663 0.000000 -2.506746
-0.000000 0.000000 -2.540000
1.154545 0.000000 -2.262438
2.540000 0.000000 -0.000000
2.540000 0.000000 -0.000000
2.540000 0.000000 -0.000000
-0.000000 0.000000 -2.540000
-0.000000 0.000000 -2.540000
-0.000000 0.000000 -2.540000
-1.530692 2.026964 0.000000
-1.530692 2.026964 0.000000
-0.695104 2.443037 0.000000
0.000000 -2.540000 0.000000
0.000000 -2.540000 0.000000
0.000000 -2.540000 0.000000
2.271713 -0.044329 1.135321
1.950252 -0.044329 1.626699
2.271713 -0.044329 1.135321
-0.000000 -2.540000 -0.000000
-0.000000 -2.540000 -0.000000
0.000000 -2.540000 0.000000
1.020075 0.044329 2.325743
0.992945 0.044329 2.337455
1.020075 0.044329 2.325743
-0.000000 2.540000 -0.000000
0.000000 2.540000 0.000000
-0.000000 2.540000 -0.000000
-1.865461 0.044329 -1.723279
-1.875715 -0.044329 -1.712112
-2.202029 0.044329 -1.265189
-1.250339 -0.044329 2.210495
-1.724583 -0.044329 1.864255
-1.250339 -0.044329 2.210495
0.000000 2.540000 0.000000
0.000000 2.540000 0.000000
0.000000 2.540000 0.000000
-1.250339 0.044329 2.210495
-1.250339 0.044329 2.210495
-1.724583 0.044329 1.864255
0.000000 -2.540000 0.000000
0.000000 -2.540000 0.000000
0.000000 -2.540000 0.000000
-0.000000 2.540000 0.000000
0.000000 2.540000 0.000000
-0.000000 2.540000 0.000000
-2.362480 0.044329 0.931839
-2.321666 0.044329 1.029320
-2.096037 0.044329 1.433968
-1.250339 -0.044329 2.210495
-1.250339 -0.044329 2.210495
-0.709254 -0.044329 2.438564
0.000000 -2.540000 0.000000
0.000000 -2.540000 -0.000000
-0.000000 -2.540000 0.000000
0.000000 2.540000 0.000000
0.000000 2.540000 0.000000
0.000000 2.540000 0.000000
1.524534 0.044329 2.031116
1.950252 0.044329 1.626699
1.524534 0.044329 2.031116
0.000000 -2.540000 0.000000
0.000000 -2.540000 0.000000
0.000000 -2.540000 0.000000
1.017315 0.044329 2.326952
0.455712 0.044329 2.498392
1.017315 0.044329 2.326952
0.000000 -2.540000 0.000000
0.000000 -2.540000 0.000000
0.000000 -2.540000 0.000000
2.271713 0.044329 1.135321
2.271713 0.044329 1.135321
1.950252 0.044329 1.626699
-0.784903 -2.415684 0.000000
0.784903 -2.415684 -0.000000
-0.784903 -2.415684 0.000000
-0.000000 0.000000 -2.540000
-0.000000 0.000000 -2.540000
-0.000000 0.000000 -2.540000
0.784903 2.415684 -0.000000
-0.784903 2.415684 0.000000
0.784903 2.415684 -0.000000
-0.000000 0.000000 -2.540000
-0.000000 0.000000 -2.540000
-0.000000 0.000000 -2.540000
-2.159552 -1.337138 0.000000
-2.159552 -1.337138 0.000000
-1.530692 -2.026964 0.000000
-0.000000 0.000000 -2.540000
-0.000000 0.000000 -2.540000
-0.000000 0.000000 -2.540000
-0.000000 -2.540000 0.000000
-0.000000 -2.540000 0.000000
0.000000 -2.540000 0.000000
-2.362480 -0.044329 0.931839
-2.096037 -0.044329 1.433968
-2.321666 -0.044329 1.029320
0.000000 2.540000 0.000000
0.000000 2.540000 0.000000
0.000000 2.540000 0.000000
1.017315 -0.044329 2.326952
1.017315 -0.044329 2.326952
1.524534 -0.044329 2.031116
1.877083 -1.711187 -0.000000
1.877083 -1.711187 -0.000000
1.132175 -2.273715 -0.000000
0.000000 -0.000000 2.540000
0.000000 -0.000000 2.540000
0.000000 -0.000000 2.540000
0.000000 -2.540000 0.000000
0.000000 -2.540000 0.000000
0.000000 -2.540000 0.000000
0.000000 0.044329 2.539613
0.521127 0.044329 2.485571
0.000000 0.044329 2.539613
0.521127 -0.044329 2.485571
0.000000 -0.044329 2.539613
0.000000 -0.044329 2.539613
0.000000 2.540000 0.000000
0.000000 2.540000 0.000000
0.000000 2.540000 0.000000
0.992945 0.044329 2.337455
0.992945 0.044329 2.337455
0.463149 0.044329 2.497024
0.000000 -2.540000 0.000000
0.000000 -2.540000 0.000000
0.000000 -2.540000 0.000000
2.539613 0.044329 0.000000
2.539613 0.044329 0.000000
2.539613 0.044329 0.000000
0.000000 -1.796051 1.796051
0.000000 -1.796051 1.796051
0.000000 -2.346654 0.972016
2.539613 0.044329 0.000000
2.539613 0.044329 0.000000
2.539613 0.044329 0.000000
-0.000000 -0.772668 -2.419625
-0.000000 -0.972016 -2.346654
-0.000000 0.000000 -2.540000
2.054903 0.000000 1.492975
2.238270 0.000000 1.200729
2.415684 0.000000 0.784903
0.000000 -2.540000 0.000000
-0.000000 -2.540000 -0.000000
0.000000 -2.540000 0.000000
-2.415684 0.000000 0.784903
-2.054903 0.000000 1.492975
-2.281095 0.000000 1.117231
0.000000 2.540000 0.000000
0.000000 2.540000 0.000000
-0.000000 2.540000 0.000000
0.000000 2.540000 0.000000
0.000000 2.540000 0.000000
0.000000 2.540000 0.000000
-1.492975 0.000000 -2.054903
-1.492975 0.000000 -2.054903
-0.784903 0.000000 -2.415684
2.054903 0.000000 -1.492975
2.415684 0.000000 -0.784903
2.166119 0.000000 -1.326472
0.000000 -2.540000 0.000000
-0.000000 -2.540000 0.000000
0.000000 -2.540000 0.000000
0.000000 2.540000 0.000000
0.000000 2.540000 0.000000
-0.000000 2.540000 0.000000
2.166119 0.000000 -1.326472
2.415684 0.000000 -0.784903
2.054903 0.000000 -1.492975
0.000000 2.540000 0.000000
0.000000 2.540000 0.000000
-0.000000 2.540000 -0.000000
2.166119 0.000000 1.326472
2.054903 0.000000 1.492975
2.415684 0.000000 0.784903
-2.415684 0.000000 -0.784903
-2.540000 0.000000 0.000000
-2.415684 0.000000 -0.784903
0.000000 -2.540000 0.000000
0.000000 -2.540000 0.000000
0.000000 -2.540000 0.000000
-0.000000 -2.540000 -0.000000
0.000000 -2.540000 0.000000
0.000000 -2.540000 0.000000
-1.875715 -0.044329 -1.712112
-1.435434 -0.044329 -2.095034
-1.865461 -0.044329 -1.723279
0.000000 -2.540000 0.000000
0.000000 -2.540000 0.000000
0.000000 -2.540000 0.000000
1.524534 -0.044329 2.031116
1.017315 -0.044329 2.326952
1.524534 -0.044329 2.031116
-0.000000 2.540000 -0.000000
-0.000000 2.540000 -0.000000
-0.000000 2.540000 0.000000
1.020075 -0.044329 2.325743
1.020075 -0.044329 2.325743
1.475609 -0.044329 2.066933
0.000000 2.540000 0.000000
0.000000 2.540000 0.000000
0.000000 2.540000 0.000000
2.415684 0.000000 0.784903
2.054903 0.000000 1.492975
2.415684 0.000000 0.784903
0.000000 -2.540000 0.000000
0.000000 -2.540000 0.000000
0.000000 -2.540000 0.000000
0.784903 0.000000 -2.415684
0.784903 0.000000 -2.415684
-0.000000 0.000000 -2.540000
0.000000 2.540000 0.000000
0.000000 2.540000 0.000000
0.000000 2.540000 0.000000
0.784903 0.000000 -2.415684
-0.000000 0.000000 -2.540000
0.784903 0.000000 -2.415684
0.000000 -0.000000 2.540000
0.000000 -0.000000 2.540000
0.000000 -0.000000 2.540000
-1.530692 2.026964 0.000000
-1.530692 2.026964 0.000000
-2.159552 1.337138 0.000000
-2.441206 0.044329 -0.700107
-2.428276 0.044329 -0.743713
-2.216978 0.044329 -1.238808
-2.428276 -0.044329 -0.743713
-2.441206 0.044329 -0.700107
-2.216978 0.044329 -1.238808
1.132175 -2.273715 -0.000000
1.877083 -1.711187 -0.000000
1.132175 -2.273715 -0.000000
-0.000000 0.000000 -2.540000
-0.000000 0.000000 -2.540000
-0.000000 0.000000 -2.540000
0.000000 -2.540000 0.000000
0.000000 -2.540000 0.000000
0.000000 -2.540000 0.000000
1.492975 0.000000 2.054903
0.784903 0.000000 2.415684
1.492975 0.000000 2.054903
1.492975 0.000000 2.054903
1.492975 0.000000 2.054903
0.784903 0.000000 2.415684
0.000000 2.540000 0.000000
0.000000 2.540000 0.000000
0.000000 2.540000 0.000000
-2.159552 -1.337138 0.000000
-2.496752 -0.466724 0.000000
-2.159552 -1.337138 0.000000
0.000000 -0.000000 2.540000
0.000000 -0.000000 2.540000
0.000000 -0.000000 2.540000
0.000000 -0.000000 2.540000
0.000000 -0.000000 2.540000
0.000000 -0.000000 2.540000
0.798795 -2.411126 -0.000000
0.784903 -2.415684 -0.000000
-0.775628 -2.418678 0.000000
-0.784903 0.000000 -2.415684
-0.784903 0.000000 -2.415684
-1.492975 0.000000 -2.054903
0.000000 -2.540000 0.000000
0.000000 -2.540000 0.000000
0.000000 -2.540000 0.000000
0.000000 2.540000 0.000000
0.000000 2.540000 0.000000
-0.000000 2.540000 0.000000
2.536276 0.132933 0.035081
2.489321 0.132933 -0.487042
2.536276 0.132933 0.035081
1.154545 0.000000 2.262438
1.492975 0.000000 2.054903
1.725025 0.000000 1.864373
0.000000 -2.540000 0.000000
0.000000 -2.540000 0.000000
0.000000 -2.540000 0.000000
2.540000 0.000000 -0.000000
2.540000 0.000000 -0.000000
2.054903 -1.492975 -0.000000
-0.000000 0.000000 -2.540000
-0.000000 0.000000 -2.540000
-0.000000 0.000000 -2.540000
0.000000 -2.540000 0.000000
0.000000 -2.540000 0.000000
0.000000 -2.540000 0.000000
-2.499212 0.000000 -0.453364
-2.540000 0.000000 0.000000
-2.415684 0.000000 -0.784903
2.415684 0.000000 0.784903
2.415684 0.000000 0.784903
2.540000 0.000000 0.000000
0.000000 -2.540000 0.000000
0.000000 -2.540000 0.000000
0.000000 -2.540000 0.000000
-0.000000 -2.540000 -0.000000
-0.000000 -2.540000 -0.000000
-0.000000 -2.346654 -0.972016
-2.054903 0.000000 -1.492975
-2.232829 0.000000 -1.210815
-1.743325 0.000000 -1.847273
-0.784903 0.000000 2.415684
-1.492975 0.000000 2.054903
-0.784903 0.000000 2.415684
0.000000 2.540000 0.000000
0.000000 2.540000 0.000000
0.000000 2.540000 0.000000
-1.492975 0.000000 2.054903
-0.784903 0.000000 2.415684
-1.492975 0.000000 2.054903
0.000000 -2.540000 0.000000
0.000000 -2.540000 0.000000
0.000000 -2.540000 0.000000
1.492975 0.000000 -2.054903
1.492975 0.000000 -2.054903
2.054903 0.000000 -1.492975
-0.000000 2.540000 0.000000
0.000000 2.540000 0.000000
0.000000 2.540000 0.000000
-2.540000 0.000000 0.000000
-2.540000 0.000000 0.000000
-2.415684 0.000000 -0.784903
0.000000 2.540000 0.000000
0.000000 2.540000 0.000000
0.000000 2.540000 0.000000
2.540000 0.000000 -0.000000
2.054903 1.492975 -0.000000
2.540000 0.000000 -0.000000
-0.000000 0.000000 -2.540000
-0.000000 0.000000 -2.540000
-0.000000 0.000000 -2.540000
0.000000 2.540000 0.000000
0.000000 2.540000 0.000000
0.000000 2.540000 0.000000
-2.515855 0.000000 0.349390
-2.540000 0.000000 0.000000
-2.499212 0.000000 -0.453364
-0.000000 -2.540000 0.000000
-0.000000 -2.540000 -0.000000
0.000000 -2.540000 0.000000
-2.532868 -0.044329 -0.184977
-2.510563 -0.044329 0.383026
-2.536562 0.044329 -0.124447
-0.000000 -2.540000 -0.000000
-0.000000 -2.540000 -0.000000
0.000000 -2.540000 0.000000
-2.540000 0.000000 0.000000
-2.515855 0.000000 0.349390
-2.499212 0.000000 -0.453364
-2.415684 0.000000 -0.784903
-2.054903 0.000000 -1.492975
-2.415684 0.000000 -0.784903
0.000000 2.540000 0.000000
0.000000 2.540000 0.000000
0.000000 2.540000 0.000000
-0.000000 -2.540000 0.000000
0.000000 -2.540000 0.000000
0.000000 -2.540000 0.000000
2.054903 0.000000 1.492975
2.415684 0.000000 0.784903
2.054903 0.000000 1.492975
-2.536562 0.044329 -0.124447
-2.510563 0.044329 0.383026
-2.532868 0.044329 -0.184977
-0.000000 2.540000 0.000000
0.000000 2.540000 0.000000
-0.000000 2.540000 -0.000000
-2.232829 0.000000 -1.210815
-2.054903 0.000000 -1.492975
-2.415684 0.000000 -0.784903
0.000000 2.540000 0.000000
-0.000000 2.540000 0.000000
0.000000 2.540000 0.000000
0.000000 -2.540000 0.000000
0.000000 -2.540000 0.000000
0.000000 -2.540000 0.000000
1.492975 0.000000 2.054903
1.492975 0.000000 2.054903
2.054903 0.000000 1.492975
1.492975 0.000000 -2.054903
2.054903 0.000000 -1.492975
1.492975 0.000000 -2.054903
0.000000 2.540000 0.000000
0.000000 2.540000 0.000000
0.000000 2.540000 0.000000
2.415684 0.000000 0.784903
2.415684 0.000000 0.784903
2.054903 0.000000 1.492975
0.000000 2.540000 0.000000
0.000000 2.540000 0.000000
0.000000 2.540000 0.000000
0.000000 -2.540000 0.000000
-0.000000 -2.540000 0.000000
0.000000 -2.540000 0.000000
-2.054903 0.000000 1.492975
-1.818391 0.000000 1.773430
-1.492975 0.000000 2.054903
-2.321666 -0.044329 1.029320
-2.096037 -0.044329 1.433968
-1.960870 -0.044329 1.613885
0.000000 2.540000 0.000000
0.000000 2.540000 0.000000
0.000000 2.540000 0.000000
-2.540000 0.000000 0.000000
-2.054903 1.492975 0.000000
-2.540000 0.000000 0.000000
0.000000 2.540000 0.000000
0.000000 2.540000 0.000000
0.000000 2.540000 0.000000
-0.784903 0.000000 2.415684
-0.784903 0.000000 2.415684
-1.492975 0.000000 2.054903
0.000000 2.540000 0.000000
0.000000 2.540000 0.000000
0.000000 2.540000 0.000000
0.000000 -2.540000 0.000000
0.000000 -2.540000 0.000000
0.000000 -2.540000 0.000000
-1.492975 0.000000 2.054903
-1.492975 0.000000 2.054903
-0.784903 0.000000 2.415684
-0.000000 0.000000 -2.540000
0.784903 0.000000 -2.415684
-0.000000 0.000000 -2.540000
0.000000 2.540000 0.000000
0.000000 2.540000 -0.000000
0.000000 2.540000 0.000000
-1.960870 0.044329 1.613885
-1.724583 0.044329 1.864255
-1.724583 0.044329 1.864255
0.000000 -2.540000 0.000000
0.000000 -2.540000 0.000000
0.000000 -2.540000 0.000000
-0.709254 0.044329 2.438564
-0.130252 0.044329 2.536271
-0.709254 0.044329 2.438564
0.000000 -2.540000 0.000000
0.000000 -2.540000 0.000000
0.000000 -2.540000 0.000000
0.000000 2.540000 0.000000
0.000000 2.540000 0.000000
0.000000 2.540000 0.000000
-1.492975 0.000000 -2.054903
-0.784903 0.000000 -2.415684
-1.492975 0.000000 -2.054903
-0.784903 0.000000 -2.415684
-1.492975 0.000000 -2.054903
-0.784903 0.000000 -2.415684
0.000000 -2.540000 0.000000
0.000000 -2.540000 0.000000
0.000000 -2.540000 0.000000
0.122295 0.000000 2.537054
0.577273 0.000000 2.473531
0.577273 0.000000 2.473531
0.000000 -2.540000 0.000000
0.000000 -2.540000 0.000000
0.000000 -2.540000 0.000000
1.725025 0.000000 -1.864373
1.154545 0.000000 -2.262438
1.492975 0.000000 -2.054903
0.000000 2.540000 0.000000
0.000000 2.540000 0.000000
0.000000 2.540000 0.000000
0.000000 2.540000 0.000000
0.000000 2.540000 0.000000
0.000000 2.540000 0.000000
-1.818391 0.000000 1.773430
-1.173980 0.000000 2.252414
-1.492975 0.000000 2.054903
0.000000 2.540000 0.000000
0.000000 2.540000 0.000000
-0.000000 2.540000 0.000000
-1.492975 0.000000 2.054903
-0.784903 0.000000 2.415684
-1.173980 0.000000 2.252414
0.000000 -2.540000 0.000000
0.000000 -2.540000 0.000000
0.000000 -2.540000 0.000000
-2.415684 0.000000 0.784903
-2.415684 0.000000 0.784903
-2.054903 0.000000 1.492975
-0.000000 -2.540000 -0.000000
0.000000 -2.540000 0.000000
-0.000000 -2.540000 -0.000000
-1.818391 0.000000 1.773430
-1.492975 0.000000 2.054903
-1.173980 0.000000 2.252414
0.000000 2.540000 0.000000
0.000000 2.540000 0.000000
0.000000 2.540000 0.000000
-2.054903 0.000000 1.492975
-2.415684 0.000000 0.784903
-2.054903 0.000000 1.492975
0.521127 -0.044329 2.485571
0.521127 -0.044329 2.485571
0.000000 -0.044329 2.539613
-0.000000 2.540000 -0.000000
0.000000 2.540000 0.000000
-0.000000 2.540000 0.000000
0.000000 -2.540000 0.000000
-0.000000 -2.540000 0.000000
0.000000 -2.540000 0.000000
-2.540000 0.000000 0.000000
-2.540000 -0.000000 0.000000
-2.054903 -1.492975 0.000000
-0.000000 0.000000 -2.540000
-0.000000 0.000000 -2.540000
-0.000000 0.000000 -2.540000
1.132175 2.273715 -0.000000
1.132175 2.273715 -0.000000
0.234362 2.529165 -0.000000
0.000000 -2.540000 0.000000
-0.000000 -2.540000 0.000000
0.000000 -2.540000 0.000000
2.489321 -0.132933 -0.487042
2.536276 -0.132933 0.035081
2.489321 -0.132933 -0.487042
-1.171042 0.000000 2.253943
-0.611211 0.000000 2.465364
-1.206944 0.000000 2.234924
0.000000 -2.540000 0.000000
-0.000000 -2.540000 0.000000
-0.000000 -2.540000 0.000000
0.000000 -2.540000 0.000000
0.000000 -2.540000 0.000000
0.000000 -2.540000 0.000000
-0.000000 0.000000 2.540000
0.784903 0.000000 2.415684
-0.000000 0.000000 2.540000
-0.000000 2.540000 0.000000
0.000000 2.540000 0.000000
0.000000 2.540000 0.000000
-0.000000 2.540000 0.000000
-0.000000 2.540000 0.000000
0.000000 2.540000 0.000000
2.336037 -0.132933 -0.988362
2.336037 -0.132933 -0.988362
2.082973 -0.132933 -1.447465
-0.000000 -2.540000 0.000000
-0.000000 -2.540000 0.000000
0.000000 -2.540000 0.000000
0.939074 2.199704 0.855009
0.000000 2.540000 0.000000
0.000000 2.540000 0.000000
0.000000 2.540000 0.000000
0.702382 2.199704 1.058092
0.000000 2.540000 0.000000
-0.000000 -2.540000 -0.000000
-0.000000 -2.540000 -0.000000
0.000000 -2.540000 -0.000000
0.521127 0.044329 2.485571
0.521127 0.044329 2.485571
0.000000 0.044329 2.539613
2.444744 0.000000 -0.689078
2.415684 0.000000 -0.784903
2.166119 0.000000 -1.326472
0.000000 -2.540000 0.000000
0.000000 -2.540000 0.000000
0.000000 -2.540000 0.000000
0.000000 -2.540000 0.000000
0.000000 -2.540000 0.000000
0.000000 -2.540000 0.000000
-2.540000 0.000000 0.000000
-2.415684 0.000000 -0.784903
-2.540000 0.000000 0.000000
-0.000000 0.000000 -2.540000
-0.000000 0.000000 -2.540000
-0.000000 0.000000 -2.540000
-0.695104 -2.443037 0.000000
0.234362 -2.529165 -0.000000
-0.695104 -2.443037 0.000000
-2.054903 0.000000 1.492975
-2.054903 0.000000 1.492975
-2.415684 0.000000 0.784903
0.000000 -2.540000 0.000000
0.000000 -2.540000 0.000000
0.000000 -2.540000 0.000000
-2.336843 -0.995371 0.000000
-2.054903 -1.492975 0.000000
-2.540000 0.000000 0.000000
-0.000000 0.000000 -2.540000
-0.000000 0.000000 -2.540000
-0.000000 0.000000 -2.540000
0.488748 0.000000 2.492534
-0.000000 0.000000 2.540000
0.784903 0.000000 2.415684
0.000000 2.540000 0.000000
0.000000 2.540000 0.000000
-0.000000 2.540000 0.000000
0.000000 -0.000000 2.540000
0.000000 -0.000000 2.540000
0.000000 -0.000000 2.540000
1.132175 2.273715 -0.000000
1.132175 2.273715 -0.000000
1.877083 1.711187 -0.000000
0.000000 -2.540000 0.000000
0.000000 -2.540000 0.000000
0.000000 -2.540000 0.000000
1.094660 0.000000 2.292012
1.492975 0.000000 2.054903
0.784903 0.000000 2.415684
0.390664 0.000000 2.509777
0.125037 0.000000 2.536921
-0.412256 0.000000 2.506321
0.000000 2.540000 0.000000
0.000000 2.540000 0.000000
0.000000 2.540000 0.000000
0.000000 -2.540000 0.000000
0.000000 -2.540000 0.000000
0.000000 -2.540000 0.000000
1.492975 0.000000 -2.054903
1.154545 0.000000 -2.262438
1.725025 0.000000 -1.864373
2.415684 0.000000 -0.784903
2.415684 0.000000 -0.784903
2.054903 0.000000 -1.492975
0.000000 -2.540000 -0.000000
0.000000 -2.540000 0.000000
0.000000 -2.540000 0.000000
0.438091 0.000000 -2.501935
0.784903 0.000000 -2.415684
-0.000000 0.000000 -2.540000
0.000000 2.540000 0.000000
0.000000 2.540000 0.000000
0.000000 2.540000 -0.000000
2.415684 0.000000 -0.784903
2.415684 0.000000 -0.784903
2.540000 0.000000 0.000000
0.000000 2.540000 -0.000000
0.000000 2.540000 0.000000
0.000000 2.540000 0.000000
-0.000000 0.000000 -2.540000
-0.000000 0.000000 -2.540000
-0.000000 0.000000 -2.540000
2.341824 -0.983596 -0.000000
2.540000 0.000000 -0.000000
2.054903 -1.492975 -0.000000
0.000000 -2.540000 0.000000
0.000000 -2.540000 0.000000
0.000000 -2.540000 0.000000
2.054903 0.000000 -1.492975
2.415684 0.000000 -0.784903
2.054903 0.000000 -1.492975
-0.000000 0.000000 -2.540000
-0.000000 0.000000 -2.540000
-0.000000 0.000000 -2.540000
-2.496752 -0.466724 0.000000
-2.496752 -0.466724 0.000000
-2.159552 -1.337138 0.000000
0.000000 2.540000 0.000000
0.000000 2.540000 0.000000
0.000000 2.540000 0.000000
2.415684 0.000000 -0.784903
2.444744 0.000000 -0.689078
2.166119 0.000000 -1.326472
0.000000 -2.540000 0.000000
0.000000 -2.540000 0.000000
0.000000 -2.540000 0.000000
-1.743325 0.000000 -1.847273
-2.054903 0.000000 -1.492975
-1.492975 0.000000 -2.054903
0.000000 -2.540000 0.000000
-0.000000 -2.540000 0.000000
0.000000 -2.540000 0.000000
1.154545 0.000000 -2.262438
-0.000000 0.000000 -2.540000
0.784903 0.000000 -2.415684
2.540000 0.000000 -0.000000
2.540000 0.000000 -0.000000
2.540000 0.000000 -0.000000
0.000000 2.540000 0.000000
0.000000 2.540000 0.000000
0.000000 2.540000 0.000000
-0.000000 1.825580 -1.766029
-0.000000 1.796051 -1.796051
-0.000000 2.072801 -1.468024
-0.000000 2.370099 -0.913363
-0.000000 1.825580 -1.766029
-0.000000 2.072801 -1.468024
-2.496752 0.466724 0.000000
-2.496752 0.466724 0.000000
-2.159552 1.337138 0.000000
0.000000 -0.000000 2.540000
0.000000 -0.000000 2.540000
0.000000 -0.000000 2.540000
0.000000 2.540000 0.000000
0.000000 2.540000 0.000000
0.000000 2.540000 0.000000
-0.709254 -0.044329 2.438564
-0.709254 -0.044329 2.438564
-0.130252 -0.044329 2.536271
0.170444 0.000000 2.534275
0.390664 0.000000 2.509777
-0.412256 0.000000 2.506321
-0.000000 -2.540000 -0.000000
0.000000 -2.540000 0.000000
-0.000000 -2.540000 -0.000000
-2.415684 0.000000 0.784903
-2.054903 0.000000 1.492975
-2.415684 0.000000 0.784903
0.000000 2.540000 0.000000
0.000000 2.540000 0.000000
0.000000 2.540000 0.000000
-2.202029 -0.044329 -1.265189
-2.428276 -0.044329 -0.743713
-2.216978 0.044329 -1.238808
-0.000000 -2.540000 -0.000000
-0.000000 -2.540000 -0.000000
0.000000 -2.540000 0.000000
-0.000000 2.540000 -0.000000
0.000000 2.540000 0.000000
-0.000000 2.540000 -0.000000
-2.216978 0.044329 -1.238808
-2.428276 0.044329 -0.743713
-2.202029 0.044329 -1.265189
-1.530692 -2.026964 0.000000
-2.159552 -1.337138 0.000000
-1.530692 -2.026964 0.000000
0.000000 -0.000000 2.540000
0.000000 -0.000000 2.540000
0.000000 -0.000000 2.540000
0.000000 -0.000000 2.540000
0.000000 -0.000000 2.540000
0.000000 -0.000000 2.540000
2.368479 -0.917554 -0.000000
2.368479 -0.917554 -0.000000
1.877083 -1.711187 -0.000000
2.540000 0.000000 0.000000
2.415684 0.000000 -0.784903
2.540000 0.000000 0.000000
0.000000 2.540000 0.000000
0.000000 2.540000 0.000000
0.000000 2.540000 0.000000
1.877083 -1.711187 -0.000000
2.368479 -0.917554 -0.000000
1.877083 -1.711187 -0.000000
-0.000000 0.000000 -2.540000
-0.000000 0.000000 -2.540000
-0.000000 0.000000 -2.540000
2.536519 0.000000 0.132933
2.536519 0.000000 0.132933
2.536519 0.000000 0.132933
0.000000 -2.540000 0.000000
0.000000 -2.540000 0.000000
0.000000 -2.540000 0.000000
-0.000000 0.000000 -2.540000
-0.000000 0.000000 -2.540000
-0.000000 0.000000 -2.540000
-2.159552 1.337138 0.000000
-1.530692 2.026964 0.000000
-2.159552 1.337138 0.000000
0.000000 -0.000000 2.540000
0.000000 -0.000000 2.540000
0.000000 -0.000000 2.540000
2.540000 -0.000000 -0.000000
2.540000 -0.000000 -0.000000
2.368479 0.917554 -0.000000
-0.784647 0.000000 2.415767
-0.017453 0.000000 2.539940
-0.336682 0.000000 2.517587
0.000000 -2.540000 0.000000
0.000000 -2.540000 0.000000
0.000000 -2.540000 0.000000
-0.000000 0.000000 -2.540000
-0.000000 0.000000 -2.540000
-0.000000 0.000000 -2.540000
-2.540000 0.000000 0.000000
-2.054903 -1.492975 0.000000
-2.540000 0.000000 0.000000
-0.000000 0.000000 -2.540000
-0.000000 0.000000 -2.540000
-0.000000 0.000000 -2.540000
2.341824 0.983596 -0.000000
2.054903 1.492975 -0.000000
2.540000 0.000000 -0.000000
-0.000000 -2.540000 0.000000
-0.000000 -2.540000 0.000000
1.134088 -2.221534 -0.479825
2.536276 -0.132933 0.035081
2.536276 -0.132933 0.035081
2.489321 -0.132933 -0.487042
0.000000 -2.540000 0.000000
0.000000 -2.540000 0.000000
0.000000 -2.540000 0.000000
0.000000 -2.540000 0.000000
0.000000 -2.540000 0.000000
0.000000 -2.540000 0.000000
0.000000 -2.540000 0.000000
0.000000 -2.540000 -0.000000
0.000000 -2.540000 0.000000
-0.000000 0.000000 -2.540000
-0.000000 0.000000 -2.540000
0.784903 0.000000 -2.415684
0.784903 0.000000 2.415684
-0.000000 0.000000 2.540000
0.784903 0.000000 2.415684
0.000000 2.540000 0.000000
0.000000 2.540000 0.000000
0.000000 2.540000 0.000000
2.336037 0.132933 -0.988362
2.082973 0.132933 -1.447465
2.336037 0.132933 -0.988362
-0.000000 2.540000 0.000000
0.000000 2.540000 0.000000
-0.000000 2.540000 0.000000
2.540000 0.000000 -0.000000
2.540000 0.000000 -0.000000
2.540000 0.000000 -0.000000
0.000000 -0.000000 2.540000
0.000000 0.972016 2.346654
0.000000 -0.000000 2.540000
0.000000 2.540000 0.000000
0.000000 2.540000 0.000000
0.000000 2.540000 0.000000
0.000000 2.540000 0.000000
0.000000 2.540000 0.000000
0.000000 2.540000 0.000000
2.539613 -0.044329 0.000000
2.539613 -0.044329 0.000000
2.539613 -0.044329 0.000000
-0.000000 0.991435 -2.338516
-0.000000 0.972016 -2.346654
-0.000000 1.796051 -1.796051
0.125037 0.000000 2.536921
-0.000000 0.000000 2.540000
-0.784903 0.000000 2.415684
0.000000 -2.540000 0.000000
0.000000 -2.540000 0.000000
0.000000 -2.540000 0.000000
2.539613 -0.044329 0.000000
2.539613 -0.044329 0.000000
2.539613 -0.044329 0.000000
0.000000 1.796051 1.796051
0.000000 1.796051 1.796051
0.000000 2.346654 0.972016
2.368479 0.917554 -0.000000
1.877083 1.711187 -0.000000
2.368479 0.917554 -0.000000
-0.000000 0.000000 -2.540000
-0.000000 0.000000 -2.540000
-0.000000 0.000000 -2.540000
0.000000 2.346654 0.972016
0.000000 1.796051 1.796051
0.000000 2.346654 0.972016
2.540000 0.000000 -0.000000
2.540000 0.000000 -0.000000
2.540000 0.000000 -0.000000
-1.308197 0.000000 -2.177205
-1.058353 0.768939 -2.177205
-1.058353 0.768939 -2.177205
0.404255 1.244169 -2.177205
0.404255 1.244169 -2.177205
-0.404255 1.244169 -2.177205
-2.539613 -0.044329 -0.000000
-2.539613 0.044329 0.000000
-2.539613 -0.044329 0.000000
-1.435434 -0.044329 -2.095034
-1.435434 -0.044329 -2.095034
-1.865461 -0.044329 -1.723279
-0.404255 -1.244169 -2.177205
-0.404255 -1.244169 -2.177205
0.404255 -1.244169 -2.177205
-1.308197 -0.000000 -2.177205
-1.308197 -0.000000 -2.177205
-1.058353 -0.768939 -2.177205
-0.695104 2.443037 0.000000
0.234362 2.529165 -0.000000
-0.695104 2.443037 0.000000
0.000000 -0.000000 2.540000
0.000000 -0.000000 2.540000
0.000000 -0.000000 2.540000
0.000000 -0.972016 2.346654
0.000000 -0.000000 2.540000
0.000000 -0.972016 2.346654
2.540000 0.000000 -0.000000
2.540000 0.000000 -0.000000
2.540000 0.000000 -0.000000
0.000000 -0.000000 2.540000
0.000000 -0.000000 2.540000
0.000000 -0.000000 2.540000
0.234362 -2.529165 -0.000000
0.234362 -2.529165 -0.000000
-0.695104 -2.443037 0.000000
0.000000 -0.000000 2.540000
0.000000 -0.000000 2.540000
0.000000 -0.972016 2.346654
2.539613 0.044329 0.000000
2.539613 0.044329 0.000000
2.539613 0.044329 0.000000
2.539613 0.044329 0.000000
2.539613 0.044329 0.000000
2.539613 0.044329 0.000000
-0.000000 -2.346654 -0.972016
-0.000000 -2.540000 -0.000000
-0.000000 -2.540000 -0.000000
0.000000 2.540000 0.000000
0.000000 2.540000 0.000000
0.000000 2.540000 0.000000
0.463149 -0.044329 2.497024
-0.088631 -0.044329 2.538066
0.463149 -0.044329 2.497024
0.000000 2.540000 0.000000
0.000000 2.540000 0.000000
0.000000 2.540000 0.000000
0.992945 -0.044329 2.337455
1.475609 -0.044329 2.066933
1.475609 -0.044329 2.066933
0.992945 0.044329 2.337455
0.992945 0.044329 2.337455
1.475609 0.044329 2.066933
0.000000 -2.540000 0.000000
0.000000 -2.540000 0.000000
0.000000 -2.540000 0.000000
0.000000 -1.796051 1.796051
0.000000 -2.346654 0.972016
0.000000 -2.346654 0.972016
2.540000 0.000000 -0.000000
2.540000 0.000000 -0.000000
2.540000 0.000000 -0.000000
0.000000 -2.540000 0.000000
0.000000 -2.540000 0.000000
0.000000 -2.540000 0.000000
0.463149 0.044329 2.497024
-0.088631 0.044329 2.538066
-0.088631 0.044329 2.538066
1.740936 0.132933 -1.844741
1.740936 0.132933 -1.844741
2.082973 0.132933 -1.447465
0.000000 2.540000 -0.000000
1.011231 2.221534 -0.702708
-0.000000 2.540000 0.000000
-0.000000 0.000000 -2.540000
-0.000000 0.000000 -2.540000
-0.000000 0.000000 -2.540000
-2.540000 0.000000 0.000000
-2.054903 1.492975 0.000000
-2.540000 0.000000 0.000000
0.000000 -2.540000 -0.000000
-0.000000 -2.540000 0.000000
-0.000000 -2.540000 0.000000
0.000000 -2.540000 -0.000000
-0.000000 -2.540000 0.000000
1.011231 -2.221534 -0.702708
-2.336843 0.995371 0.000000
-2.540000 0.000000 0.000000
-2.054903 1.492975 0.000000
-0.000000 0.000000 -2.540000
-0.000000 0.000000 -2.540000
-0.000000 0.000000 -2.540000
-2.232829 0.000000 -1.210815
-2.054903 0.000000 -1.492975
-1.743325 0.000000 -1.847273
0.000000 2.540000 0.000000
-0.000000 2.540000 -0.000000
0.000000 2.540000 0.000000
-0.000000 -1.472099 -2.069909
-0.000000 -1.796051 -1.796051
-0.000000 -0.972016 -2.346654
2.539613 0.044329 0.000000
2.539613 0.044329 0.000000
2.539613 0.044329 0.000000
-0.000000 1.825580 -1.766029
-0.000000 0.991435 -2.338516
-0.000000 1.796051 -1.796051
2.540000 0.000000 -0.000000
2.540000 0.000000 -0.000000
2.540000 0.000000 -0.000000
1.308197 0.000000 -2.177205
1.058353 -0.768939 -2.177205
1.058353 -0.768939 -2.177205
2.054903 -1.492975 -0.000000
2.540000 0.000000 -0.000000
2.540000 0.000000 -0.000000
0.000000 0.972016 2.346654
0.000000 0.972016 2.346654
0.000000 -0.000000 2.540000
2.539613 -0.044329 0.000000
2.539613 -0.044329 0.000000
2.539613 -0.044329 0.000000
-2.321666 0.044329 1.029320
-2.498013 0.044329 0.457782
-2.327594 0.044329 1.015845
-2.362480 0.044329 0.931839
-2.498013 0.044329 0.457782
-2.321666 0.044329 1.029320
-0.000000 2.072801 -1.468024
-0.000000 1.796051 -1.796051
-0.000000 2.346654 -0.972016
2.539613 -0.044329 0.000000
2.539613 -0.044329 0.000000
2.539613 -0.044329 0.000000
2.540000 0.000000 -0.000000
2.540000 0.000000 -0.000000
2.054903 1.492975 -0.000000
1.308197 0.000000 -2.177205
1.308197 0.000000 -2.177205
1.058353 0.768939 -2.177205
-1.724583 -0.044329 1.864255
-1.724583 -0.044329 1.864255
-1.724583 -0.044329 1.864255
-0.225272 0.000000 -2.529991
-0.096021 -0.000000 -2.538184
-0.085178 0.000000 -2.538571
-1.186779 1.776021 1.374374
-1.186779 1.776021 1.374374
-1.186779 1.776021 1.374374
-2.536519 -0.000000 0.132933
-2.536519 -0.000000 0.132933
-2.536519 -0.000000 0.132933
-0.000000 -2.424775 -0.756351
-0.000000 -2.540000 -0.000000
-0.000000 -2.346654 -0.972016
-1.284443 0.000000 -2.191303
-1.492975 0.000000 -2.054903
-1.743325 0.000000 -1.847273
1.134088 -2.221534 -0.479825
-0.000000 -2.540000 0.000000
1.208503 -2.221534 -0.236447
2.489321 -0.132933 -0.487042
2.489321 -0.132933 -0.487042
2.336037 -0.132933 -0.988362
-0.000000 2.540000 0.000000
1.134088 2.221534 -0.479825
-0.000000 2.540000 0.000000
-0.000000 2.540000 0.000000
-0.000000 2.540000 0.000000
0.000000 2.540000 0.000000
0.000000 -2.540000 0.000000
-0.000000 -2.540000 0.000000
0.000000 -2.540000 0.000000
-1.107826 0.000000 -2.285677
-1.492975 0.000000 -2.054903
-0.784903 0.000000 -2.415684
0.000000 2.540000 0.000000
0.000000 2.540000 0.000000
0.000000 2.540000 -0.000000
-0.784903 0.000000 -2.415684
-1.492975 0.000000 -2.054903
-1.284443 0.000000 -2.191303
-2.536562 0.044329 -0.124447
-2.441206 0.044329 -0.700107
-2.532868 -0.044329 -0.184977
-2.532868 0.044329 -0.184977
-2.441206 0.044329 -0.700107
-2.536562 0.044329 -0.124447
-2.216978 0.044329 -1.238808
-1.875715 -0.044329 -1.712112
-2.202029 -0.044329 -1.265189
-2.202029 0.044329 -1.265189
-1.875715 -0.044329 -1.712112
-2.216978 0.044329 -1.238808
0.924306 0.000000 2.365853
0.846667 0.000000 2.394735
1.404764 0.000000 2.116185
0.702382 -2.199704 1.058092
0.000000 -2.540000 0.000000
0.000000 -2.540000 0.000000
-1.250339 0.044329 2.210495
-0.709254 0.044329 2.438564
-1.250339 0.044329 2.210495
0.000000 2.540000 -0.000000
0.000000 2.540000 -0.000000
0.000000 2.540000 0.000000
0.000000 -2.540000 0.000000
-0.000000 -2.540000 -0.000000
0.000000 -2.540000 -0.000000
-0.130252 -0.044329 2.536271
-0.709254 -0.044329 2.438564
-0.130252 -0.044329 2.536271
2.489321 0.132933 -0.487042
2.489321 0.132933 -0.487042
2.536276 0.132933 0.035081
1.208503 2.221534 -0.236447
-0.000000 2.540000 0.000000
-0.000000 2.540000 0.000000
0.000000 2.540000 0.000000
-0.000000 2.540000 -0.000000
0.000000 2.540000 0.000000
-0.130252 0.044329 2.536271
0.455712 0.044329 2.498392
-0.130252 0.044329 2.536271
2.238270 0.000000 1.200729
1.878148 0.000000 1.710018
2.238270 0.000000 1.200729
0.939074 -2.199704 0.855009
0.000000 -2.540000 0.000000
0.000000 -2.540000 0.000000
0.702382 2.199704 1.058092
0.939074 2.199704 0.855009
0.000000 2.540000 0.000000
1.404764 0.000000 2.116185
1.404764 0.000000 2.116185
1.878148 0.000000 1.710018
1.011231 2.221534 -0.702708
1.134088 2.221534 -0.479825
-0.000000 2.540000 0.000000
2.082973 0.132933 -1.447465
2.082973 0.132933 -1.447465
2.336037 0.132933 -0.988362
-0.000000 -2.540000 0.000000
-0.000000 -2.540000 0.000000
0.000000 -2.540000 0.000000
-0.000000 -2.540000 0.000000
-0.000000 -2.540000 0.000000
1.208503 -2.221534 -0.236447
1.011231 -2.221534 -0.702708
-0.000000 -2.540000 0.000000
1.134088 -2.221534 -0.479825
2.082973 -0.132933 -1.447465
2.336037 -0.132933 -0.988362
2.082973 -0.132933 -1.447465
-2.327594 0.044329 1.015845
-2.498013 0.044329 0.457782
-2.321666 -0.044329 1.029320
0.000000 0.000000 2.540000
0.000000 0.000000 2.540000
0.000000 0.000000 2.540000
-0.130252 0.044329 2.536271
0.455712 0.044329 2.498392
0.056650 1.295508 2.184044
-0.501366 1.295508 2.126474
-0.130252 0.044329 2.536271
0.056650 1.295508 2.184044
0.056650 -1.295508 2.184044
-0.130252 -0.044329 2.536271
-0.501366 -1.295508 2.126474
0.056650 -1.295508 2.184044
0.455712 -0.044329 2.498392
-0.130252 -0.044329 2.536271
-0.316529 -1.270000 2.176812
-0.017453 0.000000 2.539940
-0.611211 0.000000 2.465364
0.000000 -2.540000 0.000000
-0.000000 -2.540000 0.000000
-0.000000 -2.540000 0.000000
</float_array>
          <technique_common>
            <accessor source="#FBXASC227FBXASC130FBXASC189FBXASC227FBXASC131FBXASC170FBXASC227FBXASC131FBXASC131FBXASC227FBXASC131FBXASC1371-Normal0-array" count="2859" stride="3">
              <param name="X" type="float"/>
              <param name="Y" type="float"/>
              <param name="Z" type="float"/>
            </accessor>
          </technique_common>
        </source>
        <vertices id="FBXASC227FBXASC130FBXASC189FBXASC227FBXASC131FBXASC170FBXASC227FBXASC131FBXASC131FBXASC227FBXASC131FBXASC1371-VERTEX">
          <input semantic="POSITION" source="#FBXASC227FBXASC130FBXASC189FBXASC227FBXASC131FBXASC170FBXASC227FBXASC131FBXASC131FBXASC227FBXASC131FBXASC1371-POSITION"/>
        </vertices>
        <triangles count="953" material="MaterialFBXASC032FBXASC03525">
          <input semantic="VERTEX" offset="0" source="#FBXASC227FBXASC130FBXASC189FBXASC227FBXASC131FBXASC170FBXASC227FBXASC131FBXASC131FBXASC227FBXASC131FBXASC1371-VERTEX"/>
          <input semantic="NORMAL" offset="1" source="#FBXASC227FBXASC130FBXASC189FBXASC227FBXASC131FBXASC170FBXASC227FBXASC131FBXASC131FBXASC227FBXASC131FBXASC1371-Normal0"/>
          <p> 412 0 233 1 162 2 451 3 445 4 450 5 210 6 213 7 72 8 418 9 36 10 30 11 201 12 5 13 96 14 266 15 21 16 47 17 157 18 181 19 78 20 21 21 347 22 171 23 180 24 414 25 232 26 207 27 354 28 65 29 192 30 44 31 350 32 283 33 23 34 62 35 212 36 348 37 216 38 350 39 30 40 192 41 35 42 69 43 214 44 149 45 251 46 196 47 117 48 86 49 140 50 315 51 298 52 270 53 373 54 46 55 230 56 131 57 102 58 111 59 342 60 446 61 277 62 332 63 70 64 148 65 49 66 418 67 45 68 322 69 304 70 187 71 204 72 321 73 365 74 222 75 228 76 118 77 329 78 334 79 76 80 321 81 122 82 365 83 76 84 61 85 329 86 171 87 347 88 37 89 167 90 241 91 336 92 433 93 330 94 307 95 64 96 369 97 407 98 296 99 236 100 378 101 225 102 88 103 188 104 209 105 276 106 447 107 268 108 333 109 305 110 159 111 402 112 255 113 165 114 177 115 149 116 232 117 170 118 368 119 65 120 354 121 272 122 35 123 214 124 50 125 341 126 102 127 131 128 148 129 175 130 332 131 158 132 128 133 49 134 318 135 303 136 194 137 349 138 323 139 351 140 131 141 194 142 303 143 151 144 112 145 82 146 45 147 69 148 104 149 116 150 122 151 120 152 188 153 88 154 147 155 165 156 312 157 107 158 360 159 263 160 445 161 382 162 441 163 380 164 336 165 247 166 186 167 346 168 271 169 252 170 123 171 174 172 88 173 122 174 32 175 21 176 283 177 62 178 205 179 38 180 288 181 129 182 199 183 423 184 97 185 109 186 153 187 104 188 112 189 153 190 82 191 299 192 323 193 349 194 128 195 163 196 49 197 154 198 293 199 227 200 451 201 450 202 154 203 74 204 437 205 73 206 175 207 73 208 26 209 330 210 433 211 278 212 297 213 362 214 226 215 78 216 412 217 162 218 78 219 181 220 130 221 66 222 110 223 457 224 344 225 168 226 259 227 45 228 417 229 62 230 418 231 30 232 45 233 166 234 357 235 245 236 151 237 352 238 112 239 181 240 157 241 94 242 78 243 65 244 32 245 397 246 62 247 32 248 157 249 201 250 138 251 259 252 168 253 178 254 155 255 273 256 261 257 183 258 449 259 446 260 185 261 304 262 322 263 427 264 169 265 253 266 69 267 217 268 162 269 46 270 103 271 438 272 46 273 438 274 48 275 325 276 248 277 132 278 399 279 355 280 359 281 266 282 122 283 21 284 120 285 122 286 188 287 423 288 134 289 97 290 241 291 134 292 336 293 121 294 324 295 75 296 180 297 251 298 306 299 118 300 133 301 174 302 76 303 334 304 391 305 138 306 201 307 96 308 94 309 454 310 90 311 220 312 280 313 281 314 343 315 237 316 313 317 448 318 215 319 314 320 327 321 239 322 294 323 425 324 45 325 62 326 214 327 69 328 45 329 117 330 221 331 86 332 230 333 46 334 371 335 434 336 428 337 382 338 382 339 428 340 441 341 191 342 234 343 163 344 189 345 163 346 128 347 139 348 158 349 49 350 2 351 49 352 289 353 287 354 416 355 165 356 364 357 324 358 284 359 246 360 147 361 159 362 421 363 58 364 231 365 253 366 235 367 366 368 392 369 160 370 253 371 280 372 127 373 281 374 249 375 237 376 343 377 137 378 289 379 176 380 72 381 250 382 210 383 92 384 238 385 186 386 12 387 221 388 238 389 79 390 433 391 307 392 407 393 369 394 130 395 297 396 226 397 330 398 412 399 275 400 233 401 199 402 97 403 83 404 201 405 129 406 5 407 141 408 4 409 386 410 204 411 120 412 188 413 82 414 153 415 156 416 109 417 104 418 144 419 134 420 423 421 125 422 174 423 98 424 118 425 196 426 251 427 180 428 196 429 180 430 32 431 168 432 258 433 178 434 286 435 110 436 66 437 227 438 136 439 64 440 410 441 370 442 21 443 1 444 316 445 431 446 413 447 205 448 1 449 258 450 301 451 87 452 145 453 87 454 301 455 52 456 67 457 232 458 390 459 190 460 395 461 14 462 30 463 385 464 212 465 216 466 113 467 275 468 27 469 233 470 233 471 367 472 104 473 303 474 250 475 131 476 245 477 229 478 166 479 151 480 213 481 210 482 294 483 239 484 314 485 140 486 86 487 240 488 373 489 230 490 72 491 148 492 73 493 175 494 91 495 74 496 73 497 111 498 74 499 91 500 102 501 150 502 111 503 75 504 208 505 377 506 394 507 75 508 316 509 197 510 80 511 268 512 222 513 197 514 228 515 400 516 221 517 12 518 226 519 362 520 198 521 207 522 65 523 78 524 162 525 375 526 78 527 326 528 387 529 56 530 296 531 79 532 236 533 333 534 276 535 305 536 391 537 88 538 202 539 191 540 163 541 339 542 2 543 191 544 339 545 267 546 151 547 82 548 82 549 7 550 60 551 248 552 355 553 132 554 5 555 274 556 83 557 282 558 260 559 53 560 237 561 84 562 313 563 312 564 165 565 195 566 113 567 27 568 85 569 393 570 102 571 341 572 46 573 341 574 371 575 259 576 273 577 344 578 261 579 273 580 262 581 402 582 88 583 255 584 334 585 88 586 391 587 89 588 311 589 383 590 149 591 389 592 251 593 90 594 152 595 130 596 359 597 355 598 248 599 15 600 91 601 73 602 304 603 277 604 187 605 238 606 211 607 12 608 236 609 405 610 378 611 269 612 128 613 158 614 343 615 53 616 249 617 426 618 1 619 218 620 94 621 157 622 138 623 125 624 423 625 22 626 159 627 421 628 231 629 138 630 96 631 126 632 96 633 5 634 254 635 441 636 97 637 380 638 241 639 167 640 39 641 98 642 222 643 118 644 244 645 345 646 396 647 172 648 220 649 281 650 304 651 342 652 277 653 401 654 66 655 457 656 228 657 197 658 268 659 51 660 288 661 122 662 159 663 231 664 246 665 102 666 265 667 150 668 256 669 26 670 242 671 213 672 151 673 331 674 213 675 331 676 142 677 216 678 348 679 104 680 215 681 294 682 314 683 166 684 229 685 420 686 420 687 229 688 54 689 354 690 368 691 170 692 160 693 390 694 395 695 392 696 390 697 160 698 50 699 416 700 287 701 354 702 170 703 272 704 383 705 377 706 208 707 144 708 440 709 109 710 109 711 23 712 411 713 435 714 324 715 109 716 156 717 337 718 82 719 305 720 276 721 209 722 295 723 110 724 286 725 111 726 374 727 131 728 111 729 185 730 322 731 176 732 49 733 45 734 289 735 49 736 176 737 113 738 243 739 385 740 113 741 85 742 243 743 206 744 64 745 152 746 184 747 64 748 370 749 184 750 370 751 410 752 67 753 25 754 232 755 365 756 122 757 116 758 259 759 262 760 273 761 455 762 221 763 117 764 433 765 79 766 55 767 41 768 118 769 100 770 133 771 118 772 202 773 298 774 27 775 275 776 315 777 27 778 298 779 4 780 120 781 386 782 328 783 155 784 261 785 177 786 364 787 284 788 311 789 377 790 383 791 122 792 288 793 38 794 38 795 32 796 122 797 92 798 186 799 225 800 225 801 123 802 88 803 124 804 341 805 46 806 81 807 175 808 234 809 125 810 22 811 61 812 125 813 61 814 161 815 96 816 254 817 126 818 218 819 453 820 426 821 340 822 446 823 456 824 16 825 127 826 280 827 9 828 260 829 282 830 349 831 128 832 299 833 361 834 274 835 5 836 361 837 101 838 274 839 275 840 412 841 444 842 6 843 300 844 293 845 240 846 86 847 131 848 131 849 250 850 72 851 223 852 317 853 379 854 379 855 317 856 5 857 174 858 133 859 88 860 88 861 133 862 202 863 356 864 244 865 11 866 134 867 247 868 336 869 135 870 182 871 74 872 242 873 26 874 265 875 293 876 300 877 136 878 227 879 293 880 136 881 352 882 302 883 105 884 151 885 302 886 352 887 138 888 126 889 1 890 24 891 139 892 320 893 139 894 49 895 320 896 240 897 8 898 140 899 278 900 297 901 330 902 141 903 116 904 363 905 363 906 4 907 141 908 36 909 319 910 17 911 319 912 36 913 48 914 388 915 443 916 143 917 143 918 119 919 388 920 424 921 448 922 358 923 424 924 215 925 448 926 63 927 145 928 401 929 145 930 66 931 401 932 252 933 39 934 92 935 252 936 241 937 39 938 246 939 338 940 147 941 338 942 188 943 147 944 194 945 15 946 318 947 15 948 73 949 318 950 417 951 291 952 415 953 291 954 417 955 45 956 150 957 135 958 74 959 150 960 74 961 111 962 267 963 71 964 151 965 71 966 239 967 151 968 335 969 152 970 90 971 335 972 114 973 152 974 45 975 153 976 176 977 45 978 104 979 153 980 405 981 236 982 264 983 77 984 12 985 264 986 168 987 33 988 258 989 33 990 301 991 258 992 156 993 153 994 109 995 337 996 156 997 109 998 38 999 157 1000 32 1001 32 1002 157 1003 78 1004 323 1005 158 1006 351 1007 93 1008 269 1009 158 1010 22 1011 95 1012 309 1013 13 1014 22 1015 309 1016 366 1017 235 1018 106 1019 52 1020 106 1021 235 1022 396 1023 345 1024 98 1025 161 1026 61 1027 98 1028 162 1029 19 1030 28 1031 162 1032 398 1033 19 1034 46 1035 48 1036 429 1037 429 1038 48 1039 49 1040 343 1041 164 1042 53 1043 84 1044 53 1045 164 1046 291 1047 422 1048 415 1049 195 1050 165 1051 14 1052 310 1053 419 1054 70 1055 332 1056 310 1057 70 1058 285 1059 79 1060 296 1061 55 1062 79 1063 285 1064 63 1065 110 1066 295 1067 295 1068 145 1069 63 1070 308 1071 50 1072 287 1073 50 1074 308 1075 35 1076 414 1077 306 1078 272 1079 180 1080 306 1081 414 1082 325 1083 21 1084 171 1085 171 1086 248 1087 325 1088 172 1089 99 1090 43 1091 43 1092 340 1093 172 1094 86 1095 221 1096 173 1097 8 1098 173 1099 3 1100 247 1101 98 1102 174 1103 123 1104 247 1105 174 1106 256 1107 46 1108 175 1109 26 1110 256 1111 175 1112 176 1113 153 1114 112 1115 137 1116 176 1117 112 1118 149 1119 177 1120 389 1121 389 1122 177 1123 284 1124 29 1125 328 1126 4 1127 328 1128 261 1129 4 1130 44 1131 179 1132 350 1133 179 1134 44 1135 104 1136 432 1137 404 1138 408 1139 432 1140 408 1141 32 1142 94 1143 90 1144 181 1145 181 1146 90 1147 130 1148 26 1149 182 1150 135 1151 26 1152 73 1153 182 1154 43 1155 99 1156 183 1157 99 1158 127 1159 183 1160 381 1161 64 1162 184 1163 410 1164 25 1165 184 1166 340 1167 127 1168 16 1169 172 1170 340 1171 16 1172 225 1173 186 1174 123 1175 186 1176 247 1177 123 1178 187 1179 91 1180 376 1181 34 1182 187 1183 376 1184 188 1185 122 1186 406 1187 188 1188 406 1189 225 1190 189 1191 139 1192 24 1193 24 1194 163 1195 189 1196 52 1197 190 1198 67 1199 263 1200 312 1201 195 1202 263 1203 19 1204 312 1205 190 1206 19 1207 67 1208 166 1209 81 1210 357 1211 81 1212 234 1213 357 1214 30 1215 327 1216 192 1217 192 1218 327 1219 294 1220 42 1221 5 1222 193 1223 5 1224 132 1225 193 1226 34 1227 374 1228 111 1229 15 1230 374 1231 34 1232 85 1233 195 1234 14 1235 445 1236 315 1237 450 1238 62 1239 196 1240 32 1241 149 1242 196 1243 62 1244 222 1245 76 1246 372 1247 203 1248 372 1249 76 1250 77 1251 226 1252 198 1253 400 1254 12 1255 77 1256 199 1257 58 1258 95 1259 58 1260 199 1261 83 1262 444 1263 300 1264 6 1265 443 1266 387 1267 326 1268 38 1269 129 1270 201 1271 157 1272 38 1273 201 1274 80 1275 202 1276 41 1277 202 1278 118 1279 41 1280 203 1281 202 1282 80 1283 197 1284 203 1285 80 1286 59 1287 321 1288 204 1289 204 1290 188 1291 59 1292 431 1293 316 1294 205 1295 283 1296 205 1297 316 1298 32 1299 65 1300 397 1301 65 1302 1 1303 397 1304 114 1305 206 1306 152 1307 206 1308 114 1309 21 1310 64 1311 28 1312 366 1313 78 1314 375 1315 207 1316 64 1317 207 1318 375 1319 253 1320 366 1321 28 1322 40 1323 208 1324 394 1325 208 1326 75 1327 394 1328 63 1329 384 1330 110 1331 279 1332 110 1333 384 1334 210 1335 54 1336 151 1337 210 1338 250 1339 54 1340 39 1341 211 1342 92 1343 92 1344 211 1345 238 1346 68 1347 348 1348 212 1349 212 1350 30 1351 68 1352 103 1353 442 1354 438 1355 442 1356 103 1357 72 1358 109 1359 214 1360 425 1361 75 1362 324 1363 23 1364 214 1365 45 1366 425 1367 435 1368 23 1369 324 1370 104 1371 44 1372 403 1373 452 1374 104 1375 403 1376 27 1377 367 1378 233 1379 113 1380 367 1381 27 1382 113 1383 427 1384 398 1385 19 1386 398 1387 427 1388 217 1389 69 1390 35 1391 113 1392 217 1393 35 1394 413 1395 431 1396 205 1397 353 1398 453 1399 218 1400 411 1401 23 1402 435 1403 60 1404 7 1405 358 1406 84 1407 164 1408 220 1409 313 1410 84 1411 220 1412 198 1413 362 1414 221 1415 221 1416 3 1417 173 1418 61 1419 76 1420 222 1421 61 1422 222 1423 98 1424 47 1425 317 1426 223 1427 223 1428 266 1429 47 1430 52 1431 235 1432 224 1433 224 1434 190 1435 52 1436 406 1437 20 1438 225 1439 225 1440 20 1441 346 1442 226 1443 119 1444 143 1445 77 1446 119 1447 226 1448 64 1449 381 1450 227 1451 360 1452 25 1453 263 1454 118 1455 228 1456 100 1457 10 1458 100 1459 228 1460 302 1461 229 1462 105 1463 245 1464 105 1465 229 1466 230 1467 8 1468 240 1469 230 1470 173 1471 8 1472 274 1473 101 1474 231 1475 246 1476 231 1477 101 1478 404 1479 25 1480 115 1481 408 1482 404 1483 115 1484 162 1485 233 1486 69 1487 69 1488 233 1489 104 1490 175 1491 46 1492 234 1493 46 1494 163 1495 234 1496 409 1497 160 1498 224 1499 253 1500 160 1501 409 1502 264 1503 236 1504 56 1505 236 1506 326 1507 56 1508 9 1509 282 1510 237 1511 249 1512 9 1513 237 1514 186 1515 238 1516 336 1517 238 1518 221 1519 455 1520 151 1521 239 1522 17 1523 17 1524 239 1525 36 1526 72 1527 240 1528 131 1529 72 1530 230 1531 240 1532 97 1533 241 1534 252 1535 97 1536 134 1537 241 1538 102 1539 242 1540 265 1541 102 1542 124 1543 242 1544 243 1545 85 1546 14 1547 243 1548 14 1549 385 1550 244 1551 458 1552 125 1553 345 1554 244 1555 125 1556 2 1557 289 1558 245 1559 245 1560 191 1561 2 1562 51 1563 338 1564 246 1565 246 1566 288 1567 51 1568 247 1569 356 1570 11 1571 247 1572 11 1573 98 1574 248 1575 171 1576 37 1577 37 1578 359 1579 248 1580 249 1581 269 1582 93 1583 93 1584 9 1585 249 1586 310 1587 31 1588 419 1589 54 1590 419 1591 31 1592 251 1593 389 1594 89 1595 89 1596 75 1597 251 1598 251 1599 283 1600 89 1601 89 1602 306 1603 251 1604 271 1605 146 1606 252 1607 146 1608 97 1609 252 1610 190 1611 19 1612 253 1613 427 1614 253 1615 19 1616 28 1617 19 1618 253 1619 190 1620 253 1621 19 1622 254 1623 42 1624 126 1625 254 1626 5 1627 42 1628 255 1629 13 1630 309 1631 255 1632 88 1633 13 1634 46 1635 256 1636 124 1637 256 1638 242 1639 124 1640 257 1641 111 1642 91 1643 257 1644 185 1645 111 1646 258 1647 87 1648 155 1649 178 1650 258 1651 155 1652 29 1653 262 1654 259 1655 259 1656 178 1657 29 1658 260 1659 128 1660 269 1661 299 1662 128 1663 260 1664 4 1665 261 1666 120 1667 261 1668 262 1669 120 1670 29 1671 116 1672 262 1673 262 1674 116 1675 120 1676 263 1677 25 1678 67 1679 67 1680 19 1681 263 1682 264 1683 154 1684 77 1685 56 1686 154 1687 264 1688 150 1689 265 1690 135 1691 26 1692 135 1693 265 1694 266 1695 428 1696 434 1697 434 1698 122 1699 266 1700 82 1701 60 1702 267 1703 60 1704 71 1705 267 1706 10 1707 268 1708 305 1709 228 1710 268 1711 10 1712 249 1713 53 1714 269 1715 260 1716 269 1717 53 1718 77 1719 270 1720 119 1721 154 1722 270 1723 77 1724 382 1725 380 1726 271 1727 346 1728 20 1729 271 1730 316 1731 272 1732 108 1733 306 1734 108 1735 272 1736 344 1737 273 1738 87 1739 155 1740 87 1741 273 1742 274 1743 58 1744 83 1745 231 1746 58 1747 274 1748 57 1749 298 1750 275 1751 275 1752 444 1753 57 1754 276 1755 41 1756 100 1757 333 1758 41 1759 276 1760 277 1761 257 1762 91 1763 187 1764 277 1765 91 1766 140 1767 8 1768 278 1769 278 1770 117 1771 140 1772 276 1773 100 1774 447 1775 10 1776 447 1777 100 1778 16 1779 280 1780 164 1781 220 1782 164 1783 280 1784 172 1785 281 1786 99 1787 127 1788 99 1789 281 1790 237 1791 282 1792 84 1793 282 1794 53 1795 84 1796 251 1797 75 1798 283 1799 316 1800 75 1801 283 1802 89 1803 283 1804 75 1805 75 1806 23 1807 283 1808 121 1809 0 1810 284 1811 284 1812 324 1813 121 1814 167 1815 285 1816 39 1817 285 1818 167 1819 55 1820 168 1821 286 1822 33 1823 286 1824 66 1825 33 1826 107 1827 169 1828 287 1829 165 1830 107 1831 287 1832 246 1833 101 1834 288 1835 288 1836 101 1837 129 1838 105 1839 289 1840 137 1841 245 1842 289 1843 105 1844 58 1845 290 1846 95 1847 309 1848 95 1849 290 1850 30 1851 291 1852 45 1853 422 1854 291 1855 30 1856 163 1857 292 1858 49 1859 46 1860 292 1861 163 1862 293 1863 154 1864 56 1865 56 1866 6 1867 293 1868 294 1869 44 1870 192 1871 44 1872 294 1873 215 1874 295 1875 286 1876 168 1877 168 1878 344 1879 295 1880 39 1881 296 1882 211 1883 39 1884 285 1885 296 1886 8 1887 297 1888 278 1889 3 1890 297 1891 8 1892 119 1893 298 1894 57 1895 270 1896 298 1897 119 1898 93 1899 299 1900 9 1901 299 1902 260 1903 9 1904 300 1905 130 1906 136 1907 444 1908 412 1909 300 1910 145 1911 301 1912 66 1913 33 1914 66 1915 301 1916 54 1917 302 1918 151 1919 229 1920 302 1921 54 1922 70 1923 250 1924 303 1925 148 1926 70 1927 303 1928 43 1929 342 1930 304 1931 304 1932 185 1933 43 1934 305 1935 209 1936 63 1937 305 1938 63 1939 10 1940 89 1941 40 1942 306 1943 108 1944 306 1945 40 1946 443 1947 388 1948 200 1949 387 1950 443 1951 200 1952 287 1953 169 1954 308 1955 427 1956 308 1957 169 1958 309 1959 290 1960 159 1961 309 1962 159 1963 255 1964 310 1965 81 1966 166 1967 166 1968 31 1969 310 1970 121 1971 311 1972 0 1973 89 1974 0 1975 311 1976 312 1977 190 1978 107 1979 312 1980 19 1981 190 1982 172 1983 16 1984 313 1985 313 1986 220 1987 172 1988 239 1989 71 1990 314 1991 60 1992 314 1993 71 1994 85 1995 27 1996 315 1997 315 1998 195 1999 85 2000 1 2001 65 2002 316 2003 65 2004 272 2005 316 2006 5 2007 317 2008 132 2009 47 2010 132 2011 317 2012 148 2013 303 2014 318 2015 318 2016 73 2017 148 2018 142 2019 319 2020 48 2021 331 2022 319 2023 142 2024 339 2025 320 2026 2 2027 320 2028 49 2029 2 2030 59 2031 51 2032 321 2033 51 2034 122 2035 321 2036 322 2037 187 2038 34 2039 111 2040 322 2041 34 2042 323 2043 299 2044 93 2045 93 2046 158 2047 323 2048 109 2049 324 2050 214 2051 364 2052 214 2053 324 2054 47 2055 21 2056 325 2057 325 2058 132 2059 47 2060 79 2061 326 2062 236 2063 326 2064 79 2065 307 2066 36 2067 327 2068 30 2069 239 2070 327 2071 36 2072 29 2073 178 2074 328 2075 178 2076 155 2077 328 2078 61 2079 22 2080 329 2081 13 2082 329 2083 22 2084 307 2085 330 2086 143 2087 330 2088 226 2089 143 2090 319 2091 331 2092 17 2093 331 2094 151 2095 17 2096 332 2097 175 2098 81 2099 81 2100 310 2101 332 2102 268 2103 80 2104 333 2105 80 2106 41 2107 333 2108 334 2109 329 2110 13 2111 13 2112 88 2113 334 2114 335 2115 90 2116 37 2117 37 2118 347 2119 335 2120 55 2121 167 2122 336 2123 238 2124 55 2125 336 2126 109 2127 411 2128 337 2129 82 2130 337 2131 7 2132 338 2133 51 2134 59 2135 59 2136 188 2137 338 2138 339 2139 163 2140 24 2141 24 2142 320 2143 339 2144 43 2145 185 2146 340 2147 185 2148 446 2149 340 2150 86 2151 341 2152 131 2153 341 2154 86 2155 173 2156 342 2157 183 2158 446 2159 43 2160 183 2161 342 2162 16 2163 164 2164 343 2165 313 2166 16 2167 343 2168 295 2169 344 2170 145 2171 344 2172 87 2173 145 2174 345 2175 125 2176 161 2177 98 2178 345 2179 161 2180 92 2181 346 2182 252 2183 225 2184 346 2185 92 2186 114 2187 347 2188 21 2189 347 2190 114 2191 335 2192 348 2193 179 2194 104 2195 179 2196 348 2197 68 2198 189 2199 128 2200 349 2201 349 2202 351 2203 189 2204 68 2205 30 2206 350 2207 350 2208 179 2209 68 2210 351 2211 158 2212 139 2213 189 2214 351 2215 139 2216 352 2217 105 2218 137 2219 352 2220 137 2221 112 2222 126 2223 42 2224 353 2225 1 2226 126 2227 413 2228 207 2229 106 2230 354 2231 106 2232 368 2233 354 2234 132 2235 355 2236 193 2237 439 2238 193 2239 355 2240 134 2241 356 2242 247 2243 125 2244 356 2245 134 2246 357 2247 234 2248 191 2249 245 2250 357 2251 191 2252 358 2253 7 2254 219 2255 109 2256 440 2257 219 2258 399 2259 359 2260 90 2261 90 2262 359 2263 37 2264 451 2265 154 2266 227 2267 25 2268 360 2269 227 2270 129 2271 361 2272 5 2273 101 2274 361 2275 129 2276 362 2277 297 2278 3 2279 362 2280 3 2281 221 2282 363 2283 116 2284 29 2285 363 2286 29 2287 4 2288 50 2289 214 2290 364 2291 177 2292 50 2293 364 2294 204 2295 365 2296 141 2297 365 2298 116 2299 141 2300 64 2301 366 2302 207 2303 366 2304 106 2305 207 2306 113 2307 216 2308 367 2309 367 2310 216 2311 104 2312 368 2313 52 2314 232 2315 368 2316 106 2317 52 2318 130 2319 369 2320 136 2321 64 2322 136 2323 369 2324 370 2325 64 2326 206 2327 370 2328 206 2329 21 2330 371 2331 341 2332 173 2333 230 2334 371 2335 173 2336 372 2337 203 2338 197 2339 222 2340 372 2341 197 2342 46 2343 373 2344 103 2345 103 2346 373 2347 72 2348 374 2349 15 2350 194 2351 131 2352 374 2353 194 2354 28 2355 375 2356 162 2357 64 2358 375 2359 28 2360 376 2361 91 2362 15 2363 376 2364 15 2365 34 2366 75 2367 377 2368 121 2369 377 2370 311 2371 121 2372 12 2373 211 2374 378 2375 296 2376 378 2377 211 2378 83 2379 379 2380 5 2381 428 2382 379 2383 83 2384 380 2385 97 2386 146 2387 271 2388 380 2389 146 2390 184 2391 25 2392 381 2393 25 2394 227 2395 381 2396 430 2397 18 2398 382 2399 271 2400 430 2401 382 2402 383 2403 208 2404 40 2405 89 2406 383 2407 40 2408 63 2409 209 2410 384 2411 209 2412 447 2413 384 2414 113 2415 385 2416 212 2417 385 2418 30 2419 212 2420 386 2421 204 2422 141 2423 386 2424 120 2425 204 2426 6 2427 387 2428 200 2429 387 2430 6 2431 56 2432 388 2433 119 2434 57 2435 200 2436 388 2437 57 2438 284 2439 0 2440 389 2441 89 2442 389 2443 0 2444 107 2445 190 2446 390 2447 390 2448 392 2449 107 2450 391 2451 203 2452 76 2453 391 2454 202 2455 203 2456 107 2457 392 2458 169 2459 253 2460 169 2461 392 2462 393 2463 124 2464 102 2465 393 2466 341 2467 124 2468 316 2469 108 2470 394 2471 394 2472 108 2473 40 2474 395 2475 190 2476 224 2477 160 2478 395 2479 224 2480 11 2481 244 2482 396 2483 11 2484 396 2485 98 2486 205 2487 62 2488 397 2489 1 2490 205 2491 397 2492 162 2493 217 2494 398 2495 113 2496 398 2497 217 2498 426 2499 453 2500 399 2501 42 2502 193 2503 439 2504 400 2505 198 2506 221 2507 198 2508 400 2509 77 2510 401 2511 447 2512 10 2513 63 2514 401 2515 10 2516 159 2517 147 2518 402 2519 147 2520 88 2521 402 2522 424 2523 403 2524 215 2525 403 2526 44 2527 215 2528 232 2529 25 2530 404 2531 232 2532 404 2533 180 2534 405 2535 12 2536 378 2537 264 2538 12 2539 405 2540 406 2541 122 2542 18 2543 20 2544 406 2545 18 2546 64 2547 407 2548 152 2549 152 2550 407 2551 130 2552 32 2553 408 2554 21 2555 408 2556 115 2557 21 2558 224 2559 235 2560 409 2561 253 2562 409 2563 235 2564 21 2565 115 2566 410 2567 115 2568 25 2569 410 2570 337 2571 411 2572 7 2573 435 2574 7 2575 411 2576 130 2577 412 2578 78 2579 412 2580 130 2581 300 2582 413 2583 353 2584 431 2585 126 2586 353 2587 413 2588 272 2589 170 2590 414 2591 232 2592 414 2593 170 2594 415 2595 165 2596 417 2597 165 2598 415 2599 14 2600 165 2601 416 2602 177 2603 416 2604 50 2605 177 2606 165 2607 149 2608 417 2609 417 2610 149 2611 62 2612 48 2613 418 2614 49 2615 48 2616 36 2617 418 2618 70 2619 419 2620 250 2621 54 2622 250 2623 419 2624 166 2625 420 2626 31 2627 31 2628 420 2629 54 2630 290 2631 58 2632 421 2633 159 2634 290 2635 421 2636 422 2637 30 2638 14 2639 415 2640 422 2641 14 2642 423 2643 95 2644 22 2645 95 2646 423 2647 199 2648 144 2649 104 2650 452 2651 144 2652 452 2653 440 2654 23 2655 425 2656 62 2657 425 2658 23 2659 109 2660 94 2661 1 2662 426 2663 94 2664 426 2665 454 2666 113 2667 35 2668 427 2669 35 2670 308 2671 427 2672 223 2673 379 2674 428 2675 428 2676 266 2677 223 2678 46 2679 429 2680 292 2681 292 2682 429 2683 49 2684 430 2685 20 2686 18 2687 271 2688 20 2689 430 2690 218 2691 431 2692 353 2693 431 2694 218 2695 1 2696 404 2697 432 2698 180 2699 180 2700 432 2701 32 2702 117 2703 433 2704 455 2705 278 2706 433 2707 117 2708 382 2709 18 2710 434 2711 18 2712 122 2713 434 2714 109 2715 219 2716 435 2717 219 2718 7 2719 435 2720 98 2721 436 2722 61 2723 98 2724 61 2725 436 2726 182 2727 437 2728 74 2729 73 2730 437 2731 182 2732 438 2733 142 2734 48 2735 438 2736 213 2737 142 2738 399 2739 453 2740 439 2741 439 2742 355 2743 399 2744 440 2745 424 2746 358 2747 440 2748 358 2749 219 2750 83 2751 97 2752 441 2753 428 2754 83 2755 441 2756 213 2757 442 2758 72 2759 442 2760 213 2761 438 2762 307 2763 443 2764 326 2765 143 2766 443 2767 307 2768 200 2769 444 2770 6 2771 57 2772 444 2773 200 2774 263 2775 195 2776 445 2777 445 2778 195 2779 315 2780 277 2781 446 2782 257 2783 257 2784 446 2785 185 2786 401 2787 457 2788 447 2789 384 2790 447 2791 279 2792 448 2793 314 2794 60 2795 448 2796 60 2797 358 2798 340 2799 456 2800 127 2801 183 2802 127 2803 449 2804 154 2805 450 2806 270 2807 450 2808 315 2809 270 2810 360 2811 451 2812 227 2813 360 2814 445 2815 451 2816 452 2817 424 2818 440 2819 452 2820 403 2821 424 2822 42 2823 453 2824 353 2825 453 2826 42 2827 439 2828 454 2829 426 2830 399 2831 454 2832 399 2833 90 2834 455 2835 433 2836 55 2837 55 2838 238 2839 455 2840 449 2841 127 2842 456 2843 446 2844 449 2845 456 2846 457 2847 279 2848 447 2849 457 2850 110 2851 279 2852 458 2853 244 2854 356 2855 125 2856 458 2857 356 2858</p>
        </triangles>
      </mesh>
    </geometry>
    <geometry id="FBXASC227FBXASC130FBXASC189FBXASC227FBXASC131FBXASC170FBXASC227FBXASC131FBXASC131FBXASC227FBXASC131FBXASC1371_ncl1_1-lib" name="FBXASC227FBXASC130FBXASC189FBXASC227FBXASC131FBXASC170FBXASC227FBXASC131FBXASC131FBXASC227FBXASC131FBXASC1371_ncl1_1Mesh">
      <mesh>
        <source id="FBXASC227FBXASC130FBXASC189FBXASC227FBXASC131FBXASC170FBXASC227FBXASC131FBXASC131FBXASC227FBXASC131FBXASC1371_ncl1_1-POSITION">
          <float_array id="FBXASC227FBXASC130FBXASC189FBXASC227FBXASC131FBXASC170FBXASC227FBXASC131FBXASC131FBXASC227FBXASC131FBXASC1371_ncl1_1-POSITION-array" count="477">-0.001311949 -0.002755906 0.000393701 -0.000807087 0.001181102 0.000137795 0.000314961 0 0 0.000800794 -0.001129282 0.000393701 0.001488189 0.003070866 0.000393701 -0.000485443 -0.001104737 0 -0.001311949 0.002755906 0.000393701 0.001409449 -0.003149606 0 -0.000380308 5.182e-05 0.000393701 0.00046063 0.001181102 0 0.000374016 0.001181102 0.000393701 -0.000782284 -0.001080473 0.000393701 -0.000720472 0 0 -0.000130846 -0.002755906 0.000393701 0.00046063 -0.001181102 0 0.000105857 0.002678996 0.000393701 -0.000130846 0.002755906 0 -0.000130846 -0.002755906 0 -0.000720472 0.001181102 0 0.00075263 -0.00014359 0.000393701 -0.000866142 -0.002119894 0.000393701 -0.000905512 0.002188085 0.000393701 0.000287731 -0.000128106 0.000393701 -0.00015748 -0.000272764 0 0.001050256 0.002755906 0 0.001050256 -0.002755906 0.000393701 -0.001496063 -0.003149606 0.000393701 -0.001496063 0.003149606 0.000393701 -0.000380308 0.001232923 0.000393701 -0.00015748 0.000272764 0.000393701 0.000374016 -0.001181102 0.000393701 0.000800794 0.001232923 0.000393701 -0.000428472 -0.001324692 0.000393701 0.001286959 -0.002678996 0 -0.000807087 0 0.000393701 -0.001311949 0.002755906 0 -0.001311949 -0.002755906 0 0.001286959 0.002678996 0.000393701 0.000467545 0.000178205 0.000393701 0.000630699 -0.000123562 0 -0.000254809 0.000185129 0 -0.000905512 -0.002188085 0 -0.000720472 -0.001181102 0 0.00021075 0.000234061 0 0.00075263 -0.001037513 0.000137795 -0.000254809 -0.000185129 0.000393701 -0.000866142 0.002119894 0 -0.000782284 0.001080473 0.000393701 0.001488189 -0.003070866 0.000393701 -0.001496063 -0.003149606 0 0.001409449 0.003149606 0 -0.001496063 0.003149606 0 0.000720472 0.001181102 0 -0.000380308 -0.001129282 0.000393701 0.00021075 -0.000234061 0 9.7328e-05 -0.000299545 0.000393701 -0.001535433 -0.00255177 0 -0.001535433 0.00255177 0 -0.000713557 0.001359308 0.000393701 0.00021075 0.000234061 0.000393701 0.000667336 -0.001383566 0.000393701 0.000564451 0.001396059 0.000393701 -0.00046063 0.001181102 0 -0.000428472 0.001037513 0.000393701 0.00075263 0.001037513 0.000393701 0.000467545 -0.001002897 0.000393701 -0.000550403 -0.000123562 0 -0.000428472 -0.00014359 0.000393701 -0.001535433 0.00255177 0.000393701 -0.000428472 -0.001037513 0.000137795 0.000630699 -0.001304665 0 0.000398819 0.001080473 0.000137795 0.000800794 5.182e-05 0.000393701 -0.000308078 -6.5484e-05 0 0.001050256 -0.002755906 0 -0.001574803 -0.002619961 0.000393701 -0.000713557 0.000178205 0.000393701 0.000374016 0 0.000393701 -0.000713557 -0.001359308 0.000393701 0.000374016 0 0.000137795 0.001050256 0.002755906 0.000393701 0.000105857 -0.002678996 0 0.000374016 -0.001181102 0.000137795 -0.000807087 0 0.000137795 -0.000807087 -0.001181102 0.000137795 -0.000130846 0.002755906 0.000393701 0.00046063 0 0 -0.001075245 -0.002678996 0 -0.001075245 0.002678996 0.000393701 0.000800794 0.001129282 0.000137795 -0.000380308 0.001129282 0.000137795 0.000467545 0.001002897 0.000393701 -0.000550403 -0.001304665 0 -0.000616652 -0.000966146 0.000393701 0.000467545 -0.000178205 0.000393701 0.000800794 -0.001232923 0.000137795 -3.2922e-05 0.000313235 0.000393701 0.000467545 -0.001359308 0.000393701 -0.00015748 0.000272764 0 -0.000380308 -0.001232923 0.000137795 -0.000782284 0.001080473 0.000137795 0.000374016 0.001181102 0.000137795 -0.000713557 -0.000178205 0.000393701 -0.000550403 0.00105754 0 0.000550403 -0.00105754 0 0.00069566 -0.001104737 0 -0.00015748 -0.000272764 0.000393701 -3.2922e-05 -0.000313235 0 -0.000380308 -5.182e-05 0.000137795 9.7328e-05 0.000299545 0 0.000800794 -5.182e-05 0.000137795 0.001488189 -0.003070866 0 -0.000630699 -0.00105754 0 0.000630699 0.00105754 0 0.00021075 -0.000234061 0.000393701 -0.000713557 0.001002897 0.000393701 -0.000254809 0.000185129 0.000393701 0.001488189 0.003070866 0 0.000287731 0.000128106 0.000393701 0.001409449 -0.003149606 0.000393701 0.000287731 0.000128106 0 0.001409449 0.003149606 0.000393701 -0.000308078 6.5484e-05 0 -0.000254809 -0.000185129 0 0.00075263 -0.001324692 0.000393701 0.000667336 -0.000202464 0.000393701 -0.001574803 0.003070866 0.000393701 -0.000428472 -0.001037513 0.000393701 0.000667336 0.000978638 0.000393701 -0.000513767 0.000978638 0.000393701 0.000287731 -0.000128106 0 -0.000428472 0.00014359 0.000393701 0.000467545 0.001359308 0.000393701 0.000398819 -0.001080473 0.000393701 -0.000513767 -0.001383566 0.000393701 -0.000713557 -0.001002897 0.000393701 -0.000616652 0.001396059 0.000393701 -0.000513767 -0.000202464 0.000393701 0.001075245 -0.002678996 0.000393701 -0.000105857 -0.002678996 0.000393701 0.00075263 -0.001037513 0.000393701 -0.001574803 -0.003070866 0.000393701 -0.000428472 0.001324692 0.000393701 0.00075263 0.001324692 0.000393701 0.000398819 0.001080473 0.000393701 0.001075245 0.002678996 0 0.000564451 -0.000966146 0.000393701 0.00075263 0.00014359 0.000393701 -0.001574803 -0.003070866 0 -0.000807087 0.001181102 0.000393701 -0.000105857 0.002678996 0 -0.001286959 -0.002678996 0.000393701 -0.001286959 0.002678996 0 -0.001574803 0.003070866 0 0.000564451 0.000214957 0.000393701 -0.000616652 0.000214957 0.000393701 0.000485443 0.001104737 0 -0.000807087 -0.001181102 0.000393701 -0.00069566 0.001104737 0</float_array>
          <technique_common>
            <accessor source="#FBXASC227FBXASC130FBXASC189FBXASC227FBXASC131FBXASC170FBXASC227FBXASC131FBXASC131FBXASC227FBXASC131FBXASC1371_ncl1_1-POSITION-array" count="159" stride="3">
              <param name="X" type="float"/>
              <param name="Y" type="float"/>
              <param name="Z" type="float"/>
            </accessor>
          </technique_common>
        </source>
        <source id="FBXASC227FBXASC130FBXASC189FBXASC227FBXASC131FBXASC170FBXASC227FBXASC131FBXASC131FBXASC227FBXASC131FBXASC1371_ncl1_1-Normal0">
          <float_array id="FBXASC227FBXASC130FBXASC189FBXASC227FBXASC131FBXASC170FBXASC227FBXASC131FBXASC131FBXASC227FBXASC131FBXASC1371_ncl1_1-Normal0-array" count="3258">
0.000000 0.000000 -2.540000
0.000000 0.000000 -2.540000
0.000000 0.000000 -2.540000
0.000000 0.000000 2.540000
0.000000 0.000000 2.540000
0.000000 0.000000 2.540000
0.000000 0.000000 -2.540000
0.000000 0.000000 -2.540000
0.000000 0.000000 -2.540000
0.000000 0.000000 2.540000
0.000000 0.000000 2.540000
0.000000 0.000000 2.540000
0.000000 0.000000 2.540000
0.000000 0.000000 2.540000
0.000000 0.000000 2.540000
0.000000 0.000000 2.540000
0.000000 0.000000 2.540000
0.000000 0.000000 2.540000
0.000000 0.000000 -2.540000
0.000000 0.000000 -2.540000
0.000000 0.000000 -2.540000
0.000000 0.000000 -2.540000
0.000000 0.000000 -2.540000
0.000000 0.000000 -2.540000
0.000000 0.000000 -2.540000
0.000000 0.000000 -2.540000
0.000000 0.000000 -2.540000
0.000000 0.000000 -2.540000
0.000000 0.000000 -2.540000
0.000000 0.000000 -2.540000
0.000000 0.000000 2.540000
0.000000 0.000000 2.540000
0.000000 0.000000 2.540000
0.000000 0.000000 2.540000
0.000000 0.000000 2.540000
0.000000 0.000000 2.540000
0.000000 0.000000 2.540000
0.000000 0.000000 2.540000
0.000000 0.000000 2.540000
0.000000 0.000000 -2.540000
0.000000 0.000000 -2.540000
0.000000 0.000000 -2.540000
0.000000 0.000000 -2.540000
0.000000 0.000000 -2.540000
0.000000 0.000000 -2.540000
0.000000 0.000000 2.540000
0.000000 0.000000 2.540000
0.000000 0.000000 2.540000
0.000000 0.000000 2.540000
0.000000 0.000000 2.540000
0.000000 0.000000 2.540000
0.000000 0.000000 2.540000
0.000000 0.000000 2.540000
0.000000 0.000000 2.540000
0.000000 0.000000 -2.540000
0.000000 0.000000 -2.540000
0.000000 0.000000 -2.540000
0.000000 0.000000 -2.540000
0.000000 0.000000 -2.540000
0.000000 0.000000 -2.540000
0.000000 0.000000 -2.540000
0.000000 0.000000 -2.540000
0.000000 0.000000 -2.540000
0.000000 0.000000 -2.540000
0.000000 0.000000 -2.540000
0.000000 0.000000 -2.540000
0.000000 0.000000 2.540000
0.000000 0.000000 2.540000
0.000000 0.000000 2.540000
0.000000 0.000000 2.540000
0.000000 0.000000 2.540000
0.000000 0.000000 2.540000
0.000000 0.000000 2.540000
0.000000 0.000000 2.540000
0.000000 0.000000 2.540000
0.000000 0.000000 2.540000
0.000000 0.000000 2.540000
0.000000 0.000000 2.540000
0.000000 0.000000 2.540000
0.000000 0.000000 2.540000
0.000000 0.000000 2.540000
0.000000 0.000000 2.540000
0.000000 0.000000 2.540000
0.000000 0.000000 2.540000
0.000000 0.000000 2.540000
0.000000 0.000000 2.540000
0.000000 0.000000 2.540000
0.000000 0.000000 2.540000
0.000000 0.000000 2.540000
0.000000 0.000000 2.540000
0.000000 0.000000 -2.540000
0.000000 0.000000 -2.540000
0.000000 0.000000 -2.540000
0.000000 0.000000 -2.540000
0.000000 0.000000 -2.540000
0.000000 0.000000 -2.540000
0.000000 0.000000 2.540000
0.000000 0.000000 2.540000
0.000000 0.000000 2.540000
0.000000 0.000000 2.540000
0.000000 0.000000 2.540000
0.000000 0.000000 2.540000
0.000000 0.000000 -2.540000
0.000000 0.000000 -2.540000
0.000000 0.000000 -2.540000
0.000000 0.000000 -2.540000
0.000000 0.000000 -2.540000
0.000000 0.000000 -2.540000
0.000000 0.000000 -2.540000
0.000000 0.000000 -2.540000
0.000000 0.000000 -2.540000
0.000000 0.000000 -2.540000
0.000000 0.000000 -2.540000
0.000000 0.000000 -2.540000
0.000000 0.000000 -2.540000
0.000000 0.000000 -2.540000
0.000000 0.000000 -2.540000
0.000000 0.000000 -2.540000
0.000000 0.000000 -2.540000
0.000000 0.000000 -2.540000
0.000000 0.000000 2.540000
0.000000 0.000000 2.540000
0.000000 0.000000 2.540000
0.000000 0.000000 2.540000
0.000000 0.000000 2.540000
0.000000 0.000000 2.540000
0.000000 0.000000 -2.540000
0.000000 0.000000 -2.540000
0.000000 0.000000 -2.540000
0.000000 0.000000 2.540000
0.000000 0.000000 2.540000
0.000000 0.000000 2.540000
0.000000 0.000000 2.540000
0.000000 0.000000 2.540000
0.000000 0.000000 2.540000
0.000000 0.000000 -2.540000
0.000000 0.000000 -2.540000
0.000000 0.000000 -2.540000
0.306163 2.521481 0.000000
1.442884 2.090379 0.000000
0.306163 2.521481 0.000000
-0.900696 -2.374941 0.000000
-1.901217 -1.684332 0.000000
-0.900696 -2.374941 0.000000
-0.784903 -2.415684 0.000000
-0.784903 -2.415684 0.000000
-1.699592 -1.887588 0.000000
-0.784903 2.415684 0.000000
-1.699592 1.887588 0.000000
-0.784903 2.415684 0.000000
0.000000 0.000000 -2.540000
0.000000 0.000000 -2.540000
0.000000 0.000000 -2.540000
0.265502 2.526086 0.000000
0.265502 2.526086 0.000000
1.270000 2.199704 0.000000
0.000000 0.000000 -2.540000
0.000000 0.000000 -2.540000
0.000000 0.000000 -2.540000
0.000000 0.000000 -2.540000
0.000000 0.000000 -2.540000
0.000000 0.000000 -2.540000
0.000000 0.000000 2.540000
0.000000 0.000000 2.540000
0.000000 0.000000 2.540000
0.000000 0.000000 2.540000
0.000000 0.000000 2.540000
0.000000 0.000000 2.540000
0.000000 0.000000 2.540000
0.000000 0.000000 2.540000
0.000000 0.000000 2.540000
0.000000 0.000000 -2.540000
0.000000 0.000000 -2.540000
0.000000 0.000000 -2.540000
0.000000 0.000000 -2.540000
0.000000 0.000000 -2.540000
0.000000 0.000000 -2.540000
0.000000 0.000000 2.540000
0.000000 0.000000 2.540000
0.000000 0.000000 2.540000
0.000000 0.000000 2.540000
0.000000 0.000000 2.540000
0.000000 0.000000 2.540000
0.000000 0.000000 2.540000
0.000000 0.000000 2.540000
0.000000 0.000000 2.540000
0.000000 0.000000 2.540000
0.000000 0.000000 2.540000
0.000000 0.000000 2.540000
2.484495 -0.528096 0.000000
2.484495 0.528096 0.000000
2.484495 -0.528096 0.000000
0.000000 0.000000 2.540000
0.000000 0.000000 2.540000
0.000000 0.000000 2.540000
0.306163 2.521481 0.000000
1.442884 2.090379 0.000000
0.306163 2.521481 0.000000
-0.900696 -2.374941 0.000000
-1.901217 -1.684332 0.000000
-0.900696 -2.374941 0.000000
0.000000 0.000000 2.540000
0.000000 0.000000 2.540000
0.000000 0.000000 2.540000
0.000000 0.000000 2.540000
0.000000 0.000000 2.540000
0.000000 0.000000 2.540000
0.000000 0.000000 2.540000
0.000000 0.000000 2.540000
0.000000 0.000000 2.540000
0.306163 2.521481 0.000000
1.442884 2.090379 0.000000
0.306163 2.521481 0.000000
-0.900696 -2.374941 0.000000
-1.901217 -1.684332 0.000000
-0.900696 -2.374941 0.000000
1.442884 2.090379 0.000000
2.249058 1.180397 0.000000
1.442884 2.090379 0.000000
0.000000 0.000000 2.540000
0.000000 0.000000 2.540000
0.000000 0.000000 2.540000
0.000000 0.000000 2.540000
0.000000 0.000000 2.540000
0.000000 0.000000 2.540000
-0.900696 -2.374941 0.000000
-1.901217 -1.684332 0.000000
-0.900696 -2.374941 0.000000
0.000000 0.000000 -2.540000
0.000000 0.000000 -2.540000
0.000000 0.000000 -2.540000
0.000000 0.000000 -2.540000
0.000000 0.000000 -2.540000
0.000000 0.000000 -2.540000
0.306163 2.521481 0.000000
1.442884 2.090379 0.000000
0.306163 2.521481 0.000000
-0.900696 -2.374941 0.000000
-1.901217 -1.684332 0.000000
-0.900696 -2.374941 0.000000
-1.270000 -2.199704 0.000000
-1.270000 -2.199704 0.000000
-1.270000 -2.199704 0.000000
-2.540000 0.000000 0.000000
-2.540000 -0.000000 0.000000
-2.540000 0.000000 0.000000
-1.270000 2.199704 0.000000
-1.270000 2.199704 0.000000
-1.270000 2.199704 0.000000
-2.540000 0.000000 0.000000
-2.540000 -0.000000 0.000000
-2.540000 0.000000 0.000000
0.000000 0.000000 2.540000
0.000000 0.000000 2.540000
0.000000 0.000000 2.540000
0.000000 0.000000 2.540000
0.000000 0.000000 2.540000
0.000000 0.000000 2.540000
-2.540000 0.000000 0.000000
-2.320405 -1.033111 0.000000
-2.320405 -1.033111 0.000000
2.249058 -1.180397 0.000000
1.442884 -2.090379 0.000000
2.249058 -1.180397 0.000000
0.000000 0.000000 -2.540000
0.000000 0.000000 -2.540000
0.000000 0.000000 -2.540000
0.000000 0.000000 -2.540000
0.000000 0.000000 -2.540000
0.000000 0.000000 -2.540000
2.484495 -0.528096 0.000000
2.484495 -0.528096 0.000000
2.054903 -1.492975 0.000000
0.265502 -2.526086 0.000000
1.270000 -2.199704 0.000000
0.265502 -2.526086 0.000000
-2.540000 -0.000000 0.000000
-2.540000 0.000000 0.000000
-2.540000 0.000000 0.000000
-1.270000 2.199704 0.000000
-1.270000 2.199704 0.000000
-1.270000 2.199704 0.000000
2.249058 -1.180397 0.000000
2.249058 -1.180397 0.000000
2.540000 0.000000 0.000000
-1.901217 1.684332 0.000000
-1.901217 1.684332 0.000000
-2.466192 0.607862 0.000000
0.000000 0.000000 -2.540000
0.000000 0.000000 -2.540000
0.000000 0.000000 -2.540000
0.000000 0.000000 -2.540000
0.000000 0.000000 -2.540000
0.000000 0.000000 -2.540000
-2.320405 -1.033111 0.000000
-2.320405 -1.033111 0.000000
-1.699592 -1.887588 0.000000
0.000000 0.000000 -2.540000
0.000000 0.000000 -2.540000
0.000000 0.000000 -2.540000
0.000000 0.000000 -2.540000
0.000000 0.000000 -2.540000
0.000000 0.000000 -2.540000
0.000000 0.000000 2.540000
0.000000 0.000000 2.540000
0.000000 0.000000 2.540000
2.249058 -1.180397 0.000000
2.249058 -1.180397 0.000000
2.540000 0.000000 0.000000
0.000000 0.000000 -2.540000
0.000000 0.000000 -2.540000
0.000000 0.000000 -2.540000
2.484495 0.528096 0.000000
2.054903 1.492975 0.000000
2.484495 0.528096 0.000000
0.000000 0.000000 2.540000
0.000000 0.000000 2.540000
0.000000 0.000000 2.540000
-2.540000 -0.000000 0.000000
-2.540000 0.000000 0.000000
-2.540000 -0.000000 0.000000
-1.270000 -2.199704 0.000000
-1.270000 -2.199704 0.000000
-1.270000 -2.199704 0.000000
0.306163 2.521481 0.000000
1.442884 2.090379 0.000000
0.306163 2.521481 0.000000
-0.900696 -2.374941 0.000000
-1.901217 -1.684332 0.000000
-0.900696 -2.374941 0.000000
2.540000 0.000000 0.000000
2.540000 0.000000 0.000000
2.540000 0.000000 0.000000
0.000000 -2.540000 0.000000
0.000000 -2.540000 0.000000
0.000000 -2.540000 0.000000
0.000000 -2.540000 0.000000
0.000000 -2.540000 0.000000
0.000000 -2.540000 0.000000
-2.540000 0.000000 0.000000
-2.540000 -0.000000 0.000000
-2.540000 -0.000000 0.000000
0.000000 2.540000 0.000000
0.000000 2.540000 0.000000
0.000000 2.540000 0.000000
2.540000 0.000000 0.000000
2.540000 0.000000 0.000000
2.540000 0.000000 0.000000
0.000000 2.540000 0.000000
0.000000 2.540000 0.000000
0.000000 2.540000 0.000000
-2.540000 0.000000 0.000000
-2.540000 -0.000000 0.000000
-2.540000 -0.000000 0.000000
0.000000 0.000000 -2.540000
0.000000 0.000000 -2.540000
0.000000 0.000000 -2.540000
0.000000 0.000000 -2.540000
0.000000 0.000000 -2.540000
0.000000 0.000000 -2.540000
-2.466192 0.607862 0.000000
-1.901217 1.684332 0.000000
-2.466192 0.607862 0.000000
0.000000 0.000000 2.540000
0.000000 0.000000 2.540000
0.000000 0.000000 2.540000
0.000000 0.000000 -2.540000
0.000000 0.000000 -2.540000
0.000000 0.000000 -2.540000
-2.320405 1.033111 0.000000
-2.540000 0.000000 0.000000
-2.320405 1.033111 0.000000
0.000000 0.000000 2.540000
0.000000 0.000000 2.540000
0.000000 0.000000 2.540000
-1.699592 1.887588 0.000000
-1.699592 1.887588 0.000000
-0.784903 2.415684 0.000000
0.000000 0.000000 -2.540000
0.000000 0.000000 -2.540000
0.000000 0.000000 -2.540000
0.000000 0.000000 -2.540000
0.000000 0.000000 -2.540000
0.000000 0.000000 -2.540000
0.000000 0.000000 -2.540000
0.000000 0.000000 -2.540000
0.000000 0.000000 -2.540000
0.000000 0.000000 -2.540000
0.000000 0.000000 -2.540000
0.000000 0.000000 -2.540000
0.000000 0.000000 2.540000
0.000000 0.000000 2.540000
0.000000 0.000000 2.540000
2.249058 -1.180397 0.000000
1.442884 -2.090379 0.000000
2.249058 -1.180397 0.000000
0.000000 0.000000 2.540000
0.000000 0.000000 2.540000
0.000000 0.000000 2.540000
0.000000 0.000000 2.540000
0.000000 0.000000 2.540000
0.000000 0.000000 2.540000
0.000000 0.000000 2.540000
0.000000 0.000000 2.540000
0.000000 0.000000 2.540000
-1.901217 1.684332 0.000000
-1.901217 1.684332 0.000000
-2.466192 0.607862 0.000000
0.000000 0.000000 2.540000
0.000000 0.000000 2.540000
0.000000 0.000000 2.540000
2.249058 -1.180397 0.000000
1.442884 -2.090379 0.000000
2.249058 -1.180397 0.000000
0.784903 2.415684 0.000000
0.784903 2.415684 0.000000
-0.784903 2.415684 0.000000
0.000000 0.000000 -2.540000
0.000000 0.000000 -2.540000
0.000000 0.000000 -2.540000
0.000000 0.000000 -2.540000
0.000000 0.000000 -2.540000
0.000000 0.000000 -2.540000
-0.784903 -2.415684 0.000000
-0.784903 -2.415684 0.000000
0.784903 -2.415684 0.000000
-1.901217 1.684332 0.000000
-1.901217 1.684332 0.000000
-2.466192 0.607862 0.000000
0.000000 0.000000 2.540000
0.000000 0.000000 2.540000
0.000000 0.000000 2.540000
-1.901217 1.684332 0.000000
-1.901217 1.684332 0.000000
-2.466192 0.607862 0.000000
0.000000 0.000000 2.540000
0.000000 0.000000 2.540000
0.000000 0.000000 2.540000
2.249058 -1.180397 0.000000
1.442884 -2.090379 0.000000
2.249058 -1.180397 0.000000
0.000000 0.000000 2.540000
0.000000 0.000000 2.540000
0.000000 0.000000 2.540000
0.000000 0.000000 -2.540000
0.000000 0.000000 -2.540000
0.000000 0.000000 -2.540000
0.000000 0.000000 -2.540000
0.000000 0.000000 -2.540000
0.000000 0.000000 -2.540000
0.000000 0.000000 2.540000
0.000000 0.000000 2.540000
0.000000 0.000000 2.540000
-2.466192 -0.607862 0.000000
-2.466192 -0.607862 0.000000
-1.901217 -1.684332 0.000000
0.000000 0.000000 2.540000
0.000000 0.000000 2.540000
0.000000 0.000000 2.540000
0.000000 0.000000 2.540000
0.000000 0.000000 2.540000
0.000000 0.000000 2.540000
-0.784903 -2.415684 0.000000
-0.784903 -2.415684 0.000000
0.784903 -2.415684 0.000000
-2.054903 -1.492975 0.000000
-2.540000 0.000000 0.000000
-2.054903 -1.492975 0.000000
0.000000 0.000000 -2.540000
0.000000 0.000000 -2.540000
0.000000 0.000000 -2.540000
-2.540000 0.000000 0.000000
-2.540000 0.000000 0.000000
-2.054903 -1.492975 0.000000
-0.784903 -2.415684 0.000000
-0.784903 -2.415684 0.000000
0.784903 -2.415684 0.000000
0.784903 2.415684 0.000000
0.784903 2.415684 0.000000
-0.784903 2.415684 0.000000
0.000000 0.000000 2.540000
0.000000 0.000000 2.540000
0.000000 0.000000 2.540000
-1.901217 1.684332 0.000000
-1.901217 1.684332 0.000000
-2.466192 0.607862 0.000000
2.054903 1.492975 0.000000
1.270000 2.199704 0.000000
2.054903 1.492975 0.000000
0.000000 0.000000 -2.540000
0.000000 0.000000 -2.540000
0.000000 0.000000 -2.540000
2.054903 -1.492975 0.000000
2.054903 -1.492975 0.000000
2.540000 0.000000 0.000000
0.000000 0.000000 -2.540000
0.000000 0.000000 -2.540000
0.000000 0.000000 -2.540000
-2.540000 0.000000 0.000000
-2.540000 0.000000 0.000000
-2.054903 -1.492975 0.000000
0.000000 0.000000 -2.540000
0.000000 0.000000 -2.540000
0.000000 0.000000 -2.540000
0.000000 0.000000 2.540000
0.000000 0.000000 2.540000
0.000000 0.000000 2.540000
0.000000 0.000000 2.540000
0.000000 0.000000 2.540000
0.000000 0.000000 2.540000
0.000000 0.000000 2.540000
0.000000 0.000000 2.540000
0.000000 0.000000 2.540000
2.249058 -1.180397 0.000000
1.442884 -2.090379 0.000000
2.249058 -1.180397 0.000000
0.000000 0.000000 2.540000
0.000000 0.000000 2.540000
0.000000 0.000000 2.540000
-2.540000 0.000000 0.000000
-2.540000 0.000000 0.000000
-2.320405 1.033111 0.000000
0.000000 0.000000 2.540000
0.000000 0.000000 2.540000
0.000000 0.000000 2.540000
0.306163 2.521481 0.000000
1.442884 2.090379 0.000000
0.306163 2.521481 0.000000
-0.784903 -2.415684 0.000000
-0.784903 -2.415684 0.000000
0.784903 -2.415684 0.000000
0.784903 2.415684 0.000000
0.784903 2.415684 0.000000
-0.784903 2.415684 0.000000
0.000000 0.000000 2.540000
0.000000 0.000000 2.540000
0.000000 0.000000 2.540000
0.000000 0.000000 2.540000
0.000000 0.000000 2.540000
0.000000 0.000000 2.540000
-2.540000 0.000000 0.000000
-2.054903 1.492975 0.000000
-2.540000 0.000000 0.000000
2.054903 1.492975 0.000000
2.540000 0.000000 0.000000
2.054903 1.492975 0.000000
0.000000 0.000000 -2.540000
0.000000 0.000000 -2.540000
0.000000 0.000000 -2.540000
2.054903 -1.492975 0.000000
2.054903 -1.492975 0.000000
2.540000 0.000000 0.000000
0.000000 0.000000 -2.540000
0.000000 0.000000 -2.540000
0.000000 0.000000 -2.540000
-2.540000 0.000000 0.000000
-2.540000 0.000000 0.000000
-2.054903 -1.492975 0.000000
0.784903 2.415684 0.000000
0.784903 2.415684 0.000000
-0.784903 2.415684 0.000000
2.540000 0.000000 0.000000
2.054903 -1.492975 0.000000
2.540000 0.000000 0.000000
-0.784903 -2.415684 0.000000
-0.784903 -2.415684 0.000000
0.784903 -2.415684 0.000000
0.784903 2.415684 0.000000
0.784903 2.415684 0.000000
-0.784903 2.415684 0.000000
0.784903 2.415684 0.000000
0.784903 2.415684 0.000000
-0.784903 2.415684 0.000000
2.540000 0.000000 0.000000
2.054903 -1.492975 0.000000
2.540000 0.000000 0.000000
0.000000 0.000000 2.540000
0.000000 0.000000 2.540000
0.000000 0.000000 2.540000
0.000000 0.000000 2.540000
0.000000 0.000000 2.540000
0.000000 0.000000 2.540000
-2.540000 0.000000 0.000000
-2.054903 1.492975 0.000000
-2.540000 0.000000 0.000000
2.054903 1.492975 0.000000
2.540000 0.000000 0.000000
2.054903 1.492975 0.000000
0.000000 0.000000 -2.540000
0.000000 0.000000 -2.540000
0.000000 0.000000 -2.540000
0.000000 0.000000 -2.540000
0.000000 0.000000 -2.540000
0.000000 0.000000 -2.540000
-2.540000 0.000000 0.000000
-2.540000 0.000000 0.000000
-2.054903 -1.492975 0.000000
0.000000 0.000000 -2.540000
0.000000 0.000000 -2.540000
0.000000 0.000000 -2.540000
0.000000 0.000000 -2.540000
0.000000 0.000000 -2.540000
0.000000 0.000000 -2.540000
2.054903 -1.492975 0.000000
2.054903 -1.492975 0.000000
2.540000 0.000000 0.000000
2.054903 1.492975 0.000000
2.540000 0.000000 0.000000
2.054903 1.492975 0.000000
0.000000 0.000000 2.540000
0.000000 0.000000 2.540000
0.000000 0.000000 2.540000
-2.540000 0.000000 0.000000
-2.054903 1.492975 0.000000
-2.540000 0.000000 0.000000
0.000000 0.000000 2.540000
0.000000 0.000000 2.540000
0.000000 0.000000 2.540000
-2.466192 0.607862 0.000000
-1.901217 1.684332 0.000000
-2.466192 0.607862 0.000000
-2.466192 -0.607862 0.000000
-2.466192 -0.607862 0.000000
-1.901217 -1.684332 0.000000
-2.466192 -0.607862 0.000000
-2.466192 -0.607862 0.000000
-1.901217 -1.684332 0.000000
-2.466192 0.607862 0.000000
-1.901217 1.684332 0.000000
-2.466192 0.607862 0.000000
0.000000 0.000000 2.540000
0.000000 0.000000 2.540000
0.000000 0.000000 2.540000
1.442884 2.090379 0.000000
2.249058 1.180397 0.000000
1.442884 2.090379 0.000000
-2.540000 0.000000 0.000000
-2.540000 0.000000 0.000000
-2.054903 -1.492975 0.000000
0.000000 0.000000 -2.540000
0.000000 0.000000 -2.540000
0.000000 0.000000 -2.540000
0.000000 0.000000 2.540000
0.000000 0.000000 2.540000
0.000000 0.000000 2.540000
2.249058 -1.180397 0.000000
1.442884 -2.090379 0.000000
2.249058 -1.180397 0.000000
1.442884 2.090379 0.000000
2.249058 1.180397 0.000000
1.442884 2.090379 0.000000
0.000000 0.000000 2.540000
0.000000 0.000000 2.540000
0.000000 0.000000 2.540000
-2.466192 -0.607862 0.000000
-2.466192 -0.607862 0.000000
-1.901217 -1.684332 0.000000
-2.466192 0.607862 0.000000
-1.901217 1.684332 0.000000
-2.466192 0.607862 0.000000
0.000000 0.000000 2.540000
0.000000 0.000000 2.540000
0.000000 0.000000 2.540000
1.270000 -2.199704 0.000000
1.270000 -2.199704 0.000000
0.265502 -2.526086 0.000000
1.442884 2.090379 0.000000
2.249058 1.180397 0.000000
1.442884 2.090379 0.000000
0.000000 0.000000 2.540000
0.000000 0.000000 2.540000
0.000000 0.000000 2.540000
1.270000 -2.199704 0.000000
1.270000 -2.199704 0.000000
2.054903 -1.492975 0.000000
0.000000 0.000000 -2.540000
0.000000 0.000000 -2.540000
0.000000 0.000000 -2.540000
0.000000 0.000000 2.540000
0.000000 0.000000 2.540000
0.000000 0.000000 2.540000
-2.466192 -0.607862 0.000000
-2.466192 -0.607862 0.000000
-1.901217 -1.684332 0.000000
2.249058 1.180397 0.000000
2.249058 1.180397 0.000000
2.540000 0.000000 0.000000
2.540000 0.000000 0.000000
2.540000 0.000000 0.000000
2.054903 1.492975 0.000000
0.000000 0.000000 2.540000
0.000000 0.000000 2.540000
0.000000 0.000000 2.540000
-2.540000 0.000000 0.000000
-2.054903 1.492975 0.000000
-2.540000 0.000000 0.000000
2.540000 0.000000 0.000000
2.054903 1.492975 0.000000
2.540000 0.000000 0.000000
0.000000 0.000000 2.540000
0.000000 0.000000 2.540000
0.000000 0.000000 2.540000
-2.540000 0.000000 0.000000
-2.054903 1.492975 0.000000
-2.540000 0.000000 0.000000
2.540000 0.000000 0.000000
2.249058 1.180397 0.000000
2.540000 0.000000 0.000000
0.000000 0.000000 2.540000
0.000000 0.000000 2.540000
0.000000 0.000000 2.540000
1.442884 2.090379 0.000000
2.249058 1.180397 0.000000
1.442884 2.090379 0.000000
0.000000 0.000000 -2.540000
0.000000 0.000000 -2.540000
0.000000 0.000000 -2.540000
-2.054903 1.492975 0.000000
-2.054903 1.492975 0.000000
-2.540000 0.000000 0.000000
2.054903 -1.492975 0.000000
2.054903 -1.492975 0.000000
2.540000 0.000000 0.000000
0.000000 0.000000 -2.540000
0.000000 0.000000 -2.540000
0.000000 0.000000 -2.540000
-2.054903 -1.492975 0.000000
-2.540000 0.000000 0.000000
-2.054903 -1.492975 0.000000
-0.784903 -2.415684 0.000000
-0.784903 -2.415684 0.000000
0.784903 -2.415684 0.000000
1.270000 2.199704 0.000000
1.270000 2.199704 0.000000
2.054903 1.492975 0.000000
0.000000 0.000000 2.540000
0.000000 0.000000 2.540000
0.000000 0.000000 2.540000
1.270000 2.199704 0.000000
0.265502 2.526086 0.000000
1.270000 2.199704 0.000000
0.000000 0.000000 -2.540000
0.000000 0.000000 -2.540000
0.000000 0.000000 -2.540000
-2.466192 0.607862 0.000000
-1.901217 1.684332 0.000000
-2.466192 0.607862 0.000000
-1.901217 1.684332 0.000000
-1.901217 1.684332 0.000000
-2.466192 0.607862 0.000000
-1.699592 -1.887588 0.000000
-0.784903 -2.415684 0.000000
-1.699592 -1.887588 0.000000
0.000000 0.000000 -2.540000
0.000000 0.000000 -2.540000
0.000000 0.000000 -2.540000
-2.466192 -0.607862 0.000000
-2.466192 -0.607862 0.000000
-1.901217 -1.684332 0.000000
-2.466192 0.607862 0.000000
-1.901217 1.684332 0.000000
-2.466192 0.607862 0.000000
1.796051 -1.796051 0.000000
1.796051 -1.796051 0.000000
1.796051 -1.796051 0.000000
0.000000 0.000000 -2.540000
0.000000 0.000000 -2.540000
0.000000 0.000000 -2.540000
2.054903 -1.492975 0.000000
2.054903 -1.492975 0.000000
2.540000 0.000000 0.000000
0.000000 0.000000 -2.540000
0.000000 0.000000 -2.540000
0.000000 0.000000 -2.540000
0.000000 0.000000 -2.540000
0.000000 0.000000 -2.540000
0.000000 0.000000 -2.540000
-2.054903 1.492975 0.000000
-2.054903 1.492975 0.000000
-2.540000 0.000000 0.000000
-1.699592 1.887588 0.000000
-1.699592 1.887588 0.000000
-2.320405 1.033111 0.000000
0.000000 0.000000 2.540000
0.000000 0.000000 2.540000
0.000000 0.000000 2.540000
0.000000 0.000000 2.540000
0.000000 0.000000 2.540000
0.000000 0.000000 2.540000
1.442884 2.090379 0.000000
2.249058 1.180397 0.000000
1.442884 2.090379 0.000000
2.054903 -1.492975 0.000000
1.270000 -2.199704 0.000000
2.054903 -1.492975 0.000000
0.000000 0.000000 2.540000
0.000000 0.000000 2.540000
0.000000 0.000000 2.540000
0.000000 0.000000 -2.540000
0.000000 0.000000 -2.540000
0.000000 0.000000 -2.540000
1.796051 1.796051 0.000000
1.796051 1.796051 0.000000
1.796051 1.796051 0.000000
0.000000 0.000000 2.540000
0.000000 0.000000 2.540000
0.000000 0.000000 2.540000
-1.699592 -1.887588 0.000000
-2.320405 -1.033111 0.000000
-1.699592 -1.887588 0.000000
1.796051 -1.796051 0.000000
1.796051 -1.796051 0.000000
1.796051 -1.796051 0.000000
0.000000 0.000000 2.540000
0.000000 0.000000 2.540000
0.000000 0.000000 2.540000
0.000000 0.000000 -2.540000
0.000000 0.000000 -2.540000
0.000000 0.000000 -2.540000
-2.540000 0.000000 0.000000
-2.320405 -1.033111 0.000000
-2.540000 0.000000 0.000000
0.000000 0.000000 2.540000
0.000000 0.000000 2.540000
0.000000 0.000000 2.540000
1.796051 1.796051 0.000000
1.796051 1.796051 0.000000
1.796051 1.796051 0.000000
0.000000 0.000000 -2.540000
0.000000 0.000000 -2.540000
0.000000 0.000000 -2.540000
2.054903 -1.492975 0.000000
2.484495 -0.528096 0.000000
2.054903 -1.492975 0.000000
0.000000 0.000000 -2.540000
0.000000 0.000000 -2.540000
0.000000 0.000000 -2.540000
2.054903 1.492975 0.000000
2.054903 1.492975 0.000000
2.484495 0.528096 0.000000
0.000000 0.000000 2.540000
0.000000 0.000000 2.540000
0.000000 0.000000 2.540000
-1.901217 1.684332 0.000000
-0.900696 2.374941 0.000000
-1.901217 1.684332 0.000000
-1.901217 1.684332 0.000000
-0.900696 2.374941 0.000000
-1.901217 1.684332 0.000000
0.000000 0.000000 2.540000
0.000000 0.000000 2.540000
0.000000 0.000000 2.540000
-1.796051 1.796051 0.000000
-1.796051 1.796051 0.000000
-1.796051 1.796051 0.000000
0.000000 0.000000 2.540000
0.000000 0.000000 2.540000
0.000000 0.000000 2.540000
-1.901217 -1.684332 0.000000
-2.466192 -0.607862 0.000000
-1.901217 -1.684332 0.000000
0.000000 0.000000 2.540000
0.000000 0.000000 2.540000
0.000000 0.000000 2.540000
-1.901217 1.684332 0.000000
-0.900696 2.374941 0.000000
-1.901217 1.684332 0.000000
0.000000 0.000000 2.540000
0.000000 0.000000 2.540000
0.000000 0.000000 2.540000
-1.901217 1.684332 0.000000
-0.900696 2.374941 0.000000
-1.901217 1.684332 0.000000
0.000000 0.000000 2.540000
0.000000 0.000000 2.540000
0.000000 0.000000 2.540000
0.000000 0.000000 -2.540000
0.000000 0.000000 -2.540000
0.000000 0.000000 -2.540000
-2.320405 1.033111 0.000000
-1.699592 1.887588 0.000000
-2.320405 1.033111 0.000000
-1.901217 -1.684332 0.000000
-2.466192 -0.607862 0.000000
-1.901217 -1.684332 0.000000
0.000000 0.000000 2.540000
0.000000 0.000000 2.540000
0.000000 0.000000 2.540000
1.442884 -2.090379 0.000000
0.306163 -2.521481 0.000000
1.442884 -2.090379 0.000000
0.000000 0.000000 2.540000
0.000000 0.000000 2.540000
0.000000 0.000000 2.540000
0.000000 0.000000 2.540000
0.000000 0.000000 2.540000
0.000000 0.000000 2.540000
2.540000 0.000000 0.000000
2.249058 -1.180397 0.000000
2.540000 0.000000 0.000000
0.000000 0.000000 2.540000
0.000000 0.000000 2.540000
0.000000 0.000000 2.540000
-1.901217 1.684332 0.000000
-0.900696 2.374941 0.000000
-1.901217 1.684332 0.000000
0.000000 0.000000 2.540000
0.000000 0.000000 2.540000
0.000000 0.000000 2.540000
1.442884 -2.090379 0.000000
0.306163 -2.521481 0.000000
1.442884 -2.090379 0.000000
0.000000 0.000000 2.540000
0.000000 0.000000 2.540000
0.000000 0.000000 2.540000
1.442884 -2.090379 0.000000
0.306163 -2.521481 0.000000
1.442884 -2.090379 0.000000
0.000000 0.000000 2.540000
0.000000 0.000000 2.540000
0.000000 0.000000 2.540000
-1.901217 1.684332 0.000000
-0.900696 2.374941 0.000000
-1.901217 1.684332 0.000000
2.540000 0.000000 0.000000
2.054903 -1.492975 0.000000
2.540000 0.000000 0.000000
-2.054903 -1.492975 0.000000
-2.540000 0.000000 0.000000
-2.054903 -1.492975 0.000000
0.000000 0.000000 2.540000
0.000000 0.000000 2.540000
0.000000 0.000000 2.540000
0.000000 0.000000 2.540000
0.000000 0.000000 2.540000
0.000000 0.000000 2.540000
2.540000 0.000000 0.000000
2.054903 -1.492975 0.000000
2.540000 0.000000 0.000000
0.000000 0.000000 2.540000
0.000000 0.000000 2.540000
0.000000 0.000000 2.540000
-2.054903 -1.492975 0.000000
-2.540000 0.000000 0.000000
-2.054903 -1.492975 0.000000
0.000000 0.000000 2.540000
0.000000 0.000000 2.540000
0.000000 0.000000 2.540000
0.000000 0.000000 2.540000
0.000000 0.000000 2.540000
0.000000 0.000000 2.540000
-1.901217 -1.684332 0.000000
-2.466192 -0.607862 0.000000
-1.901217 -1.684332 0.000000
-1.796051 -1.796051 0.000000
-1.796051 -1.796051 0.000000
-1.796051 -1.796051 0.000000
0.000000 0.000000 2.540000
0.000000 0.000000 2.540000
0.000000 0.000000 2.540000
-1.901217 -1.684332 0.000000
-2.466192 -0.607862 0.000000
-1.901217 -1.684332 0.000000
0.000000 0.000000 2.540000
0.000000 0.000000 2.540000
0.000000 0.000000 2.540000
0.000000 0.000000 2.540000
0.000000 0.000000 2.540000
0.000000 0.000000 2.540000
-1.901217 -1.684332 0.000000
-2.466192 -0.607862 0.000000
-1.901217 -1.684332 0.000000
2.249058 1.180397 0.000000
2.249058 1.180397 0.000000
2.540000 0.000000 0.000000
0.000000 0.000000 2.540000
0.000000 0.000000 2.540000
0.000000 0.000000 2.540000
0.000000 0.000000 -2.540000
0.000000 0.000000 -2.540000
0.000000 0.000000 -2.540000
-2.054903 1.492975 0.000000
-2.054903 1.492975 0.000000
-2.540000 0.000000 0.000000
0.000000 0.000000 -2.540000
0.000000 0.000000 -2.540000
0.000000 0.000000 -2.540000
2.540000 0.000000 0.000000
2.540000 0.000000 0.000000
2.054903 1.492975 0.000000
0.000000 0.000000 2.540000
0.000000 0.000000 2.540000
0.000000 0.000000 2.540000
1.442884 -2.090379 0.000000
0.306163 -2.521481 0.000000
1.442884 -2.090379 0.000000
0.000000 0.000000 2.540000
0.000000 0.000000 2.540000
0.000000 0.000000 2.540000
-1.901217 -1.684332 0.000000
-2.466192 -0.607862 0.000000
-1.901217 -1.684332 0.000000
-1.796051 -1.796051 0.000000
-1.796051 -1.796051 0.000000
-1.796051 -1.796051 0.000000
0.000000 0.000000 -2.540000
0.000000 0.000000 -2.540000
0.000000 0.000000 -2.540000
0.000000 0.000000 2.540000
0.000000 0.000000 2.540000
0.000000 0.000000 2.540000
2.540000 0.000000 0.000000
2.249058 1.180397 0.000000
2.540000 0.000000 0.000000
2.540000 0.000000 0.000000
2.540000 0.000000 0.000000
2.054903 1.492975 0.000000
0.000000 0.000000 -2.540000
0.000000 0.000000 -2.540000
0.000000 0.000000 -2.540000
0.000000 0.000000 -2.540000
0.000000 0.000000 -2.540000
0.000000 0.000000 -2.540000
-2.054903 1.492975 0.000000
-2.054903 1.492975 0.000000
-2.540000 0.000000 0.000000
-2.054903 -1.492975 0.000000
-2.540000 0.000000 0.000000
-2.054903 -1.492975 0.000000
0.000000 0.000000 2.540000
0.000000 0.000000 2.540000
0.000000 0.000000 2.540000
0.000000 0.000000 2.540000
0.000000 0.000000 2.540000
0.000000 0.000000 2.540000
2.540000 0.000000 0.000000
2.054903 -1.492975 0.000000
2.540000 0.000000 0.000000
0.000000 0.000000 -2.540000
0.000000 0.000000 -2.540000
0.000000 0.000000 -2.540000
-2.054903 1.492975 0.000000
-2.054903 1.492975 0.000000
-2.540000 0.000000 0.000000
2.540000 0.000000 0.000000
2.540000 0.000000 0.000000
2.054903 1.492975 0.000000
0.000000 0.000000 -2.540000
0.000000 0.000000 -2.540000
0.000000 0.000000 -2.540000
-1.796051 1.796051 0.000000
-1.796051 1.796051 0.000000
-1.796051 1.796051 0.000000
0.000000 0.000000 -2.540000
0.000000 0.000000 -2.540000
0.000000 0.000000 -2.540000
1.442884 -2.090379 0.000000
0.306163 -2.521481 0.000000
1.442884 -2.090379 0.000000
0.000000 0.000000 2.540000
0.000000 0.000000 2.540000
0.000000 0.000000 2.540000
0.000000 0.000000 2.540000
0.000000 0.000000 2.540000
0.000000 0.000000 2.540000
1.442884 -2.090379 0.000000
0.306163 -2.521481 0.000000
1.442884 -2.090379 0.000000
2.054903 1.492975 0.000000
2.054903 1.492975 0.000000
2.540000 0.000000 0.000000
0.000000 0.000000 -2.540000
0.000000 0.000000 -2.540000
0.000000 0.000000 -2.540000
2.540000 0.000000 0.000000
2.249058 -1.180397 0.000000
2.540000 0.000000 0.000000
0.000000 0.000000 2.540000
0.000000 0.000000 2.540000
0.000000 0.000000 2.540000
0.000000 0.000000 -2.540000
0.000000 0.000000 -2.540000
0.000000 0.000000 -2.540000
2.054903 1.492975 0.000000
2.540000 0.000000 0.000000
2.054903 1.492975 0.000000
</float_array>
          <technique_common>
            <accessor source="#FBXASC227FBXASC130FBXASC189FBXASC227FBXASC131FBXASC170FBXASC227FBXASC131FBXASC131FBXASC227FBXASC131FBXASC1371_ncl1_1-Normal0-array" count="1086" stride="3">
              <param name="X" type="float"/>
              <param name="Y" type="float"/>
              <param name="Z" type="float"/>
            </accessor>
          </technique_common>
        </source>
        <vertices id="FBXASC227FBXASC130FBXASC189FBXASC227FBXASC131FBXASC170FBXASC227FBXASC131FBXASC131FBXASC227FBXASC131FBXASC1371_ncl1_1-VERTEX">
          <input semantic="POSITION" source="#FBXASC227FBXASC130FBXASC189FBXASC227FBXASC131FBXASC170FBXASC227FBXASC131FBXASC131FBXASC227FBXASC131FBXASC1371_ncl1_1-POSITION"/>
        </vertices>
        <triangles count="362" material="MaterialFBXASC032FBXASC03525">
          <input semantic="VERTEX" offset="0" source="#FBXASC227FBXASC130FBXASC189FBXASC227FBXASC131FBXASC170FBXASC227FBXASC131FBXASC131FBXASC227FBXASC131FBXASC1371_ncl1_1-VERTEX"/>
          <input semantic="NORMAL" offset="1" source="#FBXASC227FBXASC130FBXASC189FBXASC227FBXASC131FBXASC170FBXASC227FBXASC131FBXASC131FBXASC227FBXASC131FBXASC1371_ncl1_1-Normal0"/>
          <p> 41 0 12 1 42 2 34 3 20 4 157 5 74 6 17 7 70 8 20 9 139 10 134 11 4 12 72 13 48 14 10 15 15 16 28 17 33 18 39 19 145 20 145 21 39 22 52 23 33 24 70 25 39 26 62 27 109 28 98 29 55 30 53 31 30 32 10 33 28 34 96 35 21 36 20 37 34 38 46 39 12 40 41 41 9 42 16 43 24 44 136 45 15 46 21 47 138 48 72 49 3 50 119 51 13 52 26 53 66 54 123 55 5 56 14 57 107 58 54 59 18 60 12 61 46 62 103 63 40 64 66 65 59 66 144 67 96 68 72 69 37 70 31 71 106 72 53 73 55 74 102 75 135 76 137 77 129 78 155 79 131 80 149 81 21 82 34 83 60 84 13 85 25 86 53 87 139 88 30 89 14 90 81 91 92 92 92 93 107 94 14 95 80 96 85 97 61 98 27 99 85 100 121 101 50 102 16 103 51 104 46 105 150 106 62 107 92 108 81 109 41 110 17 111 7 112 49 113 62 114 150 115 9 116 9 117 109 118 62 119 94 120 65 121 125 122 147 123 128 124 154 125 36 126 41 127 17 128 13 129 20 130 0 131 6 132 21 133 85 134 16 135 46 136 35 137 79 138 94 139 125 140 79 141 147 142 154 143 96 144 109 145 59 146 55 147 54 148 107 149 66 150 122 151 73 152 55 153 107 154 106 155 24 156 16 157 50 158 145 159 117 160 111 161 25 162 13 163 119 164 48 165 72 166 138 167 26 168 13 169 0 170 17 171 49 172 36 173 51 174 16 175 35 176 27 177 6 178 85 179 115 180 76 181 129 182 142 183 15 184 136 185 116 186 63 187 131 188 8 189 73 190 122 191 140 192 125 193 146 194 82 195 97 196 60 197 44 198 140 199 146 200 97 201 139 202 60 203 37 204 61 205 143 206 38 207 128 208 91 209 71 210 91 211 128 212 101 213 143 214 61 215 84 216 157 217 78 218 67 219 93 220 127 221 20 222 78 223 157 224 69 225 127 226 93 227 74 228 7 229 17 230 145 231 111 232 33 233 83 234 102 235 137 236 83 237 131 238 155 239 21 240 68 241 57 242 68 243 126 244 57 245 75 246 20 247 56 248 56 249 148 250 75 251 4 252 37 253 72 254 121 255 85 256 80 257 77 258 118 259 120 260 79 261 38 262 77 263 104 264 86 265 39 266 113 267 39 268 86 269 8 270 122 271 116 272 96 273 98 274 109 275 21 276 41 277 20 278 56 279 20 280 41 281 69 282 11 283 84 284 84 285 32 286 99 287 92 288 41 289 42 290 112 291 66 292 5 293 120 294 118 295 43 296 120 297 43 298 156 299 70 300 105 301 39 302 82 303 95 304 44 305 44 306 133 307 82 308 39 309 105 310 104 311 8 312 45 313 73 314 67 315 127 316 45 317 46 318 41 319 21 320 46 321 21 322 57 323 100 324 115 325 129 326 1 327 142 328 136 329 48 330 111 331 4 332 119 333 26 334 7 335 7 336 26 337 49 338 75 339 148 340 141 341 50 342 51 343 121 344 111 345 117 346 4 347 121 348 51 349 27 350 57 351 126 352 153 353 9 354 24 355 52 356 113 357 86 358 156 359 99 360 32 361 53 362 32 363 139 364 53 365 104 366 130 367 86 368 22 369 2 370 130 371 55 372 133 373 114 374 114 375 54 376 55 377 87 378 56 379 41 380 36 381 49 382 56 383 152 384 46 385 57 386 35 387 57 388 51 389 58 390 21 391 149 392 1 393 58 394 149 395 77 396 38 397 118 398 38 399 91 400 59 401 124 402 138 403 3 404 82 405 124 406 95 407 132 408 15 409 10 410 101 411 132 412 10 413 158 414 100 415 103 416 18 417 46 418 62 419 12 420 158 421 103 422 62 423 1 424 18 425 100 426 63 427 90 428 29 429 28 430 63 431 71 432 64 433 89 434 72 435 31 436 64 437 44 438 65 439 133 440 114 441 133 442 65 443 12 444 103 445 66 446 112 447 12 448 66 449 45 450 8 451 67 452 108 453 8 454 83 455 88 456 68 457 21 458 27 459 68 460 6 461 5 462 69 463 112 464 5 465 84 466 69 467 70 468 17 469 14 470 70 471 82 472 105 473 52 474 101 475 9 476 156 477 71 478 113 479 72 480 19 481 3 482 79 483 19 484 110 485 45 486 23 487 123 488 5 489 123 490 23 491 33 492 138 493 74 494 70 495 33 496 74 497 74 498 25 499 33 500 33 501 111 502 74 503 151 504 20 505 75 506 75 507 26 508 0 509 115 510 34 511 76 512 83 513 76 514 34 515 114 516 65 517 94 518 77 519 2 520 22 521 20 522 134 523 78 524 84 525 78 526 134 527 39 528 79 529 86 530 86 531 79 532 39 533 4 534 80 535 37 536 80 537 61 538 37 539 24 540 37 541 80 542 145 543 80 544 37 545 14 546 17 547 81 548 81 549 139 550 17 551 81 552 17 553 41 554 17 555 13 556 81 557 14 558 82 559 70 560 14 561 44 562 82 563 66 564 83 565 12 566 12 567 83 568 66 569 42 570 84 571 92 572 42 573 69 574 84 575 15 576 85 577 21 578 61 579 85 580 15 581 16 582 15 583 85 584 150 585 85 586 15 587 86 588 120 589 156 590 130 591 2 592 86 593 36 594 0 595 87 596 87 597 41 598 36 599 36 600 56 601 87 602 87 603 151 604 36 605 152 606 6 607 88 608 6 609 68 610 88 611 35 612 88 613 6 614 88 615 21 616 6 617 89 618 64 619 31 620 89 621 31 622 101 623 90 624 28 625 1 626 90 627 63 628 28 629 59 630 91 631 144 632 71 633 144 634 91 635 92 636 84 637 5 638 5 639 23 640 92 641 102 642 11 643 135 644 69 645 135 646 11 647 79 648 77 649 94 650 22 651 94 652 77 653 95 654 3 655 44 656 95 657 124 658 3 659 96 660 28 661 29 662 29 663 98 664 96 665 82 666 30 667 97 668 30 669 139 670 97 671 98 672 29 673 40 674 103 675 98 676 40 677 84 678 99 679 69 680 99 681 53 682 69 683 47 684 100 685 1 686 18 687 1 688 100 689 100 690 90 691 1 692 62 693 100 694 1 695 101 696 71 697 9 698 71 699 89 700 101 701 52 702 71 703 101 704 10 705 71 706 101 707 34 708 11 709 102 710 83 711 34 712 102 713 62 714 98 715 103 716 103 717 100 718 62 719 104 720 44 721 14 722 14 723 54 724 104 725 105 726 82 727 44 728 105 729 44 730 104 731 106 732 23 733 45 734 45 735 127 736 106 737 106 738 107 739 23 740 92 741 23 742 107 743 108 744 67 745 8 746 83 747 67 748 108 749 59 750 109 751 43 752 9 753 43 754 109 755 110 756 72 757 79 758 110 759 19 760 72 761 111 762 48 763 7 764 74 765 111 766 7 767 112 768 69 769 42 770 42 771 12 772 112 773 52 774 39 775 113 776 113 777 71 778 52 779 54 780 114 781 22 782 114 783 94 784 22 785 47 786 34 787 115 788 100 789 47 790 115 791 40 792 29 793 116 794 29 795 63 796 116 797 117 798 24 799 50 800 117 801 50 802 4 803 118 804 38 805 59 806 43 807 118 808 59 809 7 810 48 811 119 812 48 813 25 814 119 815 86 816 2 817 120 818 77 819 120 820 2 821 121 822 80 823 4 824 50 825 121 826 4 827 66 828 40 829 122 830 116 831 122 832 40 833 66 834 73 835 123 836 45 837 123 838 73 839 138 840 124 841 60 842 82 843 60 844 124 845 79 846 125 847 19 848 140 849 19 850 125 851 27 852 51 853 126 854 126 855 68 856 27 857 69 858 53 859 127 860 106 861 127 862 53 863 71 864 128 865 64 866 147 867 64 868 128 869 100 870 129 871 63 872 129 873 131 874 63 875 104 876 54 877 130 878 130 879 54 880 22 881 83 882 8 883 131 884 116 885 131 886 8 887 101 888 61 889 132 890 61 891 15 892 132 893 55 894 30 895 133 896 82 897 133 898 30 899 134 900 139 901 32 902 84 903 134 904 32 905 137 906 135 907 93 908 69 909 93 910 135 911 136 912 21 913 58 914 1 915 136 916 58 917 137 918 93 919 67 920 83 921 137 922 67 923 74 924 138 925 25 926 33 927 25 928 138 929 138 930 25 931 48 932 138 933 60 934 25 935 17 936 139 937 13 938 60 939 139 940 13 941 81 942 13 943 139 944 20 945 13 946 139 947 3 948 19 949 140 950 44 951 3 952 140 953 26 954 141 955 49 956 141 957 26 958 75 959 1 960 28 961 142 962 28 963 15 964 142 965 37 966 143 967 31 968 101 969 31 970 143 971 144 972 71 973 10 974 96 975 144 976 10 977 52 978 24 979 145 980 145 981 37 982 24 983 24 984 117 985 145 986 24 987 80 988 145 989 125 990 65 991 146 992 44 993 146 994 65 995 72 996 64 997 147 998 79 999 72 1000 147 1001 141 1002 148 1003 49 1004 49 1005 148 1006 56 1007 149 1008 34 1009 47 1010 149 1011 47 1012 1 1013 16 1014 85 1015 150 1016 46 1017 16 1018 150 1019 9 1020 150 1021 16 1022 150 1023 15 1024 16 1025 87 1026 0 1027 151 1028 75 1029 0 1030 151 1031 0 1032 20 1033 151 1034 36 1035 151 1036 0 1037 35 1038 46 1039 152 1040 152 1041 88 1042 35 1043 35 1044 6 1045 152 1046 152 1047 57 1048 35 1049 126 1050 51 1051 153 1052 51 1053 57 1054 153 1055 79 1056 154 1057 38 1058 154 1059 128 1060 38 1061 129 1062 76 1063 155 1064 83 1065 155 1066 76 1067 71 1068 156 1069 9 1070 156 1071 43 1072 9 1073 84 1074 11 1075 157 1076 34 1077 157 1078 11 1079 158 1080 12 1081 18 1082 158 1083 18 1084 100 1085</p>
        </triangles>
      </mesh>
    </geometry>
    <geometry id="FBXASC227FBXASC130FBXASC189FBXASC227FBXASC131FBXASC170FBXASC227FBXASC131FBXASC131FBXASC227FBXASC131FBXASC1371_ncl1_2-lib" name="FBXASC227FBXASC130FBXASC189FBXASC227FBXASC131FBXASC170FBXASC227FBXASC131FBXASC131FBXASC227FBXASC131FBXASC1371_ncl1_2Mesh">
      <mesh>
        <source id="FBXASC227FBXASC130FBXASC189FBXASC227FBXASC131FBXASC170FBXASC227FBXASC131FBXASC131FBXASC227FBXASC131FBXASC1371_ncl1_2-POSITION">
          <float_array id="FBXASC227FBXASC130FBXASC189FBXASC227FBXASC131FBXASC170FBXASC227FBXASC131FBXASC131FBXASC227FBXASC131FBXASC1371_ncl1_2-POSITION-array" count="639">0 0.000984252 0.000677165 0.000984252 -0.00084897 0.000671166 0.000896869 0.001133157 0.000539329 0.000720275 -0.001132478 -0.000440553 0 -0.000984252 0.000677165 0 0.001127876 -0.00038471 0.000842033 0.001075433 0.000394159 0.000761372 0.001240539 0.001397638 0.000698633 -0.001181661 0.000501574 0.000678158 -0.001269657 0.001397638 0 -0.001191797 -0.000320789 0 0.001187729 0.000516492 0.00086894 0.001164215 -0.000217934 0.00015748 -0.001129745 0.000530286 0.000877006 0.001016653 0.000804603 0 -0.001220472 0.001417323 0 0.001269893 -0.000336421 0.000898406 -0.000952068 0.000804619 0.000852431 0.001060809 -0.000188104 0.000974381 0.000973433 0.001397638 0.000974381 -0.000973433 0.001397638 0.00015748 0.000838759 0.000530286 0.00015748 -0.000838759 0.000530286 0.000590551 0.001200787 0.000590551 0 -0.000818376 0.000451365 0.00015748 0.001129745 0.000530286 0.000905512 -0.00079959 0.000477469 0.000984252 0.000829292 0.000562492 0.000940848 -0.001065499 0.000455677 0 0.000780775 0.000516492 0 0.001279528 0.001397638 0.00015748 -0.000984252 0.000748031 0 -0.001200787 0.000590551 0.000905512 0.000770379 0.000556697 0.000917901 -0.001104555 -0.000188104 0 0.001021853 0.000377305 0.00015748 0.000984252 0.000677165 0 -0.000780775 0.000664611 0.000905512 -0.00079959 0.000703633 0.000698633 -0.001181661 0.000679528 0.000590551 -0.001200787 -0.000275591 0.000960234 -0.001021153 0.000743608 0 -0.001027559 0.000515541 0 0.001150128 0.000729737 0.00097175 0.000984252 0.000748031 0.000905512 0.00083107 0.000743597 0.000590551 0.001200787 -0.000275591 0 -0.001143507 -0.000462806 0.000881537 -0.000961158 -0.00019927 0.000667358 0.001271963 -0.000271808 0 -0.001021853 0.000803797 0.00015748 -0.000984252 0.000433071 0.00015748 0.001044517 0.000445058 0.000798581 -0.001122304 0.000423735 0 -0.001021853 0.000377305 0 0.000875984 0.000778076 0.00015748 0.000872897 0.000701907 0 0.001059262 0.000547244 0.00083602 -0.001193634 0.001397638 0.000898359 0.001131295 0.001397638 0.00015748 -0.001129745 0.000650816 0.000590551 0.001082677 -0.000472441 0.00015748 -0.000872897 0.000701907 0 0.000875984 0.000403026 0.000984252 -0.00084897 0.000509937 0.000590551 0.001259843 0.001417323 0.00096881 0.000994973 0.000433449 0 -0.00109252 0.000403026 0 0.001198383 -0.000434846 0.000698633 0.001181661 0.000501574 0.000890261 -0.001141131 0.000577019 0.00015748 0.000984252 0.000748031 0.000984252 0.00084897 0.000671166 0 0.001021853 0.000803797 0 -0.000875984 0.000778076 0.00015748 0.001059262 0.000547244 0 -0.001150128 0.000729737 0 -0.001082677 -0.000393701 0.000905512 0.000791291 0.000492298 0 -0.000909242 0.000547244 0.000842033 -0.001075433 0.000786943 0.000590551 -0.001259843 0.001417323 0 0.000780775 0.000664611 0.000964567 -0.000885827 0.001417323 0.00015748 -0.000872897 0.000479196 0.000798581 0.001122304 0.000757368 0.00015748 0.000923987 0.000445058 0.000905512 -0.000767717 0.000590551 0 -0.001279528 -0.000275591 0.000590551 -0.001200787 0.000590551 0.000976687 0.000962634 -0.000117144 0.00015748 -0.001095607 0.000479196 0.000925197 0.000885827 0.001417323 0.000898406 0.000952068 0.000376484 0.000905512 -0.000885827 0.000397678 0 0.001082677 -0.000472441 0 0.001200787 0.000590551 0.00097765 -0.000957467 0.00043541 0.00015748 0.001129745 0.000650816 0.000698633 0.001181661 0.000679528 0.000984252 0.00084897 0.000509937 0.00015748 -0.000984252 0.000677165 0.00015748 -0.001070866 0.000590551 0.00015748 0.001044517 0.000736044 0.000891437 0.001139755 0.000615192 0 -0.001187729 0.000516492 0 -0.001241933 -0.000391296 0.000877006 -0.001016653 0.000376499 0 0.00109252 0.000403026 0 0.001200787 -0.000275591 0.00015748 -0.000909242 0.000547244 0 0.000984252 0.000503937 0.000905512 0.000885827 0.000783424 0 -0.000780775 0.000516492 0 0.00109252 0.000778076 0.00015748 0.000984252 0.000503937 0.000761372 -0.001240539 0.001397638 0.000678158 0.001269657 0.001397638 0 -0.001070866 0.000590551 0.00086894 -0.001025021 -0.000357129 0.000976687 -0.000962634 -0.000117144 0.000945263 -0.001056647 0.001397638 0.000945263 0.001056647 0.001397638 0.00015748 -0.001027559 0.000515541 0 -0.001187729 0.000664611 0.000751127 -0.001156728 0.000721399 0.00015748 -0.000923987 0.000736044 0.000984252 -0.000829292 0.00061861 0.000905512 -0.000837193 0.000749489 0.000798581 0.001122304 0.000423735 0.000905512 0.000770379 0.000624406 0 0.000946651 0.000803797 0 -0.001150128 0.000451365 0 -0.000946651 0.000377305 0 0.000946651 0.000377305 0 0.001150128 0.000451365 0 0.000767717 0.000590551 0 -0.000818376 0.000729737 0 0.000818376 0.000729737 0 0.000818376 0.000451365 0.000905512 0.000791291 0.000688805 0 0.001187729 0.000664611 0 -0.000767717 0.000590551 0 -0.00109252 0.000778076 0 0.001220472 0.001417323 0.000590551 0.001241933 -0.000391296 0.000877006 -0.001016653 0.000804603 0.000905512 0.00083107 0.000437506 0.000905512 -0.000775837 0.000531807 0.000984252 0.000829292 0.00061861 0.00015748 -0.000826772 0.000590551 0.00015748 -0.001141732 0.000590551 0.00015748 0.000826772 0.000590551 0.00015748 0.000923987 0.000736044 0.000924721 0.001093984 0.000477601 0.00015748 0.001095607 0.000479196 0 -0.000946651 0.000803797 0.000842033 0.001075433 0.000786943 0 -0.000875984 0.000403026 0.00015748 -0.001044517 0.000736044 0.000909486 -0.001116627 0.000505308 0.00015748 0.000872897 0.000479196 0.000644005 0.00119617 0.000634803 0.00015748 0.000838759 0.000650816 0.00015748 -0.001044517 0.000445058 0.00015748 -0.000838759 0.000650816 0.000905512 -0.000775837 0.000649295 0.000984252 -0.000829292 0.000562492 0.00015748 0.001027559 0.000665561 0.000644005 -0.00119617 0.000634803 0.000984252 0.000885827 0.000713484 0 0.001027559 0.000665561 0.000925197 -0.000885827 0.001417323 0.000984252 -0.000885827 0.000713484 0.000877006 0.001016653 0.000376499 0.00015748 0.000984252 0.000433071 0 0.001143507 -0.000462806 0 -0.001269893 -0.000336421 0 -0.001259843 0.001417323 0.000917901 0.001104555 -0.000188104 0.000984252 0.000885827 0.000467618 0.00015748 0.001095607 0.000701907 0.000590551 -0.001198383 -0.000434846 0.000590551 0.001220472 0.001417323 0.000590551 -0.001220472 0.001417323 0.000751127 0.001156728 0.000459704 0.000751127 -0.001156728 0.000459704 0.000842033 -0.001075433 0.000394159 0.00089946 0.000947273 -0.000117144 0.00015748 -0.000923987 0.000445058 0.00015748 -0.001095607 0.000701907 0.00097175 -0.000984252 0.000748031 0.00015748 0.001141732 0.000590551 0.000964567 0.000885827 0.001417323 0 -0.001200787 -0.000275591 0 0.001279528 -0.000275591 0 0.001082677 -0.000393701 0 -0.001082677 -0.000472441 0.000644005 0.00119617 0.000546299 0.000644005 -0.00119617 0.000546299 0 -0.001198383 -0.000434846 0 0.001241933 -0.000391296 0.000741214 -0.001249559 -0.000260606 0.000667358 -0.001078895 -0.000464876 0.000590551 0.001269893 -0.000336421 0.000954283 0.001036489 -0.000154072 0.00089946 -0.00092423 -0.000140186 0.000954283 -0.001036489 -0.000154072 0.000741214 0.001249559 -0.000260606 0.00080928 -0.001049502 -0.00040609 0.000741214 -0.001067693 -0.000442472 0.000984252 -0.000885827 -7.874e-05 0.000984252 0.000885827 -7.874e-05</float_array>
          <technique_common>
            <accessor source="#FBXASC227FBXASC130FBXASC189FBXASC227FBXASC131FBXASC170FBXASC227FBXASC131FBXASC131FBXASC227FBXASC131FBXASC1371_ncl1_2-POSITION-array" count="213" stride="3">
              <param name="X" type="float"/>
              <param name="Y" type="float"/>
              <param name="Z" type="float"/>
            </accessor>
          </technique_common>
        </source>
        <source id="FBXASC227FBXASC130FBXASC189FBXASC227FBXASC131FBXASC170FBXASC227FBXASC131FBXASC131FBXASC227FBXASC131FBXASC1371_ncl1_2-Normal0">
          <float_array id="FBXASC227FBXASC130FBXASC189FBXASC227FBXASC131FBXASC170FBXASC227FBXASC131FBXASC131FBXASC227FBXASC131FBXASC1371_ncl1_2-Normal0-array" count="3924">
0.000000 -0.000000 2.540000
0.000000 -0.000000 2.540000
-0.000000 0.000000 2.540000
0.000000 0.000000 -2.540000
0.000000 0.000000 -2.540000
0.000000 0.000000 -2.540000
0.000000 -2.540000 -0.000000
-0.000000 -2.540000 0.000000
0.000000 -2.540000 0.000000
-1.411148 2.111933 0.000000
0.000000 2.540000 0.000000
-1.677677 1.907092 0.000000
2.540000 0.000000 0.000000
2.540000 0.000000 0.000000
2.530607 -0.218233 -0.000000
-2.491195 -0.000000 0.495529
-2.540000 0.000000 0.000000
-2.491195 -0.495529 0.000000
0.000000 -2.346654 0.972016
0.000000 -2.346654 0.972016
0.000000 -2.540000 0.000000
0.000000 2.054903 -1.492975
0.000000 2.054903 -1.492975
0.000000 2.415684 -0.784903
0.000000 -2.540000 0.000000
0.000000 -2.540000 0.000000
-0.431142 -2.503141 0.000000
-2.540000 0.000000 0.000000
-2.540000 0.000000 0.000000
-2.540000 0.000000 0.000000
2.540000 -0.000000 0.000000
2.540000 0.000000 0.000000
2.521838 0.303208 0.000000
0.000000 2.540000 0.000000
0.495186 2.491263 -0.000394
0.000000 2.540000 0.000000
-2.540000 0.000000 0.000000
-2.540000 0.000000 0.000000
-2.540000 0.000000 0.000000
0.000000 2.540000 0.000000
0.000000 2.540000 0.000000
0.000000 2.540000 0.000000
2.540000 0.000000 0.000000
2.521838 -0.303208 -0.000000
2.540000 0.000000 0.000000
1.985852 -1.583664 0.000000
1.984489 -1.332690 -0.858687
1.976224 -1.595663 -0.000000
0.000000 0.000000 -2.540000
0.495529 0.000000 -2.491195
0.000000 0.000000 -2.540000
0.000000 -2.415684 -0.784903
-0.000000 -2.540000 0.000000
0.000000 -2.540000 -0.000000
0.000000 2.540000 0.000000
0.000000 2.540000 0.000000
-1.411148 2.111933 0.000000
-2.111933 -0.000000 1.411148
0.000000 -0.000000 2.540000
-2.111933 -0.000000 1.411148
0.000000 -2.346654 -0.972016
0.000000 -2.037280 -1.516934
0.000000 -1.796051 -1.796051
0.000000 1.069614 2.303807
0.000000 1.270000 2.199704
0.000000 0.441066 2.501412
0.000000 -0.172927 2.534106
0.000000 0.000000 2.540000
0.000000 0.972016 2.346654
0.000000 -1.154545 -2.262438
0.000000 -1.270000 -2.199704
0.000000 -0.441066 -2.501412
1.102065 2.288461 0.000000
1.976224 1.595663 0.000000
2.111933 1.411148 0.000000
2.540000 0.000000 0.000000
2.497588 0.462228 0.000000
2.540000 0.000000 0.000000
0.000000 -1.069614 -2.303807
0.000000 -1.270000 -2.199704
0.000000 -0.441066 -2.501412
0.000000 0.972016 -2.346654
0.000000 1.647309 -1.933384
0.000000 1.796051 -1.796051
0.000000 -2.540000 0.000000
0.000000 -2.499356 -0.452568
0.000000 -2.346654 -0.972016
0.000000 -2.315654 1.043719
0.000000 -1.945753 1.632681
0.000000 -2.386819 0.868731
0.000000 1.945753 1.632681
0.000000 2.023574 1.535170
0.000000 2.315654 1.043719
-2.540000 0.000000 0.000000
-2.540000 0.000000 0.000000
-2.540000 0.000000 0.000000
0.000000 -2.263464 1.152532
0.000000 -2.386819 0.868731
0.000000 -2.508764 0.397120
-0.871630 -2.385762 0.000000
-1.295148 -2.184993 0.000000
-1.270000 -2.199704 0.000000
0.000000 2.540000 0.000000
0.000000 2.540000 0.000000
0.000000 2.540000 0.000000
-2.540000 0.000000 0.000000
-2.540000 0.000000 0.000000
-2.540000 0.000000 0.000000
0.000000 -2.540000 0.000000
0.000000 -2.540000 0.000000
0.000000 -2.540000 0.000000
-2.540000 0.000000 0.000000
-2.540000 0.000000 0.000000
-2.540000 0.000000 0.000000
-1.677677 1.907092 0.000000
-1.796051 1.796051 0.000000
-2.028142 1.529130 0.000000
0.000000 -1.069614 2.303807
0.000000 -1.270000 2.199704
0.000000 -1.619397 1.956822
-2.346654 0.972016 0.000000
-2.310446 1.055196 0.000000
-2.483167 0.534303 0.000000
0.000000 0.377633 -2.511771
0.000000 -0.380145 -2.511392
0.000000 0.441066 -2.501412
0.000000 -2.540000 0.000000
-1.677677 -1.907092 0.000000
0.000000 -2.540000 0.000000
-2.491195 -0.495529 0.000000
-2.540000 0.000000 0.000000
-2.526381 -0.262681 0.000000
-1.295148 -2.184993 0.000000
-1.796051 -1.796051 0.000000
-1.270000 -2.199704 0.000000
1.583664 1.985852 0.000000
1.976224 1.595663 0.000000
1.102065 2.288461 0.000000
2.185747 -1.293874 -0.000000
2.288461 -1.102065 0.000000
1.985852 -1.583664 0.000000
-1.796051 1.796051 0.000000
-2.199704 1.270000 0.000000
-2.028142 1.529130 0.000000
0.000000 0.972016 -2.346654
0.000000 1.587500 -1.982787
0.000000 1.796051 -1.796051
2.540000 0.000000 0.000000
2.540000 0.000000 0.000000
2.540000 0.000000 0.000000
0.000000 1.796051 1.796051
0.000000 1.310639 2.175735
0.000000 0.972016 2.346654
0.000000 0.000000 2.540000
0.000000 1.270000 2.199704
0.000000 0.000000 2.540000
-1.677677 -1.907092 0.000000
-1.295148 -2.184993 0.000000
0.000000 -2.540000 0.000000
0.000000 1.619397 -1.956822
0.000000 1.270000 -2.199704
0.000000 2.023574 -1.535170
-2.540000 0.000000 0.000000
-2.540000 0.000000 0.000000
-2.540000 0.000000 0.000000
0.000000 2.386819 -0.868731
0.000000 2.540000 0.000000
0.000000 2.444744 -0.689078
0.000000 -2.199704 1.270000
0.000000 -2.199704 1.270000
0.000000 -2.540000 0.000000
0.000000 2.199704 1.270000
0.000000 2.199704 1.270000
0.000000 2.540000 0.000000
-2.540000 0.000000 0.000000
-2.540000 0.000000 0.000000
-2.540000 0.000000 0.000000
0.000000 2.540000 0.000000
0.000000 2.540000 0.000000
0.000000 2.444744 -0.689078
2.440436 0.704182 0.000000
2.497588 0.462228 0.000000
2.540000 0.000000 0.000000
2.288461 1.102065 0.000000
2.459344 0.635000 0.000000
2.385213 0.873133 0.000000
0.000000 0.000000 -2.540000
0.000000 -0.595319 -2.469250
0.000000 0.000000 -2.540000
0.000000 0.432134 2.502970
0.000000 -0.172927 2.534106
0.000000 0.972016 2.346654
2.530607 -0.218233 -0.000000
2.540000 0.000000 0.000000
2.540000 0.000000 0.000000
0.000000 -2.181969 1.300234
0.000000 -1.796051 1.796051
0.000000 -1.587500 1.982787
1.933573 -1.647087 -0.000000
2.185747 -1.293874 -0.000000
1.985852 -1.583664 0.000000
0.000000 2.540000 0.000000
0.000000 2.508699 -0.397529
0.000000 2.530602 0.218294
0.000000 -2.386819 0.868731
0.000000 -2.263464 1.152532
0.000000 -1.945753 1.632681
-2.540000 0.000000 0.000000
-2.540000 0.000000 0.000000
-2.540000 0.000000 0.000000
0.000000 2.540000 0.000000
0.495186 2.491263 -0.000394
0.000000 2.540000 0.000000
0.000000 -2.540000 0.000000
0.000000 -2.540000 0.000000
0.000000 -2.540000 0.000000
0.000000 0.000000 -2.540000
0.000000 0.000000 -2.540000
0.000000 1.270000 -2.199704
0.000000 -2.540000 0.000000
0.000000 -2.199704 1.270000
0.000000 -2.540000 0.000000
0.000000 1.270000 -2.199704
0.000000 0.000000 -2.540000
0.000000 1.270000 -2.199704
0.000000 1.270000 2.199704
0.000000 1.270000 2.199704
0.000000 0.000000 2.540000
0.000000 -1.796850 -1.795252
0.000000 -1.270000 -2.199704
0.000000 -1.154545 -2.262438
-2.526381 -0.262681 0.000000
-2.540000 0.000000 0.000000
-2.540000 0.000000 0.000000
1.976224 -1.595663 -0.000000
1.984489 -1.332690 -0.858687
2.111933 -1.411148 -0.000000
1.796051 0.000000 -1.796051
1.796051 0.000000 -1.796051
2.111933 0.000000 -1.411148
-2.540000 0.000000 0.000000
-2.540000 0.000000 0.000000
-2.540000 0.000000 0.000000
0.000000 2.023574 -1.535170
0.000000 1.270000 -2.199704
0.000000 1.945753 -1.632681
0.000000 2.199704 1.270000
0.000000 2.540000 0.000000
0.000000 2.540000 0.000000
0.000000 -2.540000 0.000000
0.000000 -2.199704 1.270000
0.000000 -2.540000 0.000000
-2.540000 0.000000 0.000000
-2.540000 0.000000 0.000000
-2.540000 0.000000 0.000000
0.000000 1.154545 2.262438
0.000000 1.270000 2.199704
0.000000 0.441066 2.501412
0.000000 1.725025 1.864373
0.000000 1.270000 2.199704
0.000000 1.154545 2.262438
-2.540000 0.000000 0.000000
-2.540000 0.000000 0.000000
-2.540000 0.000000 0.000000
0.000000 2.540000 0.000000
-0.431142 2.503141 0.000000
0.000000 2.540000 0.000000
0.000000 -2.486370 0.519196
0.000000 -2.386819 0.868731
0.000000 -2.540000 -0.000000
2.111933 -1.411148 -0.000000
1.984489 -1.332690 -0.858687
1.993133 -0.934015 -1.267532
0.000000 -2.054903 -1.492975
0.000000 -1.492975 -2.054903
0.000000 -2.054903 -1.492975
0.000000 -0.972016 -2.346654
0.000000 -1.587500 -1.982787
0.000000 -0.829546 -2.400719
2.521838 -0.303208 -0.000000
2.540000 0.000000 0.000000
2.540000 0.000000 0.000000
-2.540000 0.000000 0.000000
-2.540000 0.000000 0.000000
-2.540000 0.000000 0.000000
0.000000 -2.315654 -1.043719
0.000000 -2.386819 -0.868731
0.000000 -1.945753 -1.632681
0.000000 2.540000 0.000000
0.000000 2.386819 0.868731
0.000000 2.540000 0.000000
-2.540000 0.000000 0.000000
-2.540000 0.000000 0.000000
-2.540000 0.000000 0.000000
0.000000 2.346654 -0.972016
0.000000 2.181969 -1.300234
0.000000 2.499356 -0.452568
2.540000 0.000000 0.000000
2.540000 0.000000 0.000000
2.540000 0.000000 0.000000
0.000000 -0.377633 2.511771
0.000000 0.380145 2.511392
0.000000 -0.441066 2.501412
-2.453452 -0.657400 0.000000
-2.310446 -1.055196 0.000000
-2.483167 -0.534303 0.000000
-2.111933 -1.411148 0.000000
-2.028142 -1.529130 0.000000
-1.796051 -1.796051 0.000000
-0.000000 0.000000 2.540000
0.000000 -0.000000 2.540000
-2.111933 -0.000000 1.411148
0.000000 0.972016 2.346654
0.000000 0.972016 2.346654
0.000000 -0.000000 2.540000
0.000000 -2.054903 -1.492975
0.000000 -2.054903 -1.492975
0.000000 -2.415684 -0.784903
-1.796051 1.796051 0.000000
-1.677677 1.907092 0.000000
-2.111933 1.411148 0.000000
0.000000 -0.000000 2.540000
-1.796051 -0.000000 1.796051
-2.111933 -0.000000 1.411148
0.972016 2.346654 0.000000
1.102065 2.288461 0.000000
1.411148 2.111933 0.000000
0.000000 1.492975 -2.054903
0.000000 2.054903 -1.492975
0.000000 1.492975 -2.054903
-2.540000 0.000000 0.000000
-2.540000 0.000000 0.000000
-2.540000 0.000000 0.000000
-2.540000 0.000000 0.000000
-2.540000 0.000000 0.000000
-2.540000 0.000000 0.000000
0.000000 0.000000 2.540000
0.000000 -0.432134 2.502970
0.000000 -0.972016 2.346654
2.540000 0.000000 0.000000
2.540000 0.000000 0.000000
2.540000 0.000000 0.000000
0.000000 -1.769909 1.821818
0.000000 -1.796051 1.796051
0.000000 -0.972016 2.346654
2.540000 0.000000 0.000000
2.540000 0.000000 0.000000
2.540000 0.000000 0.000000
-1.677677 1.907092 0.000000
0.000000 2.540000 0.000000
-1.295148 2.184993 0.000000
0.000000 -1.619397 -1.956822
0.000000 -2.023574 -1.535170
0.000000 -1.270000 -2.199704
0.000000 1.270000 -2.199704
0.000000 0.772580 -2.419653
0.000000 0.441066 -2.501412
-2.540000 0.000000 0.000000
-2.540000 0.000000 0.000000
-2.540000 0.000000 0.000000
0.000000 -0.772580 2.419653
0.000000 -0.441066 2.501412
0.000000 -1.270000 2.199704
-2.540000 0.000000 0.000000
-2.540000 0.000000 0.000000
-2.540000 0.000000 0.000000
0.000000 2.540000 0.000000
0.000000 2.346654 -0.972016
0.000000 2.499356 -0.452568
2.540000 0.000000 0.000000
2.540000 0.000000 0.000000
2.540000 0.000000 0.000000
-2.540000 0.000000 0.000000
-2.540000 0.000000 0.000000
-2.540000 0.000000 0.000000
-2.540000 0.000000 0.000000
-2.540000 0.000000 0.000000
-2.540000 0.000000 0.000000
1.411148 -2.111933 -0.000000
1.583664 -1.985852 0.000000
1.102065 -2.288461 0.000000
-1.677677 1.907092 0.000000
-1.270000 2.199704 0.000000
-1.796051 1.796051 0.000000
-1.796051 -1.796051 0.000000
-2.310446 -1.055196 0.000000
-2.199704 -1.270000 0.000000
2.185747 1.293874 0.000000
1.985852 1.583664 0.000000
2.288461 1.102065 0.000000
0.000000 2.346654 -0.972016
0.000000 2.508699 -0.397529
0.000000 2.540000 0.000000
0.000000 2.199704 1.270000
0.000000 2.540000 0.000000
0.000000 2.199704 1.270000
0.000000 0.000000 -2.540000
0.000000 0.784903 -2.415684
0.000000 0.000000 -2.540000
0.495529 0.000000 -2.491195
0.000000 0.000000 -2.540000
0.495529 0.000000 -2.491195
2.540000 0.000000 0.000000
2.540000 0.000000 0.000000
2.540000 0.000000 0.000000
0.000000 -1.796051 -1.796051
0.000000 -1.587500 -1.982787
0.000000 -0.972016 -2.346654
-2.540000 0.000000 0.000000
-2.540000 0.000000 0.000000
-2.540000 0.000000 0.000000
0.000000 -2.263464 -1.152532
0.000000 -2.386819 -0.868731
0.000000 -1.945753 -1.632681
0.000000 -2.540000 0.000000
0.000000 -2.499356 0.452568
0.000000 -2.499356 -0.452568
2.540000 0.000000 0.000000
2.540000 0.000000 0.000000
2.540000 0.000000 0.000000
0.495529 2.491195 0.000000
0.000000 2.540000 0.000000
0.565203 2.476317 0.000000
-0.431142 -2.503141 0.000000
-0.657400 -2.453452 0.000000
0.000000 -2.540000 0.000000
2.346654 0.972016 0.000000
2.155939 1.342954 0.000000
2.260051 1.159210 0.000000
0.000000 -1.310639 2.175735
0.000000 -1.769909 1.821818
0.000000 -0.972016 2.346654
-2.540000 0.000000 0.000000
-2.540000 0.000000 0.000000
-2.540000 0.000000 0.000000
-2.540000 0.000000 0.000000
-2.540000 0.000000 0.000000
-2.540000 0.000000 0.000000
-2.540000 0.000000 0.000000
-2.540000 0.000000 0.000000
-2.540000 0.000000 0.000000
-2.540000 0.000000 0.000000
-2.540000 0.000000 0.000000
-2.540000 0.000000 0.000000
0.000000 2.315654 -1.043719
0.000000 2.386819 -0.868731
0.000000 2.486370 -0.519196
-0.871630 -2.385762 0.000000
-0.431142 -2.503141 0.000000
0.000000 -2.540000 0.000000
0.000000 2.346654 0.972016
0.000000 2.530602 0.218294
0.000000 2.135525 1.375184
1.976224 -1.595663 -0.000000
2.111933 -1.411148 -0.000000
2.155939 -1.342954 -0.000000
2.540000 0.000000 0.000000
2.540000 0.000000 0.000000
2.540000 0.000000 0.000000
2.540000 0.000000 0.000000
2.540000 0.000000 0.000000
2.540000 0.000000 0.000000
0.000000 1.587500 -1.982787
0.000000 0.972016 -2.346654
0.000000 0.829546 -2.400719
2.521838 0.303208 0.000000
2.540000 0.000000 0.000000
2.540000 0.000000 0.000000
-2.540000 0.000000 0.000000
-2.540000 0.000000 0.000000
-2.540000 0.000000 0.000000
-2.540000 0.000000 0.000000
-2.540000 0.000000 0.000000
-2.540000 0.000000 0.000000
-2.540000 0.000000 0.000000
-2.540000 0.000000 0.000000
-2.540000 0.000000 0.000000
0.000000 1.945753 1.632681
0.000000 2.166119 1.326472
0.000000 2.386819 0.868731
2.540000 0.000000 0.000000
2.540000 0.000000 0.000000
2.540000 0.000000 0.000000
2.540000 0.000000 0.000000
2.540000 0.000000 0.000000
2.540000 0.000000 0.000000
-2.540000 0.000000 0.000000
-2.540000 0.000000 0.000000
-2.540000 0.000000 0.000000
0.000000 -1.069614 2.303807
0.000000 -0.441066 2.501412
0.000000 -1.270000 2.199704
-2.540000 0.000000 0.000000
-2.540000 0.000000 0.000000
-2.540000 0.000000 0.000000
-2.540000 0.000000 0.000000
-2.540000 0.000000 0.000000
-2.540000 0.000000 0.000000
0.000000 -2.386819 -0.868731
0.000000 -2.263464 -1.152532
0.000000 -2.508764 -0.397120
-2.540000 0.000000 0.000000
-2.540000 0.000000 0.000000
-2.540000 0.000000 0.000000
-2.540000 0.000000 0.000000
-2.540000 0.000000 0.000000
-2.540000 0.000000 0.000000
0.000000 -2.199704 1.270000
0.000000 -2.199704 1.270000
0.000000 -2.540000 0.000000
-2.453452 0.657400 0.000000
-2.483167 0.534303 0.000000
-2.310446 1.055196 0.000000
0.000000 -0.441066 2.501412
0.000000 -0.380145 2.511392
0.000000 0.377633 2.511771
0.495529 -2.491195 -0.000000
0.565203 -2.476317 0.000000
-0.000000 -2.540000 0.000000
-0.431142 2.503141 0.000000
0.000000 2.540000 0.000000
-0.657400 2.453452 0.000000
-2.540000 0.000000 0.000000
-2.540000 0.000000 0.000000
-2.540000 0.000000 0.000000
0.000000 -2.540000 0.000000
0.000000 -2.386819 -0.868731
0.000000 -2.508764 -0.397120
2.521838 -0.303208 -0.000000
2.540000 0.000000 0.000000
2.476317 -0.565203 0.000000
-2.526381 0.262681 0.000000
-2.453452 0.657400 0.000000
-2.540000 0.000000 0.000000
0.000000 -1.796051 1.796051
0.000000 -2.181969 1.300234
0.000000 -2.346654 0.972016
2.540000 0.000000 0.000000
2.540000 0.000000 0.000000
2.540000 0.000000 0.000000
-2.028142 -1.529130 0.000000
-2.310446 -1.055196 0.000000
-1.796051 -1.796051 0.000000
0.000000 0.380145 2.511392
0.000000 1.069614 2.303807
0.000000 0.441066 2.501412
2.540000 0.000000 0.000000
2.540000 0.000000 0.000000
2.540000 0.000000 0.000000
0.000000 2.181969 1.300234
0.000000 1.796051 1.796051
0.000000 2.346654 0.972016
-2.540000 0.000000 0.000000
-2.540000 0.000000 0.000000
-2.540000 0.000000 0.000000
0.000000 2.386819 0.868731
0.000000 2.444744 0.689078
0.000000 2.540000 0.000000
-2.540000 0.000000 0.000000
-2.540000 0.000000 0.000000
-2.540000 0.000000 0.000000
-2.540000 0.000000 0.000000
-2.540000 0.000000 0.000000
-2.540000 0.000000 0.000000
0.000000 -2.315654 -1.043719
0.000000 -2.486370 -0.519196
0.000000 -2.386819 -0.868731
-0.871630 2.385762 0.000000
0.000000 2.540000 0.000000
-0.431142 2.503141 0.000000
2.491195 0.000000 -0.495529
2.346654 0.000000 -0.972016
2.491195 0.000000 -0.495529
2.346654 0.972016 0.000000
2.440436 0.704182 0.000000
2.491195 0.495529 0.000000
2.540000 0.000000 0.000000
2.540000 0.000000 0.000000
2.540000 0.000000 0.000000
0.000000 2.346654 0.972016
0.000000 2.135525 1.375184
0.000000 1.796051 1.796051
-2.526381 -0.262681 0.000000
-2.540000 0.000000 0.000000
-2.453452 -0.657400 0.000000
2.521838 0.303208 0.000000
2.476317 0.565203 0.000000
2.540000 -0.000000 0.000000
0.000000 -0.377633 -2.511771
0.000000 -0.441066 -2.501412
0.000000 0.380145 -2.511392
-2.491195 -0.495529 0.000000
-2.483167 -0.534303 0.000000
-2.310446 -1.055196 0.000000
0.000000 1.725025 -1.864373
0.000000 1.154545 -2.262438
0.000000 1.945753 -1.632681
-2.540000 0.000000 0.000000
-2.540000 0.000000 0.000000
-2.491195 -0.495529 0.000000
0.000000 1.492975 -2.054903
0.000000 1.492975 -2.054903
0.000000 0.784903 -2.415684
-2.540000 0.000000 0.000000
-2.540000 0.000000 0.000000
-2.540000 0.000000 0.000000
-2.540000 0.000000 0.000000
-2.540000 0.000000 0.000000
-2.540000 0.000000 0.000000
0.000000 2.540000 0.000000
0.000000 2.386819 -0.868731
0.000000 2.540000 0.000000
0.000000 -0.432134 2.502970
0.000000 0.000000 2.540000
0.000000 0.172927 2.534106
2.440436 -0.704182 -0.000000
2.346654 -0.972016 -0.000000
2.497588 -0.462228 -0.000000
2.540000 0.000000 0.000000
2.540000 0.000000 0.000000
2.540000 0.000000 0.000000
0.000000 -2.508699 -0.397529
0.000000 -2.540000 0.000000
0.000000 -2.346654 0.972016
0.000000 2.386819 0.868731
0.000000 2.315654 1.043719
0.000000 2.540000 0.000000
0.000000 -2.540000 0.000000
0.000000 -2.540000 0.000000
-0.431142 -2.503141 0.000000
2.540000 0.000000 0.000000
2.540000 0.000000 0.000000
2.540000 0.000000 0.000000
0.000000 2.346654 0.972016
0.000000 2.499356 0.452568
0.000000 2.181969 1.300234
2.540000 0.000000 0.000000
2.540000 0.000000 0.000000
2.540000 0.000000 0.000000
2.540000 0.000000 0.000000
2.540000 0.000000 0.000000
2.540000 0.000000 0.000000
2.540000 0.000000 0.000000
2.540000 0.000000 0.000000
2.540000 0.000000 0.000000
2.540000 0.000000 0.000000
2.540000 0.000000 0.000000
2.540000 0.000000 0.000000
0.000000 -0.972016 -2.346654
0.000000 -0.595319 -2.469250
0.000000 0.000000 -2.540000
2.540000 0.000000 0.000000
2.540000 0.000000 0.000000
2.540000 0.000000 0.000000
1.933573 1.647087 0.000000
1.985852 1.583664 0.000000
1.941122 1.638183 0.000000
0.000000 -2.530602 0.218294
0.000000 -2.508699 -0.397529
0.000000 -2.346654 0.972016
0.000000 -2.540000 -0.000000
0.000000 -2.540000 -0.000000
0.000000 -2.386819 -0.868731
-2.540000 0.000000 0.000000
-2.540000 0.000000 0.000000
-2.540000 0.000000 0.000000
0.000000 -1.492975 -2.054903
0.000000 -0.784903 -2.415684
0.627764 -0.797976 -2.328250
-2.540000 0.000000 0.000000
-2.540000 0.000000 0.000000
-2.540000 0.000000 0.000000
0.000000 -0.380145 -2.511392
0.000000 -1.069614 -2.303807
0.000000 -0.441066 -2.501412
-2.111933 1.411148 0.000000
-2.028142 1.529130 0.000000
-2.310446 1.055196 0.000000
0.000000 1.069614 -2.303807
0.000000 0.441066 -2.501412
0.000000 1.270000 -2.199704
-2.540000 0.000000 0.000000
-2.540000 0.000000 0.000000
-2.540000 0.000000 0.000000
-2.540000 0.000000 0.000000
-2.540000 0.000000 0.000000
-2.540000 0.000000 0.000000
-2.540000 0.000000 0.000000
-2.540000 0.000000 0.000000
-2.540000 0.000000 0.000000
2.540000 0.000000 0.000000
2.540000 0.000000 0.000000
2.540000 0.000000 0.000000
2.540000 0.000000 0.000000
2.540000 0.000000 0.000000
2.540000 0.000000 0.000000
-2.540000 0.000000 0.000000
-2.540000 0.000000 0.000000
-2.540000 0.000000 0.000000
0.000000 -1.270000 2.199704
0.000000 0.000000 2.540000
0.000000 -1.270000 2.199704
-2.540000 0.000000 0.000000
-2.540000 0.000000 0.000000
-2.540000 0.000000 0.000000
0.000000 -1.270000 2.199704
0.000000 -1.796850 1.795252
0.000000 -1.154545 2.262438
-2.540000 0.000000 0.000000
-2.540000 0.000000 0.000000
-2.540000 0.000000 0.000000
0.000000 2.166119 -1.326472
0.000000 1.945753 -1.632681
0.000000 2.386819 -0.868731
-2.540000 0.000000 0.000000
-2.540000 0.000000 0.000000
-2.540000 0.000000 0.000000
0.000000 1.619397 1.956822
0.000000 1.945753 1.632681
0.000000 1.270000 2.199704
2.540000 0.000000 0.000000
2.540000 0.000000 0.000000
2.540000 0.000000 0.000000
0.000000 0.000000 2.540000
0.000000 0.000000 2.540000
0.000000 -1.270000 2.199704
-0.871630 2.385762 0.000000
-0.657400 2.453452 0.000000
-1.270000 2.199704 0.000000
0.972016 -2.346654 -0.000000
0.565203 -2.476317 0.000000
0.495529 -2.491195 -0.000000
-0.871630 -2.385762 0.000000
-1.270000 -2.199704 0.000000
-0.657400 -2.453452 0.000000
1.102065 2.288461 0.000000
0.972016 2.346654 0.000000
0.565203 2.476317 0.000000
0.000000 2.540000 0.000000
0.000000 2.540000 0.000000
0.000000 2.199704 1.270000
-2.540000 0.000000 0.000000
-2.540000 0.000000 0.000000
-2.540000 0.000000 0.000000
2.176974 -0.360438 -1.257962
1.791230 -0.533896 -1.719898
1.796155 0.005843 -1.795938
0.972016 0.000000 -2.346654
1.411148 0.000000 -2.111933
1.411148 0.000000 -2.111933
2.260051 -1.159210 -0.000000
2.111933 -1.411148 -0.000000
2.346654 -0.972016 -0.000000
2.346654 0.000000 -0.972016
2.346654 0.000000 -0.972016
2.111933 0.000000 -1.411148
-2.199704 1.270000 0.000000
-2.453452 0.657400 0.000000
-2.310446 1.055196 0.000000
2.288461 -1.102065 0.000000
2.385213 -0.873133 -0.000000
2.476317 -0.565203 0.000000
2.476317 0.565203 0.000000
2.459344 0.635000 0.000000
2.288461 1.102065 0.000000
-2.199704 -1.270000 0.000000
-2.310446 -1.055196 0.000000
-2.453452 -0.657400 0.000000
2.540000 0.000000 0.000000
2.540000 0.000000 0.000000
2.540000 0.000000 0.000000
2.540000 0.000000 0.000000
2.540000 0.000000 0.000000
2.540000 0.000000 0.000000
-2.540000 0.000000 0.000000
-2.540000 0.000000 0.000000
-2.540000 0.000000 0.000000
0.000000 -2.540000 -0.000000
0.000000 -2.386819 0.868731
0.000000 -2.540000 -0.000000
0.000000 -2.023574 1.535170
0.000000 -1.945753 1.632681
0.000000 -2.315654 1.043719
-0.871630 2.385762 0.000000
-1.270000 2.199704 0.000000
-1.677677 1.907092 0.000000
2.540000 0.000000 0.000000
2.540000 0.000000 0.000000
2.540000 0.000000 0.000000
0.000000 0.000000 -2.540000
0.000000 -0.972016 -2.346654
0.000000 -0.829546 -2.400719
0.000000 -2.346654 -0.972016
0.000000 -2.499356 -0.452568
0.000000 -2.181969 -1.300234
2.540000 0.000000 0.000000
2.540000 0.000000 0.000000
2.540000 0.000000 0.000000
0.000000 1.725025 1.864373
0.000000 2.166119 1.326472
0.000000 1.945753 1.632681
-2.540000 0.000000 0.000000
-2.540000 0.000000 0.000000
-2.540000 0.000000 0.000000
0.000000 1.069614 -2.303807
0.000000 1.270000 -2.199704
0.000000 1.619397 -1.956822
-1.796051 -1.796051 0.000000
-2.028142 -1.529130 0.000000
-1.677677 -1.907092 0.000000
-2.540000 0.000000 0.000000
-2.540000 0.000000 0.000000
-2.540000 0.000000 0.000000
0.000000 -2.508764 0.397120
0.000000 -2.540000 0.000000
0.000000 -2.508764 -0.397120
0.000000 0.380145 2.511392
0.000000 0.441066 2.501412
0.000000 -0.441066 2.501412
-2.540000 0.000000 0.000000
-2.540000 0.000000 0.000000
-2.540000 0.000000 0.000000
-2.540000 0.000000 0.000000
-2.540000 0.000000 0.000000
-2.540000 0.000000 0.000000
0.000000 -2.023574 -1.535170
0.000000 -1.945753 -1.632681
0.000000 -1.270000 -2.199704
0.000000 -0.380145 -2.511392
0.000000 -0.441066 -2.501412
0.000000 0.441066 -2.501412
-2.540000 0.000000 0.000000
-2.540000 0.000000 0.000000
-2.540000 0.000000 0.000000
-2.540000 0.000000 0.000000
-2.540000 0.000000 0.000000
-2.540000 0.000000 0.000000
0.000000 0.380145 -2.511392
0.000000 -0.441066 -2.501412
0.000000 0.441066 -2.501412
0.000000 2.315654 -1.043719
0.000000 1.945753 -1.632681
0.000000 2.386819 -0.868731
-2.540000 0.000000 0.000000
-2.540000 0.000000 0.000000
-2.540000 0.000000 0.000000
0.000000 -2.508764 0.397120
0.000000 -2.386819 0.868731
0.000000 -2.540000 0.000000
-2.540000 0.000000 0.000000
-2.540000 0.000000 0.000000
-2.540000 0.000000 0.000000
0.000000 1.725025 1.864373
0.000000 1.945753 1.632681
0.000000 1.270000 2.199704
-2.540000 0.000000 0.000000
-2.540000 0.000000 0.000000
-2.540000 0.000000 0.000000
-2.540000 0.000000 0.000000
-2.540000 0.000000 0.000000
-2.540000 0.000000 0.000000
0.000000 -1.945753 1.632681
0.000000 -1.796850 1.795252
0.000000 -1.270000 2.199704
0.000000 -1.796850 -1.795252
0.000000 -1.945753 -1.632681
0.000000 -1.270000 -2.199704
-2.540000 0.000000 0.000000
-2.540000 0.000000 0.000000
-2.540000 0.000000 0.000000
0.000000 -1.945753 1.632681
0.000000 -2.263464 1.152532
0.000000 -1.796850 1.795252
-2.540000 0.000000 0.000000
-2.540000 0.000000 0.000000
-2.540000 0.000000 0.000000
0.000000 2.386819 0.868731
0.000000 1.945753 1.632681
0.000000 2.315654 1.043719
-2.540000 0.000000 0.000000
-2.540000 0.000000 0.000000
-2.540000 0.000000 0.000000
0.000000 2.540000 0.000000
0.000000 2.386819 0.868731
0.000000 2.540000 0.000000
-2.540000 0.000000 0.000000
-2.540000 0.000000 0.000000
-2.540000 0.000000 0.000000
0.000000 -1.619397 1.956822
0.000000 -1.270000 2.199704
0.000000 -1.945753 1.632681
-2.540000 0.000000 0.000000
-2.540000 0.000000 0.000000
-2.540000 0.000000 0.000000
0.000000 0.000000 2.540000
0.000000 0.000000 2.540000
0.000000 0.000000 2.540000
-2.540000 0.000000 0.000000
-2.540000 0.000000 0.000000
-2.540000 0.000000 0.000000
0.000000 2.540000 0.000000
0.495186 2.491263 -0.000394
0.317239 2.381539 -0.824156
0.926452 2.241312 -0.754856
0.627764 2.328250 -0.797976
0.495186 2.491263 -0.000394
0.000000 -0.380145 2.511392
0.000000 -0.441066 2.501412
0.000000 -1.069614 2.303807
-2.028142 1.529130 0.000000
-2.199704 1.270000 0.000000
-2.310446 1.055196 0.000000
-2.540000 0.000000 0.000000
-2.540000 0.000000 0.000000
-2.540000 0.000000 0.000000
0.000000 -1.796850 -1.795252
0.000000 -2.263464 -1.152532
0.000000 -1.945753 -1.632681
-2.540000 0.000000 0.000000
-2.540000 0.000000 0.000000
-2.540000 0.000000 0.000000
0.000000 2.444744 -0.689078
0.000000 2.166119 -1.326472
0.000000 2.386819 -0.868731
2.540000 0.000000 0.000000
2.540000 0.000000 0.000000
2.540000 0.000000 0.000000
0.000000 2.540000 0.000000
0.000000 2.499356 -0.452568
0.000000 2.499356 0.452568
0.000000 -2.540000 0.000000
0.000000 -2.346654 0.972016
0.000000 -2.499356 0.452568
2.540000 0.000000 0.000000
2.540000 0.000000 0.000000
2.540000 0.000000 0.000000
2.540000 0.000000 0.000000
2.540000 0.000000 0.000000
2.540000 0.000000 0.000000
0.000000 2.540000 0.000000
0.000000 2.530602 0.218294
0.000000 2.346654 0.972016
2.540000 0.000000 0.000000
2.540000 0.000000 0.000000
2.540000 0.000000 0.000000
0.000000 2.540000 0.000000
0.000000 2.499356 0.452568
0.000000 2.346654 0.972016
0.000000 0.829546 -2.400719
0.000000 0.972016 -2.346654
0.000000 0.000000 -2.540000
2.540000 0.000000 0.000000
2.540000 0.000000 0.000000
2.540000 0.000000 0.000000
0.000000 -2.135525 1.375184
0.000000 -2.401865 0.826223
0.000000 -1.796051 1.796051
2.111933 1.411148 0.000000
1.976224 1.595663 0.000000
2.057722 1.489087 0.000000
0.000000 -2.401865 0.826223
0.000000 -2.346654 0.972016
0.000000 -1.796051 1.796051
2.540000 0.000000 0.000000
2.540000 0.000000 0.000000
2.540000 0.000000 0.000000
0.000000 0.441066 2.501412
0.000000 -0.441066 2.501412
0.000000 0.377633 2.511771
-2.540000 0.000000 0.000000
-2.540000 0.000000 0.000000
-2.540000 0.000000 0.000000
0.000000 1.069614 2.303807
0.000000 1.619397 1.956822
0.000000 1.270000 2.199704
-1.677677 -1.907092 0.000000
-2.028142 -1.529130 0.000000
-1.796051 -1.796051 0.000000
0.000000 1.154545 -2.262438
0.000000 1.270000 -2.199704
0.000000 1.945753 -1.632681
-2.540000 0.000000 0.000000
-2.540000 0.000000 0.000000
-2.540000 0.000000 0.000000
0.000000 0.972016 -2.346654
0.000000 0.000000 -2.540000
0.000000 0.595319 -2.469250
2.540000 0.000000 0.000000
2.540000 0.000000 0.000000
2.540000 0.000000 0.000000
0.000000 1.796051 1.796051
0.000000 1.769909 1.821818
0.000000 1.310639 2.175735
2.155939 -1.342954 -0.000000
2.111933 -1.411148 -0.000000
2.260051 -1.159210 -0.000000
0.000000 1.796051 1.796051
0.000000 1.587500 1.982787
0.000000 0.972016 2.346654
2.540000 0.000000 0.000000
2.540000 0.000000 0.000000
2.540000 0.000000 0.000000
-0.431142 -2.503141 0.000000
-0.871630 -2.385762 0.000000
-0.657400 -2.453452 0.000000
0.000000 2.315654 1.043719
0.000000 2.486370 0.519196
0.000000 2.540000 0.000000
0.000000 2.346654 -0.972016
0.000000 1.796051 -1.796051
0.000000 2.181969 -1.300234
2.540000 0.000000 0.000000
2.540000 0.000000 0.000000
2.540000 0.000000 0.000000
2.540000 0.000000 0.000000
2.540000 0.000000 0.000000
2.540000 0.000000 0.000000
0.000000 0.172927 2.534106
0.000000 0.000000 2.540000
0.000000 0.972016 2.346654
0.000000 -2.346654 -0.972016
0.000000 -2.181969 -1.300234
0.000000 -1.796051 -1.796051
2.540000 0.000000 0.000000
2.540000 0.000000 0.000000
2.540000 0.000000 0.000000
-2.540000 0.000000 0.000000
-2.540000 0.000000 0.000000
-2.540000 0.000000 0.000000
0.000000 2.386819 0.868731
0.000000 2.166119 1.326472
0.000000 2.444744 0.689078
2.540000 0.000000 0.000000
2.540000 0.000000 0.000000
2.540000 0.000000 0.000000
0.000000 -2.346654 0.972016
0.000000 -2.181969 1.300234
0.000000 -2.499356 0.452568
2.540000 0.000000 0.000000
2.540000 0.000000 0.000000
2.540000 0.000000 0.000000
0.000000 0.000000 -2.540000
0.000000 -1.270000 -2.199704
0.000000 0.000000 -2.540000
-0.431142 2.503141 0.000000
-0.657400 2.453452 0.000000
-0.871630 2.385762 0.000000
0.000000 -2.315654 1.043719
0.000000 -2.386819 0.868731
0.000000 -2.486370 0.519196
2.540000 0.000000 0.000000
2.540000 0.000000 0.000000
2.540000 0.000000 0.000000
0.000000 1.796051 -1.796051
0.000000 1.587500 -1.982787
0.000000 2.181969 -1.300234
-2.540000 0.000000 0.000000
-2.540000 0.000000 0.000000
-2.540000 0.000000 0.000000
0.000000 -1.270000 -2.199704
0.000000 -1.270000 -2.199704
0.000000 0.000000 -2.540000
0.000000 0.000000 2.540000
-0.000000 0.000000 2.540000
0.000000 0.000000 2.540000
0.000000 0.000000 2.540000
0.000000 0.000000 2.540000
0.000000 0.000000 2.540000
0.000000 -1.796051 -1.796051
0.000000 -2.181969 -1.300234
0.000000 -1.587500 -1.982787
2.540000 0.000000 0.000000
2.540000 0.000000 0.000000
2.540000 0.000000 0.000000
0.000000 0.380145 -2.511392
0.000000 0.441066 -2.501412
0.000000 1.069614 -2.303807
-2.111933 -1.411148 0.000000
-2.310446 -1.055196 0.000000
-2.028142 -1.529130 0.000000
0.000000 0.000000 2.540000
0.000000 -0.764774 2.422132
0.000000 -0.972016 2.346654
2.540000 0.000000 0.000000
2.540000 0.000000 0.000000
2.540000 0.000000 0.000000
0.000000 0.784903 -2.415684
0.000000 0.784903 -2.415684
0.000000 0.000000 -2.540000
-2.540000 0.000000 0.000000
-2.540000 0.000000 0.000000
-2.540000 0.000000 0.000000
-2.540000 0.000000 0.000000
-2.540000 0.000000 0.000000
-2.540000 0.000000 0.000000
0.000000 -2.415684 -0.784903
0.000000 -2.415684 -0.784903
0.000000 -2.540000 -0.000000
0.000000 0.000000 2.540000
-0.000000 -0.000000 2.540000
0.000000 0.000000 2.540000
-2.540000 0.000000 0.000000
-2.540000 0.000000 0.000000
-2.540000 0.000000 0.000000
2.111933 0.000000 -1.411148
1.796051 0.000000 -1.796051
2.111933 0.000000 -1.411148
1.411148 2.111933 0.000000
1.102065 2.288461 0.000000
2.111933 1.411148 0.000000
0.000000 1.587500 1.982787
0.000000 1.796051 1.796051
0.000000 2.181969 1.300234
2.497588 0.462228 0.000000
2.540000 0.000000 0.000000
2.540000 0.000000 0.000000
2.540000 0.000000 0.000000
2.540000 0.000000 0.000000
2.540000 0.000000 0.000000
0.000000 -1.796051 -1.796051
0.000000 -1.159450 -2.259928
0.000000 -0.972016 -2.346654
1.009450 -1.408755 -1.856884
0.627764 -0.797976 -2.328250
0.926452 -0.754856 -2.241312
0.495529 0.000000 -2.491195
0.627764 -0.797976 -2.328250
0.000000 0.000000 -2.540000
0.000000 0.000000 2.540000
0.000000 0.000000 2.540000
0.000000 0.000000 2.540000
0.000000 0.000000 2.540000
0.000000 0.000000 2.540000
0.000000 0.000000 2.540000
0.000000 0.000000 2.540000
-0.000000 -0.000000 2.540000
0.000000 0.000000 2.540000
0.000000 0.000000 2.540000
-0.000000 -0.000000 2.540000
0.000000 0.000000 2.540000
0.000000 2.023574 -1.535170
0.000000 1.945753 -1.632681
0.000000 2.315654 -1.043719
-1.295148 -2.184993 0.000000
-0.871630 -2.385762 0.000000
0.000000 -2.540000 0.000000
0.000000 -2.023574 -1.535170
0.000000 -2.315654 -1.043719
0.000000 -1.945753 -1.632681
-1.295148 2.184993 0.000000
0.000000 2.540000 0.000000
-0.871630 2.385762 0.000000
-2.111933 1.411148 0.000000
-1.677677 1.907092 0.000000
-2.028142 1.529130 0.000000
0.000000 -1.069614 -2.303807
0.000000 -1.619397 -1.956822
0.000000 -1.270000 -2.199704
-2.491195 -0.000000 0.495529
-2.491195 -0.000000 0.495529
-2.346654 -0.000000 0.972016
-2.346654 -0.972016 0.000000
-2.491195 -0.495529 0.000000
-2.310446 -1.055196 0.000000
2.540000 0.000000 0.000000
2.540000 0.000000 0.000000
2.540000 0.000000 0.000000
0.000000 -1.587500 1.982787
0.000000 -1.796051 1.796051
0.000000 -0.972016 2.346654
0.000000 1.796051 -1.796051
0.000000 2.037280 -1.516934
0.000000 2.346654 -0.972016
2.540000 0.000000 0.000000
2.540000 0.000000 0.000000
2.540000 0.000000 0.000000
0.000000 0.000000 -2.540000
0.000000 0.000000 -2.540000
0.000000 0.595319 -2.469250
2.476317 -0.565203 0.000000
2.385213 -0.873133 -0.000000
2.459344 -0.635000 -0.000000
0.000000 -2.540000 0.000000
0.000000 -2.508699 -0.397529
0.000000 -2.346654 -0.972016
2.540000 0.000000 0.000000
2.540000 0.000000 0.000000
2.540000 0.000000 0.000000
0.000000 0.000000 2.540000
0.000000 -0.000000 2.540000
-0.000000 -0.000000 2.540000
0.000000 0.000000 2.540000
0.000000 -0.000000 2.540000
0.000000 0.000000 2.540000
-2.540000 0.000000 0.000000
-2.540000 0.000000 0.000000
-2.540000 0.000000 0.000000
0.000000 2.540000 0.000000
0.000000 2.540000 0.000000
0.000000 2.346654 0.972016
0.000000 2.415684 -0.784903
0.000000 2.540000 0.000000
0.317239 2.381539 -0.824156
-2.540000 0.000000 0.000000
-2.540000 0.000000 0.000000
-2.540000 0.000000 0.000000
-2.540000 0.000000 0.000000
-2.540000 0.000000 0.000000
-2.540000 0.000000 0.000000
0.000000 -0.000000 2.540000
-0.000000 0.000000 2.540000
0.000000 -0.972016 2.346654
-2.540000 0.000000 0.000000
-2.540000 0.000000 0.000000
-2.540000 0.000000 0.000000
0.627764 -0.797976 -2.328250
0.000000 -0.784903 -2.415684
0.000000 0.000000 -2.540000
0.000000 2.486370 -0.519196
0.000000 2.386819 -0.868731
0.000000 2.540000 0.000000
0.000000 -2.540000 0.000000
-0.431142 -2.503141 0.000000
0.000000 -2.540000 0.000000
0.000000 -2.486370 -0.519196
0.000000 -2.540000 -0.000000
0.000000 -2.386819 -0.868731
0.000000 2.540000 0.000000
0.000000 2.540000 0.000000
-0.431142 2.503141 0.000000
-2.540000 0.000000 0.000000
-2.540000 0.000000 0.000000
-2.540000 0.000000 0.000000
0.000000 -1.492975 -2.054903
0.000000 -1.492975 -2.054903
0.000000 -2.054903 -1.492975
-2.540000 0.000000 0.000000
-2.540000 0.000000 0.000000
-2.540000 0.000000 0.000000
0.000000 2.054903 -1.492975
0.000000 2.054903 -1.492975
0.000000 1.492975 -2.054903
0.972016 -2.346654 -0.000000
1.102065 -2.288461 0.000000
0.565203 -2.476317 0.000000
1.411148 -2.111933 -0.000000
1.102065 -2.288461 0.000000
0.972016 -2.346654 -0.000000
0.926452 -0.754856 -2.241312
0.627764 -0.797976 -2.328250
0.495529 0.000000 -2.491195
0.495529 0.000000 -2.491195
0.972016 0.000000 -2.346654
0.972016 0.000000 -2.346654
1.009450 1.856884 -1.408755
0.687655 1.944528 -1.482410
0.627764 2.328250 -0.797976
0.000000 2.415684 -0.784903
0.000000 2.054903 -1.492975
0.000000 2.415684 -0.784903
2.111933 1.411148 0.000000
2.155939 1.342954 0.000000
2.346654 0.972016 0.000000
2.111933 0.000000 -1.411148
2.346654 0.000000 -0.972016
2.111933 0.000000 -1.411148
-2.491195 -0.000000 0.495529
-2.346654 -0.000000 0.972016
-2.346654 -0.000000 0.972016
-2.346654 0.972016 0.000000
-2.483167 0.534303 0.000000
-2.491195 0.495529 0.000000
2.497588 -0.462228 -0.000000
2.346654 -0.972016 -0.000000
2.491195 -0.495529 -0.000000
2.346654 0.000000 -0.972016
2.346654 0.000000 -0.972016
2.491195 0.000000 -0.495529
0.565203 2.476317 0.000000
0.972016 2.346654 0.000000
0.495529 2.491195 0.000000
0.926452 2.241312 -0.754856
0.495186 2.491263 -0.000394
0.973055 2.346223 -0.000092
1.791230 -0.533896 -1.719898
1.410389 -0.003819 -2.112437
1.796155 0.005843 -1.795938
1.411148 0.000000 -2.111933
1.411148 0.000000 -2.111933
1.796051 0.000000 -1.796051
1.410389 -0.003819 -2.112437
1.341314 -0.669479 -2.050432
0.973055 -0.000092 -2.346223
0.926452 -0.754856 -2.241312
0.495186 -0.000394 -2.491263
0.973055 -0.000092 -2.346223
2.540000 0.000000 0.000000
2.540000 0.000000 0.000000
2.491195 0.000000 -0.495529
2.491195 -0.495529 -0.000000
2.540000 0.000000 0.000000
2.530607 -0.218233 -0.000000
2.491195 0.000000 -0.495529
2.540000 0.000000 0.000000
2.491195 0.000000 -0.495529
2.491195 0.495529 0.000000
2.440436 0.704182 0.000000
2.540000 0.000000 0.000000
</float_array>
          <technique_common>
            <accessor source="#FBXASC227FBXASC130FBXASC189FBXASC227FBXASC131FBXASC170FBXASC227FBXASC131FBXASC131FBXASC227FBXASC131FBXASC1371_ncl1_2-Normal0-array" count="1308" stride="3">
              <param name="X" type="float"/>
              <param name="Y" type="float"/>
              <param name="Z" type="float"/>
            </accessor>
          </technique_common>
        </source>
        <vertices id="FBXASC227FBXASC130FBXASC189FBXASC227FBXASC131FBXASC170FBXASC227FBXASC131FBXASC131FBXASC227FBXASC131FBXASC1371_ncl1_2-VERTEX">
          <input semantic="POSITION" source="#FBXASC227FBXASC130FBXASC189FBXASC227FBXASC131FBXASC170FBXASC227FBXASC131FBXASC131FBXASC227FBXASC131FBXASC1371_ncl1_2-POSITION"/>
        </vertices>
        <triangles count="436" material="MaterialFBXASC032FBXASC03526">
          <input semantic="VERTEX" offset="0" source="#FBXASC227FBXASC130FBXASC189FBXASC227FBXASC131FBXASC170FBXASC227FBXASC131FBXASC131FBXASC227FBXASC131FBXASC1371_ncl1_2-VERTEX"/>
          <input semantic="NORMAL" offset="1" source="#FBXASC227FBXASC130FBXASC189FBXASC227FBXASC131FBXASC170FBXASC227FBXASC131FBXASC131FBXASC227FBXASC131FBXASC1371_ncl1_2-Normal0"/>
          <p> 196 0 77 1 46 2 95 3 61 4 197 5 88 6 81 7 178 8 40 9 32 10 53 11 211 12 100 13 97 14 206 15 94 16 188 17 5 18 46 19 109 20 145 21 201 22 16 23 183 24 96 25 162 26 92 27 112 28 172 29 193 30 83 31 44 32 30 33 49 34 195 35 172 36 45 37 17 38 15 39 184 40 89 41 83 42 191 43 72 44 58 45 40 46 70 47 61 48 203 49 197 50 40 51 81 52 88 53 194 54 32 55 40 56 18 57 77 58 48 59 98 60 104 61 181 62 157 63 114 64 73 65 66 66 175 67 86 68 93 69 63 70 134 71 7 72 2 73 179 74 212 75 180 76 211 77 187 78 67 79 54 80 159 81 41 82 190 83 150 84 127 85 165 86 39 87 76 88 124 89 43 90 85 91 99 92 140 93 130 94 166 95 140 96 82 97 130 98 99 99 85 100 7 101 32 102 15 103 89 104 194 105 178 106 32 107 109 108 46 109 96 110 30 111 195 112 96 113 125 114 58 115 80 116 80 117 143 118 125 119 48 120 107 121 94 122 94 123 107 124 133 125 46 126 129 127 96 128 188 129 26 130 93 131 85 132 59 133 7 134 59 135 2 136 7 137 41 138 121 139 58 140 58 141 121 142 80 143 153 144 170 145 56 146 36 147 21 148 115 149 91 150 28 151 164 152 79 153 123 154 110 155 129 156 185 157 96 158 129 159 108 160 185 161 79 162 54 163 42 164 113 165 142 166 148 167 57 168 75 169 171 170 115 171 111 172 36 173 148 174 87 175 33 176 142 177 87 178 148 179 66 180 180 181 212 182 122 183 44 184 104 185 71 186 104 187 44 188 180 189 66 190 86 191 97 192 100 193 64 194 64 195 84 196 97 197 70 198 41 199 58 200 151 201 41 202 70 203 82 204 140 205 138 206 111 207 29 208 0 209 65 210 49 211 30 212 144 213 96 214 183 215 4 216 101 217 102 218 4 219 110 220 101 221 118 222 4 223 102 224 42 225 123 226 79 227 147 228 63 229 93 230 93 231 26 232 147 233 70 234 40 235 34 236 119 237 12 238 34 239 171 240 11 241 57 242 185 243 108 244 135 245 111 246 0 247 36 248 171 249 75 250 168 251 4 252 142 253 113 254 17 255 74 256 156 257 128 258 74 259 17 260 17 261 45 262 128 263 184 264 169 265 89 266 169 267 124 268 89 269 34 270 40 271 3 272 106 273 182 274 40 275 126 276 173 277 191 278 191 279 173 280 72 281 118 282 124 283 76 284 8 285 105 286 132 287 96 288 141 289 23 290 141 291 96 292 171 293 163 294 72 295 149 296 72 297 1 298 149 299 112 300 14 301 131 302 19 303 14 304 112 305 18 306 6 307 46 308 46 309 77 310 18 311 10 312 40 313 77 314 106 315 40 316 177 317 40 318 53 319 48 320 77 321 40 322 48 323 208 324 7 325 12 326 68 327 145 328 12 329 4 330 156 331 74 332 118 333 50 334 4 335 51 336 97 337 189 338 123 339 164 340 110 341 154 342 155 343 52 344 75 345 25 346 168 347 53 348 32 349 186 350 53 351 186 352 67 353 158 354 94 355 133 356 79 357 158 358 133 359 112 360 131 361 55 362 0 363 82 364 138 365 152 366 163 367 149 368 36 369 163 370 152 371 57 372 135 373 108 374 111 375 134 376 63 377 40 378 58 379 116 380 125 381 116 382 58 383 59 384 14 385 122 386 104 387 59 388 122 389 60 390 41 391 151 392 42 393 102 394 123 395 95 396 12 397 61 398 203 399 61 400 12 401 101 402 150 403 165 404 62 405 173 406 126 407 111 408 139 409 29 410 78 411 29 412 139 413 150 414 167 415 127 416 167 417 27 418 127 419 49 420 65 421 117 422 162 423 117 424 183 425 205 426 154 427 66 428 66 429 154 430 52 431 42 432 132 433 105 434 42 435 54 436 67 437 16 438 201 439 5 440 196 441 95 442 77 443 69 444 11 445 198 446 69 447 198 448 96 449 13 450 70 451 160 452 70 453 34 454 160 455 168 456 98 457 181 458 36 459 153 460 56 461 170 462 153 463 44 464 44 465 83 466 170 467 0 468 55 469 131 470 171 471 73 472 114 473 4 474 137 475 37 476 137 477 38 478 37 479 115 480 86 481 175 482 75 483 52 484 155 485 118 486 143 487 50 488 80 489 50 490 143 491 95 492 197 493 77 494 77 495 47 496 10 497 29 498 78 499 33 500 78 501 148 502 33 503 4 504 113 505 79 506 79 507 110 508 4 509 20 510 17 511 146 512 50 513 146 514 17 515 40 516 9 517 81 518 169 519 184 520 9 521 0 522 29 523 136 524 136 525 29 526 33 527 191 528 83 529 20 530 17 531 20 532 172 533 84 534 64 535 22 536 110 537 22 538 101 539 157 540 14 541 59 542 14 543 157 544 73 545 115 546 21 547 161 548 100 549 161 550 21 551 130 552 87 553 166 554 37 555 166 556 87 557 106 558 177 559 10 560 88 561 178 562 194 563 8 564 199 565 105 566 8 567 32 568 199 569 120 570 205 571 90 572 205 573 66 574 90 575 102 576 13 577 123 578 13 579 160 580 91 581 112 582 92 583 19 584 44 585 19 586 193 587 93 588 134 589 174 590 188 591 93 592 174 593 26 594 94 595 24 596 94 597 26 598 188 599 68 600 12 601 176 602 68 603 176 604 5 605 171 606 96 607 11 608 23 609 11 610 96 611 97 612 51 613 28 614 28 615 207 616 97 617 168 618 25 619 192 620 104 621 192 622 25 623 141 624 99 625 23 626 96 627 23 628 162 629 100 630 27 631 64 632 21 633 27 634 100 635 101 636 62 637 126 638 101 639 159 640 102 641 102 642 60 643 151 644 102 645 159 646 190 647 103 648 104 649 71 650 103 651 71 652 36 653 2 654 59 655 104 656 2 657 104 658 25 659 89 660 32 661 105 662 105 663 32 664 118 665 200 666 47 667 182 668 47 669 200 670 10 671 107 672 187 673 54 674 48 675 187 676 107 677 6 678 35 679 108 680 57 681 108 682 35 683 109 684 16 685 5 686 96 687 195 688 109 689 110 690 84 691 22 692 110 693 51 694 189 695 57 696 35 697 111 698 57 699 111 700 75 701 112 702 45 703 172 704 55 705 45 706 112 707 79 708 113 709 24 710 26 711 24 712 113 713 171 714 114 715 43 716 85 717 43 718 114 719 115 720 52 721 75 722 111 723 115 724 75 725 39 726 9 727 116 728 202 729 9 730 40 731 99 732 7 733 117 734 7 735 208 736 117 737 118 738 102 739 42 740 42 741 105 742 118 743 34 744 3 745 119 746 210 747 12 748 209 749 28 750 34 751 207 752 205 753 207 754 34 755 121 756 20 757 146 758 121 759 41 760 20 761 19 762 44 763 122 764 122 765 14 766 19 767 123 768 91 769 164 770 123 771 13 772 91 773 118 774 32 775 124 776 89 777 124 778 32 779 125 780 76 781 39 782 39 783 116 784 125 785 126 786 31 787 101 788 31 789 126 790 191 791 165 792 127 793 1 794 149 795 1 796 127 797 128 798 38 799 137 800 128 801 45 802 38 803 6 804 108 805 129 806 46 807 6 808 129 809 33 810 87 811 130 812 130 813 136 814 33 815 14 816 73 817 131 818 0 819 131 820 73 821 42 822 67 823 132 824 186 825 132 826 67 827 107 828 54 829 133 830 79 831 133 832 54 833 111 834 35 835 134 836 174 837 134 838 35 839 69 840 135 841 11 842 57 843 11 844 135 845 130 846 82 847 136 848 0 849 136 850 82 851 128 852 137 853 74 854 4 855 74 856 137 857 0 858 138 859 55 860 138 861 45 862 55 863 147 864 139 865 63 866 111 867 63 868 139 869 138 870 140 871 45 872 45 873 140 874 38 875 141 876 43 877 99 878 171 879 43 880 141 881 142 882 37 883 87 884 4 885 37 886 142 887 125 888 143 889 76 890 118 891 76 892 143 893 144 894 65 895 30 896 144 897 30 898 96 899 195 900 49 901 204 902 12 903 204 904 49 905 146 906 50 907 80 908 80 909 121 910 146 911 147 912 26 913 78 914 147 915 78 916 139 917 26 918 148 919 78 920 148 921 26 922 113 923 27 924 149 925 127 926 152 927 149 928 27 929 150 930 22 931 167 932 101 933 22 934 150 935 102 936 151 937 13 938 151 939 70 940 13 941 36 942 152 943 21 944 152 945 27 946 21 947 44 948 153 949 71 950 36 951 71 952 153 953 154 954 2 955 155 956 179 957 2 958 154 959 2 960 25 961 155 962 75 963 155 964 25 965 156 966 50 967 17 968 4 969 50 970 156 971 157 972 85 973 114 974 85 975 157 976 59 977 94 978 158 979 24 980 79 981 24 982 158 983 159 984 31 985 41 986 101 987 31 988 159 989 91 990 160 991 28 992 160 993 34 994 28 995 161 996 180 997 86 998 115 999 161 1000 86 1001 162 1002 99 1003 117 1004 99 1005 162 1006 23 1007 163 1008 56 1009 72 1010 36 1011 56 1012 163 1013 110 1014 164 1015 51 1016 28 1017 51 1018 164 1019 165 1020 1 1021 62 1022 101 1023 165 1024 62 1025 38 1026 140 1027 166 1028 37 1029 38 1030 166 1031 64 1032 27 1033 167 1034 22 1035 64 1036 167 1037 168 1038 103 1039 36 1040 0 1041 168 1042 36 1043 169 1044 9 1045 39 1046 39 1047 124 1048 169 1049 170 1050 83 1051 72 1052 56 1053 170 1054 72 1055 0 1056 73 1057 171 1058 171 1059 168 1060 0 1061 172 1062 20 1063 83 1064 172 1065 83 1066 92 1067 62 1068 1 1069 173 1070 173 1071 1 1072 72 1073 174 1074 35 1075 6 1076 18 1077 174 1078 6 1079 175 1080 66 1081 52 1082 115 1083 175 1084 52 1085 176 1086 12 1087 95 1088 176 1089 95 1090 5 1091 177 1092 88 1093 10 1094 177 1095 40 1096 88 1097 178 1098 81 1099 15 1100 32 1101 178 1102 15 1103 34 1104 12 1105 179 1106 12 1107 7 1108 179 1109 180 1110 161 1111 100 1112 180 1113 100 1114 211 1115 168 1116 181 1117 103 1118 181 1119 104 1120 103 1121 40 1122 182 1123 3 1124 203 1125 182 1126 197 1127 183 1128 65 1129 144 1130 117 1131 65 1132 183 1133 184 1134 81 1135 9 1136 15 1137 81 1138 184 1139 185 1140 135 1141 69 1142 185 1143 69 1144 96 1145 186 1146 8 1147 132 1148 186 1149 32 1150 8 1151 48 1152 53 1153 187 1154 187 1155 53 1156 67 1157 206 1158 188 1159 18 1160 18 1161 188 1162 174 1163 110 1164 189 1165 84 1166 97 1167 84 1168 189 1169 190 1170 41 1171 60 1172 102 1173 190 1174 60 1175 31 1176 191 1177 41 1178 20 1179 41 1180 191 1181 192 1182 104 1183 98 1184 168 1185 192 1186 98 1187 92 1188 193 1189 19 1190 83 1191 193 1192 92 1193 10 1194 88 1195 194 1196 194 1197 40 1198 10 1199 16 1200 195 1201 204 1202 195 1203 16 1204 109 1205 5 1206 95 1207 196 1208 196 1209 46 1210 5 1211 197 1212 47 1213 77 1214 182 1215 47 1216 197 1217 198 1218 11 1219 23 1220 96 1221 198 1222 23 1223 199 1224 89 1225 105 1226 32 1227 89 1228 199 1229 200 1230 106 1231 10 1232 200 1233 182 1234 106 1235 201 1236 68 1237 5 1238 201 1239 145 1240 68 1241 202 1242 116 1243 9 1244 40 1245 116 1246 202 1247 3 1248 182 1249 203 1250 203 1251 12 1252 210 1253 12 1254 145 1255 204 1256 204 1257 145 1258 16 1259 179 1260 154 1261 205 1262 179 1263 205 1264 34 1265 206 1266 18 1267 48 1268 48 1269 94 1270 206 1271 97 1272 207 1273 120 1274 207 1275 205 1276 120 1277 117 1278 208 1279 49 1280 12 1281 49 1282 208 1283 3 1284 209 1285 119 1286 209 1287 12 1288 119 1289 209 1290 3 1291 210 1292 3 1293 203 1294 210 1295 212 1296 211 1297 120 1298 120 1299 211 1300 97 1301 90 1302 212 1303 120 1304 90 1305 66 1306 212 1307</p>
        </triangles>
      </mesh>
    </geometry>
  </library_geometries>
  <library_visual_scenes>
    <visual_scene id="lifter_base_link" name="lifter_base_link">
      <node name="FBXASC227FBXASC130FBXASC189FBXASC227FBXASC131FBXASC170FBXASC227FBXASC131FBXASC131FBXASC227FBXASC131FBXASC1371" id="FBXASC227FBXASC130FBXASC189FBXASC227FBXASC131FBXASC170FBXASC227FBXASC131FBXASC131FBXASC227FBXASC131FBXASC1371" sid="FBXASC227FBXASC130FBXASC189FBXASC227FBXASC131FBXASC170FBXASC227FBXASC131FBXASC131FBXASC227FBXASC131FBXASC1371">
        <matrix sid="matrix">25.4 -0 0 -0.012 0 25.4 -0 0 -0 0 25.4 0.035 0 0 0 1</matrix>
        <instance_geometry url="#FBXASC227FBXASC130FBXASC189FBXASC227FBXASC131FBXASC170FBXASC227FBXASC131FBXASC131FBXASC227FBXASC131FBXASC1371-lib">
          <bind_material>
            <technique_common>
              <instance_material symbol="MaterialFBXASC032FBXASC03525" target="#MaterialFBXASC032FBXASC03525"/>
            </technique_common>
          </bind_material>
        </instance_geometry>
        <extra>
          <technique profile="FCOLLADA">
            <visibility>1.000000</visibility>
          </technique>
        </extra>
      </node>
      <node name="FBXASC227FBXASC130FBXASC189FBXASC227FBXASC131FBXASC170FBXASC227FBXASC131FBXASC131FBXASC227FBXASC131FBXASC1371_ncl1_1" id="FBXASC227FBXASC130FBXASC189FBXASC227FBXASC131FBXASC170FBXASC227FBXASC131FBXASC131FBXASC227FBXASC131FBXASC1371_ncl1_1" sid="FBXASC227FBXASC130FBXASC189FBXASC227FBXASC131FBXASC170FBXASC227FBXASC131FBXASC131FBXASC227FBXASC131FBXASC1371_ncl1_1">
        <matrix sid="matrix">25.4 0 -0 0 0 -25.4 -8e-06 0 -0 8e-06 -25.4 0.01 0 0 0 1</matrix>
        <instance_geometry url="#FBXASC227FBXASC130FBXASC189FBXASC227FBXASC131FBXASC170FBXASC227FBXASC131FBXASC131FBXASC227FBXASC131FBXASC1371_ncl1_1-lib">
          <bind_material>
            <technique_common>
              <instance_material symbol="MaterialFBXASC032FBXASC03525" target="#MaterialFBXASC032FBXASC03525"/>
            </technique_common>
          </bind_material>
        </instance_geometry>
        <extra>
          <technique profile="FCOLLADA">
            <visibility>1.000000</visibility>
          </technique>
        </extra>
      </node>
      <node name="FBXASC227FBXASC130FBXASC189FBXASC227FBXASC131FBXASC170FBXASC227FBXASC131FBXASC131FBXASC227FBXASC131FBXASC1371_ncl1_2" id="FBXASC227FBXASC130FBXASC189FBXASC227FBXASC131FBXASC170FBXASC227FBXASC131FBXASC131FBXASC227FBXASC131FBXASC1371_ncl1_2" sid="FBXASC227FBXASC130FBXASC189FBXASC227FBXASC131FBXASC170FBXASC227FBXASC131FBXASC131FBXASC227FBXASC131FBXASC1371_ncl1_2">
        <matrix sid="matrix">25.4 0 -0 0.037799999 0 -25.4 -8e-06 -0.002647838 -0 8e-06 -25.4 0.037 0 0 0 1</matrix>
        <instance_geometry url="#FBXASC227FBXASC130FBXASC189FBXASC227FBXASC131FBXASC170FBXASC227FBXASC131FBXASC131FBXASC227FBXASC131FBXASC1371_ncl1_2-lib">
          <bind_material>
            <technique_common>
              <instance_material symbol="MaterialFBXASC032FBXASC03526" target="#MaterialFBXASC032FBXASC03526"/>
            </technique_common>
          </bind_material>
        </instance_geometry>
        <extra>
          <technique profile="FCOLLADA">
            <visibility>1.000000</visibility>
          </technique>
        </extra>
      </node>
      <extra>
        <technique profile="MAX3D">
          <frame_rate>30.000000</frame_rate>
        </technique>
        <technique profile="FCOLLADA">
          <start_time>0.000000</start_time>
          <end_time>3.333333</end_time>
        </technique>
      </extra>
    </visual_scene>
  </library_visual_scenes>
  <scene>
    <instance_visual_scene url="#lifter_base_link"/>
  </scene>
</COLLADA>