<?xml version='1.0' encoding='UTF-8'?>
<COLLADA xmlns="http://www.collada.org/2005/11/COLLADASchema" version="1.4.1">
  <asset>
    <contributor>
      <author/>
      <authoring_tool>FBX COLLADA exporter</authoring_tool>
      <comments/>
    </contributor>
    <created>2026-08-18T09:44:57Z</created>
    <keywords/>
    <modified>2026-08-18T09:44:57Z</modified>
    <revision/>
    <subject/>
    <title/>
    <unit meter="1.0" name="meter"/>
    <up_axis>Z_UP</up_axis>
  </asset>
  <library_materials>
    <material id="MaterialFBXASC032FBXASC03525" name="MaterialFBXASC032FBXASC03525">
      <instance_effect url="#MaterialFBXASC032FBXASC03525-fx"/>
    </material>
    <material id="MaterialFBXASC032FBXASC03526" name="MaterialFBXASC032FBXASC03526">
      <instance_effect url="#MaterialFBXASC032FBXASC03526-fx"/>
    </material>
    <material id="MaterialFBXASC032FBXASC03527" name="MaterialFBXASC032FBXASC03527">
      <instance_effect url="#MaterialFBXASC032FBXASC03527-fx"/>
    </material>
  </library_materials>
  <library_effects>
    <effect id="MaterialFBXASC032FBXASC03525-fx" name="MaterialFBXASC032FBXASC03525">
      <profile_COMMON>
        <technique sid="standard">
          <phong>
            <emission>
              <color sid="emission">0.000000  0.000000 0.000000 1.000000</color>
            </emission>
            <ambient>
              <color sid="ambient">0.996078  0.996078 1.000000 1.000000</color>
            </ambient>
            <diffuse>
              <color sid="diffuse">0.996078  0.996078 1.000000 1.000000</color>
            </diffuse>
            <specular>
              <color sid="specular">0.000000  0.000000 0.000000 1.000000</color>
            </specular>
            <shininess>
              <float sid="shininess">1.000000</float>
            </shininess>
            <transparency>
              <float sid="transparency">0.000000</float>
            </transparency>
          </phong>
        </technique>
      </profile_COMMON>
    </effect>
    <effect id="MaterialFBXASC032FBXASC03526-fx" name="MaterialFBXASC032FBXASC03526">
      <profile_COMMON>
        <technique sid="standard">
          <phong>
            <emission>
              <color sid="emission">0.000000  0.000000 0.000000 1.000000</color>
            </emission>
            <ambient>
              <color sid="ambient">0.698039  0.698039 0.698039 1.000000</color>
            </ambient>
            <diffuse>
              <color sid="diffuse">0.698039  0.698039 0.698039 1.000000</color>
            </diffuse>
            <specular>
              <color sid="specular">0.000000  0.000000 0.000000 1.000000</color>
            </specular>
            <shininess>
              <float sid="shininess">1.000000</float>
            </shininess>
            <transparency>
              <float sid="transparency">0.000000</float>
            </transparency>
          </phong>
        </technique>
      </profile_COMMON>
    </effect>
    <effect id="MaterialFBXASC032FBXASC03527-fx" name="MaterialFBXASC032FBXASC03527">
      <profile_COMMON>
        <technique sid="standard">
          <phong>
            <emission>
              <color sid="emission">0.000000  0.000000 0.000000 1.000000</color>
            </emission>
            <ambient>
              <color sid="ambient">0.019608  0.019608 0.019608 1.000000</color>
            </ambient>
            <diffuse>
              <color sid="diffuse">0.019608  0.019608 0.019608 1.000000</color>
            </diffuse>
            <specular>
              <color sid="specular">0.000000  0.000000 0.000000 1.000000</color>
            </specular>
            <shininess>
              <float sid="shininess">1.000000</float>
            </shininess>
            <transparency>
              <float sid="transparency">0.000000</float>
            </transparency>
          </phong>
        </technique>
      </profile_COMMON>
    </effect>
  </library_effects>
  <library_geometries>
    <geometry id="FBXASC227FBXASC130FBXASC189FBXASC227FBXASC131FBXASC170FBXASC227FBXASC131FBXASC131FBXASC227FBXASC131FBXASC1371-lib" name="FBXASC227FBXASC130FBXASC189FBXASC227FBXASC131FBXASC170FBXASC227FBXASC131FBXASC131FBXASC227FBXASC131FBXASC1371Mesh">
      <mesh>
        <source id="FBXASC227FBXASC130FBXASC189FBXASC227FBXASC131FBXASC170FBXASC227FBXASC131FBXASC131FBXASC227FBXASC131FBXASC1371-POSITION">
          <float_array id="FBXASC227FBXASC130FBXASC189FBXASC227FBXASC131FBXASC170FBXASC227FBXASC131FBXASC131FBXASC227FBXASC131FBXASC1371-POSITION-array" count="624">-0.001047075 -0.000713069 -0.001712598 0.000573391 0.000141328 -0.001614173 -0.000320686 -0.001498031 -9.5646e-05 -0.001266672 0.000902183 -0.001712598 0.000426222 0.001498031 -0.000330112 0.000728346 -0.001112976 -0.001712598 -0.000155032 -0.001399606 -0.001110256 0.001096005 0.000965261 -0.001614173 -7.1183e-05 0.000586245 -0.001614173 -7.1183e-05 -0.000586245 -0.001614173 0.000716769 -0.001399606 -0.000752162 -0.000327786 0.001399606 -0.000482708 0.000179805 -0.001498031 0.000282237 -0.000590551 -0 -0.001614173 0.000442034 -0.000391608 -0.001712598 0.001342125 -0.000785553 -0.001712598 0.000728346 0.001399606 -0.001614173 -0.000334646 0.001112976 -0.001712598 -0.000334646 -0.001112976 -0.001614173 0.00049676 0.001498031 -0.000894114 -0.000973455 -0.00109252 -0.001614173 -0.00011811 -0.001498031 -0.000466249 -0.000442034 -0.000391608 -0.001712598 -0.000885827 0.000640871 -0.001614173 0.000885827 -0.000640871 -0.001614173 0.000973455 0.00109252 -0.001712598 0.000885827 0.000640871 -0.001712598 0.000335471 0.000486014 -0.001712598 -0.000111546 0.001498031 -0.000280542 -0.000442034 0.000391608 -0.001712598 0.001086129 -0.001112976 -0.001712598 -0.001086129 0.001112976 -0.001614173 -0.000334646 -0.001399606 0.000334646 0.000303292 -0.001399606 0.000141427 0.000728346 0.001112976 -0.001614173 -0.000334646 -0.001498031 -0.001712598 -0.000334646 0.001399606 -0.001614173 -0.000885827 -0.000640871 -0.001614173 0.000485182 0.001399606 -0.000472454 0.001096005 0.000788587 -0.001614173 7.1183e-05 0.000586245 -0.001712598 7.1183e-05 -0.000586245 -0.001614173 0.000728346 -0.001399606 -0.001614173 -0.001197444 0.000640871 -0.001712598 -0.000522907 0.000274443 -0.001614173 -0.0002159 -0.001399606 -0.000255685 0.000573391 -0.000141328 -0.001614173 -0.000334646 -0.001498031 -0.00130315 -0.001096005 -0.000965261 -0.001614173 -0.00023509 0.001498031 -0.00035187 0.001197444 -0.000640871 -0.001712598 0.000728346 0.001498031 -0.001397638 0 -0.001399606 0.000334646 -0.000335471 -0.000486014 -0.001614173 0.000335471 -0.000486014 -0.001614173 0.000728346 -0.001498031 -0.000831202 -0.00011811 -0.001498031 -0.000972461 -0.001096005 -0.000788587 -0.001614173 0.000885827 0.000640871 -0.001614173 0.000973455 0.00109252 -0.001614173 -0.000334646 -0.001399606 -0 -0.000334646 0.001498031 -0.000534809 0.001266672 -0.000902183 -0.001614173 0.000485182 0.001498031 -0.000472454 0.000360915 0.001399606 -0.000286475 -0.000335471 0.000486014 -0.001614173 0.000209412 0.000552175 -0.001614173 -0.000209412 -0.000552175 -0.001712598 -0.001181112 0.001011616 -0.001712598 0.000209412 -0.000552175 -0.001614173 -0.000573391 0.000141328 -0.001712598 0.000442034 0.000391608 -0.001614173 -0.001342125 0.000785553 -0.001712598 -0.000209412 0.000552175 -0.001614173 0.000522907 0.000274443 -0.001614173 0.001181112 -0.001011616 -0.001712598 0.000522907 -0.000274443 -0.001614173 0.00049676 0.001399606 -0.000894114 -0.000522907 -0.000274443 -0.001614173 -0.001047075 -0.001040779 -0.001712598 -0.000885827 -0.000640871 -0.001712598 0.000303292 -0.001498031 0.000141427 -0.000573391 -0.000141328 -0.001614173 0.000590551 0 -0.001614173 -0.00011811 -0.001399606 -0.000466249 0.000728346 -0.001399606 -0.000831202 0.000885827 0.001112976 -0.001712598 0.001096005 0.000788587 -0.001712598 -0.000885827 0.000640871 -0.001712598 0.000885827 -0.000640871 -0.001712598 -0.000178013 0.001399606 -0.000308074 -0.000279972 -0.001399606 -0.000183312 9.3644e-05 -0.001498031 0.000321277 -0.000973455 -0.00109252 -0.001712598 -0.000334646 -0.001112976 -0.001712598 -4.0218e-05 0.001399606 -0.000271152 -0.001113144 -0.000876924 -0.001712598 -0.000163135 -0.001498031 -0.000315286 -0.000334646 0.001112976 -0.001614173 0.000728346 -0.001112976 -0.001614173 0.000728346 0.001112976 -0.001712598 -0.000127501 -0.001399606 -0.001043789 -0.000334646 -0.001399606 -0.001614173 0.000360915 0.001498031 -0.000286475 0.001096005 0.000965261 -0.001712598 -0.000334646 0.001498031 -0.001712598 0.000179805 -0.001399606 0.000282237 -0.000198829 -0.001498031 -0.001167333 0.000469859 0.001399606 -0.000395419 0.000728346 0.001498031 -0.001712598 -0.000275685 0.001399606 -0.000392466 0.000702526 -0.001498031 -0.000714732 -0.000307676 0.001498031 -0.000434157 7.1183e-05 -0.000586245 -0.001712598 0.000590551 0 -0.001712598 -0.000335471 0.000486014 -0.001712598 0.000335471 -0.000486014 -0.001712598 -0.000973455 -0.000661327 -0.001614173 0.000885827 0.001112976 -0.001614173 0.000973455 0.000661327 -0.001712598 0.000973455 0.000661327 -0.001614173 -0.001047075 -0.001040779 -0.001614173 0.000335471 0.000486014 -0.001614173 7.1183e-05 0.000586245 -0.001614173 -0.001266672 0.000902183 -0.001614173 -0.000335471 -0.000486014 -0.001712598 -0.000590551 -0 -0.001712598 0.000728346 -0.001498031 -0.001712598 0.000728346 0.001399606 -0.001397638 0.001197444 -0.000640871 -0.001614173 -0.001197444 0.000640871 -0.001614173 -0.000334646 0.001399606 -0.000534809 0.000522907 -0.000274443 -0.001712598 -0.000209412 0.000552175 -0.001712598 0.000209412 -0.000552175 -0.001712598 0.000573391 0.000141328 -0.001712598 -0.000573391 -0.000141328 -0.001712598 0.000442034 0.000391608 -0.001712598 0.000522907 0.000274443 -0.001712598 -0.000522907 -0.000274443 -0.001712598 0.001181112 -0.001011616 -0.001614173 -0.001181112 0.001011616 -0.001614173 0.001266672 -0.000902183 -0.001712598 -0.000334646 -0.001498031 -0 -0.000279972 -0.001498031 -0.000183312 0.000485182 0.001399606 -0.000815073 0.001047075 0.001040779 -0.001614173 0.001047075 0.001040779 -0.001712598 0.0002516 -0.001399606 0.000220647 -0.000885827 -0.001112976 -0.001712598 0.001047075 0.000713069 -0.001614173 0.000488092 0.001498031 -0.000855015 -0.001096005 -0.000965261 -0.001712598 0.001047075 0.000713069 -0.001712598 -0.000442034 -0.000391608 -0.001614173 -0.000442034 0.000391608 -0.001614173 0.000442034 -0.000391608 -0.001614173 -0.000209412 -0.000552175 -0.001614173 0.001086129 -0.001112976 -0.001614173 -0.000573391 0.000141328 -0.001614173 0.000573391 -0.000141328 -0.001712598 0.000209412 0.000552175 -0.001712598 -7.1183e-05 0.000586245 -0.001712598 -0.001086129 0.001112976 -0.001712598 -0.000522907 0.000274443 -0.001712598 -7.1183e-05 -0.000586245 -0.001712598 -0.000334646 -0.001399606 -0.00130315 -0.000320686 -0.001399606 -9.5646e-05 -0.000334646 -0.001498031 0.000334646 -0.000973455 -0.000661327 -0.001712598 -0.000885827 -0.001112976 -0.001614173 0 -0.001498031 0.000334646 -0.000163135 -0.001399606 -0.000315286 -0.001342125 0.000785553 -0.001614173 0.001342125 -0.000785553 -0.001614173 -0.000129606 -0.001498031 -0.000387482 -0.000129606 -0.001399606 -0.000387482 0.001113144 0.000876924 -0.001614173 -0.000178013 0.001498031 -0.000308074 0.001113144 0.000876924 -0.001712598 -0.000127501 -0.001498031 -0.001043789 0.000283879 0.001399606 -0.000271152 -0.001047075 -0.000713069 -0.001614173 -0.0002159 -0.001498031 -0.000255685 0.0002516 -0.001498031 0.000220647 -0.00011811 -0.001399606 -0.000972461 0.000283879 0.001498031 -0.000271152 9.3644e-05 -0.001399606 0.000321277 -0.001096005 -0.000788587 -0.001712598 -0.001113144 -0.000876924 -0.001614173 0.000469859 0.001498031 -0.000395419 -0.000275685 0.001498031 -0.000392466 -0.000198829 -0.001399606 -0.001167333 -0.000307676 0.001399606 -0.000434157 -0.000155032 -0.001498031 -0.001110256 0.000426222 0.001399606 -0.000330112 -4.0218e-05 0.001498031 -0.000271152 -0.000111546 0.001399606 -0.000280542 -0.00023509 0.001399606 -0.00035187 -0.000327786 0.001498031 -0.000482708 0.000725437 -0.001399606 -0.00079126 0.000725437 -0.001498031 -0.00079126 0.000488092 0.001399606 -0.000855015 0.000716769 -0.001498031 -0.000752162 0.000511003 0.001498031 -0.000931543 0.000485182 0.001498031 -0.000815073 0.000702526 -0.001399606 -0.000714732 0.000511003 0.001399606 -0.000931543</float_array>
          <technique_common>
            <accessor source="#FBXASC227FBXASC130FBXASC189FBXASC227FBXASC131FBXASC170FBXASC227FBXASC131FBXASC131FBXASC227FBXASC131FBXASC1371-POSITION-array" count="208" stride="3">
              <param name="X" type="float"/>
              <param name="Y" type="float"/>
              <param name="Z" type="float"/>
            </accessor>
          </technique_common>
        </source>
        <source id="FBXASC227FBXASC130FBXASC189FBXASC227FBXASC131FBXASC170FBXASC227FBXASC131FBXASC131FBXASC227FBXASC131FBXASC1371-Normal0">
          <float_array id="FBXASC227FBXASC130FBXASC189FBXASC227FBXASC131FBXASC170FBXASC227FBXASC131FBXASC131FBXASC227FBXASC131FBXASC1371-Normal0-array" count="3744">
0.000000 -2.540000 -0.000000
0.000000 -2.540000 -0.000000
0.000000 -2.540000 -0.000000
-0.000000 2.540000 0.000000
-0.000000 2.540000 0.000000
-0.000000 2.540000 0.000000
0.000000 -2.540000 0.000000
0.000000 -2.540000 0.000000
0.000000 -2.540000 0.000000
-0.000000 2.540000 -0.000000
-0.000000 2.540000 -0.000000
-0.000000 2.540000 -0.000000
-0.000000 -0.000000 -2.540000
-0.000000 -0.000000 -2.540000
-0.000000 -0.000000 -2.540000
0.000000 0.000000 2.540000
0.000000 0.000000 2.540000
0.000000 0.000000 2.540000
0.000000 0.000000 2.540000
0.000000 0.000000 2.540000
0.000000 0.000000 2.540000
-0.000000 -0.000000 -2.540000
-0.000000 -0.000000 -2.540000
-0.000000 -0.000000 -2.540000
-0.000000 -0.000000 -2.540000
-0.000000 -0.000000 -2.540000
-0.000000 -0.000000 -2.540000
0.000000 0.000000 2.540000
0.000000 0.000000 2.540000
0.000000 0.000000 2.540000
-0.000000 -0.000000 -2.540000
-0.000000 -0.000000 -2.540000
-0.000000 -0.000000 -2.540000
0.000000 0.000000 2.540000
0.000000 0.000000 2.540000
0.000000 0.000000 2.540000
0.000000 0.000000 2.540000
0.000000 0.000000 2.540000
0.000000 0.000000 2.540000
-0.000000 -0.000000 -2.540000
-0.000000 -0.000000 -2.540000
-0.000000 -0.000000 -2.540000
-0.000000 -0.000000 -2.540000
-0.000000 -0.000000 -2.540000
-0.000000 -0.000000 -2.540000
0.000000 0.000000 2.540000
0.000000 0.000000 2.540000
0.000000 0.000000 2.540000
0.000000 -2.540000 -0.000000
0.000000 -2.540000 -0.000000
0.000000 -2.540000 -0.000000
-0.000000 2.540000 0.000000
-0.000000 2.540000 0.000000
-0.000000 2.540000 0.000000
-0.000000 2.540000 -0.000000
-0.000000 2.540000 -0.000000
-0.000000 2.540000 -0.000000
0.000000 -2.540000 0.000000
0.000000 -2.540000 0.000000
0.000000 -2.540000 0.000000
-0.000000 2.540000 0.000000
-0.000000 2.540000 0.000000
-0.000000 2.540000 0.000000
0.000000 -2.540000 -0.000000
0.000000 -2.540000 -0.000000
0.000000 -2.540000 -0.000000
0.000000 0.000000 2.540000
0.000000 0.000000 2.540000
0.000000 0.000000 2.540000
-0.000000 -0.000000 -2.540000
-0.000000 -0.000000 -2.540000
-0.000000 -0.000000 -2.540000
-0.000000 -0.000000 -2.540000
-0.000000 -0.000000 -2.540000
-0.000000 -0.000000 -2.540000
0.000000 0.000000 2.540000
0.000000 0.000000 2.540000
0.000000 0.000000 2.540000
0.000000 0.000000 2.540000
0.000000 0.000000 2.540000
0.000000 0.000000 2.540000
-0.000000 -0.000000 -2.540000
-0.000000 -0.000000 -2.540000
-0.000000 -0.000000 -2.540000
0.000000 0.000000 2.540000
0.000000 0.000000 2.540000
0.000000 0.000000 2.540000
-0.000000 -0.000000 -2.540000
-0.000000 -0.000000 -2.540000
-0.000000 -0.000000 -2.540000
0.000000 0.000000 2.540000
0.000000 0.000000 2.540000
0.000000 0.000000 2.540000
0.000000 0.000000 2.540000
0.000000 0.000000 2.540000
0.000000 0.000000 2.540000
-0.000000 -0.000000 -2.540000
-0.000000 -0.000000 -2.540000
-0.000000 -0.000000 -2.540000
-0.000000 -0.000000 -2.540000
-0.000000 -0.000000 -2.540000
-0.000000 -0.000000 -2.540000
0.000000 -2.540000 -0.000000
0.000000 -2.540000 -0.000000
0.000000 -2.540000 -0.000000
-0.000000 2.540000 0.000000
-0.000000 2.540000 0.000000
-0.000000 2.540000 0.000000
-0.000000 2.540000 -0.000000
-0.000000 2.540000 -0.000000
-0.000000 2.540000 -0.000000
0.000000 -2.540000 0.000000
0.000000 -2.540000 0.000000
0.000000 -2.540000 0.000000
0.000000 0.000000 2.540000
0.000000 0.000000 2.540000
0.000000 0.000000 2.540000
-0.000000 -0.000000 -2.540000
-0.000000 -0.000000 -2.540000
-0.000000 -0.000000 -2.540000
-0.000000 2.540000 0.000000
-0.000000 2.540000 0.000000
-0.000000 2.540000 0.000000
0.000000 -2.540000 -0.000000
0.000000 -2.540000 -0.000000
0.000000 -2.540000 -0.000000
0.000000 0.000000 2.540000
0.000000 0.000000 2.540000
0.000000 0.000000 2.540000
-0.000000 -0.000000 -2.540000
-0.000000 -0.000000 -2.540000
-0.000000 -0.000000 -2.540000
0.000000 0.000000 2.540000
0.000000 0.000000 2.540000
0.000000 0.000000 2.540000
-0.000000 -0.000000 -2.540000
-0.000000 -0.000000 -2.540000
-0.000000 -0.000000 -2.540000
-0.000000 -0.000000 -2.540000
-0.000000 -0.000000 -2.540000
-0.000000 -0.000000 -2.540000
0.000000 0.000000 2.540000
0.000000 0.000000 2.540000
0.000000 0.000000 2.540000
-0.000000 -0.000000 -2.540000
-0.000000 -0.000000 -2.540000
-0.000000 -0.000000 -2.540000
0.000000 0.000000 2.540000
0.000000 0.000000 2.540000
0.000000 0.000000 2.540000
-0.000000 -0.000000 -2.540000
-0.000000 -0.000000 -2.540000
-0.000000 -0.000000 -2.540000
0.000000 0.000000 2.540000
0.000000 0.000000 2.540000
0.000000 0.000000 2.540000
-0.000000 -0.000000 -2.540000
-0.000000 -0.000000 -2.540000
-0.000000 -0.000000 -2.540000
0.000000 0.000000 2.540000
0.000000 0.000000 2.540000
0.000000 0.000000 2.540000
-0.000000 -0.000000 -2.540000
-0.000000 -0.000000 -2.540000
-0.000000 -0.000000 -2.540000
0.000000 0.000000 2.540000
0.000000 0.000000 2.540000
0.000000 0.000000 2.540000
-0.000000 2.540000 -0.000000
-0.000000 2.540000 -0.000000
-0.000000 2.540000 -0.000000
0.000000 -2.540000 0.000000
0.000000 -2.540000 0.000000
0.000000 -2.540000 0.000000
0.000000 0.000000 2.540000
0.000000 0.000000 2.540000
0.000000 0.000000 2.540000
-0.000000 -0.000000 -2.540000
-0.000000 -0.000000 -2.540000
-0.000000 -0.000000 -2.540000
0.000000 0.000000 2.540000
0.000000 0.000000 2.540000
0.000000 0.000000 2.540000
-0.000000 -0.000000 -2.540000
-0.000000 -0.000000 -2.540000
-0.000000 -0.000000 -2.540000
0.000000 0.000000 2.540000
0.000000 0.000000 2.540000
0.000000 0.000000 2.540000
-0.000000 -0.000000 -2.540000
-0.000000 -0.000000 -2.540000
-0.000000 -0.000000 -2.540000
0.000000 -2.540000 -0.000000
0.000000 -2.540000 -0.000000
0.000000 -2.540000 -0.000000
-0.000000 2.540000 0.000000
-0.000000 2.540000 0.000000
-0.000000 2.540000 0.000000
0.000000 -2.540000 -0.000000
0.000000 -2.540000 -0.000000
0.000000 -2.540000 -0.000000
-0.000000 2.540000 0.000000
-0.000000 2.540000 0.000000
-0.000000 2.540000 0.000000
-0.000000 -0.000000 -2.540000
-0.000000 -0.000000 -2.540000
-0.000000 -0.000000 -2.540000
0.000000 0.000000 2.540000
0.000000 0.000000 2.540000
0.000000 0.000000 2.540000
0.000000 0.000000 2.540000
0.000000 0.000000 2.540000
0.000000 0.000000 2.540000
-0.000000 -0.000000 -2.540000
-0.000000 -0.000000 -2.540000
-0.000000 -0.000000 -2.540000
0.000000 0.000000 2.540000
0.000000 0.000000 2.540000
0.000000 0.000000 2.540000
-0.000000 -0.000000 -2.540000
-0.000000 -0.000000 -2.540000
-0.000000 -0.000000 -2.540000
-0.000000 -0.000000 -2.540000
-0.000000 -0.000000 -2.540000
-0.000000 -0.000000 -2.540000
0.000000 0.000000 2.540000
0.000000 0.000000 2.540000
0.000000 0.000000 2.540000
-0.000000 2.540000 -0.000000
-0.000000 2.540000 -0.000000
-0.000000 2.540000 -0.000000
0.000000 -2.540000 0.000000
0.000000 -2.540000 0.000000
0.000000 -2.540000 0.000000
0.000000 0.000000 2.540000
0.000000 0.000000 2.540000
0.000000 0.000000 2.540000
-0.000000 -0.000000 -2.540000
-0.000000 -0.000000 -2.540000
-0.000000 -0.000000 -2.540000
-0.000000 -0.000000 -2.540000
-0.000000 -0.000000 -2.540000
-0.000000 -0.000000 -2.540000
0.000000 0.000000 2.540000
0.000000 0.000000 2.540000
0.000000 0.000000 2.540000
0.000000 0.000000 2.540000
0.000000 0.000000 2.540000
0.000000 0.000000 2.540000
-0.000000 -0.000000 -2.540000
-0.000000 -0.000000 -2.540000
-0.000000 -0.000000 -2.540000
0.000000 0.000000 2.540000
0.000000 0.000000 2.540000
0.000000 0.000000 2.540000
-0.000000 -0.000000 -2.540000
-0.000000 -0.000000 -2.540000
-0.000000 -0.000000 -2.540000
0.000000 0.000000 2.540000
0.000000 0.000000 2.540000
0.000000 0.000000 2.540000
-0.000000 -0.000000 -2.540000
-0.000000 -0.000000 -2.540000
-0.000000 -0.000000 -2.540000
0.000000 0.000000 2.540000
0.000000 0.000000 2.540000
0.000000 0.000000 2.540000
-0.000000 -0.000000 -2.540000
-0.000000 -0.000000 -2.540000
-0.000000 -0.000000 -2.540000
0.000000 -2.540000 -0.000000
0.000000 -2.540000 -0.000000
0.000000 -2.540000 -0.000000
-0.000000 2.540000 0.000000
-0.000000 2.540000 0.000000
-0.000000 2.540000 0.000000
-0.000000 -0.000000 -2.540000
-0.000000 -0.000000 -2.540000
-0.000000 -0.000000 -2.540000
0.000000 0.000000 2.540000
0.000000 0.000000 2.540000
0.000000 0.000000 2.540000
-0.000000 2.540000 0.000000
-0.000000 2.540000 0.000000
-0.000000 2.540000 0.000000
0.000000 -2.540000 -0.000000
0.000000 -2.540000 -0.000000
0.000000 -2.540000 -0.000000
-0.000000 -0.000000 -2.540000
-0.000000 -0.000000 -2.540000
-0.000000 -0.000000 -2.540000
0.000000 0.000000 2.540000
0.000000 0.000000 2.540000
0.000000 0.000000 2.540000
0.000000 -2.540000 0.000000
0.000000 -2.540000 0.000000
0.000000 -2.540000 0.000000
-0.000000 2.540000 -0.000000
-0.000000 2.540000 -0.000000
-0.000000 2.540000 -0.000000
0.000000 0.000000 2.540000
0.000000 0.000000 2.540000
0.000000 0.000000 2.540000
-0.000000 -0.000000 -2.540000
-0.000000 -0.000000 -2.540000
-0.000000 -0.000000 -2.540000
0.000000 -2.540000 0.000000
0.000000 -2.540000 0.000000
0.000000 -2.540000 0.000000
-0.000000 2.540000 -0.000000
-0.000000 2.540000 -0.000000
-0.000000 2.540000 -0.000000
0.000000 -2.540000 -0.000000
0.000000 -2.540000 -0.000000
0.000000 -2.540000 -0.000000
-0.000000 2.540000 0.000000
-0.000000 2.540000 0.000000
-0.000000 2.540000 0.000000
-0.000000 -0.000000 -2.540000
-0.000000 -0.000000 -2.540000
-0.000000 -0.000000 -2.540000
0.000000 0.000000 2.540000
0.000000 0.000000 2.540000
0.000000 0.000000 2.540000
0.000000 0.000000 2.540000
0.000000 0.000000 2.540000
0.000000 0.000000 2.540000
-0.000000 -0.000000 -2.540000
-0.000000 -0.000000 -2.540000
-0.000000 -0.000000 -2.540000
0.000000 -2.540000 -0.000000
0.000000 -2.540000 -0.000000
0.000000 -2.540000 -0.000000
2.540000 0.000000 -0.000000
2.540000 0.000000 -0.000000
2.540000 0.000000 -0.000000
-0.000000 2.540000 0.000000
-0.000000 2.540000 0.000000
-0.000000 2.540000 0.000000
0.000000 -2.540000 -0.000000
0.000000 -2.540000 -0.000000
0.000000 -2.540000 -0.000000
-1.829584 1.761880 0.000000
-1.037967 2.318237 0.000000
-1.829584 1.761880 0.000000
-0.000000 -0.000000 -2.540000
-0.000000 -0.000000 -2.540000
-0.000000 -0.000000 -2.540000
1.037967 -2.318237 -0.000000
1.829584 -1.761880 -0.000000
1.037967 -2.318237 -0.000000
2.540000 0.000000 -0.000000
2.540000 0.000000 -0.000000
2.540000 0.000000 -0.000000
0.000000 0.000000 2.540000
0.000000 0.000000 2.540000
0.000000 0.000000 2.540000
1.829584 1.761880 -0.000000
2.355711 0.949857 -0.000000
1.829584 1.761880 -0.000000
-2.540000 -0.000000 0.000000
-2.540000 -0.000000 0.000000
-2.540000 -0.000000 0.000000
-0.000000 2.540000 0.000000
-0.000000 2.540000 0.000000
-0.000000 2.540000 0.000000
-2.199704 -0.000000 1.270000
-2.199704 -0.000000 1.270000
-1.796051 -0.000000 1.796051
-2.540000 -0.000000 0.000000
-2.540000 -0.000000 0.000000
-2.540000 -0.000000 0.000000
0.000000 0.000000 2.540000
0.000000 0.000000 2.540000
0.000000 0.000000 2.540000
-0.000000 -0.000000 -2.540000
-0.000000 -0.000000 -2.540000
-0.000000 -0.000000 -2.540000
2.346654 0.000000 0.972016
2.540000 0.000000 0.000000
2.346654 0.000000 0.972016
2.540000 0.000000 -0.000000
2.540000 0.000000 0.000000
2.540000 0.000000 -0.000000
0.000000 0.000000 2.540000
0.000000 0.000000 2.540000
0.000000 0.000000 2.540000
1.796051 0.000000 1.796051
0.972016 0.000000 2.346654
1.796051 0.000000 1.796051
0.000000 0.000000 2.540000
0.000000 0.000000 2.540000
0.000000 0.000000 2.540000
-0.000000 -0.000000 -2.540000
-0.000000 -0.000000 -2.540000
-0.000000 -0.000000 -2.540000
-0.000000 -0.000000 -2.540000
-0.000000 -0.000000 -2.540000
-0.000000 -0.000000 -2.540000
0.000000 0.000000 2.540000
0.000000 0.000000 2.540000
0.000000 0.000000 2.540000
-0.000000 -0.000000 -2.540000
-0.000000 -0.000000 -2.540000
-0.000000 -0.000000 -2.540000
0.000000 0.000000 2.540000
0.000000 0.000000 2.540000
0.000000 0.000000 2.540000
-0.000000 -0.000000 -2.540000
-0.000000 -0.000000 -2.540000
-0.000000 -0.000000 -2.540000
0.000000 0.000000 2.540000
0.000000 0.000000 2.540000
0.000000 0.000000 2.540000
0.000000 0.000000 2.540000
0.000000 0.000000 2.540000
0.000000 0.000000 2.540000
-0.000000 -0.000000 -2.540000
-0.000000 -0.000000 -2.540000
-0.000000 -0.000000 -2.540000
-0.000000 -0.000000 -2.540000
-0.000000 -0.000000 -2.540000
-0.000000 -0.000000 -2.540000
0.000000 0.000000 2.540000
0.000000 0.000000 2.540000
0.000000 0.000000 2.540000
0.000000 0.000000 2.540000
0.000000 0.000000 2.540000
0.000000 0.000000 2.540000
-0.000000 -0.000000 -2.540000
-0.000000 -0.000000 -2.540000
-0.000000 -0.000000 -2.540000
-0.000000 -0.000000 -2.540000
-0.000000 -0.000000 -2.540000
-0.000000 -0.000000 -2.540000
0.000000 0.000000 2.540000
0.000000 0.000000 2.540000
0.000000 0.000000 2.540000
-0.000000 -0.000000 -2.540000
-0.000000 -0.000000 -2.540000
-0.000000 -0.000000 -2.540000
0.000000 0.000000 2.540000
0.000000 0.000000 2.540000
0.000000 0.000000 2.540000
-0.000000 -0.000000 -2.540000
-0.000000 -0.000000 -2.540000
-0.000000 -0.000000 -2.540000
0.000000 0.000000 2.540000
0.000000 0.000000 2.540000
0.000000 0.000000 2.540000
-0.000000 -0.000000 -2.540000
-0.000000 -0.000000 -2.540000
-0.000000 -0.000000 -2.540000
0.000000 0.000000 2.540000
0.000000 0.000000 2.540000
0.000000 0.000000 2.540000
-0.000000 -0.000000 -2.540000
-0.000000 -0.000000 -2.540000
-0.000000 -0.000000 -2.540000
0.000000 0.000000 2.540000
0.000000 0.000000 2.540000
0.000000 0.000000 2.540000
2.302022 0.000000 1.073450
2.302022 0.000000 1.073450
2.302022 0.000000 1.073450
2.540000 0.000000 0.000000
2.540000 0.000000 -0.000000
2.540000 0.000000 -0.000000
0.000000 0.000000 2.540000
0.000000 0.000000 2.540000
0.000000 0.000000 2.540000
-0.000000 -0.000000 -2.540000
-0.000000 -0.000000 -2.540000
-0.000000 -0.000000 -2.540000
-1.829584 -1.761880 0.000000
-1.829584 -1.761880 0.000000
-1.037967 -2.318237 0.000000
-2.355711 -0.949857 0.000000
-2.355711 -0.949857 0.000000
-2.540000 -0.000000 0.000000
-2.540000 -0.000000 0.000000
-2.540000 -0.000000 0.000000
-2.540000 -0.000000 0.000000
-1.037967 2.318237 0.000000
-0.095731 2.538195 -0.000000
-1.037967 2.318237 0.000000
1.909673 0.000000 1.674738
2.302022 0.000000 1.073450
1.909673 0.000000 1.674738
2.302022 0.000000 1.073450
2.302022 0.000000 1.073450
2.302022 0.000000 1.073450
0.000000 0.000000 2.540000
0.000000 0.000000 2.540000
0.000000 0.000000 2.540000
-0.000000 -0.000000 -2.540000
-0.000000 -0.000000 -2.540000
-0.000000 -0.000000 -2.540000
0.000000 0.000000 2.540000
0.000000 0.000000 2.540000
0.000000 0.000000 2.540000
-0.000000 -0.000000 -2.540000
-0.000000 -0.000000 -2.540000
-0.000000 -0.000000 -2.540000
-2.540000 -0.000000 -0.000000
-2.540000 -0.000000 0.000000
-2.540000 -0.000000 0.000000
-2.434046 -0.000000 -0.725963
-2.434046 -0.000000 -0.725963
-2.125021 -0.000000 -1.391360
2.513182 0.000000 0.368127
2.433293 0.000000 0.728480
2.513182 0.000000 0.368127
-0.000000 2.540000 0.000000
-0.000000 2.540000 0.000000
-0.000000 2.540000 0.000000
1.037967 2.318237 -0.000000
0.095731 2.538195 -0.000000
1.037967 2.318237 -0.000000
-0.000000 -0.000000 -2.540000
-0.000000 -0.000000 -2.540000
-0.000000 -0.000000 -2.540000
2.355711 -0.949857 -0.000000
2.355711 -0.949857 -0.000000
2.540000 0.000000 -0.000000
1.829584 -1.761880 -0.000000
1.829584 -1.761880 -0.000000
1.037967 -2.318237 -0.000000
0.000000 -2.540000 0.000000
0.000000 -2.540000 0.000000
0.000000 -2.540000 0.000000
-2.540000 -0.000000 0.000000
-2.540000 -0.000000 0.000000
-2.540000 -0.000000 0.000000
-0.000000 2.540000 -0.000000
-0.000000 2.540000 -0.000000
-0.000000 2.540000 -0.000000
2.540000 0.000000 -0.000000
2.540000 0.000000 -0.000000
2.540000 0.000000 -0.000000
-1.796051 -0.000000 1.796051
-2.199704 -0.000000 1.270000
-1.796051 -0.000000 1.796051
-1.270000 -0.000000 2.199704
-1.270000 -0.000000 2.199704
-1.796051 -0.000000 1.796051
0.000000 -2.540000 -0.000000
0.000000 -2.540000 -0.000000
0.000000 -2.540000 -0.000000
-2.434046 -0.000000 -0.725963
-2.434046 -0.000000 -0.725963
-2.125021 -0.000000 -1.391360
0.710766 0.000000 2.438527
0.000000 -0.000000 2.540000
0.710766 0.000000 2.438527
0.000000 -0.000000 2.540000
0.000000 -0.000000 2.540000
0.000000 -0.000000 2.540000
0.000000 -2.540000 0.000000
0.000000 -2.540000 0.000000
0.000000 -2.540000 0.000000
-1.037967 -2.318237 0.000000
-1.829584 -1.761880 0.000000
-1.037967 -2.318237 0.000000
-2.540000 -0.000000 0.000000
-2.540000 -0.000000 0.000000
-2.540000 -0.000000 0.000000
0.000000 -2.540000 0.000000
0.000000 -2.540000 0.000000
0.000000 -2.540000 0.000000
-0.657400 -0.000000 2.453452
-1.270000 -0.000000 2.199704
-0.657400 -0.000000 2.453452
0.000000 0.000000 2.540000
0.000000 0.000000 2.540000
0.000000 0.000000 2.540000
-2.355711 0.949857 0.000000
-1.829584 1.761880 0.000000
-2.355711 0.949857 0.000000
-2.540000 -0.000000 0.000000
-2.540000 -0.000000 0.000000
-2.355711 0.949857 0.000000
-2.125021 -0.000000 -1.391360
-1.638710 -0.000000 -1.940678
-1.638710 -0.000000 -1.940678
-2.125021 -0.000000 -1.391360
-2.434046 -0.000000 -0.725963
-2.125021 -0.000000 -1.391360
-0.000000 2.540000 -0.000000
-0.000000 2.540000 -0.000000
-0.000000 2.540000 -0.000000
-2.540000 -0.000000 0.000000
-2.540000 -0.000000 0.000000
-2.540000 -0.000000 0.000000
0.000000 -2.540000 0.000000
0.000000 -2.540000 0.000000
0.000000 -2.540000 0.000000
2.540000 0.000000 -0.000000
2.540000 0.000000 -0.000000
2.540000 0.000000 -0.000000
2.540000 0.000000 -0.000000
2.540000 0.000000 -0.000000
2.540000 0.000000 -0.000000
-0.000000 2.540000 -0.000000
-0.000000 2.540000 -0.000000
-0.000000 2.540000 -0.000000
-2.453452 -0.000000 0.657400
-2.199704 -0.000000 1.270000
-2.453452 -0.000000 0.657400
-2.540000 -0.000000 0.000000
-2.540000 -0.000000 0.000000
-2.540000 -0.000000 0.000000
-2.540000 -0.000000 0.000000
-2.540000 -0.000000 0.000000
-2.540000 -0.000000 0.000000
-2.540000 -0.000000 0.000000
-2.540000 -0.000000 0.000000
-2.540000 -0.000000 0.000000
0.972016 0.000000 2.346654
0.972016 0.000000 2.346654
1.796051 0.000000 1.796051
-0.000000 2.540000 -0.000000
-0.000000 2.540000 -0.000000
-0.000000 2.540000 -0.000000
2.540000 0.000000 -0.000000
2.355711 -0.949857 -0.000000
2.540000 0.000000 -0.000000
2.355711 0.949857 -0.000000
2.355711 0.949857 -0.000000
1.829584 1.761880 -0.000000
-2.540000 -0.000000 0.000000
-2.540000 -0.000000 0.000000
-2.540000 -0.000000 0.000000
-2.540000 -0.000000 0.000000
-2.540000 -0.000000 0.000000
-2.540000 -0.000000 0.000000
1.364741 0.000000 2.142214
1.364741 0.000000 2.142214
1.909673 0.000000 1.674738
1.364741 0.000000 2.142214
1.364741 0.000000 2.142214
0.710766 0.000000 2.438527
-2.199704 -0.000000 1.270000
-2.199704 -0.000000 1.270000
-2.453452 -0.000000 0.657400
-1.796051 -0.000000 1.796051
-1.796051 -0.000000 1.796051
-1.796051 -0.000000 1.796051
2.540000 0.000000 -0.000000
2.540000 0.000000 0.000000
2.346654 0.000000 0.972016
0.000000 -2.540000 0.000000
0.000000 -2.540000 0.000000
0.000000 -2.540000 0.000000
2.540000 0.000000 -0.000000
2.540000 0.000000 -0.000000
2.540000 0.000000 -0.000000
2.540000 0.000000 -0.000000
2.540000 0.000000 -0.000000
2.540000 0.000000 -0.000000
0.000000 -2.540000 0.000000
0.000000 -2.540000 0.000000
0.000000 -2.540000 0.000000
-1.796051 -0.000000 1.796051
-1.270000 -0.000000 2.199704
-1.796051 -0.000000 1.796051
2.433293 0.000000 0.728480
2.433293 0.000000 0.728480
2.513182 0.000000 0.368127
2.302022 0.000000 1.073450
2.302022 0.000000 1.073450
2.302022 0.000000 1.073450
-2.453452 -0.000000 0.657400
-2.540000 -0.000000 0.000000
-2.453452 -0.000000 0.657400
-0.000000 2.540000 -0.000000
-0.000000 2.540000 -0.000000
-0.000000 2.540000 -0.000000
-0.306163 2.521481 -0.000000
-0.306163 2.521481 -0.000000
0.306163 2.521481 -0.000000
-0.900696 2.374941 0.000000
-0.306163 2.521481 -0.000000
-0.306163 2.521481 -0.000000
-2.540000 -0.000000 0.000000
-2.540000 -0.000000 0.000000
-2.466192 -0.607862 0.000000
-2.540000 -0.000000 0.000000
-2.540000 -0.000000 0.000000
-2.466192 0.607862 0.000000
1.442884 -2.090379 -0.000000
1.442884 -2.090379 -0.000000
1.901217 -1.684332 -0.000000
0.900696 -2.374941 -0.000000
1.442884 -2.090379 -0.000000
1.442884 -2.090379 -0.000000
-1.442884 2.090379 0.000000
-1.442884 2.090379 0.000000
-1.901217 1.684332 0.000000
-0.900696 2.374941 0.000000
-1.442884 2.090379 0.000000
-1.442884 2.090379 0.000000
-0.095731 2.538195 -0.000000
-0.095731 2.538195 -0.000000
-1.037967 2.318237 0.000000
0.000000 0.000000 2.540000
0.000000 0.000000 2.540000
0.000000 0.000000 2.540000
0.095731 2.538195 -0.000000
0.095731 2.538195 -0.000000
1.037967 2.318237 -0.000000
-0.000000 2.540000 -0.000000
-0.000000 2.540000 -0.000000
-0.000000 2.540000 -0.000000
1.037967 -2.318237 -0.000000
1.037967 -2.318237 -0.000000
0.095731 -2.538195 0.000000
-0.000000 -0.000000 -2.540000
-0.000000 -0.000000 -2.540000
-0.000000 -0.000000 -2.540000
0.095731 -2.538195 0.000000
1.037967 -2.318237 -0.000000
0.095731 -2.538195 0.000000
0.000000 0.000000 2.540000
0.000000 0.000000 2.540000
0.000000 0.000000 2.540000
0.000000 0.000000 2.540000
0.000000 0.000000 2.540000
0.000000 0.000000 2.540000
-2.355711 -0.949857 0.000000
-1.829584 -1.761880 0.000000
-2.355711 -0.949857 0.000000
-1.442884 -2.090379 0.000000
-0.900696 -2.374941 0.000000
-1.442884 -2.090379 0.000000
-1.901217 -1.684332 0.000000
-1.442884 -2.090379 0.000000
-1.442884 -2.090379 0.000000
0.306163 -2.521481 0.000000
-0.306163 -2.521481 0.000000
-0.306163 -2.521481 0.000000
-0.900696 -2.374941 0.000000
-0.306163 -2.521481 0.000000
-0.306163 -2.521481 0.000000
-2.068876 1.473551 0.000000
-1.929130 1.652288 0.000000
-2.068876 1.473551 0.000000
-2.192115 1.283056 0.000000
-2.068876 1.473551 0.000000
-2.068876 1.473551 0.000000
1.901217 1.684332 -0.000000
1.442884 2.090379 -0.000000
1.442884 2.090379 -0.000000
0.900696 2.374941 -0.000000
1.442884 2.090379 -0.000000
1.442884 2.090379 -0.000000
2.466192 0.607862 -0.000000
2.540000 0.000000 -0.000000
2.540000 0.000000 -0.000000
2.466192 -0.607862 -0.000000
2.540000 0.000000 -0.000000
2.540000 0.000000 -0.000000
2.540000 0.000000 -0.000000
2.540000 0.000000 -0.000000
2.540000 0.000000 -0.000000
2.540000 0.000000 -0.000000
2.540000 0.000000 -0.000000
2.540000 0.000000 -0.000000
2.540000 0.000000 -0.000000
2.540000 0.000000 -0.000000
2.540000 0.000000 -0.000000
2.302022 0.000000 1.073450
2.302022 0.000000 1.073450
2.302022 0.000000 1.073450
-0.000000 2.540000 -0.000000
-0.000000 2.540000 -0.000000
-0.000000 2.540000 -0.000000
1.796051 1.796051 -0.000000
1.796051 1.796051 -0.000000
1.796051 1.796051 -0.000000
0.000000 -2.540000 0.000000
0.000000 -2.540000 0.000000
0.000000 -2.540000 0.000000
-1.796051 -1.796051 0.000000
-1.796051 -1.796051 0.000000
-1.796051 -1.796051 0.000000
0.000000 -2.540000 0.000000
0.000000 -2.540000 0.000000
0.000000 -2.540000 0.000000
-2.540000 -0.000000 0.000000
-2.540000 -0.000000 0.000000
-2.453452 -0.000000 0.657400
-2.249058 1.180397 0.000000
-2.466192 0.607862 0.000000
-2.249058 1.180397 0.000000
-1.901217 1.684332 0.000000
-2.249058 1.180397 0.000000
-2.249058 1.180397 0.000000
0.900696 -2.374941 -0.000000
0.900696 -2.374941 -0.000000
0.306163 -2.521481 0.000000
0.900696 -2.374941 -0.000000
0.900696 -2.374941 -0.000000
1.442884 -2.090379 -0.000000
-0.900696 2.374941 0.000000
-0.900696 2.374941 0.000000
-1.442884 2.090379 0.000000
-0.900696 2.374941 0.000000
-0.900696 2.374941 0.000000
-0.306163 2.521481 -0.000000
-2.540000 -0.000000 0.000000
-2.466192 -0.607862 0.000000
-2.466192 -0.607862 0.000000
-2.249058 -1.180397 0.000000
-2.466192 -0.607862 0.000000
-2.466192 -0.607862 0.000000
2.466192 0.607862 -0.000000
2.466192 0.607862 -0.000000
2.540000 0.000000 -0.000000
2.249058 1.180397 -0.000000
2.466192 0.607862 -0.000000
2.466192 0.607862 -0.000000
-1.901217 -1.684332 0.000000
-1.901217 -1.684332 0.000000
-1.442884 -2.090379 0.000000
-2.249058 -1.180397 0.000000
-1.901217 -1.684332 0.000000
-1.901217 -1.684332 0.000000
-2.249058 -1.180397 0.000000
-2.249058 -1.180397 0.000000
-2.466192 -0.607862 0.000000
-2.249058 -1.180397 0.000000
-2.249058 -1.180397 0.000000
-1.901217 -1.684332 0.000000
2.249058 1.180397 -0.000000
2.249058 1.180397 -0.000000
1.901217 1.684332 -0.000000
2.249058 1.180397 -0.000000
2.249058 1.180397 -0.000000
2.466192 0.607862 -0.000000
2.068876 -1.473551 -0.000000
1.929130 -1.652288 -0.000000
1.929130 -1.652288 -0.000000
1.929130 -1.652288 -0.000000
1.929130 -1.652288 -0.000000
1.773992 -1.817843 -0.000000
-2.068876 1.473551 0.000000
-1.929130 1.652288 0.000000
-1.929130 1.652288 0.000000
-1.929130 1.652288 0.000000
-1.773992 1.817843 0.000000
-1.929130 1.652288 0.000000
2.068876 -1.473551 -0.000000
2.068876 -1.473551 -0.000000
2.192115 -1.283056 -0.000000
2.068876 -1.473551 -0.000000
2.068876 -1.473551 -0.000000
1.929130 -1.652288 -0.000000
-2.540000 -0.000000 0.000000
-2.540000 -0.000000 0.000000
-2.434046 -0.000000 -0.725963
0.000000 -2.540000 -0.000000
0.000000 -2.540000 -0.000000
0.000000 -2.540000 -0.000000
-2.125021 -0.000000 -1.391360
-1.638710 -0.000000 -1.940678
-2.125021 -0.000000 -1.391360
-2.125021 -0.000000 -1.391360
-2.434046 -0.000000 -0.725963
-2.125021 -0.000000 -1.391360
2.433293 0.000000 0.728480
2.433293 0.000000 0.728480
2.513182 0.000000 0.368127
0.000000 -2.540000 0.000000
0.000000 -2.540000 0.000000
0.000000 -2.540000 0.000000
1.829584 1.761880 -0.000000
1.037967 2.318237 -0.000000
1.829584 1.761880 -0.000000
0.000000 0.000000 2.540000
0.000000 0.000000 2.540000
0.000000 0.000000 2.540000
1.037967 2.318237 -0.000000
1.037967 2.318237 -0.000000
1.829584 1.761880 -0.000000
-0.000000 -0.000000 -2.540000
-0.000000 -0.000000 -2.540000
-0.000000 -0.000000 -2.540000
2.302022 0.000000 1.073450
2.302022 0.000000 1.073450
1.909673 0.000000 1.674738
-0.000000 2.540000 0.000000
-0.000000 2.540000 0.000000
-0.000000 2.540000 0.000000
-1.037967 -2.318237 0.000000
-1.037967 -2.318237 0.000000
-0.095731 -2.538195 0.000000
-0.000000 -0.000000 -2.540000
-0.000000 -0.000000 -2.540000
-0.000000 -0.000000 -2.540000
0.000000 0.000000 2.540000
0.000000 0.000000 2.540000
0.000000 0.000000 2.540000
1.829584 -1.761880 -0.000000
1.829584 -1.761880 -0.000000
2.355711 -0.949857 -0.000000
2.513182 0.000000 0.368127
2.433293 0.000000 0.728480
2.513182 0.000000 0.368127
-0.000000 2.540000 -0.000000
-0.000000 2.540000 -0.000000
-0.000000 2.540000 -0.000000
-1.829584 -1.761880 0.000000
-1.829584 -1.761880 0.000000
-2.355711 -0.949857 0.000000
-0.000000 -0.000000 -2.540000
-0.000000 -0.000000 -2.540000
-0.000000 -0.000000 -2.540000
2.355711 -0.949857 -0.000000
1.829584 -1.761880 -0.000000
2.355711 -0.949857 -0.000000
-0.000000 -0.000000 -2.540000
-0.000000 -0.000000 -2.540000
-0.000000 -0.000000 -2.540000
1.901217 1.684332 -0.000000
1.442884 2.090379 -0.000000
1.901217 1.684332 -0.000000
2.249058 1.180397 -0.000000
1.901217 1.684332 -0.000000
1.901217 1.684332 -0.000000
1.901217 -1.684332 -0.000000
2.249058 -1.180397 -0.000000
1.901217 -1.684332 -0.000000
1.442884 -2.090379 -0.000000
1.901217 -1.684332 -0.000000
1.901217 -1.684332 -0.000000
-1.901217 1.684332 0.000000
-2.249058 1.180397 0.000000
-1.901217 1.684332 0.000000
-1.442884 2.090379 0.000000
-1.901217 1.684332 0.000000
-1.901217 1.684332 0.000000
0.306163 2.521481 -0.000000
0.900696 2.374941 -0.000000
0.900696 2.374941 -0.000000
0.900696 2.374941 -0.000000
0.900696 2.374941 -0.000000
1.442884 2.090379 -0.000000
1.929130 -1.652288 -0.000000
1.773992 -1.817843 -0.000000
1.773992 -1.817843 -0.000000
0.000000 -2.540000 0.000000
0.000000 -2.540000 0.000000
0.000000 -2.540000 0.000000
2.466192 -0.607862 -0.000000
2.540000 0.000000 -0.000000
2.466192 -0.607862 -0.000000
2.249058 -1.180397 -0.000000
2.466192 -0.607862 -0.000000
2.466192 -0.607862 -0.000000
-2.540000 -0.000000 0.000000
-2.466192 0.607862 0.000000
-2.466192 0.607862 0.000000
-2.249058 1.180397 0.000000
-2.466192 0.607862 0.000000
-2.466192 0.607862 0.000000
-0.900696 -2.374941 0.000000
-0.900696 -2.374941 0.000000
-0.306163 -2.521481 0.000000
-1.442884 -2.090379 0.000000
-0.900696 -2.374941 0.000000
-0.900696 -2.374941 0.000000
0.306163 -2.521481 0.000000
-0.306163 -2.521481 0.000000
0.306163 -2.521481 0.000000
0.900696 -2.374941 -0.000000
0.306163 -2.521481 0.000000
0.306163 -2.521481 0.000000
-1.929130 1.652288 0.000000
-1.773992 1.817843 0.000000
-1.773992 1.817843 0.000000
-0.000000 2.540000 -0.000000
-0.000000 2.540000 -0.000000
-0.000000 2.540000 -0.000000
1.901217 -1.684332 -0.000000
2.249058 -1.180397 -0.000000
2.249058 -1.180397 -0.000000
2.249058 -1.180397 -0.000000
2.249058 -1.180397 -0.000000
2.466192 -0.607862 -0.000000
-0.306163 2.521481 -0.000000
0.306163 2.521481 -0.000000
0.306163 2.521481 -0.000000
0.306163 2.521481 -0.000000
0.900696 2.374941 -0.000000
0.306163 2.521481 -0.000000
-1.796051 -0.000000 1.796051
-1.796051 -0.000000 1.796051
-1.796051 -0.000000 1.796051
-2.540000 -0.000000 0.000000
-2.540000 -0.000000 0.000000
-2.540000 -0.000000 0.000000
-0.000000 2.540000 0.000000
-0.000000 2.540000 0.000000
-0.000000 2.540000 0.000000
-2.434046 -0.000000 -0.725963
-2.540000 -0.000000 0.000000
-2.434046 -0.000000 -0.725963
-2.540000 -0.000000 0.000000
-2.540000 -0.000000 0.000000
-2.540000 -0.000000 0.000000
0.000000 -0.000000 2.540000
0.000000 -0.000000 2.540000
0.000000 -0.000000 2.540000
-0.000000 -0.000000 -2.540000
-0.000000 -0.000000 -2.540000
-0.000000 -0.000000 -2.540000
-1.037967 2.318237 0.000000
-1.037967 2.318237 0.000000
-1.829584 1.761880 0.000000
0.000000 0.000000 2.540000
0.000000 0.000000 2.540000
0.000000 0.000000 2.540000
-0.095731 -2.538195 0.000000
-1.037967 -2.318237 0.000000
-0.095731 -2.538195 0.000000
0.000000 -0.000000 2.540000
0.000000 -0.000000 2.540000
0.710766 0.000000 2.438527
0.000000 -2.540000 -0.000000
0.000000 -2.540000 -0.000000
0.000000 -2.540000 -0.000000
-2.125021 -0.000000 -1.391360
-1.638710 -0.000000 -1.940678
-2.125021 -0.000000 -1.391360
-0.000000 2.540000 0.000000
-0.000000 2.540000 0.000000
-0.000000 2.540000 0.000000
-2.192115 1.283056 0.000000
-2.192115 1.283056 0.000000
-2.068876 1.473551 0.000000
-1.796051 -1.796051 0.000000
-1.796051 -1.796051 0.000000
-1.796051 -1.796051 0.000000
1.796051 1.796051 -0.000000
1.796051 1.796051 -0.000000
1.796051 1.796051 -0.000000
2.068876 -1.473551 -0.000000
2.192115 -1.283056 -0.000000
2.192115 -1.283056 -0.000000
-2.434046 -0.000000 -0.725963
-2.434046 -0.000000 -0.725963
-2.540000 -0.000000 -0.000000
0.000000 -2.540000 -0.000000
0.000000 -2.540000 -0.000000
0.000000 -2.540000 -0.000000
-0.000000 2.540000 0.000000
-0.000000 2.540000 0.000000
-0.000000 2.540000 0.000000
-2.540000 -0.000000 -0.000000
-2.434046 -0.000000 -0.725963
-2.540000 -0.000000 0.000000
0.000000 0.000000 2.540000
0.000000 0.000000 2.540000
0.000000 0.000000 2.540000
2.540000 0.000000 -0.000000
2.540000 0.000000 -0.000000
2.355711 0.949857 -0.000000
-0.000000 2.540000 -0.000000
-0.000000 2.540000 -0.000000
-0.000000 2.540000 -0.000000
-1.270000 -0.000000 2.199704
-1.270000 -0.000000 2.199704
-0.657400 -0.000000 2.453452
-0.000000 -0.000000 -2.540000
-0.000000 -0.000000 -2.540000
-0.000000 -0.000000 -2.540000
2.355711 0.949857 -0.000000
2.540000 0.000000 -0.000000
2.355711 0.949857 -0.000000
-2.453452 -0.000000 0.657400
-2.540000 -0.000000 0.000000
-2.453452 -0.000000 0.657400
0.000000 -2.540000 -0.000000
0.000000 -2.540000 -0.000000
0.000000 -2.540000 -0.000000
0.972016 0.000000 2.346654
0.972016 0.000000 2.346654
0.000000 0.000000 2.540000
0.000000 -2.540000 0.000000
0.000000 -2.540000 0.000000
0.000000 -2.540000 0.000000
0.000000 0.000000 2.540000
0.000000 0.000000 2.540000
0.000000 0.000000 2.540000
-1.829584 1.761880 0.000000
-1.829584 1.761880 0.000000
-2.355711 0.949857 0.000000
0.000000 -2.540000 -0.000000
0.000000 -2.540000 -0.000000
0.000000 -2.540000 -0.000000
-1.638710 -0.000000 -1.940678
-1.638710 -0.000000 -1.940678
-2.125021 -0.000000 -1.391360
0.000000 -2.540000 -0.000000
0.000000 -2.540000 -0.000000
0.000000 -2.540000 -0.000000
1.909673 0.000000 1.674738
1.364741 0.000000 2.142214
1.909673 0.000000 1.674738
-0.000000 2.540000 0.000000
-0.000000 2.540000 0.000000
-0.000000 2.540000 0.000000
-2.540000 -0.000000 0.000000
-2.540000 -0.000000 0.000000
-2.453452 -0.000000 0.657400
0.000000 0.000000 2.540000
0.972016 0.000000 2.346654
0.000000 0.000000 2.540000
-0.000000 2.540000 -0.000000
-0.000000 2.540000 -0.000000
-0.000000 2.540000 -0.000000
-0.000000 2.540000 0.000000
-0.000000 2.540000 0.000000
-0.000000 2.540000 0.000000
0.710766 0.000000 2.438527
1.364741 0.000000 2.142214
0.710766 0.000000 2.438527
-2.355711 0.949857 0.000000
-2.540000 -0.000000 0.000000
-2.355711 0.949857 0.000000
-0.000000 -0.000000 -2.540000
-0.000000 -0.000000 -2.540000
-0.000000 -0.000000 -2.540000
0.000000 0.000000 2.540000
0.000000 0.000000 2.540000
0.000000 0.000000 2.540000
-2.540000 -0.000000 0.000000
-2.355711 -0.949857 0.000000
-2.540000 -0.000000 0.000000
-0.000000 2.540000 -0.000000
-0.000000 2.540000 -0.000000
-0.000000 2.540000 -0.000000
2.346654 0.000000 0.972016
2.346654 0.000000 0.972016
1.796051 0.000000 1.796051
-0.000000 2.540000 -0.000000
-0.000000 2.540000 -0.000000
-0.000000 2.540000 -0.000000
-1.796051 -0.000000 1.796051
-1.796051 -0.000000 1.796051
-1.796051 -0.000000 1.796051
-0.000000 2.540000 0.000000
-0.000000 2.540000 0.000000
-0.000000 2.540000 0.000000
-1.796051 -0.000000 1.796051
-1.796051 -0.000000 1.796051
-2.199704 -0.000000 1.270000
0.000000 -2.540000 0.000000
0.000000 -2.540000 0.000000
0.000000 -2.540000 0.000000
-2.199704 -0.000000 1.270000
-2.199704 -0.000000 1.270000
-2.453452 -0.000000 0.657400
-2.199704 -0.000000 1.270000
-1.796051 -0.000000 1.796051
-2.199704 -0.000000 1.270000
0.000000 -2.540000 -0.000000
0.000000 -2.540000 -0.000000
0.000000 -2.540000 -0.000000
0.000000 -2.540000 0.000000
0.000000 -2.540000 0.000000
0.000000 -2.540000 0.000000
1.796051 0.000000 1.796051
2.346654 0.000000 0.972016
1.796051 0.000000 1.796051
0.000000 0.000000 2.540000
-0.657400 -0.000000 2.453452
0.000000 0.000000 2.540000
-0.000000 2.540000 -0.000000
-0.000000 2.540000 -0.000000
-0.000000 2.540000 -0.000000
0.000000 -2.540000 0.000000
0.000000 -2.540000 0.000000
0.000000 -2.540000 0.000000
-0.657400 -0.000000 2.453452
-0.657400 -0.000000 2.453452
0.000000 0.000000 2.540000
0.000000 -2.540000 0.000000
0.000000 -2.540000 0.000000
0.000000 -2.540000 0.000000
-1.796051 -0.000000 1.796051
-1.796051 -0.000000 1.796051
-1.796051 -0.000000 1.796051
-0.000000 2.540000 -0.000000
-0.000000 2.540000 -0.000000
-0.000000 2.540000 -0.000000
-2.453452 -0.000000 0.657400
-2.199704 -0.000000 1.270000
-2.453452 -0.000000 0.657400
2.513182 0.000000 0.368127
2.540000 0.000000 -0.000000
2.513182 0.000000 0.368127
-0.000000 2.540000 0.000000
-0.000000 2.540000 0.000000
-0.000000 2.540000 0.000000
0.000000 -2.540000 -0.000000
0.000000 -2.540000 -0.000000
0.000000 -2.540000 -0.000000
2.540000 0.000000 -0.000000
2.540000 0.000000 -0.000000
2.513182 0.000000 0.368127
2.513182 0.000000 0.368127
2.513182 0.000000 0.368127
2.540000 0.000000 0.000000
0.000000 -2.540000 0.000000
0.000000 -2.540000 0.000000
0.000000 -2.540000 0.000000
2.433293 0.000000 0.728480
2.433293 0.000000 0.728480
2.302022 0.000000 1.073450
0.000000 -2.540000 -0.000000
0.000000 -2.540000 -0.000000
0.000000 -2.540000 -0.000000
2.433293 0.000000 0.728480
2.433293 0.000000 0.728480
2.302022 0.000000 1.073450
-0.000000 2.540000 -0.000000
-0.000000 2.540000 -0.000000
-0.000000 2.540000 -0.000000
-0.000000 2.540000 -0.000000
-0.000000 2.540000 -0.000000
-0.000000 2.540000 -0.000000
2.513182 0.000000 0.368127
2.540000 0.000000 -0.000000
2.540000 0.000000 0.000000
2.433293 0.000000 0.728480
2.302022 0.000000 1.073450
2.302022 0.000000 1.073450
-0.000000 2.540000 0.000000
-0.000000 2.540000 0.000000
-0.000000 2.540000 0.000000
0.000000 -2.540000 0.000000
0.000000 -2.540000 0.000000
0.000000 -2.540000 0.000000
2.433293 0.000000 0.728480
2.302022 0.000000 1.073450
2.302022 0.000000 1.073450
</float_array>
          <technique_common>
            <accessor source="#FBXASC227FBXASC130FBXASC189FBXASC227FBXASC131FBXASC170FBXASC227FBXASC131FBXASC131FBXASC227FBXASC131FBXASC1371-Normal0-array" count="1248" stride="3">
              <param name="X" type="float"/>
              <param name="Y" type="float"/>
              <param name="Z" type="float"/>
            </accessor>
          </technique_common>
        </source>
        <vertices id="FBXASC227FBXASC130FBXASC189FBXASC227FBXASC131FBXASC170FBXASC227FBXASC131FBXASC131FBXASC227FBXASC131FBXASC1371-VERTEX">
          <input semantic="POSITION" source="#FBXASC227FBXASC130FBXASC189FBXASC227FBXASC131FBXASC170FBXASC227FBXASC131FBXASC131FBXASC227FBXASC131FBXASC1371-POSITION"/>
        </vertices>
        <triangles count="416" material="MaterialFBXASC032FBXASC03525">
          <input semantic="VERTEX" offset="0" source="#FBXASC227FBXASC130FBXASC189FBXASC227FBXASC131FBXASC170FBXASC227FBXASC131FBXASC131FBXASC227FBXASC131FBXASC1371-VERTEX"/>
          <input semantic="NORMAL" offset="1" source="#FBXASC227FBXASC130FBXASC189FBXASC227FBXASC131FBXASC170FBXASC227FBXASC131FBXASC131FBXASC227FBXASC131FBXASC1371-Normal0"/>
          <p> 56 0 55 1 21 2 185 3 84 4 85 5 36 6 16 7 131 8 105 9 61 10 51 11 116 12 5 13 134 14 69 15 99 16 54 17 18 18 99 19 41 20 113 21 5 22 94 23 161 24 100 25 27 26 122 27 34 28 66 29 88 30 29 31 164 32 155 33 23 34 44 35 13 36 23 37 37 38 88 39 126 40 80 41 125 42 94 43 80 44 53 45 37 46 18 47 127 48 55 49 35 50 42 51 102 52 85 53 51 54 61 55 204 56 128 57 207 58 131 59 206 60 84 61 33 62 111 63 81 64 21 65 82 66 37 67 78 68 80 69 136 70 139 71 114 72 26 73 89 74 83 75 24 76 58 77 99 78 158 79 24 80 89 81 30 82 5 83 122 84 58 85 34 86 27 87 100 88 26 89 65 90 98 91 23 92 123 93 34 94 98 95 17 96 115 97 88 98 17 99 100 100 40 101 35 102 55 103 47 104 102 105 166 106 85 107 205 108 61 109 63 110 145 111 38 112 131 113 37 114 170 115 18 116 94 117 149 118 80 119 45 120 91 121 33 122 183 123 81 124 144 125 53 126 18 127 157 128 67 129 94 130 125 131 98 132 31 133 23 134 88 135 163 136 17 137 116 138 89 139 5 140 54 141 99 142 24 143 160 144 89 145 132 146 76 147 24 148 46 149 17 150 109 151 100 152 16 153 36 154 34 155 119 156 25 157 153 158 118 159 120 160 59 161 137 162 26 163 138 164 74 165 58 166 71 167 112 168 191 169 63 170 193 171 38 172 110 173 73 174 98 175 65 176 17 177 133 178 115 179 24 180 140 181 62 182 50 183 75 184 89 185 23 186 141 187 124 188 43 189 68 190 88 191 168 192 143 193 171 194 32 195 52 196 60 197 143 198 81 199 171 200 60 201 52 202 33 203 100 204 86 205 26 206 34 207 58 208 118 209 102 210 42 211 18 212 5 213 35 214 94 215 34 216 36 217 98 218 105 219 109 220 17 221 80 222 93 223 169 224 121 225 117 226 182 227 196 228 186 229 63 230 95 231 38 232 181 233 59 234 120 235 150 236 87 237 147 238 104 239 40 240 162 241 17 242 123 243 98 244 8 245 9 246 18 247 41 248 113 249 94 250 165 251 18 252 42 253 99 254 127 255 35 256 5 257 124 258 130 259 23 260 43 261 3 262 68 263 159 264 23 265 13 266 88 267 70 268 126 269 175 270 81 271 97 272 176 273 172 274 33 275 135 276 26 277 114 278 83 279 58 280 1 281 166 282 192 283 85 284 47 285 55 286 107 287 169 288 93 289 79 290 20 291 117 292 121 293 90 294 38 295 197 296 49 297 178 298 63 299 62 300 129 301 24 302 50 303 142 304 75 305 16 306 128 307 131 308 109 309 105 310 51 311 81 312 184 313 171 314 148 315 52 316 106 317 125 318 80 319 22 320 154 321 37 322 53 323 54 324 24 325 156 326 14 327 89 328 116 329 201 330 203 331 21 332 42 333 85 334 55 335 6 336 101 337 85 338 194 339 55 340 180 341 182 342 117 343 0 344 0 345 152 346 188 347 119 348 150 349 120 350 26 351 58 352 89 353 146 354 39 355 7 356 146 357 104 358 147 359 32 360 60 361 143 362 91 363 167 364 33 365 112 366 193 367 191 368 61 369 105 370 131 371 174 372 129 373 62 374 15 375 142 376 50 377 108 378 63 379 190 380 205 381 63 382 38 383 181 384 186 385 95 386 4 387 64 388 195 389 65 390 23 391 155 392 88 393 115 394 29 395 40 396 100 397 161 398 66 399 34 400 123 401 165 402 94 403 67 404 157 405 18 406 9 407 88 408 68 409 163 410 23 411 31 412 141 413 41 414 99 415 69 416 134 417 5 418 113 419 164 420 70 421 88 422 44 423 23 424 159 425 71 426 58 427 122 428 27 429 26 430 137 431 72 432 3 433 43 434 173 435 130 436 124 437 17 438 162 439 133 440 8 441 98 442 73 443 138 444 26 445 135 446 1 447 58 448 74 449 89 450 75 451 30 452 24 453 158 454 140 455 132 456 89 457 14 458 156 459 24 460 76 461 204 462 207 463 51 464 145 465 205 466 38 467 78 468 37 469 154 470 22 471 80 472 139 473 121 474 79 475 20 476 152 477 48 478 96 479 88 480 80 481 37 482 117 483 80 484 169 485 184 486 81 487 148 488 206 489 33 490 81 491 13 492 37 493 82 494 80 495 126 496 136 497 46 498 24 499 83 500 114 501 89 502 160 503 21 504 84 505 56 506 176 507 175 508 172 509 200 510 203 511 201 512 200 513 84 514 10 515 25 516 118 517 59 518 119 519 86 520 25 521 39 522 87 523 177 524 153 525 150 526 119 527 43 528 88 529 23 530 23 531 88 532 37 533 50 534 89 535 24 536 58 537 24 538 89 539 191 540 193 541 110 542 90 543 178 544 49 545 144 546 81 547 2 548 2 549 167 550 91 551 187 552 52 553 92 554 171 555 52 556 168 557 94 558 170 559 149 560 20 561 79 562 93 563 94 564 35 565 18 566 18 567 170 568 94 569 28 570 90 571 197 572 186 573 196 574 95 575 57 576 0 577 188 578 96 579 189 580 57 581 144 582 45 583 183 584 172 585 175 586 97 587 98 588 17 589 31 590 36 591 17 592 98 593 30 594 99 595 5 596 99 597 42 598 5 599 16 600 34 601 100 602 100 603 34 604 86 605 101 606 6 607 180 608 84 609 185 610 56 611 35 612 47 613 102 614 18 615 35 616 102 617 103 618 64 619 4 620 63 621 186 622 190 623 177 624 87 625 179 626 7 627 104 628 146 629 105 630 17 631 36 632 131 633 105 634 36 635 106 636 12 637 148 638 12 639 106 640 92 641 6 642 194 643 180 644 47 645 107 646 192 647 38 648 63 649 108 650 38 651 108 652 181 653 109 654 16 655 100 656 128 657 16 658 109 659 198 660 38 661 90 662 198 663 90 664 49 665 10 666 203 667 200 668 111 669 206 670 81 671 199 672 61 673 11 674 61 675 199 676 63 677 41 678 113 679 9 680 134 681 113 682 41 683 114 684 83 685 135 686 83 687 114 688 46 689 115 690 65 691 29 692 73 693 65 694 115 695 116 696 54 697 14 698 69 699 54 700 116 701 37 702 80 703 117 704 117 705 20 706 37 707 86 708 118 709 25 710 34 711 118 712 86 713 119 714 120 715 26 716 26 717 86 718 119 719 26 720 120 721 58 722 118 723 58 724 120 725 121 726 182 727 48 728 152 729 121 730 48 731 122 732 66 733 27 734 71 735 122 736 27 737 8 738 40 739 123 740 66 741 123 742 40 743 124 744 141 745 3 746 173 747 124 748 3 749 22 750 53 751 125 752 67 753 125 754 53 755 136 756 126 757 13 758 70 759 13 760 126 761 127 762 42 763 55 764 5 765 42 766 127 767 51 768 128 769 109 770 207 771 128 772 51 773 129 774 50 775 24 776 15 777 50 778 129 779 130 780 43 781 23 782 43 783 130 784 72 785 131 786 38 787 11 788 61 789 131 790 11 791 76 792 46 793 132 794 14 795 76 796 132 797 73 798 133 799 8 800 133 801 73 802 115 803 134 804 69 805 116 806 69 807 134 808 41 809 83 810 1 811 135 812 138 813 135 814 1 815 82 816 136 817 13 818 139 819 136 820 82 821 137 822 71 823 27 824 74 825 71 826 137 827 74 828 138 829 1 830 138 831 74 832 137 833 139 834 78 835 22 836 78 837 139 838 82 839 62 840 140 841 75 842 75 843 140 844 30 845 3 846 141 847 68 848 141 849 31 850 68 851 62 852 142 853 174 854 142 855 62 856 75 857 143 858 60 859 2 860 2 861 81 862 143 863 91 864 45 865 144 866 144 867 2 868 91 869 77 870 19 871 202 872 77 873 202 874 131 875 147 876 59 877 146 878 59 879 150 880 146 881 25 882 59 883 147 884 153 885 25 886 147 887 81 888 33 889 148 890 33 891 52 892 148 893 20 894 93 895 149 896 80 897 149 898 93 899 146 900 150 901 39 902 150 903 153 904 39 905 202 906 19 907 151 908 19 909 61 910 151 911 79 912 121 913 152 914 0 915 79 916 152 917 39 918 153 919 87 920 153 921 147 922 87 923 154 924 53 925 22 926 78 927 154 928 22 929 155 930 44 931 29 932 65 933 155 934 29 935 156 936 76 937 14 938 54 939 156 940 14 941 9 942 67 943 157 944 157 945 67 946 53 947 140 948 158 949 30 950 158 951 99 952 30 953 159 954 13 955 70 956 44 957 159 958 70 959 114 960 160 961 46 962 132 963 46 964 160 965 161 966 66 967 40 968 27 969 66 970 161 971 162 972 40 973 8 974 133 975 162 976 8 977 68 978 31 979 163 980 17 981 163 982 31 983 29 984 44 985 164 986 164 987 44 988 70 989 113 990 165 991 9 992 165 993 67 994 9 995 166 996 47 997 192 998 102 999 47 1000 166 1001 167 1002 60 1003 33 1004 2 1005 60 1006 167 1007 168 1008 32 1009 143 1010 52 1011 32 1012 168 1013 169 1014 79 1015 0 1016 117 1017 169 1018 0 1019 37 1020 20 1021 170 1022 170 1023 20 1024 149 1025 52 1026 171 1027 92 1028 12 1029 92 1030 171 1031 97 1032 45 1033 172 1034 172 1035 45 1036 33 1037 72 1038 173 1039 3 1040 130 1041 173 1042 72 1043 174 1044 15 1045 129 1046 142 1047 15 1048 174 1049 175 1050 176 1051 21 1052 21 1053 81 1054 175 1055 84 1056 176 1057 33 1058 21 1059 176 1060 84 1061 7 1062 39 1063 177 1064 177 1065 179 1066 7 1067 178 1068 28 1069 63 1070 178 1071 90 1072 28 1073 87 1074 104 1075 179 1076 7 1077 179 1078 104 1079 180 1080 56 1081 101 1082 180 1083 55 1084 56 1085 64 1086 103 1087 181 1088 181 1089 108 1090 64 1091 48 1092 182 1093 57 1094 182 1095 0 1096 57 1097 97 1098 81 1099 183 1100 183 1101 45 1102 97 1103 184 1104 12 1105 171 1106 148 1107 12 1108 184 1109 101 1110 185 1111 85 1112 56 1113 185 1114 101 1115 181 1116 103 1117 186 1118 186 1119 103 1120 190 1121 52 1122 187 1123 106 1124 92 1125 106 1126 187 1127 188 1128 96 1129 57 1130 188 1131 152 1132 96 1133 48 1134 57 1135 189 1136 96 1137 48 1138 189 1139 190 1140 103 1141 4 1142 108 1143 190 1144 4 1145 191 1146 49 1147 63 1148 191 1149 110 1150 49 1151 192 1152 6 1153 85 1154 192 1155 107 1156 6 1157 11 1158 38 1159 193 1160 193 1161 112 1162 11 1163 6 1164 107 1165 194 1166 107 1167 55 1168 194 1169 64 1170 108 1171 195 1172 195 1173 108 1174 4 1175 196 1176 28 1177 95 1178 28 1179 196 1180 63 1181 197 1182 38 1183 95 1184 28 1185 197 1186 95 1187 110 1188 38 1189 198 1190 49 1191 110 1192 198 1193 199 1194 112 1195 63 1196 11 1197 112 1198 199 1199 201 1200 85 1201 200 1202 85 1203 84 1204 200 1205 55 1206 201 1207 21 1208 55 1209 85 1210 201 1211 202 1212 151 1213 145 1214 202 1215 145 1216 131 1217 203 1218 10 1219 111 1220 203 1221 111 1222 21 1223 19 1224 77 1225 204 1226 204 1227 61 1228 19 1229 151 1230 61 1231 205 1232 151 1233 205 1234 145 1235 10 1236 206 1237 111 1238 10 1239 84 1240 206 1241 207 1242 77 1243 131 1244 77 1245 207 1246 204 1247</p>
        </triangles>
      </mesh>
    </geometry>
    <geometry id="FBXASC227FBXASC130FBXASC189FBXASC227FBXASC131FBXASC170FBXASC227FBXASC131FBXASC131FBXASC227FBXASC131FBXASC1372-lib" name="FBXASC227FBXASC130FBXASC189FBXASC227FBXASC131FBXASC170FBXASC227FBXASC131FBXASC131FBXASC227FBXASC131FBXASC1372Mesh">
      <mesh>
        <source id="FBXASC227FBXASC130FBXASC189FBXASC227FBXASC131FBXASC170FBXASC227FBXASC131FBXASC131FBXASC227FBXASC131FBXASC1372-POSITION">
          <float_array id="FBXASC227FBXASC130FBXASC189FBXASC227FBXASC131FBXASC170FBXASC227FBXASC131FBXASC131FBXASC227FBXASC131FBXASC1372-POSITION-array" count="1152">0.000203562 -0.001498031 2.1786e-05 -0.000171484 -0.001498031 -0.000111827 -2.1786e-05 -0.001498031 0.000203562 0.000111827 -0.001498031 -0.000171484 -7.082e-05 -0.001505708 -0.000185546 0.000171484 -0.001498031 0.000111827 -0.000177491 -0.001498031 0.000102025 -0.000203562 -0.001498031 -2.1786e-05 -8.2922e-05 -0.001502941 0.000185299 0.000183909 -0.001403543 -7.0196e-05 0.000146038 -0.001403543 0.000131996 5.131e-05 -0.001403543 -0.000190046 2.1786e-05 -0.001498031 -0.000203562 0.000185546 -0.001505708 -7.082e-05 7.3978e-05 -0.001498031 0.000207691 -8.0408e-05 -0.001403543 0.000179679 -0.000123591 -0.001403543 -0.000153217 -0.0001966 -0.001403543 9.929e-06 4.0562e-05 -0.001403543 0.000192626 0.000124691 -0.001505708 0.00015458 -0.000153217 -0.001403543 0.000123591 0.000159345 -0.001498031 -0.000128535 -0.000220361 -0.001521654 -7.014e-06 -9.473e-06 -0.001521654 -0.000220269 -0.000137276 -0.001498031 0.000151879 -0.000128535 -0.001498031 -0.000159345 0.000200331 -0.001498031 -4.2184e-05 7.0196e-05 -0.001490157 0.000183909 8.7036e-05 -0.001521654 -0.000202566 0.000131996 -0.001403543 -0.000146038 -0.000186022 -0.001521654 0.000118338 -0.000200331 -0.001498031 4.2184e-05 -0.000178119 -0.001521654 -0.000129929 0.000201582 -0.001521654 -8.9291e-05 0.0001966 -0.001403543 -9.929e-06 5.2914e-05 -0.001502941 -0.000195989 0.000195495 -0.001521654 0.000101931 0.000191737 -0.001505708 5.1766e-05 0.000123591 -0.001490157 0.000153217 -7.3978e-05 -0.001521654 -0.000207691 4.2184e-05 -0.001498031 0.000200331 -0.000191737 -0.001505708 -5.1766e-05 -2.3462e-05 -0.001521654 0.000219221 -9.929e-06 -0.001490157 -0.0001966 -0.00015458 -0.001505708 0.000124691 0.000153217 -0.001490157 -0.000123591 -0.000164889 -0.001403543 -0.000107526 -0.000142877 -0.001521654 0.000167912 0.000195733 -0.001490157 2.0948e-05 -9.8101e-05 -0.001490157 -0.000170664 9.571e-06 -0.001501448 0.000189515 -9.929e-06 -0.001403543 -0.0001966 -0.000147338 -0.001505708 -0.000133171 -0.000183909 -0.001403543 7.0196e-05 -0.000170664 -0.001490157 9.8101e-05 -4.2184e-05 -0.001498031 -0.000200331 0.000131909 -0.001521654 0.000176658 0.000166307 -0.001521654 -0.000144742 0.000133171 -0.001505708 -0.000147338 4.2197e-05 -0.001521654 0.000216397 0.000164889 -0.001490157 0.000107526 0.000178119 -0.001521654 0.000129929 9.8101e-05 -0.001403543 0.000170664 -8.7036e-05 -0.001521654 0.000202566 0.000216854 -0.001521654 3.9779e-05 -0.000212638 -0.001521654 5.825e-05 0.000170664 -0.001403543 -9.8101e-05 -0.000195733 -0.001490157 -2.0948e-05 -2.0948e-05 -0.001403543 0.000195733 -0.000208503 -0.001521654 -7.1655e-05 5.5873e-05 -0.001521654 -0.000213275 0.000179679 -0.001403543 8.0408e-05 -0.000131909 -0.001521654 -0.000176658 0.000218945 -0.001521654 -2.5907e-05 -0.000108483 -0.001505708 0.000166356 -0.000102025 -0.001498031 -0.000177491 -5.3362e-05 -0.001498031 0.000197648 -9.8101e-05 -0.001403543 -0.000170664 8.3624e-05 -0.001498031 -0.000186867 -0.000208503 -0.001498031 -7.1655e-05 0.000208503 -0.001498031 7.1655e-05 0.000131909 -0.001498031 0.000176658 0.000183909 -0.001490157 -7.0196e-05 -0.000153217 -0.001490157 0.000123591 -0.000146038 -0.001490157 -0.000131996 0.00019835 -0.001505708 -1.0017e-05 -1.0017e-05 -0.001505708 -0.00019835 -2.0948e-05 -0.001490157 0.000195733 0.000102025 -0.001498031 0.000177491 0.000186867 -0.001498031 8.3624e-05 -0.000195733 -0.001403543 -2.0948e-05 -0.000116255 -0.001498031 0.000187331 -0.00019835 -0.001505708 1.0017e-05 0.000177491 -0.001498031 -0.000102025 -0.000195495 -0.001498031 -0.000101931 0.000107526 -0.001490157 -0.000164889 -0.000218945 -0.001498031 2.5907e-05 0.000142877 -0.001498031 -0.000167912 9.473e-06 -0.001498031 0.000220269 -0.000189515 -0.001501448 9.571e-06 -0.000166307 -0.001498031 0.000144742 7.082e-05 -0.001505708 0.000185546 -0.000201582 -0.001498031 8.9291e-05 -0.000156765 -0.001498031 -0.000155025 -7.3978e-05 -0.001498031 -0.000207691 2.0948e-05 -0.001490157 -0.000195733 8.1123e-05 -0.001505708 -0.000181279 0.000201582 -0.001498031 -8.9291e-05 9.8101e-05 -0.001490157 0.000170664 0.000218945 -0.001498031 -2.5907e-05 -7.0196e-05 -0.001490157 -0.000183909 1.0017e-05 -0.001505708 0.00019835 2.0948e-05 -0.001403543 -0.000195733 -0.000107526 -0.001403543 0.000164889 0.000107526 -0.001403543 -0.000164889 -0.000131996 -0.001403543 0.000146038 0.000156765 -0.001498031 0.000155025 0.000131996 -0.001490157 -0.000146038 -0.000216854 -0.001498031 -3.9779e-05 0.000216854 -0.001498031 3.9779e-05 -4.2197e-05 -0.001521654 -0.000216397 7.3978e-05 -0.001521654 0.000207691 0.0001966 -0.001490157 -9.929e-06 -0.000178119 -0.001498031 -0.000129929 9.473e-06 -0.001521654 0.000220269 0.000104106 -0.001521654 0.000194345 0.000178119 -0.001498031 0.000129929 -5.5873e-05 -0.001521654 0.000213275 -0.000212638 -0.001498031 5.825e-05 9.929e-06 -0.001403543 0.0001966 0.000156765 -0.001521654 0.000155025 -0.000116255 -0.001521654 0.000187331 -9.4566e-05 -0.001501448 -0.000164514 -0.000166307 -0.001521654 0.000144742 0.000123591 -0.001403543 0.000153217 -9.473e-06 -0.001498031 -0.000220269 0.000208503 -0.001521654 7.1655e-05 -0.000164889 -0.001490157 -0.000107526 -0.000201582 -0.001521654 8.9291e-05 -0.000131996 -0.001490157 0.000146038 -0.000183197 -0.001501448 -4.9461e-05 0.000173204 -0.001501448 7.751e-05 0.000116255 -0.001521654 -0.000187331 0.000192626 -0.001403543 -4.0562e-05 8.0408e-05 -0.001403543 -0.000179679 0.000153217 -0.001403543 -0.000123591 -0.000218945 -0.001521654 2.5907e-05 2.3462e-05 -0.001521654 -0.000219221 -0.000170664 -0.001403543 9.8101e-05 0.000142877 -0.001521654 -0.000167912 -0.000216854 -0.001521654 -3.9779e-05 -8.7036e-05 -0.001498031 0.000202566 0.000220361 -0.001498031 7.014e-06 -0.0001966 -0.001490157 9.929e-06 -0.000220361 -0.001498031 -7.014e-06 -0.000195495 -0.001521654 -0.000101931 0.000186022 -0.001521654 -0.000118338 -0.000107526 -0.001490157 0.000164889 0.000195733 -0.001403543 2.0948e-05 0.000212638 -0.001521654 -5.825e-05 -0.000156765 -0.001521654 -0.000155025 -0.000164514 -0.001501448 9.4566e-05 0.000220361 -0.001521654 7.014e-06 -0.000104106 -0.001521654 -0.000194345 0.000195495 -0.001498031 0.000101931 7.0196e-05 -0.001403543 0.000183909 5.5873e-05 -0.001498031 -0.000213275 9.4566e-05 -0.001501448 0.000164514 4.0562e-05 -0.001490157 0.000192626 0.000212638 -0.001498031 -5.825e-05 0.000147695 -0.001501448 -0.000119137 -0.000186022 -0.001498031 0.000118338 0.000186022 -0.001498031 -0.000118338 -0.000131909 -0.001498031 -0.000176658 -0.000186867 -0.001498031 -8.3624e-05 -0.000146038 -0.001403543 -0.000131996 -7.0196e-05 -0.001403543 -0.000183909 -9.571e-06 -0.001501448 -0.000189515 0.000164889 -0.001403543 0.000107526 0.000166307 -0.001498031 -0.000144742 -0.000104106 -0.001498031 -0.000194345 0.000104106 -0.001498031 0.000194345 0.000189515 -0.001501448 -9.571e-06 0.000170664 -0.001490157 -9.8101e-05 0.000151879 -0.001498031 0.000137276 -0.000191266 -0.001498031 7.3003e-05 9.929e-06 -0.001490157 0.0001966 -0.000123591 -0.001490157 -0.000153217 -0.000142877 -0.001498031 0.000167912 0.000116255 -0.001498031 -0.000187331 -0.000183909 -0.001490157 7.0196e-05 -4.2197e-05 -0.001498031 -0.000216397 4.2197e-05 -0.001498031 0.000216397 2.3462e-05 -0.001498031 -0.000219221 0.000146038 -0.001490157 0.000131996 8.7036e-05 -0.001498031 -0.000202566 -5.5873e-05 -0.001498031 0.000213275 -4.0562e-05 -0.001403543 -0.000192626 -0.000127239 -0.001501448 0.000140775 -2.3462e-05 -0.001498031 0.000219221 -5.131e-05 -0.001403543 0.000190046 -0.000111827 -0.001498031 0.000171484 7.751e-05 -0.001501448 -0.000173204 0.000190046 -0.001490157 5.131e-05 -0.000192626 -0.001403543 4.0562e-05 0.000177281 -0.001501448 -6.7666e-05 -0.000190046 -0.001403543 -5.131e-05 -0.000204464 -0.001498031 1.0326e-05 0.000128535 -0.001498031 0.000159345 -0.000197648 -0.001498031 -5.3362e-05 0.000197648 -0.001498031 5.3362e-05 -0.000119137 -0.001501448 -0.000147695 0.000140775 -0.001501448 0.000127239 5.131e-05 -0.001490157 -0.000190046 -1.0326e-05 -0.001498031 -0.000204464 -0.000151879 -0.001498031 -0.000137276 0.000137276 -0.001498031 -0.000151879 -7.751e-05 -0.001501448 0.000173204 -0.000173204 -0.001501448 -7.751e-05 0.000183197 -0.001501448 4.9461e-05 -0.000159345 -0.001498031 0.000128535 -0.000179679 -0.001403543 -8.0408e-05 2.0193e-05 -0.001501448 -0.000188679 -5.1766e-05 -0.001505708 0.000191737 -7.3003e-05 -0.001498031 -0.000191266 0.000191266 -0.001498031 -7.3003e-05 7.3003e-05 -0.001498031 0.000191266 1.0326e-05 -0.001498031 0.000204464 0.000204464 -0.001498031 -1.0326e-05 0.000127239 -0.001501448 -0.000140775 -0.000185546 -0.001505708 7.082e-05 0.000147338 -0.001505708 0.000133171 0.000166356 -0.001505708 0.000108483 -4.0562e-05 -0.001490157 -0.000192626 -0.000192626 -0.001490157 4.0562e-05 0.000179323 -0.001491875 -6.8445e-05 -0.000181279 -0.001505708 -8.1123e-05 5.1766e-05 -0.001505708 -0.000191737 0.00015458 -0.001505708 -0.000124691 -0.000124691 -0.001505708 -0.00015458 -0.000180718 -0.001505126 6.8977e-05 -0.000149395 -0.001491875 0.000120509 3.898e-05 -0.001496279 0.000185114 -0.000185684 -0.001501448 3.91e-05 0.000190851 -0.001491875 2.0426e-05 -0.000179679 -0.001490157 -8.0408e-05 -8.0408e-05 -0.001490157 0.000179679 -8.3624e-05 -0.001498031 0.000186867 5.3362e-05 -0.001498031 -0.000197648 6.8445e-05 -0.001491875 0.000179323 -3.898e-05 -0.001496279 -0.000185114 0.000185114 -0.001496279 -3.898e-05 -0.000120509 -0.001491875 -0.000149395 -0.000133171 -0.001505708 0.000147338 -3.9858e-05 -0.001505126 -0.000189283 0.000192336 -0.001505126 2.0585e-05 0.000120509 -0.001491875 0.000149395 0.000149395 -0.001491875 -0.000120509 0.000179679 -0.001490157 8.0408e-05 0.000121446 -0.001505126 0.000150557 0.000150557 -0.001505126 -0.000121446 -0.000150557 -0.001505126 0.000121446 9.757e-06 -0.001505126 0.000193188 6.8977e-05 -0.001505126 0.000180718 0.000180718 -0.001505126 -6.8977e-05 -4.9461e-05 -0.001501448 0.000183197 4.9461e-05 -0.001501448 -0.000183197 0.000192626 -0.001490157 -4.0562e-05 8.0408e-05 -0.001490157 -0.000179679 -6.8445e-05 -0.001491875 -0.000179323 -0.000179323 -0.001491875 6.8445e-05 -0.000190851 -0.001491875 -2.0426e-05 -0.000177281 -0.001501448 6.7666e-05 5.0419e-05 -0.001505126 -0.000186747 -0.000186747 -0.001505126 -5.0419e-05 -0.000121446 -0.001505126 -0.000150557 0.000193188 -0.001505126 -9.757e-06 -5.0419e-05 -0.001505126 0.000186747 0.000158946 -0.001501448 0.000103651 -0.000158946 -0.001501448 -0.000103651 0.000190046 -0.001403543 5.131e-05 -6.7666e-05 -0.001501448 -0.000177281 -0.000188679 -0.001501448 -2.0193e-05 -2.0193e-05 -0.001501448 0.000188679 -0.000103651 -0.001501448 0.000158946 -0.000185114 -0.001496279 3.898e-05 -9.681e-06 -0.001491875 -0.000191697 9.681e-06 -0.001491875 0.000191697 -0.000191697 -0.001491875 9.681e-06 -0.000140775 -0.001501448 -0.000127239 -5.131e-05 -0.001490157 0.000190046 -0.000190046 -0.001490157 -5.131e-05 0.000110889 -0.001502941 -0.000170045 -0.000170045 -0.001502941 -0.000110889 -0.000101169 -0.001502941 -0.000176001 -0.000176001 -0.001502941 0.000101169 3.91e-05 -0.001501448 0.000185684 0.000185684 -0.001501448 -3.91e-05 2.0426e-05 -0.001491875 -0.000190851 -2.0426e-05 -0.001491875 0.000190851 -9.757e-06 -0.001505126 -0.000193188 -0.000193188 -0.001505126 9.757e-06 6.7666e-05 -0.001501448 0.000177281 0.000164514 -0.001501448 -9.4566e-05 0.000188679 -0.001501448 2.0193e-05 0.000119137 -0.001501448 0.000147695 -0.000147695 -0.001501448 0.000119137 0.000185299 -0.001502941 8.2922e-05 -0.000185299 -0.001502941 -8.2922e-05 0.000158008 -0.001502941 -0.000127456 0.000201854 -0.001502941 2.1603e-05 -2.1603e-05 -0.001502941 0.000201854 -0.000195989 -0.001502941 -5.2914e-05 8.2922e-05 -0.001502941 -0.000185299 -5.2914e-05 -0.001502941 0.000195989 -9.6399e-05 -0.001505126 -0.000167702 0.000195989 -0.001502941 5.2914e-05 0.000127456 -0.001502941 0.000158008 0.000103651 -0.001501448 -0.000158946 0.000191697 -0.001491875 -9.681e-06 -0.000166408 -0.001491875 9.5655e-05 -0.000110889 -0.001502941 0.000170045 0.000170045 -0.001502941 0.000110889 0.000176001 -0.001502941 -0.000101169 0.000101169 -0.001502941 0.000176001 0.00019865 -0.001502941 -4.183e-05 -0.00019865 -0.001502941 4.183e-05 4.183e-05 -0.001502941 0.00019865 -4.183e-05 -0.001502941 -0.00019865 -3.91e-05 -0.001501448 -0.000185684 9.5655e-05 -0.001491875 0.000166408 0.000166408 -0.001491875 -9.5655e-05 -9.5655e-05 -0.001491875 -0.000166408 0.000182635 -0.001496279 4.9309e-05 -0.000182635 -0.001496279 -4.9309e-05 -4.9309e-05 -0.001496279 0.000182635 4.9309e-05 -0.001496279 -0.000182635 -0.00010566 -0.001505126 0.000162027 0.000162027 -0.001505126 0.00010566 -0.000162027 -0.001505126 -0.00010566 0.00010566 -0.001505126 -0.000162027 -0.000158008 -0.001502941 0.000127456 -0.000127456 -0.001502941 -0.000158008 -0.000201854 -0.001502941 -2.1603e-05 2.1603e-05 -0.001502941 -0.000201854 -0.000197475 -0.001505708 -2.1135e-05 2.1135e-05 -0.001505708 -0.000197475 0.000186747 -0.001505126 5.0419e-05 -0.000176561 -0.001505126 -7.9012e-05 7.9012e-05 -0.001505126 -0.000176561 -6.8977e-05 -0.001505126 -0.000180718 -0.000129705 -0.001505126 0.000143503 0.000143503 -0.001505126 0.000129705 0.000129705 -0.001505126 -0.000143503 -0.000143503 -0.001505126 -0.000129705 9.6399e-05 -0.001505126 0.000167702 0.000167702 -0.001505126 -9.6399e-05 -0.000167702 -0.001505126 9.6399e-05 0.000189283 -0.001505126 -3.9858e-05 3.9858e-05 -0.001505126 0.000189283 -2.0585e-05 -0.001505126 0.000192336 0.000176561 -0.001505126 7.9012e-05 -7.9012e-05 -0.001505126 0.000176561 2.0585e-05 -0.001505126 -0.000192336 -0.000192336 -0.001505126 -2.0585e-05 -0.000189283 -0.001505126 3.9858e-05 0.000197475 -0.001505708 2.1135e-05 -2.1135e-05 -0.001505708 0.000197475 -4.0923e-05 -0.001505708 -0.000194341 -0.000194341 -0.001505708 4.0923e-05 4.0923e-05 -0.001505708 0.000194341 0.000194341 -0.001505708 -4.0923e-05 -0.000172183 -0.001505708 9.8974e-05 0.000172183 -0.001505708 -9.8974e-05 -9.8974e-05 -0.001505708 -0.000172183 9.8974e-05 -0.001505708 0.000172183 -0.000166356 -0.001505708 -0.000108483 0.000108483 -0.001505708 -0.000166356 -8.1123e-05 -0.001505708 0.000181279 0.000181279 -0.001505708 8.1123e-05 -0.000142396 -0.001491875 -0.000128704 0.000142396 -0.001491875 0.000128704 -0.000128704 -0.001491875 0.000142396 0.000128704 -0.001491875 -0.000142396</float_array>
          <technique_common>
            <accessor source="#FBXASC227FBXASC130FBXASC189FBXASC227FBXASC131FBXASC170FBXASC227FBXASC131FBXASC131FBXASC227FBXASC131FBXASC1372-POSITION-array" count="384" stride="3">
              <param name="X" type="float"/>
              <param name="Y" type="float"/>
              <param name="Z" type="float"/>
            </accessor>
          </technique_common>
        </source>
        <source id="FBXASC227FBXASC130FBXASC189FBXASC227FBXASC131FBXASC170FBXASC227FBXASC131FBXASC131FBXASC227FBXASC131FBXASC1372-Normal0">
          <float_array id="FBXASC227FBXASC130FBXASC189FBXASC227FBXASC131FBXASC170FBXASC227FBXASC131FBXASC131FBXASC227FBXASC131FBXASC1372-Normal0-array" count="6876">
0.000000 2.540000 0.000000
0.000000 2.540000 0.000000
0.000000 2.540000 0.000000
-0.000000 -2.540000 -0.000000
-0.000000 -2.540000 -0.000000
-0.000000 -2.540000 -0.000000
0.000000 2.540000 0.000000
0.000000 2.540000 0.000000
0.000000 2.540000 0.000000
-0.000000 -2.540000 -0.000000
-0.000000 -2.540000 -0.000000
-0.000000 -2.540000 -0.000000
-0.523375 0.000000 -2.485494
-0.905748 0.000000 -2.373019
-0.523375 0.000000 -2.485494
-0.000000 -2.540000 -0.000000
-0.000000 -2.540000 -0.000000
-0.000000 -2.540000 -0.000000
-0.000000 -2.540000 -0.000000
-0.000000 -2.540000 -0.000000
-0.000000 -2.540000 -0.000000
0.000000 2.540000 0.000000
0.000000 2.540000 0.000000
0.000000 2.540000 0.000000
-0.000000 -2.540000 -0.000000
-0.000000 -2.540000 -0.000000
-0.000000 -2.540000 -0.000000
0.000000 2.540000 0.000000
0.000000 2.540000 0.000000
0.000000 2.540000 0.000000
-0.000000 -2.540000 -0.000000
-0.000000 -2.540000 -0.000000
-0.000000 -2.540000 -0.000000
0.000000 2.540000 0.000000
0.000000 2.540000 0.000000
0.000000 2.540000 0.000000
-0.000000 -2.540000 -0.000000
-0.000000 -2.540000 -0.000000
-0.000000 -2.540000 -0.000000
-0.270300 -0.000000 2.525577
0.128115 -0.000000 2.536767
-0.270300 -0.000000 2.525577
2.452199 -0.000000 0.662060
2.318439 -0.000000 1.037517
2.452199 -0.000000 0.662060
1.976984 -0.000000 -1.594721
1.703174 -0.000000 -1.884356
1.976984 -0.000000 -1.594721
1.265819 -0.000000 2.202113
1.265819 -0.000000 2.202113
0.905748 -0.000000 2.373019
2.318439 -0.000000 1.037517
2.127592 -0.000000 1.387427
2.318439 -0.000000 1.037517
1.703174 -0.000000 -1.884356
1.703174 -0.000000 -1.884356
1.976984 -0.000000 -1.594721
1.037517 -0.000000 -2.318439
1.387427 -0.000000 -2.127592
1.037517 -0.000000 -2.318439
-0.905748 0.000000 -2.373019
-0.905748 0.000000 -2.373019
-0.523375 0.000000 -2.485494
-0.000000 -2.540000 -0.000000
-0.000000 -2.540000 -0.000000
-0.000000 -2.540000 -0.000000
-0.000000 -2.540000 -0.000000
-0.000000 -2.540000 -0.000000
-0.000000 -2.540000 -0.000000
2.485494 -0.000000 -0.523375
2.536767 -0.000000 -0.128115
2.485494 -0.000000 -0.523375
0.471545 1.102065 2.239352
0.392990 2.288461 1.029614
0.816051 1.102065 2.138016
-0.000000 -2.540000 -0.000000
-0.000000 -2.540000 -0.000000
-0.000000 -2.540000 -0.000000
-0.662060 0.000000 2.452199
-0.662060 0.000000 2.452199
-1.037517 0.000000 2.318439
-1.387427 0.000000 2.127592
-1.703174 0.000000 1.884356
-1.387427 0.000000 2.127592
-1.594721 0.000000 -1.976984
-1.884356 0.000000 -1.703174
-1.594721 0.000000 -1.976984
-2.318439 0.000000 -1.037517
-2.452199 0.000000 -0.662060
-2.318439 0.000000 -1.037517
-2.452199 0.000000 -0.662060
-2.452199 0.000000 -0.662060
-2.318439 0.000000 -1.037517
-2.485494 0.000000 0.523375
-2.373019 0.000000 0.905748
-2.485494 0.000000 0.523375
0.000000 2.540000 0.000000
0.000000 2.540000 0.000000
0.000000 2.540000 0.000000
1.265819 -0.000000 2.202113
1.265819 -0.000000 2.202113
1.594721 -0.000000 1.976984
-0.000000 -2.540000 -0.000000
-0.000000 -2.540000 -0.000000
-0.000000 -2.540000 -0.000000
-1.473249 1.583664 -1.331595
-1.663418 1.583664 -1.084734
-0.473434 2.476317 -0.308732
-2.373019 0.000000 0.905748
-2.373019 0.000000 0.905748
-2.485494 0.000000 0.523375
-1.703174 0.000000 1.884356
-1.703174 0.000000 1.884356
-1.387427 0.000000 2.127592
-1.855301 1.583664 0.708143
-1.721681 1.583664 0.989657
-0.490016 2.476317 0.281671
-0.000000 -2.540000 -0.000000
-0.000000 -2.540000 -0.000000
-0.000000 -2.540000 -0.000000
-2.402108 0.000000 -0.825517
-2.402108 0.000000 -0.825517
-2.252241 0.000000 -1.174312
2.373019 -0.000000 -0.905748
1.721681 1.583664 -0.989657
1.855301 1.583664 -0.708143
0.409191 1.583664 1.943237
0.116462 2.476317 0.553074
0.100164 1.583664 1.983324
-0.109136 0.000000 -2.537654
0.270300 0.000000 -2.525577
0.270300 0.000000 -2.525577
-0.243532 1.102065 2.275466
-0.596495 1.102065 2.209354
-0.287257 2.288461 1.063969
-0.000000 -2.540000 -0.000000
-0.000000 -2.540000 -0.000000
-0.000000 -2.540000 -0.000000
-1.199375 0.000000 -2.238995
-1.519684 0.000000 -2.035230
-1.519684 0.000000 -2.035230
1.246803 1.583664 1.545668
0.354859 2.476317 0.439920
0.989657 1.583664 1.721681
2.522403 -0.000000 -0.298470
2.522403 -0.000000 -0.298470
2.538714 -0.000000 0.080808
1.100662 2.288461 -0.055587
2.285548 1.102065 -0.115427
1.095807 2.288461 0.117279
0.883039 -0.565203 2.313523
0.471545 1.102065 2.239352
0.816051 1.102065 2.138016
0.523375 -0.000000 2.485494
0.128115 -0.000000 2.536767
0.523375 -0.000000 2.485494
1.339339 -0.000000 -2.158187
1.339339 -0.000000 -2.158187
1.646041 -0.000000 -1.934464
1.002718 -0.000000 -2.333700
1.339339 -0.000000 -2.158187
1.339339 -0.000000 -2.158187
1.387427 -0.000000 -2.127592
1.387427 -0.000000 -2.127592
1.037517 -0.000000 -2.318439
0.000000 2.540000 0.000000
0.000000 2.540000 0.000000
0.000000 2.540000 0.000000
-1.915973 0.000000 1.667528
-2.143105 0.000000 1.363342
-2.143105 0.000000 1.363342
-2.322364 0.000000 1.028701
-2.449745 0.000000 0.671081
-2.449745 0.000000 0.671081
-2.538714 0.000000 -0.080808
-2.538714 0.000000 -0.080808
-2.522403 0.000000 0.298470
-2.522403 0.000000 0.298470
-2.449745 0.000000 0.671081
-2.449745 0.000000 0.671081
-2.402108 0.000000 -0.825517
-2.252241 0.000000 -1.174312
-2.252241 0.000000 -1.174312
-2.052063 0.000000 -1.496875
-1.806046 0.000000 -1.786001
-1.806046 0.000000 -1.786001
2.322364 -0.000000 -1.028701
2.322364 -0.000000 -1.028701
2.143105 -0.000000 -1.363342
2.322364 -0.000000 -1.028701
2.449745 -0.000000 -0.671081
2.449745 -0.000000 -0.671081
0.000000 2.540000 0.000000
0.000000 2.540000 0.000000
0.000000 2.540000 0.000000
2.536767 -0.000000 -0.128115
2.536767 -0.000000 -0.128115
2.485494 -0.000000 -0.523375
0.117279 2.288461 -1.095807
-0.055587 2.288461 -1.100662
0.243532 1.102065 -2.275466
0.643699 0.000000 -2.457082
0.643699 0.000000 -2.457082
0.270300 0.000000 -2.525577
2.252241 -0.000000 1.174312
2.252241 -0.000000 1.174312
2.402108 -0.000000 0.825517
2.052063 -0.000000 1.496875
1.806046 -0.000000 1.786001
1.806046 -0.000000 1.786001
2.402108 -0.000000 0.825517
2.498315 -0.000000 0.458281
2.498315 -0.000000 0.458281
-0.545666 2.476317 -0.147322
-1.974575 1.583664 -0.211329
-0.561994 2.476317 -0.060147
2.074248 -0.565203 1.352641
1.697746 1.102065 1.534507
1.916894 1.102065 1.250029
1.234082 -0.565203 2.146901
1.140464 1.102065 1.984035
1.554738 -0.565203 1.927416
-1.199375 0.000000 -2.238995
-1.199375 0.000000 -2.238995
-1.519684 0.000000 -2.035230
-0.852274 0.000000 -2.392745
-0.852274 0.000000 -2.392745
-0.486135 0.000000 -2.493045
-0.708143 1.583664 -1.855301
-0.989657 1.583664 -1.721681
-0.281671 2.476317 -0.490016
0.852274 -0.000000 2.392745
1.199375 -0.000000 2.238995
1.199375 -0.000000 2.238995
-1.528921 -1.985852 -0.412787
-2.260311 -0.565203 -1.011504
-2.390717 -0.565203 -0.645460
-2.498315 0.000000 -0.458281
-2.498315 0.000000 -0.458281
-2.538714 0.000000 -0.080808
-0.270300 -0.000000 2.525577
-0.270300 -0.000000 2.525577
-0.643699 -0.000000 2.457082
0.109136 -0.000000 2.537654
0.109136 -0.000000 2.537654
0.486135 -0.000000 2.493045
0.263523 -0.565203 -2.462255
0.645460 -0.565203 -2.390717
0.596495 1.102065 -2.209354
0.243532 1.102065 -2.275466
-0.115427 1.102065 -2.285548
-0.124903 -0.565203 -2.473165
1.721681 1.583664 -0.989657
0.490016 2.476317 -0.281671
1.855301 1.583664 -0.708143
0.000000 2.540000 0.000000
0.000000 2.540000 0.000000
0.000000 2.540000 0.000000
2.202113 -0.000000 -1.265819
2.202113 -0.000000 -1.265819
2.373019 -0.000000 -0.905748
2.146901 -0.565203 -1.234082
1.984035 1.102065 -1.140464
1.927416 -0.565203 -1.554738
0.000000 2.540000 0.000000
0.000000 2.540000 0.000000
0.000000 2.540000 0.000000
-1.884356 0.000000 -1.703174
-1.884356 0.000000 -1.703174
-2.127592 0.000000 -1.387427
-1.646041 0.000000 1.934464
-1.646041 0.000000 1.934464
-1.339339 0.000000 2.158187
-1.915973 0.000000 1.667528
-1.646041 0.000000 1.934464
-1.646041 0.000000 1.934464
2.285548 1.102065 -0.115427
2.462255 -0.565203 0.263523
2.275466 1.102065 0.243532
2.074248 -0.565203 1.352641
1.916894 1.102065 1.250029
2.260311 -0.565203 1.011504
-0.883039 -0.565203 -2.313523
-0.471545 1.102065 -2.239352
-0.816051 1.102065 -2.138016
-0.326319 -1.985852 -1.549680
-0.510253 -0.565203 -2.423177
-0.564725 -1.985852 -1.479553
0.000000 2.540000 0.000000
0.000000 2.540000 0.000000
0.000000 2.540000 0.000000
0.147322 2.476317 -0.545666
0.211329 1.583664 -1.974575
0.060147 2.476317 -0.561994
0.662060 -0.000000 -2.452199
0.270300 0.000000 -2.525577
0.662060 -0.000000 -2.452199
0.000000 2.540000 0.000000
0.000000 2.540000 0.000000
0.000000 2.540000 0.000000
0.000000 2.540000 0.000000
0.000000 2.540000 0.000000
0.000000 2.540000 0.000000
1.663418 1.583664 1.084734
0.473434 2.476317 0.308732
1.473249 1.583664 1.331595
0.000000 2.540000 0.000000
0.000000 2.540000 0.000000
0.000000 2.540000 0.000000
-2.202113 0.000000 1.265819
-1.976984 0.000000 1.594721
-2.202113 0.000000 1.265819
-1.976984 0.000000 1.594721
-1.976984 0.000000 1.594721
-2.202113 0.000000 1.265819
-2.313523 -0.565203 0.883039
-2.239352 1.102065 0.471545
-2.138016 1.102065 0.816051
-0.486135 0.000000 -2.493045
-0.109136 0.000000 -2.537654
-0.109136 0.000000 -2.537654
-0.852274 0.000000 -2.392745
-0.486135 0.000000 -2.493045
-0.486135 0.000000 -2.493045
1.806046 -0.000000 1.786001
1.806046 -0.000000 1.786001
1.519684 -0.000000 2.035230
1.519684 -0.000000 2.035230
1.199375 -0.000000 2.238995
1.199375 -0.000000 2.238995
2.143105 -0.000000 -1.363342
1.915973 -0.000000 -1.667528
1.915973 -0.000000 -1.667528
1.915973 -0.000000 -1.667528
1.915973 -0.000000 -1.667528
1.646041 -0.000000 -1.934464
-1.084734 1.583664 1.663418
-0.308732 2.476317 0.473434
-1.331595 1.583664 1.473249
0.000000 2.540000 0.000000
0.000000 2.540000 0.000000
0.000000 2.540000 0.000000
0.486135 -0.000000 2.493045
0.486135 -0.000000 2.493045
0.852274 -0.000000 2.392745
0.109136 -0.000000 2.537654
0.486135 -0.000000 2.493045
0.486135 -0.000000 2.493045
1.884356 -0.000000 1.703174
2.127592 -0.000000 1.387427
1.884356 -0.000000 1.703174
2.074248 -0.565203 1.352641
1.837111 -0.565203 1.660472
1.697746 1.102065 1.534507
-0.000000 -2.540000 -0.000000
-0.000000 -2.540000 -0.000000
-0.000000 -2.540000 -0.000000
2.052063 -0.000000 1.496875
2.252241 -0.000000 1.174312
2.252241 -0.000000 1.174312
0.000000 2.540000 0.000000
0.000000 2.540000 0.000000
0.000000 2.540000 0.000000
0.905748 -0.000000 2.373019
0.523375 -0.000000 2.485494
0.905748 -0.000000 2.373019
-1.339339 0.000000 2.158187
-1.002718 0.000000 2.333700
-1.002718 0.000000 2.333700
-0.643699 -0.000000 2.457082
-1.002718 0.000000 2.333700
-1.002718 0.000000 2.333700
2.498315 -0.000000 0.458281
2.498315 -0.000000 0.458281
2.538714 -0.000000 0.080808
2.522403 -0.000000 -0.298470
2.538714 -0.000000 0.080808
2.538714 -0.000000 0.080808
-0.000000 -2.540000 -0.000000
-0.000000 -2.540000 -0.000000
-0.000000 -2.540000 -0.000000
-2.143105 0.000000 1.363342
-2.143105 0.000000 1.363342
-2.322364 0.000000 1.028701
2.373019 -0.000000 -0.905748
2.202113 -0.000000 -1.265819
2.373019 -0.000000 -0.905748
0.000000 2.540000 0.000000
0.000000 2.540000 0.000000
0.000000 2.540000 0.000000
-1.100662 2.288461 0.055587
0.561994 2.476317 0.060147
0.564484 2.476317 -0.028508
-1.078415 2.288461 0.227084
-1.029614 2.288461 0.392990
-2.239352 1.102065 0.471545
-1.037517 0.000000 2.318439
-0.662060 0.000000 2.452199
-1.037517 0.000000 2.318439
0.000000 2.540000 0.000000
0.000000 2.540000 0.000000
0.000000 2.540000 0.000000
-0.000000 -2.540000 -0.000000
-0.000000 -2.540000 -0.000000
-0.000000 -2.540000 -0.000000
-2.498315 0.000000 -0.458281
-2.538714 0.000000 -0.080808
-2.538714 0.000000 -0.080808
-0.000000 -2.540000 -0.000000
-0.000000 -2.540000 -0.000000
-0.000000 -2.540000 -0.000000
0.643699 0.000000 -2.457082
0.643699 0.000000 -2.457082
1.002718 -0.000000 -2.333700
2.127592 -0.000000 1.387427
2.127592 -0.000000 1.387427
1.884356 -0.000000 1.703174
0.000000 2.540000 0.000000
0.000000 2.540000 0.000000
0.000000 2.540000 0.000000
-0.000000 -2.540000 -0.000000
-0.000000 -2.540000 -0.000000
-0.000000 -2.540000 -0.000000
-2.052063 0.000000 -1.496875
-2.052063 0.000000 -1.496875
-1.806046 0.000000 -1.786001
-0.000000 -2.540000 -0.000000
-0.000000 -2.540000 -0.000000
-0.000000 -2.540000 -0.000000
2.322364 -0.000000 -1.028701
2.322364 -0.000000 -1.028701
2.449745 -0.000000 -0.671081
0.000000 2.540000 0.000000
0.000000 2.540000 0.000000
0.000000 2.540000 0.000000
1.976984 -0.000000 -1.594721
1.703174 -0.000000 -1.884356
1.331595 1.583664 -1.473249
0.989657 1.583664 1.721681
0.281671 2.476317 0.490016
0.708143 1.583664 1.855301
-0.852274 0.000000 -2.392745
-0.852274 0.000000 -2.392745
-1.199375 0.000000 -2.238995
-0.270300 -0.000000 2.525577
-0.643699 -0.000000 2.457082
-0.643699 -0.000000 2.457082
0.211329 1.583664 -1.974575
0.517619 1.583664 -1.917206
0.662060 0.000000 -2.452199
0.000000 2.540000 0.000000
0.000000 2.540000 0.000000
0.000000 2.540000 0.000000
-1.265819 0.000000 -2.202113
-1.265819 0.000000 -2.202113
-1.594721 0.000000 -1.976984
-1.084734 1.583664 1.663418
-1.037517 0.000000 2.318439
-0.811163 1.583664 1.812628
0.643699 0.000000 -2.457082
1.002718 -0.000000 -2.333700
1.002718 -0.000000 -2.333700
0.000000 2.540000 0.000000
0.000000 2.540000 0.000000
0.000000 2.540000 0.000000
0.000000 2.540000 0.000000
0.000000 2.540000 0.000000
0.000000 2.540000 0.000000
0.000000 2.540000 0.000000
0.000000 2.540000 0.000000
0.000000 2.540000 0.000000
0.000000 2.540000 0.000000
0.000000 2.540000 0.000000
0.000000 2.540000 0.000000
0.000000 2.540000 0.000000
0.000000 2.540000 0.000000
0.000000 2.540000 0.000000
0.000000 2.540000 0.000000
0.000000 2.540000 0.000000
0.000000 2.540000 0.000000
1.078415 2.288461 -0.227084
1.029614 2.288461 -0.392990
2.239352 1.102065 -0.471545
2.138016 1.102065 -0.816051
1.984035 1.102065 -1.140464
2.146901 -0.565203 -1.234082
-1.352641 -0.565203 2.074248
-1.660472 -0.565203 1.837111
-1.534507 1.102065 1.697746
-2.146901 -0.565203 1.234082
-2.313523 -0.565203 0.883039
-1.984035 1.102065 1.140464
-1.234082 -0.565203 -2.146901
-1.140464 1.102065 -1.984035
-1.554738 -0.565203 -1.927416
-2.074248 -0.565203 -1.352641
-1.697746 1.102065 -1.534507
-1.916894 1.102065 -1.250029
2.449745 -0.000000 -0.671081
2.522403 -0.000000 -0.298470
2.522403 -0.000000 -0.298470
-1.983324 1.583664 0.100164
-1.943237 1.583664 0.409191
-0.553074 2.476317 0.116462
-0.211329 1.583664 1.974575
-0.060147 2.476317 0.561994
-0.517619 1.583664 1.917206
-0.109136 0.000000 -2.537654
0.270300 0.000000 -2.525577
-0.109136 0.000000 -2.537654
0.128115 -0.000000 2.536767
0.128115 -0.000000 2.536767
-0.270300 -0.000000 2.525577
-0.412787 -1.985852 1.528921
-0.645460 -0.565203 2.390717
-0.168529 -1.985852 1.574671
0.000000 2.540000 0.000000
0.000000 2.540000 0.000000
0.000000 2.540000 0.000000
0.852274 -0.000000 2.392745
0.852274 -0.000000 2.392745
1.199375 -0.000000 2.238995
-1.663418 1.583664 -1.084734
-1.812628 1.583664 -0.811163
-0.473434 2.476317 -0.308732
2.052063 -0.000000 1.496875
2.052063 -0.000000 1.496875
2.252241 -0.000000 1.174312
0.000000 2.540000 0.000000
0.000000 2.540000 0.000000
0.000000 2.540000 0.000000
-2.525577 0.000000 -0.270300
-2.525577 0.000000 -0.270300
-2.536767 0.000000 0.128115
0.000000 2.540000 0.000000
0.000000 2.540000 0.000000
0.000000 2.540000 0.000000
-1.339339 0.000000 2.158187
-1.339339 0.000000 2.158187
-1.002718 0.000000 2.333700
0.000000 2.540000 0.000000
0.000000 2.540000 0.000000
0.000000 2.540000 0.000000
0.564484 2.476317 -0.028508
0.561994 2.476317 0.060147
1.974575 1.583664 0.211329
2.143105 -0.000000 -1.363342
2.143105 -0.000000 -1.363342
1.915973 -0.000000 -1.667528
-1.721681 1.583664 0.989657
-1.545668 1.583664 1.246803
-0.490016 2.476317 0.281671
-2.252241 0.000000 -1.174312
-2.052063 0.000000 -1.496875
-2.052063 0.000000 -1.496875
0.000000 2.540000 0.000000
0.000000 2.540000 0.000000
0.000000 2.540000 0.000000
1.352641 -0.565203 -2.074248
1.660472 -0.565203 -1.837111
1.534507 1.102065 -1.697746
0.450162 2.288461 -1.005933
0.934771 1.102065 -2.088841
0.601982 2.288461 -0.923127
0.000000 2.540000 0.000000
0.000000 2.540000 0.000000
0.000000 2.540000 0.000000
-2.522403 0.000000 0.298470
-2.522403 0.000000 0.298470
-2.449745 0.000000 0.671081
0.000000 2.540000 0.000000
0.000000 2.540000 0.000000
0.000000 2.540000 0.000000
1.339339 -0.000000 -2.158187
1.646041 -0.000000 -1.934464
1.646041 -0.000000 -1.934464
0.000000 2.540000 0.000000
0.000000 2.540000 0.000000
0.000000 2.540000 0.000000
0.109136 -0.000000 2.537654
-0.270300 -0.000000 2.525577
-0.270300 -0.000000 2.525577
-2.536767 0.000000 0.128115
-2.525577 0.000000 -0.270300
-2.536767 0.000000 0.128115
-1.528921 -1.985852 -0.412787
-2.390717 -0.565203 -0.645460
-1.574671 -1.985852 -0.168529
-1.915973 0.000000 1.667528
-1.915973 0.000000 1.667528
-1.646041 0.000000 1.934464
0.000000 2.540000 0.000000
0.000000 2.540000 0.000000
0.000000 2.540000 0.000000
0.000000 2.540000 0.000000
0.000000 2.540000 0.000000
0.000000 2.540000 0.000000
-0.409191 1.583664 -1.943237
-0.116462 2.476317 -0.553074
-0.100164 1.583664 -1.983324
-2.143105 0.000000 1.363342
-2.322364 0.000000 1.028701
-2.322364 0.000000 1.028701
0.000000 2.540000 0.000000
0.000000 2.540000 0.000000
0.000000 2.540000 0.000000
-1.519684 0.000000 -2.035230
-1.519684 0.000000 -2.035230
-1.806046 0.000000 -1.786001
0.000000 2.540000 0.000000
0.000000 2.540000 0.000000
0.000000 2.540000 0.000000
0.000000 2.540000 0.000000
0.000000 2.540000 0.000000
0.000000 2.540000 0.000000
0.000000 2.540000 0.000000
0.000000 2.540000 0.000000
0.000000 2.540000 0.000000
0.270300 0.000000 -2.525577
0.270300 0.000000 -2.525577
-0.128115 0.000000 -2.536767
0.412787 -1.985852 -1.528921
0.645460 -0.565203 -2.390717
0.168529 -1.985852 -1.574671
-0.811163 1.583664 1.812628
-0.230869 2.476317 0.515901
-1.084734 1.583664 1.663418
-0.147322 2.476317 0.545666
-0.230869 2.476317 0.515901
-0.811163 1.583664 1.812628
0.000000 2.540000 0.000000
0.000000 2.540000 0.000000
0.000000 2.540000 0.000000
0.000000 2.540000 0.000000
0.000000 2.540000 0.000000
0.000000 2.540000 0.000000
-0.000000 -2.540000 -0.000000
-0.000000 -2.540000 -0.000000
1.174877 -1.985852 1.061912
1.594721 -0.000000 1.976984
1.265819 -0.000000 2.202113
1.594721 -0.000000 1.976984
0.000000 2.540000 0.000000
0.000000 2.540000 0.000000
0.000000 2.540000 0.000000
0.000000 2.540000 0.000000
0.000000 2.540000 0.000000
0.000000 2.540000 0.000000
-1.265819 0.000000 -2.202113
-0.905748 0.000000 -2.373019
-1.265819 0.000000 -2.202113
-0.326319 -1.985852 -1.549680
-0.564725 -1.985852 -1.479553
-0.000000 -2.540000 0.000000
0.227084 2.288461 1.078415
0.392990 2.288461 1.029614
0.471545 1.102065 2.239352
-0.117279 2.288461 1.095807
0.055587 2.288461 1.100662
-0.243532 1.102065 2.275466
-0.128115 0.000000 -2.536767
0.270300 0.000000 -2.525577
-0.128115 0.000000 -2.536767
0.000000 2.540000 0.000000
0.000000 2.540000 0.000000
0.000000 2.540000 0.000000
0.000000 2.540000 0.000000
0.000000 2.540000 0.000000
0.000000 2.540000 0.000000
-1.037517 0.000000 2.318439
-1.037517 0.000000 2.318439
-1.387427 0.000000 2.127592
1.703174 -0.000000 -1.884356
1.387427 -0.000000 -2.127592
1.703174 -0.000000 -1.884356
0.000000 2.540000 0.000000
0.000000 2.540000 0.000000
0.000000 2.540000 0.000000
-1.976984 0.000000 1.594721
-1.703174 0.000000 1.884356
-1.976984 0.000000 1.594721
0.000000 2.540000 0.000000
0.000000 2.540000 0.000000
0.000000 2.540000 0.000000
1.806046 -0.000000 1.786001
1.519684 -0.000000 2.035230
1.519684 -0.000000 2.035230
0.000000 2.540000 0.000000
0.000000 2.540000 0.000000
0.000000 2.540000 0.000000
1.387427 -0.000000 -2.127592
1.387427 -0.000000 -2.127592
1.703174 -0.000000 -1.884356
-0.000000 -2.540000 -0.000000
-0.000000 -2.540000 -0.000000
1.061912 -1.985852 -1.174877
0.000000 2.540000 0.000000
0.000000 2.540000 0.000000
0.000000 2.540000 0.000000
-2.402108 0.000000 -0.825517
-2.402108 0.000000 -0.825517
-2.498315 0.000000 -0.458281
0.000000 2.540000 0.000000
0.000000 2.540000 0.000000
0.000000 2.540000 0.000000
2.402108 -0.000000 0.825517
2.402108 -0.000000 0.825517
2.498315 -0.000000 0.458281
-0.486135 0.000000 -2.493045
-0.486135 0.000000 -2.493045
-0.109136 0.000000 -2.537654
-0.000000 -2.540000 -0.000000
-0.000000 -2.540000 -0.000000
-0.000000 -2.540000 -0.000000
0.486135 -0.000000 2.493045
0.852274 -0.000000 2.392745
0.852274 -0.000000 2.392745
-0.000000 -2.540000 -0.000000
-0.000000 -2.540000 -0.000000
-0.000000 -2.540000 -0.000000
2.536767 -0.000000 -0.128115
2.525577 -0.000000 0.270300
2.536767 -0.000000 -0.128115
-0.000000 -2.540000 -0.000000
-0.000000 -2.540000 -0.000000
1.581648 -1.985852 -0.079878
0.000000 2.540000 0.000000
0.000000 2.540000 0.000000
0.000000 2.540000 0.000000
0.000000 2.540000 0.000000
0.000000 2.540000 0.000000
0.000000 2.540000 0.000000
-0.000000 -2.540000 -0.000000
-0.000000 -2.540000 -0.000000
-0.000000 -2.540000 -0.000000
0.109136 -0.000000 2.537654
0.109136 -0.000000 2.537654
-0.270300 -0.000000 2.525577
-0.000000 -2.540000 -0.000000
-0.000000 -2.540000 -0.000000
-0.000000 -2.540000 -0.000000
1.519684 -0.000000 2.035230
1.519684 -0.000000 2.035230
1.199375 -0.000000 2.238995
0.000000 2.540000 0.000000
0.000000 2.540000 0.000000
0.000000 2.540000 0.000000
0.000000 2.540000 0.000000
0.000000 2.540000 0.000000
0.000000 2.540000 0.000000
-0.643699 -0.000000 2.457082
-0.643699 -0.000000 2.457082
-1.002718 0.000000 2.333700
-0.000000 -2.540000 -0.000000
-0.000000 -2.540000 -0.000000
-0.000000 -2.540000 -0.000000
0.000000 2.540000 0.000000
0.000000 2.540000 0.000000
0.000000 2.540000 0.000000
0.000000 2.540000 0.000000
0.000000 2.540000 0.000000
0.000000 2.540000 0.000000
0.128115 -0.000000 2.536767
0.128115 -0.000000 2.536767
0.523375 -0.000000 2.485494
0.000000 2.540000 0.000000
0.000000 2.540000 0.000000
0.000000 2.540000 0.000000
-0.000000 -2.540000 -0.000000
-0.000000 -2.540000 -0.000000
-0.000000 -2.540000 -0.000000
2.052063 -0.000000 1.496875
2.052063 -0.000000 1.496875
1.806046 -0.000000 1.786001
-1.646041 0.000000 1.934464
-1.339339 0.000000 2.158187
-1.339339 0.000000 2.158187
-0.000000 -2.540000 -0.000000
-0.000000 -2.540000 -0.000000
-0.000000 -2.540000 -0.000000
-0.691924 2.288461 -0.857781
-1.436794 1.102065 -1.781201
-0.549218 2.288461 -0.955461
-1.697746 1.102065 -1.534507
-0.923127 2.288461 -0.601982
-1.916894 1.102065 -1.250029
-0.000000 -2.540000 -0.000000
-0.000000 -2.540000 -0.000000
-0.000000 -2.540000 -0.000000
-1.915973 0.000000 1.667528
-1.915973 0.000000 1.667528
-2.143105 0.000000 1.363342
0.000000 2.540000 0.000000
0.000000 2.540000 0.000000
0.000000 2.540000 0.000000
1.594721 -0.000000 1.976984
1.594721 -0.000000 1.976984
1.884356 -0.000000 1.703174
0.000000 2.540000 0.000000
0.000000 2.540000 0.000000
0.000000 2.540000 0.000000
0.000000 2.540000 0.000000
0.000000 2.540000 0.000000
0.000000 2.540000 0.000000
2.252241 -0.000000 1.174312
2.402108 -0.000000 0.825517
2.402108 -0.000000 0.825517
-0.000000 -2.540000 -0.000000
-0.000000 -2.540000 -0.000000
-0.000000 -2.540000 -0.000000
-2.127592 0.000000 -1.387427
-1.884356 0.000000 -1.703174
-2.127592 0.000000 -1.387427
-1.697746 1.102065 -1.534507
-2.074248 -0.565203 -1.352641
-1.837111 -0.565203 -1.660472
-2.322364 0.000000 1.028701
-2.322364 0.000000 1.028701
-2.449745 0.000000 0.671081
-0.000000 -2.540000 -0.000000
-0.000000 -2.540000 -0.000000
-0.000000 -2.540000 -0.000000
-1.703174 0.000000 1.884356
-1.703174 0.000000 1.884356
-1.976984 0.000000 1.594721
-0.000000 -2.540000 -0.000000
-1.061912 -1.985852 1.174877
-0.000000 -2.540000 -0.000000
-1.005933 2.288461 -0.450162
-2.088841 1.102065 -0.934771
-0.923127 2.288461 -0.601982
-1.095807 2.288461 -0.117279
-1.100662 2.288461 0.055587
-2.275466 1.102065 -0.243532
2.285548 1.102065 -0.115427
2.275466 1.102065 0.243532
1.095807 2.288461 0.117279
1.005933 2.288461 0.450162
2.088841 1.102065 0.934771
0.923127 2.288461 0.601982
1.002718 -0.000000 -2.333700
1.002718 -0.000000 -2.333700
1.339339 -0.000000 -2.158187
-0.000000 -2.540000 -0.000000
-0.000000 -2.540000 -0.000000
-0.000000 -2.540000 -0.000000
0.000000 2.540000 0.000000
0.000000 2.540000 0.000000
0.000000 2.540000 0.000000
2.373019 -0.000000 -0.905748
2.373019 -0.000000 -0.905748
2.485494 -0.000000 -0.523375
0.000000 2.540000 0.000000
0.000000 2.540000 0.000000
0.000000 2.540000 0.000000
0.662060 -0.000000 -2.452199
0.662060 -0.000000 -2.452199
1.037517 -0.000000 -2.318439
0.000000 2.540000 0.000000
0.000000 2.540000 0.000000
0.000000 2.540000 0.000000
1.976984 -0.000000 -1.594721
2.202113 -0.000000 -1.265819
1.976984 -0.000000 -1.594721
-2.538714 0.000000 -0.080808
-2.522403 0.000000 0.298470
-2.522403 0.000000 0.298470
-0.000000 -2.540000 -0.000000
-0.000000 -2.540000 -0.000000
-0.000000 -2.540000 -0.000000
0.643699 0.000000 -2.457082
0.270300 0.000000 -2.525577
0.270300 0.000000 -2.525577
-0.000000 -2.540000 -0.000000
-0.000000 -2.540000 -0.000000
-0.000000 -2.540000 -0.000000
-2.202113 0.000000 1.265819
-2.373019 0.000000 0.905748
-2.202113 0.000000 1.265819
0.000000 2.540000 0.000000
0.000000 2.540000 0.000000
0.000000 2.540000 0.000000
1.915973 -0.000000 -1.667528
1.646041 -0.000000 -1.934464
1.646041 -0.000000 -1.934464
-0.000000 -2.540000 -0.000000
-0.000000 -2.540000 -0.000000
-0.000000 -2.540000 -0.000000
-0.000000 -2.540000 -0.000000
-0.000000 -2.540000 -0.000000
-0.000000 -2.540000 -0.000000
-2.402108 0.000000 -0.825517
-2.498315 0.000000 -0.458281
-2.498315 0.000000 -0.458281
0.000000 2.540000 0.000000
0.000000 2.540000 0.000000
0.000000 2.540000 0.000000
0.000000 2.540000 0.000000
0.000000 2.540000 0.000000
0.000000 2.540000 0.000000
0.000000 2.540000 0.000000
0.000000 2.540000 0.000000
0.000000 2.540000 0.000000
0.000000 2.540000 0.000000
0.000000 2.540000 0.000000
0.000000 2.540000 0.000000
-2.285548 1.102065 0.115427
-2.462255 -0.565203 -0.263523
-2.275466 1.102065 -0.243532
-1.549680 -1.985852 0.326319
-2.423177 -0.565203 0.510253
-1.479553 -1.985852 0.564725
0.000000 2.540000 0.000000
0.000000 2.540000 0.000000
0.000000 2.540000 0.000000
0.000000 2.540000 0.000000
0.000000 2.540000 0.000000
0.000000 2.540000 0.000000
-2.252241 0.000000 -1.174312
-2.252241 0.000000 -1.174312
-2.052063 0.000000 -1.496875
-0.000000 -2.540000 -0.000000
-0.000000 -2.540000 -0.000000
-0.000000 -2.540000 -0.000000
-0.000000 -2.540000 -0.000000
-0.000000 -2.540000 -0.000000
-0.000000 -2.540000 -0.000000
2.322364 -0.000000 -1.028701
2.143105 -0.000000 -1.363342
2.143105 -0.000000 -1.363342
-1.250029 1.102065 1.916894
-0.934771 1.102065 2.088841
-1.011504 -0.565203 2.260311
-0.412787 -1.985852 1.528921
-1.011504 -0.565203 2.260311
-0.645460 -0.565203 2.390717
0.000000 2.540000 0.000000
0.000000 2.540000 0.000000
0.000000 2.540000 0.000000
2.525577 -0.000000 0.270300
2.525577 -0.000000 0.270300
2.536767 -0.000000 -0.128115
2.449745 -0.000000 -0.671081
2.449745 -0.000000 -0.671081
2.522403 -0.000000 -0.298470
-0.000000 -2.540000 -0.000000
-0.000000 -2.540000 -0.000000
-0.000000 -2.540000 -0.000000
-1.519684 0.000000 -2.035230
-1.806046 0.000000 -1.786001
-1.806046 0.000000 -1.786001
-0.000000 -2.540000 -0.000000
-0.000000 -2.540000 -0.000000
-0.000000 -2.540000 -0.000000
-0.955461 2.288461 0.549218
0.528046 2.476317 -0.201548
0.490016 2.476317 -0.281671
-1.534507 1.102065 1.697746
-1.927416 -0.565203 1.554738
-1.781201 1.102065 1.436794
2.498315 -0.000000 0.458281
2.538714 -0.000000 0.080808
2.538714 -0.000000 0.080808
-0.000000 -2.540000 -0.000000
-0.000000 -2.540000 -0.000000
-0.000000 -2.540000 -0.000000
-0.000000 -2.540000 -0.000000
-0.000000 -2.540000 -0.000000
-0.000000 -2.540000 -0.000000
-0.852274 0.000000 -2.392745
-1.199375 0.000000 -2.238995
-1.199375 0.000000 -2.238995
0.000000 2.540000 0.000000
0.000000 2.540000 0.000000
0.000000 2.540000 0.000000
0.000000 2.540000 0.000000
0.000000 2.540000 0.000000
0.000000 2.540000 0.000000
0.905748 -0.000000 2.373019
1.265819 -0.000000 2.202113
0.905748 -0.000000 2.373019
0.000000 2.540000 0.000000
0.000000 2.540000 0.000000
0.000000 2.540000 0.000000
0.000000 2.540000 0.000000
0.000000 2.540000 0.000000
0.000000 2.540000 0.000000
0.000000 2.540000 0.000000
0.000000 2.540000 0.000000
0.000000 2.540000 0.000000
0.549218 2.288461 0.955461
0.691924 2.288461 0.857781
1.140464 1.102065 1.984035
1.697746 1.102065 1.534507
0.923127 2.288461 0.601982
1.916894 1.102065 1.250029
0.326319 -1.985852 1.549680
0.510253 -0.565203 2.423177
0.564725 -1.985852 1.479553
0.523375 -0.000000 2.485494
0.523375 -0.000000 2.485494
0.905748 -0.000000 2.373019
0.000000 2.540000 0.000000
0.000000 2.540000 0.000000
0.000000 2.540000 0.000000
0.000000 2.540000 0.000000
0.000000 2.540000 0.000000
0.000000 2.540000 0.000000
0.934771 1.102065 -2.088841
1.250029 1.102065 -1.916894
0.601982 2.288461 -0.923127
0.955461 2.288461 -0.549218
0.857781 2.288461 -0.691924
1.984035 1.102065 -1.140464
0.000000 2.540000 0.000000
0.000000 2.540000 0.000000
0.000000 2.540000 0.000000
0.000000 2.540000 0.000000
0.000000 2.540000 0.000000
0.000000 2.540000 0.000000
0.000000 2.540000 0.000000
0.000000 2.540000 0.000000
0.000000 2.540000 0.000000
0.000000 2.540000 0.000000
0.000000 2.540000 0.000000
0.000000 2.540000 0.000000
0.000000 2.540000 0.000000
0.000000 2.540000 0.000000
0.000000 2.540000 0.000000
0.000000 2.540000 0.000000
0.000000 2.540000 0.000000
0.000000 2.540000 0.000000
1.812628 1.583664 0.811163
0.515901 2.476317 0.230869
1.663418 1.583664 1.084734
0.000000 2.540000 0.000000
0.000000 2.540000 0.000000
0.000000 2.540000 0.000000
-1.884356 0.000000 -1.703174
-1.884356 0.000000 -1.703174
-1.594721 0.000000 -1.976984
0.000000 2.540000 0.000000
0.000000 2.540000 0.000000
0.000000 2.540000 0.000000
0.000000 2.540000 0.000000
0.000000 2.540000 0.000000
0.000000 2.540000 0.000000
-0.905748 0.000000 -2.373019
-0.905748 0.000000 -2.373019
-1.265819 0.000000 -2.202113
-0.816051 1.102065 -2.138016
-0.471545 1.102065 -2.239352
-0.227084 2.288461 -1.078415
-0.055587 2.288461 -1.100662
0.028508 2.476317 0.564484
-0.227084 2.288461 -1.078415
2.127592 -0.000000 1.387427
2.127592 -0.000000 1.387427
2.318439 -0.000000 1.037517
0.000000 2.540000 0.000000
0.000000 2.540000 0.000000
0.000000 2.540000 0.000000
0.000000 2.540000 0.000000
0.000000 2.540000 0.000000
0.000000 2.540000 0.000000
0.000000 2.540000 0.000000
0.000000 2.540000 0.000000
0.000000 2.540000 0.000000
0.000000 2.540000 0.000000
0.000000 2.540000 0.000000
0.000000 2.540000 0.000000
0.000000 2.540000 0.000000
0.000000 2.540000 0.000000
0.000000 2.540000 0.000000
0.000000 2.540000 0.000000
0.000000 2.540000 0.000000
0.000000 2.540000 0.000000
0.000000 2.540000 0.000000
0.000000 2.540000 0.000000
0.000000 2.540000 0.000000
1.549680 -1.985852 -0.326319
2.473165 -0.565203 -0.124903
2.423177 -0.565203 -0.510253
2.313523 -0.565203 -0.883039
2.239352 1.102065 -0.471545
2.138016 1.102065 -0.816051
2.202113 -0.000000 -1.265819
2.202113 -0.000000 -1.265819
1.976984 -0.000000 -1.594721
-0.000000 -2.540000 -0.000000
-0.000000 -2.540000 -0.000000
1.061912 -1.985852 -1.174877
-1.884356 0.000000 -1.703174
-1.663418 1.583664 -1.084734
-1.473249 1.583664 -1.331595
0.000000 2.540000 0.000000
0.000000 2.540000 0.000000
0.000000 2.540000 0.000000
0.000000 2.540000 0.000000
0.000000 2.540000 0.000000
0.000000 2.540000 0.000000
2.485494 0.000000 -0.523375
2.373019 -0.000000 -0.905748
1.855301 1.583664 -0.708143
-0.263523 -0.565203 2.462255
-0.243532 1.102065 2.275466
0.124903 -0.565203 2.473165
-0.263523 -0.565203 2.462255
-0.596495 1.102065 2.209354
-0.243532 1.102065 2.275466
-1.594721 0.000000 -1.976984
-1.265819 0.000000 -2.202113
-1.594721 0.000000 -1.976984
-1.234082 -0.565203 -2.146901
-0.883039 -0.565203 -2.313523
-1.140464 1.102065 -1.984035
0.000000 2.540000 0.000000
0.000000 2.540000 0.000000
0.000000 2.540000 0.000000
0.000000 2.540000 0.000000
0.000000 2.540000 0.000000
0.000000 2.540000 0.000000
0.000000 2.540000 0.000000
0.000000 2.540000 0.000000
0.000000 2.540000 0.000000
0.000000 2.540000 0.000000
0.000000 2.540000 0.000000
0.000000 2.540000 0.000000
-2.373019 0.000000 0.905748
-2.373019 0.000000 0.905748
-2.202113 0.000000 1.265819
-1.549680 -1.985852 0.326319
-1.479553 -1.985852 0.564725
-0.000000 -2.540000 -0.000000
0.000000 2.540000 0.000000
0.000000 2.540000 0.000000
0.000000 2.540000 0.000000
0.000000 2.540000 0.000000
0.000000 2.540000 0.000000
0.000000 2.540000 0.000000
0.000000 2.540000 0.000000
0.000000 2.540000 0.000000
0.000000 2.540000 0.000000
0.000000 2.540000 0.000000
0.000000 2.540000 0.000000
0.000000 2.540000 0.000000
0.000000 2.540000 0.000000
0.000000 2.540000 0.000000
0.000000 2.540000 0.000000
0.000000 2.540000 0.000000
0.000000 2.540000 0.000000
0.000000 2.540000 0.000000
1.884356 -0.000000 1.703174
1.594721 -0.000000 1.976984
1.884356 -0.000000 1.703174
-0.000000 -2.540000 -0.000000
-0.000000 -2.540000 -0.000000
1.174877 -1.985852 1.061912
0.000000 2.540000 0.000000
0.000000 2.540000 0.000000
0.000000 2.540000 0.000000
0.000000 2.540000 0.000000
0.000000 2.540000 0.000000
0.000000 2.540000 0.000000
0.000000 2.540000 0.000000
0.000000 2.540000 0.000000
0.000000 2.540000 0.000000
0.000000 2.540000 0.000000
0.000000 2.540000 0.000000
0.000000 2.540000 0.000000
-0.128115 0.000000 -2.536767
-0.523375 0.000000 -2.485494
-0.128115 0.000000 -2.536767
0.000000 2.540000 0.000000
0.000000 2.540000 0.000000
0.000000 2.540000 0.000000
-0.738980 2.288461 0.817591
-0.601982 2.288461 0.923127
-1.534507 1.102065 1.697746
-1.534507 1.102065 1.697746
-1.781201 1.102065 1.436794
-0.857781 2.288461 0.691924
0.000000 2.540000 0.000000
0.000000 2.540000 0.000000
0.000000 2.540000 0.000000
0.000000 2.540000 0.000000
0.000000 2.540000 0.000000
0.000000 2.540000 0.000000
0.000000 2.540000 0.000000
0.000000 2.540000 0.000000
0.000000 2.540000 0.000000
-0.662060 0.000000 2.452199
-0.662060 0.000000 2.452199
-0.270300 -0.000000 2.525577
1.084734 1.583664 -1.663418
0.811163 1.583664 -1.812628
0.308732 2.476317 -0.473434
1.703174 -0.000000 -1.884356
1.084734 1.583664 -1.663418
1.331595 1.583664 -1.473249
0.934771 1.102065 -2.088841
1.352641 -0.565203 -2.074248
1.250029 1.102065 -1.916894
1.011504 -0.565203 -2.260311
1.352641 -0.565203 -2.074248
0.934771 1.102065 -2.088841
2.525577 -0.000000 0.270300
2.525577 -0.000000 0.270300
2.452199 -0.000000 0.662060
1.528921 -1.985852 0.412787
2.390717 -0.565203 0.645460
1.574671 -1.985852 0.168529
0.000000 2.540000 0.000000
0.000000 2.540000 0.000000
0.000000 2.540000 0.000000
-2.485494 0.000000 0.523375
-2.485494 0.000000 0.523375
-2.536767 0.000000 0.128115
2.138016 1.102065 -0.816051
0.955461 2.288461 -0.549218
1.984035 1.102065 -1.140464
2.239352 1.102065 -0.471545
1.029614 2.288461 -0.392990
2.138016 1.102065 -0.816051
-2.452199 0.000000 -0.662060
-2.452199 0.000000 -0.662060
-2.525577 0.000000 -0.270300
0.000000 2.540000 0.000000
0.000000 2.540000 0.000000
0.000000 2.540000 0.000000
2.536767 -0.000000 -0.128115
1.943237 1.583664 -0.409191
1.983324 1.583664 -0.100164
2.525577 -0.000000 0.270300
2.536767 -0.000000 -0.128115
1.983324 1.583664 -0.100164
-1.594721 -0.000000 -1.976984
-1.884356 0.000000 -1.703174
-1.473249 1.583664 -1.331595
-0.989657 1.583664 -1.721681
-1.594721 -0.000000 -1.976984
-1.246803 1.583664 -1.545668
1.974575 1.583664 0.211329
0.561994 2.476317 0.060147
1.917206 1.583664 0.517619
1.917206 1.583664 0.517619
0.545666 2.476317 0.147322
1.812628 1.583664 0.811163
-1.812628 1.583664 -0.811163
-2.452199 0.000000 -0.662060
-1.917206 1.583664 -0.517619
-1.974575 1.583664 -0.211329
-1.917206 1.583664 -0.517619
-2.452199 0.000000 -0.662060
-1.436794 1.102065 -1.781201
-1.140464 1.102065 -1.984035
-0.549218 2.288461 -0.955461
-1.140464 1.102065 -1.984035
-1.436794 1.102065 -1.781201
-1.554738 -0.565203 -1.927416
1.140464 1.102065 1.984035
0.691924 2.288461 0.857781
1.436794 1.102065 1.781201
1.140464 1.102065 1.984035
1.436794 1.102065 1.781201
1.554738 -0.565203 1.927416
0.270300 0.000000 -2.525577
0.270300 0.000000 -2.525577
0.662060 -0.000000 -2.452199
0.412787 -1.985852 -1.528921
0.168529 -1.985852 -1.574671
-0.000000 -2.540000 -0.000000
0.100164 1.583664 1.983324
-0.270300 -0.000000 2.525577
0.128115 -0.000000 2.536767
0.409191 1.583664 1.943237
0.100164 1.583664 1.983324
0.128115 -0.000000 2.536767
1.884356 -0.000000 1.703174
1.663418 1.583664 1.084734
1.473249 1.583664 1.331595
1.594721 0.000000 1.976984
1.884356 -0.000000 1.703174
1.473249 1.583664 1.331595
-1.976984 0.000000 1.594721
-1.703174 0.000000 1.884356
-1.331595 1.583664 1.473249
-1.703174 0.000000 1.884356
-1.084734 1.583664 1.663418
-1.331595 1.583664 1.473249
-0.934771 1.102065 2.088841
-1.250029 1.102065 1.916894
-0.601982 2.288461 0.923127
-0.287257 2.288461 1.063969
-0.596495 1.102065 2.209354
-0.450162 2.288461 1.005933
-2.462255 -0.565203 -0.263523
-2.390717 -0.565203 -0.645460
-2.209354 1.102065 -0.596495
-2.209354 1.102065 -0.596495
-2.088841 1.102065 -0.934771
-1.005933 2.288461 -0.450162
2.209354 1.102065 0.596495
2.088841 1.102065 0.934771
1.005933 2.288461 0.450162
2.462255 -0.565203 0.263523
2.390717 -0.565203 0.645460
2.209354 1.102065 0.596495
1.545668 1.583664 -1.246803
0.439920 2.476317 -0.354859
1.721681 1.583664 -0.989657
0.378992 2.476317 -0.419309
0.439920 2.476317 -0.354859
1.545668 1.583664 -1.246803
-2.318439 0.000000 -1.037517
-2.127592 0.000000 -1.387427
-2.318439 0.000000 -1.037517
0.000000 2.540000 0.000000
0.000000 2.540000 0.000000
0.000000 2.540000 0.000000
0.596495 1.102065 -2.209354
0.934771 1.102065 -2.088841
0.450162 2.288461 -1.005933
0.117279 2.288461 -1.095807
0.243532 1.102065 -2.275466
0.287257 2.288461 -1.063969
0.308732 2.476317 -0.473434
0.811163 1.583664 -1.812628
0.230869 2.476317 -0.515901
0.517619 1.583664 -1.917206
0.211329 1.583664 -1.974575
0.147322 2.476317 -0.545666
0.905748 -0.000000 2.373019
0.989657 1.583664 1.721681
0.708143 1.583664 1.855301
0.523375 -0.000000 2.485494
0.905748 -0.000000 2.373019
0.708143 1.583664 1.855301
-2.485494 -0.000000 0.523375
-2.373019 0.000000 0.905748
-1.855301 1.583664 0.708143
-2.373019 0.000000 0.905748
-1.721681 1.583664 0.989657
-1.855301 1.583664 0.708143
-0.708143 1.583664 -1.855301
-0.523375 0.000000 -2.485494
-0.905748 0.000000 -2.373019
-0.989657 1.583664 -1.721681
-0.708143 1.583664 -1.855301
-0.905748 0.000000 -2.373019
-0.128115 0.000000 -2.536767
-0.409191 1.583664 -1.943237
-0.100164 1.583664 -1.983324
0.270300 -0.000000 -2.525577
-0.128115 0.000000 -2.536767
-0.100164 1.583664 -1.983324
-2.536767 0.000000 0.128115
-1.943237 1.583664 0.409191
-1.983324 1.583664 0.100164
-2.525577 0.000000 -0.270300
-2.536767 0.000000 0.128115
-1.983324 1.583664 0.100164
1.781201 1.102065 -1.436794
0.738980 2.288461 -0.817591
1.534507 1.102065 -1.697746
1.534507 1.102065 -1.697746
1.927416 -0.565203 -1.554738
1.781201 1.102065 -1.436794
-1.078415 2.288461 0.227084
0.553074 2.476317 -0.116462
-1.029614 2.288461 0.392990
1.943237 1.583664 -0.409191
0.553074 2.476317 -0.116462
1.983324 1.583664 -0.100164
-1.246803 1.583664 -1.545668
-1.594721 -0.000000 -1.976984
-1.473249 1.583664 -1.331595
0.549218 2.288461 0.955461
-0.281671 2.476317 -0.490016
0.691924 2.288461 0.857781
-0.473434 2.476317 -0.308732
-1.812628 1.583664 -0.811163
-0.515901 2.476317 -0.230869
1.063969 2.288461 0.287257
2.209354 1.102065 0.596495
1.005933 2.288461 0.450162
0.263523 -0.565203 -2.462255
0.243532 1.102065 -2.275466
-0.124903 -0.565203 -2.473165
-0.523375 0.000000 -2.485494
-0.523375 0.000000 -2.485494
-0.128115 0.000000 -2.536767
-2.536767 0.000000 0.128115
-2.485494 0.000000 0.523375
-2.536767 0.000000 0.128115
-2.473165 -0.565203 0.124903
-2.462255 -0.565203 -0.263523
-2.285548 1.102065 0.115427
-0.000000 -2.540000 0.000000
-0.000000 -2.540000 -0.000000
1.372995 -1.985852 -0.789225
1.549680 -1.985852 -0.326319
2.423177 -0.565203 -0.510253
1.479553 -1.985852 -0.564725
0.545666 2.476317 0.147322
0.515901 2.476317 0.230869
1.812628 1.583664 0.811163
-1.095807 2.288461 -0.117279
-2.275466 1.102065 -0.243532
-1.063969 2.288461 -0.287257
0.117279 2.288461 -1.095807
-0.060147 2.476317 0.561994
-0.055587 2.288461 -1.100662
-0.060147 2.476317 0.561994
-0.147322 2.476317 0.545666
-0.517619 1.583664 1.917206
-1.545668 1.583664 1.246803
-0.378992 2.476317 0.419309
-0.439920 2.476317 0.354859
0.738980 2.288461 -0.817591
0.601982 2.288461 -0.923127
1.534507 1.102065 -1.697746
-0.817591 2.288461 -0.738980
-0.923127 2.288461 -0.601982
-1.697746 1.102065 -1.534507
0.419309 2.476317 0.378992
0.354859 2.476317 0.439920
1.246803 1.583664 1.545668
-0.955461 2.288461 0.549218
-0.857781 2.288461 0.691924
-1.984035 1.102065 1.140464
-1.984035 1.102065 1.140464
-2.313523 -0.565203 0.883039
-2.138016 1.102065 0.816051
-0.000000 -2.540000 -0.000000
-1.372995 -1.985852 0.789225
-0.000000 -2.540000 -0.000000
-0.000000 -2.540000 -0.000000
-1.232629 -1.985852 0.994292
-0.000000 -2.540000 -0.000000
0.115427 1.102065 2.285548
0.227084 2.288461 1.078415
0.471545 1.102065 2.239352
0.124903 -0.565203 2.473165
0.115427 1.102065 2.285548
0.510253 -0.565203 2.423177
-1.078415 2.288461 0.227084
-2.239352 1.102065 0.471545
-1.100662 2.288461 0.055587
-2.473165 -0.565203 0.124903
-2.285548 1.102065 0.115427
-2.423177 -0.565203 0.510253
1.574671 -1.985852 0.168529
-0.000000 -2.540000 -0.000000
1.528921 -1.985852 0.412787
2.473165 -0.565203 -0.124903
2.462255 -0.565203 0.263523
2.285548 1.102065 -0.115427
-2.074248 -0.565203 -1.352641
-1.916894 1.102065 -1.250029
-2.260311 -0.565203 -1.011504
-2.127592 0.000000 -1.387427
-2.127592 0.000000 -1.387427
-2.318439 0.000000 -1.037517
-1.387427 0.000000 2.127592
-1.037517 0.000000 2.318439
-1.387427 0.000000 2.127592
-1.352641 -0.565203 2.074248
-1.250029 1.102065 1.916894
-1.011504 -0.565203 2.260311
1.084734 1.583664 -1.663418
1.037517 -0.000000 -2.318439
0.811163 1.583664 -1.812628
0.662060 0.000000 -2.452199
0.517619 1.583664 -1.917206
1.037517 -0.000000 -2.318439
-1.037517 0.000000 2.318439
-0.662060 -0.000000 2.452199
-0.811163 1.583664 1.812628
-0.211329 1.583664 1.974575
-0.517619 1.583664 1.917206
-0.662060 -0.000000 2.452199
-0.000000 -2.540000 -0.000000
-0.000000 -2.540000 -0.000000
0.789225 -1.985852 1.372995
0.564725 -1.985852 1.479553
-0.000000 -2.540000 -0.000000
0.326319 -1.985852 1.549680
-0.115427 1.102065 -2.285548
-0.227084 2.288461 -1.078415
-0.471545 1.102065 -2.239352
-0.124903 -0.565203 -2.473165
-0.115427 1.102065 -2.285548
-0.510253 -0.565203 -2.423177
2.285548 1.102065 -0.115427
1.078415 2.288461 -0.227084
2.239352 1.102065 -0.471545
2.473165 -0.565203 -0.124903
2.285548 1.102065 -0.115427
2.423177 -0.565203 -0.510253
-0.000000 -2.540000 0.000000
-0.994292 -1.985852 -1.232629
-0.000000 -2.540000 -0.000000
-1.174877 -1.985852 -1.061912
-0.000000 -2.540000 -0.000000
-0.000000 -2.540000 -0.000000
-0.450162 2.288461 1.005933
-0.934771 1.102065 2.088841
-0.601982 2.288461 0.923127
1.331595 1.583664 -1.473249
1.084734 1.583664 -1.663418
0.308732 2.476317 -0.473434
-0.392990 2.288461 -1.029614
-0.549218 2.288461 -0.955461
-0.816051 1.102065 -2.138016
-0.227084 2.288461 -1.078415
0.028508 2.476317 0.564484
0.116462 2.476317 0.553074
1.005933 2.288461 0.450162
-0.515901 2.476317 -0.230869
1.063969 2.288461 0.287257
1.095807 2.288461 0.117279
-0.545666 2.476317 -0.147322
-0.561994 2.476317 -0.060147
0.994292 -1.985852 1.232629
-0.000000 -2.540000 -0.000000
0.789225 -1.985852 1.372995
-0.000000 -2.540000 -0.000000
-0.000000 -2.540000 -0.000000
0.994292 -1.985852 1.232629
1.232629 -1.985852 -0.994292
-0.000000 -2.540000 0.000000
1.372995 -1.985852 -0.789225
-0.000000 -2.540000 -0.000000
-0.000000 -2.540000 0.000000
1.232629 -1.985852 -0.994292
1.528921 -1.985852 0.412787
2.260311 -0.565203 1.011504
2.390717 -0.565203 0.645460
2.318439 -0.000000 1.037517
2.318439 -0.000000 1.037517
2.452199 -0.000000 0.662060
0.817591 2.288461 0.738980
0.923127 2.288461 0.601982
1.697746 1.102065 1.534507
0.817591 2.288461 0.738980
-0.354859 2.476317 -0.439920
-0.419309 2.476317 -0.378992
0.955461 2.288461 -0.549218
-0.490016 2.476317 0.281671
0.857781 2.288461 -0.691924
0.738980 2.288461 -0.817591
-0.439920 2.476317 0.354859
-0.378992 2.476317 0.419309
-0.955461 2.288461 0.549218
0.490016 2.476317 -0.281671
-0.857781 2.288461 0.691924
-0.738980 2.288461 0.817591
0.439920 2.476317 -0.354859
0.378992 2.476317 -0.419309
0.227084 2.288461 1.078415
-0.028508 2.476317 -0.564484
-0.116462 2.476317 -0.553074
-0.117279 2.288461 1.095807
0.060147 2.476317 -0.561994
0.055587 2.288461 1.100662
0.227084 2.288461 1.078415
-0.116462 2.476317 -0.553074
0.392990 2.288461 1.029614
0.549218 2.288461 0.955461
-0.201548 2.476317 -0.528046
-0.281671 2.476317 -0.490016
1.078415 2.288461 -0.227084
-0.553074 2.476317 0.116462
1.029614 2.288461 -0.392990
0.955461 2.288461 -0.549218
-0.528046 2.476317 0.201548
-0.490016 2.476317 0.281671
-0.263523 -0.565203 2.462255
-0.645460 -0.565203 2.390717
-0.596495 1.102065 2.209354
-0.596495 1.102065 2.209354
-0.934771 1.102065 2.088841
-0.450162 2.288461 1.005933
0.243532 1.102065 -2.275466
0.596495 1.102065 -2.209354
0.287257 2.288461 -1.063969
0.263523 -0.565203 -2.462255
0.596495 1.102065 -2.209354
0.243532 1.102065 -2.275466
2.485494 -0.000000 -0.523375
2.373019 -0.000000 -0.905748
2.485494 -0.000000 -0.523375
1.479553 -1.985852 -0.564725
-0.000000 -2.540000 -0.000000
1.549680 -1.985852 -0.326319
0.412787 -1.985852 -1.528921
1.011504 -0.565203 -2.260311
0.645460 -0.565203 -2.390717
1.037517 -0.000000 -2.318439
0.662060 -0.000000 -2.452199
1.037517 -0.000000 -2.318439
-0.564725 -1.985852 -1.479553
-0.789225 -1.985852 -1.372995
-0.000000 -2.540000 -0.000000
-0.000000 -2.540000 0.000000
-0.564725 -1.985852 -1.479553
-0.000000 -2.540000 -0.000000
-1.479553 -1.985852 0.564725
-1.372995 -1.985852 0.789225
-0.000000 -2.540000 -0.000000
-0.000000 -2.540000 -0.000000
-1.479553 -1.985852 0.564725
-0.000000 -2.540000 -0.000000
-1.574671 -1.985852 -0.168529
-1.581648 -1.985852 0.079878
-0.000000 -2.540000 -0.000000
-0.000000 -2.540000 -0.000000
-1.574671 -1.985852 -0.168529
-0.000000 -2.540000 -0.000000
-2.138016 1.102065 0.816051
-0.955461 2.288461 0.549218
-1.984035 1.102065 1.140464
-2.239352 1.102065 0.471545
-1.029614 2.288461 0.392990
-2.138016 1.102065 0.816051
0.287257 2.288461 -1.063969
-0.230869 2.476317 0.515901
-0.147322 2.476317 0.545666
0.601982 2.288461 -0.923127
-0.308732 2.476317 0.473434
0.450162 2.288461 -1.005933
-1.063969 2.288461 -0.287257
0.515901 2.476317 0.230869
0.545666 2.476317 0.147322
-0.923127 2.288461 -0.601982
0.473434 2.476317 0.308732
-1.005933 2.288461 -0.450162
-0.549218 2.288461 -0.955461
0.281671 2.476317 0.490016
-0.691924 2.288461 -0.857781
-0.817591 2.288461 -0.738980
0.354859 2.476317 0.439920
0.419309 2.476317 0.378992
1.078415 2.288461 -0.227084
-0.564484 2.476317 0.028508
-0.553074 2.476317 0.116462
1.095807 2.288461 0.117279
-0.561994 2.476317 -0.060147
1.100662 2.288461 -0.055587
-0.117279 2.288461 1.095807
0.147322 2.476317 -0.545666
0.060147 2.476317 -0.561994
-0.450162 2.288461 1.005933
0.230869 2.476317 -0.515901
-0.287257 2.288461 1.063969
2.088841 1.102065 0.934771
1.916894 1.102065 1.250029
0.923127 2.288461 0.601982
1.916894 1.102065 1.250029
2.088841 1.102065 0.934771
2.260311 -0.565203 1.011504
-2.088841 1.102065 -0.934771
-1.916894 1.102065 -1.250029
-0.923127 2.288461 -0.601982
-1.916894 1.102065 -1.250029
-2.088841 1.102065 -0.934771
-2.260311 -0.565203 -1.011504
0.000000 2.540000 0.000000
0.000000 2.540000 0.000000
0.000000 2.540000 0.000000
2.452199 -0.000000 0.662060
2.525577 -0.000000 0.270300
2.452199 -0.000000 0.662060
-0.816051 1.102065 -2.138016
-0.549218 2.288461 -0.955461
-1.140464 1.102065 -1.984035
-1.140464 1.102065 -1.984035
-0.883039 -0.565203 -2.313523
-0.816051 1.102065 -2.138016
-2.275466 1.102065 -0.243532
-2.209354 1.102065 -0.596495
-1.063969 2.288461 -0.287257
-2.462255 -0.565203 -0.263523
-2.209354 1.102065 -0.596495
-2.275466 1.102065 -0.243532
-0.243532 1.102065 2.275466
0.055587 2.288461 1.100662
0.115427 1.102065 2.285548
-0.243532 1.102065 2.275466
0.115427 1.102065 2.285548
0.124903 -0.565203 2.473165
-1.534507 1.102065 1.697746
-0.601982 2.288461 0.923127
-1.250029 1.102065 1.916894
-1.352641 -0.565203 2.074248
-1.534507 1.102065 1.697746
-1.250029 1.102065 1.916894
-2.423177 -0.565203 0.510253
-2.285548 1.102065 0.115427
-2.239352 1.102065 0.471545
-2.313523 -0.565203 0.883039
-2.423177 -0.565203 0.510253
-2.239352 1.102065 0.471545
-0.079878 -1.985852 -1.581648
-0.000000 -2.540000 -0.000000
-0.000000 -2.540000 0.000000
-0.326319 -1.985852 -1.549680
-0.124903 -0.565203 -2.473165
-0.510253 -0.565203 -2.423177
0.326319 -1.985852 1.549680
0.124903 -0.565203 2.473165
0.510253 -0.565203 2.423177
0.079878 -1.985852 1.581648
-0.000000 -2.540000 -0.000000
-0.000000 -2.540000 -0.000000
-1.549680 -1.985852 0.326319
-2.473165 -0.565203 0.124903
-2.423177 -0.565203 0.510253
-1.581648 -1.985852 0.079878
-0.000000 -2.540000 -0.000000
-0.000000 -2.540000 -0.000000
-1.436794 1.102065 -1.781201
-1.697746 1.102065 -1.534507
-1.837111 -0.565203 -1.660472
-1.436794 1.102065 -1.781201
-0.817591 2.288461 -0.738980
-1.697746 1.102065 -1.534507
-0.412787 -1.985852 1.528921
-0.168529 -1.985852 1.574671
-0.000000 -2.540000 -0.000000
-0.270300 -0.000000 2.525577
-0.662060 0.000000 2.452199
-0.270300 -0.000000 2.525577
-2.525577 0.000000 -0.270300
-2.452199 0.000000 -0.662060
-2.525577 0.000000 -0.270300
-1.528921 -1.985852 -0.412787
-1.574671 -1.985852 -0.168529
-0.000000 -2.540000 -0.000000
-1.387427 -0.000000 2.127592
-1.037517 0.000000 2.318439
-1.084734 1.583664 1.663418
-1.084734 1.583664 1.663418
-1.703174 0.000000 1.884356
-1.387427 -0.000000 2.127592
1.812628 1.583664 0.811163
1.663418 1.583664 1.084734
2.127592 -0.000000 1.387427
1.663418 1.583664 1.084734
1.884356 -0.000000 1.703174
2.127592 -0.000000 1.387427
1.265819 0.000000 2.202113
1.594721 0.000000 1.976984
0.989657 1.583664 1.721681
0.989657 1.583664 1.721681
0.905748 -0.000000 2.373019
1.265819 0.000000 2.202113
1.545668 1.583664 -1.246803
1.721681 1.583664 -0.989657
2.202113 -0.000000 -1.265819
1.721681 1.583664 -0.989657
2.373019 -0.000000 -0.905748
2.202113 -0.000000 -1.265819
0.510253 -0.565203 2.423177
0.115427 1.102065 2.285548
0.471545 1.102065 2.239352
0.883039 -0.565203 2.313523
0.510253 -0.565203 2.423177
0.471545 1.102065 2.239352
2.423177 -0.565203 -0.510253
2.285548 1.102065 -0.115427
2.239352 1.102065 -0.471545
2.313523 -0.565203 -0.883039
2.423177 -0.565203 -0.510253
2.239352 1.102065 -0.471545
0.168529 -1.985852 -1.574671
-0.079878 -1.985852 -1.581648
-0.000000 -2.540000 0.000000
-0.000000 -2.540000 -0.000000
0.168529 -1.985852 -1.574671
-0.000000 -2.540000 0.000000
-0.168529 -1.985852 1.574671
0.079878 -1.985852 1.581648
-0.000000 -2.540000 -0.000000
-0.000000 -2.540000 -0.000000
-0.168529 -1.985852 1.574671
-0.000000 -2.540000 -0.000000
-0.055587 2.288461 -1.100662
-0.227084 2.288461 -1.078415
-0.115427 1.102065 -2.285548
0.243532 1.102065 -2.275466
-0.055587 2.288461 -1.100662
-0.115427 1.102065 -2.285548
-2.275466 1.102065 -0.243532
-1.100662 2.288461 0.055587
-2.285548 1.102065 0.115427
-2.239352 1.102065 0.471545
-2.285548 1.102065 0.115427
-1.100662 2.288461 0.055587
0.816051 1.102065 2.138016
1.140464 1.102065 1.984035
1.234082 -0.565203 2.146901
1.140464 1.102065 1.984035
0.816051 1.102065 2.138016
0.392990 2.288461 1.029614
1.984035 1.102065 -1.140464
0.857781 2.288461 -0.691924
1.781201 1.102065 -1.436794
1.984035 1.102065 -1.140464
1.781201 1.102065 -1.436794
1.927416 -0.565203 -1.554738
2.462255 -0.565203 0.263523
2.209354 1.102065 0.596495
2.275466 1.102065 0.243532
2.275466 1.102065 0.243532
2.209354 1.102065 0.596495
1.063969 2.288461 0.287257
1.436794 1.102065 1.781201
0.817591 2.288461 0.738980
1.697746 1.102065 1.534507
1.697746 1.102065 1.534507
1.554738 -0.565203 1.927416
1.436794 1.102065 1.781201
-1.984035 1.102065 1.140464
-0.857781 2.288461 0.691924
-1.781201 1.102065 1.436794
-1.781201 1.102065 1.436794
-2.146901 -0.565203 1.234082
-1.984035 1.102065 1.140464
-2.318439 0.000000 -1.037517
-2.452199 0.000000 -0.662060
-1.812628 1.583664 -0.811163
-2.318439 0.000000 -1.037517
-1.812628 1.583664 -0.811163
-2.127592 0.000000 -1.387427
2.318439 -0.000000 1.037517
2.452199 -0.000000 0.662060
1.812628 1.583664 0.811163
2.318439 -0.000000 1.037517
1.812628 1.583664 0.811163
2.127592 -0.000000 1.387427
-1.545668 1.583664 1.246803
-1.976984 0.000000 1.594721
-1.331595 1.583664 1.473249
-1.976984 0.000000 1.594721
-1.545668 1.583664 1.246803
-2.202113 0.000000 1.265819
-2.525577 0.000000 -0.270300
-1.974575 1.583664 -0.211329
-2.452199 0.000000 -0.662060
-1.974575 1.583664 -0.211329
-2.525577 0.000000 -0.270300
-1.983324 1.583664 0.100164
0.270300 -0.000000 -2.525577
0.211329 1.583664 -1.974575
0.662060 0.000000 -2.452199
0.211329 1.583664 -1.974575
0.270300 -0.000000 -2.525577
-0.100164 1.583664 -1.983324
2.452199 -0.000000 0.662060
2.525577 -0.000000 0.270300
1.917206 1.583664 0.517619
1.812628 1.583664 0.811163
2.452199 -0.000000 0.662060
1.917206 1.583664 0.517619
-0.811163 1.583664 1.812628
-0.662060 -0.000000 2.452199
-0.517619 1.583664 1.917206
-0.517619 1.583664 1.917206
-0.147322 2.476317 0.545666
-0.811163 1.583664 1.812628
0.811163 1.583664 -1.812628
0.517619 1.583664 -1.917206
0.230869 2.476317 -0.515901
0.517619 1.583664 -1.917206
0.811163 1.583664 -1.812628
1.037517 -0.000000 -2.318439
-0.392990 2.288461 -1.029614
0.201548 2.476317 0.528046
-0.549218 2.288461 -0.955461
-0.549218 2.288461 -0.955461
0.201548 2.476317 0.528046
0.281671 2.476317 0.490016
-1.812628 1.583664 -0.811163
-1.917206 1.583664 -0.517619
-0.515901 2.476317 -0.230869
-1.917206 1.583664 -0.517619
-1.974575 1.583664 -0.211329
-0.545666 2.476317 -0.147322
-0.989657 1.583664 -1.721681
-1.246803 1.583664 -1.545668
-0.281671 2.476317 -0.490016
-1.246803 1.583664 -1.545668
-0.419309 2.476317 -0.378992
-0.354859 2.476317 -0.439920
1.534507 1.102065 -1.697746
0.601982 2.288461 -0.923127
1.250029 1.102065 -1.916894
1.352641 -0.565203 -2.074248
1.534507 1.102065 -1.697746
1.250029 1.102065 -1.916894
1.581648 -1.985852 -0.079878
-0.000000 -2.540000 -0.000000
1.574671 -1.985852 0.168529
-0.000000 -2.540000 -0.000000
-0.000000 -2.540000 -0.000000
1.581648 -1.985852 -0.079878
-1.372995 -1.985852 0.789225
-1.232629 -1.985852 0.994292
-0.000000 -2.540000 -0.000000
-1.927416 -0.565203 1.554738
-2.146901 -0.565203 1.234082
-1.781201 1.102065 1.436794
1.387427 0.000000 -2.127592
1.037517 -0.000000 -2.318439
1.084734 1.583664 -1.663418
1.084734 1.583664 -1.663418
1.703174 -0.000000 -1.884356
1.387427 0.000000 -2.127592
-1.812628 1.583664 -0.811163
-1.663418 1.583664 -1.084734
-2.127592 0.000000 -1.387427
-1.663418 1.583664 -1.084734
-1.884356 0.000000 -1.703174
-2.127592 0.000000 -1.387427
-1.545668 1.583664 1.246803
-1.721681 1.583664 0.989657
-2.202113 0.000000 1.265819
-1.721681 1.583664 0.989657
-2.373019 0.000000 0.905748
-2.202113 0.000000 1.265819
-1.265819 -0.000000 -2.202113
-1.594721 -0.000000 -1.976984
-0.989657 1.583664 -1.721681
-0.989657 1.583664 -1.721681
-0.905748 0.000000 -2.373019
-1.265819 -0.000000 -2.202113
-1.943237 1.583664 0.409191
-2.485494 -0.000000 0.523375
-1.855301 1.583664 0.708143
-1.943237 1.583664 0.409191
-2.536767 0.000000 0.128115
-2.485494 -0.000000 0.523375
1.943237 1.583664 -0.409191
2.536767 -0.000000 -0.128115
2.485494 0.000000 -0.523375
1.943237 1.583664 -0.409191
2.485494 0.000000 -0.523375
1.855301 1.583664 -0.708143
-0.409191 1.583664 -1.943237
-0.523375 0.000000 -2.485494
-0.708143 1.583664 -1.855301
-0.409191 1.583664 -1.943237
-0.128115 0.000000 -2.536767
-0.523375 0.000000 -2.485494
0.409191 1.583664 1.943237
0.523375 -0.000000 2.485494
0.708143 1.583664 1.855301
0.409191 1.583664 1.943237
0.128115 -0.000000 2.536767
0.523375 -0.000000 2.485494
-0.510253 -0.565203 -2.423177
-0.115427 1.102065 -2.285548
-0.471545 1.102065 -2.239352
-0.883039 -0.565203 -2.313523
-0.510253 -0.565203 -2.423177
-0.471545 1.102065 -2.239352
0.789225 -1.985852 1.372995
-0.000000 -2.540000 -0.000000
0.564725 -1.985852 1.479553
0.883039 -0.565203 2.313523
0.816051 1.102065 2.138016
1.234082 -0.565203 2.146901
2.313523 -0.565203 -0.883039
2.138016 1.102065 -0.816051
2.146901 -0.565203 -1.234082
1.372995 -1.985852 -0.789225
-0.000000 -2.540000 -0.000000
1.479553 -1.985852 -0.564725
-0.789225 -1.985852 -1.372995
-0.994292 -1.985852 -1.232629
-0.000000 -2.540000 0.000000
-0.000000 -2.540000 -0.000000
-0.789225 -1.985852 -1.372995
-0.000000 -2.540000 0.000000
2.390717 -0.565203 0.645460
2.088841 1.102065 0.934771
2.209354 1.102065 0.596495
2.260311 -0.565203 1.011504
2.088841 1.102065 0.934771
2.390717 -0.565203 0.645460
-2.260311 -0.565203 -1.011504
-2.088841 1.102065 -0.934771
-2.390717 -0.565203 -0.645460
-2.390717 -0.565203 -0.645460
-2.088841 1.102065 -0.934771
-2.209354 1.102065 -0.596495
-0.645460 -0.565203 2.390717
-0.934771 1.102065 2.088841
-0.596495 1.102065 2.209354
-1.011504 -0.565203 2.260311
-0.934771 1.102065 2.088841
-0.645460 -0.565203 2.390717
0.645460 -0.565203 -2.390717
0.934771 1.102065 -2.088841
0.596495 1.102065 -2.209354
1.011504 -0.565203 -2.260311
0.934771 1.102065 -2.088841
0.645460 -0.565203 -2.390717
-0.738980 2.288461 0.817591
0.378992 2.476317 -0.419309
-0.601982 2.288461 0.923127
-0.601982 2.288461 0.923127
0.378992 2.476317 -0.419309
0.308732 2.476317 -0.473434
0.817591 2.288461 0.738980
-0.419309 2.476317 -0.378992
0.923127 2.288461 0.601982
0.923127 2.288461 0.601982
-0.419309 2.476317 -0.378992
-0.473434 2.476317 -0.308732
-0.817591 2.288461 -0.738980
0.419309 2.476317 0.378992
-0.923127 2.288461 -0.601982
-0.923127 2.288461 -0.601982
0.419309 2.476317 0.378992
0.473434 2.476317 0.308732
0.738980 2.288461 -0.817591
-0.378992 2.476317 0.419309
0.601982 2.288461 -0.923127
0.601982 2.288461 -0.923127
-0.378992 2.476317 0.419309
-0.308732 2.476317 0.473434
1.976984 -0.000000 -1.594721
1.545668 1.583664 -1.246803
2.202113 -0.000000 -1.265819
1.545668 1.583664 -1.246803
1.976984 -0.000000 -1.594721
1.331595 1.583664 -1.473249
1.246803 1.583664 1.545668
1.594721 0.000000 1.976984
1.473249 1.583664 1.331595
0.989657 1.583664 1.721681
1.594721 0.000000 1.976984
1.246803 1.583664 1.545668
1.974575 1.583664 0.211329
2.525577 -0.000000 0.270300
1.983324 1.583664 -0.100164
1.917206 1.583664 0.517619
2.525577 -0.000000 0.270300
1.974575 1.583664 0.211329
-0.211329 1.583664 1.974575
-0.270300 -0.000000 2.525577
0.100164 1.583664 1.983324
-0.270300 -0.000000 2.525577
-0.211329 1.583664 1.974575
-0.662060 -0.000000 2.452199
-1.095807 2.288461 -0.117279
0.561994 2.476317 0.060147
-1.100662 2.288461 0.055587
0.561994 2.476317 0.060147
0.545666 2.476317 0.147322
1.917206 1.583664 0.517619
0.028508 2.476317 0.564484
-0.060147 2.476317 0.561994
-0.211329 1.583664 1.974575
-0.055587 2.288461 -1.100662
-0.060147 2.476317 0.561994
0.028508 2.476317 0.564484
1.095807 2.288461 0.117279
2.275466 1.102065 0.243532
1.063969 2.288461 0.287257
1.063969 2.288461 0.287257
-0.545666 2.476317 -0.147322
1.095807 2.288461 0.117279
-1.005933 2.288461 -0.450162
0.515901 2.476317 0.230869
-1.063969 2.288461 -0.287257
-1.063969 2.288461 -0.287257
-2.209354 1.102065 -0.596495
-1.005933 2.288461 -0.450162
0.287257 2.288461 -1.063969
0.596495 1.102065 -2.209354
0.450162 2.288461 -1.005933
0.450162 2.288461 -1.005933
-0.230869 2.476317 0.515901
0.287257 2.288461 -1.063969
-0.227084 2.288461 -1.078415
0.116462 2.476317 0.553074
-0.392990 2.288461 -1.029614
-0.392990 2.288461 -1.029614
-0.816051 1.102065 -2.138016
-0.227084 2.288461 -1.078415
-0.857781 2.288461 0.691924
0.439920 2.476317 -0.354859
-0.738980 2.288461 0.817591
-0.738980 2.288461 0.817591
-1.534507 1.102065 1.697746
-0.857781 2.288461 0.691924
0.691924 2.288461 0.857781
0.817591 2.288461 0.738980
1.436794 1.102065 1.781201
0.691924 2.288461 0.857781
-0.354859 2.476317 -0.439920
0.817591 2.288461 0.738980
0.857781 2.288461 -0.691924
0.738980 2.288461 -0.817591
1.781201 1.102065 -1.436794
0.857781 2.288461 -0.691924
-0.439920 2.476317 0.354859
0.738980 2.288461 -0.817591
-0.691924 2.288461 -0.857781
-0.817591 2.288461 -0.738980
-1.436794 1.102065 -1.781201
-0.691924 2.288461 -0.857781
0.354859 2.476317 0.439920
-0.817591 2.288461 -0.738980
0.549218 2.288461 0.955461
1.140464 1.102065 1.984035
0.392990 2.288461 1.029614
0.392990 2.288461 1.029614
-0.201548 2.476317 -0.528046
0.549218 2.288461 0.955461
1.029614 2.288461 -0.392990
0.955461 2.288461 -0.549218
2.138016 1.102065 -0.816051
1.029614 2.288461 -0.392990
-0.528046 2.476317 0.201548
0.955461 2.288461 -0.549218
-1.029614 2.288461 0.392990
0.528046 2.476317 -0.201548
-0.955461 2.288461 0.549218
-1.029614 2.288461 0.392990
-0.955461 2.288461 0.549218
-2.138016 1.102065 0.816051
1.100662 2.288461 -0.055587
1.078415 2.288461 -0.227084
2.285548 1.102065 -0.115427
1.100662 2.288461 -0.055587
-0.564484 2.476317 0.028508
1.078415 2.288461 -0.227084
0.055587 2.288461 1.100662
-0.028508 2.476317 -0.564484
0.227084 2.288461 1.078415
0.055587 2.288461 1.100662
0.227084 2.288461 1.078415
0.115427 1.102065 2.285548
-0.117279 2.288461 1.095807
-0.287257 2.288461 1.063969
0.147322 2.476317 -0.545666
-0.117279 2.288461 1.095807
-0.243532 1.102065 2.275466
-0.287257 2.288461 1.063969
0.923127 2.288461 0.601982
-0.473434 2.476317 -0.308732
1.005933 2.288461 0.450162
1.005933 2.288461 0.450162
-0.473434 2.476317 -0.308732
-0.515901 2.476317 -0.230869
-0.601982 2.288461 0.923127
0.308732 2.476317 -0.473434
-0.450162 2.288461 1.005933
-0.450162 2.288461 1.005933
0.308732 2.476317 -0.473434
0.230869 2.476317 -0.515901
0.117279 2.288461 -1.095807
-0.147322 2.476317 0.545666
-0.060147 2.476317 0.561994
0.287257 2.288461 -1.063969
-0.147322 2.476317 0.545666
0.117279 2.288461 -1.095807
-1.063969 2.288461 -0.287257
0.545666 2.476317 0.147322
-1.095807 2.288461 -0.117279
-1.095807 2.288461 -0.117279
0.545666 2.476317 0.147322
0.561994 2.476317 0.060147
-1.078415 2.288461 0.227084
0.564484 2.476317 -0.028508
0.553074 2.476317 -0.116462
-1.100662 2.288461 0.055587
0.564484 2.476317 -0.028508
-1.078415 2.288461 0.227084
-1.974575 1.583664 -0.211329
-0.564484 2.476317 0.028508
-0.561994 2.476317 -0.060147
1.100662 2.288461 -0.055587
-0.561994 2.476317 -0.060147
-0.564484 2.476317 0.028508
0.055587 2.288461 1.100662
0.060147 2.476317 -0.561994
-0.028508 2.476317 -0.564484
0.211329 1.583664 -1.974575
-0.028508 2.476317 -0.564484
0.060147 2.476317 -0.561994
0.201548 2.476317 0.528046
0.116462 2.476317 0.553074
0.409191 1.583664 1.943237
-0.392990 2.288461 -1.029614
0.116462 2.476317 0.553074
0.201548 2.476317 0.528046
-1.029614 2.288461 0.392990
0.553074 2.476317 -0.116462
0.528046 2.476317 -0.201548
0.528046 2.476317 -0.201548
0.553074 2.476317 -0.116462
1.943237 1.583664 -0.409191
0.392990 2.288461 1.029614
-0.116462 2.476317 -0.553074
-0.201548 2.476317 -0.528046
-0.201548 2.476317 -0.528046
-0.116462 2.476317 -0.553074
-0.409191 1.583664 -1.943237
-1.943237 1.583664 0.409191
-0.528046 2.476317 0.201548
-0.553074 2.476317 0.116462
1.029614 2.288461 -0.392990
-0.553074 2.476317 0.116462
-0.528046 2.476317 0.201548
-0.857781 2.288461 0.691924
0.490016 2.476317 -0.281671
0.439920 2.476317 -0.354859
0.439920 2.476317 -0.354859
0.490016 2.476317 -0.281671
1.721681 1.583664 -0.989657
0.857781 2.288461 -0.691924
-0.490016 2.476317 0.281671
-0.439920 2.476317 0.354859
-0.490016 2.476317 0.281671
-1.545668 1.583664 1.246803
-0.439920 2.476317 0.354859
-0.691924 2.288461 -0.857781
0.281671 2.476317 0.490016
0.354859 2.476317 0.439920
0.354859 2.476317 0.439920
0.281671 2.476317 0.490016
0.989657 1.583664 1.721681
0.691924 2.288461 0.857781
-0.281671 2.476317 -0.490016
-0.354859 2.476317 -0.439920
-0.281671 2.476317 -0.490016
-1.246803 1.583664 -1.545668
-0.354859 2.476317 -0.439920
0.515901 2.476317 0.230869
0.473434 2.476317 0.308732
1.663418 1.583664 1.084734
-1.005933 2.288461 -0.450162
0.473434 2.476317 0.308732
0.515901 2.476317 0.230869
-0.230869 2.476317 0.515901
-0.308732 2.476317 0.473434
-1.084734 1.583664 1.663418
0.450162 2.288461 -1.005933
-0.308732 2.476317 0.473434
-0.230869 2.476317 0.515901
0.230869 2.476317 -0.515901
0.517619 1.583664 -1.917206
0.147322 2.476317 -0.545666
-0.287257 2.288461 1.063969
0.230869 2.476317 -0.515901
0.147322 2.476317 -0.545666
-0.515901 2.476317 -0.230869
-1.917206 1.583664 -0.517619
-0.545666 2.476317 -0.147322
1.063969 2.288461 0.287257
-0.515901 2.476317 -0.230869
-0.545666 2.476317 -0.147322
-1.554738 -0.565203 -1.927416
-1.436794 1.102065 -1.781201
-1.837111 -0.565203 -1.660472
-0.994292 -1.985852 -1.232629
-1.174877 -1.985852 -1.061912
-0.000000 -2.540000 -0.000000
1.837111 -0.565203 1.660472
1.554738 -0.565203 1.927416
1.697746 1.102065 1.534507
1.174877 -1.985852 1.061912
-0.000000 -2.540000 -0.000000
0.994292 -1.985852 1.232629
-1.232629 -1.985852 0.994292
-1.061912 -1.985852 1.174877
-0.000000 -2.540000 -0.000000
-1.660472 -0.565203 1.837111
-1.927416 -0.565203 1.554738
-1.534507 1.102065 1.697746
1.660472 -0.565203 -1.837111
1.927416 -0.565203 -1.554738
1.534507 1.102065 -1.697746
1.061912 -1.985852 -1.174877
-0.000000 -2.540000 -0.000000
1.232629 -1.985852 -0.994292
</float_array>
          <technique_common>
            <accessor source="#FBXASC227FBXASC130FBXASC189FBXASC227FBXASC131FBXASC170FBXASC227FBXASC131FBXASC131FBXASC227FBXASC131FBXASC1372-Normal0-array" count="2292" stride="3">
              <param name="X" type="float"/>
              <param name="Y" type="float"/>
              <param name="Z" type="float"/>
            </accessor>
          </technique_common>
        </source>
        <vertices id="FBXASC227FBXASC130FBXASC189FBXASC227FBXASC131FBXASC170FBXASC227FBXASC131FBXASC131FBXASC227FBXASC131FBXASC1372-VERTEX">
          <input semantic="POSITION" source="#FBXASC227FBXASC130FBXASC189FBXASC227FBXASC131FBXASC170FBXASC227FBXASC131FBXASC131FBXASC227FBXASC131FBXASC1372-POSITION"/>
        </vertices>
        <triangles count="764" material="MaterialFBXASC032FBXASC03526">
          <input semantic="VERTEX" offset="0" source="#FBXASC227FBXASC130FBXASC189FBXASC227FBXASC131FBXASC170FBXASC227FBXASC131FBXASC131FBXASC227FBXASC131FBXASC1372-VERTEX"/>
          <input semantic="NORMAL" offset="1" source="#FBXASC227FBXASC130FBXASC189FBXASC227FBXASC131FBXASC170FBXASC227FBXASC131FBXASC131FBXASC227FBXASC131FBXASC1372-Normal0"/>
          <p> 29 0 15 1 145 2 125 3 121 4 23 5 204 6 53 7 11 8 65 9 146 10 39 11 233 12 176 13 197 14 147 15 36 16 23 17 64 18 136 19 28 20 68 21 129 22 9 23 47 24 133 25 39 26 115 27 113 28 11 29 69 30 155 31 39 32 221 33 206 34 11 35 42 36 127 37 39 38 87 39 129 40 68 41 280 42 71 43 203 44 45 45 29 46 145 47 108 48 62 49 27 50 71 51 60 52 258 53 117 54 29 55 45 56 144 57 95 58 268 59 110 60 176 61 233 62 120 63 59 64 39 65 156 66 64 67 57 68 143 69 122 70 267 71 296 72 263 73 302 74 59 75 124 76 39 77 290 78 200 79 246 80 113 81 139 82 157 83 187 84 84 85 16 86 245 87 206 88 221 89 291 90 206 91 245 92 234 93 53 94 204 95 62 96 134 97 9 98 62 99 108 100 134 101 130 102 56 103 23 104 231 105 322 106 232 107 190 108 53 109 234 110 115 111 139 112 113 113 13 114 323 115 373 116 149 117 64 118 142 119 69 120 79 121 155 122 185 123 295 124 230 125 328 126 368 127 86 128 23 129 193 130 147 131 283 132 265 133 277 134 63 135 131 136 39 137 163 138 72 139 173 140 342 141 239 142 294 143 73 144 109 145 162 146 276 147 182 148 255 149 249 150 296 151 302 152 18 153 186 154 168 155 142 156 189 157 149 158 195 159 189 160 142 161 114 162 95 163 144 164 144 165 15 166 114 167 100 168 171 169 30 170 102 171 128 172 65 173 154 174 22 175 96 176 146 177 65 178 128 179 79 180 94 181 155 182 123 183 103 184 160 185 107 186 33 187 172 188 107 189 169 190 159 191 143 192 71 193 34 194 34 195 122 196 143 197 363 198 300 199 222 200 166 201 70 202 193 203 164 204 36 205 80 206 126 207 116 208 130 209 136 210 64 211 119 212 37 213 310 214 366 215 60 216 212 217 278 218 330 219 167 220 256 221 180 222 163 223 173 224 39 225 104 226 120 227 101 228 324 229 375 230 121 231 125 232 181 233 291 234 245 235 334 236 118 237 150 238 154 239 42 240 199 241 127 242 98 243 124 244 192 245 298 246 336 247 266 248 222 249 177 250 286 251 295 252 372 253 230 254 220 255 171 256 100 257 183 258 66 259 82 260 331 261 303 262 257 263 175 264 46 265 11 266 175 267 84 268 46 269 188 270 47 271 91 272 133 273 47 274 188 275 182 276 244 277 304 278 60 279 278 280 258 281 269 282 329 283 281 284 233 285 250 286 269 287 227 288 98 289 192 290 223 291 311 292 367 293 213 294 112 295 11 296 197 297 176 298 11 299 215 300 103 301 123 302 293 303 376 304 52 305 148 306 20 307 11 308 54 309 20 310 148 311 83 312 20 313 54 314 270 315 243 316 272 317 191 318 135 319 23 320 104 321 191 322 120 323 130 324 116 325 56 326 81 327 181 328 125 329 156 330 57 331 179 332 179 333 57 334 97 335 292 336 377 337 58 338 216 339 179 340 97 341 192 342 59 343 14 344 124 345 59 346 192 347 194 348 60 349 10 350 60 351 381 352 212 353 36 354 61 355 23 356 61 357 36 358 164 359 18 360 165 361 9 362 165 363 18 364 27 365 131 366 63 367 151 368 196 369 151 370 63 371 119 372 64 373 152 374 109 375 152 376 162 377 30 378 138 379 39 380 30 381 171 382 138 383 82 384 66 385 9 386 66 387 15 388 9 389 301 390 345 391 92 392 365 393 240 394 243 395 246 396 200 397 15 398 15 399 200 400 9 401 22 402 150 403 39 404 150 405 22 406 154 407 28 408 36 409 70 410 70 411 166 412 28 413 60 414 178 415 10 416 10 417 178 418 9 419 32 420 160 421 39 422 32 423 123 424 160 425 159 426 64 427 33 428 33 429 107 430 159 431 201 432 188 433 91 434 220 435 24 436 253 437 294 438 374 439 4 440 104 441 39 442 180 443 199 444 196 445 127 446 311 447 314 448 76 449 77 450 16 451 11 452 77 453 49 454 16 455 292 456 78 457 313 458 166 459 195 460 28 461 174 462 79 463 209 464 209 465 118 466 7 467 89 468 80 469 210 470 210 471 119 472 0 473 208 474 116 475 184 476 88 477 81 478 208 479 358 480 264 481 297 482 205 483 303 484 331 485 157 486 382 487 198 488 320 489 270 490 161 491 332 492 132 493 252 494 137 495 289 496 279 497 169 498 109 499 73 500 85 501 325 502 371 503 344 504 346 505 35 506 135 507 193 508 23 509 186 510 129 511 87 512 290 513 335 514 299 515 226 516 14 517 181 518 14 519 121 520 181 521 322 522 307 523 232 524 126 525 61 526 164 527 90 528 17 529 11 530 90 531 67 532 17 533 201 534 91 535 247 536 91 537 131 538 151 539 207 540 154 541 96 542 92 543 345 544 343 545 172 546 156 547 179 548 323 549 309 550 373 551 94 552 123 553 32 554 174 555 94 556 79 557 95 558 383 559 229 560 349 561 202 562 340 563 207 564 96 565 31 566 96 567 146 568 128 569 216 570 97 571 3 572 189 573 97 574 149 575 2 576 98 577 227 578 98 579 199 580 42 581 17 582 67 583 153 584 291 585 334 586 271 587 100 588 133 589 188 590 220 591 100 592 24 593 40 594 14 595 226 596 327 597 370 598 111 599 171 600 102 601 138 602 185 603 102 604 6 605 173 606 72 607 103 608 25 609 103 610 215 611 55 612 104 613 224 614 224 615 104 616 180 617 112 618 105 619 43 620 213 621 336 622 298 623 313 624 106 625 292 626 237 627 106 628 313 629 225 630 169 631 107 632 225 633 107 634 93 635 60 636 194 637 381 638 134 639 108 640 38 641 228 642 152 643 109 644 228 645 109 646 26 647 77 648 110 649 49 650 233 651 269 652 110 653 359 654 263 655 296 656 360 657 262 658 283 659 51 660 112 661 43 662 112 663 197 664 11 665 113 666 15 667 11 668 246 669 15 670 113 671 117 672 114 673 29 674 114 675 15 676 29 677 83 678 115 679 20 680 20 681 115 682 11 683 116 684 81 685 56 686 208 687 81 688 116 689 95 690 114 691 117 692 95 693 117 694 383 695 209 696 79 697 118 698 79 699 69 700 118 701 210 702 80 703 119 704 80 705 136 706 119 707 120 708 191 709 23 710 23 711 59 712 120 713 59 714 121 715 14 716 121 717 59 718 23 719 34 720 48 721 122 722 267 723 122 724 319 725 1 726 123 727 94 728 215 729 123 730 1 731 124 732 42 733 39 734 124 735 98 736 42 737 56 738 125 739 23 740 56 741 81 742 125 743 5 744 126 745 164 746 184 747 116 748 126 749 127 750 196 751 63 752 127 753 63 754 39 755 185 756 128 757 102 758 31 759 96 760 128 761 129 762 186 763 18 764 129 765 18 766 9 767 61 768 130 769 23 770 61 771 126 772 130 773 47 774 131 775 91 776 131 777 47 778 39 779 275 780 211 781 315 782 289 783 339 784 279 785 133 786 30 787 39 788 133 789 100 790 30 791 134 792 10 793 9 794 134 795 38 796 10 797 12 798 135 799 214 800 214 801 135 802 191 803 36 804 136 805 80 806 136 807 36 808 28 809 46 810 84 811 137 812 289 813 137 814 380 815 138 816 102 817 65 818 138 819 65 820 39 821 139 822 115 823 83 824 139 825 382 826 157 827 348 828 218 829 339 830 364 831 301 832 282 833 182 834 304 835 255 836 361 837 141 838 338 839 28 840 195 841 142 842 142 843 64 844 28 845 9 846 71 847 143 848 82 849 9 850 143 851 11 852 15 853 144 854 213 855 11 856 144 857 145 858 15 859 66 860 145 861 66 862 45 863 22 864 146 865 96 866 146 867 22 868 39 869 70 870 147 871 193 872 70 873 36 874 147 875 148 876 53 877 54 878 53 879 148 880 11 881 57 882 149 883 97 884 57 885 64 886 149 887 150 888 69 889 39 890 69 891 150 892 118 893 247 894 91 895 151 896 247 897 151 898 76 899 0 900 119 901 152 902 0 903 152 904 228 905 99 906 271 907 282 908 234 909 285 910 270 911 7 912 118 913 154 914 7 915 154 916 207 917 155 918 94 919 32 920 155 921 32 922 39 923 33 924 64 925 156 926 33 927 156 928 172 929 284 930 217 931 246 932 290 933 246 934 335 935 34 936 71 937 158 938 158 939 48 940 34 941 159 942 169 943 73 944 73 945 64 946 159 947 72 948 160 949 103 950 160 951 72 952 39 953 357 954 230 955 372 956 198 957 241 958 306 959 64 960 162 961 152 962 162 963 64 964 73 965 72 966 163 967 39 968 39 969 163 970 180 971 5 972 164 973 89 974 89 975 164 976 80 977 27 978 62 979 165 980 165 981 62 982 9 983 248 984 166 985 12 986 248 987 195 988 166 989 355 990 259 991 167 992 212 993 338 994 278 995 168 996 242 997 249 998 18 999 168 1000 27 1001 26 1002 169 1003 225 1004 26 1005 109 1006 169 1007 202 1008 318 1009 340 1010 356 1011 260 1012 303 1013 6 1014 102 1015 171 1016 6 1017 171 1018 220 1019 93 1020 107 1021 172 1022 93 1023 172 1024 21 1025 75 1026 173 1027 25 1028 25 1029 173 1030 103 1031 308 1032 236 1033 293 1034 1 1035 94 1036 174 1037 84 1038 175 1039 16 1040 16 1041 175 1042 11 1043 176 1044 77 1045 11 1046 176 1047 110 1048 77 1049 281 1050 329 1051 254 1052 300 1053 86 1054 254 1055 178 1056 60 1057 71 1058 178 1059 71 1060 9 1061 21 1062 172 1063 179 1064 21 1065 179 1066 216 1067 224 1068 180 1069 75 1070 75 1071 180 1072 173 1073 226 1074 181 1075 88 1076 88 1077 181 1078 81 1079 267 1080 319 1081 251 1082 235 1083 297 1084 205 1085 66 1086 183 1087 45 1088 117 1089 45 1090 383 1091 184 1092 322 1093 231 1094 184 1095 126 1096 5 1097 31 1098 128 1099 185 1100 31 1101 185 1102 230 1103 299 1104 283 1105 287 1106 299 1107 265 1108 283 1109 16 1110 49 1111 187 1112 332 1113 269 1114 132 1115 24 1116 100 1117 188 1118 24 1119 188 1120 201 1121 3 1122 97 1123 189 1124 3 1125 189 1126 78 1127 53 1128 190 1129 54 1130 234 1131 270 1132 190 1133 214 1134 191 1135 55 1136 55 1137 191 1138 104 1139 227 1140 192 1141 40 1142 40 1143 192 1144 14 1145 12 1146 193 1147 135 1148 166 1149 193 1150 12 1151 10 1152 38 1153 194 1154 194 1155 38 1156 381 1157 78 1158 189 1159 195 1160 78 1161 195 1162 248 1163 76 1164 196 1165 2 1166 76 1167 151 1168 196 1169 43 1170 197 1171 51 1172 51 1173 197 1174 112 1175 351 1176 337 1177 198 1178 198 1179 306 1180 261 1181 2 1182 196 1183 199 1184 2 1185 199 1186 98 1187 200 1188 68 1189 9 1190 200 1191 290 1192 68 1193 321 1194 8 1195 74 1196 24 1197 321 1198 253 1199 202 1200 95 1201 318 1202 268 1203 95 1204 202 1205 48 1206 158 1207 203 1208 203 1209 333 1210 244 1211 17 1212 204 1213 11 1214 234 1215 204 1216 17 1217 205 1218 356 1219 303 1220 297 1221 264 1222 205 1223 206 1224 291 1225 90 1226 206 1227 90 1228 11 1229 207 1230 326 1231 92 1232 7 1233 207 1234 92 1235 208 1236 184 1237 231 1238 324 1239 208 1240 317 1241 343 1242 345 1243 312 1244 312 1245 41 1246 308 1247 307 1248 210 1249 316 1250 310 1251 316 1252 210 1253 211 1254 132 1255 315 1256 132 1257 211 1258 252 1259 167 1260 259 1261 305 1262 167 1263 305 1264 256 1265 105 1266 112 1267 213 1268 213 1269 298 1270 105 1271 86 1272 12 1273 214 1274 328 1275 86 1276 214 1277 215 1278 293 1279 52 1280 25 1281 215 1282 52 1283 21 1284 216 1285 58 1286 216 1287 292 1288 58 1289 217 1290 284 1291 337 1292 277 1293 265 1294 362 1295 271 1296 334 1297 140 1298 140 1299 218 1300 348 1301 219 1302 141 1303 361 1304 244 1305 333 1306 219 1307 341 1308 44 1309 295 1310 253 1311 44 1312 341 1313 221 1314 46 1315 245 1316 46 1317 221 1318 11 1319 266 1320 202 1321 349 1322 363 1323 222 1324 273 1325 74 1326 8 1327 378 1328 314 1329 311 1330 223 1331 224 1332 294 1333 4 1334 55 1335 224 1336 4 1337 26 1338 225 1339 13 1340 225 1341 323 1342 13 1343 101 1344 40 1345 226 1346 324 1347 101 1348 226 1349 227 1350 327 1351 111 1352 2 1353 227 1354 111 1355 228 1356 325 1357 85 1358 0 1359 228 1360 85 1361 170 1362 353 1363 229 1364 229 1365 257 1366 170 1367 365 1368 369 1369 240 1370 326 1371 369 1372 92 1373 317 1374 208 1375 231 1376 355 1377 375 1378 259 1379 232 1380 307 1381 379 1382 347 1383 219 1384 361 1385 298 1386 222 1387 286 1388 233 1389 197 1390 43 1391 153 1392 234 1393 17 1394 288 1395 271 1396 99 1397 183 1398 82 1399 331 1400 267 1401 251 1402 235 1403 41 1404 236 1405 308 1406 364 1407 282 1408 274 1409 363 1410 346 1411 300 1412 346 1413 237 1414 35 1415 309 1416 58 1417 238 1418 353 1419 340 1420 229 1421 354 1422 339 1423 289 1424 52 1425 239 1426 342 1427 357 1428 261 1429 161 1430 161 1431 270 1432 272 1433 54 1434 320 1435 83 1436 83 1437 241 1438 139 1439 50 1440 359 1441 296 1442 287 1443 50 1444 242 1445 365 1446 243 1447 301 1448 288 1449 99 1450 285 1451 244 1452 48 1453 203 1454 319 1455 244 1456 182 1457 137 1458 279 1459 245 1460 46 1461 137 1462 245 1463 157 1464 246 1465 113 1466 157 1467 284 1468 246 1469 321 1470 247 1471 8 1472 76 1473 314 1474 247 1475 78 1476 248 1477 313 1478 344 1479 35 1480 248 1481 108 1482 27 1483 330 1484 249 1485 27 1486 168 1487 177 1488 254 1489 329 1490 286 1491 177 1492 250 1493 182 1494 358 1495 297 1496 319 1497 182 1498 251 1499 187 1500 252 1501 84 1502 380 1503 137 1504 84 1505 362 1506 217 1507 337 1508 253 1509 321 1510 74 1511 350 1512 315 1513 281 1514 254 1515 86 1516 368 1517 361 1518 379 1519 347 1520 255 1521 37 1522 366 1523 256 1524 108 1525 330 1526 38 1527 108 1528 256 1529 257 1530 183 1531 331 1532 45 1533 183 1534 257 1535 203 1536 258 1537 333 1538 71 1539 258 1540 203 1541 352 1542 338 1543 212 1544 352 1545 19 1546 231 1547 356 1548 373 1549 260 1550 353 1551 238 1552 58 1553 357 1554 372 1555 261 1556 351 1557 44 1558 253 1559 359 1560 111 1561 370 1562 360 1563 367 1564 262 1565 359 1566 370 1567 263 1568 355 1569 101 1570 375 1571 358 1572 371 1573 264 1574 356 1575 13 1576 373 1577 299 1578 335 1579 265 1580 265 1581 217 1582 362 1583 222 1584 266 1585 273 1586 298 1587 266 1588 222 1589 267 1590 82 1591 143 1592 235 1593 82 1594 267 1595 213 1596 268 1597 336 1598 268 1599 213 1600 144 1601 269 1602 332 1603 49 1604 110 1605 269 1606 49 1607 270 1608 320 1609 54 1610 190 1611 270 1612 54 1613 271 1614 288 1615 153 1616 67 1617 271 1618 153 1619 272 1620 357 1621 161 1622 243 1623 240 1624 272 1625 273 1626 106 1627 237 1628 340 1629 377 1630 349 1631 274 1632 236 1633 41 1634 339 1635 376 1636 348 1637 315 1638 374 1639 275 1640 354 1641 239 1642 52 1643 358 1644 85 1645 371 1646 255 1647 366 1648 276 1649 360 1650 223 1651 367 1652 362 1653 378 1654 277 1655 141 1656 278 1657 338 1658 278 1659 141 1660 258 1661 218 1662 279 1663 339 1664 279 1665 218 1666 245 1667 71 1668 280 1669 158 1670 203 1671 158 1672 280 1673 281 1674 315 1675 132 1676 132 1677 269 1678 281 1679 282 1680 140 1681 274 1682 271 1683 140 1684 282 1685 283 1686 262 1687 50 1688 283 1689 50 1690 287 1691 198 1692 337 1693 284 1694 157 1695 198 1696 284 1697 285 1698 99 1699 243 1700 270 1701 285 1702 243 1703 286 1704 233 1705 43 1706 233 1707 286 1708 250 1709 168 1710 287 1711 242 1712 287 1713 168 1714 186 1715 234 1716 288 1717 285 1718 288 1719 234 1720 153 1721 211 1722 289 1723 380 1724 211 1725 354 1726 289 1727 290 1728 299 1729 87 1730 68 1731 290 1732 87 1733 90 1734 291 1735 67 1736 291 1737 271 1738 67 1739 3 1740 78 1741 292 1742 292 1743 216 1744 3 1745 308 1746 293 1747 1 1748 293 1749 215 1750 1 1751 75 1752 25 1753 294 1754 294 1755 224 1756 75 1757 341 1758 295 1759 6 1760 295 1761 185 1762 6 1763 242 1764 50 1765 296 1766 249 1767 242 1768 296 1769 251 1770 182 1771 297 1772 235 1773 251 1774 297 1775 298 1776 286 1777 43 1778 105 1779 298 1780 43 1781 299 1782 287 1783 186 1784 87 1785 299 1786 186 1787 300 1788 254 1789 177 1790 222 1791 300 1792 177 1793 282 1794 301 1795 99 1796 243 1797 99 1798 301 1799 302 1800 167 1801 330 1802 167 1803 302 1804 263 1805 303 1806 260 1807 170 1808 303 1809 170 1810 257 1811 244 1812 219 1813 304 1814 304 1815 219 1816 347 1817 305 1818 352 1819 212 1820 212 1821 256 1822 305 1823 161 1824 261 1825 306 1826 306 1827 320 1828 161 1829 89 1830 210 1831 307 1832 89 1833 307 1834 5 1835 174 1836 209 1837 308 1838 174 1839 308 1840 1 1841 309 1842 21 1843 58 1844 21 1845 309 1846 93 1847 0 1848 310 1849 210 1850 310 1851 0 1852 85 1853 2 1854 311 1855 76 1856 311 1857 2 1858 111 1859 209 1860 7 1861 312 1862 308 1863 209 1864 312 1865 313 1866 248 1867 35 1868 35 1869 237 1870 313 1871 8 1872 314 1873 378 1874 314 1875 8 1876 247 1877 350 1878 4 1879 315 1880 315 1881 4 1882 374 1883 307 1884 316 1885 379 1886 316 1887 310 1888 37 1889 324 1890 317 1891 375 1892 317 1893 231 1894 19 1895 229 1896 340 1897 318 1898 95 1899 229 1900 318 1901 319 1902 48 1903 244 1904 122 1905 48 1906 319 1907 320 1908 241 1909 83 1910 241 1911 320 1912 306 1913 201 1914 247 1915 321 1916 321 1917 24 1918 201 1919 307 1920 322 1921 5 1922 322 1923 184 1924 5 1925 309 1926 323 1927 93 1928 323 1929 225 1930 93 1931 88 1932 208 1933 324 1934 324 1935 226 1936 88 1937 325 1938 26 1939 13 1940 325 1941 228 1942 26 1943 326 1944 207 1945 31 1946 326 1947 31 1948 230 1949 327 1950 40 1951 101 1952 327 1953 227 1954 40 1955 328 1956 55 1957 4 1958 328 1959 214 1960 55 1961 250 1962 177 1963 329 1964 269 1965 250 1966 329 1967 330 1968 27 1969 249 1970 249 1971 302 1972 330 1973 235 1974 205 1975 331 1976 331 1977 82 1978 235 1979 332 1980 252 1981 187 1982 49 1983 332 1984 187 1985 333 1986 141 1987 219 1988 258 1989 141 1990 333 1991 245 1992 218 1993 334 1994 334 1995 218 1996 140 1997 335 1998 217 1999 265 2000 246 2001 217 2002 335 2003 336 2004 202 2005 266 2006 268 2007 202 2008 336 2009 351 2010 253 2011 337 2012 337 2013 253 2014 74 2015 352 2016 231 2017 338 2018 338 2019 231 2020 232 2021 354 2022 52 2023 339 2024 339 2025 52 2026 376 2027 353 2028 58 2029 340 2030 340 2031 58 2032 377 2033 220 2034 341 2035 6 2036 341 2037 220 2038 253 2039 342 2040 25 2041 52 2042 294 2043 25 2044 342 2045 343 2046 7 2047 92 2048 312 2049 7 2050 343 2051 344 2052 12 2053 86 2054 12 2055 344 2056 248 2057 364 2058 345 2059 301 2060 345 2061 41 2062 312 2063 86 2064 346 2065 344 2066 300 2067 346 2068 86 2069 255 2070 304 2071 347 2072 347 2073 37 2074 255 2075 348 2076 236 2077 274 2078 274 2079 140 2080 348 2081 273 2082 266 2083 349 2084 349 2085 106 2086 273 2087 254 2088 368 2089 350 2090 350 2091 281 2092 254 2093 261 2094 44 2095 351 2096 351 2097 198 2098 261 2099 259 2100 352 2101 305 2102 259 2103 19 2104 352 2105 260 2106 353 2107 170 2108 260 2109 238 2110 353 2111 275 2112 354 2113 211 2114 275 2115 239 2116 354 2117 355 2118 167 2119 263 2120 263 2121 101 2122 355 2123 264 2124 356 2125 205 2126 264 2127 13 2128 356 2129 240 2130 230 2131 357 2132 240 2133 357 2134 272 2135 276 2136 358 2137 182 2138 276 2139 85 2140 358 2141 262 2142 111 2143 359 2144 262 2145 359 2146 50 2147 360 2148 277 2149 223 2150 360 2151 283 2152 277 2153 338 2154 232 2155 361 2156 361 2157 232 2158 379 2159 337 2160 74 2161 362 2162 362 2163 74 2164 378 2165 363 2166 237 2167 346 2168 273 2169 237 2170 363 2171 274 2172 41 2173 364 2174 364 2175 41 2176 345 2177 365 2178 92 2179 369 2180 301 2181 92 2182 365 2183 310 2184 85 2185 366 2186 276 2187 366 2188 85 2189 262 2190 367 2191 111 2192 311 2193 111 2194 367 2195 4 2196 368 2197 328 2198 350 2199 368 2200 4 2201 240 2202 369 2203 230 2204 230 2205 369 2206 326 2207 263 2208 370 2209 101 2210 101 2211 370 2212 327 2213 325 2214 13 2215 371 2216 264 2217 371 2218 13 2219 261 2220 372 2221 44 2222 44 2223 372 2224 295 2225 260 2226 373 2227 238 2228 373 2229 309 2230 238 2231 275 2232 374 2233 239 2234 239 2235 374 2236 294 2237 259 2238 375 2239 19 2240 375 2241 317 2242 19 2243 236 2244 376 2245 293 2246 348 2247 376 2248 236 2249 106 2250 377 2251 292 2252 349 2253 377 2254 106 2255 378 2256 314 2257 223 2258 277 2259 378 2260 223 2261 379 2262 316 2263 37 2264 347 2265 379 2266 37 2267 252 2268 211 2269 380 2270 252 2271 380 2272 84 2273 381 2274 256 2275 212 2276 381 2277 38 2278 256 2279 241 2280 382 2281 139 2282 382 2283 241 2284 198 2285 383 2286 257 2287 229 2288 383 2289 45 2290 257 2291</p>
        </triangles>
      </mesh>
    </geometry>
    <geometry id="FBXASC227FBXASC130FBXASC189FBXASC227FBXASC131FBXASC170FBXASC227FBXASC131FBXASC131FBXASC227FBXASC131FBXASC1373-lib" name="FBXASC227FBXASC130FBXASC189FBXASC227FBXASC131FBXASC170FBXASC227FBXASC131FBXASC131FBXASC227FBXASC131FBXASC1373Mesh">
      <mesh>
        <source id="FBXASC227FBXASC130FBXASC189FBXASC227FBXASC131FBXASC170FBXASC227FBXASC131FBXASC131FBXASC227FBXASC131FBXASC1373-POSITION">
          <float_array id="FBXASC227FBXASC130FBXASC189FBXASC227FBXASC131FBXASC170FBXASC227FBXASC131FBXASC131FBXASC227FBXASC131FBXASC1373-POSITION-array" count="936">0.000178927 0.00136811 -0.000166034 -0.000229168 0.00136811 -8.4047e-05 0.000135999 0.00136811 0.000202698 -0.000115881 0.001375787 0.000207852 0.000242208 0.00137302 9.053e-06 -0.000101894 0.00137302 -0.000219918 6.6706e-05 0.00136811 0.000234803 -0.000252021 0.00136811 9.0319e-05 8.4047e-05 0.00136811 -0.000229168 -0.00023622 0.001242126 -2.62e-07 0.00017664 0.001242126 0.000156839 9.25e-06 0.001242126 0.000236039 -2.8213e-05 0.001242126 -0.00023453 -0.000134404 0.001242126 0.000194257 -0.000163447 0.001360236 -0.000170544 0.000180208 0.001371527 0.000141506 0.000199791 0.001242126 -0.00012603 -2.9154e-05 0.00136811 -0.000242347 -0.000188687 0.001242126 -0.000142117 8.401e-05 0.001242126 -0.000220777 0.000262668 0.001399606 -5.1749e-05 -0.000242208 0.00137302 -9.053e-06 0.000235433 0.001242126 1.9269e-05 -0.000189002 0.001360236 0.000141698 -4.7163e-05 0.00136811 0.000239495 0.000219918 0.00137302 -0.000101894 -0.000176149 0.001399606 -0.000201602 0.000229168 0.00136811 8.4047e-05 3.1975e-05 0.001399606 0.0002658 -0.000187875 0.001399606 0.000190723 -9.053e-06 0.00137302 0.000242208 0.000187875 0.001399606 -0.000190723 0.000204229 0.001399606 0.000173097 8.352e-05 0.001242126 0.000220963 4.598e-05 0.001375787 -0.000233488 -0.000242347 0.00136811 2.9154e-05 -0.000133973 0.001242126 -0.000194554 -0.000223981 0.001360236 -7.5052e-05 0.000176149 0.001399606 0.000201602 -0.000189002 0.001242126 0.000141698 -2.8213e-05 0.001360236 -0.00023453 0.000266251 0.001399606 2.7973e-05 0.000235433 0.001360236 1.9269e-05 -7.1233e-05 0.001399606 -0.000258066 -0.000233203 0.001360236 3.7634e-05 0.000149599 0.001360236 -0.000182812 0.000227747 0.00136811 0.000140725 -0.000246177 0.001399606 -0.000105209 8.352e-05 0.001360236 0.000220963 -0.000157351 0.00136811 0.000216594 -6.5972e-05 0.001360236 0.000226821 -0.000219918 0.00137302 0.000101894 0.000123312 0.001399606 -0.000237627 -4.7792e-05 0.001399606 0.000263416 0.000149599 0.001242126 -0.000182812 -0.000223981 0.001242126 -7.5052e-05 0.000229419 0.001242126 -5.6277e-05 -0.000224147 0.001242126 7.4555e-05 -0.000176149 0.00136811 -0.000201602 -0.000266251 0.001399606 -2.7973e-05 -0.000141506 0.001371527 0.000180208 0.000217215 0.001242126 9.2832e-05 4.7792e-05 0.001399606 -0.000263416 -0.000213199 0.00136811 -0.000118862 0.000252021 0.00136811 -9.0319e-05 -0.000133973 0.001360236 -0.000194554 -0.000262668 0.001399606 5.1749e-05 -0.000235745 0.001399606 0.000126872 -6.5972e-05 0.001242126 0.000226821 0.000235745 0.001399606 -0.000126872 -0.00023622 0.001360236 -2.62e-07 0.000259108 0.00136811 6.7343e-05 0.000149193 0.001242126 0.000183143 0.000242347 0.00136811 -2.9154e-05 0.000176149 0.00136811 0.000201602 0.000155852 0.001371527 0.000167955 2.9154e-05 0.00136811 0.000242347 9.053e-06 0.00137302 -0.000242208 0.000217421 0.001360236 -9.2349e-05 0.000157351 0.00136811 -0.000216594 -0.000123312 0.001399606 0.000237627 -0.000214202 0.00136811 0.000160591 0.000118862 0.00136811 -0.000213199 0.000144135 0.001399606 0.000225604 0.000215115 0.001371527 7.8893e-05 -0.000180208 0.001371527 -0.000141506 9.25e-06 0.001360236 0.000236039 0.000246177 0.001399606 0.000105209 -0.000135999 0.00136811 -0.000202698 -6.5469e-05 0.001242126 -0.000226967 -0.000144135 0.001399606 -0.000225604 -8.4047e-05 0.00136811 0.000229168 0.000214202 0.00136811 -0.000160591 -6.6706e-05 0.00136811 -0.000234803 0.0001089 0.00136811 0.000244567 7.8893e-05 0.001371527 -0.000215115 0.000220404 0.001371527 -6.2616e-05 -0.000167955 0.001371527 0.000155852 0.000101894 0.00137302 0.000219918 -3.1975e-05 0.001399606 -0.0002658 -0.000259108 0.00136811 -6.7343e-05 4.7792e-05 0.00136811 -0.000263416 -0.000233488 0.001375787 -4.598e-05 -0.000202698 0.00136811 0.000135999 -6.5469e-05 0.001360236 -0.000226967 -0.000267446 0.00136811 1.2022e-05 0.000267446 0.00136811 -1.2022e-05 -7.998e-06 0.00136811 0.000267597 0.000207852 0.001375787 0.000115881 0.000141506 0.001371527 -0.000180208 -0.000123312 0.00136811 0.000237627 -0.000204229 0.00136811 -0.000173097 0.000246177 0.00136811 0.000105209 4.6993e-05 0.001242126 0.000231499 9.773e-06 0.001242126 -0.000236018 -0.000262668 0.00136811 5.1749e-05 0.000167955 0.001371527 -0.000155852 0.000229293 0.001360236 5.6786e-05 7.1233e-05 0.001399606 0.000258066 -0.000101029 0.001242126 -0.000213526 4.7507e-05 0.001242126 -0.000231394 0.000117883 0.001360236 0.000204704 0.000259108 0.001399606 6.7343e-05 -0.000163447 0.001242126 -0.000170544 0.000118337 0.001242126 -0.000204442 0.00017664 0.001360236 0.000156839 -0.000204229 0.001399606 -0.000173097 -0.000209041 0.001242126 -0.000110009 -0.000227747 0.001399606 -0.000140725 -0.000101029 0.001360236 -0.000213526 0.000176987 0.001242126 -0.000156447 -0.000163825 0.001360236 0.000170181 0.000204229 0.00136811 0.000173097 -0.000187875 0.00136811 0.000190723 0.000187875 0.00136811 -0.000190723 0.000262668 0.00136811 -5.1749e-05 -0.000233119 0.001242126 -3.8151e-05 0.000235745 0.00136811 -0.000126872 0.000217421 0.001242126 -9.2349e-05 7.998e-06 0.001399606 -0.000267597 -0.0001089 0.00136811 -0.000244567 -0.000233203 0.001242126 3.7634e-05 0.000235475 0.001242126 -1.8747e-05 -0.000252021 0.001399606 9.0319e-05 -0.000209284 0.001242126 0.000109545 -2.8733e-05 0.001242126 0.000234466 -0.0001089 0.001399606 -0.000244567 -0.000224147 0.001360236 7.4555e-05 0.000229293 0.001242126 5.6786e-05 -0.000259108 0.001399606 -6.7343e-05 0.000235475 0.001360236 -1.8747e-05 0.000199791 0.001360236 -0.00012603 0.000199511 0.001242126 0.000126473 0.000118337 0.001360236 -0.000204442 -0.000209284 0.001360236 0.000109545 -0.000101503 0.001360236 0.000213301 -2.8733e-05 0.001360236 0.000234466 -0.000209041 0.001360236 -0.000110009 -0.000235745 0.00136811 0.000126872 4.6993e-05 0.001360236 0.000231499 -0.000163825 0.001242126 0.000170181 -0.000267446 0.001399606 1.2022e-05 -0.000233119 0.001360236 -3.8151e-05 9.773e-06 0.001360236 -0.000236018 8.6518e-05 0.00136811 -0.000253351 -0.000101503 0.001242126 0.000213301 0.000117883 0.001242126 0.000204704 0.000214202 0.001399606 -0.000160591 0.000199511 0.001360236 0.000126473 -0.000227747 0.00136811 -0.000140725 0.000266251 0.00136811 2.7973e-05 4.7507e-05 0.001360236 -0.000231394 7.998e-06 0.00136811 -0.000267597 -0.000266251 0.00136811 -2.7973e-05 8.6518e-05 0.001399606 -0.000253351 -8.6518e-05 0.001399606 0.000253351 0.000157351 0.001399606 -0.000216594 0.000252021 0.001399606 -9.0319e-05 -0.000214202 0.001399606 0.000160591 0.0001089 0.001399606 0.000244567 -8.6518e-05 0.00136811 0.000253351 0.000149193 0.001360236 0.000183143 -0.000134404 0.001360236 0.000194257 -0.000157351 0.001399606 0.000216594 7.1233e-05 0.00136811 0.000258066 0.000123312 0.00136811 -0.000237627 -0.000246177 0.00136811 -0.000105209 -7.8893e-05 0.001371527 0.000215115 0.000202698 0.00136811 -0.000135999 -0.000155852 0.001371527 -0.000167955 0.000217215 0.001360236 9.2832e-05 0.000227747 0.001399606 0.000140725 -7.998e-06 0.001399606 0.000267597 0.000239495 0.00136811 4.7163e-05 0.000234803 0.00136811 -6.6706e-05 -0.000234803 0.00136811 6.6706e-05 -0.000144135 0.00136811 -0.000225604 0.000144135 0.00136811 0.000225604 -3.1975e-05 0.00136811 -0.0002658 3.1975e-05 0.00136811 0.0002658 0.000267446 0.001399606 -1.2022e-05 -0.000188687 0.001360236 -0.000142117 -4.7792e-05 0.00136811 0.000263416 -7.1233e-05 0.00136811 -0.000258066 -0.000220404 0.001371527 6.2616e-05 6.2616e-05 0.001371527 0.000220404 -9.6323e-05 0.001371527 -0.000207896 -0.000178927 0.00136811 0.000166034 -0.000166034 0.00136811 -0.000178927 0.000166034 0.00136811 0.000178927 0.000229419 0.001360236 -5.6277e-05 -0.000215115 0.001371527 -7.8893e-05 8.401e-05 0.001360236 -0.000220777 0.000176987 0.001360236 -0.000156447 0.000228966 0.001371527 8.558e-06 -8.558e-06 0.001371527 0.000228966 8.558e-06 0.001371527 -0.000228966 -0.00019198 0.00136811 -0.000150751 0.00019198 0.00136811 0.000150751 -0.000150751 0.00136811 0.00019198 0.000150751 0.00136811 -0.00019198 -0.000239495 0.00136811 -4.7163e-05 0.000213199 0.00136811 0.000118862 -0.000118862 0.00136811 0.000213199 4.7163e-05 0.00136811 -0.000239495 0.000115881 0.001375787 -0.000207852 -0.000207852 0.001375787 -0.000115881 -0.000228966 0.001371527 -8.558e-06 -9.117e-06 0.00136811 0.000243924 0.000243924 0.00136811 9.117e-06 -9.7242e-05 0.001361954 -0.000209878 9.117e-06 0.00136811 -0.000243924 0.000221477 0.00136811 -0.000102616 -0.000243924 0.00136811 -9.117e-06 -0.000221477 0.00136811 0.000102616 0.000102616 0.00136811 0.000221477 -0.000102616 0.00136811 -0.000221477 -0.000207896 0.001371527 9.6323e-05 0.000207896 0.001371527 -9.6323e-05 9.6323e-05 0.001371527 0.000207896 -0.000157339 0.001361954 -0.000169557 -0.000222506 0.001361954 6.3213e-05 -0.00023115 0.001361954 -8.639e-06 -0.000192082 0.001361954 0.000128877 -0.000142856 0.001361954 0.000181926 -7.9646e-05 0.001361954 0.000217167 -8.639e-06 0.001361954 0.00023115 2.8422e-05 0.001375787 0.000236269 4.4271e-05 0.001371527 -0.000224809 0.000233488 0.001375787 4.598e-05 -0.000135042 0.00137302 -0.000201271 0.000201271 0.00137302 -0.000135042 0.000135042 0.00137302 0.000201271 -0.000201271 0.00137302 0.000135042 -0.000224809 0.001371527 -4.4271e-05 0.000200125 0.001371527 0.000111574 0.000181926 0.001361954 0.000142856 0.000223421 0.001375787 8.1939e-05 -8.1939e-05 0.001375787 0.000223421 -0.000202034 0.001361954 -0.000112638 -2.8422e-05 0.001375787 -0.000236269 0.000228914 0.001375787 -6.5033e-05 -0.000236269 0.001375787 2.8422e-05 -0.000128877 0.001361954 -0.000192082 -2.7366e-05 0.001371527 -0.000227486 -4.598e-05 0.001375787 0.000233488 6.5033e-05 0.001375787 0.000228914 -0.000228914 0.001375787 6.5033e-05 -6.2616e-05 0.001371527 -0.000220404 0.000111574 0.001371527 -0.000200125 -0.000111574 0.001371527 0.000200125 -4.4271e-05 0.001371527 0.000224809 0.000224809 0.001371527 4.4271e-05 -0.000200125 0.001371527 -0.000111574 2.7366e-05 0.001371527 0.000227486 0.000227486 0.001371527 -2.7366e-05 -0.000227486 0.001371527 2.7366e-05 6.3213e-05 0.001361954 0.000222506 0.000236269 0.001375787 -2.8422e-05 2.7627e-05 0.001361954 0.000229655 -4.4693e-05 0.001361954 0.000226952 -6.5033e-05 0.001375787 -0.000228914 -0.000112638 0.001361954 0.000202034 7.9646e-05 0.001361954 -0.000217167 -0.000169557 0.001361954 0.000157339 9.7242e-05 0.001361954 0.000209878 -0.000209878 0.001361954 9.7242e-05 -0.000181926 0.001361954 -0.000142856 -0.000229655 0.001361954 2.7627e-05 0.000128877 0.001361954 0.000192082 0.000157339 0.001361954 0.000169557 0.00012766 0.001371527 0.000190268 -0.00012766 0.001371527 -0.000190268 0.000190268 0.001371527 -0.00012766 -0.000190268 0.001371527 0.00012766 0.000217167 0.001361954 7.9646e-05 0.000202034 0.001361954 0.000112638 0.000226952 0.001361954 4.4693e-05 8.1939e-05 0.001375787 -0.000223421 -0.000223421 0.001375787 -8.1939e-05 0.00023115 0.001361954 8.639e-06 0.000229655 0.001361954 -2.7627e-05 0.000222506 0.001361954 -6.3213e-05 0.000209878 0.001361954 -9.7242e-05 -0.000226952 0.001361954 -4.4693e-05 -0.000217167 0.001361954 -7.9646e-05 0.000192082 0.001361954 -0.000128877 0.000112638 0.001361954 -0.000202034 0.000169557 0.001361954 -0.000157339 0.000142856 0.001361954 -0.000181926 8.639e-06 0.001361954 -0.00023115 -6.3213e-05 0.001361954 -0.000222506</float_array>
          <technique_common>
            <accessor source="#FBXASC227FBXASC130FBXASC189FBXASC227FBXASC131FBXASC170FBXASC227FBXASC131FBXASC131FBXASC227FBXASC131FBXASC1373-POSITION-array" count="312" stride="3">
              <param name="X" type="float"/>
              <param name="Y" type="float"/>
              <param name="Z" type="float"/>
            </accessor>
          </technique_common>
        </source>
        <source id="FBXASC227FBXASC130FBXASC189FBXASC227FBXASC131FBXASC170FBXASC227FBXASC131FBXASC131FBXASC227FBXASC131FBXASC1373-Normal0">
          <float_array id="FBXASC227FBXASC130FBXASC189FBXASC227FBXASC131FBXASC170FBXASC227FBXASC131FBXASC131FBXASC227FBXASC131FBXASC1373-Normal0-array" count="5580">
0.000000 2.540000 0.000000
0.000000 2.540000 0.000000
0.000000 2.540000 0.000000
-0.000000 -2.540000 0.000000
-0.000000 -2.540000 0.000000
-0.000000 -2.540000 0.000000
-0.000000 -2.540000 0.000000
-0.000000 -2.540000 0.000000
-0.000000 -2.540000 0.000000
0.000000 2.540000 0.000000
0.000000 2.540000 0.000000
0.000000 2.540000 0.000000
-0.000000 -2.540000 0.000000
-0.000000 -2.540000 0.000000
-0.000000 -2.540000 0.000000
0.000000 2.540000 0.000000
0.000000 2.540000 0.000000
0.000000 2.540000 0.000000
0.000000 2.540000 0.000000
0.000000 2.540000 0.000000
0.000000 2.540000 0.000000
-0.000000 -2.540000 0.000000
-0.000000 -2.540000 0.000000
-0.000000 -2.540000 0.000000
0.000000 2.540000 0.000000
0.000000 2.540000 0.000000
0.000000 2.540000 0.000000
1.267559 -0.000000 2.201112
1.267559 -0.000000 2.201112
0.898061 -0.000000 2.375939
0.000000 2.540000 0.000000
0.000000 2.540000 0.000000
0.000000 2.540000 0.000000
-2.250366 0.000000 1.177901
-2.410173 0.000000 0.801664
-2.250366 0.000000 1.177901
-0.000000 -2.540000 0.000000
-0.000000 -2.540000 0.000000
-0.000000 -2.540000 0.000000
0.000000 2.540000 0.000000
0.000000 2.540000 0.000000
0.000000 2.540000 0.000000
-1.757487 0.000000 -1.833805
-1.757487 0.000000 -1.833805
-1.440565 0.000000 -2.091978
-2.410173 0.000000 0.801664
-2.410173 0.000000 0.801664
-2.250366 0.000000 1.177901
2.145276 -0.000000 1.359924
2.145276 -0.000000 1.359924
2.335642 -0.000000 0.998187
2.531989 -0.000000 -0.201576
2.466865 -0.000000 -0.605126
2.531989 -0.000000 -0.201576
0.898061 -0.000000 2.375939
1.267559 -0.000000 2.201112
0.898061 -0.000000 2.375939
-0.308960 0.000000 2.521139
-0.709378 0.000000 2.438931
-0.308960 0.000000 2.521139
-1.440565 0.000000 -2.091978
-1.757487 0.000000 -1.833805
-1.440565 0.000000 -2.091978
0.105091 -0.000000 -2.537825
0.510826 -0.000000 -2.488103
0.105091 -0.000000 -2.537825
-2.032276 0.000000 1.523632
-2.032276 0.000000 1.523632
-1.761551 0.000000 1.829901
-0.709378 0.000000 2.438931
-0.709378 0.000000 2.438931
-0.308960 0.000000 2.521139
-2.408389 0.000000 -0.807009
-2.506654 0.000000 -0.410226
-2.408389 0.000000 -0.807009
-1.937655 0.000000 -1.642283
-1.937655 0.000000 -1.642283
-2.160783 0.000000 -1.335147
0.000000 2.540000 0.000000
0.000000 2.540000 0.000000
0.000000 2.540000 0.000000
1.604228 -0.000000 1.969277
1.604228 -0.000000 1.969277
1.899348 -0.000000 1.686440
1.608593 -0.000000 -1.965713
1.608593 -0.000000 -1.965713
1.903085 -0.000000 -1.682221
2.466865 -0.000000 -0.605126
2.466865 -0.000000 -0.605126
2.531989 -0.000000 -0.201576
0.000000 2.540000 0.000000
0.000000 2.540000 0.000000
0.000000 2.540000 0.000000
-0.301172 -2.288461 -1.060114
0.067505 -2.476317 0.561157
-0.131626 -2.288461 -1.094176
-0.000000 -2.540000 0.000000
-0.000000 -2.540000 0.000000
-0.000000 -2.540000 0.000000
-2.506654 0.000000 -0.410226
-2.506654 0.000000 -0.410226
-2.408389 0.000000 -0.807009
0.510826 -0.000000 -2.488103
0.510826 -0.000000 -2.488103
0.105091 -0.000000 -2.537825
1.272439 -0.000000 -2.198294
0.903330 -0.000000 -2.373941
1.272439 -0.000000 -2.198294
-0.000000 -2.540000 0.000000
-0.000000 -2.540000 0.000000
-0.000000 -2.540000 0.000000
2.335642 -0.000000 0.998187
2.335642 -0.000000 0.998187
2.458327 -0.000000 0.638928
0.000000 2.540000 0.000000
0.000000 2.540000 0.000000
0.000000 2.540000 0.000000
-1.034675 -2.288461 -0.379466
0.493665 -2.476317 0.275227
-0.962575 -2.288461 -0.536653
2.335642 -0.000000 0.998187
2.145276 -0.000000 1.359924
2.335642 -0.000000 0.998187
-0.000000 -2.540000 0.000000
-0.000000 -2.540000 0.000000
-0.000000 -2.540000 0.000000
-2.236663 0.000000 1.203719
-2.032276 0.000000 1.523632
-2.032276 0.000000 1.523632
1.971637 -1.583664 -0.237181
1.910260 -1.583664 -0.542693
2.443314 -0.000000 -0.694130
0.683775 -1.583664 -1.864419
0.383697 -1.583664 -1.948431
0.490767 -0.000000 -2.492137
0.000000 2.540000 0.000000
0.000000 2.540000 0.000000
0.000000 2.540000 0.000000
2.236663 -0.000000 -1.203719
2.236663 -0.000000 -1.203719
2.391086 -0.000000 -0.856917
2.148288 -0.000000 -1.355161
2.148288 -0.000000 -1.355161
1.903085 -0.000000 -1.682221
-1.671244 0.000000 -1.912732
-1.367499 0.000000 -2.140455
-1.367499 0.000000 -2.140455
-1.033207 0.000000 -2.320363
-1.033207 0.000000 -2.320363
-1.367499 0.000000 -2.140455
-0.561157 -2.476317 0.067505
1.101296 -2.288461 0.041162
1.094176 -2.288461 -0.131626
2.458327 -0.000000 0.638928
2.526097 -0.000000 0.265398
2.526097 -0.000000 0.265398
-0.453431 0.000000 2.499200
-0.075880 0.000000 2.538866
-0.075880 0.000000 2.538866
0.675835 -0.000000 2.448438
0.675835 -0.000000 2.448438
1.033207 -0.000000 2.320363
-0.000000 -2.540000 0.000000
-0.000000 -2.540000 0.000000
-0.000000 -2.540000 0.000000
-0.820853 0.000000 2.403706
-1.169938 0.000000 2.254516
-1.169938 0.000000 2.254516
-0.237181 -1.583664 -1.971637
-0.542693 -1.583664 -1.910260
-0.694130 -0.000000 -2.443314
-0.075880 0.000000 2.538866
0.303366 -0.000000 2.521819
0.303366 -0.000000 2.521819
2.032276 -0.000000 -1.523632
2.032276 -0.000000 -1.523632
2.236663 -0.000000 -1.203719
1.169938 -0.000000 -2.254516
1.492889 -0.000000 -2.054965
1.492889 -0.000000 -2.054965
-0.000000 -2.540000 0.000000
-0.000000 -2.540000 0.000000
-0.000000 -2.540000 0.000000
-0.000000 -2.540000 0.000000
-0.000000 -2.540000 0.000000
-0.000000 -2.540000 0.000000
-0.000000 -2.540000 0.000000
-0.000000 -2.540000 0.000000
-0.000000 -2.540000 0.000000
0.505304 -0.000000 2.489230
0.099460 -0.000000 2.538052
0.505304 -0.000000 2.489230
0.903330 -0.000000 -2.373941
0.903330 -0.000000 -2.373941
0.510826 -0.000000 -2.488103
0.000000 2.540000 0.000000
0.000000 2.540000 0.000000
0.000000 2.540000 0.000000
0.000000 2.540000 0.000000
0.000000 2.540000 0.000000
0.000000 2.540000 0.000000
-0.000000 -2.540000 0.000000
-0.000000 -2.540000 0.000000
-0.000000 -2.540000 0.000000
-0.000000 -2.540000 0.000000
-0.000000 -2.540000 0.000000
-0.000000 -2.540000 0.000000
-1.086333 0.000000 -2.295971
-1.086333 0.000000 -2.295971
-0.703965 0.000000 -2.440498
-2.324893 0.565203 -0.852653
-2.148524 -1.102065 -0.787970
-2.162885 0.565203 -1.205849
-2.028891 0.000000 -1.528137
-2.028891 0.000000 -1.528137
-2.247747 0.000000 -1.182891
1.367499 -0.000000 2.140455
1.671244 -0.000000 1.912732
1.367499 -0.000000 2.140455
1.033207 -0.000000 2.320363
1.367499 -0.000000 2.140455
1.367499 -0.000000 2.140455
-0.000000 -2.540000 0.000000
-0.000000 -2.540000 0.000000
-0.000000 -2.540000 0.000000
-1.761551 0.000000 1.829901
-2.032276 0.000000 1.523632
-1.761551 0.000000 1.829901
-0.295760 0.565203 -2.458591
-0.625390 -1.102065 -2.201350
-0.273323 -1.102065 -2.272080
-0.703965 0.000000 -2.440498
-1.086333 0.000000 -2.295971
-0.703965 0.000000 -2.440498
0.000000 2.540000 0.000000
0.000000 2.540000 0.000000
0.000000 2.540000 0.000000
2.537438 -0.000000 -0.114062
2.537438 -0.000000 -0.114062
2.492097 -0.000000 -0.490973
2.465516 -0.000000 0.610597
2.531535 -0.000000 0.207193
2.465516 -0.000000 0.610597
2.474589 0.565203 0.092490
2.458591 0.565203 -0.295760
2.286864 -1.102065 0.085474
-0.675835 0.000000 -2.448438
-1.033207 0.000000 -2.320363
-0.675835 0.000000 -2.448438
0.075880 -0.000000 -2.538866
0.075880 -0.000000 -2.538866
-0.303366 0.000000 -2.521819
-2.429654 0.565203 -0.478462
-2.474589 0.565203 -0.092490
-2.245338 -1.102065 -0.442166
-2.286864 -1.102065 -0.085474
-2.458591 0.565203 0.295760
-2.272080 -1.102065 0.273323
1.903085 -0.000000 -1.682221
1.608593 -0.000000 -1.965713
1.903085 -0.000000 -1.682221
2.032276 -0.000000 -1.523632
1.782492 -0.000000 -1.809509
1.782492 -0.000000 -1.809509
0.000000 2.540000 0.000000
0.000000 2.540000 0.000000
0.000000 2.540000 0.000000
-0.000000 -2.540000 0.000000
-0.000000 -2.540000 0.000000
-0.000000 -2.540000 0.000000
-2.335642 0.000000 -0.998187
-2.458327 0.000000 -0.638928
-2.458327 0.000000 -0.638928
-1.937655 0.000000 -1.642283
-2.160783 0.000000 -1.335147
-2.160783 0.000000 -1.335147
0.099460 -0.000000 2.538052
0.099460 -0.000000 2.538052
0.505304 -0.000000 2.489230
0.295760 0.565203 2.458591
0.676727 0.565203 2.382055
0.273323 -1.102065 2.272080
-1.782492 0.000000 1.809509
-1.782492 0.000000 1.809509
-2.032276 0.000000 1.523632
0.000000 2.540000 0.000000
0.000000 2.540000 0.000000
0.000000 2.540000 0.000000
-1.445202 0.000000 2.088777
-1.091424 0.000000 2.293555
-1.445202 0.000000 2.088777
-1.205849 0.565203 2.162885
-0.852653 0.565203 2.324893
-1.114372 -1.102065 1.998807
-2.246865 0.565203 1.041031
-2.056349 0.565203 1.379701
-2.076415 -1.102065 0.962057
-2.236663 0.000000 1.203719
-2.032276 0.000000 1.523632
-2.236663 0.000000 1.203719
1.169938 -0.000000 -2.254516
1.169938 -0.000000 -2.254516
1.492889 -0.000000 -2.054965
0.453431 -0.000000 -2.499200
0.820853 -0.000000 -2.403706
0.820853 -0.000000 -2.403706
-0.820853 0.000000 2.403706
-0.820853 0.000000 2.403706
-1.169938 0.000000 2.254516
-0.453431 0.000000 2.499200
-0.075880 0.000000 2.538866
-0.453431 0.000000 2.499200
0.903330 -0.000000 -2.373941
0.903330 -0.000000 -2.373941
1.272439 -0.000000 -2.198294
-0.000000 -2.540000 0.000000
-0.000000 -2.540000 0.000000
-0.000000 -2.540000 0.000000
-0.000000 -2.540000 0.000000
-0.000000 -2.540000 0.000000
-0.000000 -2.540000 0.000000
-2.247747 0.000000 -1.182891
-2.028891 0.000000 -1.528137
-2.247747 0.000000 -1.182891
2.148288 -0.000000 -1.355161
2.337851 -0.000000 -0.993002
2.148288 -0.000000 -1.355161
-0.000000 -2.540000 0.000000
-0.000000 -2.540000 0.000000
-0.000000 -2.540000 0.000000
-2.507558 0.000000 0.404663
-2.507558 0.000000 0.404663
-2.539999 0.000000 -0.002818
-0.000000 -2.540000 0.000000
-0.000000 -2.540000 0.000000
-0.000000 -2.540000 0.000000
-0.000000 -2.540000 0.000000
-0.000000 -2.540000 0.000000
-0.000000 -2.540000 0.000000
-0.000000 -2.540000 0.000000
-0.000000 -2.540000 0.000000
-0.000000 -2.540000 0.000000
-2.537438 0.000000 0.114062
-2.526097 0.000000 -0.265398
-2.526097 0.000000 -0.265398
-2.458327 0.000000 -0.638928
-2.526097 0.000000 -0.265398
-2.526097 0.000000 -0.265398
-0.680626 -2.288461 0.866773
-0.536653 -2.288461 0.962575
0.275227 -2.476317 -0.493665
-0.000000 -2.540000 0.000000
-0.000000 -2.540000 0.000000
-0.000000 -2.540000 0.000000
-0.000000 -2.540000 0.000000
-0.000000 -2.540000 0.000000
-0.000000 -2.540000 0.000000
2.531535 -0.000000 0.207193
2.531535 -0.000000 0.207193
2.465516 -0.000000 0.610597
0.075880 -0.000000 -2.538866
0.075880 -0.000000 -2.538866
0.453431 -0.000000 -2.499200
0.453431 -0.000000 -2.499200
0.453431 -0.000000 -2.499200
0.820853 -0.000000 -2.403706
-2.160783 0.000000 -1.335147
-2.335642 0.000000 -0.998187
-2.335642 0.000000 -0.998187
1.734499 -1.583664 0.967016
1.864419 -1.583664 0.683775
2.384682 -0.000000 0.874581
2.236663 -0.000000 -1.203719
2.391086 -0.000000 -0.856917
2.391086 -0.000000 -0.856917
2.537438 -0.000000 -0.114062
2.492097 -0.000000 -0.490973
2.492097 -0.000000 -0.490973
0.314908 -2.476317 0.469348
0.834842 -1.583664 1.801845
0.237608 -2.476317 0.512832
0.154459 -2.476317 0.543689
0.067505 -2.476317 0.561157
-0.301172 -2.288461 -1.060114
-2.492097 0.000000 0.490973
-2.492097 0.000000 0.490973
-2.537438 0.000000 0.114062
-2.537438 0.000000 0.114062
-2.526097 0.000000 -0.265398
-2.537438 0.000000 0.114062
-2.391086 0.000000 0.856917
-2.236663 0.000000 1.203719
-2.236663 0.000000 1.203719
-2.391086 0.000000 0.856917
-2.492097 0.000000 0.490973
-2.492097 0.000000 0.490973
-1.091424 0.000000 2.293555
-1.091424 0.000000 2.293555
-1.445202 0.000000 2.088777
-0.000000 -2.540000 0.000000
-0.000000 -2.540000 0.000000
-0.000000 -2.540000 0.000000
0.000000 2.540000 0.000000
0.000000 2.540000 0.000000
0.000000 2.540000 0.000000
2.032276 -0.000000 -1.523632
2.032276 -0.000000 -1.523632
1.782492 -0.000000 -1.809509
-1.553822 1.985852 -0.305988
0.000000 2.540000 0.000000
-1.582559 1.985852 -0.059149
-2.539999 0.000000 -0.002818
-2.507558 0.000000 0.404663
-2.539999 0.000000 -0.002818
-0.000000 -2.540000 0.000000
-0.000000 -2.540000 0.000000
-0.000000 -2.540000 0.000000
-0.000000 -2.540000 0.000000
-0.000000 -2.540000 0.000000
-0.000000 -2.540000 0.000000
-0.000000 -2.540000 0.000000
-0.000000 -2.540000 0.000000
-0.000000 -2.540000 0.000000
1.899348 -0.000000 1.686440
1.604228 -0.000000 1.969277
1.899348 -0.000000 1.686440
2.526097 -0.000000 0.265398
2.537438 -0.000000 -0.114062
2.526097 -0.000000 0.265398
-1.910260 -1.583664 0.542693
-2.521819 -0.000000 0.303366
-1.971637 -1.583664 0.237181
2.160783 -0.000000 1.335147
1.937655 -0.000000 1.642283
1.937655 -0.000000 1.642283
1.671244 -0.000000 1.912732
1.671244 -0.000000 1.912732
1.937655 -0.000000 1.642283
1.267559 -0.000000 2.201112
1.604228 -0.000000 1.969277
1.267559 -0.000000 2.201112
-0.000000 -2.540000 0.000000
-0.000000 -2.540000 0.000000
-0.000000 -2.540000 0.000000
0.675835 -0.000000 2.448438
0.675835 -0.000000 2.448438
0.303366 -0.000000 2.521819
-0.303366 -0.000000 -2.521819
-0.237181 -1.583664 -1.971637
-0.694130 -0.000000 -2.443314
0.237181 -1.583664 1.971637
0.542693 -1.583664 1.910260
0.694130 -0.000000 2.443314
0.075880 -0.000000 -2.538866
-0.303366 0.000000 -2.521819
-0.303366 0.000000 -2.521819
-0.469348 -2.476317 0.314908
-1.801845 -1.583664 0.834842
-0.512832 -2.476317 0.237608
-0.543689 -2.476317 0.154459
-0.561157 -2.476317 0.067505
1.060114 -2.288461 -0.301172
-0.000000 -2.540000 0.000000
-0.000000 -2.540000 0.000000
-0.000000 -2.540000 0.000000
-0.000000 -2.540000 0.000000
-0.000000 -2.540000 0.000000
-0.000000 -2.540000 0.000000
-1.169938 0.000000 2.254516
-1.169938 0.000000 2.254516
-1.492889 0.000000 2.054965
-1.492889 0.000000 2.054965
-1.782492 0.000000 1.809509
-1.492889 0.000000 2.054965
-0.000000 -2.540000 0.000000
-0.000000 -2.540000 0.000000
-0.000000 -2.540000 0.000000
-0.000000 -2.540000 0.000000
-0.000000 -2.540000 0.000000
-0.000000 -2.540000 0.000000
-0.967016 -1.583664 1.734499
-0.683775 -1.583664 1.864419
-0.874581 -0.000000 2.384682
0.820853 -0.000000 -2.403706
1.169938 -0.000000 -2.254516
1.169938 -0.000000 -2.254516
1.367499 -0.000000 2.140455
1.671244 -0.000000 1.912732
1.671244 -0.000000 1.912732
0.000000 2.540000 0.000000
0.000000 2.540000 0.000000
0.000000 2.540000 0.000000
0.866773 -2.288461 0.680626
0.962575 -2.288461 0.536653
-0.493665 -2.476317 -0.275227
-0.530642 -2.476317 -0.194613
1.034675 -2.288461 0.379466
-0.554553 -2.476317 -0.109206
-0.000000 -2.540000 0.000000
-0.000000 -2.540000 0.000000
-0.000000 -2.540000 0.000000
-1.757487 0.000000 -1.833805
-1.757487 0.000000 -1.833805
-2.028891 0.000000 -1.528137
-0.478462 0.565203 2.429654
-0.092490 0.565203 2.474589
-0.442166 -1.102065 2.245338
-0.085474 -1.102065 2.286864
0.295760 0.565203 2.458591
0.273323 -1.102065 2.272080
2.335642 -0.000000 0.998187
2.335642 -0.000000 0.998187
2.160783 -0.000000 1.335147
2.160783 -0.000000 1.335147
1.937655 -0.000000 1.642283
2.160783 -0.000000 1.335147
-1.033207 0.000000 -2.320363
-1.367499 0.000000 -2.140455
-1.367499 0.000000 -2.140455
1.106434 -1.583664 1.649064
0.834842 -1.583664 1.801845
0.314908 -2.476317 0.469348
-0.703965 0.000000 -2.440498
-0.703965 0.000000 -2.440498
-0.303366 0.000000 -2.521819
-0.000000 -2.540000 0.000000
-0.000000 -2.540000 0.000000
-0.000000 -2.540000 0.000000
-1.671244 0.000000 -1.912732
-1.367499 0.000000 -2.140455
-1.671244 0.000000 -1.912732
0.000000 2.540000 0.000000
0.000000 2.540000 0.000000
0.000000 2.540000 0.000000
0.874581 -0.000000 -2.384682
0.683775 -1.583664 -1.864419
0.490767 -0.000000 -2.492137
-0.820853 0.000000 2.403706
-0.453431 0.000000 2.499200
-0.453431 0.000000 2.499200
-0.000000 -2.540000 0.000000
-0.000000 -2.540000 0.000000
-0.000000 -2.540000 0.000000
-0.000000 -2.540000 0.000000
-0.000000 -2.540000 0.000000
-0.000000 -2.540000 0.000000
0.303366 -0.000000 2.521819
0.237181 -1.583664 1.971637
0.694130 -0.000000 2.443314
-0.303366 0.000000 -2.521819
-0.675835 0.000000 -2.448438
-0.675835 0.000000 -2.448438
0.675835 -0.000000 2.448438
1.033207 -0.000000 2.320363
1.033207 -0.000000 2.320363
-0.000000 -2.540000 0.000000
-0.000000 -2.540000 0.000000
-0.000000 -2.540000 0.000000
-0.275227 -2.476317 0.493665
0.680626 -2.288461 -0.866773
0.536653 -2.288461 -0.962575
-0.194613 -2.476317 0.530642
-0.275227 -2.476317 0.493665
0.379466 -2.288461 -1.034675
2.466865 -0.000000 -0.605126
2.466865 -0.000000 -0.605126
2.337851 -0.000000 -0.993002
2.246865 0.565203 -1.041031
2.056349 0.565203 -1.379701
2.076415 -1.102065 -0.962057
-2.076415 -1.102065 0.962057
-2.056349 0.565203 1.379701
-1.900352 -1.102065 1.275036
-1.815199 0.565203 1.684399
-1.529353 0.565203 1.947620
-1.677496 -1.102065 1.556618
-1.106434 -1.583664 -1.649064
-0.834842 -1.583664 -1.801845
-0.314908 -2.476317 -0.469348
-0.000000 -2.540000 0.000000
-0.000000 -2.540000 0.000000
-0.000000 -2.540000 0.000000
0.000000 2.540000 0.000000
0.000000 2.540000 0.000000
0.000000 2.540000 0.000000
-0.303366 0.000000 -2.521819
-0.303366 0.000000 -2.521819
-0.675835 0.000000 -2.448438
-2.335642 0.000000 -0.998187
-2.458327 0.000000 -0.638928
-2.335642 0.000000 -0.998187
-0.000000 -2.540000 0.000000
-0.000000 -2.540000 0.000000
-0.000000 -2.540000 0.000000
-0.000000 -2.540000 0.000000
-0.000000 -2.540000 0.000000
-0.000000 -2.540000 0.000000
-0.000000 -2.540000 0.000000
-0.000000 -2.540000 0.000000
-0.000000 -2.540000 0.000000
-0.000000 -2.540000 0.000000
-0.000000 -2.540000 0.000000
-0.000000 -2.540000 0.000000
-1.101296 -2.288461 -0.041162
-1.094176 -2.288461 0.131626
0.561157 -2.476317 -0.067505
1.649064 -1.583664 -1.106434
1.801845 -1.583664 -0.834842
0.469348 -2.476317 -0.314908
-0.000000 -2.540000 0.000000
-0.000000 -2.540000 0.000000
-0.000000 -2.540000 0.000000
0.000000 2.540000 0.000000
0.000000 2.540000 0.000000
-0.432783 1.985852 -1.523381
-0.303366 0.000000 -2.521819
-0.703965 0.000000 -2.440498
-0.303366 0.000000 -2.521819
-0.000000 -2.540000 0.000000
-0.000000 -2.540000 0.000000
-0.000000 -2.540000 0.000000
-0.000000 -2.540000 0.000000
-0.000000 -2.540000 0.000000
-0.000000 -2.540000 0.000000
-0.000000 -2.540000 0.000000
-0.000000 -2.540000 0.000000
-0.000000 -2.540000 0.000000
-0.000000 -2.540000 0.000000
-0.000000 -2.540000 0.000000
-0.000000 -2.540000 0.000000
-0.000000 -2.540000 0.000000
-0.000000 -2.540000 0.000000
-0.000000 -2.540000 0.000000
-0.000000 -2.540000 0.000000
-0.000000 -2.540000 0.000000
-0.000000 -2.540000 0.000000
-0.000000 -2.540000 0.000000
-0.000000 -2.540000 0.000000
-0.000000 -2.540000 0.000000
-1.864419 -1.583664 -0.683775
-1.948431 -1.583664 -0.383697
-2.492137 -0.000000 -0.490767
1.677496 -1.102065 -1.556618
1.529353 0.565203 -1.947620
1.413334 -1.102065 -1.799872
1.529353 0.565203 -1.947620
1.205849 0.565203 -2.162885
1.413334 -1.102065 -1.799872
-0.000000 -2.540000 0.000000
-0.000000 -2.540000 0.000000
-0.000000 -2.540000 0.000000
-0.000000 -2.540000 0.000000
-0.000000 -2.540000 0.000000
-0.000000 -2.540000 0.000000
-0.000000 -2.540000 0.000000
-0.000000 -2.540000 0.000000
-0.000000 -2.540000 0.000000
-1.937655 0.000000 -1.642283
-1.937655 0.000000 -1.642283
-1.671244 0.000000 -1.912732
-0.000000 -2.540000 0.000000
-0.000000 -2.540000 0.000000
-0.000000 -2.540000 0.000000
2.335642 -0.000000 0.998187
2.458327 -0.000000 0.638928
2.458327 -0.000000 0.638928
0.898061 -0.000000 2.375939
0.898061 -0.000000 2.375939
0.505304 -0.000000 2.489230
-0.000000 -2.540000 0.000000
-0.000000 -2.540000 0.000000
-0.000000 -2.540000 0.000000
-0.000000 -2.540000 0.000000
-0.000000 -2.540000 0.000000
-0.000000 -2.540000 0.000000
-0.303366 0.000000 -2.521819
0.105091 -0.000000 -2.537825
-0.303366 0.000000 -2.521819
-0.000000 -2.540000 0.000000
-0.000000 -2.540000 0.000000
-0.000000 -2.540000 0.000000
-2.391086 0.000000 0.856917
-2.391086 0.000000 0.856917
-2.492097 0.000000 0.490973
-1.649064 -1.583664 1.106434
-1.801845 -1.583664 0.834842
-0.469348 -2.476317 0.314908
-1.226446 -1.583664 1.561870
-1.861880 -0.000000 1.727716
-1.455677 -1.583664 1.350783
2.324893 0.565203 0.852653
2.429654 0.565203 0.478462
2.148524 -1.102065 0.787970
2.335642 -0.000000 0.998187
2.465516 -0.000000 0.610597
2.335642 -0.000000 0.998187
0.000000 2.540000 0.000000
0.000000 2.540000 0.000000
0.000000 2.540000 0.000000
0.675835 -0.000000 2.448438
0.303366 -0.000000 2.521819
0.303366 -0.000000 2.521819
-1.440565 0.000000 -2.091978
-1.440565 0.000000 -2.091978
-1.086333 0.000000 -2.295971
-0.000000 -2.540000 0.000000
-0.000000 -2.540000 0.000000
-0.000000 -2.540000 0.000000
-0.000000 -2.540000 0.000000
-0.000000 -2.540000 0.000000
-0.000000 -2.540000 0.000000
0.510826 -0.000000 -2.488103
0.903330 -0.000000 -2.373941
0.510826 -0.000000 -2.488103
0.676727 0.565203 2.382055
1.041031 0.565203 2.246865
0.625390 -1.102065 2.201350
1.041031 0.565203 2.246865
1.379701 0.565203 2.056349
0.962057 -1.102065 2.076415
2.458327 -0.000000 0.638928
2.458327 -0.000000 0.638928
2.526097 -0.000000 0.265398
0.000000 2.540000 0.000000
0.000000 2.540000 0.000000
0.000000 2.540000 0.000000
-2.028891 0.000000 -1.528137
-1.757487 0.000000 -1.833805
-2.028891 0.000000 -1.528137
-0.000000 -2.540000 0.000000
-0.000000 -2.540000 0.000000
-0.000000 -2.540000 0.000000
-0.000000 -2.540000 0.000000
-0.000000 -2.540000 0.000000
-0.000000 -2.540000 0.000000
1.272439 -0.000000 -2.198294
1.272439 -0.000000 -2.198294
1.608593 -0.000000 -1.965713
1.684399 0.565203 1.815199
1.947620 0.565203 1.529353
1.556618 -1.102065 1.677496
1.899348 -0.000000 1.686440
1.899348 -0.000000 1.686440
2.145276 -0.000000 1.359924
-1.937655 0.000000 -1.642283
-1.671244 0.000000 -1.912732
-1.671244 0.000000 -1.912732
0.000000 2.540000 0.000000
0.000000 2.540000 0.000000
0.000000 2.540000 0.000000
-2.408389 0.000000 -0.807009
-2.247747 0.000000 -1.182891
-2.408389 0.000000 -0.807009
-0.000000 -2.540000 0.000000
-0.000000 -2.540000 0.000000
-0.000000 -2.540000 0.000000
0.000000 2.540000 0.000000
0.000000 2.540000 0.000000
0.000000 2.540000 0.000000
-2.160783 0.000000 -1.335147
-2.160783 0.000000 -1.335147
-2.335642 0.000000 -0.998187
-1.086333 0.000000 -2.295971
-1.440565 0.000000 -2.091978
-1.086333 0.000000 -2.295971
-0.882352 1.985852 -1.315084
-0.000000 2.540000 -0.000000
-1.077213 1.985852 -1.160863
1.903085 -0.000000 -1.682221
2.148288 -0.000000 -1.355161
1.903085 -0.000000 -1.682221
-0.000000 -2.540000 0.000000
-0.000000 -2.540000 0.000000
-0.000000 -2.540000 0.000000
-1.160863 1.985852 1.077213
-0.000000 2.540000 0.000000
-0.978058 1.985852 1.245550
-1.761551 0.000000 1.829901
-1.445202 0.000000 2.088777
-1.761551 0.000000 1.829901
1.671244 -0.000000 1.912732
1.937655 -0.000000 1.642283
1.937655 -0.000000 1.642283
-0.000000 -2.540000 0.000000
-0.000000 -2.540000 0.000000
-0.000000 -2.540000 0.000000
-0.000000 -2.540000 0.000000
-0.000000 -2.540000 0.000000
-0.000000 -2.540000 0.000000
-1.492889 0.000000 2.054965
-1.782492 0.000000 1.809509
-1.782492 0.000000 1.809509
1.782492 -0.000000 -1.809509
1.492889 -0.000000 -2.054965
1.782492 -0.000000 -1.809509
-0.000000 -2.540000 0.000000
-0.000000 -2.540000 0.000000
-0.000000 -2.540000 0.000000
2.391086 -0.000000 -0.856917
2.492097 -0.000000 -0.490973
2.492097 -0.000000 -0.490973
-0.000000 -2.540000 0.000000
-0.000000 -2.540000 0.000000
-0.000000 -2.540000 0.000000
-0.000000 -2.540000 0.000000
-0.000000 -2.540000 0.000000
-0.000000 -2.540000 0.000000
-2.539999 0.000000 -0.002818
-2.539999 0.000000 -0.002818
-2.506654 0.000000 -0.410226
-0.000000 -2.540000 0.000000
-0.000000 -2.540000 0.000000
-0.000000 -2.540000 0.000000
-0.000000 -2.540000 0.000000
-0.000000 -2.540000 0.000000
-0.000000 -2.540000 0.000000
2.337851 -0.000000 -0.993002
2.466865 -0.000000 -0.605126
2.337851 -0.000000 -0.993002
-0.000000 -2.540000 0.000000
-0.000000 -2.540000 0.000000
-0.000000 -2.540000 0.000000
0.000000 2.540000 0.000000
0.000000 2.540000 0.000000
0.000000 2.540000 0.000000
0.075880 -0.000000 -2.538866
0.453431 -0.000000 -2.499200
0.453431 -0.000000 -2.499200
-0.000000 -2.540000 0.000000
-0.000000 -2.540000 0.000000
-0.000000 -2.540000 0.000000
-0.000000 -2.540000 0.000000
-0.000000 -2.540000 0.000000
-0.000000 -2.540000 0.000000
-0.000000 -2.540000 0.000000
-0.000000 -2.540000 0.000000
-0.000000 -2.540000 0.000000
-2.410173 0.000000 0.801664
-2.410173 0.000000 0.801664
-2.507558 0.000000 0.404663
-0.000000 -2.540000 0.000000
-0.000000 -2.540000 0.000000
-0.000000 -2.540000 0.000000
2.531989 -0.000000 -0.201576
2.531989 -0.000000 -0.201576
2.531535 -0.000000 0.207193
0.000000 2.540000 0.000000
0.000000 2.540000 0.000000
0.000000 2.540000 0.000000
-2.391086 0.000000 0.856917
-2.391086 0.000000 0.856917
-2.236663 0.000000 1.203719
-2.032276 0.000000 1.523632
-2.250366 0.000000 1.177901
-2.032276 0.000000 1.523632
-0.000000 -2.540000 0.000000
-0.000000 -2.540000 0.000000
-0.000000 -2.540000 0.000000
0.099460 -0.000000 2.538052
-0.308960 0.000000 2.521139
0.099460 -0.000000 2.538052
-0.000000 -2.540000 0.000000
-0.000000 -2.540000 0.000000
-0.000000 -2.540000 0.000000
-0.675835 0.000000 -2.448438
-1.033207 0.000000 -2.320363
-1.033207 0.000000 -2.320363
0.000000 2.540000 0.000000
0.000000 2.540000 0.000000
0.000000 2.540000 0.000000
-2.458591 0.565203 0.295760
-2.382055 0.565203 0.676727
-2.272080 -1.102065 0.273323
-2.507558 0.000000 0.404663
-2.410173 0.000000 0.801664
-2.507558 0.000000 0.404663
2.465516 -0.000000 0.610597
2.465516 -0.000000 0.610597
2.335642 -0.000000 0.998187
-0.000000 -2.540000 0.000000
-0.000000 -2.540000 0.000000
-0.000000 -2.540000 0.000000
0.000000 2.540000 0.000000
0.000000 2.540000 0.000000
0.000000 2.540000 0.000000
-2.458327 0.000000 -0.638928
-2.458327 0.000000 -0.638928
-2.526097 0.000000 -0.265398
2.531535 -0.000000 0.207193
2.531989 -0.000000 -0.201576
2.531535 -0.000000 0.207193
2.429654 0.565203 0.478462
2.474589 0.565203 0.092490
2.245338 -1.102065 0.442166
2.337851 -0.000000 -0.993002
2.337851 -0.000000 -0.993002
2.148288 -0.000000 -1.355161
2.382055 0.565203 -0.676727
2.246865 0.565203 -1.041031
2.201350 -1.102065 -0.625390
2.145276 -0.000000 1.359924
1.899348 -0.000000 1.686440
2.145276 -0.000000 1.359924
-0.000000 -2.540000 0.000000
-0.000000 -2.540000 0.000000
-0.000000 -2.540000 0.000000
1.608593 -0.000000 -1.965713
1.272439 -0.000000 -2.198294
1.608593 -0.000000 -1.965713
1.815199 0.565203 -1.684399
1.529353 0.565203 -1.947620
1.677496 -1.102065 -1.556618
-2.250366 0.000000 1.177901
-2.250366 0.000000 1.177901
-2.032276 0.000000 1.523632
-1.315084 1.985852 0.882352
-1.436924 1.985852 0.665764
-0.000000 2.540000 0.000000
-0.771169 1.985852 1.383217
-0.000000 2.540000 0.000000
-0.545292 1.985852 1.486825
-1.091424 0.000000 2.293555
-0.709378 0.000000 2.438931
-1.091424 0.000000 2.293555
-0.308960 0.000000 2.521139
-0.308960 0.000000 2.521139
0.099460 -0.000000 2.538052
-0.305988 1.985852 1.553822
-0.000000 2.540000 0.000000
-0.059149 1.985852 1.582559
-2.247747 0.000000 -1.182891
-2.247747 0.000000 -1.182891
-2.408389 0.000000 -0.807009
-2.429654 0.565203 -0.478462
-2.245338 -1.102065 -0.442166
-2.324893 0.565203 -0.852653
-0.000000 -2.540000 0.000000
-0.000000 -2.540000 0.000000
-0.000000 -2.540000 0.000000
-0.000000 -2.540000 0.000000
-0.000000 -2.540000 0.000000
-0.000000 -2.540000 0.000000
0.189146 1.985852 1.572328
-0.000000 2.540000 -0.000000
0.432783 1.985852 1.523381
0.505304 -0.000000 2.489230
0.898061 -0.000000 2.375939
0.505304 -0.000000 2.489230
-1.445202 0.000000 2.088777
-1.445202 0.000000 2.088777
-1.761551 0.000000 1.829901
-0.000000 -2.540000 0.000000
-0.000000 -2.540000 0.000000
-0.000000 -2.540000 0.000000
-2.492097 0.000000 0.490973
-2.537438 0.000000 0.114062
-2.537438 0.000000 0.114062
0.000000 2.540000 0.000000
0.000000 2.540000 0.000000
0.000000 2.540000 0.000000
-2.506654 0.000000 -0.410226
-2.539999 0.000000 -0.002818
-2.506654 0.000000 -0.410226
0.000000 2.540000 0.000000
-0.000000 2.540000 -0.000000
-1.582559 1.985852 -0.059149
0.105091 -0.000000 -2.537825
0.105091 -0.000000 -2.537825
-0.303366 0.000000 -2.521819
0.000000 2.540000 0.000000
0.059149 1.985852 -1.582559
0.000000 2.540000 -0.000000
-0.000000 -2.540000 0.000000
-0.000000 -2.540000 0.000000
-0.000000 -2.540000 0.000000
-0.000000 -2.540000 0.000000
-0.000000 -2.540000 0.000000
-0.000000 -2.540000 0.000000
-0.709378 0.000000 2.438931
-0.709378 0.000000 2.438931
-1.091424 0.000000 2.293555
-0.000000 -2.540000 0.000000
-0.000000 -2.540000 0.000000
-0.000000 -2.540000 0.000000
1.604228 -0.000000 1.969277
1.604228 -0.000000 1.969277
1.267559 -0.000000 2.201112
-0.000000 -2.540000 0.000000
-0.000000 -2.540000 0.000000
-0.000000 -2.540000 0.000000
0.000000 2.540000 0.000000
0.000000 2.540000 0.000000
0.000000 2.540000 0.000000
2.032276 -0.000000 -1.523632
2.236663 -0.000000 -1.203719
2.236663 -0.000000 -1.203719
1.998807 -1.102065 1.114372
1.799872 -1.102065 1.413334
1.947620 0.565203 1.529353
1.556618 -1.102065 1.677496
1.947620 0.565203 1.529353
1.799872 -1.102065 1.413334
-0.000000 -2.540000 0.000000
-0.000000 -2.540000 0.000000
-0.000000 -2.540000 0.000000
-0.000000 -2.540000 0.000000
-0.000000 -2.540000 0.000000
-0.000000 -2.540000 0.000000
-0.000000 -2.540000 0.000000
-0.000000 -2.540000 0.000000
-0.000000 -2.540000 0.000000
-0.000000 -2.540000 0.000000
-0.000000 -2.540000 0.000000
-0.000000 -2.540000 0.000000
0.478462 0.565203 -2.429654
0.085474 -1.102065 -2.286864
0.442166 -1.102065 -2.245338
-0.295760 0.565203 -2.458591
-0.273323 -1.102065 -2.272080
0.092490 0.565203 -2.474589
-0.000000 -2.540000 0.000000
-0.000000 -2.540000 0.000000
-0.000000 -2.540000 0.000000
-0.000000 -2.540000 0.000000
-0.000000 -2.540000 0.000000
-0.000000 -2.540000 0.000000
-0.000000 -2.540000 0.000000
-0.000000 -2.540000 0.000000
-0.000000 -2.540000 0.000000
-0.000000 -2.540000 0.000000
-0.000000 -2.540000 0.000000
-0.000000 -2.540000 0.000000
0.000000 2.540000 0.000000
0.000000 2.540000 0.000000
0.000000 2.540000 0.000000
0.820853 -0.000000 -2.403706
1.169938 -0.000000 -2.254516
0.820853 -0.000000 -2.403706
0.000000 2.540000 0.000000
0.000000 2.540000 0.000000
0.000000 2.540000 0.000000
-0.820853 0.000000 2.403706
-0.820853 0.000000 2.403706
-0.453431 0.000000 2.499200
1.782492 -0.000000 -1.809509
1.492889 -0.000000 -2.054965
1.492889 -0.000000 -2.054965
0.000000 2.540000 0.000000
0.000000 2.540000 0.000000
0.000000 2.540000 0.000000
0.000000 2.540000 0.000000
0.000000 2.540000 0.000000
0.000000 2.540000 0.000000
2.391086 -0.000000 -0.856917
2.492097 -0.000000 -0.490973
2.391086 -0.000000 -0.856917
0.000000 2.540000 0.000000
0.000000 2.540000 0.000000
0.000000 2.540000 0.000000
-1.782492 0.000000 1.809509
-2.032276 0.000000 1.523632
-2.032276 0.000000 1.523632
1.033207 -0.000000 2.320363
1.033207 -0.000000 2.320363
1.367499 -0.000000 2.140455
0.000000 2.540000 0.000000
0.000000 2.540000 0.000000
0.000000 2.540000 0.000000
-0.000000 -2.540000 0.000000
-0.000000 -2.540000 0.000000
-0.000000 -2.540000 0.000000
-0.000000 -2.540000 0.000000
-0.000000 -2.540000 0.000000
-0.000000 -2.540000 0.000000
0.962057 -1.102065 2.076415
1.379701 0.565203 2.056349
1.275036 -1.102065 1.900352
1.379701 0.565203 2.056349
1.684399 0.565203 1.815199
1.275036 -1.102065 1.900352
-1.413334 -1.102065 1.799872
-1.205849 0.565203 2.162885
-1.114372 -1.102065 1.998807
-1.677496 -1.102065 1.556618
-1.529353 0.565203 1.947620
-1.413334 -1.102065 1.799872
-1.169938 0.000000 2.254516
-1.492889 0.000000 2.054965
-1.492889 0.000000 2.054965
0.000000 2.540000 0.000000
0.000000 2.540000 0.000000
0.000000 2.540000 0.000000
-0.000000 -2.540000 0.000000
-0.000000 -2.540000 0.000000
-0.000000 -2.540000 0.000000
-0.000000 -2.540000 0.000000
-0.000000 -2.540000 0.000000
-0.000000 -2.540000 0.000000
-0.000000 -2.540000 0.000000
-0.000000 -2.540000 0.000000
-0.000000 -2.540000 0.000000
-0.000000 -2.540000 0.000000
-0.000000 -2.540000 0.000000
-0.000000 -2.540000 0.000000
-0.000000 -2.540000 0.000000
-0.000000 -2.540000 0.000000
-0.000000 -2.540000 0.000000
-0.000000 -2.540000 0.000000
-0.000000 -2.540000 0.000000
-0.000000 -2.540000 0.000000
0.194613 -2.476317 -0.530642
-0.379466 -2.288461 1.034675
0.109206 -2.476317 -0.554553
-0.041162 -2.288461 1.101296
0.131626 -2.288461 1.094176
-0.067505 -2.476317 -0.561157
-0.000000 -2.540000 0.000000
-0.000000 -2.540000 0.000000
-0.000000 -2.540000 0.000000
-1.455677 -1.583664 1.350783
-1.861880 -0.000000 1.727716
-1.649064 -1.583664 1.106434
-1.379701 0.565203 -2.056349
-1.684399 0.565203 -1.815199
-1.275036 -1.102065 -1.900352
-1.556618 -1.102065 -1.677496
-1.947620 0.565203 -1.529353
-1.799872 -1.102065 -1.413334
2.162885 0.565203 1.205849
1.998807 -1.102065 1.114372
1.947620 0.565203 1.529353
2.162885 0.565203 1.205849
2.324893 0.565203 0.852653
1.998807 -1.102065 1.114372
2.335642 -0.000000 0.998187
2.160783 -0.000000 1.335147
2.160783 -0.000000 1.335147
0.000000 2.540000 0.000000
0.000000 2.540000 0.000000
0.000000 2.540000 0.000000
0.000000 2.540000 0.000000
0.000000 2.540000 0.000000
0.000000 2.540000 0.000000
-0.075880 0.000000 2.538866
-0.075880 0.000000 2.538866
0.303366 -0.000000 2.521819
-0.000000 -2.540000 0.000000
-0.000000 -2.540000 0.000000
-0.000000 -2.540000 0.000000
-2.384682 -0.000000 -0.874581
-1.864419 -1.583664 -0.683775
-2.492137 -0.000000 -0.490767
-0.000000 -2.540000 0.000000
-0.000000 -2.540000 0.000000
-0.000000 -2.540000 0.000000
-2.443314 -0.000000 0.694130
-2.521819 -0.000000 0.303366
-1.910260 -1.583664 0.542693
2.521819 -0.000000 -0.303366
1.971637 -1.583664 -0.237181
2.443314 -0.000000 -0.694130
-0.000000 -2.540000 0.000000
-0.000000 -2.540000 0.000000
-0.000000 -2.540000 0.000000
-0.000000 -2.540000 0.000000
-0.000000 -2.540000 0.000000
-0.000000 -2.540000 0.000000
-0.000000 -2.540000 0.000000
-0.000000 -2.540000 0.000000
-0.000000 -2.540000 0.000000
-0.000000 -2.540000 0.000000
-0.000000 -2.540000 0.000000
-0.000000 -2.540000 0.000000
-0.000000 -2.540000 0.000000
-0.000000 -2.540000 0.000000
-0.000000 -2.540000 0.000000
-0.000000 -2.540000 0.000000
-0.000000 -2.540000 0.000000
-0.000000 -2.540000 0.000000
-0.000000 -2.540000 0.000000
-0.000000 -2.540000 0.000000
-0.000000 -2.540000 0.000000
-0.000000 -2.540000 0.000000
-0.000000 -2.540000 0.000000
-0.000000 -2.540000 0.000000
-0.000000 -2.540000 0.000000
-0.000000 -2.540000 0.000000
-0.000000 -2.540000 0.000000
2.526097 -0.000000 0.265398
2.537438 -0.000000 -0.114062
2.537438 -0.000000 -0.114062
0.000000 2.540000 0.000000
0.000000 2.540000 0.000000
0.000000 2.540000 0.000000
-1.947620 0.565203 -1.529353
-2.162885 0.565203 -1.205849
-1.799872 -1.102065 -1.413334
-2.148524 -1.102065 -0.787970
-1.998807 -1.102065 -1.114372
-2.162885 0.565203 -1.205849
-0.000000 -2.540000 0.000000
-0.000000 -2.540000 0.000000
-0.000000 -2.540000 0.000000
-0.000000 -2.540000 0.000000
-0.000000 -2.540000 0.000000
-0.000000 -2.540000 0.000000
-0.000000 -2.540000 0.000000
-0.000000 -2.540000 0.000000
-0.000000 -2.540000 0.000000
-0.000000 -2.540000 0.000000
-0.000000 -2.540000 0.000000
-0.000000 -2.540000 0.000000
0.561157 -2.476317 -0.067505
-1.094176 -2.288461 0.131626
0.543689 -2.476317 -0.154459
0.469348 -2.476317 -0.314908
1.801845 -1.583664 -0.834842
0.512832 -2.476317 -0.237608
-0.067505 -2.476317 -0.561157
0.131626 -2.288461 1.094176
-0.154459 -2.476317 -0.543689
-0.314908 -2.476317 -0.469348
-0.834842 -1.583664 -1.801845
-0.237608 -2.476317 -0.512832
-0.295760 0.565203 -2.458591
-0.676727 0.565203 -2.382055
-0.625390 -1.102065 -2.201350
-0.962057 -1.102065 -2.076415
-1.379701 0.565203 -2.056349
-1.275036 -1.102065 -1.900352
1.455677 -1.583664 -1.350783
1.861880 -0.000000 -1.727716
1.649064 -1.583664 -1.106434
1.226446 -1.583664 -1.561870
1.861880 -0.000000 -1.727716
1.455677 -1.583664 -1.350783
1.350783 -1.583664 1.455677
1.727716 -0.000000 1.861880
1.106434 -1.583664 1.649064
1.561870 -1.583664 1.226446
1.727716 -0.000000 1.861880
1.350783 -1.583664 1.455677
-1.350783 -1.583664 -1.455677
-1.727716 -0.000000 -1.861880
-1.106434 -1.583664 -1.649064
-1.561870 -1.583664 -1.226446
-1.727716 -0.000000 -1.861880
-1.350783 -1.583664 -1.455677
2.458591 0.565203 -0.295760
2.382055 0.565203 -0.676727
2.272080 -1.102065 -0.273323
2.286864 -1.102065 0.085474
2.458591 0.565203 -0.295760
2.272080 -1.102065 -0.273323
0.530642 -2.476317 0.194613
0.493665 -2.476317 0.275227
-1.034675 -2.288461 -0.379466
-2.245338 -1.102065 -0.442166
-2.474589 0.565203 -0.092490
-2.286864 -1.102065 -0.085474
1.413334 -1.102065 -1.799872
1.205849 0.565203 -2.162885
1.114372 -1.102065 -1.998807
1.205849 0.565203 -2.162885
0.852653 0.565203 -2.324893
1.114372 -1.102065 -1.998807
2.076415 -1.102065 -0.962057
2.056349 0.565203 -1.379701
1.900352 -1.102065 -1.275036
2.056349 0.565203 -1.379701
1.815199 0.565203 -1.684399
1.900352 -1.102065 -1.275036
1.034675 -2.288461 0.379466
1.081298 -2.288461 0.212936
-0.554553 -2.476317 -0.109206
2.148524 -1.102065 0.787970
2.429654 0.565203 0.478462
2.245338 -1.102065 0.442166
-0.379466 -2.288461 1.034675
-0.212936 -2.288461 1.081298
0.109206 -2.476317 -0.554553
-0.787970 -1.102065 2.148524
-0.478462 0.565203 2.429654
-0.442166 -1.102065 2.245338
-0.021110 -2.476317 0.564809
-0.109206 -2.476317 0.554553
0.212936 -2.288461 -1.081298
-0.021110 -2.476317 0.564809
-0.074171 -1.583664 1.984466
-0.109206 -2.476317 0.554553
1.997707 -0.000000 1.568683
1.727716 -0.000000 1.861880
1.561870 -1.583664 1.226446
2.218508 -0.000000 1.236860
1.997707 -0.000000 1.568683
1.561870 -1.583664 1.226446
-1.997707 -0.000000 -1.568683
-1.727716 -0.000000 -1.861880
-1.561870 -1.583664 -1.226446
-2.218508 -0.000000 -1.236860
-1.997707 -0.000000 -1.568683
-1.561870 -1.583664 -1.226446
1.568683 -0.000000 -1.997707
1.861880 -0.000000 -1.727716
1.226446 -1.583664 -1.561870
1.236860 -0.000000 -2.218508
1.568683 -0.000000 -1.997707
1.226446 -1.583664 -1.561870
-1.236860 -0.000000 2.218508
-1.568683 -0.000000 1.997707
-1.226446 -1.583664 1.561870
-1.568683 -0.000000 1.997707
-1.861880 -0.000000 1.727716
-1.226446 -1.583664 1.561870
2.384682 -0.000000 0.874581
1.864419 -1.583664 0.683775
2.492137 -0.000000 0.490767
1.948431 -1.583664 0.383697
2.538228 -0.000000 0.094868
2.492137 -0.000000 0.490767
-1.734499 -1.583664 -0.967016
-2.218508 -0.000000 -1.236860
-1.561870 -1.583664 -1.226446
-2.218508 -0.000000 -1.236860
-1.734499 -1.583664 -0.967016
-2.384682 -0.000000 -0.874581
0.874581 -0.000000 -2.384682
1.236860 -0.000000 -2.218508
0.683775 -1.583664 -1.864419
0.967016 -1.583664 -1.734499
1.236860 -0.000000 -2.218508
1.226446 -1.583664 -1.561870
-0.383697 -1.583664 1.948431
-0.094868 -0.000000 2.538228
-0.490767 -0.000000 2.492137
-0.490767 -0.000000 2.492137
-0.874581 -0.000000 2.384682
-0.383697 -1.583664 1.948431
-0.967016 -1.583664 1.734499
-1.236860 -0.000000 2.218508
-1.226446 -1.583664 1.561870
-1.236860 -0.000000 2.218508
-0.967016 -1.583664 1.734499
-0.874581 -0.000000 2.384682
2.218508 -0.000000 1.236860
1.734499 -1.583664 0.967016
2.384682 -0.000000 0.874581
1.734499 -1.583664 0.967016
2.218508 -0.000000 1.236860
1.561870 -1.583664 1.226446
0.564809 -2.476317 0.021110
0.554553 -2.476317 0.109206
-1.081298 -2.288461 -0.212936
0.564809 -2.476317 0.021110
1.984466 -1.583664 0.074171
0.554553 -2.476317 0.109206
0.383697 -1.583664 -1.948431
0.094868 -0.000000 -2.538228
0.490767 -0.000000 -2.492137
0.074171 -1.583664 -1.984466
-0.303366 -0.000000 -2.521819
0.094868 -0.000000 -2.538228
-1.984466 -1.583664 -0.074171
-2.521819 -0.000000 0.303366
-2.538228 -0.000000 -0.094868
-1.948431 -1.583664 -0.383697
-2.538228 -0.000000 -0.094868
-2.492137 -0.000000 -0.490767
0.000000 2.540000 0.000000
-0.000000 2.540000 -0.000000
-0.665764 1.985852 -1.436924
-0.000000 2.540000 -0.000000
-0.000000 2.540000 -0.000000
-0.882352 1.985852 -1.315084
-0.074171 -1.583664 1.984466
-0.094868 -0.000000 2.538228
-0.383697 -1.583664 1.948431
-0.074171 -1.583664 1.984466
0.303366 -0.000000 2.521819
-0.094868 -0.000000 2.538228
-2.304647 -0.000000 1.067803
-1.801845 -1.583664 0.834842
-2.109232 -0.000000 1.415183
-1.910260 -1.583664 0.542693
-2.304647 -0.000000 1.067803
-2.443314 -0.000000 0.694130
1.984466 -1.583664 0.074171
2.538228 -0.000000 0.094868
1.948431 -1.583664 0.383697
1.984466 -1.583664 0.074171
2.521819 -0.000000 -0.303366
2.538228 -0.000000 0.094868
1.910260 -1.583664 -0.542693
2.304647 -0.000000 -1.067803
2.443314 -0.000000 -0.694130
2.304647 -0.000000 -1.067803
1.801845 -1.583664 -0.834842
2.109232 -0.000000 -1.415183
-0.542693 -1.583664 -1.910260
-1.067803 -0.000000 -2.304647
-0.694130 -0.000000 -2.443314
-1.106434 -1.583664 -1.649064
-1.067803 -0.000000 -2.304647
-0.834842 -1.583664 -1.801845
0.542693 -1.583664 1.910260
1.067803 -0.000000 2.304647
0.694130 -0.000000 2.443314
1.106434 -1.583664 1.649064
1.067803 -0.000000 2.304647
0.834842 -1.583664 1.801845
0.543689 -2.476317 -0.154459
-1.060114 -2.288461 0.301172
0.512832 -2.476317 -0.237608
-2.201350 -1.102065 0.625390
-2.246865 0.565203 1.041031
-2.076415 -1.102065 0.962057
2.201350 -1.102065 -0.625390
2.246865 0.565203 -1.041031
2.076415 -1.102065 -0.962057
-0.512832 -2.476317 0.237608
-0.543689 -2.476317 0.154459
1.060114 -2.288461 -0.301172
0.625390 -1.102065 2.201350
1.041031 0.565203 2.246865
0.962057 -1.102065 2.076415
-0.154459 -2.476317 -0.543689
0.301172 -2.288461 1.060114
-0.237608 -2.476317 -0.512832
-0.000000 2.540000 -0.000000
-0.000000 2.540000 -0.000000
-1.245550 1.985852 -0.978058
-0.000000 2.540000 -0.000000
-0.000000 2.540000 -0.000000
-1.077213 1.985852 -1.160863
-0.000000 2.540000 0.000000
-0.000000 2.540000 0.000000
-1.436924 1.985852 0.665764
-0.000000 2.540000 0.000000
-0.000000 2.540000 0.000000
-1.523381 1.985852 0.432783
-1.572328 1.985852 0.189146
-0.000000 2.540000 0.000000
-1.523381 1.985852 0.432783
-0.000000 2.540000 -0.000000
-0.000000 2.540000 0.000000
-1.572328 1.985852 0.189146
-1.160863 1.985852 1.077213
-0.000000 2.540000 0.000000
-0.000000 2.540000 0.000000
-0.000000 2.540000 0.000000
-1.315084 1.985852 0.882352
-0.000000 2.540000 0.000000
-0.978058 1.985852 1.245550
-0.000000 2.540000 0.000000
-0.000000 2.540000 0.000000
-0.771169 1.985852 1.383217
-0.000000 2.540000 0.000000
-0.000000 2.540000 0.000000
-0.305988 1.985852 1.553822
-0.000000 2.540000 0.000000
-0.000000 2.540000 0.000000
-0.545292 1.985852 1.486825
-0.000000 2.540000 0.000000
-0.000000 2.540000 0.000000
0.189146 1.985852 1.572328
0.000000 2.540000 0.000000
-0.000000 2.540000 -0.000000
-0.059149 1.985852 1.582559
-0.000000 2.540000 0.000000
0.000000 2.540000 0.000000
0.021110 -2.476317 -0.564809
-0.237181 -1.583664 -1.971637
0.074171 -1.583664 -1.984466
0.074171 -1.583664 -1.984466
-0.237181 -1.583664 -1.971637
-0.303366 -0.000000 -2.521819
0.852653 0.565203 -2.324893
0.442166 -1.102065 -2.245338
0.787970 -1.102065 -2.148524
0.212936 -2.288461 -1.081298
-0.194613 -2.476317 0.530642
0.379466 -2.288461 -1.034675
-1.984466 -1.583664 -0.074171
-2.538228 -0.000000 -0.094868
-1.948431 -1.583664 -0.383697
-0.564809 -2.476317 -0.021110
-1.984466 -1.583664 -0.074171
-0.554553 -2.476317 -0.109206
1.415183 -0.000000 2.109232
1.067803 -0.000000 2.304647
1.106434 -1.583664 1.649064
1.106434 -1.583664 1.649064
1.727716 -0.000000 1.861880
1.415183 -0.000000 2.109232
-1.801845 -1.583664 0.834842
-1.649064 -1.583664 1.106434
-2.109232 -0.000000 1.415183
-1.649064 -1.583664 1.106434
-1.861880 -0.000000 1.727716
-2.109232 -0.000000 1.415183
-1.415183 -0.000000 -2.109232
-1.067803 -0.000000 -2.304647
-1.106434 -1.583664 -1.649064
-1.106434 -1.583664 -1.649064
-1.727716 -0.000000 -1.861880
-1.415183 -0.000000 -2.109232
1.649064 -1.583664 -1.106434
1.861880 -0.000000 -1.727716
2.109232 -0.000000 -1.415183
1.801845 -1.583664 -0.834842
1.649064 -1.583664 -1.106434
2.109232 -0.000000 -1.415183
-2.245338 -1.102065 -0.442166
-2.148524 -1.102065 -0.787970
-2.324893 0.565203 -0.852653
-1.081298 -2.288461 -0.212936
0.530642 -2.476317 0.194613
-1.034675 -2.288461 -0.379466
1.998807 -1.102065 1.114372
2.324893 0.565203 0.852653
2.148524 -1.102065 0.787970
0.962575 -2.288461 0.536653
1.034675 -2.288461 0.379466
-0.530642 -2.476317 -0.194613
1.245550 1.985852 0.978058
0.000000 2.540000 0.000000
1.383217 1.985852 0.771169
1.245550 1.985852 0.978058
0.000000 2.540000 0.000000
0.000000 2.540000 0.000000
-0.493665 -2.476317 -0.275227
0.962575 -2.288461 0.536653
-0.530642 -2.476317 -0.194613
-1.734499 -1.583664 -0.967016
-1.864419 -1.583664 -0.683775
-2.384682 -0.000000 -0.874581
0.683775 -1.583664 -1.864419
1.236860 -0.000000 -2.218508
0.967016 -1.583664 -1.734499
0.275227 -2.476317 -0.493665
-0.536653 -2.288461 0.962575
0.194613 -2.476317 -0.530642
-1.245550 1.985852 -0.978058
-0.000000 2.540000 -0.000000
-1.383217 1.985852 -0.771169
-0.000000 2.540000 -0.000000
-0.000000 2.540000 -0.000000
-1.383217 1.985852 -0.771169
-0.021110 -2.476317 0.564809
0.237181 -1.583664 1.971637
-0.074171 -1.583664 1.984466
-0.074171 -1.583664 1.984466
0.237181 -1.583664 1.971637
0.303366 -0.000000 2.521819
-0.512832 -2.476317 0.237608
-1.801845 -1.583664 0.834842
-0.543689 -2.476317 0.154459
-1.801845 -1.583664 0.834842
-2.304647 -0.000000 1.067803
-1.910260 -1.583664 0.542693
0.564809 -2.476317 0.021110
1.971637 -1.583664 -0.237181
1.984466 -1.583664 0.074171
1.984466 -1.583664 0.074171
1.971637 -1.583664 -0.237181
2.521819 -0.000000 -0.303366
-0.665764 1.985852 -1.436924
-0.000000 2.540000 -0.000000
-0.882352 1.985852 -1.315084
-1.041031 0.565203 -2.246865
-1.379701 0.565203 -2.056349
-0.962057 -1.102065 -2.076415
0.067505 -2.476317 0.561157
0.041162 -2.288461 -1.101296
-0.131626 -2.288461 -1.094176
0.092490 0.565203 -2.474589
-0.273323 -1.102065 -2.272080
0.085474 -1.102065 -2.286864
0.021110 -2.476317 -0.564809
0.074171 -1.583664 -1.984466
0.109206 -2.476317 -0.554553
0.074171 -1.583664 -1.984466
0.094868 -0.000000 -2.538228
0.383697 -1.583664 -1.948431
-0.237608 -2.476317 -0.512832
-0.834842 -1.583664 -1.801845
-0.154459 -2.476317 -0.543689
-0.834842 -1.583664 -1.801845
-1.067803 -0.000000 -2.304647
-0.542693 -1.583664 -1.910260
0.512832 -2.476317 -0.237608
1.801845 -1.583664 -0.834842
0.543689 -2.476317 -0.154459
1.801845 -1.583664 -0.834842
2.304647 -0.000000 -1.067803
1.910260 -1.583664 -0.542693
-0.625390 -1.102065 -2.201350
-1.041031 0.565203 -2.246865
-0.962057 -1.102065 -2.076415
0.237608 -2.476317 0.512832
0.154459 -2.476317 0.543689
-0.301172 -2.288461 -1.060114
0.379466 -2.288461 -1.034675
-0.275227 -2.476317 0.493665
0.536653 -2.288461 -0.962575
1.114372 -1.102065 -1.998807
0.852653 0.565203 -2.324893
0.787970 -1.102065 -2.148524
-0.536653 -2.288461 0.962575
-0.379466 -2.288461 1.034675
0.194613 -2.476317 -0.530642
-1.114372 -1.102065 1.998807
-0.852653 0.565203 2.324893
-0.787970 -1.102065 2.148524
-0.442166 -1.102065 2.245338
-0.092490 0.565203 2.474589
-0.085474 -1.102065 2.286864
0.109206 -2.476317 -0.554553
-0.212936 -2.288461 1.081298
0.021110 -2.476317 -0.564809
2.245338 -1.102065 0.442166
2.474589 0.565203 0.092490
2.286864 -1.102065 0.085474
-0.554553 -2.476317 -0.109206
1.081298 -2.288461 0.212936
-0.564809 -2.476317 -0.021110
0.493665 -2.476317 0.275227
-0.866773 -2.288461 -0.680626
-0.962575 -2.288461 -0.536653
-1.799872 -1.102065 -1.413334
-2.162885 0.565203 -1.205849
-1.998807 -1.102065 -1.114372
0.273323 -1.102065 2.272080
0.676727 0.565203 2.382055
0.625390 -1.102065 2.201350
0.131626 -2.288461 1.094176
0.301172 -2.288461 1.060114
-0.154459 -2.476317 -0.543689
1.060114 -2.288461 -0.301172
-0.561157 -2.476317 0.067505
1.094176 -2.288461 -0.131626
2.272080 -1.102065 -0.273323
2.382055 0.565203 -0.676727
2.201350 -1.102065 -0.625390
-1.094176 -2.288461 0.131626
-1.060114 -2.288461 0.301172
0.543689 -2.476317 -0.154459
-2.272080 -1.102065 0.273323
-2.382055 0.565203 0.676727
-2.201350 -1.102065 0.625390
0.432783 1.985852 1.523381
0.000000 2.540000 0.000000
0.665764 1.985852 1.436924
0.432783 1.985852 1.523381
-0.000000 2.540000 -0.000000
0.000000 2.540000 0.000000
-0.564809 -2.476317 -0.021110
-1.971637 -1.583664 0.237181
-1.984466 -1.583664 -0.074171
-2.521819 -0.000000 0.303366
-1.984466 -1.583664 -0.074171
-1.971637 -1.583664 0.237181
-0.092490 0.565203 2.474589
0.295760 0.565203 2.458591
-0.085474 -1.102065 2.286864
-0.059149 1.985852 1.582559
0.000000 2.540000 0.000000
0.189146 1.985852 1.572328
-0.545292 1.985852 1.486825
-0.000000 2.540000 0.000000
-0.305988 1.985852 1.553822
-0.852653 0.565203 2.324893
-0.478462 0.565203 2.429654
-0.787970 -1.102065 2.148524
0.834842 -1.583664 1.801845
1.067803 -0.000000 2.304647
0.542693 -1.583664 1.910260
0.237608 -2.476317 0.512832
0.834842 -1.583664 1.801845
0.154459 -2.476317 0.543689
-1.529353 0.565203 1.947620
-1.205849 0.565203 2.162885
-1.413334 -1.102065 1.799872
-0.978058 1.985852 1.245550
-0.000000 2.540000 0.000000
-0.771169 1.985852 1.383217
0.478462 0.565203 -2.429654
0.442166 -1.102065 -2.245338
0.852653 0.565203 -2.324893
0.000000 2.540000 -0.000000
0.545292 1.985852 -1.486825
0.000000 2.540000 -0.000000
-1.315084 1.985852 0.882352
-0.000000 2.540000 0.000000
-1.160863 1.985852 1.077213
-2.056349 0.565203 1.379701
-1.815199 0.565203 1.684399
-1.900352 -1.102065 1.275036
0.665764 1.985852 1.436924
0.000000 2.540000 0.000000
0.882352 1.985852 1.315084
0.665764 1.985852 1.436924
0.000000 2.540000 0.000000
0.000000 2.540000 0.000000
-2.382055 0.565203 0.676727
-2.246865 0.565203 1.041031
-2.201350 -1.102065 0.625390
-1.523381 1.985852 0.432783
-0.000000 2.540000 0.000000
-1.436924 1.985852 0.665764
-1.077213 1.985852 -1.160863
-0.000000 2.540000 -0.000000
-1.245550 1.985852 -0.978058
-1.684399 0.565203 -1.815199
-1.947620 0.565203 -1.529353
-1.556618 -1.102065 -1.677496
-2.474589 0.565203 -0.092490
-2.458591 0.565203 0.295760
-2.286864 -1.102065 -0.085474
-1.582559 1.985852 -0.059149
-0.000000 2.540000 -0.000000
-1.572328 1.985852 0.189146
0.882352 1.985852 1.315084
0.000000 2.540000 0.000000
1.077213 1.985852 1.160863
0.882352 1.985852 1.315084
0.000000 2.540000 0.000000
0.000000 2.540000 0.000000
1.077213 1.985852 1.160863
0.000000 2.540000 0.000000
1.245550 1.985852 0.978058
1.077213 1.985852 1.160863
0.000000 2.540000 0.000000
0.000000 2.540000 0.000000
1.275036 -1.102065 1.900352
1.684399 0.565203 1.815199
1.556618 -1.102065 1.677496
-1.350783 -1.583664 -1.455677
-1.106434 -1.583664 -1.649064
-0.314908 -2.476317 -0.469348
-1.275036 -1.102065 -1.900352
-1.684399 0.565203 -1.815199
-1.556618 -1.102065 -1.677496
1.350783 -1.583664 1.455677
1.106434 -1.583664 1.649064
0.314908 -2.476317 0.469348
-1.455677 -1.583664 1.350783
-1.649064 -1.583664 1.106434
-0.469348 -2.476317 0.314908
1.900352 -1.102065 -1.275036
1.815199 0.565203 -1.684399
1.677496 -1.102065 -1.556618
-1.900352 -1.102065 1.275036
-1.815199 0.565203 1.684399
-1.677496 -1.102065 1.556618
1.455677 -1.583664 -1.350783
1.649064 -1.583664 -1.106434
0.469348 -2.476317 -0.314908
1.486825 1.985852 0.545292
0.000000 2.540000 0.000000
1.553822 1.985852 0.305988
0.000000 2.540000 0.000000
0.000000 2.540000 0.000000
1.486825 1.985852 0.545292
1.383217 1.985852 0.771169
0.000000 2.540000 0.000000
1.486825 1.985852 0.545292
1.383217 1.985852 0.771169
0.000000 2.540000 0.000000
0.000000 2.540000 0.000000
0.000000 2.540000 0.000000
1.553822 1.985852 0.305988
0.000000 2.540000 0.000000
1.582559 1.985852 0.059149
1.553822 1.985852 0.305988
0.000000 2.540000 0.000000
-0.109206 -2.476317 0.554553
-0.194613 -2.476317 0.530642
0.212936 -2.288461 -1.081298
-0.383697 -1.583664 1.948431
-0.874581 -0.000000 2.384682
-0.683775 -1.583664 1.864419
1.864419 -1.583664 0.683775
1.948431 -1.583664 0.383697
2.492137 -0.000000 0.490767
0.554553 -2.476317 0.109206
0.530642 -2.476317 0.194613
-1.081298 -2.288461 -0.212936
0.000000 2.540000 -0.000000
1.582559 1.985852 0.059149
0.000000 2.540000 0.000000
1.572328 1.985852 -0.189146
1.582559 1.985852 0.059149
0.000000 2.540000 -0.000000
0.000000 2.540000 -0.000000
1.572328 1.985852 -0.189146
0.000000 2.540000 -0.000000
1.523381 1.985852 -0.432783
1.572328 1.985852 -0.189146
0.000000 2.540000 -0.000000
0.000000 2.540000 -0.000000
1.523381 1.985852 -0.432783
0.000000 2.540000 -0.000000
1.436924 1.985852 -0.665764
1.523381 1.985852 -0.432783
0.000000 2.540000 -0.000000
0.000000 2.540000 -0.000000
1.436924 1.985852 -0.665764
0.000000 2.540000 -0.000000
1.315084 1.985852 -0.882352
1.436924 1.985852 -0.665764
0.000000 2.540000 -0.000000
-0.000000 2.540000 -0.000000
0.000000 2.540000 0.000000
-1.553822 1.985852 -0.305988
-1.486825 1.985852 -0.545292
-0.000000 2.540000 -0.000000
-1.553822 1.985852 -0.305988
-0.000000 2.540000 -0.000000
-0.000000 2.540000 -0.000000
-1.486825 1.985852 -0.545292
-1.383217 1.985852 -0.771169
-0.000000 2.540000 -0.000000
-1.486825 1.985852 -0.545292
0.000000 2.540000 -0.000000
1.315084 1.985852 -0.882352
0.000000 2.540000 -0.000000
1.160863 1.985852 -1.077213
1.315084 1.985852 -0.882352
0.000000 2.540000 -0.000000
0.000000 2.540000 -0.000000
0.771169 1.985852 -1.383217
0.000000 2.540000 -0.000000
0.545292 1.985852 -1.486825
0.771169 1.985852 -1.383217
0.000000 2.540000 -0.000000
0.978058 1.985852 -1.245550
1.160863 1.985852 -1.077213
0.000000 2.540000 -0.000000
0.000000 2.540000 -0.000000
1.160863 1.985852 -1.077213
0.000000 2.540000 -0.000000
0.000000 2.540000 -0.000000
0.978058 1.985852 -1.245550
0.000000 2.540000 -0.000000
0.771169 1.985852 -1.383217
0.978058 1.985852 -1.245550
0.000000 2.540000 -0.000000
0.478462 0.565203 -2.429654
0.092490 0.565203 -2.474589
0.085474 -1.102065 -2.286864
0.059149 1.985852 -1.582559
0.305988 1.985852 -1.553822
0.000000 2.540000 -0.000000
-0.432783 1.985852 -1.523381
0.000000 2.540000 0.000000
-0.665764 1.985852 -1.436924
-0.676727 0.565203 -2.382055
-1.041031 0.565203 -2.246865
-0.625390 -1.102065 -2.201350
</float_array>
          <technique_common>
            <accessor source="#FBXASC227FBXASC130FBXASC189FBXASC227FBXASC131FBXASC170FBXASC227FBXASC131FBXASC131FBXASC227FBXASC131FBXASC1373-Normal0-array" count="1860" stride="3">
              <param name="X" type="float"/>
              <param name="Y" type="float"/>
              <param name="Z" type="float"/>
            </accessor>
          </technique_common>
        </source>
        <vertices id="FBXASC227FBXASC130FBXASC189FBXASC227FBXASC131FBXASC170FBXASC227FBXASC131FBXASC131FBXASC227FBXASC131FBXASC1373-VERTEX">
          <input semantic="POSITION" source="#FBXASC227FBXASC130FBXASC189FBXASC227FBXASC131FBXASC170FBXASC227FBXASC131FBXASC131FBXASC227FBXASC131FBXASC1373-POSITION"/>
        </vertices>
        <triangles count="620" material="MaterialFBXASC032FBXASC03526">
          <input semantic="VERTEX" offset="0" source="#FBXASC227FBXASC130FBXASC189FBXASC227FBXASC131FBXASC170FBXASC227FBXASC131FBXASC131FBXASC227FBXASC131FBXASC1373-VERTEX"/>
          <input semantic="NORMAL" offset="1" source="#FBXASC227FBXASC130FBXASC189FBXASC227FBXASC131FBXASC170FBXASC227FBXASC131FBXASC131FBXASC227FBXASC131FBXASC1373-Normal0"/>
          <p> 139 0 99 1 32 2 114 3 120 4 33 5 144 6 57 7 11 8 59 9 161 10 38 11 56 12 142 13 33 14 177 15 69 16 32 17 126 18 128 19 38 20 123 21 36 22 11 23 53 24 192 25 38 26 166 27 121 28 33 29 67 30 178 31 38 32 154 33 57 34 144 35 54 36 130 37 33 38 176 39 52 40 32 41 123 42 14 43 36 44 147 45 57 46 154 47 168 48 152 49 190 50 142 51 210 52 150 53 33 54 121 55 48 56 156 57 68 58 145 59 36 60 14 61 65 62 163 63 120 64 114 65 23 66 39 67 131 68 50 69 68 70 156 71 55 72 162 73 37 74 126 75 111 76 128 77 32 78 26 79 38 80 181 81 72 82 125 83 54 84 45 85 130 86 56 87 210 88 142 89 146 90 90 91 32 92 268 93 260 94 264 95 136 96 55 97 11 98 136 99 162 100 55 101 171 102 120 103 163 104 124 105 212 106 153 107 232 108 64 109 194 110 87 111 112 112 122 113 47 114 149 115 38 116 211 117 226 118 273 119 190 120 152 121 61 122 61 123 152 124 33 125 67 126 81 127 178 128 262 129 267 130 195 131 258 132 265 133 24 134 80 135 175 136 38 137 137 138 69 139 64 140 151 141 16 142 213 143 58 144 90 145 196 146 146 147 140 148 90 149 278 150 214 151 275 152 71 153 170 154 41 155 53 156 107 157 192 158 118 159 184 160 179 161 219 162 133 163 207 164 175 165 80 166 110 167 247 168 266 169 6 170 107 171 199 172 28 173 92 174 167 175 137 176 52 177 176 178 79 179 222 180 46 181 218 182 218 183 132 184 209 185 11 186 12 187 113 188 159 189 11 190 113 191 212 192 19 193 171 194 174 195 62 196 32 197 66 198 143 199 38 200 234 201 7 202 195 203 119 204 89 205 11 206 119 207 129 208 89 209 305 210 211 211 259 212 201 213 18 214 157 215 197 216 74 217 83 218 94 219 197 220 83 221 68 222 39 223 145 224 131 225 39 226 160 227 40 228 268 229 264 230 89 231 129 232 104 233 122 234 177 235 87 236 200 237 106 238 20 239 148 240 42 241 117 242 300 243 301 244 214 245 203 246 140 247 43 248 139 249 172 250 99 251 304 252 242 253 254 254 227 255 288 256 276 257 130 258 45 259 213 260 92 261 134 262 31 263 191 264 177 265 32 266 218 267 46 268 132 269 47 270 100 271 149 272 111 273 169 274 128 275 86 276 11 277 159 278 279 279 277 280 274 281 133 282 29 283 81 284 29 285 183 286 38 287 13 288 155 289 182 290 282 291 245 292 270 293 286 294 243 295 237 296 158 297 81 298 67 299 185 300 52 301 79 302 62 303 174 304 164 305 180 306 175 307 110 308 202 309 107 310 53 311 19 312 212 313 124 314 19 315 124 316 33 317 127 318 18 319 11 320 157 321 18 322 127 323 151 324 138 325 16 326 16 327 138 328 33 329 141 330 44 331 9 332 141 333 9 334 11 335 217 336 169 337 111 338 208 339 58 340 88 341 105 342 59 343 173 344 100 345 173 346 59 347 60 348 270 349 3 350 223 351 49 352 219 353 22 354 148 355 33 356 22 357 42 358 148 359 172 360 139 361 101 362 101 363 62 364 164 365 169 366 186 367 47 368 226 369 299 370 1 371 69 372 177 373 64 374 106 375 135 376 20 377 292 378 5 379 206 380 281 381 260 382 268 383 115 384 66 385 105 386 161 387 59 388 105 389 7 390 158 391 67 392 143 393 66 394 115 395 165 396 155 397 13 398 160 399 39 400 68 401 167 402 31 403 32 404 167 405 92 406 31 407 304 408 162 409 242 410 9 411 44 412 70 413 222 414 112 415 46 416 193 417 170 418 71 419 10 420 72 421 33 422 125 423 72 424 10 425 170 426 106 427 41 428 261 429 73 430 278 431 46 432 32 433 132 434 38 435 74 436 32 437 166 438 181 439 121 440 209 441 74 442 2 443 184 444 118 445 199 446 76 447 247 448 6 449 260 450 281 451 93 452 172 453 198 454 99 455 293 456 25 457 238 458 261 459 278 460 96 461 220 462 134 463 0 464 82 465 79 466 220 467 110 468 80 469 49 470 183 471 29 472 49 473 207 474 81 475 103 476 207 477 133 478 81 479 225 480 298 481 8 482 164 483 52 484 185 485 83 486 74 487 38 488 118 489 179 490 38 491 15 492 255 493 108 494 257 495 84 496 249 497 217 498 111 499 208 500 14 501 123 502 201 503 280 504 246 505 271 506 215 507 279 508 274 509 112 510 87 511 46 512 191 513 32 514 46 515 140 516 196 517 90 518 250 519 5 520 292 521 89 522 104 523 12 524 89 525 12 526 11 527 26 528 90 529 58 530 90 531 26 532 32 533 91 534 258 535 24 536 180 537 202 538 53 539 188 540 92 541 137 542 0 543 134 544 92 545 17 546 260 547 93 548 198 549 203 550 43 551 184 552 94 553 179 554 235 555 94 556 6 557 225 558 109 559 269 560 298 561 225 562 95 563 210 564 56 565 78 566 303 567 306 568 238 569 237 570 243 571 294 572 284 573 244 574 97 575 252 576 98 577 291 578 235 579 197 580 94 581 99 582 43 583 32 584 99 585 198 586 43 587 186 588 100 589 47 590 221 591 100 592 1 593 231 594 101 595 224 596 224 597 101 598 164 599 221 600 173 601 100 602 227 603 276 604 262 605 253 606 51 607 294 608 234 609 158 610 7 611 40 612 104 613 311 614 12 615 104 616 40 617 35 618 115 619 105 620 35 621 105 622 233 623 73 624 135 625 106 626 73 627 106 628 229 629 76 630 107 631 228 632 228 633 107 634 202 635 27 636 112 637 222 638 257 639 249 640 193 641 116 642 309 643 109 644 309 645 307 646 109 647 91 648 110 649 223 650 223 651 110 652 49 653 208 654 111 655 58 656 111 657 126 658 58 659 27 660 71 661 112 662 112 663 71 664 122 665 33 666 48 667 113 668 113 669 12 670 33 671 12 672 114 673 33 674 40 675 114 676 12 677 195 678 7 679 115 680 7 681 143 682 115 683 251 684 25 685 293 686 109 687 0 688 116 689 295 690 297 691 84 692 61 693 117 694 190 695 28 696 118 697 38 698 118 699 28 700 199 701 36 702 65 703 119 704 36 705 119 706 11 707 120 708 19 709 33 710 171 711 19 712 120 713 277 714 285 715 205 716 285 717 289 718 239 719 122 720 71 721 41 722 200 723 20 724 122 725 201 726 123 727 18 728 18 729 123 730 11 731 124 732 54 733 33 734 124 735 153 736 54 737 290 738 256 739 75 740 125 741 10 742 168 743 126 744 26 745 58 746 26 747 126 748 38 749 37 750 127 751 55 752 55 753 127 754 11 755 128 756 47 757 38 758 128 759 169 760 47 761 119 762 65 763 129 764 263 765 65 766 240 767 213 768 16 769 130 770 130 771 16 772 33 773 284 774 131 775 244 776 160 777 182 778 131 779 74 780 132 781 32 782 209 783 132 784 74 785 219 786 49 787 133 788 49 789 29 790 133 791 134 792 79 793 31 794 220 795 79 796 134 797 64 798 20 799 135 800 194 801 64 802 135 803 9 804 136 805 11 806 9 807 70 808 136 809 188 810 137 811 232 812 232 813 137 814 64 815 78 816 56 817 138 818 138 819 56 820 33 821 62 822 139 823 32 824 139 825 62 826 101 827 236 828 196 829 140 830 236 831 140 832 93 833 57 834 141 835 11 836 57 837 147 838 141 839 142 840 22 841 33 842 142 843 150 844 22 845 143 846 67 847 38 848 143 849 7 850 67 851 23 852 144 853 39 854 39 855 144 856 11 857 86 858 145 859 11 860 145 861 39 862 11 863 43 864 140 865 146 866 43 867 146 868 32 869 288 870 241 871 276 872 141 873 147 874 44 875 148 876 117 877 61 878 148 879 61 880 33 881 149 882 59 883 38 884 149 885 100 886 59 887 22 888 150 889 42 890 297 891 300 892 272 893 78 894 138 895 151 896 302 897 303 898 96 899 168 900 10 901 152 902 152 903 10 904 33 905 54 906 153 907 45 908 308 909 309 910 116 911 154 912 144 913 23 914 243 915 286 916 154 917 282 918 155 919 245 920 165 921 50 922 155 923 156 924 145 925 86 926 280 927 156 928 246 929 157 930 127 931 37 932 304 933 254 934 305 935 103 936 158 937 234 938 103 939 81 940 158 941 279 942 159 943 277 944 113 945 48 946 159 947 13 948 182 949 160 950 13 951 160 952 68 953 66 954 161 955 105 956 161 957 66 958 38 959 136 960 70 961 162 962 162 963 70 964 242 965 163 966 114 967 40 968 40 969 310 970 163 971 224 972 164 973 8 974 8 975 164 976 185 977 68 978 50 979 165 980 165 981 13 982 68 983 72 984 181 985 166 986 72 987 166 988 33 989 69 990 167 991 32 992 167 993 69 994 137 995 255 996 15 997 256 998 75 999 256 1000 15 1001 63 1002 186 1003 169 1004 63 1005 169 1006 217 1007 229 1008 106 1009 170 1010 229 1011 170 1012 193 1013 171 1014 216 1015 248 1016 40 1017 264 1018 310 1019 17 1020 172 1021 231 1022 231 1023 172 1024 101 1025 233 1026 105 1027 173 1028 233 1029 173 1030 221 1031 52 1032 174 1033 32 1034 174 1035 52 1036 164 1037 175 1038 53 1039 38 1040 175 1041 180 1042 53 1043 31 1044 79 1045 176 1046 31 1047 176 1048 32 1049 20 1050 177 1051 122 1052 177 1053 20 1054 64 1055 178 1056 29 1057 38 1058 29 1059 178 1060 81 1061 179 1062 94 1063 83 1064 38 1065 179 1066 83 1067 24 1068 180 1069 91 1070 91 1071 180 1072 110 1073 239 1074 289 1075 291 1076 289 1077 290 1078 291 1079 60 1080 282 1081 270 1082 97 1083 244 1084 60 1085 80 1086 183 1087 49 1088 183 1089 80 1090 38 1091 6 1092 184 1093 76 1094 6 1095 94 1096 184 1097 8 1098 185 1099 82 1100 82 1101 185 1102 79 1103 1 1104 186 1105 63 1106 1 1107 100 1108 186 1109 258 1110 187 1111 265 1112 215 1113 274 1114 247 1115 0 1116 92 1117 188 1118 116 1119 0 1120 251 1121 263 1122 240 1123 292 1124 189 1125 287 1126 85 1127 296 1128 255 1129 256 1130 296 1131 295 1132 255 1133 87 1134 191 1135 46 1136 87 1137 177 1138 191 1139 192 1140 28 1141 38 1142 192 1143 107 1144 28 1145 193 1146 71 1147 27 1148 27 1149 257 1150 193 1151 194 1152 135 1153 73 1154 194 1155 73 1156 261 1157 35 1158 262 1159 195 1160 195 1161 115 1162 35 1163 88 1164 58 1165 196 1166 88 1167 196 1168 236 1169 2 1170 74 1171 197 1172 2 1173 197 1174 235 1175 17 1176 198 1177 172 1178 17 1179 203 1180 198 1181 76 1182 199 1183 107 1184 184 1185 199 1186 76 1187 41 1188 106 1189 200 1190 41 1191 200 1192 122 1193 287 1194 259 1195 85 1196 211 1197 273 1198 259 1199 228 1200 202 1201 24 1202 24 1203 202 1204 180 1205 93 1206 203 1207 17 1208 93 1209 140 1210 203 1211 262 1212 276 1213 267 1214 294 1215 51 1216 237 1217 247 1218 274 1219 266 1220 291 1221 98 1222 239 1223 40 1224 311 1225 268 1226 206 1227 263 1228 292 1229 97 1230 207 1231 253 1232 60 1233 207 1234 97 1235 189 1236 208 1237 250 1238 85 1239 208 1240 189 1241 75 1242 209 1243 252 1244 15 1245 209 1246 75 1247 301 1248 302 1249 275 1250 214 1251 301 1252 275 1253 299 1254 226 1255 211 1256 254 1257 242 1258 227 1259 109 1260 307 1261 269 1262 307 1263 283 1264 269 1265 238 1266 306 1267 293 1268 306 1269 308 1270 293 1271 84 1272 272 1273 249 1274 84 1275 297 1276 272 1277 187 1278 271 1279 265 1280 187 1281 280 1282 271 1283 216 1284 34 1285 248 1286 216 1287 77 1288 34 1289 217 1290 208 1291 85 1292 63 1293 217 1294 85 1295 218 1296 209 1297 15 1298 222 1299 218 1300 15 1301 219 1302 207 1303 60 1304 223 1305 219 1306 60 1307 82 1308 220 1309 109 1310 220 1311 0 1312 109 1313 1 1314 299 1315 221 1316 102 1317 233 1318 221 1319 108 1320 222 1321 15 1322 222 1323 108 1324 27 1325 91 1326 223 1327 258 1328 3 1329 223 1330 60 1331 34 1332 231 1333 224 1334 224 1335 8 1336 34 1337 225 1338 82 1339 109 1340 82 1341 225 1342 8 1343 63 1344 226 1345 1 1346 226 1347 63 1348 85 1349 227 1350 102 1351 254 1352 227 1353 21 1354 102 1355 265 1356 228 1357 24 1358 30 1359 76 1360 228 1361 4 1362 73 1363 229 1364 249 1365 229 1366 193 1367 104 1368 129 1369 230 1370 129 1371 65 1372 263 1373 77 1374 231 1375 34 1376 77 1377 17 1378 231 1379 232 1380 25 1381 188 1382 261 1383 232 1384 194 1385 21 1386 233 1387 102 1388 21 1389 35 1390 233 1391 267 1392 234 1393 195 1394 234 1395 51 1396 103 1397 266 1398 235 1399 6 1400 252 1401 235 1402 98 1403 281 1404 236 1405 93 1406 250 1407 236 1408 5 1409 267 1410 204 1411 237 1412 204 1413 286 1414 237 1415 96 1416 303 1417 238 1418 238 1419 261 1420 96 1421 205 1422 285 1423 239 1424 266 1425 205 1426 239 1427 14 1428 201 1429 287 1430 65 1431 14 1432 240 1433 147 1434 154 1435 286 1436 44 1437 147 1438 241 1439 288 1440 44 1441 241 1442 70 1443 44 1444 288 1445 284 1446 23 1447 131 1448 23 1449 243 1450 154 1451 244 1452 131 1453 182 1454 282 1455 182 1456 155 1457 280 1458 50 1459 156 1460 245 1461 155 1462 50 1463 279 1464 86 1465 159 1466 246 1467 156 1468 86 1469 215 1470 247 1471 30 1472 30 1473 247 1474 76 1475 283 1476 248 1477 95 1478 248 1479 298 1480 95 1481 4 1482 229 1483 249 1484 214 1485 4 1486 249 1487 88 1488 236 1489 250 1490 250 1491 208 1492 88 1493 25 1494 251 1495 188 1496 251 1497 0 1498 188 1499 2 1500 235 1501 252 1502 252 1503 209 1504 2 1505 253 1506 207 1507 103 1508 51 1509 253 1510 103 1511 254 1512 211 1513 305 1514 254 1515 299 1516 211 1517 255 1518 295 1519 84 1520 255 1521 84 1522 257 1523 256 1524 168 1525 296 1526 256 1527 125 1528 168 1529 108 1530 255 1531 257 1532 108 1533 257 1534 27 1535 258 1536 223 1537 3 1538 3 1539 270 1540 258 1541 287 1542 201 1543 259 1544 201 1545 157 1546 259 1547 216 1548 260 1549 77 1550 77 1551 260 1552 17 1553 238 1554 25 1555 261 1556 25 1557 232 1558 261 1559 227 1560 262 1561 21 1562 21 1563 262 1564 35 1565 230 1566 129 1567 263 1568 230 1569 263 1570 206 1571 260 1572 216 1573 264 1574 310 1575 264 1576 216 1577 215 1578 30 1579 265 1580 30 1581 228 1582 265 1583 239 1584 98 1585 266 1586 98 1587 235 1588 266 1589 237 1590 51 1591 267 1592 51 1593 234 1594 267 1595 268 1596 230 1597 206 1598 206 1599 281 1600 268 1601 95 1602 225 1603 269 1604 269 1605 283 1606 95 1607 270 1608 187 1609 258 1610 270 1611 245 1612 187 1613 271 1614 246 1615 215 1616 265 1617 271 1618 215 1619 272 1620 300 1621 214 1622 249 1623 272 1624 214 1625 226 1626 85 1627 273 1628 85 1629 259 1630 273 1631 274 1632 277 1633 205 1634 274 1635 205 1636 266 1637 96 1638 278 1639 275 1640 275 1641 302 1642 96 1643 276 1644 204 1645 267 1646 276 1647 241 1648 204 1649 277 1650 48 1651 285 1652 277 1653 159 1654 48 1655 214 1656 278 1657 4 1658 73 1659 4 1660 278 1661 246 1662 279 1663 215 1664 246 1665 86 1666 279 1667 245 1668 50 1669 280 1670 245 1671 280 1672 187 1673 5 1674 236 1675 281 1676 206 1677 5 1678 281 1679 244 1680 282 1681 60 1682 244 1683 182 1684 282 1685 171 1686 248 1687 283 1688 171 1689 283 1690 212 1691 243 1692 23 1693 284 1694 243 1695 284 1696 294 1697 285 1698 121 1699 289 1700 285 1701 48 1702 121 1703 241 1704 286 1705 204 1706 241 1707 147 1708 286 1709 240 1710 14 1711 287 1712 240 1713 287 1714 189 1715 242 1716 288 1717 227 1718 242 1719 70 1720 288 1721 289 1722 181 1723 290 1724 289 1725 121 1726 181 1727 290 1728 125 1729 256 1730 290 1731 181 1732 125 1733 291 1734 290 1735 75 1736 75 1737 252 1738 291 1739 292 1740 240 1741 189 1742 189 1743 250 1744 292 1745 116 1746 251 1747 293 1748 293 1749 308 1750 116 1751 294 1752 284 1753 97 1754 97 1755 253 1756 294 1757 295 1758 117 1759 297 1760 190 1761 117 1762 295 1763 296 1764 190 1765 295 1766 296 1767 168 1768 190 1769 42 1770 297 1771 117 1772 300 1773 297 1774 42 1775 34 1776 298 1777 248 1778 34 1779 8 1780 298 1781 299 1782 102 1783 221 1784 102 1785 299 1786 254 1787 150 1788 300 1789 42 1790 301 1791 300 1792 150 1793 210 1794 301 1795 150 1796 302 1797 301 1798 210 1799 78 1800 302 1801 210 1802 303 1803 302 1804 78 1805 151 1806 303 1807 78 1808 306 1809 303 1810 151 1811 37 1812 162 1813 304 1814 305 1815 37 1816 304 1817 157 1818 37 1819 305 1820 259 1821 157 1822 305 1823 213 1824 306 1825 151 1826 308 1827 306 1828 213 1829 212 1830 307 1831 153 1832 283 1833 307 1834 212 1835 309 1836 308 1837 45 1838 45 1839 308 1840 213 1841 153 1842 309 1843 45 1844 307 1845 309 1846 153 1847 171 1848 310 1849 216 1850 310 1851 171 1852 163 1853 311 1854 104 1855 230 1856 311 1857 230 1858 268 1859</p>
        </triangles>
      </mesh>
    </geometry>
    <geometry id="FBXASC227FBXASC130FBXASC189FBXASC227FBXASC131FBXASC170FBXASC227FBXASC131FBXASC131FBXASC227FBXASC131FBXASC1374-lib" name="FBXASC227FBXASC130FBXASC189FBXASC227FBXASC131FBXASC170FBXASC227FBXASC131FBXASC131FBXASC227FBXASC131FBXASC1374Mesh">
      <mesh>
        <source id="FBXASC227FBXASC130FBXASC189FBXASC227FBXASC131FBXASC170FBXASC227FBXASC131FBXASC131FBXASC227FBXASC131FBXASC1374-POSITION">
          <float_array id="FBXASC227FBXASC130FBXASC189FBXASC227FBXASC131FBXASC170FBXASC227FBXASC131FBXASC131FBXASC227FBXASC131FBXASC1374-POSITION-array" count="906">-0.000152746 0.001600394 8.9757e-05 1.614e-06 0.000942913 -6.179e-05 -3.2542e-05 0.001533465 -5.9925e-05 0.000105274 0.00151378 -2.5282e-05 -7.4023e-05 0.000785433 2.6844e-05 -7.8529e-05 0.00151378 7.4532e-05 -2.265e-05 0.000942913 5.7512e-05 -1.3316e-05 0.001600394 -0.000176664 0.000155874 0.001612205 5.5185e-05 -4.625e-06 0.001600394 0.000177105 5.4319e-05 0.000942913 -2.9498e-05 7.4532e-05 0.00151378 7.8529e-05 -0.000103811 0.00151378 -3.0742e-05 -3.5626e-05 0.001533465 5.8145e-05 5.5046e-05 0.000785433 -5.6303e-05 5.7432e-05 0.00151378 -0.000167598 -6.1131e-05 0.000942913 9.141e-06 5.9583e-05 0.001415354 -0.00010198 -0.000170292 0.001600394 -4.8869e-05 0.000118871 0.001600394 -0.000131367 -6.8168e-05 0.001612205 -1.78e-06 8.9009e-05 0.000942913 7.7636e-05 -4.8606e-05 0.00151378 -0.000170367 0.000161043 0.00151378 -7.3844e-05 -4.0181e-05 0.00151378 0.000172549 0.000147853 0.00151378 9.7607e-05 -7.1894e-05 0.001415354 9.3708e-05 -2.056e-06 0.000785433 7.8713e-05 6.8168e-05 0.001533465 1.78e-06 -7.1894e-05 0.000942913 9.3708e-05 -0.000117643 0.001415354 -1.0491e-05 8.3072e-05 0.000942913 -8.3959e-05 0.000118031 0.001415354 -4.336e-06 -5.1668e-05 0.00151378 -9.5144e-05 3.2542e-05 0.001612205 5.9925e-05 -0.000176643 0.00151378 -1.3589e-05 6.6905e-05 0.001415354 9.7333e-05 -2.6376e-05 0.000942913 -0.000115127 3.5626e-05 0.001612205 -5.8145e-05 -0.000117643 0.000942913 -1.0491e-05 -0.000152746 0.00151378 8.9757e-05 -3.0742e-05 0.00151378 0.000103811 -3.23e-05 0.000785433 -7.181e-05 5.6563e-05 0.00151378 -9.2317e-05 6.0571e-05 0.000942913 1.2319e-05 1.1739e-05 0.000942913 0.000117525 3.1121e-05 0.00151378 0.000174411 -5.4179e-05 0.001415354 -0.000104951 1.9617e-05 0.000942913 5.8615e-05 0.000118031 0.000942913 -4.336e-06 0.000177112 0.00151378 -4.351e-06 -0.000111852 0.00151378 -0.000137393 -9.3667e-05 0.001612205 -0.000136266 -0 0.001497981 -0 7.834e-05 0.000785433 7.932e-06 -5.2705e-05 0.000942913 -3.2292e-05 -6.8168e-05 0.001533465 -1.78e-06 0.000172611 0.001600394 -3.9914e-05 9.7378e-05 0.001600394 0.000148003 -3.23e-05 0.000901575 -7.181e-05 -7.8577e-05 0.000942913 -8.818e-05 6.8168e-05 0.001612205 1.78e-06 5.5046e-05 0.000901575 -5.6303e-05 9.7378e-05 0.00151378 0.000148003 -0.000156969 0.00151378 -8.2148e-05 0.000118871 0.00151378 -0.000131367 -0.000104971 0.00151378 0.000142719 7.7197e-05 0.000901575 -1.5511e-05 3.2542e-05 0.001533465 5.9925e-05 1.1739e-05 0.001415354 0.000117525 -3.5626e-05 0.001612205 5.8145e-05 -3.2542e-05 0.001612205 -5.9925e-05 -7.6282e-05 0.000901575 -1.9519e-05 -4.6039e-05 0.000901575 6.3878e-05 -7.4532e-05 0.00151378 -7.8529e-05 -2.826e-06 0.00151378 0.000108231 0.000108231 0.00151378 2.826e-06 4.2642e-05 0.000901575 6.6194e-05 -0.000108146 0.000942913 4.7482e-05 2.826e-06 0.00151378 -0.000108231 -0.000105274 0.00151378 2.5282e-05 3.5626e-05 0.001533465 -5.8145e-05 3.2349e-05 0.000942913 -0.000113594 4.2642e-05 0.000785433 6.6194e-05 3.083e-06 0.001415354 -0.00011807 -1.7857e-05 0.000942913 0.000116753 0.000113244 0.000942913 -3.3553e-05 -0.000111338 0.000942913 -3.9418e-05 0.000147853 0.001600394 9.7607e-05 -9.8038e-05 0.001415354 -6.5868e-05 5.2705e-05 0.000918504 3.2292e-05 -7.8647e-05 0.000785433 3.832e-06 1.614e-06 0.000918504 -6.179e-05 3.859e-05 0.001612205 -0.000160788 0.000174362 0.00151378 3.139e-05 -0.000167687 0.00151378 5.7172e-05 -0.000137219 0.00151378 -0.000112064 6.5592e-05 0.00151378 0.000164576 6.1131e-05 0.000942913 -9.141e-06 -3.859e-05 0.001612205 0.000160788 -0.000108146 0.001415354 4.7482e-05 0.00010552 0.000942913 5.3062e-05 1.3764e-05 0.000785433 -7.7528e-05 -6.0571e-05 0.000918504 -1.2319e-05 -0.000125729 0.001612205 0.000107398 -0.000163941 0.001612205 -2.1571e-05 5.1668e-05 0.00151378 9.5144e-05 7.8529e-05 0.00151378 -7.4532e-05 0.000101342 0.001415354 -6.0662e-05 -4.0954e-05 0.000918504 4.6297e-05 0.000142881 0.00151378 -0.00010475 -1.3316e-05 0.00151378 -0.000176664 0.000145311 0.001612205 -7.8911e-05 -7.4093e-05 0.00151378 0.000160928 -0.000175763 0.00151378 2.2247e-05 2.2519e-05 0.00151378 -0.000175728 0.000164474 0.00151378 6.5847e-05 -0.000137219 0.001600394 -0.000112064 0.00010552 0.001415354 5.3062e-05 5.0355e-05 0.001533465 3.0853e-05 -6.714e-05 0.000785433 -4.1137e-05 -1.9617e-05 0.000942913 -5.8615e-05 -6.0571e-05 0.000942913 -1.2319e-05 -1.614e-06 0.000942913 6.179e-05 -9.294e-05 0.000942913 7.2885e-05 5.9583e-05 0.000942913 -0.00010198 6.6905e-05 0.000942913 9.7333e-05 7.7197e-05 0.000785433 -1.5511e-05 -5.4179e-05 0.000942913 -0.000104951 5.4319e-05 0.000918504 -2.9498e-05 -0.000104971 0.001600394 0.000142719 -5.6563e-05 0.00151378 9.2317e-05 -0.000175763 0.001600394 2.2247e-05 -9.2317e-05 0.00151378 -5.6563e-05 0.000103811 0.00151378 3.0742e-05 -2.5282e-05 0.00151378 -0.000105274 9.5144e-05 0.00151378 -5.1668e-05 9.2317e-05 0.00151378 5.6563e-05 2.5282e-05 0.00151378 0.000105274 0.000174362 0.001600394 3.139e-05 -0.000108231 0.00151378 -2.826e-06 3.0742e-05 0.00151378 -0.000103811 -9.5144e-05 0.00151378 5.1668e-05 -1.614e-06 0.000918504 6.179e-05 -0.000131551 0.00151378 0.000118667 0.000172611 0.00151378 -3.9914e-05 -4.625e-06 0.00151378 0.000177105 -0.000170292 0.00151378 -4.8869e-05 8.9993e-05 0.00151378 -0.000152607 -8.1905e-05 0.00151378 -0.000157096 7.2521e-05 0.000901575 3.0671e-05 0.000125178 0.00151378 0.000125372 -7.4023e-05 0.000901575 2.6844e-05 1.3764e-05 0.000901575 -7.7528e-05 3.0145e-05 0.001612205 0.000162583 -8.1905e-05 0.001600394 -0.000157096 0.000161043 0.001600394 -7.3844e-05 -1.9617e-05 0.000918504 -5.8615e-05 6.0571e-05 0.000918504 1.2319e-05 -7.4093e-05 0.001600394 0.000160928 5.2705e-05 0.000942913 3.2292e-05 4.0598e-05 0.000942913 0.000110914 -4.0954e-05 0.000942913 4.6297e-05 4.0954e-05 0.000942913 -4.6297e-05 2.265e-05 0.000942913 -5.7512e-05 -2.5165e-05 0.000785433 7.461e-05 3.083e-06 0.000942913 -0.00011807 -5.4319e-05 0.000942913 2.9498e-05 0.000115401 0.000942913 2.5153e-05 -0.000116556 0.000942913 1.9095e-05 -4.6331e-05 0.000942913 0.000108644 0.000101342 0.000942913 -6.0662e-05 -9.8038e-05 0.000942913 -6.5868e-05 3.8482e-05 0.000942913 4.8371e-05 -5.2032e-05 0.000901575 -5.9099e-05 -2.5165e-05 0.000901575 7.461e-05 -3.8482e-05 0.000942913 -4.8371e-05 0.000119952 0.001612205 0.000113814 -0.000108231 0.001425197 -2.826e-06 2.5282e-05 0.001425197 0.000105274 7.8529e-05 0.001425197 -7.4532e-05 2.826e-06 0.001425197 -0.000108231 0.000105274 0.001425197 -2.5282e-05 -3.0742e-05 0.001425197 0.000103811 -9.5144e-05 0.001425197 5.1668e-05 -9.2317e-05 0.001425197 -5.6563e-05 -5.1668e-05 0.001425197 -9.5144e-05 7.2521e-05 0.000785433 3.0671e-05 0.000103811 0.001425197 3.0742e-05 -5.6563e-05 0.001425197 9.2317e-05 6.9196e-05 0.000785433 -3.7576e-05 7.4532e-05 0.001425197 7.8529e-05 5.7432e-05 0.001600394 -0.000167598 -0.000158542 0.001612205 4.6974e-05 0.000164844 0.001612205 -1.2985e-05 -0.000140994 0.001612205 -8.6387e-05 3.6004e-05 0.000785433 -7.0026e-05 6.0259e-05 0.000785433 5.0684e-05 0.000100652 0.001612205 -0.000131192 -3.0145e-05 0.001612205 -0.000162583 -6.2822e-05 0.000785433 4.747e-05 -9.699e-06 0.000785433 -7.8141e-05 2.1237e-05 0.000785433 7.5822e-05 -5.2705e-05 0.000918504 -3.2292e-05 -5.4319e-05 0.000918504 2.9498e-05 2.1237e-05 0.000901575 7.5822e-05 3.2349e-05 0.001415354 -0.000113594 3.0742e-05 0.001425197 -0.000103811 -1.7857e-05 0.001415354 0.000116753 -0.000116556 0.001415354 1.9095e-05 0.000115401 0.001415354 2.5153e-05 3.8482e-05 0.000918504 4.8371e-05 2.265e-05 0.000918504 -5.7512e-05 5.1668e-05 0.001425197 9.5144e-05 8.9993e-05 0.001600394 -0.000152607 -0.000111852 0.001600394 -0.000137393 9.5144e-05 0.001425197 -5.1668e-05 3.1121e-05 0.001600394 0.000174411 -1.542e-06 0.001533465 5.9035e-05 5.6002e-05 0.001533465 -1.8742e-05 6.5592e-05 0.001600394 0.000164576 0.000125178 0.001600394 0.000125372 1.9617e-05 0.000918504 5.8615e-05 4.0954e-05 0.000918504 -4.6297e-05 0.000164474 0.001600394 6.5847e-05 -5.2032e-05 0.000785433 -5.9099e-05 0.000177112 0.001600394 -4.351e-06 -5.8406e-05 0.001533465 8.733e-06 1.542e-06 0.001533465 -5.9035e-05 -6.1131e-05 0.000918504 9.141e-06 -4.6331e-05 0.001415354 0.000108644 4.0598e-05 0.001415354 0.000110914 -9.294e-05 0.001415354 7.2885e-05 8.9009e-05 0.001415354 7.7636e-05 2.2519e-05 0.001600394 -0.000175728 7.834e-05 0.000901575 7.932e-06 -2.826e-06 0.001425197 0.000108231 -4.8606e-05 0.001600394 -0.000170367 0.000113244 0.001415354 -3.3553e-05 -0.000111338 0.001415354 -3.9418e-05 0.000142881 0.001600394 -0.00010475 -7.8577e-05 0.001415354 -8.818e-05 8.3072e-05 0.001415354 -8.3959e-05 -0.000156969 0.001600394 -8.2148e-05 -7.8529e-05 0.001425197 7.4532e-05 -2.6376e-05 0.001415354 -0.000115127 -3.8482e-05 0.000918504 -4.8371e-05 -2.265e-05 0.000918504 5.7512e-05 6.1131e-05 0.000918504 -9.141e-06 9.2317e-05 0.001425197 5.6563e-05 -0.000176643 0.001600394 -1.3589e-05 -0.000105274 0.001425197 2.5282e-05 0.000108231 0.001425197 2.826e-06 -0.000167687 0.001600394 5.7172e-05 -0.000103811 0.001425197 -3.0742e-05 -2.5282e-05 0.001425197 -0.000105274 5.6563e-05 0.001425197 -9.2317e-05 -7.4532e-05 0.001425197 -7.8529e-05 -0.000131551 0.001600394 0.000118667 -4.0181e-05 0.001600394 0.000172549 -9.699e-06 0.000901575 -7.8141e-05 -6.2822e-05 0.000901575 4.747e-05 6.0259e-05 0.000901575 5.0684e-05 3.6004e-05 0.000901575 -7.0026e-05 -7.8647e-05 0.000901575 3.832e-06 3.6766e-05 0.001533465 4.6214e-05 -3.6766e-05 0.001533465 -4.6214e-05 -7.1176e-05 0.001612205 0.000149251 6.9196e-05 0.000901575 -3.7576e-05 -2.056e-06 0.000901575 7.8713e-05 -6.714e-05 0.000901575 -4.1137e-05 4.317e-06 0.001612205 -0.000165298 -3.9128e-05 0.001533465 4.4232e-05 -7.6282e-05 0.000785433 -1.9519e-05 -4.6039e-05 0.000785433 6.3878e-05 6.3289e-05 0.001612205 0.000152763 3.9128e-05 0.001533465 -4.4232e-05 7.1176e-05 0.001612205 -0.000149251 -6.3289e-05 0.001612205 -0.000152763 -0.000119952 0.001612205 -0.000113814 0.000125729 0.001612205 -0.000107398 0.000158542 0.001612205 -4.6974e-05 -0.000155874 0.001612205 -5.5185e-05 -0.000164844 0.001612205 1.2985e-05 0.000163941 0.001612205 2.1571e-05 -4.317e-06 0.001612205 0.000165298 0.000140994 0.001612205 8.6387e-05 -0.000145311 0.001612205 7.8911e-05 -0.000100652 0.001612205 0.000131192 9.3667e-05 0.001612205 0.000136266 -5.0355e-05 0.001533465 -3.0853e-05 1.8742e-05 0.001533465 5.6002e-05 -1.8742e-05 0.001533465 -5.6002e-05 -5.787e-05 0.001533465 -1.177e-05 -5.1897e-05 0.001533465 2.8182e-05 -2.164e-05 0.001533465 5.4947e-05 2.164e-05 0.001533465 -5.4947e-05 5.9035e-05 0.001533465 1.542e-06 5.4947e-05 0.001533465 2.164e-05 5.1897e-05 0.001533465 -2.8182e-05 5.787e-05 0.001533465 1.177e-05 5.8406e-05 0.001533465 -8.733e-06</float_array>
          <technique_common>
            <accessor source="#FBXASC227FBXASC130FBXASC189FBXASC227FBXASC131FBXASC170FBXASC227FBXASC131FBXASC131FBXASC227FBXASC131FBXASC1374-POSITION-array" count="302" stride="3">
              <param name="X" type="float"/>
              <param name="Y" type="float"/>
              <param name="Z" type="float"/>
            </accessor>
          </technique_common>
        </source>
        <source id="FBXASC227FBXASC130FBXASC189FBXASC227FBXASC131FBXASC170FBXASC227FBXASC131FBXASC131FBXASC227FBXASC131FBXASC1374-Normal0">
          <float_array id="FBXASC227FBXASC130FBXASC189FBXASC227FBXASC131FBXASC170FBXASC227FBXASC131FBXASC131FBXASC227FBXASC131FBXASC1374-Normal0-array" count="5373">
0.873064 -0.000000 2.385238
0.873064 -0.000000 2.385238
0.252451 -0.000000 2.527423
-0.567230 0.000000 -2.475853
-1.165129 0.000000 -2.257005
-0.567230 0.000000 -2.475853
0.000000 2.540000 0.000000
0.000000 2.540000 0.000000
0.000000 2.540000 0.000000
-0.593126 0.000000 -2.469778
0.066310 -0.000000 -2.539134
-0.593126 0.000000 -2.469778
1.438820 -0.000000 2.093179
1.438820 -0.000000 2.093179
0.873064 -0.000000 2.385238
-2.506585 0.000000 0.410651
-2.325711 0.000000 1.021112
-2.506585 0.000000 0.410651
-0.000000 -2.540000 0.000000
-0.000000 -2.540000 0.000000
-0.000000 -2.540000 0.000000
-0.000000 -2.540000 0.000000
-0.000000 -2.540000 0.000000
-0.000000 -2.540000 0.000000
1.943831 -0.000000 1.634968
2.339388 -0.000000 0.989376
1.943831 -0.000000 1.634968
-2.026519 0.000000 1.531281
-2.026519 0.000000 1.531281
-2.387839 0.000000 0.865924
0.000000 2.540000 0.000000
0.000000 2.540000 0.000000
0.000000 2.540000 0.000000
0.000000 2.540000 0.000000
0.000000 2.540000 0.000000
0.000000 2.540000 0.000000
1.704236 -0.000000 -1.883396
2.048475 -0.000000 -1.501783
1.704236 -0.000000 -1.883396
1.794661 -0.000000 1.797441
1.794661 -0.000000 1.797441
1.396102 -0.000000 2.121909
0.000000 2.540000 0.000000
0.000000 2.540000 0.000000
0.000000 2.540000 0.000000
-0.000000 -2.540000 0.000000
-0.000000 -2.540000 0.000000
-0.000000 -2.540000 0.000000
-0.312869 0.000000 -2.520657
-0.312869 0.000000 -2.520657
0.444008 -0.000000 -2.500891
0.695684 -0.000000 -2.442872
0.695684 -0.000000 -2.442872
1.281345 -0.000000 -2.193115
2.358049 -0.000000 0.944037
2.499813 -0.000000 0.450041
2.358049 -0.000000 0.944037
2.269244 -0.000000 1.141110
2.481734 -0.000000 0.540922
2.269244 -0.000000 1.141110
-0.000000 -2.540000 0.000000
-0.000000 -2.540000 0.000000
-0.000000 -2.540000 0.000000
-2.325711 0.000000 1.021112
-2.325711 0.000000 1.021112
-2.506585 0.000000 0.410651
-2.232110 0.000000 1.212141
-2.232110 0.000000 1.212141
-2.232110 0.000000 1.212141
0.066310 -0.000000 -2.539134
0.066310 -0.000000 -2.539134
0.066310 -0.000000 -2.539134
2.339388 -0.000000 0.989376
2.339388 -0.000000 0.989376
1.943831 -0.000000 1.634968
0.444008 -0.000000 -2.500891
-0.312869 0.000000 -2.520657
0.444008 -0.000000 -2.500891
-0.000000 -2.540000 0.000000
-0.000000 -2.540000 0.000000
-0.000000 -2.540000 0.000000
0.823392 -0.000000 -2.402837
0.823392 -0.000000 -2.402837
1.290225 -0.000000 -2.187903
-2.165800 0.000000 -1.326993
-2.460717 0.000000 -0.629658
-2.165800 0.000000 -1.326993
-2.108331 0.000000 -1.416524
-2.108331 0.000000 -1.416524
-1.689819 0.000000 -1.896342
0.721227 -0.000000 -2.435453
0.066310 -0.000000 -2.539134
0.721227 -0.000000 -2.435453
2.435453 -0.000000 0.721227
2.165800 -0.000000 1.326993
2.435453 -0.000000 0.721227
-0.000000 -2.540000 0.000000
-0.000000 -2.540000 0.000000
-0.000000 -2.540000 0.000000
0.000000 2.540000 0.000000
0.000000 2.540000 0.000000
0.000000 2.540000 0.000000
0.000000 2.540000 0.000000
0.000000 2.540000 0.000000
0.000000 2.540000 0.000000
2.539234 -0.000000 -0.062380
2.539234 -0.000000 -0.062380
2.499813 -0.000000 0.450041
2.232110 -0.000000 -1.212141
2.232110 -0.000000 -1.212141
2.232110 -0.000000 -1.212141
-2.232110 0.000000 1.212141
-2.232110 0.000000 1.212141
-2.232110 0.000000 1.212141
2.481734 -0.000000 0.540922
2.481734 -0.000000 0.540922
2.269244 -0.000000 1.141110
-0.000000 -2.540000 0.000000
-0.000000 -2.540000 0.000000
-0.000000 -2.540000 0.000000
-1.967297 0.000000 -1.606656
-2.250444 0.000000 -1.177753
-1.967297 0.000000 -1.606656
0.322850 -0.000000 -2.519398
-0.190910 0.000000 -2.532815
0.322850 -0.000000 -2.519398
-0.000000 -2.540000 0.000000
-0.000000 -2.540000 0.000000
-0.000000 -2.540000 0.000000
-0.000000 -2.540000 0.000000
-0.000000 -2.540000 0.000000
-0.000000 -2.540000 0.000000
0.940386 -0.000000 2.359507
1.396102 -0.000000 2.121909
0.940386 -0.000000 2.359507
-1.062259 0.000000 2.307208
-1.062259 0.000000 2.307208
-1.504952 0.000000 2.046148
-0.000000 -2.540000 0.000000
-0.000000 -2.540000 0.000000
-0.000000 -2.540000 0.000000
-0.000000 -2.540000 0.000000
-0.000000 -2.540000 0.000000
-0.000000 -2.540000 0.000000
-2.469778 0.000000 0.593126
-2.539134 0.000000 -0.066310
-2.469778 0.000000 0.593126
-0.066310 0.000000 2.539134
0.593126 -0.000000 2.469778
-0.066310 0.000000 2.539134
-1.485133 0.000000 2.060577
-1.485133 0.000000 2.060577
-2.026519 0.000000 1.531281
-0.000000 -2.540000 0.000000
-0.000000 -2.540000 0.000000
-0.000000 -2.540000 0.000000
1.293814 2.177205 -0.193455
1.149622 2.177205 -0.624299
1.240565 2.177205 -0.415185
-2.165800 0.000000 -1.326993
-2.165800 0.000000 -1.326993
-2.165800 0.000000 -1.326993
-0.000000 -2.540000 0.000000
-0.000000 -2.540000 0.000000
-0.000000 -2.540000 0.000000
-0.000000 -2.540000 0.000000
-0.000000 -2.540000 0.000000
-0.000000 -2.540000 0.000000
-2.539134 0.000000 -0.066310
-2.539134 0.000000 -0.066310
-2.469778 0.000000 0.593126
-1.689819 0.000000 -1.896342
-2.108331 0.000000 -1.416524
-1.689819 0.000000 -1.896342
-0.000000 -2.540000 0.000000
-0.000000 -2.540000 0.000000
-0.000000 -2.540000 0.000000
-0.000000 -2.540000 0.000000
-0.000000 -2.540000 0.000000
-0.000000 -2.540000 0.000000
1.842327 -0.000000 -1.748551
1.842327 -0.000000 -1.748551
2.232110 -0.000000 -1.212141
1.786495 -0.000000 -1.805557
2.179393 -0.000000 -1.304549
1.786495 -0.000000 -1.805557
-0.000000 -2.540000 0.000000
-0.000000 -2.540000 0.000000
-0.000000 -2.540000 0.000000
-0.000000 -2.540000 0.000000
-0.000000 -2.540000 0.000000
-0.000000 -2.540000 0.000000
0.000000 2.540000 0.000000
0.000000 2.540000 0.000000
0.000000 2.540000 0.000000
0.000000 2.540000 0.000000
0.000000 2.540000 0.000000
0.000000 2.540000 0.000000
-2.250444 0.000000 -1.177753
-2.250444 0.000000 -1.177753
-1.967297 0.000000 -1.606656
-2.519895 0.000000 0.318950
-2.404109 0.000000 0.819672
-2.519895 0.000000 0.318950
2.165800 -0.000000 1.326993
2.165800 -0.000000 1.326993
2.435453 -0.000000 0.721227
0.593126 -0.000000 2.469778
1.212141 -0.000000 2.232110
0.593126 -0.000000 2.469778
-0.000000 -2.540000 0.000000
-0.000000 -2.540000 0.000000
-0.000000 -2.540000 0.000000
-0.000000 -2.540000 0.000000
-0.000000 -2.540000 0.000000
-0.000000 -2.540000 0.000000
0.000000 2.540000 0.000000
0.000000 2.540000 0.000000
0.000000 2.540000 0.000000
2.165800 -0.000000 1.326993
2.165800 -0.000000 1.326993
2.165800 -0.000000 1.326993
-0.000000 -2.540000 0.000000
-0.000000 -2.540000 0.000000
-0.000000 -2.540000 0.000000
-0.000000 -2.540000 0.000000
-0.000000 -2.540000 0.000000
-0.000000 -2.540000 0.000000
-2.404109 0.000000 0.819672
-2.404109 0.000000 0.819672
-2.519895 0.000000 0.318950
-1.886032 0.000000 1.701318
-1.504952 0.000000 2.046148
-1.886032 0.000000 1.701318
-1.842327 0.000000 1.748551
-1.842327 0.000000 1.748551
-1.326993 0.000000 2.165800
-0.000000 -2.540000 0.000000
-0.000000 -2.540000 0.000000
-0.000000 -2.540000 0.000000
-2.460717 0.000000 -0.629658
-2.460717 0.000000 -0.629658
-2.165800 0.000000 -1.326993
-0.000000 -2.540000 0.000000
-0.000000 -2.540000 0.000000
-0.000000 -2.540000 0.000000
2.232110 -0.000000 -1.212141
1.842327 -0.000000 -1.748551
2.232110 -0.000000 -1.212141
-0.000000 -2.540000 0.000000
-0.000000 -2.540000 0.000000
-0.000000 -2.540000 0.000000
2.232110 -0.000000 -1.212141
1.775659 -0.000000 -1.816215
2.232110 -0.000000 -1.212141
-0.000000 -2.540000 0.000000
-0.000000 -2.540000 0.000000
-0.000000 -2.540000 0.000000
-0.996371 0.000000 2.336417
-0.996371 0.000000 2.336417
-1.546112 0.000000 2.015227
-0.000000 -2.540000 0.000000
-0.000000 -2.540000 0.000000
-0.000000 -2.540000 0.000000
-0.000000 -2.540000 0.000000
-0.000000 -2.540000 0.000000
-0.000000 -2.540000 0.000000
-0.066310 0.000000 2.539134
-0.576077 0.000000 2.473810
-0.066310 0.000000 2.539134
-1.748551 0.000000 -1.842327
-1.748551 0.000000 -1.842327
-1.212141 0.000000 -2.232110
-1.212141 0.000000 -2.232110
-1.748551 0.000000 -1.842327
-1.212141 0.000000 -2.232110
-0.000000 -2.540000 0.000000
-0.000000 -2.540000 0.000000
-0.000000 -2.540000 0.000000
-0.066310 0.000000 2.539134
0.685059 -0.000000 2.445873
-0.066310 0.000000 2.539134
2.179393 -0.000000 -1.304549
2.179393 -0.000000 -1.304549
1.786495 -0.000000 -1.805557
-0.000000 -2.540000 0.000000
-0.000000 -2.540000 0.000000
-0.000000 -2.540000 0.000000
2.474699 -0.000000 -0.572247
2.308849 -0.000000 -1.058686
2.474699 -0.000000 -0.572247
-0.000000 -2.540000 0.000000
-0.000000 -2.540000 0.000000
-0.000000 -2.540000 0.000000
-1.174269 0.000000 -2.252264
-0.696854 0.000000 -2.442538
-1.174269 0.000000 -2.252264
-0.000000 -2.540000 0.000000
-0.000000 -2.540000 0.000000
-0.000000 -2.540000 0.000000
-1.174269 0.000000 -2.252264
-1.603609 0.000000 -1.969781
-1.174269 0.000000 -2.252264
0.000000 2.540000 0.000000
0.000000 2.540000 0.000000
0.000000 2.540000 0.000000
-0.814444 2.177205 -1.023748
-1.115469 2.177205 -0.683452
-0.979843 2.177205 -0.866768
-1.149622 2.177205 0.624299
-0.866768 2.177205 0.979843
-1.023748 2.177205 0.814444
2.232110 -0.000000 -1.212141
2.232110 -0.000000 -1.212141
2.490228 -0.000000 -0.500363
-0.000000 -2.540000 0.000000
-0.000000 -2.540000 0.000000
-0.000000 -2.540000 0.000000
-1.581328 0.000000 -1.987713
-1.581328 0.000000 -1.987713
-2.165800 0.000000 -1.326993
-0.000000 -2.540000 0.000000
-0.000000 -2.540000 0.000000
-0.000000 -2.540000 0.000000
2.165800 -0.000000 1.326993
2.165800 -0.000000 1.326993
2.165800 -0.000000 1.326993
0.814444 2.177205 1.023748
1.115469 2.177205 0.683452
0.979843 2.177205 0.866768
2.048475 -0.000000 -1.501783
2.048475 -0.000000 -1.501783
1.704236 -0.000000 -1.883396
1.790505 1.796051 -0.141043
1.749876 1.796051 -0.404640
1.722053 1.796051 -0.510228
0.940386 -0.000000 2.359507
0.940386 -0.000000 2.359507
0.446171 -0.000000 2.500506
0.000000 2.540000 0.000000
0.000000 2.540000 0.000000
0.000000 2.540000 0.000000
-1.581328 0.000000 -1.987713
-0.806124 0.000000 -2.408685
-1.581328 0.000000 -1.987713
0.930746 -0.000000 -2.363326
1.682921 -0.000000 -1.902466
0.930746 -0.000000 -2.363326
-0.000000 -2.540000 0.000000
-0.000000 -2.540000 0.000000
-0.000000 -2.540000 0.000000
-1.165129 0.000000 -2.257005
-1.165129 0.000000 -2.257005
-0.567230 0.000000 -2.475853
0.000000 2.540000 0.000000
0.000000 2.540000 0.000000
0.000000 2.540000 0.000000
-2.165800 0.000000 -1.326993
-2.165800 0.000000 -1.326993
-2.165800 0.000000 -1.326993
0.821257 1.796051 -1.597291
0.658137 1.796051 -1.671124
1.190005 1.796051 -1.345247
1.578340 1.796051 -0.857113
1.255580 1.796051 -1.284258
1.578340 1.796051 -0.857113
1.794661 -0.000000 1.797441
2.119746 -0.000000 1.399384
1.794661 -0.000000 1.797441
-0.000000 -2.540000 0.000000
-0.000000 -2.540000 0.000000
-0.000000 -2.540000 0.000000
-2.441457 0.000000 -0.700634
-2.532517 0.000000 -0.194830
-2.441457 0.000000 -0.700634
-0.000000 -2.540000 0.000000
-0.000000 -2.540000 0.000000
-0.000000 -2.540000 0.000000
-0.000000 -2.540000 0.000000
-0.000000 -2.540000 0.000000
-0.000000 -2.540000 0.000000
1.290225 -0.000000 -2.187903
0.823392 -0.000000 -2.402837
1.290225 -0.000000 -2.187903
-1.062259 0.000000 2.307208
-0.576077 0.000000 2.473810
-1.062259 0.000000 2.307208
-0.000000 -2.540000 0.000000
-0.000000 -2.540000 0.000000
-0.000000 -2.540000 0.000000
1.531452 1.796051 0.938326
1.374496 1.796051 1.156097
1.654197 1.796051 0.699595
1.760857 1.796051 -0.353810
1.578340 1.796051 -0.857113
1.776304 1.796051 -0.265599
0.066310 -0.000000 -2.539134
0.066310 -0.000000 -2.539134
0.066310 -0.000000 -2.539134
0.034152 2.177205 -1.307751
-0.415185 2.177205 -1.240565
-0.193455 2.177205 -1.293814
-1.326993 0.000000 2.165800
-1.326993 0.000000 2.165800
-0.721227 0.000000 2.435453
-0.996371 0.000000 2.336417
-0.384025 0.000000 2.510802
-0.996371 0.000000 2.336417
2.232110 -0.000000 -1.212141
2.232110 -0.000000 -1.212141
2.232110 -0.000000 -1.212141
0.000000 2.540000 0.000000
0.000000 2.540000 0.000000
0.000000 2.540000 0.000000
-0.066310 0.000000 2.539134
-0.066310 0.000000 2.539134
-0.066310 0.000000 2.539134
0.000000 2.540000 0.000000
0.000000 2.540000 0.000000
0.000000 2.540000 0.000000
-2.512074 0.000000 0.375613
-2.512074 0.000000 0.375613
-2.232110 0.000000 1.212141
-2.489044 0.000000 -0.506219
-2.165800 0.000000 -1.326993
-2.489044 0.000000 -0.506219
-0.930746 0.000000 2.363326
-0.930746 0.000000 2.363326
-0.066310 0.000000 2.539134
-2.232110 0.000000 1.212141
-2.232110 0.000000 1.212141
-1.682921 0.000000 1.902466
-2.165800 0.000000 -1.326993
-2.435453 0.000000 -0.721227
-2.165800 0.000000 -1.326993
-0.000000 -2.540000 0.000000
-0.000000 -2.540000 0.000000
-0.000000 -2.540000 0.000000
-0.000000 -2.540000 0.000000
-0.000000 -2.540000 0.000000
-0.000000 -2.540000 0.000000
-0.066310 0.000000 2.539134
-0.066310 0.000000 2.539134
-0.721227 0.000000 2.435453
2.469778 -0.000000 -0.593126
2.469778 -0.000000 -0.593126
2.539134 -0.000000 0.066310
-0.000000 -2.540000 0.000000
-0.000000 -2.540000 0.000000
-0.000000 -2.540000 0.000000
0.806124 -0.000000 2.408685
0.806124 -0.000000 2.408685
1.581328 -0.000000 1.987713
-0.066310 0.000000 2.539134
-0.930746 0.000000 2.363326
-0.066310 0.000000 2.539134
-2.325711 0.000000 1.021112
-2.325711 0.000000 1.021112
-1.998704 0.000000 1.567412
-0.000000 -2.540000 0.000000
-0.000000 -2.540000 0.000000
-0.000000 -2.540000 0.000000
0.066310 -0.000000 -2.539134
0.066310 -0.000000 -2.539134
-0.593126 0.000000 -2.469778
-0.000000 -2.540000 0.000000
-0.000000 -2.540000 0.000000
-0.000000 -2.540000 0.000000
-2.232110 0.000000 1.212141
-2.232110 0.000000 1.212141
-2.469778 0.000000 0.593126
-0.000000 -2.540000 0.000000
-0.000000 -2.540000 0.000000
-0.000000 -2.540000 0.000000
-0.034152 2.177205 1.307751
0.415185 2.177205 1.240565
0.193455 2.177205 1.293814
-0.066310 0.000000 2.539134
-0.066310 0.000000 2.539134
-0.066310 0.000000 2.539134
0.066310 -0.000000 -2.539134
-0.567230 0.000000 -2.475853
0.066310 -0.000000 -2.539134
-0.000000 -2.540000 0.000000
-0.000000 -2.540000 0.000000
-0.000000 -2.540000 0.000000
-0.000000 -2.540000 0.000000
-0.000000 -2.540000 0.000000
-0.000000 -2.540000 0.000000
1.375557 -0.000000 2.135285
1.375557 -0.000000 2.135285
0.685059 -0.000000 2.445873
0.695684 -0.000000 -2.442872
0.066310 -0.000000 -2.539134
0.695684 -0.000000 -2.442872
1.326993 -0.000000 -2.165800
1.326993 -0.000000 -2.165800
0.721227 -0.000000 -2.435453
-0.000000 -2.540000 0.000000
-0.000000 -2.540000 0.000000
-0.000000 -2.540000 0.000000
0.252451 -0.000000 2.527423
0.252451 -0.000000 2.527423
-0.384025 0.000000 2.510802
-0.000000 -2.540000 0.000000
-0.000000 -2.540000 0.000000
-0.000000 -2.540000 0.000000
2.538288 -0.000000 -0.093254
2.435351 -0.000000 -0.721571
2.538288 -0.000000 -0.093254
-2.529960 0.000000 -0.225613
-2.529960 0.000000 -0.225613
-2.394369 0.000000 -0.847700
-0.000000 -2.540000 0.000000
-0.000000 -2.540000 0.000000
-0.000000 -2.540000 0.000000
1.302897 1.796051 1.236228
1.498887 1.796051 0.989514
1.531452 1.796051 0.938326
1.767635 1.796051 0.318227
1.795509 1.796051 -0.044109
1.780702 1.796051 0.234306
-2.394369 0.000000 -0.847700
-2.529960 0.000000 -0.225613
-2.394369 0.000000 -0.847700
-2.435453 0.000000 -0.721227
-2.435453 0.000000 -0.721227
-2.165800 0.000000 -1.326993
2.512074 -0.000000 -0.375613
2.489044 -0.000000 0.506219
2.512074 -0.000000 -0.375613
1.581328 -0.000000 1.987713
1.581328 -0.000000 1.987713
2.165800 -0.000000 1.326993
-2.387839 0.000000 0.865924
-2.387839 0.000000 0.865924
-2.536990 0.000000 0.123625
-0.000000 -2.540000 0.000000
-0.000000 -2.540000 0.000000
-0.000000 -2.540000 0.000000
0.046888 1.796051 -1.795439
0.313961 1.796051 -1.768397
-0.221232 1.796051 -1.782374
-1.186837 1.796051 -1.348042
-1.531452 1.796051 -0.938326
-1.118167 1.796051 -1.405525
0.322850 -0.000000 -2.519398
0.322850 -0.000000 -2.519398
0.823392 -0.000000 -2.402837
0.046888 1.796051 -1.795439
-0.134994 1.796051 -1.790971
-0.327429 1.796051 -1.765953
2.499813 -0.000000 0.450041
2.539234 -0.000000 -0.062380
2.499813 -0.000000 0.450041
-0.000000 -2.540000 0.000000
-0.000000 -2.540000 0.000000
-0.000000 -2.540000 0.000000
-0.000000 -2.540000 0.000000
-0.000000 -2.540000 0.000000
-0.000000 -2.540000 0.000000
-2.404109 0.000000 0.819672
-2.189897 0.000000 1.286837
-2.404109 0.000000 0.819672
-0.000000 -2.540000 0.000000
-0.000000 -2.540000 0.000000
-0.000000 -2.540000 0.000000
-1.603609 0.000000 -1.969781
-1.967297 0.000000 -1.606656
-1.603609 0.000000 -1.969781
0.446171 -0.000000 2.500506
0.940386 -0.000000 2.359507
0.446171 -0.000000 2.500506
-0.000000 -2.540000 0.000000
-0.000000 -2.540000 0.000000
-0.000000 -2.540000 0.000000
1.682921 -0.000000 -1.902466
1.682921 -0.000000 -1.902466
0.930746 -0.000000 -2.363326
-0.000000 -2.540000 0.000000
-0.000000 -2.540000 0.000000
-0.000000 -2.540000 0.000000
0.000000 2.540000 0.000000
0.000000 2.540000 0.000000
0.000000 2.540000 0.000000
-0.576077 0.000000 2.473810
-0.576077 0.000000 2.473810
-0.066310 0.000000 2.539134
-1.842327 0.000000 1.748551
-1.842327 0.000000 1.748551
-2.232110 0.000000 1.212141
-1.998704 0.000000 1.567412
-1.546112 0.000000 2.015227
-1.998704 0.000000 1.567412
-0.000000 -2.540000 0.000000
-0.000000 -2.540000 0.000000
-0.000000 -2.540000 0.000000
2.269244 -0.000000 1.141110
2.269244 -0.000000 1.141110
1.914169 -0.000000 1.669598
-0.000000 -2.540000 0.000000
-0.000000 -2.540000 0.000000
-0.000000 -2.540000 0.000000
1.775659 -0.000000 -1.816215
1.775659 -0.000000 -1.816215
1.161433 -0.000000 -2.258910
-1.531452 1.796051 -0.938326
-1.531452 1.796051 -0.938326
-1.739990 1.796051 -0.445236
-1.776304 1.796051 0.265599
-1.688457 1.796051 0.612300
-1.578340 1.796051 0.857113
-0.773106 1.796051 1.621144
-1.093266 1.796051 1.424980
-1.064162 1.796051 1.446845
-1.781835 1.796051 0.225532
-1.699961 1.796051 0.579596
-1.722053 1.796051 0.510228
-1.790505 1.796051 0.141043
-1.781835 1.796051 0.225532
-1.722053 1.796051 0.510228
-1.591304 1.796051 -0.832797
-1.531452 1.796051 -0.938326
-1.391089 1.796051 -1.136077
1.212141 -0.000000 2.232110
1.748551 -0.000000 1.842327
1.212141 -0.000000 2.232110
-0.000000 -2.540000 0.000000
-0.000000 -2.540000 0.000000
-0.000000 -2.540000 0.000000
1.842327 -0.000000 -1.748551
1.842327 -0.000000 -1.748551
1.326993 -0.000000 -2.165800
-0.000000 -2.540000 0.000000
-0.000000 -2.540000 0.000000
-0.000000 -2.540000 0.000000
2.435351 -0.000000 -0.721571
2.435351 -0.000000 -0.721571
2.538288 -0.000000 -0.093254
2.539134 -0.000000 0.066310
2.469778 -0.000000 -0.593126
2.539134 -0.000000 0.066310
-1.578340 1.796051 0.857113
-1.688457 1.796051 0.612300
-1.432965 1.796051 1.082779
-0.574020 1.796051 1.701852
-0.046888 1.796051 1.795439
-0.658137 1.796051 1.671124
-0.000000 -2.540000 0.000000
-0.000000 -2.540000 0.000000
-0.000000 -2.540000 0.000000
2.308849 -0.000000 -1.058686
2.048475 -0.000000 -1.501783
2.308849 -0.000000 -1.058686
-0.000000 -2.540000 0.000000
-0.000000 -2.540000 0.000000
-0.000000 -2.540000 0.000000
-0.190910 0.000000 -2.532815
-0.696854 0.000000 -2.442538
-0.190910 0.000000 -2.532815
1.365646 1.796051 -1.166538
1.448490 1.796051 -1.061921
1.205077 1.796051 -1.331762
1.093266 1.796051 -1.424980
0.912327 1.796051 -1.547081
0.773106 1.796051 -1.621144
-0.000000 -2.540000 0.000000
-0.000000 -2.540000 0.000000
-0.000000 -2.540000 0.000000
-1.504952 0.000000 2.046148
-1.062259 0.000000 2.307208
-1.504952 0.000000 2.046148
-2.532517 0.000000 -0.194830
-2.519895 0.000000 0.318950
-2.532517 0.000000 -0.194830
-0.000000 -2.540000 0.000000
-0.000000 -2.540000 0.000000
-0.000000 -2.540000 0.000000
0.823392 -0.000000 -2.402837
0.322850 -0.000000 -2.519398
0.823392 -0.000000 -2.402837
-0.000000 -2.540000 0.000000
-0.000000 -2.540000 0.000000
-0.000000 -2.540000 0.000000
2.119746 -0.000000 1.399384
2.358049 -0.000000 0.944037
2.119746 -0.000000 1.399384
-0.000000 -2.540000 0.000000
-0.000000 -2.540000 0.000000
-0.000000 -2.540000 0.000000
-1.531452 1.796051 -0.938326
-1.302897 1.796051 -1.236228
-1.391089 1.796051 -1.136077
-1.017399 1.796051 -1.480101
-0.830333 1.796051 -1.592591
-1.133923 1.796051 -1.392846
1.748551 -0.000000 1.842327
1.748551 -0.000000 1.842327
1.212141 -0.000000 2.232110
1.914169 -0.000000 1.669598
1.438820 -0.000000 2.093179
1.914169 -0.000000 1.669598
-2.165800 0.000000 -1.326993
-2.165800 0.000000 -1.326993
-2.165800 0.000000 -1.326993
-1.281953 2.177205 -0.260722
-1.307751 2.177205 -0.034152
-1.307751 2.177205 -0.034152
-1.678441 0.000000 -1.906420
-1.678441 0.000000 -1.906420
-1.041946 0.000000 -2.316452
-0.000000 -2.540000 0.000000
-0.000000 -2.540000 0.000000
-0.000000 -2.540000 0.000000
0.066310 -0.000000 -2.539134
-0.806124 0.000000 -2.408685
0.066310 -0.000000 -2.539134
-0.000000 -2.540000 0.000000
-0.000000 -2.540000 0.000000
-0.000000 -2.540000 0.000000
-2.512074 0.000000 0.375613
-2.489044 0.000000 -0.506219
-2.512074 0.000000 0.375613
-0.000000 -2.540000 0.000000
-0.000000 -2.540000 0.000000
-0.000000 -2.540000 0.000000
0.806124 -0.000000 2.408685
-0.066310 0.000000 2.539134
0.806124 -0.000000 2.408685
-0.000000 -2.540000 0.000000
-0.000000 -2.540000 0.000000
-0.000000 -2.540000 0.000000
-1.546112 0.000000 2.015227
-1.546112 0.000000 2.015227
-1.998704 0.000000 1.567412
-0.000000 -2.540000 0.000000
-0.000000 -2.540000 0.000000
-0.000000 -2.540000 0.000000
-0.000000 -2.540000 0.000000
-0.000000 -2.540000 0.000000
-0.000000 -2.540000 0.000000
1.281345 -0.000000 -2.193115
1.281345 -0.000000 -2.193115
1.786495 -0.000000 -1.805557
1.438820 -0.000000 2.093179
1.438820 -0.000000 2.093179
1.914169 -0.000000 1.669598
-0.000000 -2.540000 0.000000
-0.000000 -2.540000 0.000000
-0.000000 -2.540000 0.000000
-0.000000 -2.540000 0.000000
-0.000000 -2.540000 0.000000
-0.000000 -2.540000 0.000000
2.490228 -0.000000 -0.500363
2.490228 -0.000000 -0.500363
2.527079 -0.000000 0.255874
-1.165129 0.000000 -2.257005
-1.165129 0.000000 -2.257005
-1.689819 0.000000 -1.896342
-0.000000 -2.540000 0.000000
-0.000000 -2.540000 0.000000
-0.000000 -2.540000 0.000000
2.512074 -0.000000 -0.375613
2.512074 -0.000000 -0.375613
2.232110 -0.000000 -1.212141
2.232110 -0.000000 -1.212141
2.512074 -0.000000 -0.375613
2.232110 -0.000000 -1.212141
-1.333626 1.796051 1.203014
-1.365646 1.796051 1.166538
-1.548491 1.796051 0.909931
-1.886032 0.000000 1.701318
-1.886032 0.000000 1.701318
-2.189897 0.000000 1.286837
-0.000000 -2.540000 0.000000
-0.000000 -2.540000 0.000000
-0.000000 -2.540000 0.000000
-0.721227 0.000000 2.435453
-1.326993 0.000000 2.165800
-0.721227 0.000000 2.435453
-2.532517 0.000000 -0.194830
-2.532517 0.000000 -0.194830
-2.441457 0.000000 -0.700634
-1.790760 1.796051 -0.137766
-1.780702 1.796051 -0.234306
-1.726371 1.796051 -0.495423
-0.000000 -2.540000 0.000000
-0.000000 -2.540000 0.000000
-0.000000 -2.540000 0.000000
-2.165800 0.000000 -1.326993
-1.748551 0.000000 -1.842327
-2.165800 0.000000 -1.326993
2.435453 -0.000000 0.721227
2.539134 -0.000000 0.066310
2.435453 -0.000000 0.721227
-0.000000 -2.540000 0.000000
-0.000000 -2.540000 0.000000
-0.000000 -2.540000 0.000000
-0.000000 -2.540000 0.000000
-0.000000 -2.540000 0.000000
-0.000000 -2.540000 0.000000
-1.212141 0.000000 -2.232110
-1.212141 0.000000 -2.232110
-0.593126 0.000000 -2.469778
-0.000000 -2.540000 0.000000
-0.000000 -2.540000 0.000000
-0.000000 -2.540000 0.000000
2.469778 -0.000000 -0.593126
2.232110 -0.000000 -1.212141
2.469778 -0.000000 -0.593126
-0.000000 -2.540000 0.000000
-0.000000 -2.540000 0.000000
-0.000000 -2.540000 0.000000
1.748551 -0.000000 1.842327
1.748551 -0.000000 1.842327
2.165800 -0.000000 1.326993
-0.000000 -2.540000 0.000000
-0.000000 -2.540000 0.000000
-0.000000 -2.540000 0.000000
0.593126 -0.000000 2.469778
0.593126 -0.000000 2.469778
-0.066310 0.000000 2.539134
2.358049 -0.000000 0.944037
2.358049 -0.000000 0.944037
2.119746 -0.000000 1.399384
1.498887 1.796051 0.989514
1.667392 1.796051 0.667535
1.531452 1.796051 0.938326
-0.000000 -2.540000 0.000000
-0.000000 -2.540000 0.000000
-0.000000 -2.540000 0.000000
-2.435453 0.000000 -0.721227
-2.539134 0.000000 -0.066310
-2.435453 0.000000 -0.721227
-0.000000 -2.540000 0.000000
-0.000000 -2.540000 0.000000
-0.000000 -2.540000 0.000000
0.721227 -0.000000 -2.435453
1.326993 -0.000000 -2.165800
0.721227 -0.000000 -2.435453
-2.232110 0.000000 1.212141
-1.842327 0.000000 1.748551
-2.232110 0.000000 1.212141
-0.000000 -2.540000 0.000000
-0.000000 -2.540000 0.000000
-0.000000 -2.540000 0.000000
0.972666 1.796051 1.509875
1.118167 1.796051 1.405525
0.570016 1.796051 1.703198
-0.046888 1.796051 1.795439
0.484410 1.796051 1.729493
-0.046888 1.796051 1.795439
-2.189897 0.000000 1.286837
-1.886032 0.000000 1.701318
-2.189897 0.000000 1.286837
-0.000000 -2.540000 0.000000
-0.000000 -2.540000 0.000000
-0.000000 -2.540000 0.000000
2.539234 -0.000000 -0.062380
2.474699 -0.000000 -0.572247
2.539234 -0.000000 -0.062380
-0.000000 -2.540000 0.000000
-0.000000 -2.540000 0.000000
-0.000000 -2.540000 0.000000
0.446171 -0.000000 2.500506
0.446171 -0.000000 2.500506
-0.066310 0.000000 2.539134
-0.000000 -2.540000 0.000000
-0.000000 -2.540000 0.000000
-0.000000 -2.540000 0.000000
-0.000000 -2.540000 0.000000
-0.000000 -2.540000 0.000000
-0.000000 -2.540000 0.000000
-2.250444 0.000000 -1.177753
-2.441457 0.000000 -0.700634
-2.250444 0.000000 -1.177753
-0.000000 -2.540000 0.000000
-0.000000 -2.540000 0.000000
-0.000000 -2.540000 0.000000
1.290225 -0.000000 -2.187903
1.290225 -0.000000 -2.187903
1.704236 -0.000000 -1.883396
-0.000000 -2.540000 0.000000
-0.000000 -2.540000 0.000000
-0.000000 -2.540000 0.000000
-1.603609 0.000000 -1.969781
-1.603609 0.000000 -1.969781
-1.174269 0.000000 -2.252264
1.760857 1.796051 -0.353810
1.776304 1.796051 -0.265599
1.786915 1.796051 0.180931
2.527079 -0.000000 0.255874
2.490228 -0.000000 -0.500363
2.527079 -0.000000 0.255874
-0.000000 -2.540000 0.000000
-0.000000 -2.540000 0.000000
-0.000000 -2.540000 0.000000
1.396102 -0.000000 2.121909
1.794661 -0.000000 1.797441
1.396102 -0.000000 2.121909
-1.776304 1.796051 0.265599
-1.793923 1.796051 0.087416
-1.688457 1.796051 0.612300
-2.536990 0.000000 0.123625
-2.387839 0.000000 0.865924
-2.536990 0.000000 0.123625
1.161433 -0.000000 -2.258910
0.444008 -0.000000 -2.500891
1.161433 -0.000000 -2.258910
0.658137 1.796051 -1.671124
0.821257 1.796051 -1.597291
0.313961 1.796051 -1.768397
0.315491 1.796051 1.768125
0.664953 1.796051 1.668423
0.327429 1.796051 1.765953
0.327429 1.796051 1.765953
-0.046888 1.796051 1.795439
-0.046888 1.796051 1.795439
-0.327429 1.796051 -1.765953
-0.134994 1.796051 -1.790971
-0.492750 1.796051 -1.727136
-0.696854 0.000000 -2.442538
-0.696854 0.000000 -2.442538
-0.190910 0.000000 -2.532815
2.308849 -0.000000 -1.058686
2.308849 -0.000000 -1.058686
2.474699 -0.000000 -0.572247
1.749876 1.796051 -0.404640
1.632603 1.796051 -0.748604
1.722053 1.796051 -0.510228
0.046888 1.796051 -1.795439
-0.221232 1.796051 -1.782374
-0.570016 1.796051 -1.703198
-0.806124 0.000000 -2.408685
-0.806124 0.000000 -2.408685
0.066310 -0.000000 -2.539134
2.489044 -0.000000 0.506219
2.489044 -0.000000 0.506219
2.165800 -0.000000 1.326993
1.531452 1.796051 0.938326
1.654197 1.796051 0.699595
1.760020 1.796051 0.357951
-0.407348 1.796051 1.749248
-0.046888 1.796051 1.795439
-0.419156 1.796051 1.746456
-0.751130 1.796051 1.631442
-0.773106 1.796051 1.621144
-1.064162 1.796051 1.446845
-0.000000 -2.540000 0.000000
-0.000000 -2.540000 0.000000
-0.000000 -2.540000 0.000000
2.165800 -0.000000 1.326993
2.489044 -0.000000 0.506219
2.165800 -0.000000 1.326993
-0.000000 -2.540000 0.000000
-0.000000 -2.540000 0.000000
-0.000000 -2.540000 0.000000
0.252451 -0.000000 2.527423
0.873064 -0.000000 2.385238
0.252451 -0.000000 2.527423
-1.682921 0.000000 1.902466
-0.930746 0.000000 2.363326
-1.682921 0.000000 1.902466
-0.000000 -2.540000 0.000000
-0.000000 -2.540000 0.000000
-0.000000 -2.540000 0.000000
-0.000000 -2.540000 0.000000
-0.000000 -2.540000 0.000000
-0.000000 -2.540000 0.000000
1.682921 -0.000000 -1.902466
2.232110 -0.000000 -1.212141
1.682921 -0.000000 -1.902466
-0.000000 -2.540000 0.000000
-0.000000 -2.540000 0.000000
-0.000000 -2.540000 0.000000
0.930746 -0.000000 -2.363326
0.930746 -0.000000 -2.363326
0.066310 -0.000000 -2.539134
-0.066310 0.000000 2.539134
-0.811787 0.000000 2.406782
-0.066310 0.000000 2.539134
-0.000000 -2.540000 0.000000
-0.000000 -2.540000 0.000000
-0.000000 -2.540000 0.000000
0.066310 -0.000000 -2.539134
0.066310 -0.000000 -2.539134
0.695684 -0.000000 -2.442872
-0.000000 -2.540000 0.000000
-0.000000 -2.540000 0.000000
-0.000000 -2.540000 0.000000
-0.000000 -2.540000 0.000000
-0.000000 -2.540000 0.000000
-0.000000 -2.540000 0.000000
-2.232110 0.000000 1.212141
-2.512074 0.000000 0.375613
-2.232110 0.000000 1.212141
-0.000000 -2.540000 0.000000
-0.000000 -2.540000 0.000000
-0.000000 -2.540000 0.000000
2.538288 -0.000000 -0.093254
2.538288 -0.000000 -0.093254
2.481734 -0.000000 0.540922
-0.000000 -2.540000 0.000000
-0.000000 -2.540000 0.000000
-0.000000 -2.540000 0.000000
-2.506585 0.000000 0.410651
-2.506585 0.000000 0.410651
-2.529960 0.000000 -0.225613
-0.000000 -2.540000 0.000000
-0.000000 -2.540000 0.000000
-0.000000 -2.540000 0.000000
-0.384025 0.000000 2.510802
-0.384025 0.000000 2.510802
-0.996371 0.000000 2.336417
-0.000000 -2.540000 0.000000
-0.000000 -2.540000 0.000000
-0.000000 -2.540000 0.000000
2.179393 -0.000000 -1.304549
2.179393 -0.000000 -1.304549
2.435351 -0.000000 -0.721571
-0.000000 -2.540000 0.000000
-0.000000 -2.540000 0.000000
-0.000000 -2.540000 0.000000
-2.394369 0.000000 -0.847700
-2.394369 0.000000 -0.847700
-2.108331 0.000000 -1.416524
1.581328 -0.000000 1.987713
0.806124 -0.000000 2.408685
1.581328 -0.000000 1.987713
-0.000000 -2.540000 0.000000
-0.000000 -2.540000 0.000000
-0.000000 -2.540000 0.000000
-1.186837 1.796051 -1.348042
-1.118167 1.796051 -1.405525
-0.736767 1.796051 -1.637979
-1.041946 0.000000 -2.316452
-1.678441 0.000000 -1.906420
-1.041946 0.000000 -2.316452
-1.485133 0.000000 2.060577
-0.811787 0.000000 2.406782
-1.485133 0.000000 2.060577
-0.574020 1.796051 1.701852
-0.658137 1.796051 1.671124
-1.050148 1.796051 1.457048
-0.000000 -2.540000 0.000000
-0.000000 -2.540000 0.000000
-0.000000 -2.540000 0.000000
-2.165800 0.000000 -1.326993
-1.581328 0.000000 -1.987713
-2.165800 0.000000 -1.326993
0.987193 1.796051 1.500417
1.269017 1.796051 1.270983
1.017399 1.796051 1.480101
0.687436 1.796051 1.659286
0.987193 1.796051 1.500417
1.017399 1.796051 1.480101
-1.788952 1.796051 -0.159532
-1.722125 1.796051 -0.509984
-1.693075 1.796051 -0.599415
-1.795439 1.796051 -0.046888
-1.772423 1.796051 0.290374
-1.746397 1.796051 0.419403
0.857113 1.796051 1.578340
1.017399 1.796051 1.480101
1.236412 1.796051 1.302722
0.419403 1.796051 1.746397
0.178510 1.796051 1.787158
0.617350 1.796051 1.686618
1.263243 1.796051 -1.276721
1.302722 1.796051 -1.236412
1.541063 1.796051 -0.922455
0.509984 1.796051 -1.722125
0.938326 1.796051 -1.531452
0.906048 1.796051 -1.550767
0.046888 1.796051 -1.795439
0.046888 1.796051 -1.795439
0.491923 1.796051 -1.727371
0.046888 1.796051 -1.795439
-0.401092 1.796051 -1.750693
-0.419403 1.796051 -1.746397
1.794840 1.796051 -0.065941
1.722053 1.796051 -0.510228
1.746397 1.796051 -0.419403
1.302722 1.796051 -1.236412
1.578340 1.796051 -0.857113
1.541063 1.796051 -0.922455
-0.046888 1.796051 1.795439
0.178510 1.796051 1.787158
0.419403 1.796051 1.746397
-0.509984 1.796051 1.722125
-0.704541 1.796051 1.652096
-0.271547 1.796051 1.775405
-1.578340 1.796051 0.857113
-1.413297 1.796051 1.108328
-1.302722 1.796051 1.236412
-1.746397 1.796051 0.419403
-1.772423 1.796051 0.290374
-1.644526 1.796051 0.722035
-1.194883 1.796051 -1.340916
-1.490815 1.796051 -1.001634
-1.236412 1.796051 -1.302722
-1.722125 1.796051 -0.509984
-1.531452 1.796051 -0.938326
-1.693075 1.796051 -0.599415
-0.857113 1.796051 -1.578340
-1.194883 1.796051 -1.340916
-1.236412 1.796051 -1.302722
-0.823871 1.796051 -1.595944
-0.419403 1.796051 -1.746397
-0.401092 1.796051 -1.750693
2.339388 -0.000000 0.989376
2.527079 -0.000000 0.255874
2.339388 -0.000000 0.989376
-0.000000 -2.540000 0.000000
-0.000000 -2.540000 0.000000
-0.000000 -2.540000 0.000000
1.795439 1.796051 0.046888
1.794840 1.796051 -0.065941
1.746397 1.796051 -0.419403
1.722125 1.796051 0.509984
1.604598 1.796051 0.806887
1.754851 1.796051 0.382490
-1.302722 1.796051 1.236412
-1.413297 1.796051 1.108328
-1.093266 1.796051 1.424980
-0.938326 1.796051 1.531452
-0.704541 1.796051 1.652096
-0.509984 1.796051 1.722125
-0.000000 -2.540000 0.000000
-0.000000 -2.540000 0.000000
-0.000000 -2.540000 0.000000
1.775659 -0.000000 -1.816215
1.775659 -0.000000 -1.816215
2.232110 -0.000000 -1.212141
1.236412 1.796051 1.302722
1.017399 1.796051 1.480101
1.353522 1.796051 1.180584
1.531452 1.796051 0.938326
1.604598 1.796051 0.806887
1.722125 1.796051 0.509984
0.419156 1.796051 -1.746456
0.582226 1.796051 -1.699062
0.228289 1.796051 -1.781484
0.773106 1.796051 -1.621144
0.912327 1.796051 -1.547081
0.582226 1.796051 -1.699062
-1.365646 1.796051 1.166538
-1.578340 1.796051 0.857113
-1.548491 1.796051 0.909931
0.000000 2.540000 0.000000
0.000000 2.540000 0.000000
0.000000 2.540000 0.000000
0.000000 2.540000 0.000000
0.000000 2.540000 0.000000
0.000000 2.540000 0.000000
1.780702 1.796051 0.234306
1.693075 1.796051 0.599415
1.767635 1.796051 0.318227
-1.780702 1.796051 -0.234306
-1.693075 1.796051 -0.599415
-1.726371 1.796051 -0.495423
0.000000 2.540000 0.000000
0.000000 2.540000 0.000000
0.000000 2.540000 0.000000
0.444008 -0.000000 -2.500891
0.444008 -0.000000 -2.500891
1.161433 -0.000000 -2.258910
-0.000000 -2.540000 0.000000
-0.000000 -2.540000 0.000000
-0.000000 -2.540000 0.000000
-0.000000 -2.540000 0.000000
-0.000000 -2.540000 0.000000
-0.000000 -2.540000 0.000000
1.375557 -0.000000 2.135285
1.375557 -0.000000 2.135285
1.943831 -0.000000 1.634968
0.000000 2.540000 0.000000
0.000000 2.540000 0.000000
0.000000 2.540000 0.000000
1.365646 1.796051 -1.166538
1.578340 1.796051 -0.857113
1.448490 1.796051 -1.061921
-0.687436 1.796051 -1.659286
-0.830333 1.796051 -1.592591
-1.017399 1.796051 -1.480101
0.000000 2.540000 0.000000
0.000000 2.540000 0.000000
0.000000 2.540000 0.000000
-0.000000 -2.540000 0.000000
-0.000000 -2.540000 0.000000
-0.000000 -2.540000 0.000000
-2.387839 0.000000 0.865924
-2.026519 0.000000 1.531281
-2.387839 0.000000 0.865924
-0.000000 -2.540000 0.000000
-0.000000 -2.540000 0.000000
-0.000000 -2.540000 0.000000
-1.041946 0.000000 -2.316452
-1.041946 0.000000 -2.316452
-0.312869 0.000000 -2.520657
0.685059 -0.000000 2.445873
0.685059 -0.000000 2.445873
-0.066310 0.000000 2.539134
-0.000000 -2.540000 0.000000
-0.000000 -2.540000 0.000000
-0.000000 -2.540000 0.000000
-1.760020 1.796051 -0.357951
-1.531452 1.796051 -0.938326
-1.739990 1.796051 -0.445236
-2.165800 0.000000 -1.326993
-2.165800 0.000000 -1.326993
-2.489044 0.000000 -0.506219
-1.578340 1.796051 0.857113
-1.432965 1.796051 1.082779
-1.190005 1.796051 1.345247
-1.682921 0.000000 1.902466
-2.232110 0.000000 1.212141
-1.682921 0.000000 1.902466
0.685059 -0.000000 2.445873
1.375557 -0.000000 2.135285
0.685059 -0.000000 2.445873
0.484410 1.796051 1.729493
0.972666 1.796051 1.509875
0.570016 1.796051 1.703198
1.281345 -0.000000 -2.193115
0.695684 -0.000000 -2.442872
1.281345 -0.000000 -2.193115
0.491923 1.796051 -1.727371
0.509984 1.796051 -1.722125
0.906048 1.796051 -1.550767
0.066310 -0.000000 -2.539134
0.066310 -0.000000 -2.539134
0.721227 -0.000000 -2.435453
0.046888 1.796051 -1.795439
0.509984 1.796051 -1.722125
0.491923 1.796051 -1.727371
-0.046888 1.796051 1.795439
-0.271547 1.796051 1.775405
0.178510 1.796051 1.787158
-0.384025 0.000000 2.510802
0.252451 -0.000000 2.527423
-0.384025 0.000000 2.510802
-1.795439 1.796051 -0.046888
-1.788952 1.796051 -0.159532
-1.772423 1.796051 0.290374
-2.529960 0.000000 -0.225613
-2.506585 0.000000 0.410651
-2.529960 0.000000 -0.225613
2.481734 -0.000000 0.540922
2.538288 -0.000000 -0.093254
2.481734 -0.000000 0.540922
1.795439 1.796051 0.046888
1.754851 1.796051 0.382490
1.794840 1.796051 -0.065941
1.118167 1.796051 1.405525
1.374496 1.796051 1.156097
1.531452 1.796051 0.938326
2.165800 -0.000000 1.326993
1.581328 -0.000000 1.987713
2.165800 -0.000000 1.326993
0.066310 -0.000000 -2.539134
0.930746 -0.000000 -2.363326
0.066310 -0.000000 -2.539134
0.658137 1.796051 -1.671124
0.313961 1.796051 -1.768397
0.046888 1.796051 -1.795439
1.212141 -0.000000 2.232110
1.212141 -0.000000 2.232110
0.593126 -0.000000 2.469778
0.419403 1.796051 1.746397
0.617350 1.796051 1.686618
0.857113 1.796051 1.578340
1.704236 -0.000000 -1.883396
1.290225 -0.000000 -2.187903
1.704236 -0.000000 -1.883396
1.093266 1.796051 -1.424980
1.205077 1.796051 -1.331762
0.912327 1.796051 -1.547081
-1.302897 1.796051 -1.236228
-1.133923 1.796051 -1.392846
-1.391089 1.796051 -1.136077
-1.967297 0.000000 -1.606656
-1.967297 0.000000 -1.606656
-1.603609 0.000000 -1.969781
1.578340 1.796051 -0.857113
1.746397 1.796051 -0.419403
1.722053 1.796051 -0.510228
2.232110 -0.000000 -1.212141
2.232110 -0.000000 -1.212141
2.469778 -0.000000 -0.593126
0.315491 1.796051 1.768125
0.327429 1.796051 1.765953
-0.046888 1.796051 1.795439
-0.066310 0.000000 2.539134
0.446171 -0.000000 2.500506
-0.066310 0.000000 2.539134
0.866768 2.177205 -0.979843
0.479370 2.177205 -1.217203
0.683452 2.177205 -1.115469
0.000000 2.540000 0.000000
0.000000 2.540000 0.000000
0.000000 2.540000 0.000000
-2.232110 0.000000 1.212141
-2.232110 0.000000 1.212141
-2.232110 0.000000 1.212141
1.396102 -0.000000 2.121909
1.396102 -0.000000 2.121909
0.940386 -0.000000 2.359507
0.664953 1.796051 1.668423
0.987193 1.796051 1.500417
0.687436 1.796051 1.659286
1.269017 1.796051 1.270983
1.498887 1.796051 0.989514
1.302897 1.796051 1.236228
2.119746 -0.000000 1.399384
2.119746 -0.000000 1.399384
1.794661 -0.000000 1.797441
0.484410 1.796051 1.729493
0.570016 1.796051 1.703198
-0.046888 1.796051 1.795439
-0.066310 0.000000 2.539134
-0.066310 0.000000 2.539134
0.806124 -0.000000 2.408685
1.255580 1.796051 -1.284258
1.190005 1.796051 -1.345247
1.578340 1.796051 -0.857113
2.232110 -0.000000 -1.212141
2.232110 -0.000000 -1.212141
1.682921 -0.000000 -1.902466
1.767635 1.796051 0.318227
1.693075 1.796051 0.599415
1.667392 1.796051 0.667535
2.499813 -0.000000 0.450041
2.499813 -0.000000 0.450041
2.358049 -0.000000 0.944037
-0.000000 -2.540000 0.000000
-0.000000 -2.540000 0.000000
-0.000000 -2.540000 0.000000
-2.165800 0.000000 -1.326993
-2.165800 0.000000 -1.326993
-1.678441 0.000000 -1.906420
1.795509 1.796051 -0.044109
1.749876 1.796051 -0.404640
1.790505 1.796051 -0.141043
2.474699 -0.000000 -0.572247
2.474699 -0.000000 -0.572247
2.539234 -0.000000 -0.062380
0.000000 2.540000 0.000000
0.000000 2.540000 0.000000
0.000000 2.540000 0.000000
1.115469 2.177205 0.683452
1.281953 2.177205 0.260722
1.217203 2.177205 0.479370
-0.866768 2.177205 0.979843
-0.479370 2.177205 1.217203
-0.683452 2.177205 1.115469
-2.489044 0.000000 -0.506219
-2.489044 0.000000 -0.506219
-2.512074 0.000000 0.375613
-1.776304 1.796051 0.265599
-1.760020 1.796051 -0.357951
-1.793923 1.796051 0.087416
-1.546112 0.000000 2.015227
-0.996371 0.000000 2.336417
-1.546112 0.000000 2.015227
-0.938326 1.796051 1.531452
-1.093266 1.796051 1.424980
-0.704541 1.796051 1.652096
0.857113 1.796051 1.578340
0.617350 1.796051 1.686618
1.017399 1.796051 1.480101
0.873064 -0.000000 2.385238
1.438820 -0.000000 2.093179
0.873064 -0.000000 2.385238
-1.998704 0.000000 1.567412
-2.325711 0.000000 1.021112
-1.998704 0.000000 1.567412
-1.578340 1.796051 0.857113
-1.644526 1.796051 0.722035
-1.413297 1.796051 1.108328
1.914169 -0.000000 1.669598
2.269244 -0.000000 1.141110
1.914169 -0.000000 1.669598
1.531452 1.796051 0.938326
1.353522 1.796051 1.180584
1.604598 1.796051 0.806887
-0.190910 0.000000 -2.532815
-0.190910 0.000000 -2.532815
0.322850 -0.000000 -2.519398
0.046888 1.796051 -1.795439
0.228289 1.796051 -1.781484
-0.134994 1.796051 -1.790971
2.527079 -0.000000 0.255874
2.527079 -0.000000 0.255874
2.339388 -0.000000 0.989376
1.760020 1.796051 0.357951
1.654197 1.796051 0.699595
1.786915 1.796051 0.180931
-0.509984 1.796051 1.722125
-0.271547 1.796051 1.775405
-0.046888 1.796051 1.795439
-0.721227 0.000000 2.435453
-0.066310 0.000000 2.539134
-0.721227 0.000000 2.435453
-0.687436 1.796051 -1.659286
-0.492750 1.796051 -1.727136
-0.830333 1.796051 -1.592591
-0.696854 0.000000 -2.442538
-0.696854 0.000000 -2.442538
-1.174269 0.000000 -2.252264
2.435351 -0.000000 -0.721571
2.179393 -0.000000 -1.304549
2.435351 -0.000000 -0.721571
1.541063 1.796051 -0.922455
1.578340 1.796051 -0.857113
1.722053 1.796051 -0.510228
-1.693075 1.796051 -0.599415
-1.531452 1.796051 -0.938326
-1.490815 1.796051 -1.001634
-2.108331 0.000000 -1.416524
-2.394369 0.000000 -0.847700
-2.108331 0.000000 -1.416524
1.448490 1.796051 -1.061921
1.578340 1.796051 -0.857113
1.632603 1.796051 -0.748604
2.048475 -0.000000 -1.501783
2.048475 -0.000000 -1.501783
2.308849 -0.000000 -1.058686
-1.689819 0.000000 -1.896342
-1.165129 0.000000 -2.257005
-1.689819 0.000000 -1.896342
-0.823871 1.796051 -1.595944
-1.194883 1.796051 -1.340916
-0.857113 1.796051 -1.578340
0.906048 1.796051 -1.550767
0.938326 1.796051 -1.531452
1.263243 1.796051 -1.276721
1.786495 -0.000000 -1.805557
1.281345 -0.000000 -2.193115
1.786495 -0.000000 -1.805557
-1.726371 1.796051 -0.495423
-1.693075 1.796051 -0.599415
-1.591304 1.796051 -0.832797
-2.441457 0.000000 -0.700634
-2.441457 0.000000 -0.700634
-2.250444 0.000000 -1.177753
-1.302722 1.796051 1.236412
-1.093266 1.796051 1.424980
-0.938326 1.796051 1.531452
-1.326993 0.000000 2.165800
-1.842327 0.000000 1.748551
-1.326993 0.000000 2.165800
0.046888 1.796051 -1.795439
-0.401092 1.796051 -1.750693
0.046888 1.796051 -1.795439
-0.567230 0.000000 -2.475853
-0.567230 0.000000 -2.475853
0.066310 -0.000000 -2.539134
-0.806124 0.000000 -2.408685
-0.806124 0.000000 -2.408685
-1.581328 0.000000 -1.987713
-0.736767 1.796051 -1.637979
-1.118167 1.796051 -1.405525
-0.570016 1.796051 -1.703198
-1.050148 1.796051 1.457048
-0.658137 1.796051 1.671124
-1.190005 1.796051 1.345247
-0.930746 0.000000 2.363326
-0.930746 0.000000 2.363326
-1.682921 0.000000 1.902466
1.786915 1.796051 0.180931
1.776304 1.796051 -0.265599
1.760020 1.796051 0.357951
2.489044 -0.000000 0.506219
2.489044 -0.000000 0.506219
2.512074 -0.000000 -0.375613
1.236412 1.796051 1.302722
1.353522 1.796051 1.180584
1.531452 1.796051 0.938326
2.165800 -0.000000 1.326993
1.748551 -0.000000 1.842327
2.165800 -0.000000 1.326993
-2.519895 0.000000 0.318950
-2.519895 0.000000 0.318950
-2.532517 0.000000 -0.194830
-1.790760 1.796051 -0.137766
-1.781835 1.796051 0.225532
-1.790505 1.796051 0.141043
-1.746397 1.796051 0.419403
-1.644526 1.796051 0.722035
-1.578340 1.796051 0.857113
-2.469778 0.000000 0.593126
-2.232110 0.000000 1.212141
-2.469778 0.000000 0.593126
2.539134 -0.000000 0.066310
2.539134 -0.000000 0.066310
2.435453 -0.000000 0.721227
1.722125 1.796051 0.509984
1.754851 1.796051 0.382490
1.795439 1.796051 0.046888
-2.189897 0.000000 1.286837
-2.189897 0.000000 1.286837
-2.404109 0.000000 0.819672
-1.548491 1.796051 0.909931
-1.578340 1.796051 0.857113
-1.699961 1.796051 0.579596
-2.539134 0.000000 -0.066310
-2.539134 0.000000 -0.066310
-2.435453 0.000000 -0.721227
-1.795439 1.796051 -0.046888
-1.722125 1.796051 -0.509984
-1.788952 1.796051 -0.159532
-0.857113 1.796051 -1.578340
-0.419403 1.796051 -1.746397
-0.823871 1.796051 -1.595944
-0.593126 0.000000 -2.469778
-1.212141 0.000000 -2.232110
-0.593126 0.000000 -2.469778
0.938326 1.796051 -1.531452
1.302722 1.796051 -1.236412
1.263243 1.796051 -1.276721
1.326993 -0.000000 -2.165800
1.842327 -0.000000 -1.748551
1.326993 -0.000000 -2.165800
-1.748551 0.000000 -1.842327
-1.748551 0.000000 -1.842327
-2.165800 0.000000 -1.326993
-1.236412 1.796051 -1.302722
-1.490815 1.796051 -1.001634
-1.531452 1.796051 -0.938326
-1.064162 1.796051 1.446845
-1.093266 1.796051 1.424980
-1.333626 1.796051 1.203014
-1.504952 0.000000 2.046148
-1.504952 0.000000 2.046148
-1.886032 0.000000 1.701318
-0.751130 1.796051 1.631442
-0.407348 1.796051 1.749248
-0.419156 1.796051 1.746456
-0.576077 0.000000 2.473810
-0.576077 0.000000 2.473810
-1.062259 0.000000 2.307208
-0.570016 1.796051 -1.703198
-0.221232 1.796051 -1.782374
-0.736767 1.796051 -1.637979
-0.312869 0.000000 -2.520657
-1.041946 0.000000 -2.316452
-0.312869 0.000000 -2.520657
-1.190005 1.796051 1.345247
-1.432965 1.796051 1.082779
-1.050148 1.796051 1.457048
-2.026519 0.000000 1.531281
-1.485133 0.000000 2.060577
-2.026519 0.000000 1.531281
1.118167 1.796051 1.405525
0.972666 1.796051 1.509875
1.374496 1.796051 1.156097
1.943831 -0.000000 1.634968
1.375557 -0.000000 2.135285
1.943831 -0.000000 1.634968
1.255580 1.796051 -1.284258
0.821257 1.796051 -1.597291
1.190005 1.796051 -1.345247
1.161433 -0.000000 -2.258910
1.775659 -0.000000 -1.816215
1.161433 -0.000000 -2.258910
-2.536990 0.000000 0.123625
-2.460717 0.000000 -0.629658
-2.536990 0.000000 0.123625
-1.760020 1.796051 -0.357951
-1.739990 1.796051 -0.445236
-1.793923 1.796051 0.087416
0.000000 2.540000 0.000000
0.000000 2.540000 0.000000
0.000000 2.540000 0.000000
0.000000 2.540000 0.000000
0.000000 2.540000 0.000000
0.000000 2.540000 0.000000
0.000000 2.540000 0.000000
0.000000 2.540000 0.000000
0.000000 2.540000 0.000000
0.000000 2.540000 0.000000
0.000000 2.540000 0.000000
0.000000 2.540000 0.000000
0.000000 2.540000 0.000000
0.000000 2.540000 0.000000
0.000000 2.540000 0.000000
-0.773106 1.796051 1.621144
-0.751130 1.796051 1.631442
-0.419156 1.796051 1.746456
2.490228 -0.000000 -0.500363
2.232110 -0.000000 -1.212141
2.490228 -0.000000 -0.500363
1.578340 1.796051 -0.857113
1.578340 1.796051 -0.857113
1.760857 1.796051 -0.353810
-0.811787 0.000000 2.406782
-0.811787 0.000000 2.406782
-0.066310 0.000000 2.539134
-0.046888 1.796051 1.795439
-0.046888 1.796051 1.795439
-0.574020 1.796051 1.701852
-1.531452 1.796051 -0.938326
-1.531452 1.796051 -0.938326
-1.186837 1.796051 -1.348042
-1.678441 0.000000 -1.906420
-2.165800 0.000000 -1.326993
-1.678441 0.000000 -1.906420
0.000000 2.540000 0.000000
0.000000 2.540000 0.000000
0.000000 2.540000 0.000000
0.419156 1.796051 -1.746456
0.228289 1.796051 -1.781484
0.046888 1.796051 -1.795439
0.000000 2.540000 0.000000
0.000000 2.540000 0.000000
0.000000 2.540000 0.000000
2.232110 -0.000000 -1.212141
2.232110 -0.000000 -1.212141
2.232110 -0.000000 -1.212141
-0.000000 -2.540000 0.000000
-0.000000 -2.540000 0.000000
-0.000000 -2.540000 0.000000
-2.460717 0.000000 -0.629658
-2.460717 0.000000 -0.629658
-2.536990 0.000000 0.123625
-0.811787 0.000000 2.406782
-0.811787 0.000000 2.406782
-1.485133 0.000000 2.060577
-0.000000 -2.540000 0.000000
-0.000000 -2.540000 0.000000
-0.000000 -2.540000 0.000000
0.327429 1.796051 1.765953
0.664953 1.796051 1.668423
0.687436 1.796051 1.659286
0.000000 2.540000 0.000000
0.000000 2.540000 0.000000
0.000000 2.540000 0.000000
0.000000 2.540000 0.000000
0.000000 2.540000 0.000000
0.000000 2.540000 0.000000
0.000000 2.540000 0.000000
0.000000 2.540000 0.000000
0.000000 2.540000 0.000000
0.773106 1.796051 -1.621144
0.582226 1.796051 -1.699062
0.419156 1.796051 -1.746456
0.000000 2.540000 0.000000
0.000000 2.540000 0.000000
0.000000 2.540000 0.000000
-0.327429 1.796051 -1.765953
-0.492750 1.796051 -1.727136
-0.687436 1.796051 -1.659286
0.000000 2.540000 0.000000
0.000000 2.540000 0.000000
0.000000 2.540000 0.000000
-1.017399 1.796051 -1.480101
-1.133923 1.796051 -1.392846
-1.302897 1.796051 -1.236228
0.000000 2.540000 0.000000
0.000000 2.540000 0.000000
0.000000 2.540000 0.000000
0.000000 2.540000 0.000000
0.000000 2.540000 0.000000
0.000000 2.540000 0.000000
1.365646 1.796051 -1.166538
1.205077 1.796051 -1.331762
1.093266 1.796051 -1.424980
0.000000 2.540000 0.000000
0.000000 2.540000 0.000000
0.000000 2.540000 0.000000
1.722053 1.796051 -0.510228
1.632603 1.796051 -0.748604
1.578340 1.796051 -0.857113
0.000000 2.540000 0.000000
0.000000 2.540000 0.000000
0.000000 2.540000 0.000000
-1.693075 1.796051 -0.599415
-1.531452 1.796051 -0.938326
-1.591304 1.796051 -0.832797
-1.780702 1.796051 -0.234306
-1.790760 1.796051 -0.137766
-1.790505 1.796051 0.141043
0.000000 2.540000 0.000000
0.000000 2.540000 0.000000
0.000000 2.540000 0.000000
1.780702 1.796051 0.234306
1.795509 1.796051 -0.044109
1.790505 1.796051 -0.141043
0.000000 2.540000 0.000000
0.000000 2.540000 0.000000
0.000000 2.540000 0.000000
-0.419156 1.796051 1.746456
-0.046888 1.796051 1.795439
-0.046888 1.796051 1.795439
0.000000 2.540000 0.000000
0.000000 2.540000 0.000000
0.000000 2.540000 0.000000
0.000000 2.540000 0.000000
0.000000 2.540000 0.000000
0.000000 2.540000 0.000000
1.531452 1.796051 0.938326
1.667392 1.796051 0.667535
1.693075 1.796051 0.599415
0.000000 2.540000 0.000000
0.000000 2.540000 0.000000
0.000000 2.540000 0.000000
-1.578340 1.796051 0.857113
-1.722053 1.796051 0.510228
-1.699961 1.796051 0.579596
-1.093266 1.796051 1.424980
-1.365646 1.796051 1.166538
-1.333626 1.796051 1.203014
0.000000 2.540000 0.000000
0.000000 2.540000 0.000000
0.000000 2.540000 0.000000
1.017399 1.796051 1.480101
1.269017 1.796051 1.270983
1.302897 1.796051 1.236228
0.000000 2.540000 0.000000
0.000000 2.540000 0.000000
0.000000 2.540000 0.000000
0.000000 2.540000 0.000000
0.000000 2.540000 0.000000
0.000000 2.540000 0.000000
0.000000 2.540000 0.000000
0.000000 2.540000 0.000000
0.000000 2.540000 0.000000
-0.415185 2.177205 -1.240565
-0.814444 2.177205 -1.023748
-0.624299 2.177205 -1.149622
0.000000 2.540000 0.000000
0.000000 2.540000 0.000000
0.000000 2.540000 0.000000
0.415185 2.177205 1.240565
0.814444 2.177205 1.023748
0.624299 2.177205 1.149622
0.000000 2.540000 0.000000
0.000000 2.540000 0.000000
0.000000 2.540000 0.000000
1.281953 2.177205 0.260722
1.293814 2.177205 -0.193455
1.307751 2.177205 0.034152
0.000000 2.540000 0.000000
0.000000 2.540000 0.000000
0.000000 2.540000 0.000000
1.149622 2.177205 -0.624299
0.866768 2.177205 -0.979843
1.023748 2.177205 -0.814444
0.000000 2.540000 0.000000
0.000000 2.540000 0.000000
0.000000 2.540000 0.000000
0.479370 2.177205 -1.217203
0.034152 2.177205 -1.307751
0.260722 2.177205 -1.281953
-0.479370 2.177205 1.217203
-0.034152 2.177205 1.307751
-0.260722 2.177205 1.281953
0.000000 2.540000 0.000000
0.000000 2.540000 0.000000
0.000000 2.540000 0.000000
-1.307751 2.177205 -0.034152
-1.293814 2.177205 0.193455
-1.307751 2.177205 -0.034152
0.000000 2.540000 0.000000
0.000000 2.540000 0.000000
0.000000 2.540000 0.000000
-1.115469 2.177205 -0.683452
-1.217203 2.177205 -0.479370
-1.217203 2.177205 -0.479370
0.000000 2.540000 0.000000
0.000000 2.540000 0.000000
0.000000 2.540000 0.000000
0.000000 2.540000 0.000000
0.000000 2.540000 0.000000
0.000000 2.540000 0.000000
-1.240565 2.177205 0.415185
-1.240565 2.177205 0.415185
-1.149622 2.177205 0.624299
-1.217203 2.177205 -0.479370
-1.217203 2.177205 -0.479370
-1.281953 2.177205 -0.260722
0.000000 2.540000 0.000000
0.000000 2.540000 0.000000
0.000000 2.540000 0.000000
0.000000 2.540000 0.000000
0.000000 2.540000 0.000000
0.000000 2.540000 0.000000
-1.293814 2.177205 0.193455
-1.240565 2.177205 0.415185
-1.240565 2.177205 0.415185
</float_array>
          <technique_common>
            <accessor source="#FBXASC227FBXASC130FBXASC189FBXASC227FBXASC131FBXASC170FBXASC227FBXASC131FBXASC131FBXASC227FBXASC131FBXASC1374-Normal0-array" count="1791" stride="3">
              <param name="X" type="float"/>
              <param name="Y" type="float"/>
              <param name="Z" type="float"/>
            </accessor>
          </technique_common>
        </source>
        <vertices id="FBXASC227FBXASC130FBXASC189FBXASC227FBXASC131FBXASC170FBXASC227FBXASC131FBXASC131FBXASC227FBXASC131FBXASC1374-VERTEX">
          <input semantic="POSITION" source="#FBXASC227FBXASC130FBXASC189FBXASC227FBXASC131FBXASC170FBXASC227FBXASC131FBXASC131FBXASC227FBXASC131FBXASC1374-POSITION"/>
        </vertices>
        <triangles count="597" material="MaterialFBXASC032FBXASC03526">
          <input semantic="VERTEX" offset="0" source="#FBXASC227FBXASC130FBXASC189FBXASC227FBXASC131FBXASC170FBXASC227FBXASC131FBXASC131FBXASC227FBXASC131FBXASC1374-VERTEX"/>
          <input semantic="NORMAL" offset="1" source="#FBXASC227FBXASC130FBXASC189FBXASC227FBXASC131FBXASC170FBXASC227FBXASC131FBXASC131FBXASC227FBXASC131FBXASC1374-Normal0"/>
          <p> 161 0 231 1 69 2 37 3 47 4 245 5 285 6 34 7 70 8 135 9 181 10 255 11 126 12 36 13 161 14 169 15 78 16 209 17 133 18 64 19 96 20 106 21 97 22 138 23 197 24 150 25 262 26 200 27 261 28 152 29 277 30 38 31 198 32 195 33 71 34 279 35 19 36 110 37 65 38 151 39 221 40 58 41 267 42 70 43 288 44 5 45 66 46 144 47 201 48 260 49 153 50 82 51 206 52 125 53 116 54 94 55 224 56 101 57 210 58 118 59 80 60 114 61 140 62 78 63 100 64 209 65 61 66 38 67 28 68 13 69 70 70 34 71 187 72 150 73 197 74 102 75 201 76 153 77 74 78 51 79 33 80 15 81 192 82 214 83 120 84 72 85 270 86 172 87 89 88 60 89 207 90 79 91 141 92 134 93 137 94 188 95 80 96 95 97 114 98 193 99 20 100 283 101 112 102 38 103 61 104 50 105 226 106 139 107 70 108 13 109 56 110 38 111 81 112 28 113 168 114 210 115 101 116 160 117 21 118 173 119 96 120 64 121 117 122 115 123 111 124 234 125 107 126 65 127 110 128 134 129 94 130 116 131 97 132 63 133 220 134 113 135 159 136 130 137 134 138 116 139 137 140 106 141 63 142 97 143 80 144 178 145 251 146 236 147 179 148 75 149 274 150 73 151 200 152 197 153 4 154 187 155 227 156 294 157 53 158 68 159 34 160 119 161 162 162 124 163 167 164 48 165 126 166 161 167 140 168 178 169 80 170 60 171 89 172 241 173 44 174 168 175 101 176 164 177 125 178 163 179 180 180 107 181 216 182 242 183 108 184 31 185 79 186 115 187 141 188 79 189 111 190 115 191 281 192 61 193 194 194 286 195 34 196 177 197 64 198 243 199 117 200 114 201 95 202 132 203 137 204 249 205 188 206 179 207 106 208 138 209 176 210 128 211 121 212 164 213 82 214 125 215 195 216 20 217 71 218 71 219 20 220 2 221 16 222 78 223 169 224 55 225 172 226 60 227 95 228 253 229 132 230 144 231 66 232 258 233 5 234 244 235 131 236 131 237 66 238 5 239 273 240 72 241 120 242 102 243 91 244 201 245 216 246 107 247 136 248 107 249 110 250 136 251 190 252 62 253 268 254 98 255 49 256 44 257 170 258 230 259 29 260 6 261 170 262 29 263 75 264 146 265 24 266 9 267 24 268 146 269 257 270 74 271 186 272 186 273 74 274 33 275 123 276 85 277 6 278 27 279 205 280 269 281 108 282 171 283 31 284 10 285 31 286 171 287 145 288 23 289 57 290 3 291 23 292 145 293 155 294 22 295 149 296 33 297 149 298 22 299 149 300 215 301 155 302 199 303 71 304 271 305 265 306 119 307 53 308 299 309 276 310 53 311 190 312 268 313 127 314 127 315 91 316 190 317 176 318 246 319 203 320 122 321 87 322 55 323 20 324 56 325 2 326 266 327 290 328 53 329 240 330 110 331 19 332 194 333 57 334 281 335 97 336 220 337 217 338 289 339 34 340 275 341 176 342 121 343 246 344 164 345 163 346 212 347 121 348 128 349 37 350 128 351 47 352 37 353 286 354 61 355 34 356 34 357 61 358 119 359 263 360 212 361 223 362 268 363 62 364 129 365 151 366 25 367 221 368 11 369 25 370 151 371 147 372 35 373 18 374 12 375 35 376 147 377 43 378 15 379 148 380 148 381 15 382 214 383 113 384 24 385 159 386 41 387 24 388 113 389 90 390 262 391 150 392 67 393 129 394 248 395 68 396 13 397 34 398 218 399 291 400 53 401 131 402 189 403 183 404 170 405 208 406 230 407 20 408 70 409 56 410 287 411 70 412 20 413 38 414 71 415 81 416 271 417 71 418 38 419 16 420 229 421 204 422 122 423 55 424 103 425 6 426 247 427 143 428 167 429 204 430 162 431 185 432 12 433 133 434 12 435 64 436 133 437 75 438 24 439 41 440 236 441 75 442 41 443 182 444 3 445 76 446 3 447 50 448 76 449 48 450 222 451 211 452 123 453 6 454 143 455 100 456 78 457 124 458 167 459 124 460 78 461 79 462 181 463 135 464 135 465 111 466 79 467 184 468 142 469 80 470 142 471 95 472 80 473 228 474 292 475 53 476 71 477 2 478 81 479 166 480 37 481 84 482 37 483 166 484 1 485 202 486 4 487 83 488 83 489 77 490 202 491 82 492 84 493 206 494 43 495 256 496 207 497 123 498 45 499 85 500 45 501 69 502 85 503 98 504 86 505 49 506 49 507 86 508 32 509 39 510 30 511 87 512 122 513 39 514 87 515 177 516 88 517 286 518 139 519 226 520 284 521 87 522 30 523 239 524 254 525 12 526 185 527 98 528 44 529 248 530 173 531 211 532 160 533 4 534 152 535 91 536 4 537 91 538 127 539 92 540 153 541 260 542 174 543 203 544 246 545 115 546 234 547 192 548 271 549 7 550 199 551 94 552 50 553 139 554 76 555 50 556 94 557 142 558 40 559 95 560 95 561 40 562 253 563 74 564 96 565 51 566 51 567 96 568 215 569 46 570 97 571 217 572 138 573 97 574 46 575 163 576 223 577 212 578 10 579 86 580 98 581 154 582 34 583 285 584 259 585 24 586 9 587 244 588 5 589 184 590 124 591 26 592 232 593 160 594 101 595 21 596 101 597 118 598 21 599 14 600 91 601 196 602 62 603 14 604 196 605 203 606 270 607 72 608 229 609 152 610 204 611 267 612 288 613 130 614 132 615 253 616 193 617 283 618 132 619 193 620 243 621 195 622 117 623 213 624 11 625 106 626 11 627 63 628 106 629 107 630 180 631 43 632 43 633 65 634 107 635 86 636 238 637 32 638 252 639 182 640 76 641 204 642 152 643 261 644 175 645 143 646 247 647 136 648 110 649 23 650 23 651 110 652 156 653 135 654 22 655 111 656 111 657 22 658 7 659 280 660 240 661 19 662 198 663 214 664 277 665 131 666 113 667 66 668 66 669 113 670 130 671 35 672 114 673 250 674 140 675 114 676 35 677 15 678 115 679 192 680 141 681 115 682 15 683 25 684 116 685 88 686 137 687 116 688 25 689 195 690 279 691 117 692 52 693 155 694 215 695 191 696 11 697 213 698 233 699 36 700 21 701 61 702 28 703 119 704 300 705 297 706 53 707 225 708 174 709 42 710 42 711 91 712 225 713 92 714 121 715 1 716 121 717 37 718 1 719 16 720 122 721 229 722 16 723 39 724 122 725 48 726 123 727 222 728 48 729 45 730 123 731 29 732 26 733 124 734 162 735 29 736 124 737 163 738 125 739 31 740 125 741 17 742 31 743 36 744 126 745 21 746 173 747 21 748 126 749 54 750 4 751 127 752 127 753 67 754 54 755 47 756 128 757 60 758 176 759 60 760 128 761 98 762 248 763 129 764 10 765 98 766 129 767 258 768 104 769 0 770 144 771 258 772 0 773 41 774 113 775 131 776 41 777 131 778 183 779 35 780 250 781 18 782 250 783 105 784 18 785 133 786 96 787 74 788 133 789 74 790 185 791 188 792 76 793 134 794 76 795 94 796 134 797 33 798 22 799 135 800 186 801 33 802 135 803 136 804 23 805 3 806 182 807 136 808 3 809 137 810 25 811 11 812 11 813 191 814 137 815 138 816 46 817 75 818 179 819 138 820 75 821 116 822 224 823 88 824 88 825 224 826 286 827 140 828 35 829 12 830 254 831 140 832 12 833 141 834 15 835 43 836 141 837 43 838 207 839 184 840 5 841 142 842 5 843 40 844 142 845 77 846 211 847 222 848 269 849 205 850 143 851 40 852 144 853 0 854 5 855 144 856 40 857 50 858 145 859 226 860 3 861 145 862 50 863 46 864 217 865 146 866 46 867 146 868 75 869 12 870 147 871 64 872 64 873 147 874 243 875 43 876 148 877 65 878 148 879 214 880 65 881 33 882 51 883 149 884 51 885 215 886 149 887 67 888 248 889 235 890 54 891 67 892 235 893 11 894 151 895 63 896 63 897 151 898 58 899 229 900 264 901 152 902 91 903 152 904 264 905 196 906 153 907 263 908 212 909 263 910 153 911 217 912 220 913 154 914 154 915 285 916 9 917 199 918 7 919 237 920 22 921 237 922 7 923 23 924 156 925 57 926 57 927 156 928 281 929 92 930 260 931 157 932 157 933 121 934 92 935 158 936 44 937 90 938 90 939 150 940 158 941 259 942 9 943 99 944 159 945 267 946 130 947 44 948 101 949 160 950 90 951 44 952 160 953 48 954 161 955 45 956 45 957 161 958 69 959 109 960 6 961 162 962 6 963 29 964 162 965 163 966 31 967 10 968 163 969 10 970 223 971 1 972 82 973 164 974 164 975 212 976 1 977 269 978 165 979 27 980 165 981 200 982 27 983 166 984 84 985 82 986 1 987 166 988 82 989 167 990 78 991 16 992 167 993 16 994 204 995 44 996 49 997 168 998 49 999 32 1000 168 1001 16 1002 169 1003 39 1004 169 1005 209 1006 39 1007 6 1008 85 1009 170 1010 85 1011 208 1012 170 1013 10 1014 171 1015 86 1016 171 1017 108 1018 86 1019 55 1020 87 1021 172 1022 87 1023 239 1024 172 1025 173 1026 48 1027 211 1028 173 1029 126 1030 48 1031 174 1032 246 1033 59 1034 42 1035 174 1036 59 1037 274 1038 175 1039 73 1040 175 1041 247 1042 73 1043 55 1044 60 1045 176 1046 55 1047 176 1048 203 1049 58 1050 221 1051 289 1052 275 1053 58 1054 289 1055 30 1056 254 1057 239 1058 178 1059 209 1060 251 1061 213 1062 36 1063 191 1064 179 1065 69 1066 231 1067 242 1068 180 1069 108 1070 207 1071 256 1072 17 1073 84 1074 181 1075 206 1076 181 1077 245 1078 255 1079 32 1080 238 1081 182 1082 180 1083 216 1084 108 1085 236 1086 69 1087 179 1088 183 1089 230 1090 208 1091 184 1092 232 1093 244 1094 251 1095 209 1096 100 1097 241 1098 89 1099 257 1100 254 1101 185 1102 239 1103 186 1104 241 1105 257 1106 47 1107 255 1108 245 1109 187 1110 54 1111 150 1112 187 1113 4 1114 54 1115 252 1116 32 1117 182 1118 188 1119 118 1120 210 1121 244 1122 232 1123 26 1124 189 1125 230 1126 183 1127 190 1128 91 1129 14 1130 14 1131 62 1132 190 1133 191 1134 36 1135 233 1136 249 1137 118 1138 188 1139 93 1140 192 1141 234 1142 277 1143 214 1144 192 1145 104 1146 287 1147 0 1148 104 1149 70 1150 287 1151 284 1152 61 1153 8 1154 284 1155 8 1156 139 1157 105 1158 282 1159 18 1160 105 1161 20 1162 282 1163 102 1164 153 1165 196 1166 196 1167 91 1168 102 1169 83 1170 4 1171 197 1172 77 1173 83 1174 197 1175 280 1176 38 1177 112 1178 280 1179 112 1180 240 1181 278 1182 155 1183 52 1184 52 1185 71 1186 278 1187 200 1188 4 1189 27 1190 4 1191 200 1192 152 1193 201 1194 91 1195 42 1196 42 1197 59 1198 201 1199 202 1200 205 1201 27 1202 27 1203 4 1204 202 1205 103 1206 203 1207 72 1208 55 1209 203 1210 103 1211 204 1212 261 1213 109 1214 162 1215 204 1216 109 1217 202 1218 77 1219 205 1220 205 1221 77 1222 222 1223 125 1224 206 1225 17 1226 206 1227 207 1228 17 1229 181 1230 79 1231 207 1232 181 1233 207 1234 206 1235 236 1236 208 1237 69 1238 85 1239 69 1240 208 1241 178 1242 30 1243 209 1244 39 1245 209 1246 30 1247 168 1248 32 1249 210 1250 252 1251 210 1252 32 1253 211 1254 262 1255 90 1256 160 1257 211 1258 90 1259 1 1260 212 1261 92 1262 212 1263 153 1264 92 1265 213 1266 106 1267 179 1268 179 1269 231 1270 213 1271 65 1272 214 1273 19 1274 198 1275 19 1276 214 1277 279 1278 215 1279 117 1280 96 1281 117 1282 215 1283 216 1284 182 1285 238 1286 216 1287 136 1288 182 1289 217 1290 154 1291 9 1292 146 1293 217 1294 9 1295 272 1296 295 1297 53 1298 300 1299 28 1300 297 1301 28 1302 81 1303 299 1304 63 1305 58 1306 220 1307 220 1308 58 1309 275 1310 221 1311 88 1312 177 1313 25 1314 88 1315 221 1316 205 1317 222 1318 143 1319 123 1320 143 1321 222 1322 62 1323 223 1324 129 1325 10 1326 129 1327 223 1328 139 1329 8 1330 224 1331 94 1332 139 1333 224 1334 225 1335 91 1336 120 1337 120 1338 270 1339 225 1340 226 1341 57 1342 194 1343 145 1344 57 1345 226 1346 294 1347 227 1348 56 1349 290 1350 293 1351 53 1352 276 1353 296 1354 53 1355 122 1356 103 1357 229 1358 229 1359 103 1360 264 1361 29 1362 230 1363 26 1364 189 1365 26 1366 230 1367 213 1368 231 1369 36 1370 161 1371 36 1372 231 1373 232 1374 100 1375 124 1376 184 1377 100 1378 232 1379 21 1380 118 1381 233 1382 249 1383 233 1384 118 1385 111 1386 7 1387 234 1388 271 1389 234 1390 7 1391 54 1392 235 1393 150 1394 158 1395 150 1396 235 1397 183 1398 208 1399 236 1400 183 1401 236 1402 41 1403 278 1404 237 1405 155 1406 237 1407 22 1408 155 1409 86 1410 108 1411 238 1412 108 1413 216 1414 238 1415 239 1416 185 1417 89 1418 172 1419 239 1420 89 1421 240 1422 112 1423 156 1424 110 1425 240 1426 156 1427 241 1428 47 1429 60 1430 47 1431 241 1432 186 1433 17 1434 256 1435 242 1436 31 1437 17 1438 242 1439 18 1440 282 1441 243 1442 147 1443 18 1444 243 1445 244 1446 26 1447 189 1448 131 1449 244 1450 189 1451 84 1452 245 1453 181 1454 37 1455 245 1456 84 1457 121 1458 157 1459 246 1460 59 1461 246 1462 157 1463 73 1464 247 1465 109 1466 247 1467 6 1468 109 1469 235 1470 248 1471 158 1472 44 1473 158 1474 248 1475 191 1476 233 1477 249 1478 137 1479 191 1480 249 1481 114 1482 132 1483 250 1484 250 1485 132 1486 283 1487 251 1488 100 1489 184 1490 251 1491 184 1492 80 1493 252 1494 76 1495 188 1496 188 1497 210 1498 252 1499 40 1500 0 1501 253 1502 0 1503 287 1504 253 1505 178 1506 140 1507 254 1508 178 1509 254 1510 30 1511 186 1512 255 1513 47 1514 255 1515 186 1516 135 1517 256 1518 180 1519 242 1520 43 1521 180 1522 256 1523 74 1524 257 1525 185 1526 257 1527 89 1528 185 1529 130 1530 288 1531 258 1532 66 1533 130 1534 258 1535 159 1536 259 1537 99 1538 24 1539 259 1540 159 1541 157 1542 260 1543 59 1544 201 1545 59 1546 260 1547 109 1548 261 1549 73 1550 200 1551 73 1552 261 1553 211 1554 77 1555 262 1556 262 1557 77 1558 197 1559 62 1560 263 1561 223 1562 263 1563 62 1564 196 1565 264 1566 72 1567 91 1568 103 1569 72 1570 264 1571 119 1572 265 1573 68 1574 68 1575 291 1576 218 1577 2 1578 292 1579 228 1580 290 1581 266 1582 2 1583 99 1584 70 1585 267 1586 267 1587 159 1588 99 1589 127 1590 268 1591 67 1592 268 1593 129 1594 67 1595 175 1596 165 1597 269 1598 269 1599 143 1600 175 1601 270 1602 203 1603 174 1604 225 1605 270 1606 174 1607 271 1608 38 1609 93 1610 93 1611 234 1612 271 1613 272 1614 13 1615 295 1616 56 1617 13 1618 294 1619 91 1620 273 1621 120 1622 72 1623 273 1624 91 1625 165 1626 175 1627 274 1628 274 1629 200 1630 165 1631 154 1632 220 1633 275 1634 275 1635 34 1636 154 1637 81 1638 276 1639 299 1640 296 1641 276 1642 81 1643 277 1644 192 1645 93 1646 93 1647 38 1648 277 1649 199 1650 237 1651 278 1652 278 1653 71 1654 199 1655 52 1656 215 1657 279 1658 279 1659 71 1660 52 1661 198 1662 38 1663 280 1664 280 1665 19 1666 198 1667 112 1668 61 1669 281 1670 281 1671 156 1672 112 1673 282 1674 20 1675 195 1676 282 1677 195 1678 243 1679 105 1680 250 1681 283 1682 283 1683 20 1684 105 1685 284 1686 226 1687 194 1688 194 1689 61 1690 284 1691 99 1692 9 1693 285 1694 285 1695 70 1696 99 1697 8 1698 61 1699 286 1700 286 1701 224 1702 8 1703 287 1704 20 1705 193 1706 287 1707 193 1708 253 1709 288 1710 104 1711 258 1712 288 1713 70 1714 104 1715 289 1716 221 1717 177 1718 177 1719 34 1720 289 1721 56 1722 293 1723 290 1724 265 1725 291 1726 68 1727 291 1728 265 1729 53 1730 266 1731 292 1732 2 1733 292 1734 266 1735 53 1736 227 1737 293 1738 56 1739 293 1740 227 1741 53 1742 294 1743 13 1744 272 1745 294 1746 272 1747 53 1748 13 1749 218 1750 295 1751 295 1752 218 1753 53 1754 296 1755 228 1756 53 1757 228 1758 296 1759 81 1760 297 1761 301 1762 53 1763 301 1764 297 1765 28 1766 119 1767 298 1768 53 1769 119 1770 28 1771 298 1772 299 1773 219 1774 28 1775 53 1776 219 1777 299 1778 53 1779 298 1780 300 1781 298 1782 28 1783 300 1784 219 1785 301 1786 28 1787 301 1788 219 1789 53 1790</p>
        </triangles>
      </mesh>
    </geometry>
    <geometry id="FBXASC227FBXASC130FBXASC189FBXASC227FBXASC131FBXASC170FBXASC227FBXASC131FBXASC131FBXASC227FBXASC131FBXASC1375-lib" name="FBXASC227FBXASC130FBXASC189FBXASC227FBXASC131FBXASC170FBXASC227FBXASC131FBXASC131FBXASC227FBXASC131FBXASC1375Mesh">
      <mesh>
        <source id="FBXASC227FBXASC130FBXASC189FBXASC227FBXASC131FBXASC170FBXASC227FBXASC131FBXASC131FBXASC227FBXASC131FBXASC1375-POSITION">
          <float_array id="FBXASC227FBXASC130FBXASC189FBXASC227FBXASC131FBXASC170FBXASC227FBXASC131FBXASC131FBXASC227FBXASC131FBXASC1375-POSITION-array" count="726">-9.8778e-05 -0.001525591 0.000170273 4.8123e-05 -0.001163386 6.2323e-05 5.0581e-05 -0.001525591 -0.000106731 5.6173e-05 -0.001635827 8.586e-06 -4.8123e-05 -0.001163386 -6.2323e-05 -0.000109492 -0.001525591 -4.429e-05 0.000155473 -0.001525591 0.00012074 3.67e-05 -0.001163386 -6.9664e-05 -5.4811e-05 -0.001525591 -0.000189066 2.8615e-05 -0.00105315 7.3357e-05 -7.6682e-05 -0.001163386 1.7884e-05 0.000196522 -0.001635827 -1.1366e-05 -0.000172129 -0.001525591 9.5508e-05 1.5587e-05 -0.00105315 -7.7182e-05 8.3117e-05 -0.001635827 -0.000178442 -1.1026e-05 -0.001525591 0.000117594 0.000103134 -0.001635827 0.000167671 -1.5587e-05 -0.001163386 7.7182e-05 -0.00019675 -0.001525591 -6.296e-06 0.000115817 -0.001525591 -2.3163e-05 7.6682e-05 -0.001163386 -1.7884e-05 -8.7689e-05 -0.001635827 -0.00017624 -0.000152309 -0.001635827 0.000124708 0.000140517 -0.001525591 -0.000137859 -0.00016567 -0.001525591 -0.000106318 0.00010361 -0.001525591 5.6701e-05 -5.484e-05 -0.00105315 5.6503e-05 -5.6173e-05 -0.001635827 -8.586e-06 5.6173e-05 -0.001537402 8.586e-06 -3.265e-05 -0.001635827 0.000194124 0.00010361 -0.00121063 5.6701e-05 -2.9858e-05 -0.00121063 -0.000114274 -0.000117723 -0.00121063 9.561e-06 -3.5522e-05 -0.001537402 4.4355e-05 3.7643e-05 -0.001525591 0.000193218 -5.3014e-05 -0.00121063 -3.4022e-05 4.9919e-05 -0.001525591 -0.000190416 9.3102e-05 -0.00121063 -7.2678e-05 -3.7848e-05 -0.00121063 0.000111882 -0.000194712 -0.001635827 2.8936e-05 -0.000181992 -0.001635827 -7.5028e-05 5.3014e-05 -0.00121063 3.4022e-05 1.5974e-05 -0.00121063 -6.0933e-05 0.000187984 -0.001525591 5.8412e-05 2.0651e-05 -0.001635827 5.2941e-05 -2.9858e-05 -0.001525591 -0.000114274 0.000155473 -0.001635827 0.00012074 0.000179997 -0.001635827 -7.9694e-05 1.5117e-05 -0.001635827 -0.000196269 -0.00010091 -0.001525591 6.1378e-05 -2.8615e-05 -0.00105315 -7.3357e-05 -5.8685e-05 -0.00121063 2.2892e-05 0.000191334 -0.001525591 -4.6273e-05 7.8615e-05 -0.00105315 4.444e-06 6.7142e-05 -0.00121063 9.717e-05 -9.6327e-05 -0.00121063 -6.8346e-05 -5.6173e-05 -0.001537402 -8.586e-06 3.637e-06 -0.00121063 6.2887e-05 -8.4035e-05 -0.00121063 8.2995e-05 4.2923e-05 -0.001525591 0.000110035 2.4604e-05 -0.00121063 -0.000115519 5.8685e-05 -0.00121063 -2.2892e-05 -7.4178e-05 -0.001163386 -2.6412e-05 -0.000116754 -0.001525591 -1.7845e-05 -0.000144024 -0.001635827 -0.000134191 -7.8615e-05 -0.00105315 -4.444e-06 7.4178e-05 -0.001163386 2.6412e-05 -0.000192464 -0.001525591 -4.1326e-05 -8.7689e-05 -0.001525591 -0.00017624 0.000162875 -0.001525591 -0.000110553 0.000103134 -0.001525591 0.000167671 0 -0.001507832 0 -3.265e-05 -0.001525591 0.000194124 3.5522e-05 -0.001635827 -4.4355e-05 -2.0651e-05 -0.001635827 -5.2941e-05 6.8538e-05 -0.00105315 -3.8764e-05 -3.5522e-05 -0.001635827 4.4355e-05 7.1538e-05 -0.001635827 0.000183391 -6.6787e-05 -0.001635827 0.000185174 -6.789e-06 -0.001163386 -7.8447e-05 0.000113643 -0.001635827 -0.000160733 0.000195393 -0.001635827 2.3907e-05 -3.7848e-05 -0.001525591 0.000111882 0.000118037 -0.00121063 4.17e-06 1.639e-05 -0.00121063 0.000116967 -6.8538e-05 -0.001163386 3.8764e-05 0.000107353 -0.00121063 -4.9248e-05 7.3832e-05 -0.001525591 -9.219e-05 -7.7968e-05 -0.001525591 -8.8718e-05 -2.2892e-05 -0.00121063 -5.8685e-05 -3.4022e-05 -0.00121063 5.3014e-05 5.484e-05 -0.001163386 -5.6503e-05 -6.3732e-05 -0.00105315 -4.6241e-05 -3.67e-05 -0.001163386 6.9664e-05 -0.000186416 -0.001635827 6.3238e-05 0.000195393 -0.001525591 2.3907e-05 -2.0651e-05 -0.001537402 -5.2941e-05 6.3732e-05 -0.00105315 4.6241e-05 2.0651e-05 -0.001537402 5.2941e-05 1.5117e-05 -0.001525591 -0.000196269 -0.000152309 -0.001525591 0.000124708 2.537e-06 -0.001525591 0.000196834 -0.000127594 -0.001635827 0.000149899 -0.000192464 -0.001635827 -4.1326e-05 6.789e-06 -0.00105315 7.8447e-05 0.000107353 -0.001525591 -4.9248e-05 -0.000112344 -0.00121063 3.6452e-05 8.7741e-05 -0.001525591 7.9067e-05 -2.7e-06 -0.001525591 -0.000118079 -8.4035e-05 -0.001525591 8.2995e-05 7.8615e-05 -0.001163386 4.444e-06 -5.5407e-05 -0.00121063 -0.000104308 -0.000109492 -0.00121063 -4.429e-05 2.8615e-05 -0.001163386 7.3357e-05 0.000113643 -0.001525591 -0.000160733 -0.000194712 -0.001525591 2.8936e-05 0.000131415 -0.001525591 0.000146561 -0.000144024 -0.001525591 -0.000134191 -0.000127594 -0.001525591 0.000149899 -0.000117749 -0.001635827 -0.000157751 -2.0171e-05 -0.001525591 -0.000195814 -7.8615e-05 -0.001163386 -4.444e-06 -2.8615e-05 -0.001163386 -7.3357e-05 1.5587e-05 -0.001163386 -7.7182e-05 -6.3732e-05 -0.001163386 -4.6241e-05 6.789e-06 -0.001163386 7.8447e-05 6.3732e-05 -0.001163386 4.6241e-05 3.5522e-05 -0.001537402 -4.4355e-05 -2.0171e-05 -0.001635827 -0.000195814 0.000162875 -0.001635827 -0.000110553 0.000174533 -0.001635827 9.1039e-05 2.537e-06 -0.001635827 0.000196834 -0.000117749 -0.001525591 -0.000157751 0.000196522 -0.001525591 -1.1366e-05 0.000174533 -0.001525591 9.1039e-05 -0.000181992 -0.001525591 -7.5028e-05 0.000179997 -0.001525591 -7.9694e-05 -6.6787e-05 -0.001525591 0.000185174 0.000131415 -0.001635827 0.000146561 0.000191334 -0.001635827 -4.6273e-05 4.9919e-05 -0.001635827 -0.000190416 -0.000172129 -0.001635827 9.5508e-05 -0.00016567 -0.001635827 -0.000106318 4.8739e-05 -0.00121063 -3.9906e-05 2.2892e-05 -0.00121063 5.8685e-05 7.3832e-05 -0.00121063 -9.219e-05 -0.00010091 -0.00121063 6.1378e-05 8.7741e-05 -0.00121063 7.9067e-05 1.639e-05 -0.001525591 0.000116967 5.0581e-05 -0.00121063 -0.000106731 -0.000117723 -0.001525591 9.561e-06 -6.0933e-05 -0.00121063 -1.5974e-05 6.0933e-05 -0.00121063 1.5974e-05 0.000118037 -0.001525591 4.17e-06 2.4604e-05 -0.001525591 -0.000115519 0.000113893 -0.001525591 3.1279e-05 -9.6327e-05 -0.001525591 -6.8346e-05 -6.263e-05 -0.001525591 0.000100138 -0.000112344 -0.001525591 3.6452e-05 6.8538e-05 -0.001163386 -3.8764e-05 -5.484e-05 -0.001163386 5.6503e-05 -9.8778e-05 -0.001635827 0.000170273 -0.00019675 -0.001635827 -6.296e-06 -0.000186416 -0.001525591 6.3238e-05 8.3117e-05 -0.001525591 -0.000178442 7.1538e-05 -0.001525591 0.000183391 -5.4811e-05 -0.001635827 -0.000189066 0.000140517 -0.001635827 -0.000137859 0.000187984 -0.001635827 5.8412e-05 3.7643e-05 -0.001635827 0.000193218 4.2923e-05 -0.00121063 0.000110035 -7.7968e-05 -0.00121063 -8.8718e-05 -6.263e-05 -0.00121063 0.000100138 0.000113893 -0.00121063 3.1279e-05 -1.1026e-05 -0.00121063 0.000117594 0.000115817 -0.00121063 -2.3163e-05 -0.000116754 -0.00121063 -1.7845e-05 -3.67e-05 -0.00105315 6.9664e-05 9.3102e-05 -0.001525591 -7.2678e-05 6.7142e-05 -0.001525591 9.717e-05 -5.5407e-05 -0.001525591 -0.000104308 -7.6682e-05 -0.00105315 1.7884e-05 -3.637e-06 -0.00121063 -6.2887e-05 -2.7e-06 -0.00121063 -0.000118079 -1.5974e-05 -0.00121063 6.0933e-05 -6.789e-06 -0.00105315 -7.8447e-05 6.2887e-05 -0.00121063 -3.637e-06 -4.8739e-05 -0.00121063 3.9906e-05 3.67e-05 -0.00105315 -6.9664e-05 -3.9906e-05 -0.00121063 -4.8739e-05 -6.2887e-05 -0.00121063 3.637e-06 -4.8123e-05 -0.00105315 -6.2323e-05 -6.2887e-05 -0.001163386 3.637e-06 3.4022e-05 -0.001163386 -5.3014e-05 5.484e-05 -0.00105315 -5.6503e-05 3.9906e-05 -0.001163386 4.8739e-05 -3.9906e-05 -0.001163386 -4.8739e-05 -4.8739e-05 -0.001163386 3.9906e-05 4.8739e-05 -0.001163386 -3.9906e-05 -5.8685e-05 -0.001163386 2.2892e-05 3.9906e-05 -0.00121063 4.8739e-05 3.4022e-05 -0.00121063 -5.3014e-05 2.2892e-05 -0.001163386 5.8685e-05 -3.4022e-05 -0.001163386 5.3014e-05 6.2887e-05 -0.001163386 -3.637e-06 -6.8538e-05 -0.00105315 3.8764e-05 4.8123e-05 -0.00105315 6.2323e-05 -6.0933e-05 -0.001163386 -1.5974e-05 1.5974e-05 -0.001163386 -6.0933e-05 -1.5974e-05 -0.001163386 6.0933e-05 6.0933e-05 -0.001163386 1.5974e-05 5.3014e-05 -0.001163386 3.4022e-05 -3.637e-06 -0.001163386 -6.2887e-05 -2.2892e-05 -0.001163386 -5.8685e-05 5.8685e-05 -0.001163386 -2.2892e-05 -7.4178e-05 -0.00105315 -2.6412e-05 3.637e-06 -0.001163386 6.2887e-05 -5.3014e-05 -0.001163386 -3.4022e-05 7.6682e-05 -0.00105315 -1.7884e-05 7.4178e-05 -0.00105315 2.6412e-05 -1.5587e-05 -0.00105315 7.7182e-05 2.5574e-05 -0.001537402 4.2046e-05 4.5848e-05 -0.001537402 -1.7884e-05 -2.3626e-05 -0.001537402 4.3171e-05 -4.92e-05 -0.001537402 1.125e-06 -9.651e-06 -0.001537402 -4.8257e-05 2.3626e-05 -0.001537402 -4.3171e-05 1.125e-06 -0.001537402 4.92e-05 3.8412e-05 -0.001537402 3.0763e-05 -2.5574e-05 -0.001537402 -4.2046e-05 -3.8412e-05 -0.001537402 -3.0763e-05 -4.5848e-05 -0.001537402 1.7884e-05 4.92e-05 -0.001537402 -1.125e-06 -4.6617e-05 -0.001537402 -1.577e-05 4.6617e-05 -0.001537402 1.577e-05 7.435e-06 -0.001537402 -4.8648e-05 -3.6966e-05 -0.001537402 3.2487e-05 3.6966e-05 -0.001537402 -3.2487e-05 -7.435e-06 -0.001537402 4.8648e-05 1.7884e-05 -0.001537402 4.5848e-05 9.651e-06 -0.001537402 4.8257e-05 3.2487e-05 -0.001537402 3.6966e-05</float_array>
          <technique_common>
            <accessor source="#FBXASC227FBXASC130FBXASC189FBXASC227FBXASC131FBXASC170FBXASC227FBXASC131FBXASC131FBXASC227FBXASC131FBXASC1375-POSITION-array" count="242" stride="3">
              <param name="X" type="float"/>
              <param name="Y" type="float"/>
              <param name="Z" type="float"/>
            </accessor>
          </technique_common>
        </source>
        <source id="FBXASC227FBXASC130FBXASC189FBXASC227FBXASC131FBXASC170FBXASC227FBXASC131FBXASC131FBXASC227FBXASC131FBXASC1375-Normal0">
          <float_array id="FBXASC227FBXASC130FBXASC189FBXASC227FBXASC131FBXASC170FBXASC227FBXASC131FBXASC131FBXASC227FBXASC131FBXASC1375-Normal0-array" count="4320">
-1.191542 0.000000 -2.243174
-1.191542 0.000000 -2.243174
-1.676735 0.000000 -1.907920
0.923069 -0.000000 2.366336
0.352473 -0.000000 2.515425
0.923069 -0.000000 2.366336
2.002186 -0.000000 -1.562963
2.002186 -0.000000 -1.562963
2.308661 -0.000000 -1.059097
-0.000000 -2.540000 -0.000000
-0.000000 -2.540000 -0.000000
-0.000000 -2.540000 -0.000000
2.490675 -0.000000 -0.498135
2.538416 -0.000000 0.089681
2.490675 -0.000000 -0.498135
-1.346874 0.000000 2.153492
-1.807199 0.000000 1.784834
-1.346874 0.000000 2.153492
-0.000000 -2.540000 -0.000000
-0.000000 -2.540000 -0.000000
-0.000000 -2.540000 -0.000000
-2.416004 0.000000 0.783917
-2.416004 0.000000 0.783917
-2.531664 0.000000 0.205617
2.449311 -0.000000 0.672663
2.449311 -0.000000 0.672663
2.538416 -0.000000 0.089681
-0.000000 -2.540000 -0.000000
-0.000000 -2.540000 -0.000000
-0.000000 -2.540000 -0.000000
2.473616 -0.000000 -0.576909
2.473616 -0.000000 -0.576909
2.210883 -0.000000 -1.250438
-0.058066 0.000000 -2.539336
0.529110 -0.000000 -2.484279
-0.058066 0.000000 -2.539336
-0.000000 -2.540000 -0.000000
-0.000000 -2.540000 -0.000000
-0.000000 -2.540000 -0.000000
0.000000 2.540000 0.000000
0.000000 2.540000 0.000000
0.000000 2.540000 0.000000
-1.769038 0.000000 1.822664
-1.183876 0.000000 2.247229
-1.769038 0.000000 1.822664
2.535951 -0.000000 0.143358
2.392838 -0.000000 0.852011
2.535951 -0.000000 0.143358
-2.535951 0.000000 -0.143358
-2.392838 0.000000 -0.852011
-2.535951 0.000000 -0.143358
-2.510841 0.000000 -0.383767
-2.354658 0.000000 -0.952462
-2.510841 0.000000 -0.383767
-0.000000 -2.540000 -0.000000
-0.000000 -2.540000 -0.000000
-0.000000 -2.540000 -0.000000
-0.000000 -2.540000 -0.000000
-0.000000 -2.540000 -0.000000
-0.000000 -2.540000 -0.000000
-0.000000 -2.540000 -0.000000
-0.000000 -2.540000 -0.000000
-0.000000 -2.540000 -0.000000
-1.807199 0.000000 1.784834
-1.807199 0.000000 1.784834
-1.346874 0.000000 2.153492
0.502803 -0.000000 -2.489737
-0.219004 0.000000 -2.530541
0.502803 -0.000000 -2.489737
-2.392838 0.000000 -0.852011
-2.055872 0.000000 -1.491639
-2.392838 0.000000 -0.852011
1.813122 -0.000000 -1.778816
2.101604 -0.000000 -1.426485
1.813122 -0.000000 -1.778816
1.072477 -0.000000 -2.302475
1.072477 -0.000000 -2.302475
1.466365 -0.000000 -2.073976
0.485709 -0.000000 2.493128
0.485709 -0.000000 2.493128
0.032738 -0.000000 2.539789
0.000000 2.540000 0.000000
0.000000 2.540000 0.000000
0.000000 2.540000 0.000000
2.425600 -0.000000 0.753702
2.252041 -0.000000 1.174697
2.425600 -0.000000 0.753702
0.923069 -0.000000 2.366336
1.330760 -0.000000 2.163487
0.923069 -0.000000 2.366336
0.923069 -0.000000 2.366336
0.219004 -0.000000 2.530541
0.923069 -0.000000 2.366336
0.352473 -0.000000 2.515425
0.352473 -0.000000 2.515425
0.923069 -0.000000 2.366336
0.000000 2.540000 0.000000
0.000000 2.540000 0.000000
0.000000 2.540000 0.000000
0.000000 2.540000 0.000000
0.000000 2.540000 0.000000
0.000000 2.540000 0.000000
2.535763 -0.000000 -0.146653
2.521198 -0.000000 0.308482
2.535763 -0.000000 -0.146653
2.468826 -0.000000 -0.597074
2.322540 -0.000000 -1.028304
2.468826 -0.000000 -0.597074
1.087762 -0.000000 -2.295294
1.587772 -0.000000 -1.982569
1.087762 -0.000000 -2.295294
1.769038 -0.000000 -1.822664
2.210883 -0.000000 -1.250438
1.769038 -0.000000 -1.822664
-0.707236 0.000000 -2.439553
-0.260272 0.000000 -2.526630
-0.707236 0.000000 -2.439553
-1.519336 0.000000 -2.035489
-1.858371 0.000000 -1.731490
-1.519336 0.000000 -2.035489
-2.405366 0.000000 0.815974
-2.512409 0.000000 0.373366
-2.405366 0.000000 0.815974
-1.965275 0.000000 1.609128
-1.965275 0.000000 1.609128
-1.646371 0.000000 1.934183
0.000000 2.540000 0.000000
0.000000 2.540000 0.000000
0.000000 2.540000 0.000000
0.000000 2.540000 0.000000
0.000000 2.540000 0.000000
0.000000 2.540000 0.000000
-2.538700 0.000000 -0.081242
-2.483396 0.000000 -0.533239
-2.538700 0.000000 -0.081242
0.000000 2.540000 0.000000
0.000000 2.540000 0.000000
0.000000 2.540000 0.000000
0.000000 2.540000 0.000000
0.000000 2.540000 0.000000
0.000000 2.540000 0.000000
0.000000 2.540000 0.000000
0.000000 2.540000 0.000000
0.000000 2.540000 0.000000
0.000000 2.540000 0.000000
0.000000 2.540000 0.000000
0.000000 2.540000 0.000000
-0.502803 0.000000 2.489737
-1.183876 0.000000 2.247229
-0.502803 0.000000 2.489737
-0.000000 -2.540000 -0.000000
-0.000000 -2.540000 -0.000000
-0.000000 -2.540000 -0.000000
2.366336 -0.000000 -0.923069
2.366336 -0.000000 -0.923069
2.366336 -0.000000 -0.923069
-0.383767 0.000000 2.510841
-0.383767 0.000000 2.510841
-0.383767 0.000000 2.510841
-0.000000 -2.540000 -0.000000
-0.000000 -2.540000 -0.000000
-0.000000 -2.540000 -0.000000
-1.274552 0.000000 2.197070
-1.646371 0.000000 1.934183
-1.274552 0.000000 2.197070
-0.421285 0.000000 2.504819
0.032738 -0.000000 2.539789
-0.421285 0.000000 2.504819
2.456972 -0.000000 0.644119
2.456972 -0.000000 0.644119
2.535763 -0.000000 -0.146653
1.609128 -0.000000 1.965275
1.609128 -0.000000 1.965275
0.923069 -0.000000 2.366336
-1.676735 0.000000 -1.907920
-1.191542 0.000000 -2.243174
-1.676735 0.000000 -1.907920
0.000000 2.540000 0.000000
0.000000 2.540000 0.000000
0.000000 2.540000 0.000000
0.000000 2.540000 0.000000
0.000000 2.540000 0.000000
0.000000 2.540000 0.000000
0.000000 2.540000 0.000000
0.000000 2.540000 0.000000
0.000000 2.540000 0.000000
-1.982569 0.000000 -1.587772
-1.982569 0.000000 -1.587772
-1.982569 0.000000 -1.587772
-0.383767 0.000000 2.510841
-0.383767 0.000000 2.510841
-0.383767 0.000000 2.510841
0.000000 2.540000 0.000000
0.000000 2.540000 0.000000
0.000000 2.540000 0.000000
0.000000 2.540000 0.000000
0.000000 2.540000 0.000000
0.000000 2.540000 0.000000
-2.456972 0.000000 -0.644119
-2.535763 0.000000 0.146653
-2.456972 0.000000 -0.644119
-1.609128 0.000000 -1.965275
-1.609128 0.000000 -1.965275
-0.923069 0.000000 -2.366336
0.000000 2.540000 0.000000
0.000000 2.540000 0.000000
0.000000 2.540000 0.000000
0.195058 -0.000000 -2.532499
0.195058 -0.000000 -2.532499
-0.260272 0.000000 -2.526630
0.000000 2.540000 0.000000
0.000000 2.540000 0.000000
0.000000 2.540000 0.000000
0.000000 2.540000 0.000000
0.000000 2.540000 0.000000
0.000000 2.540000 0.000000
0.000000 2.540000 0.000000
0.000000 2.540000 0.000000
0.000000 2.540000 0.000000
0.000000 2.540000 0.000000
0.000000 2.540000 0.000000
0.000000 2.540000 0.000000
-2.221013 0.000000 1.232356
-2.221013 0.000000 1.232356
-2.405366 0.000000 0.815974
-0.000000 -2.540000 -0.000000
-0.000000 -2.540000 -0.000000
-0.000000 -2.540000 -0.000000
-2.137676 0.000000 -1.371840
-2.137676 0.000000 -1.371840
-1.858371 0.000000 -1.731490
-2.137676 0.000000 -1.371840
-2.348274 0.000000 -0.968097
-2.137676 0.000000 -1.371840
0.000000 2.540000 0.000000
0.000000 2.540000 0.000000
0.000000 2.540000 0.000000
0.000000 2.540000 0.000000
0.000000 2.540000 0.000000
0.000000 2.540000 0.000000
-0.146653 0.000000 -2.535763
0.644119 -0.000000 -2.456972
-0.146653 0.000000 -2.535763
1.371840 -0.000000 -2.137676
1.371840 -0.000000 -2.137676
1.965275 -0.000000 -1.609128
0.000000 2.540000 0.000000
0.000000 2.540000 0.000000
0.000000 2.540000 0.000000
2.006099 -0.000000 1.557937
2.006099 -0.000000 1.557937
2.252041 -0.000000 1.174697
-1.982569 0.000000 -1.587772
-1.982569 0.000000 -1.587772
-1.982569 0.000000 -1.587772
-0.000000 -2.540000 -0.000000
-0.000000 -2.540000 -0.000000
-0.000000 -2.540000 -0.000000
0.529110 -0.000000 -2.484279
0.529110 -0.000000 -2.484279
-0.058066 0.000000 -2.539336
0.000000 2.540000 0.000000
0.000000 2.540000 0.000000
0.000000 2.540000 0.000000
-0.000000 -2.540000 -0.000000
-0.000000 -2.540000 -0.000000
-0.000000 -2.540000 -0.000000
2.006099 -0.000000 1.557937
2.006099 -0.000000 1.557937
1.695680 -0.000000 1.891103
-0.000000 -2.540000 -0.000000
-0.000000 -2.540000 -0.000000
-0.000000 -2.540000 -0.000000
2.322540 -0.000000 -1.028304
2.322540 -0.000000 -1.028304
2.468826 -0.000000 -0.597074
0.195058 -0.000000 -2.532499
0.195058 -0.000000 -2.532499
0.644119 -0.000000 -2.456972
-0.000000 -2.540000 -0.000000
-0.000000 -2.540000 -0.000000
-0.000000 -2.540000 -0.000000
0.000000 2.540000 0.000000
0.000000 2.540000 0.000000
0.000000 2.540000 0.000000
0.000000 2.540000 0.000000
0.000000 2.540000 0.000000
0.000000 2.540000 0.000000
0.000000 2.540000 0.000000
0.000000 2.540000 0.000000
0.000000 2.540000 0.000000
-0.219004 0.000000 -2.530541
-0.219004 0.000000 -2.530541
0.502803 -0.000000 -2.489737
-2.535763 0.000000 0.146653
-2.535763 0.000000 0.146653
-2.456972 0.000000 -0.644119
-1.371840 0.000000 2.137676
-1.965275 0.000000 1.609128
-1.371840 0.000000 2.137676
0.000000 2.540000 0.000000
0.000000 2.540000 0.000000
0.000000 2.540000 0.000000
0.000000 2.540000 0.000000
0.000000 2.540000 0.000000
0.000000 2.540000 0.000000
0.000000 2.540000 0.000000
0.000000 2.540000 0.000000
0.000000 2.540000 0.000000
1.552352 -0.000000 2.010424
1.552352 -0.000000 2.010424
2.055872 -0.000000 1.491639
0.000000 2.540000 0.000000
0.000000 2.540000 0.000000
0.000000 2.540000 0.000000
1.886894 -0.000000 1.700362
1.443902 -0.000000 2.089676
1.886894 -0.000000 1.700362
0.000000 2.540000 0.000000
0.000000 2.540000 0.000000
0.000000 2.540000 0.000000
0.000000 2.540000 0.000000
0.000000 2.540000 0.000000
0.000000 2.540000 0.000000
1.218753 -2.177205 -0.475416
1.307855 -2.177205 -0.029906
1.282792 -2.177205 -0.256559
2.366336 -0.000000 -0.923069
2.366336 -0.000000 -0.923069
2.366336 -0.000000 -0.923069
-1.371840 0.000000 2.137676
-1.371840 0.000000 2.137676
-0.644119 0.000000 2.456972
0.146653 -0.000000 2.535763
0.146653 -0.000000 2.535763
0.923069 -0.000000 2.366336
-2.170096 0.000000 1.319955
-2.416004 0.000000 0.783917
-2.170096 0.000000 1.319955
0.000000 2.540000 0.000000
0.000000 2.540000 0.000000
0.000000 2.540000 0.000000
1.443902 -0.000000 2.089676
1.443902 -0.000000 2.089676
1.886894 -0.000000 1.700362
0.000000 2.540000 0.000000
0.000000 2.540000 0.000000
0.000000 2.540000 0.000000
0.000000 2.540000 0.000000
0.000000 2.540000 0.000000
0.000000 2.540000 0.000000
0.000000 2.540000 0.000000
0.000000 2.540000 0.000000
0.000000 2.540000 0.000000
2.535763 -0.000000 -0.146653
2.456972 -0.000000 0.644119
2.535763 -0.000000 -0.146653
2.366336 -0.000000 -0.923069
2.366336 -0.000000 -0.923069
1.965275 -0.000000 -1.609128
-1.552352 0.000000 -2.010424
-2.055872 0.000000 -1.491639
-1.552352 0.000000 -2.010424
-2.137676 0.000000 -1.371840
-1.609128 0.000000 -1.965275
-2.137676 0.000000 -1.371840
-2.354658 0.000000 -0.952462
-2.354658 0.000000 -0.952462
-2.510841 0.000000 -0.383767
0.000000 2.540000 0.000000
0.000000 2.540000 0.000000
0.000000 2.540000 0.000000
-0.000000 -2.540000 -0.000000
-0.000000 -2.540000 -0.000000
-0.000000 -2.540000 -0.000000
-1.131469 0.000000 -2.274066
-1.519336 0.000000 -2.035489
-1.131469 0.000000 -2.274066
-2.473616 0.000000 0.576909
-2.473616 0.000000 0.576909
-2.210883 0.000000 1.250438
0.000000 2.540000 0.000000
0.000000 2.540000 0.000000
0.000000 2.540000 0.000000
2.137676 -0.000000 1.371840
1.609128 -0.000000 1.965275
2.137676 -0.000000 1.371840
2.055872 -0.000000 1.491639
1.552352 -0.000000 2.010424
2.055872 -0.000000 1.491639
0.000000 2.540000 0.000000
0.000000 2.540000 0.000000
0.000000 2.540000 0.000000
-2.483396 0.000000 -0.533239
-2.483396 0.000000 -0.533239
-2.538700 0.000000 -0.081242
0.000000 2.540000 0.000000
0.000000 2.540000 0.000000
0.000000 2.540000 0.000000
-1.131469 0.000000 -2.274066
-1.131469 0.000000 -2.274066
-0.707236 0.000000 -2.439553
2.101604 -0.000000 -1.426485
2.101604 -0.000000 -1.426485
1.813122 -0.000000 -1.778816
0.000000 2.540000 0.000000
0.000000 2.540000 0.000000
0.000000 2.540000 0.000000
1.330760 -0.000000 2.163487
1.695680 -0.000000 1.891103
1.330760 -0.000000 2.163487
0.000000 2.540000 0.000000
0.000000 2.540000 0.000000
0.000000 2.540000 0.000000
-0.197655 -2.177205 1.293179
-0.628028 -2.177205 1.147589
-0.419210 -2.177205 1.239210
-1.021098 -2.177205 -0.817763
-0.863583 -2.177205 -0.982651
-0.863583 -2.177205 -0.982651
0.000000 2.540000 0.000000
0.000000 2.540000 0.000000
0.000000 2.540000 0.000000
-0.861767 0.000000 2.389343
-0.861767 0.000000 2.389343
-1.274552 0.000000 2.197070
-2.366336 0.000000 0.923069
-2.366336 0.000000 0.923069
-2.366336 0.000000 0.923069
-0.000000 -2.540000 -0.000000
-0.000000 -2.540000 -0.000000
-0.000000 -2.540000 -0.000000
1.982569 -0.000000 1.587772
1.982569 -0.000000 1.587772
1.982569 -0.000000 1.587772
-0.000000 -2.540000 -0.000000
-0.000000 -2.540000 -0.000000
-0.000000 -2.540000 -0.000000
0.000000 2.540000 0.000000
0.000000 2.540000 0.000000
0.000000 2.540000 0.000000
1.769038 -0.000000 -1.822664
1.769038 -0.000000 -1.822664
1.183876 -0.000000 -2.247229
-0.000000 -2.540000 -0.000000
-0.000000 -2.540000 -0.000000
-0.000000 -2.540000 -0.000000
0.383767 -0.000000 -2.510841
0.383767 -0.000000 -2.510841
0.383767 -0.000000 -2.510841
-0.000000 -2.540000 -0.000000
-0.000000 -2.540000 -0.000000
-0.000000 -2.540000 -0.000000
1.330760 -0.000000 2.163487
1.330760 -0.000000 2.163487
0.923069 -0.000000 2.366336
-0.000000 -2.540000 -0.000000
-0.000000 -2.540000 -0.000000
-0.000000 -2.540000 -0.000000
-0.861767 0.000000 2.389343
-0.421285 0.000000 2.504819
-0.861767 0.000000 2.389343
-0.923069 0.000000 -2.366336
-1.552352 0.000000 -2.010424
-0.923069 0.000000 -2.366336
-0.923069 0.000000 -2.366336
-1.609128 0.000000 -1.965275
-0.923069 0.000000 -2.366336
1.466365 -0.000000 -2.073976
1.072477 -0.000000 -2.302475
1.466365 -0.000000 -2.073976
-0.000000 -2.540000 -0.000000
-0.000000 -2.540000 -0.000000
-0.000000 -2.540000 -0.000000
-0.000000 -2.540000 -0.000000
-0.000000 -2.540000 -0.000000
-0.000000 -2.540000 -0.000000
2.521198 -0.000000 0.308482
2.521198 -0.000000 0.308482
2.535763 -0.000000 -0.146653
-0.813940 0.000000 2.406055
-0.813940 0.000000 2.406055
-0.237125 0.000000 2.528907
0.000000 2.540000 0.000000
0.000000 2.540000 0.000000
0.000000 2.540000 0.000000
0.000000 2.540000 0.000000
0.000000 2.540000 0.000000
0.000000 2.540000 0.000000
2.449311 -0.000000 0.672663
2.228163 -0.000000 1.219381
2.449311 -0.000000 0.672663
-0.237125 0.000000 2.528907
-0.813940 0.000000 2.406055
-0.237125 0.000000 2.528907
0.000000 2.540000 0.000000
0.000000 2.540000 0.000000
0.000000 2.540000 0.000000
-1.965275 0.000000 1.609128
-2.366336 0.000000 0.923069
-1.965275 0.000000 1.609128
-2.210883 0.000000 1.250438
-2.473616 0.000000 0.576909
-2.210883 0.000000 1.250438
0.000000 2.540000 0.000000
0.000000 2.540000 0.000000
0.000000 2.540000 0.000000
2.308661 -0.000000 -1.059097
2.002186 -0.000000 -1.562963
2.308661 -0.000000 -1.059097
1.587772 -0.000000 -1.982569
1.587772 -0.000000 -1.982569
1.087762 -0.000000 -2.295294
0.000000 2.540000 0.000000
0.000000 2.540000 0.000000
0.000000 2.540000 0.000000
0.000000 2.540000 0.000000
0.000000 2.540000 0.000000
0.000000 2.540000 0.000000
-1.676735 0.000000 -1.907920
-1.676735 0.000000 -1.907920
-2.071535 0.000000 -1.469810
0.000000 2.540000 0.000000
0.000000 2.540000 0.000000
0.000000 2.540000 0.000000
0.644119 -0.000000 -2.456972
0.644119 -0.000000 -2.456972
-0.146653 0.000000 -2.535763
0.000000 2.540000 0.000000
0.000000 2.540000 0.000000
0.000000 2.540000 0.000000
-2.366336 0.000000 0.923069
-2.366336 0.000000 0.923069
-1.965275 0.000000 1.609128
1.965275 -0.000000 -1.609128
1.371840 -0.000000 -2.137676
1.965275 -0.000000 -1.609128
1.183876 -0.000000 -2.247229
1.769038 -0.000000 -1.822664
1.183876 -0.000000 -2.247229
0.000000 2.540000 0.000000
0.000000 2.540000 0.000000
0.000000 2.540000 0.000000
-1.552352 0.000000 -2.010424
-1.552352 0.000000 -2.010424
-0.923069 0.000000 -2.366336
-0.644119 0.000000 2.456972
-1.371840 0.000000 2.137676
-0.644119 0.000000 2.456972
-1.183876 0.000000 2.247229
-1.183876 0.000000 2.247229
-0.502803 0.000000 2.489737
-2.512409 0.000000 0.373366
-2.512409 0.000000 0.373366
-2.405366 0.000000 0.815974
-0.000000 -2.540000 -0.000000
-0.000000 -2.540000 -0.000000
-0.000000 -2.540000 -0.000000
0.000000 2.540000 0.000000
0.000000 2.540000 0.000000
0.000000 2.540000 0.000000
2.521198 -0.000000 0.308482
2.425600 -0.000000 0.753702
2.521198 -0.000000 0.308482
1.982569 -0.000000 1.587772
1.982569 -0.000000 1.587772
1.982569 -0.000000 1.587772
1.021098 -2.177205 0.817763
0.679827 -2.177205 1.117682
0.863583 -2.177205 0.982651
0.000000 2.540000 0.000000
0.000000 2.540000 0.000000
0.000000 2.540000 0.000000
2.392838 -0.000000 0.852011
2.392838 -0.000000 0.852011
2.535951 -0.000000 0.143358
0.197655 -2.177205 -1.293179
0.628028 -2.177205 -1.147589
0.419210 -2.177205 -1.239210
0.383767 -0.000000 -2.510841
0.383767 -0.000000 -2.510841
0.383767 -0.000000 -2.510841
0.000000 2.540000 0.000000
0.000000 2.540000 0.000000
0.000000 2.540000 0.000000
0.644119 -0.000000 -2.456972
0.195058 -0.000000 -2.532499
0.644119 -0.000000 -2.456972
0.000000 2.540000 0.000000
0.000000 2.540000 0.000000
0.000000 2.540000 0.000000
-2.221013 0.000000 1.232356
-1.965275 0.000000 1.609128
-2.221013 0.000000 1.232356
0.000000 2.540000 0.000000
0.000000 2.540000 0.000000
0.000000 2.540000 0.000000
0.032738 -0.000000 2.539789
0.485709 -0.000000 2.493128
0.032738 -0.000000 2.539789
-0.000000 -2.540000 -0.000000
-0.000000 -2.540000 -0.000000
-0.000000 -2.540000 -0.000000
-1.646371 0.000000 1.934183
-1.965275 0.000000 1.609128
-1.646371 0.000000 1.934183
-0.000000 -2.540000 -0.000000
-0.000000 -2.540000 -0.000000
-0.000000 -2.540000 -0.000000
-2.483396 0.000000 -0.533239
-2.348274 0.000000 -0.968097
-2.483396 0.000000 -0.533239
0.000000 2.540000 0.000000
0.000000 2.540000 0.000000
0.000000 2.540000 0.000000
0.219004 -0.000000 2.530541
0.219004 -0.000000 2.530541
0.923069 -0.000000 2.366336
0.000000 2.540000 0.000000
0.000000 2.540000 0.000000
0.000000 2.540000 0.000000
2.308661 -0.000000 -1.059097
2.490675 -0.000000 -0.498135
2.308661 -0.000000 -1.059097
-2.531664 0.000000 0.205617
-2.416004 0.000000 0.783917
-2.531664 0.000000 0.205617
0.000000 2.540000 0.000000
0.000000 2.540000 0.000000
0.000000 2.540000 0.000000
1.886894 -0.000000 1.700362
1.886894 -0.000000 1.700362
2.228163 -0.000000 1.219381
0.000000 2.540000 0.000000
0.000000 2.540000 0.000000
0.000000 2.540000 0.000000
0.000000 2.540000 0.000000
0.000000 2.540000 0.000000
0.000000 2.540000 0.000000
-0.642112 0.000000 -2.457497
-0.058066 0.000000 -2.539336
-0.642112 0.000000 -2.457497
0.000000 2.540000 0.000000
0.000000 2.540000 0.000000
0.000000 2.540000 0.000000
-2.170096 0.000000 1.319955
-2.170096 0.000000 1.319955
-1.807199 0.000000 1.784834
2.366336 -0.000000 -0.923069
2.535763 -0.000000 -0.146653
2.366336 -0.000000 -0.923069
2.535951 -0.000000 0.143358
2.535951 -0.000000 0.143358
2.473616 -0.000000 -0.576909
-0.642112 0.000000 -2.457497
-1.191542 0.000000 -2.243174
-0.642112 0.000000 -2.457497
0.000000 2.540000 0.000000
0.000000 2.540000 0.000000
0.000000 2.540000 0.000000
0.000000 2.540000 0.000000
0.000000 2.540000 0.000000
0.000000 2.540000 0.000000
-2.354658 0.000000 -0.952462
-2.071535 0.000000 -1.469810
-2.354658 0.000000 -0.952462
0.923069 -0.000000 2.366336
1.609128 -0.000000 1.965275
0.923069 -0.000000 2.366336
1.552352 -0.000000 2.010424
0.923069 -0.000000 2.366336
1.552352 -0.000000 2.010424
0.000000 2.540000 0.000000
0.000000 2.540000 0.000000
0.000000 2.540000 0.000000
1.466365 -0.000000 -2.073976
1.466365 -0.000000 -2.073976
1.813122 -0.000000 -1.778816
0.000000 2.540000 0.000000
0.000000 2.540000 0.000000
0.000000 2.540000 0.000000
-2.512409 0.000000 0.373366
-2.538700 0.000000 -0.081242
-2.512409 0.000000 0.373366
0.000000 2.540000 0.000000
0.000000 2.540000 0.000000
0.000000 2.540000 0.000000
1.695680 -0.000000 1.891103
2.006099 -0.000000 1.557937
1.695680 -0.000000 1.891103
-1.858371 0.000000 -1.731490
-2.137676 0.000000 -1.371840
-1.858371 0.000000 -1.731490
0.000000 2.540000 0.000000
0.000000 2.540000 0.000000
0.000000 2.540000 0.000000
-1.646371 0.000000 1.934183
-1.646371 0.000000 1.934183
-1.274552 0.000000 2.197070
0.000000 2.540000 0.000000
0.000000 2.540000 0.000000
0.000000 2.540000 0.000000
-1.858371 0.000000 -1.731490
-1.858371 0.000000 -1.731490
-1.519336 0.000000 -2.035489
-0.000000 -2.540000 -0.000000
-0.000000 -2.540000 -0.000000
-0.000000 -2.540000 -0.000000
0.000000 2.540000 0.000000
0.000000 2.540000 0.000000
0.000000 2.540000 0.000000
-0.260272 0.000000 -2.526630
-0.260272 0.000000 -2.526630
-0.707236 0.000000 -2.439553
-2.366336 0.000000 0.923069
-2.535763 0.000000 0.146653
-2.366336 0.000000 0.923069
-2.473616 0.000000 0.576909
-2.535951 0.000000 -0.143358
-2.473616 0.000000 0.576909
-0.219004 0.000000 -2.530541
-0.219004 0.000000 -2.530541
-0.923069 0.000000 -2.366336
-0.923069 0.000000 -2.366336
-0.146653 0.000000 -2.535763
-0.923069 0.000000 -2.366336
0.502803 -0.000000 -2.489737
1.183876 -0.000000 -2.247229
0.502803 -0.000000 -2.489737
0.644119 -0.000000 -2.456972
1.371840 -0.000000 -2.137676
0.644119 -0.000000 -2.456972
-2.137676 0.000000 -1.371840
-2.137676 0.000000 -1.371840
-2.456972 0.000000 -0.644119
-2.055872 0.000000 -1.491639
-2.055872 0.000000 -1.491639
-2.392838 0.000000 -0.852011
0.146653 -0.000000 2.535763
-0.644119 0.000000 2.456972
0.146653 -0.000000 2.535763
0.219004 -0.000000 2.530541
-0.502803 0.000000 2.489737
0.219004 -0.000000 2.530541
2.055872 -0.000000 1.491639
2.392838 -0.000000 0.852011
2.055872 -0.000000 1.491639
2.456972 -0.000000 0.644119
2.137676 -0.000000 1.371840
2.456972 -0.000000 0.644119
-2.366336 0.000000 0.923069
-2.366336 0.000000 0.923069
-2.366336 0.000000 0.923069
-0.982651 -2.177205 0.863583
-1.218753 -2.177205 0.475416
-1.117682 -2.177205 0.679827
-0.000000 -2.540000 -0.000000
-0.000000 -2.540000 -0.000000
-0.000000 -2.540000 -0.000000
-0.260272 0.000000 -2.526630
0.195058 -0.000000 -2.532499
-0.260272 0.000000 -2.526630
-0.000000 -2.540000 -0.000000
-0.000000 -2.540000 -0.000000
-0.000000 -2.540000 -0.000000
2.101604 -0.000000 -1.426485
2.322540 -0.000000 -1.028304
2.101604 -0.000000 -1.426485
2.252041 -0.000000 1.174697
2.006099 -0.000000 1.557937
2.252041 -0.000000 1.174697
-0.000000 -2.540000 -0.000000
-0.000000 -2.540000 -0.000000
-0.000000 -2.540000 -0.000000
0.032738 -0.000000 2.539789
0.032738 -0.000000 2.539789
-0.421285 0.000000 2.504819
-0.000000 -2.540000 -0.000000
-0.000000 -2.540000 -0.000000
-0.000000 -2.540000 -0.000000
-1.519336 0.000000 -2.035489
-1.519336 0.000000 -2.035489
-1.131469 0.000000 -2.274066
0.000000 2.540000 0.000000
0.000000 2.540000 0.000000
0.000000 2.540000 0.000000
2.535763 -0.000000 -0.146653
2.468826 -0.000000 -0.597074
2.535763 -0.000000 -0.146653
0.000000 2.540000 0.000000
0.000000 2.540000 0.000000
0.000000 2.540000 0.000000
2.252041 -0.000000 1.174697
2.252041 -0.000000 1.174697
2.425600 -0.000000 0.753702
0.000000 2.540000 0.000000
0.000000 2.540000 0.000000
0.000000 2.540000 0.000000
-2.348274 0.000000 -0.968097
-2.348274 0.000000 -0.968097
-2.483396 0.000000 -0.533239
0.000000 2.540000 0.000000
0.000000 2.540000 0.000000
0.000000 2.540000 0.000000
2.322540 -0.000000 -1.028304
2.322540 -0.000000 -1.028304
2.101604 -0.000000 -1.426485
0.000000 2.540000 0.000000
0.000000 2.540000 0.000000
0.000000 2.540000 0.000000
0.000000 2.540000 0.000000
0.000000 2.540000 0.000000
0.000000 2.540000 0.000000
-0.421285 0.000000 2.504819
-0.421285 0.000000 2.504819
-0.861767 0.000000 2.389343
1.695680 -0.000000 1.891103
1.695680 -0.000000 1.891103
1.330760 -0.000000 2.163487
-0.000000 -2.540000 -0.000000
-0.000000 -2.540000 -0.000000
-0.000000 -2.540000 -0.000000
-0.000000 -2.540000 -0.000000
-0.000000 -2.540000 -0.000000
-0.000000 -2.540000 -0.000000
2.468826 -0.000000 -0.597074
2.468826 -0.000000 -0.597074
2.535763 -0.000000 -0.146653
-0.000000 -2.540000 -0.000000
-0.000000 -2.540000 -0.000000
-0.000000 -2.540000 -0.000000
0.644119 -0.000000 -2.456972
0.644119 -0.000000 -2.456972
1.072477 -0.000000 -2.302475
-0.000000 -2.540000 -0.000000
-0.000000 -2.540000 -0.000000
-0.000000 -2.540000 -0.000000
-1.965275 0.000000 1.609128
-1.965275 0.000000 1.609128
-2.221013 0.000000 1.232356
-0.000000 -2.540000 -0.000000
-0.000000 -2.540000 -0.000000
-0.000000 -2.540000 -0.000000
-2.348274 0.000000 -0.968097
-2.348274 0.000000 -0.968097
-2.137676 0.000000 -1.371840
0.000000 2.540000 0.000000
0.000000 2.540000 0.000000
0.000000 2.540000 0.000000
1.965275 -0.000000 -1.609128
2.366336 -0.000000 -0.923069
1.965275 -0.000000 -1.609128
0.000000 2.540000 0.000000
0.000000 2.540000 0.000000
0.000000 2.540000 0.000000
0.923069 -0.000000 2.366336
0.146653 -0.000000 2.535763
0.923069 -0.000000 2.366336
1.587772 -0.000000 -1.982569
2.002186 -0.000000 -1.562963
1.587772 -0.000000 -1.982569
0.000000 2.540000 0.000000
0.000000 2.540000 0.000000
0.000000 2.540000 0.000000
-1.807199 0.000000 1.784834
-2.170096 0.000000 1.319955
-1.807199 0.000000 1.784834
0.000000 2.540000 0.000000
0.000000 2.540000 0.000000
0.000000 2.540000 0.000000
0.000000 2.540000 0.000000
0.000000 2.540000 0.000000
0.000000 2.540000 0.000000
2.228163 -0.000000 1.219381
1.886894 -0.000000 1.700362
2.228163 -0.000000 1.219381
0.000000 2.540000 0.000000
0.000000 2.540000 0.000000
0.000000 2.540000 0.000000
0.352473 -0.000000 2.515425
-0.237125 0.000000 2.528907
0.352473 -0.000000 2.515425
0.529110 -0.000000 -2.484279
1.087762 -0.000000 -2.295294
0.529110 -0.000000 -2.484279
0.000000 2.540000 0.000000
0.000000 2.540000 0.000000
0.000000 2.540000 0.000000
-2.531664 0.000000 0.205617
-2.510841 0.000000 -0.383767
-2.531664 0.000000 0.205617
0.000000 2.540000 0.000000
0.000000 2.540000 0.000000
0.000000 2.540000 0.000000
0.000000 2.540000 0.000000
0.000000 2.540000 0.000000
0.000000 2.540000 0.000000
-2.456972 0.000000 -0.644119
-2.137676 0.000000 -1.371840
-2.456972 0.000000 -0.644119
0.000000 2.540000 0.000000
0.000000 2.540000 0.000000
0.000000 2.540000 0.000000
2.137676 -0.000000 1.371840
2.137676 -0.000000 1.371840
2.456972 -0.000000 0.644119
2.538416 -0.000000 0.089681
2.538416 -0.000000 0.089681
2.490675 -0.000000 -0.498135
0.000000 2.540000 0.000000
0.000000 2.540000 0.000000
0.000000 2.540000 0.000000
0.000000 2.540000 0.000000
0.000000 2.540000 0.000000
0.000000 2.540000 0.000000
1.087762 -0.000000 -2.295294
1.087762 -0.000000 -2.295294
0.529110 -0.000000 -2.484279
2.228163 -0.000000 1.219381
2.228163 -0.000000 1.219381
2.449311 -0.000000 0.672663
0.000000 2.540000 0.000000
0.000000 2.540000 0.000000
0.000000 2.540000 0.000000
0.000000 2.540000 0.000000
0.000000 2.540000 0.000000
0.000000 2.540000 0.000000
-2.071535 0.000000 -1.469810
-2.071535 0.000000 -1.469810
-2.354658 0.000000 -0.952462
0.000000 2.540000 0.000000
0.000000 2.540000 0.000000
0.000000 2.540000 0.000000
-1.346874 0.000000 2.153492
-1.346874 0.000000 2.153492
-0.813940 0.000000 2.406055
0.000000 2.540000 0.000000
0.000000 2.540000 0.000000
0.000000 2.540000 0.000000
-2.416004 0.000000 0.783917
-2.416004 0.000000 0.783917
-2.170096 0.000000 1.319955
2.210883 -0.000000 -1.250438
2.473616 -0.000000 -0.576909
2.210883 -0.000000 -1.250438
-0.000000 -2.540000 -0.000000
-0.000000 -2.540000 -0.000000
-0.000000 -2.540000 -0.000000
-1.769038 0.000000 1.822664
-2.210883 0.000000 1.250438
-1.769038 0.000000 1.822664
-0.000000 -2.540000 -0.000000
-0.000000 -2.540000 -0.000000
-0.000000 -2.540000 -0.000000
-1.274552 0.000000 2.197070
-0.861767 0.000000 2.389343
-1.274552 0.000000 2.197070
-0.000000 -2.540000 -0.000000
-0.000000 -2.540000 -0.000000
-0.000000 -2.540000 -0.000000
-0.000000 -2.540000 -0.000000
-0.000000 -2.540000 -0.000000
-0.000000 -2.540000 -0.000000
-2.538700 0.000000 -0.081242
-2.538700 0.000000 -0.081242
-2.512409 0.000000 0.373366
0.000000 2.540000 0.000000
0.000000 2.540000 0.000000
0.000000 2.540000 0.000000
-2.405366 0.000000 0.815974
-2.221013 0.000000 1.232356
-2.405366 0.000000 0.815974
1.072477 -0.000000 -2.302475
0.644119 -0.000000 -2.456972
1.072477 -0.000000 -2.302475
0.000000 2.540000 0.000000
0.000000 2.540000 0.000000
0.000000 2.540000 0.000000
0.000000 2.540000 0.000000
0.000000 2.540000 0.000000
0.000000 2.540000 0.000000
0.923069 -0.000000 2.366336
0.923069 -0.000000 2.366336
0.485709 -0.000000 2.493128
-0.707236 0.000000 -2.439553
-1.131469 0.000000 -2.274066
-0.707236 0.000000 -2.439553
-0.000000 -2.540000 -0.000000
-0.000000 -2.540000 -0.000000
-0.000000 -2.540000 -0.000000
1.813122 -0.000000 -1.778816
1.466365 -0.000000 -2.073976
1.813122 -0.000000 -1.778816
-0.000000 -2.540000 -0.000000
-0.000000 -2.540000 -0.000000
-0.000000 -2.540000 -0.000000
-0.000000 -2.540000 -0.000000
-0.000000 -2.540000 -0.000000
-0.000000 -2.540000 -0.000000
2.425600 -0.000000 0.753702
2.425600 -0.000000 0.753702
2.521198 -0.000000 0.308482
0.485709 -0.000000 2.493128
0.923069 -0.000000 2.366336
0.485709 -0.000000 2.493128
-0.000000 -2.540000 -0.000000
-0.000000 -2.540000 -0.000000
-0.000000 -2.540000 -0.000000
0.923069 -0.000000 2.366336
1.443902 -0.000000 2.089676
0.923069 -0.000000 2.366336
0.000000 2.540000 0.000000
0.000000 2.540000 0.000000
0.000000 2.540000 0.000000
-2.071535 0.000000 -1.469810
-1.676735 0.000000 -1.907920
-2.071535 0.000000 -1.469810
0.000000 2.540000 0.000000
0.000000 2.540000 0.000000
0.000000 2.540000 0.000000
0.000000 2.540000 0.000000
0.000000 2.540000 0.000000
0.000000 2.540000 0.000000
-0.813940 0.000000 2.406055
-1.346874 0.000000 2.153492
-0.813940 0.000000 2.406055
2.538416 -0.000000 0.089681
2.449311 -0.000000 0.672663
2.538416 -0.000000 0.089681
0.000000 2.540000 0.000000
0.000000 2.540000 0.000000
0.000000 2.540000 0.000000
0.000000 2.540000 0.000000
0.000000 2.540000 0.000000
0.000000 2.540000 0.000000
-0.237125 0.000000 2.528907
-0.237125 0.000000 2.528907
0.352473 -0.000000 2.515425
0.000000 2.540000 0.000000
0.000000 2.540000 0.000000
0.000000 2.540000 0.000000
2.490675 -0.000000 -0.498135
2.490675 -0.000000 -0.498135
2.308661 -0.000000 -1.059097
0.000000 2.540000 0.000000
0.000000 2.540000 0.000000
0.000000 2.540000 0.000000
-2.510841 0.000000 -0.383767
-2.510841 0.000000 -0.383767
-2.531664 0.000000 0.205617
-1.183876 0.000000 2.247229
-1.183876 0.000000 2.247229
-1.769038 0.000000 1.822664
0.000000 2.540000 0.000000
0.000000 2.540000 0.000000
0.000000 2.540000 0.000000
2.002186 -0.000000 -1.562963
2.002186 -0.000000 -1.562963
1.587772 -0.000000 -1.982569
0.000000 2.540000 0.000000
0.000000 2.540000 0.000000
0.000000 2.540000 0.000000
0.000000 2.540000 0.000000
0.000000 2.540000 0.000000
0.000000 2.540000 0.000000
1.443902 -0.000000 2.089676
1.443902 -0.000000 2.089676
0.923069 -0.000000 2.366336
0.000000 2.540000 0.000000
0.000000 2.540000 0.000000
0.000000 2.540000 0.000000
-1.191542 0.000000 -2.243174
-1.191542 0.000000 -2.243174
-0.642112 0.000000 -2.457497
-2.535951 0.000000 -0.143358
-2.535951 0.000000 -0.143358
-2.473616 0.000000 0.576909
0.000000 2.540000 0.000000
0.000000 2.540000 0.000000
0.000000 2.540000 0.000000
0.000000 2.540000 0.000000
0.000000 2.540000 0.000000
0.000000 2.540000 0.000000
-0.146653 0.000000 -2.535763
-0.146653 0.000000 -2.535763
-0.923069 0.000000 -2.366336
-0.058066 0.000000 -2.539336
-0.058066 0.000000 -2.539336
-0.642112 0.000000 -2.457497
0.000000 2.540000 0.000000
0.000000 2.540000 0.000000
0.000000 2.540000 0.000000
-0.644119 0.000000 2.456972
-0.644119 0.000000 2.456972
0.146653 -0.000000 2.535763
0.000000 2.540000 0.000000
0.000000 2.540000 0.000000
0.000000 2.540000 0.000000
-0.923069 0.000000 -2.366336
-0.219004 0.000000 -2.530541
-0.923069 0.000000 -2.366336
0.000000 2.540000 0.000000
0.000000 2.540000 0.000000
0.000000 2.540000 0.000000
2.535763 -0.000000 -0.146653
2.535763 -0.000000 -0.146653
2.366336 -0.000000 -0.923069
0.000000 2.540000 0.000000
0.000000 2.540000 0.000000
0.000000 2.540000 0.000000
0.000000 2.540000 0.000000
0.000000 2.540000 0.000000
0.000000 2.540000 0.000000
-1.965275 0.000000 1.609128
-1.965275 0.000000 1.609128
-1.371840 0.000000 2.137676
1.183876 -0.000000 -2.247229
1.183876 -0.000000 -2.247229
0.502803 -0.000000 -2.489737
0.000000 2.540000 0.000000
0.000000 2.540000 0.000000
0.000000 2.540000 0.000000
-1.609128 0.000000 -1.965275
-1.609128 0.000000 -1.965275
-2.137676 0.000000 -1.371840
0.000000 2.540000 0.000000
0.000000 2.540000 0.000000
0.000000 2.540000 0.000000
-2.535763 0.000000 0.146653
-2.535763 0.000000 0.146653
-2.366336 0.000000 0.923069
0.000000 2.540000 0.000000
0.000000 2.540000 0.000000
0.000000 2.540000 0.000000
0.000000 2.540000 0.000000
0.000000 2.540000 0.000000
0.000000 2.540000 0.000000
-2.055872 0.000000 -1.491639
-2.055872 0.000000 -1.491639
-1.552352 0.000000 -2.010424
-0.000000 -2.540000 -0.000000
-0.000000 -2.540000 -0.000000
-0.000000 -2.540000 -0.000000
-0.000000 -2.540000 -0.000000
-0.000000 -2.540000 -0.000000
-0.000000 -2.540000 -0.000000
-0.000000 -2.540000 -0.000000
-0.000000 -2.540000 -0.000000
-0.000000 -2.540000 -0.000000
-0.000000 -2.540000 -0.000000
-0.000000 -2.540000 -0.000000
-0.000000 -2.540000 -0.000000
2.210883 -0.000000 -1.250438
2.210883 -0.000000 -1.250438
1.769038 -0.000000 -1.822664
0.000000 2.540000 0.000000
0.000000 2.540000 0.000000
0.000000 2.540000 0.000000
-0.000000 -2.540000 -0.000000
-0.000000 -2.540000 -0.000000
-0.000000 -2.540000 -0.000000
-0.000000 -2.540000 -0.000000
-0.000000 -2.540000 -0.000000
-0.000000 -2.540000 -0.000000
-0.000000 -2.540000 -0.000000
-0.000000 -2.540000 -0.000000
-0.000000 -2.540000 -0.000000
-0.000000 -2.540000 -0.000000
-0.000000 -2.540000 -0.000000
-0.000000 -2.540000 -0.000000
-0.000000 -2.540000 -0.000000
-0.000000 -2.540000 -0.000000
-0.000000 -2.540000 -0.000000
-0.000000 -2.540000 -0.000000
-0.000000 -2.540000 -0.000000
-0.000000 -2.540000 -0.000000
-0.000000 -2.540000 -0.000000
-0.000000 -2.540000 -0.000000
-0.000000 -2.540000 -0.000000
-0.000000 -2.540000 -0.000000
-0.000000 -2.540000 -0.000000
-0.000000 -2.540000 -0.000000
-0.000000 -2.540000 -0.000000
-0.000000 -2.540000 -0.000000
-0.000000 -2.540000 -0.000000
-0.000000 -2.540000 -0.000000
-0.000000 -2.540000 -0.000000
-0.000000 -2.540000 -0.000000
1.609128 -0.000000 1.965275
1.609128 -0.000000 1.965275
2.137676 -0.000000 1.371840
0.000000 2.540000 0.000000
0.000000 2.540000 0.000000
0.000000 2.540000 0.000000
1.371840 -0.000000 -2.137676
1.371840 -0.000000 -2.137676
0.644119 -0.000000 -2.456972
0.000000 2.540000 0.000000
0.000000 2.540000 0.000000
0.000000 2.540000 0.000000
-0.000000 -2.540000 -0.000000
-0.000000 -2.540000 -0.000000
-0.000000 -2.540000 -0.000000
-0.000000 -2.540000 -0.000000
-0.000000 -2.540000 -0.000000
-0.000000 -2.540000 -0.000000
-0.000000 -2.540000 -0.000000
-0.000000 -2.540000 -0.000000
-0.000000 -2.540000 -0.000000
-0.000000 -2.540000 -0.000000
-0.000000 -2.540000 -0.000000
-0.000000 -2.540000 -0.000000
-0.000000 -2.540000 -0.000000
-0.000000 -2.540000 -0.000000
-0.000000 -2.540000 -0.000000
-0.000000 -2.540000 -0.000000
-0.000000 -2.540000 -0.000000
-0.000000 -2.540000 -0.000000
0.000000 2.540000 0.000000
0.000000 2.540000 0.000000
0.000000 2.540000 0.000000
-2.210883 0.000000 1.250438
-2.210883 0.000000 1.250438
-1.769038 0.000000 1.822664
0.000000 2.540000 0.000000
0.000000 2.540000 0.000000
0.000000 2.540000 0.000000
0.923069 -0.000000 2.366336
0.923069 -0.000000 2.366336
1.552352 -0.000000 2.010424
-0.000000 -2.540000 -0.000000
-0.000000 -2.540000 -0.000000
-0.000000 -2.540000 -0.000000
-0.000000 -2.540000 -0.000000
-0.000000 -2.540000 -0.000000
-0.000000 -2.540000 -0.000000
-0.000000 -2.540000 -0.000000
-0.000000 -2.540000 -0.000000
-0.000000 -2.540000 -0.000000
-0.000000 -2.540000 -0.000000
-0.000000 -2.540000 -0.000000
-0.000000 -2.540000 -0.000000
-0.000000 -2.540000 -0.000000
-0.000000 -2.540000 -0.000000
-0.000000 -2.540000 -0.000000
-0.000000 -2.540000 -0.000000
-0.000000 -2.540000 -0.000000
-0.000000 -2.540000 -0.000000
-0.000000 -2.540000 -0.000000
-0.000000 -2.540000 -0.000000
-0.000000 -2.540000 -0.000000
-0.000000 -2.540000 -0.000000
-0.000000 -2.540000 -0.000000
-0.000000 -2.540000 -0.000000
-0.000000 -2.540000 -0.000000
-0.000000 -2.540000 -0.000000
-0.000000 -2.540000 -0.000000
-0.000000 -2.540000 -0.000000
-0.000000 -2.540000 -0.000000
-0.000000 -2.540000 -0.000000
-0.000000 -2.540000 -0.000000
-0.000000 -2.540000 -0.000000
-0.000000 -2.540000 -0.000000
-0.000000 -2.540000 -0.000000
-0.000000 -2.540000 -0.000000
-0.000000 -2.540000 -0.000000
-0.000000 -2.540000 -0.000000
-0.000000 -2.540000 -0.000000
-0.000000 -2.540000 -0.000000
-0.000000 -2.540000 -0.000000
-0.000000 -2.540000 -0.000000
-0.000000 -2.540000 -0.000000
-0.000000 -2.540000 -0.000000
-0.000000 -2.540000 -0.000000
-0.000000 -2.540000 -0.000000
-0.000000 -2.540000 -0.000000
-0.000000 -2.540000 -0.000000
-0.000000 -2.540000 -0.000000
-2.392838 0.000000 -0.852011
-2.392838 0.000000 -0.852011
-2.535951 0.000000 -0.143358
0.000000 2.540000 0.000000
0.000000 2.540000 0.000000
0.000000 2.540000 0.000000
-0.000000 -2.540000 -0.000000
-0.000000 -2.540000 -0.000000
-0.000000 -2.540000 -0.000000
-0.000000 -2.540000 -0.000000
-0.000000 -2.540000 -0.000000
-0.000000 -2.540000 -0.000000
-0.000000 -2.540000 -0.000000
-0.000000 -2.540000 -0.000000
-0.000000 -2.540000 -0.000000
-0.000000 -2.540000 -0.000000
-0.000000 -2.540000 -0.000000
-0.000000 -2.540000 -0.000000
2.473616 -0.000000 -0.576909
2.535951 -0.000000 0.143358
2.473616 -0.000000 -0.576909
0.000000 2.540000 0.000000
0.000000 2.540000 0.000000
0.000000 2.540000 0.000000
2.392838 -0.000000 0.852011
2.392838 -0.000000 0.852011
2.055872 -0.000000 1.491639
0.000000 2.540000 0.000000
0.000000 2.540000 0.000000
0.000000 2.540000 0.000000
0.000000 2.540000 0.000000
0.000000 2.540000 0.000000
0.000000 2.540000 0.000000
-0.502803 0.000000 2.489737
-0.502803 0.000000 2.489737
0.219004 -0.000000 2.530541
-0.475416 -2.177205 -1.218753
-0.256559 -2.177205 -1.282792
-0.475416 -2.177205 -1.218753
-0.000000 -2.540000 -0.000000
-0.000000 -2.540000 -0.000000
-0.000000 -2.540000 -0.000000
-2.366336 0.000000 0.923069
-2.366336 0.000000 0.923069
-2.366336 0.000000 0.923069
-1.307855 -2.177205 0.029906
-1.239210 -2.177205 -0.419210
-1.293179 -2.177205 -0.197655
0.982651 -2.177205 -0.863583
1.218753 -2.177205 -0.475416
1.117682 -2.177205 -0.679827
-0.000000 -2.540000 -0.000000
-0.000000 -2.540000 -0.000000
-0.000000 -2.540000 -0.000000
1.239210 -2.177205 0.419210
1.021098 -2.177205 0.817763
1.147589 -2.177205 0.628028
-0.000000 -2.540000 -0.000000
-0.000000 -2.540000 -0.000000
-0.000000 -2.540000 -0.000000
-0.383767 0.000000 2.510841
-0.383767 0.000000 2.510841
-0.383767 0.000000 2.510841
-0.000000 -2.540000 -0.000000
-0.000000 -2.540000 -0.000000
-0.000000 -2.540000 -0.000000
-0.000000 -2.540000 -0.000000
-0.000000 -2.540000 -0.000000
-0.000000 -2.540000 -0.000000
-0.000000 -2.540000 -0.000000
-0.000000 -2.540000 -0.000000
-0.000000 -2.540000 -0.000000
0.383767 -0.000000 -2.510841
0.383767 -0.000000 -2.510841
0.383767 -0.000000 -2.510841
-0.000000 -2.540000 -0.000000
-0.000000 -2.540000 -0.000000
-0.000000 -2.540000 -0.000000
-0.000000 -2.540000 -0.000000
-0.000000 -2.540000 -0.000000
-0.000000 -2.540000 -0.000000
-1.982569 0.000000 -1.587772
-1.982569 0.000000 -1.587772
-1.982569 0.000000 -1.587772
0.679827 -2.177205 1.117682
0.256559 -2.177205 1.282792
0.475416 -2.177205 1.218753
-0.000000 -2.540000 -0.000000
-0.000000 -2.540000 -0.000000
-0.000000 -2.540000 -0.000000
-0.000000 -2.540000 -0.000000
-0.000000 -2.540000 -0.000000
-0.000000 -2.540000 -0.000000
1.982569 -0.000000 1.587772
1.982569 -0.000000 1.587772
1.982569 -0.000000 1.587772
2.366336 -0.000000 -0.923069
2.366336 -0.000000 -0.923069
2.366336 -0.000000 -0.923069
-0.000000 -2.540000 -0.000000
-0.000000 -2.540000 -0.000000
-0.000000 -2.540000 -0.000000
-0.000000 -2.540000 -0.000000
-0.000000 -2.540000 -0.000000
-0.000000 -2.540000 -0.000000
-1.218753 -2.177205 0.475416
-1.307855 -2.177205 0.029906
-1.282792 -2.177205 0.256559
-0.000000 -2.540000 -0.000000
-0.000000 -2.540000 -0.000000
-0.000000 -2.540000 -0.000000
1.307855 -2.177205 -0.029906
1.239210 -2.177205 0.419210
1.293179 -2.177205 0.197655
-0.000000 -2.540000 -0.000000
-0.000000 -2.540000 -0.000000
-0.000000 -2.540000 -0.000000
-1.239210 -2.177205 -0.419210
-1.021098 -2.177205 -0.817763
-1.147589 -2.177205 -0.628028
0.256559 -2.177205 1.282792
-0.197655 -2.177205 1.293179
0.029906 -2.177205 1.307855
-0.000000 -2.540000 -0.000000
-0.000000 -2.540000 -0.000000
-0.000000 -2.540000 -0.000000
-0.000000 -2.540000 -0.000000
-0.000000 -2.540000 -0.000000
-0.000000 -2.540000 -0.000000
0.628028 -2.177205 -1.147589
0.982651 -2.177205 -0.863583
0.817763 -2.177205 -1.021098
-0.000000 -2.540000 -0.000000
-0.000000 -2.540000 -0.000000
-0.000000 -2.540000 -0.000000
-0.628028 -2.177205 1.147589
-0.982651 -2.177205 0.863583
-0.817763 -2.177205 1.021098
-0.000000 -2.540000 -0.000000
-0.000000 -2.540000 -0.000000
-0.000000 -2.540000 -0.000000
-0.029906 -2.177205 -1.307855
-0.029906 -2.177205 -1.307855
0.197655 -2.177205 -1.293179
-0.000000 -2.540000 -0.000000
-0.000000 -2.540000 -0.000000
-0.000000 -2.540000 -0.000000
-0.679827 -2.177205 -1.117682
-0.475416 -2.177205 -1.218753
-0.475416 -2.177205 -1.218753
-0.000000 -2.540000 -0.000000
-0.000000 -2.540000 -0.000000
-0.000000 -2.540000 -0.000000
-0.256559 -2.177205 -1.282792
-0.029906 -2.177205 -1.307855
-0.029906 -2.177205 -1.307855
-0.863583 -2.177205 -0.982651
-0.863583 -2.177205 -0.982651
-0.679827 -2.177205 -1.117682
-0.000000 -2.540000 -0.000000
-0.000000 -2.540000 -0.000000
-0.000000 -2.540000 -0.000000
</float_array>
          <technique_common>
            <accessor source="#FBXASC227FBXASC130FBXASC189FBXASC227FBXASC131FBXASC170FBXASC227FBXASC131FBXASC131FBXASC227FBXASC131FBXASC1375-Normal0-array" count="1440" stride="3">
              <param name="X" type="float"/>
              <param name="Y" type="float"/>
              <param name="Z" type="float"/>
            </accessor>
          </technique_common>
        </source>
        <vertices id="FBXASC227FBXASC130FBXASC189FBXASC227FBXASC131FBXASC170FBXASC227FBXASC131FBXASC131FBXASC227FBXASC131FBXASC1375-VERTEX">
          <input semantic="POSITION" source="#FBXASC227FBXASC130FBXASC189FBXASC227FBXASC131FBXASC170FBXASC227FBXASC131FBXASC131FBXASC227FBXASC131FBXASC1375-POSITION"/>
        </vertices>
        <triangles count="480" material="MaterialFBXASC032FBXASC03526">
          <input semantic="VERTEX" offset="0" source="#FBXASC227FBXASC130FBXASC189FBXASC227FBXASC131FBXASC170FBXASC227FBXASC131FBXASC131FBXASC227FBXASC131FBXASC1375-VERTEX"/>
          <input semantic="NORMAL" offset="1" source="#FBXASC227FBXASC130FBXASC189FBXASC227FBXASC131FBXASC170FBXASC227FBXASC131FBXASC131FBXASC227FBXASC131FBXASC1375-Normal0"/>
          <p> 111 0 180 1 88 2 170 3 148 4 59 5 178 6 37 7 105 8 142 9 64 10 27 11 175 12 83 13 19 14 172 15 58 16 157 17 162 18 103 19 27 20 158 21 106 22 150 23 173 24 155 25 153 26 44 27 169 28 131 29 218 30 20 31 75 32 183 33 60 34 108 35 74 36 166 37 128 38 180 39 132 40 88 41 160 42 93 43 26 44 53 45 66 46 110 47 65 48 62 49 121 50 176 51 112 52 63 53 73 54 167 55 129 56 3 57 168 58 130 59 161 60 102 61 76 62 58 63 109 64 157 65 123 66 79 67 13 68 215 69 92 70 62 71 23 72 129 73 167 74 14 75 164 76 114 77 169 78 34 79 131 80 109 81 118 82 157 83 43 84 130 85 168 86 77 87 70 88 165 89 9 90 125 91 113 92 84 93 148 94 170 95 88 96 132 97 117 98 150 99 115 100 158 101 133 102 95 103 11 104 139 105 136 106 52 107 149 108 145 109 2 110 194 111 159 112 91 113 8 114 128 115 166 116 119 117 117 118 132 119 163 120 115 121 94 122 100 123 22 124 118 125 105 126 69 127 178 128 2 129 114 130 164 131 18 132 103 133 162 134 5 135 24 136 135 137 59 138 165 139 70 140 155 141 95 142 153 143 215 144 104 145 92 146 220 147 177 148 17 149 74 150 48 151 73 152 76 153 27 154 33 155 74 156 73 157 96 158 76 159 94 160 27 161 0 162 102 163 161 164 29 165 101 166 72 167 210 168 152 169 186 170 200 171 195 172 144 173 171 174 111 175 88 176 89 177 111 178 189 179 90 180 58 181 172 182 151 183 176 184 190 185 44 186 98 187 228 188 73 189 127 190 96 191 148 192 34 193 59 194 15 195 72 196 101 197 151 198 192 199 207 200 189 201 196 202 89 203 108 204 99 205 120 206 99 207 48 208 120 209 186 210 83 211 175 212 143 213 145 214 201 215 90 216 38 217 184 218 84 219 170 220 144 221 141 222 12 223 94 224 141 225 94 226 76 227 142 228 24 229 64 230 142 231 135 232 24 233 144 234 54 235 200 236 152 237 83 238 186 239 212 240 208 241 182 242 201 243 193 244 143 245 25 246 6 247 134 248 6 249 46 250 134 251 3 252 44 253 228 254 3 255 46 256 44 257 60 258 154 259 108 260 154 261 99 262 108 263 44 264 46 265 138 266 46 267 6 268 138 269 3 270 47 271 139 272 47 273 136 274 139 275 48 276 99 277 140 278 73 279 48 280 140 281 109 282 100 283 118 284 158 285 115 286 163 287 185 288 9 289 13 290 79 291 185 292 13 293 190 294 192 295 151 296 203 297 197 298 90 299 105 300 52 301 136 302 153 303 95 304 133 305 75 306 9 307 218 308 206 309 1 310 97 311 200 312 54 313 147 314 147 315 54 316 107 317 189 318 111 319 171 320 151 321 112 322 176 323 231 324 224 325 71 326 27 327 56 328 33 329 203 330 90 331 184 332 216 333 57 334 202 335 146 336 106 337 49 338 51 339 106 340 146 341 54 342 179 343 107 344 179 345 116 346 107 347 182 348 60 349 183 350 201 351 145 352 149 353 204 354 210 355 186 356 214 357 61 358 198 359 4 360 124 361 191 362 217 363 196 364 35 365 112 366 5 367 63 368 5 369 67 370 63 371 74 372 119 373 21 374 21 375 119 376 68 377 181 378 10 379 205 380 205 381 104 382 181 383 211 384 195 385 41 386 97 387 1 388 126 389 63 390 67 391 18 392 67 393 103 394 18 395 45 396 8 397 68 398 21 399 68 400 8 401 69 402 129 403 23 404 178 405 69 406 23 407 16 408 116 409 70 410 179 411 70 412 116 413 235 414 226 415 71 416 228 417 241 418 71 419 82 420 0 421 137 422 78 423 137 424 0 425 3 426 222 427 73 428 73 429 47 430 3 431 27 432 74 433 56 434 27 435 64 436 74 437 188 438 9 439 194 440 194 441 91 442 188 443 44 444 29 445 76 446 76 447 33 448 44 449 16 450 77 451 44 452 16 453 70 454 77 455 76 456 29 457 78 458 78 459 29 460 137 461 122 462 4 463 50 464 89 465 196 466 213 467 80 468 14 469 114 470 14 471 80 472 73 473 11 474 81 475 3 476 95 477 81 478 11 479 38 480 82 481 15 482 82 483 72 484 15 485 152 486 30 487 173 488 173 489 30 490 155 491 174 492 38 493 15 494 184 495 38 496 174 497 197 498 199 499 187 500 205 501 10 502 85 503 143 504 86 505 37 506 105 507 37 508 86 509 145 510 87 511 2 512 87 513 114 514 2 515 88 516 117 517 156 518 171 519 88 520 156 521 42 522 60 523 182 524 208 525 42 526 182 527 51 528 146 529 187 530 199 531 51 532 187 533 143 534 193 535 198 536 188 537 91 538 7 539 191 540 104 541 50 542 4 543 191 544 50 545 209 546 203 547 184 548 177 549 93 550 17 551 115 552 39 553 94 554 27 555 94 556 39 557 155 558 43 559 95 560 95 561 43 562 81 563 74 564 96 565 56 566 230 567 229 568 71 569 53 570 9 571 219 572 219 573 66 574 53 575 238 576 223 577 71 578 44 579 33 580 98 581 154 582 36 583 99 584 140 585 99 586 36 587 49 588 12 589 100 590 141 591 100 592 12 593 148 594 101 595 34 596 131 597 34 598 101 599 76 600 102 601 22 602 118 603 22 604 102 605 27 606 103 607 40 608 67 609 40 610 103 611 104 612 9 613 50 614 104 615 125 616 9 617 19 618 52 619 105 620 86 621 19 622 105 623 150 624 106 625 32 626 190 627 32 628 106 629 147 630 107 631 25 632 107 633 6 634 25 635 108 636 120 637 45 638 31 639 108 640 45 641 49 642 100 643 109 644 146 645 49 646 109 647 214 648 204 649 61 650 53 651 110 652 20 653 45 654 111 655 31 656 89 657 31 658 111 659 35 660 55 661 112 662 112 663 55 664 5 665 144 666 195 667 202 668 206 669 113 670 1 671 87 672 23 673 114 674 80 675 114 676 23 677 150 678 18 679 115 680 115 681 18 682 39 683 107 684 116 685 6 686 138 687 6 688 116 689 64 690 24 691 117 692 156 693 117 694 24 695 118 696 102 697 0 698 157 699 118 700 0 701 64 702 117 703 119 704 74 705 64 706 119 707 45 708 120 709 8 710 120 711 128 712 8 713 199 714 192 715 51 716 181 717 121 718 10 719 185 720 79 721 122 722 213 723 212 724 89 725 13 726 7 727 123 728 208 729 193 730 42 731 217 732 35 733 207 734 92 735 124 736 62 737 216 738 209 739 57 740 104 741 17 742 125 743 126 744 66 745 97 746 210 747 211 748 152 749 73 750 222 751 127 752 237 753 222 754 71 755 74 756 128 757 48 758 120 759 48 760 128 761 129 762 47 763 73 764 69 765 47 766 129 767 134 768 46 769 130 770 130 771 46 772 3 773 131 774 101 775 29 776 131 777 29 778 44 779 119 780 132 781 68 782 180 783 68 784 132 785 11 786 52 787 133 788 19 789 133 790 52 791 134 792 130 793 43 794 25 795 134 796 43 797 135 798 40 799 67 800 5 801 135 802 67 803 136 804 47 805 69 806 105 807 136 808 69 809 82 810 137 811 72 812 29 813 72 814 137 815 138 816 116 817 16 818 44 819 138 820 16 821 3 822 139 823 11 824 139 825 52 826 11 827 73 828 140 829 14 830 140 831 36 832 14 833 76 834 22 835 141 836 22 837 100 838 141 839 27 840 40 841 142 842 40 843 135 844 142 845 61 846 86 847 143 848 198 849 61 850 143 851 57 852 84 853 144 854 202 855 57 856 144 857 145 858 37 859 87 860 143 861 37 862 145 863 58 864 146 865 109 866 187 867 146 868 58 869 41 870 147 871 30 872 30 873 147 874 25 875 15 876 101 877 148 878 84 879 15 880 148 881 60 882 149 883 154 884 42 885 149 886 60 887 32 888 63 889 150 890 63 891 18 892 150 893 35 894 112 895 151 896 207 897 35 898 151 899 41 900 30 901 152 902 211 903 41 904 152 905 83 906 153 907 19 908 153 909 133 910 19 911 2 912 36 913 154 914 149 915 2 916 154 917 30 918 25 919 155 920 25 921 43 922 155 923 156 924 24 925 5 926 55 927 156 928 5 929 157 930 0 931 82 932 172 933 157 934 82 935 158 936 12 937 49 938 106 939 158 940 49 941 75 942 20 943 159 944 198 945 159 946 214 947 26 948 85 949 160 950 197 951 85 952 199 953 161 954 78 955 0 956 76 957 78 958 161 959 27 960 39 961 162 962 18 963 162 964 39 965 158 966 163 967 12 968 94 969 12 970 163 971 14 972 36 973 164 974 2 975 164 976 36 977 34 978 165 979 59 980 77 981 165 982 34 983 166 984 21 985 8 986 21 987 166 988 74 989 167 990 80 991 23 992 73 993 80 994 167 995 3 996 81 997 168 998 43 999 168 1000 81 1001 169 1002 77 1003 34 1004 44 1005 77 1006 169 1007 59 1008 54 1009 170 1010 144 1011 170 1012 54 1013 55 1014 171 1015 156 1016 189 1017 171 1018 55 1019 90 1020 172 1021 38 1022 38 1023 172 1024 82 1025 83 1026 173 1027 153 1028 152 1029 173 1030 83 1031 57 1032 174 1033 84 1034 174 1035 15 1036 84 1037 61 1038 175 1039 86 1040 175 1041 19 1042 86 1043 190 1044 176 1045 32 1046 176 1047 63 1048 32 1049 93 1050 177 1051 26 1052 177 1053 104 1054 26 1055 37 1056 178 1057 87 1058 178 1059 23 1060 87 1061 59 1062 70 1063 179 1064 179 1065 54 1066 59 1067 45 1068 68 1069 180 1070 180 1071 111 1072 45 1073 65 1074 121 1075 181 1076 181 1077 104 1078 65 1079 182 1080 31 1081 89 1082 212 1083 182 1084 89 1085 183 1086 108 1087 31 1088 182 1089 183 1090 31 1091 209 1092 184 1093 57 1094 184 1095 174 1096 57 1097 50 1098 185 1099 122 1100 50 1101 9 1102 185 1103 204 1104 186 1105 61 1106 186 1107 175 1108 61 1109 187 1110 58 1111 90 1112 197 1113 187 1114 90 1115 188 1116 7 1117 13 1118 13 1119 9 1120 188 1121 196 1122 189 1123 35 1124 189 1125 55 1126 35 1127 192 1128 190 1129 51 1130 190 1131 106 1132 51 1133 92 1134 104 1135 191 1136 124 1137 92 1138 191 1139 192 1140 121 1141 207 1142 192 1143 10 1144 121 1145 193 1146 7 1147 91 1148 208 1149 7 1150 193 1151 75 1152 159 1153 194 1154 194 1155 9 1156 75 1157 195 1158 1 1159 202 1160 195 1161 126 1162 1 1163 196 1164 124 1165 4 1166 196 1167 4 1168 213 1169 203 1170 160 1171 197 1172 197 1173 160 1174 85 1175 198 1176 91 1177 159 1178 193 1179 91 1180 198 1181 199 1182 10 1183 192 1184 199 1185 85 1186 10 1187 195 1188 200 1189 41 1190 200 1191 147 1192 41 1193 193 1194 201 1195 42 1196 201 1197 149 1198 42 1199 202 1200 113 1201 125 1202 202 1203 1 1204 113 1205 203 1206 93 1207 160 1208 209 1209 93 1210 203 1211 204 1212 110 1213 210 1214 204 1215 20 1216 110 1217 26 1218 104 1219 205 1220 205 1221 85 1222 26 1223 97 1224 9 1225 206 1226 9 1227 113 1228 206 1229 207 1230 121 1231 62 1232 207 1233 62 1234 217 1235 212 1236 123 1237 208 1238 208 1239 123 1240 7 1241 209 1242 17 1243 93 1244 216 1245 17 1246 209 1247 210 1248 66 1249 211 1250 210 1251 110 1252 66 1253 211 1254 66 1255 126 1256 211 1257 126 1258 195 1259 212 1260 79 1261 123 1262 213 1263 79 1264 212 1265 213 1266 122 1267 79 1268 4 1269 122 1270 213 1271 214 1272 159 1273 20 1274 214 1275 20 1276 204 1277 215 1278 62 1279 65 1280 65 1281 104 1282 215 1283 202 1284 125 1285 216 1286 216 1287 125 1288 17 1289 217 1290 124 1291 196 1292 217 1293 62 1294 124 1295 218 1296 53 1297 20 1298 218 1299 9 1300 53 1301 66 1302 219 1303 97 1304 219 1305 9 1306 97 1307 220 1308 104 1309 177 1310 220 1311 17 1312 104 1313 239 1314 240 1315 71 1316 228 1317 98 1318 241 1319 28 1320 222 1321 3 1322 232 1323 234 1324 71 1325 236 1326 231 1327 71 1328 238 1329 33 1330 223 1331 233 1332 230 1333 71 1334 231 1335 56 1336 224 1337 96 1338 127 1339 235 1340 96 1341 229 1342 230 1343 127 1344 222 1345 237 1346 235 1347 127 1348 226 1349 98 1350 33 1351 238 1352 240 1353 239 1354 98 1355 232 1356 28 1357 234 1358 28 1359 3 1360 228 1361 229 1362 225 1363 71 1364 225 1365 229 1366 96 1367 56 1368 230 1369 233 1370 56 1371 96 1372 230 1373 33 1374 56 1375 231 1376 33 1377 231 1378 236 1379 222 1380 28 1381 232 1382 222 1383 232 1384 71 1385 224 1386 56 1387 233 1388 224 1389 233 1390 71 1391 28 1392 228 1393 234 1394 234 1395 228 1396 71 1397 225 1398 235 1399 71 1400 235 1401 225 1402 96 1403 223 1404 33 1405 236 1406 223 1407 236 1408 71 1409 226 1410 127 1411 237 1412 226 1413 237 1414 71 1415 238 1416 227 1417 98 1418 71 1419 227 1420 238 1421 221 1422 98 1423 239 1424 221 1425 239 1426 71 1427 227 1428 240 1429 98 1430 240 1431 227 1432 71 1433 71 1434 241 1435 221 1436 241 1437 98 1438 221 1439</p>
        </triangles>
      </mesh>
    </geometry>
    <geometry id="FBXASC227FBXASC130FBXASC189FBXASC227FBXASC131FBXASC170FBXASC227FBXASC131FBXASC131FBXASC227FBXASC131FBXASC1376-lib" name="FBXASC227FBXASC130FBXASC189FBXASC227FBXASC131FBXASC170FBXASC227FBXASC131FBXASC131FBXASC227FBXASC131FBXASC1376Mesh">
      <mesh>
        <source id="FBXASC227FBXASC130FBXASC189FBXASC227FBXASC131FBXASC170FBXASC227FBXASC131FBXASC131FBXASC227FBXASC131FBXASC1376-POSITION">
          <float_array id="FBXASC227FBXASC130FBXASC189FBXASC227FBXASC131FBXASC170FBXASC227FBXASC131FBXASC131FBXASC227FBXASC131FBXASC1376-POSITION-array" count="435">-0.000621309 0.001537402 -0.000515134 0.000718072 0.001537402 -0.000368457 -0.000566198 0.001399606 0.000575159 0.000524826 0.001537402 0.000613144 -0.000328133 0.001557087 -0.000422346 0.000386499 0.001399606 -0.000294711 -0.00079115 0.001537402 0.000159594 -0.000147152 0.001537402 0.000793558 0.000801272 0.001537402 9.6705e-05 -0.000331589 0.001399606 -0.000481689 0.000489119 0.001537402 -0.00064199 0.00050114 0.001557087 -0.00041424 -0.000782672 0.001399606 -0.000197012 0.000609794 0.001399606 0.000528716 -0.000156002 0.001399606 -0.000267215 -0.000566198 0.001537402 0.000575159 -0.000338583 0.001537402 -0.000732633 0.000428299 0.001399606 0.000684068 -0.000621309 0.001399606 -0.000515134 0.000794478 0.001399606 -0.000142102 -0.000709769 0.001399606 0.000384209 -0.000136317 0.001557087 -0.000247529 0.000578749 0.001399606 -0.000562528 0.000342094 0.001557087 -0.000255194 0.000322338 0.001537402 0.000739924 0.000482126 0.001399606 -0.000419334 -2.8083e-05 0.001399606 0.000806598 0.000718072 0.001399606 -0.000368457 -0.000443286 0.001399606 -0.000674453 0.000801272 0.001399606 9.6705e-05 0.000737859 0.001399606 0.000327038 -0.000806058 0.001399606 4.0744e-05 -0.000373017 0.001399606 0.000715714 -0.000744894 0.001537402 -0.00031068 0.000737859 0.001537402 0.000327038 0.000283879 0.001399606 -0.000267215 -0.000278469 0.001399606 -0.000389682 0.000209277 0.001399606 0.000779482 -0.000744894 0.001399606 -0.00031068 -0.000758817 0.001399606 0.000274929 0.000489119 0.001399606 -0.00064199 0.000655631 0.001399606 -0.000470677 -0.000338583 0.001399606 -0.000732633 0.000764697 0.001399606 -0.000258122 -0.000690708 0.001399606 -0.000417505 -0.000709769 0.001537402 0.000384209 -0.000373017 0.001537402 0.000715714 -0.000645088 0.001399606 0.000485026 0.00080676 0.001537402 -2.2951e-05 -0.00079115 0.001399606 0.000159594 -0.00080321 0.001399606 -7.9004e-05 -0.00080321 0.001537402 -7.9004e-05 0.00068133 0.001399606 0.000432641 -0.000538225 0.001399606 -0.000601417 0.000634289 0.001557087 0.000466561 -0.000443286 0.001537402 -0.000674453 0.000778135 0.001399606 0.00021423 9.1606e-05 0.001537402 0.000801871 0.000461622 0.001399606 -0.000369834 0.00080676 0.001399606 -2.2951e-05 -0.000147152 0.001399606 0.000793558 0.000442925 0.001557087 -0.000313408 -0.000691969 0.001557087 -0.00037574 0.000663872 0.001557087 -0.000423409 0.000578749 0.001537402 -0.000562528 0.000524826 0.001399606 0.000613144 0.000336999 0.001399606 -0.000274208 0.000786967 0.001557087 2.6159e-05 -0.000338583 0.001399606 -0.000534809 -0.000599957 0.001557087 0.000509954 -0.000206487 0.001557087 0.000759845 -0.000783187 0.001557087 8.1363e-05 -0.000311086 0.001537402 -0.000432189 -0.000311086 0.001399606 -0.000432189 -0.000474837 0.001399606 0.000652624 0.000429006 0.001399606 -0.000327328 0.000489119 0.001399606 -0.000472454 0.000259341 0.001557087 0.000743467 -0.000156002 0.001537402 -0.000267215 -0.000549751 0.001557087 -0.000563716 0.000336999 0.001537402 -0.000274208 0.000322338 0.001399606 0.000739924 -0.000331589 0.001537402 -0.000481689 -0.000772177 0.001557087 -0.000154093 -0.000724012 0.001557087 0.000309527 0.000759448 0.001557087 -0.000207942 -0.000422137 0.001557087 0.000664682 0.000743963 0.001557087 0.000257916 2.7666e-05 0.001557087 0.000786915 0.000467774 0.001557087 0.000633394 0.000482126 0.001537402 -0.000419334 0.000461622 0.001537402 -0.000369834 9.1606e-05 0.001399606 0.000801871 -0.000183841 0.001557087 -0.000267215 -2.8083e-05 0.001537402 0.000806598 0.00068133 0.001537402 0.000432641 -0.000350604 0.001557087 -0.000476594 -0.000645088 0.001537402 0.000485026 0.000764697 0.001537402 -0.000258122 -0.000782672 0.001537402 -0.000197012 0.000386499 0.001537402 -0.000294711 -0.000262981 0.001399606 0.00076304 0.000794478 0.001537402 -0.000142102 0.000609794 0.001537402 0.000528716 0.000428299 0.001537402 0.000684068 0.000209277 0.001537402 0.000779482 -0.000262981 0.001537402 0.00076304 0.000778135 0.001537402 0.00021423 -0.000474837 0.001537402 0.000652624 -0.000758817 0.001537402 0.000274929 0.000655631 0.001537402 -0.000470677 -0.000806058 0.001537402 4.0744e-05 -0.000690708 0.001537402 -0.000417505 -0.000538225 0.001537402 -0.000601417 0.000508804 0.001557087 -0.000600932 -0.000358268 0.001557087 -0.000701174 -0.000156002 0.001557087 -0.000267215 0.0003677 0.001557087 0.000696275 0.000429006 0.001537402 -0.000327328 0.000145138 0.001557087 0.00077391 0.00055731 0.001557087 0.000556244 -9.0429e-05 0.001557087 0.000782192 0.000696977 0.001557087 0.000366366 -0.000317893 0.001557087 0.000720379 0.000774186 0.001557087 0.000143656 -0.000516869 0.001557087 0.00059401 0.000782017 0.001557087 -9.1927e-05 -0.000669527 0.001557087 0.000414409 0.000719768 0.001557087 -0.000319272 -0.000762186 0.001557087 0.000197672 0.000593019 0.001557087 -0.000518006 -0.000786542 0.001557087 -3.678e-05 -0.000740413 0.001557087 -0.000267935 -0.000627934 0.001557087 -0.00047508 -0.000459182 0.001557087 -0.000639651 -0.000278469 0.001537402 -0.000389682 -0.000338583 0.001537402 -0.000534809 0.000396342 0.001557087 -0.000277664 0.000489119 0.001537402 -0.000472454 0.00047867 0.001557087 -0.000359992 0.000283879 0.001537402 -0.000267215 0.000508804 0.001557087 -0.000472454 0.000283879 0.001557087 -0.000247529 -0.000358268 0.001557087 -0.000534809 -0.000292389 0.001557087 -0.000375763</float_array>
          <technique_common>
            <accessor source="#FBXASC227FBXASC130FBXASC189FBXASC227FBXASC131FBXASC170FBXASC227FBXASC131FBXASC131FBXASC227FBXASC131FBXASC1376-POSITION-array" count="145" stride="3">
              <param name="X" type="float"/>
              <param name="Y" type="float"/>
              <param name="Z" type="float"/>
            </accessor>
          </technique_common>
        </source>
        <source id="FBXASC227FBXASC130FBXASC189FBXASC227FBXASC131FBXASC170FBXASC227FBXASC131FBXASC131FBXASC227FBXASC131FBXASC1376-Normal0">
          <float_array id="FBXASC227FBXASC130FBXASC189FBXASC227FBXASC131FBXASC170FBXASC227FBXASC131FBXASC131FBXASC227FBXASC131FBXASC1376-Normal0-array" count="2574">
0.000000 -2.540000 0.000000
0.000000 -2.540000 0.000000
0.000000 -2.540000 0.000000
-0.000000 2.540000 -0.000000
-0.000000 2.540000 -0.000000
-0.000000 2.540000 -0.000000
0.000000 -2.540000 0.000000
0.000000 -2.540000 0.000000
0.000000 -2.540000 0.000000
-0.000000 2.540000 -0.000000
-0.000000 2.540000 -0.000000
-0.000000 2.540000 -0.000000
-0.000000 2.540000 -0.000000
-0.000000 2.540000 -0.000000
-0.000000 2.540000 -0.000000
0.000000 -2.540000 0.000000
0.000000 -2.540000 0.000000
0.000000 -2.540000 0.000000
0.000000 -2.540000 0.000000
0.000000 -2.540000 0.000000
0.000000 -2.540000 0.000000
-0.000000 2.540000 -0.000000
-0.000000 2.540000 -0.000000
-0.000000 2.540000 -0.000000
-0.000000 2.540000 -0.000000
-0.000000 2.540000 -0.000000
-0.000000 2.540000 -0.000000
0.000000 -2.540000 0.000000
0.000000 -2.540000 0.000000
0.000000 -2.540000 0.000000
-1.494371 -0.000000 2.053888
-1.173931 -0.000000 2.252440
-1.494371 -0.000000 2.053888
0.000000 -2.540000 0.000000
0.000000 -2.540000 0.000000
0.000000 -2.540000 0.000000
-0.000000 2.540000 -0.000000
-0.000000 2.540000 -0.000000
-0.000000 2.540000 -0.000000
0.000000 -2.540000 0.000000
0.000000 -2.540000 0.000000
0.000000 -2.540000 0.000000
-0.000000 2.540000 -0.000000
-0.000000 2.540000 -0.000000
-0.000000 2.540000 -0.000000
0.000000 -2.540000 0.000000
0.000000 -2.540000 0.000000
0.000000 -2.540000 0.000000
0.000000 -2.540000 0.000000
0.000000 -2.540000 0.000000
0.000000 -2.540000 0.000000
-0.000000 2.540000 -0.000000
-0.000000 2.540000 -0.000000
-0.000000 2.540000 -0.000000
-0.000000 -0.000000 -2.540000
-0.000000 -0.000000 -2.540000
-0.000000 -0.000000 -2.540000
-2.540000 -0.000000 -0.000000
-2.540000 -0.000000 -0.000000
-2.540000 -0.000000 -0.000000
-2.527802 -0.000000 -0.248636
-2.463164 -0.000000 -0.620021
-2.527802 -0.000000 -0.248636
0.000000 -2.540000 0.000000
0.000000 -2.540000 0.000000
0.000000 -2.540000 0.000000
0.288295 0.000000 2.523586
0.658619 0.000000 2.453125
0.288295 0.000000 2.523586
2.322131 0.000000 1.029227
2.448886 0.000000 0.674209
2.322131 0.000000 1.029227
-0.000000 -0.000000 -2.540000
-0.000000 -0.000000 -2.540000
-0.000000 -0.000000 -2.540000
1.796051 0.000000 -1.796051
1.796051 0.000000 -1.796051
1.796051 0.000000 -1.796051
-2.388088 -0.000000 0.865236
-2.388088 -0.000000 0.865236
-2.233730 -0.000000 1.209152
-0.000000 2.540000 -0.000000
-0.000000 2.540000 -0.000000
-0.000000 2.540000 -0.000000
0.000000 -2.540000 0.000000
0.000000 -2.540000 0.000000
0.000000 -2.540000 0.000000
2.540000 0.000000 -0.000000
2.540000 0.000000 -0.000000
2.540000 0.000000 -0.000000
1.919095 0.000000 1.663933
1.651693 0.000000 1.929640
1.919095 0.000000 1.663933
0.000000 -2.540000 0.000000
0.000000 -2.540000 0.000000
0.000000 -2.540000 0.000000
-2.344271 -0.000000 -0.977749
-2.173743 -0.000000 -1.313940
-2.344271 -0.000000 -0.977749
-1.395075 -0.000000 -2.122585
-1.395075 -0.000000 -2.122585
-1.065561 -0.000000 -2.305684
2.259861 0.000000 -1.159580
2.063352 0.000000 -1.481276
2.259861 0.000000 -1.159580
2.500320 0.000000 -0.447212
2.500320 0.000000 -0.447212
2.406595 0.000000 -0.812342
-2.030171 -0.000000 1.526435
-2.030171 -0.000000 1.526435
-1.781895 -0.000000 1.810097
0.000000 -2.540000 0.000000
0.000000 -2.540000 0.000000
0.000000 -2.540000 0.000000
-0.000000 2.540000 -0.000000
-0.000000 2.540000 -0.000000
-0.000000 2.540000 -0.000000
1.796051 0.000000 -1.796051
1.796051 0.000000 -1.796051
1.796051 0.000000 -1.796051
2.063352 0.000000 -1.481276
2.063352 0.000000 -1.481276
2.259861 0.000000 -1.159580
0.000000 -2.540000 0.000000
0.000000 -2.540000 0.000000
0.000000 -2.540000 0.000000
-0.000000 2.540000 -0.000000
-0.000000 2.540000 -0.000000
-0.000000 2.540000 -0.000000
-1.796051 -0.000000 -1.796051
-1.270000 -0.000000 -2.199704
-1.796051 -0.000000 -1.796051
-0.000000 2.540000 -0.000000
-0.000000 2.540000 -0.000000
-0.000000 2.540000 -0.000000
1.347909 0.000000 2.152845
1.651693 0.000000 1.929640
1.347909 0.000000 2.152845
0.000000 -2.540000 0.000000
0.000000 -2.540000 0.000000
0.000000 -2.540000 0.000000
-1.796051 -0.000000 -1.796051
-1.796051 -0.000000 -1.796051
-2.199704 -0.000000 -1.270000
0.288295 0.000000 2.523586
-0.088379 0.000000 2.538462
0.288295 0.000000 2.523586
-0.827634 -0.000000 2.401379
-0.827634 -0.000000 2.401379
-1.173931 -0.000000 2.252440
2.406595 0.000000 -0.812342
2.500320 0.000000 -0.447212
2.406595 0.000000 -0.812342
0.000000 -2.540000 0.000000
0.000000 -2.540000 0.000000
0.000000 -2.540000 0.000000
0.000000 -2.540000 0.000000
0.000000 -2.540000 0.000000
0.000000 -2.540000 0.000000
-1.955336 -0.000000 -1.621191
-1.955336 -0.000000 -1.621191
-1.693860 -0.000000 -1.892733
2.448886 0.000000 0.674209
2.448886 0.000000 0.674209
2.322131 0.000000 1.029227
2.538973 0.000000 -0.072231
2.538973 0.000000 -0.072231
2.521701 0.000000 0.304341
2.144228 0.000000 1.361575
1.919095 0.000000 1.663933
2.144228 0.000000 1.361575
0.000000 -2.540000 0.000000
0.000000 -2.540000 0.000000
0.000000 -2.540000 0.000000
-2.527802 -0.000000 -0.248636
-2.536761 -0.000000 0.128225
-2.527802 -0.000000 -0.248636
-2.388088 -0.000000 0.865236
-2.388088 -0.000000 0.865236
-2.489846 -0.000000 0.502262
-1.781895 -0.000000 1.810097
-1.494371 -0.000000 2.053888
-1.781895 -0.000000 1.810097
0.000000 -2.540000 0.000000
0.000000 -2.540000 0.000000
0.000000 -2.540000 0.000000
-0.000000 2.540000 -0.000000
-0.000000 2.540000 -0.000000
-0.000000 2.540000 -0.000000
-2.173743 -0.000000 -1.313940
-2.173743 -0.000000 -1.313940
-2.344271 -0.000000 -0.977749
1.919095 0.000000 1.663933
1.919095 0.000000 1.663933
2.144228 0.000000 1.361575
1.641994 1.796051 0.727774
1.696968 1.796051 0.588303
1.589795 1.796051 0.835674
-0.657400 -0.000000 -2.453452
-1.270000 -0.000000 -2.199704
-0.657400 -0.000000 -2.453452
0.000000 -2.540000 0.000000
0.000000 -2.540000 0.000000
0.000000 -2.540000 0.000000
0.000000 -2.540000 0.000000
0.000000 -2.540000 0.000000
0.000000 -2.540000 0.000000
2.199704 0.000000 -1.270000
2.453452 0.000000 -0.657400
2.199704 0.000000 -1.270000
0.000000 -2.540000 0.000000
0.000000 -2.540000 0.000000
0.000000 -2.540000 0.000000
1.347909 0.000000 2.152845
1.347909 0.000000 2.152845
1.014436 0.000000 2.328630
0.000000 -2.540000 0.000000
0.000000 -2.540000 0.000000
0.000000 -2.540000 0.000000
-2.463164 -0.000000 -0.620021
-2.344271 -0.000000 -0.977749
-2.463164 -0.000000 -0.620021
-2.233730 -0.000000 1.209152
-2.388088 -0.000000 0.865236
-2.233730 -0.000000 1.209152
0.000000 -2.540000 0.000000
0.000000 -2.540000 0.000000
0.000000 -2.540000 0.000000
-2.540000 -0.000000 -0.000000
-2.540000 -0.000000 -0.000000
-2.540000 -0.000000 -0.000000
1.539318 0.000000 -2.020421
1.539318 0.000000 -2.020421
1.821394 0.000000 -1.770346
1.821394 0.000000 -1.770346
1.821394 0.000000 -1.770346
2.063352 0.000000 -1.481276
0.000000 -2.540000 0.000000
0.000000 -2.540000 0.000000
0.000000 -2.540000 0.000000
-1.065561 -0.000000 -2.305684
-1.395075 -0.000000 -2.122585
-1.065561 -0.000000 -2.305684
2.540000 0.000000 -0.000000
2.540000 0.000000 -0.000000
2.540000 0.000000 -0.000000
0.000000 -2.540000 0.000000
0.000000 -2.540000 0.000000
0.000000 -2.540000 0.000000
2.406595 0.000000 -0.812342
2.406595 0.000000 -0.812342
2.259861 0.000000 -1.159580
0.000000 -2.540000 0.000000
0.000000 -2.540000 0.000000
0.000000 -2.540000 0.000000
-2.173743 -0.000000 -1.313940
-2.173743 -0.000000 -1.313940
-1.955336 -0.000000 -1.621191
-1.579486 1.796051 0.855000
-1.527181 1.796051 0.945261
-1.651462 1.796051 0.706027
-1.781895 -0.000000 1.810097
-2.030171 -0.000000 1.526435
-1.781895 -0.000000 1.810097
-0.827634 -0.000000 2.401379
-0.827634 -0.000000 2.401379
-0.463107 0.000000 2.497425
-0.830094 1.796051 1.592716
-0.725109 1.796051 1.643173
-0.962887 1.796051 1.516129
0.000000 -2.540000 0.000000
0.000000 -2.540000 0.000000
0.000000 -2.540000 0.000000
-2.030171 -0.000000 1.526435
-2.233730 -0.000000 1.209152
-2.030171 -0.000000 1.526435
1.767993 1.796051 -0.316227
1.732290 1.796051 -0.474312
1.783769 1.796051 -0.209684
2.521701 0.000000 0.304341
2.538973 0.000000 -0.072231
2.521701 0.000000 0.304341
0.000000 -2.540000 0.000000
0.000000 -2.540000 0.000000
0.000000 -2.540000 0.000000
-2.489846 -0.000000 0.502262
-2.489846 -0.000000 0.502262
-2.536761 -0.000000 0.128225
0.000000 -2.540000 0.000000
0.000000 -2.540000 0.000000
0.000000 -2.540000 0.000000
-2.463164 -0.000000 -0.620021
-2.463164 -0.000000 -0.620021
-2.527802 -0.000000 -0.248636
-2.536761 -0.000000 0.128225
-2.489846 -0.000000 0.502262
-2.536761 -0.000000 0.128225
-1.787426 1.796051 -0.175812
-1.794091 1.796051 -0.083894
-1.761323 1.796051 -0.351484
0.000000 -2.540000 0.000000
0.000000 -2.540000 0.000000
0.000000 -2.540000 0.000000
2.144228 0.000000 1.361575
2.144228 0.000000 1.361575
2.322131 0.000000 1.029227
-1.693860 -0.000000 -1.892733
-1.693860 -0.000000 -1.892733
-1.395075 -0.000000 -2.122585
0.000000 -2.540000 0.000000
0.000000 -2.540000 0.000000
0.000000 -2.540000 0.000000
1.516198 1.796051 0.962779
1.446804 1.796051 1.064218
1.357005 1.796051 1.176578
1.167923 1.796051 1.364462
1.066986 1.796051 1.444763
0.953116 1.796051 1.522291
-1.693860 -0.000000 -1.892733
-1.955336 -0.000000 -1.621191
-1.693860 -0.000000 -1.892733
-1.382632 1.796051 -1.146355
-1.432307 1.796051 -1.083650
-1.253973 1.796051 -1.285827
0.000000 -2.540000 0.000000
0.000000 -2.540000 0.000000
0.000000 -2.540000 0.000000
2.521701 0.000000 0.304341
2.521701 0.000000 0.304341
2.448886 0.000000 0.674209
0.658619 0.000000 2.453125
1.014436 0.000000 2.328630
0.658619 0.000000 2.453125
0.203855 1.796051 1.784445
0.331059 1.796051 1.765276
0.063106 1.796051 1.794942
-2.453452 -0.000000 -0.657400
-2.453452 -0.000000 -0.657400
-2.199704 -0.000000 -1.270000
0.000000 -2.540000 0.000000
0.000000 -2.540000 0.000000
0.000000 -2.540000 0.000000
2.500320 0.000000 -0.447212
2.538973 0.000000 -0.072231
2.500320 0.000000 -0.447212
0.000000 -2.540000 0.000000
0.000000 -2.540000 0.000000
0.000000 -2.540000 0.000000
0.000000 -2.540000 0.000000
0.000000 -2.540000 0.000000
0.000000 -2.540000 0.000000
-0.088379 0.000000 2.538462
-0.463107 0.000000 2.497425
-0.088379 0.000000 2.538462
-2.199704 -0.000000 -1.270000
-2.453452 -0.000000 -0.657400
-2.199704 -0.000000 -1.270000
-0.000000 2.540000 -0.000000
-0.000000 2.540000 -0.000000
-0.000000 2.540000 -0.000000
-1.657650 1.796051 -0.691373
-1.578370 1.796051 -0.857058
-1.537069 1.796051 -0.929096
-1.787426 1.796051 -0.175812
-1.761323 1.796051 -0.351484
-1.741720 1.796051 -0.438421
1.459010 1.796051 -1.047421
1.514283 1.796051 -0.965789
1.597963 1.796051 -0.819947
1.701720 1.796051 -0.574413
1.732290 1.796051 -0.474312
1.767993 1.796051 -0.316227
1.287920 1.796051 -1.251824
1.160575 1.796051 -1.370717
1.352667 1.796051 -1.181564
1.821394 0.000000 -1.770346
1.539318 0.000000 -2.020421
1.821394 0.000000 -1.770346
0.000000 -2.540000 0.000000
0.000000 -2.540000 0.000000
0.000000 -2.540000 0.000000
1.651693 0.000000 1.929640
1.651693 0.000000 1.929640
1.347909 0.000000 2.152845
-0.000000 -0.000000 -2.540000
-0.657400 -0.000000 -2.453452
-0.000000 -0.000000 -2.540000
0.000000 -2.540000 0.000000
0.000000 -2.540000 0.000000
0.000000 -2.540000 0.000000
1.731624 1.796051 0.476738
1.696968 1.796051 0.588303
1.641994 1.796051 0.727774
1.795325 1.796051 -0.051075
1.795060 1.796051 0.059669
1.783112 1.796051 0.215201
2.453452 0.000000 -0.657400
2.540000 0.000000 -0.000000
2.453452 0.000000 -0.657400
0.000000 -2.540000 0.000000
0.000000 -2.540000 0.000000
0.000000 -2.540000 0.000000
-0.830094 1.796051 1.592716
-0.962887 1.796051 1.516129
-1.056680 1.796051 1.452318
-1.259990 1.796051 1.279932
-1.368492 1.796051 1.163198
-1.435548 1.796051 1.079353
0.203855 1.796051 1.784445
0.063106 1.796051 1.794942
-0.062493 1.796051 1.794964
-0.327466 1.796051 1.765946
-0.470994 1.796051 1.733195
-0.585225 1.796051 1.698032
-1.579486 1.796051 0.855000
-1.651462 1.796051 0.706027
-1.688633 1.796051 0.611814
-1.760587 1.796051 0.355153
-1.786437 1.796051 0.185587
-1.793761 1.796051 0.090669
2.453452 0.000000 -0.657400
2.453452 0.000000 -0.657400
2.199704 0.000000 -1.270000
1.270000 1.796051 -1.270000
1.270000 1.796051 -1.270000
1.270000 1.796051 -1.270000
2.199704 0.000000 -1.270000
2.199704 0.000000 -1.270000
1.796051 0.000000 -1.796051
0.000000 -2.540000 0.000000
0.000000 -2.540000 0.000000
0.000000 -2.540000 0.000000
-1.173931 -0.000000 2.252440
-1.173931 -0.000000 2.252440
-1.494371 -0.000000 2.053888
0.000000 -2.540000 0.000000
0.000000 -2.540000 0.000000
0.000000 -2.540000 0.000000
0.000000 -2.540000 0.000000
0.000000 -2.540000 0.000000
0.000000 -2.540000 0.000000
-1.270000 -0.000000 -2.199704
-1.270000 -0.000000 -2.199704
-1.796051 -0.000000 -1.796051
0.000000 -2.540000 0.000000
0.000000 -2.540000 0.000000
0.000000 -2.540000 0.000000
-2.540000 -0.000000 0.000000
-2.540000 -0.000000 0.000000
-2.453452 -0.000000 -0.657400
0.717315 1.796051 1.646590
0.591552 1.796051 1.695838
0.465714 1.796051 1.734621
0.953116 1.796051 1.522291
1.066986 1.796051 1.444763
0.838717 1.796051 1.588192
-0.000000 1.796051 -1.796051
-0.000000 1.796051 -1.796051
-0.000000 1.796051 -1.796051
1.270000 1.796051 -1.270000
1.270000 1.796051 -1.270000
1.270000 1.796051 -1.270000
-0.986467 1.796051 -1.500894
-1.047387 1.796051 -1.459034
-0.817203 1.796051 -1.599368
-1.382632 1.796051 -1.146355
-1.253973 1.796051 -1.285827
-1.197740 1.796051 -1.338364
-0.000000 1.796051 -1.796051
-0.000000 1.796051 -1.796051
-0.000000 1.796051 -1.796051
-0.898026 1.796051 -1.555426
-1.270000 1.796051 -1.270000
-0.898026 1.796051 -1.555426
1.014436 0.000000 2.328630
1.014436 0.000000 2.328630
0.658619 0.000000 2.453125
0.000000 -2.540000 0.000000
0.000000 -2.540000 0.000000
0.000000 -2.540000 0.000000
1.734852 1.796051 -0.464852
1.555426 1.796051 -0.898026
1.555426 1.796051 -0.898026
1.796051 1.796051 -0.000000
1.796051 1.796051 -0.000000
1.796051 1.796051 -0.000000
-0.000000 2.540000 -0.000000
-0.000000 2.540000 -0.000000
-0.000000 2.540000 -0.000000
-1.657650 1.796051 -0.691373
-1.688872 1.796051 -0.611156
-1.578370 1.796051 -0.857058
-0.000000 2.540000 -0.000000
-0.000000 2.540000 -0.000000
-0.000000 2.540000 -0.000000
-1.760587 1.796051 0.355153
-1.738534 1.796051 0.450886
-1.786437 1.796051 0.185587
1.597963 1.796051 -0.819947
1.514283 1.796051 -0.965789
1.641781 1.796051 -0.728255
-0.000000 2.540000 -0.000000
-0.000000 2.540000 -0.000000
-0.000000 2.540000 -0.000000
-1.259990 1.796051 1.279932
-1.178971 1.796051 1.354927
-1.368492 1.796051 1.163198
-0.000000 2.540000 -0.000000
-0.000000 2.540000 -0.000000
-0.000000 2.540000 -0.000000
-0.000000 2.540000 -0.000000
-0.000000 2.540000 -0.000000
-0.000000 2.540000 -0.000000
1.783112 1.796051 0.215201
1.795060 1.796051 0.059669
1.765907 1.796051 0.327678
-0.327466 1.796051 1.765946
-0.206268 1.796051 1.784168
-0.470994 1.796051 1.733195
-0.000000 2.540000 -0.000000
-0.000000 2.540000 -0.000000
-0.000000 2.540000 -0.000000
1.357005 1.796051 1.176578
1.446804 1.796051 1.064218
1.271215 1.796051 1.268783
-0.000000 2.540000 -0.000000
-0.000000 2.540000 -0.000000
-0.000000 2.540000 -0.000000
-1.555426 1.796051 -0.898026
-1.734852 1.796051 -0.464852
-1.734852 1.796051 -0.464852
-1.796051 1.796051 -0.000000
-1.796051 1.796051 -0.000000
-1.796051 1.796051 -0.000000
-1.555426 1.796051 -0.898026
-1.734852 1.796051 -0.464852
-1.555426 1.796051 -0.898026
-0.898026 1.796051 -1.555426
-1.270000 1.796051 -1.270000
-1.270000 1.796051 -1.270000
0.000000 -2.540000 0.000000
0.000000 -2.540000 0.000000
0.000000 -2.540000 0.000000
-0.088379 0.000000 2.538462
-0.088379 0.000000 2.538462
0.288295 0.000000 2.523586
-0.000000 2.540000 -0.000000
-0.000000 2.540000 -0.000000
-0.000000 2.540000 -0.000000
-0.000000 2.540000 -0.000000
-0.000000 2.540000 -0.000000
-0.000000 2.540000 -0.000000
-0.062493 1.796051 1.794964
-0.206268 1.796051 1.784168
-0.327466 1.796051 1.765946
-0.463107 0.000000 2.497425
-0.463107 0.000000 2.497425
-0.088379 0.000000 2.538462
1.641994 1.796051 0.727774
1.589795 1.796051 0.835674
1.516198 1.796051 0.962779
2.322131 0.000000 1.029227
2.144228 0.000000 1.361575
2.322131 0.000000 1.029227
1.734852 1.796051 -0.464852
1.555426 1.796051 -0.898026
1.734852 1.796051 -0.464852
-0.000000 2.540000 -0.000000
-0.000000 2.540000 -0.000000
-0.000000 2.540000 -0.000000
-1.435548 1.796051 1.079353
-1.527181 1.796051 0.945261
-1.579486 1.796051 0.855000
-2.233730 -0.000000 1.209152
-2.233730 -0.000000 1.209152
-2.030171 -0.000000 1.526435
1.597963 1.796051 -0.819947
1.641781 1.796051 -0.728255
1.701720 1.796051 -0.574413
2.259861 0.000000 -1.159580
2.406595 0.000000 -0.812342
2.259861 0.000000 -1.159580
-1.741720 1.796051 -0.438421
-1.688872 1.796051 -0.611156
-1.657650 1.796051 -0.691373
-2.344271 -0.000000 -0.977749
-2.344271 -0.000000 -0.977749
-2.463164 -0.000000 -0.620021
-1.270000 -0.000000 -2.199704
-1.270000 -0.000000 -2.199704
-0.657400 -0.000000 -2.453452
-0.464852 1.796051 -1.734852
-0.898026 1.796051 -1.555426
-0.898026 1.796051 -1.555426
0.000000 -2.540000 0.000000
0.000000 -2.540000 0.000000
0.000000 -2.540000 0.000000
-0.463107 0.000000 2.497425
-0.827634 -0.000000 2.401379
-0.463107 0.000000 2.497425
1.767993 1.796051 -0.316227
1.783769 1.796051 -0.209684
1.795325 1.796051 -0.051075
2.538973 0.000000 -0.072231
2.538973 0.000000 -0.072231
2.500320 0.000000 -0.447212
1.357005 1.796051 1.176578
1.271215 1.796051 1.268783
1.167923 1.796051 1.364462
1.651693 0.000000 1.929640
1.651693 0.000000 1.929640
1.919095 0.000000 1.663933
1.014436 0.000000 2.328630
1.347909 0.000000 2.152845
1.014436 0.000000 2.328630
0.953116 1.796051 1.522291
0.838717 1.796051 1.588192
0.717315 1.796051 1.646590
0.658619 0.000000 2.453125
0.658619 0.000000 2.453125
0.288295 0.000000 2.523586
0.465714 1.796051 1.734621
0.331059 1.796051 1.765276
0.203855 1.796051 1.784445
-1.173931 -0.000000 2.252440
-0.827634 -0.000000 2.401379
-1.173931 -0.000000 2.252440
-0.585225 1.796051 1.698032
-0.725109 1.796051 1.643173
-0.830094 1.796051 1.592716
2.448886 0.000000 0.674209
2.521701 0.000000 0.304341
2.448886 0.000000 0.674209
1.783112 1.796051 0.215201
1.765907 1.796051 0.327678
1.731624 1.796051 0.476738
-1.056680 1.796051 1.452318
-1.178971 1.796051 1.354927
-1.259990 1.796051 1.279932
-1.494371 -0.000000 2.053888
-1.494371 -0.000000 2.053888
-1.781895 -0.000000 1.810097
-2.489846 -0.000000 0.502262
-2.388088 -0.000000 0.865236
-2.489846 -0.000000 0.502262
-1.688633 1.796051 0.611814
-1.738534 1.796051 0.450886
-1.760587 1.796051 0.355153
2.063352 0.000000 -1.481276
1.821394 0.000000 -1.770346
2.063352 0.000000 -1.481276
1.287920 1.796051 -1.251824
1.352667 1.796051 -1.181564
1.459010 1.796051 -1.047421
-2.536761 -0.000000 0.128225
-2.536761 -0.000000 0.128225
-2.527802 -0.000000 -0.248636
-1.793761 1.796051 0.090669
-1.794091 1.796051 -0.083894
-1.787426 1.796051 -0.175812
-1.955336 -0.000000 -1.621191
-2.173743 -0.000000 -1.313940
-1.955336 -0.000000 -1.621191
-1.537069 1.796051 -0.929096
-1.432307 1.796051 -1.083650
-1.382632 1.796051 -1.146355
-1.395075 -0.000000 -2.122585
-1.693860 -0.000000 -1.892733
-1.395075 -0.000000 -2.122585
-1.197740 1.796051 -1.338364
-1.047387 1.796051 -1.459034
-0.986467 1.796051 -1.500894
-1.796051 1.796051 -0.000000
-1.796051 1.796051 -0.000000
-1.796051 1.796051 -0.000000
1.088462 1.796051 -1.428653
1.160575 1.796051 -1.370717
1.287920 1.796051 -1.251824
1.796051 1.796051 -0.000000
1.796051 1.796051 -0.000000
1.796051 1.796051 -0.000000
-0.986467 1.796051 -1.500894
-0.817203 1.796051 -1.599368
-0.753465 1.796051 -1.630365
1.796051 0.000000 -1.796051
1.796051 0.000000 -1.796051
1.796051 0.000000 -1.796051
-0.000000 -0.000000 -2.540000
-0.000000 -0.000000 -2.540000
-0.000000 -0.000000 -2.540000
-0.000000 2.540000 -0.000000
-0.000000 2.540000 -0.000000
-0.000000 2.540000 -0.000000
0.717315 1.796051 1.646590
0.838717 1.796051 1.588192
0.591552 1.796051 1.695838
-2.199704 -0.000000 -1.270000
-1.796051 -0.000000 -1.796051
-2.199704 -0.000000 -1.270000
-1.270000 1.796051 -1.270000
-1.555426 1.796051 -0.898026
-1.555426 1.796051 -0.898026
-0.000000 2.540000 -0.000000
-0.000000 2.540000 -0.000000
-0.000000 2.540000 -0.000000
0.465714 1.796051 1.734621
0.591552 1.796051 1.695838
0.331059 1.796051 1.765276
1.167923 1.796051 1.364462
1.271215 1.796051 1.268783
1.066986 1.796051 1.444763
-0.000000 2.540000 -0.000000
-0.000000 2.540000 -0.000000
-0.000000 2.540000 -0.000000
-0.062493 1.796051 1.794964
0.063106 1.796051 1.794942
-0.206268 1.796051 1.784168
-0.000000 2.540000 -0.000000
-0.000000 2.540000 -0.000000
-0.000000 2.540000 -0.000000
-0.000000 2.540000 -0.000000
-0.000000 2.540000 -0.000000
-0.000000 2.540000 -0.000000
1.516198 1.796051 0.962779
1.589795 1.796051 0.835674
1.446804 1.796051 1.064218
-0.000000 2.540000 -0.000000
-0.000000 2.540000 -0.000000
-0.000000 2.540000 -0.000000
-0.585225 1.796051 1.698032
-0.470994 1.796051 1.733195
-0.725109 1.796051 1.643173
-0.000000 2.540000 -0.000000
-0.000000 2.540000 -0.000000
-0.000000 2.540000 -0.000000
1.731624 1.796051 0.476738
1.765907 1.796051 0.327678
1.696968 1.796051 0.588303
-0.000000 2.540000 -0.000000
-0.000000 2.540000 -0.000000
-0.000000 2.540000 -0.000000
-1.056680 1.796051 1.452318
-0.962887 1.796051 1.516129
-1.178971 1.796051 1.354927
-0.000000 2.540000 -0.000000
-0.000000 2.540000 -0.000000
-0.000000 2.540000 -0.000000
1.795325 1.796051 -0.051075
1.783769 1.796051 -0.209684
1.795060 1.796051 0.059669
-1.435548 1.796051 1.079353
-1.368492 1.796051 1.163198
-1.527181 1.796051 0.945261
-0.000000 2.540000 -0.000000
-0.000000 2.540000 -0.000000
-0.000000 2.540000 -0.000000
-0.000000 2.540000 -0.000000
-0.000000 2.540000 -0.000000
-0.000000 2.540000 -0.000000
1.701720 1.796051 -0.574413
1.641781 1.796051 -0.728255
1.732290 1.796051 -0.474312
-0.000000 2.540000 -0.000000
-0.000000 2.540000 -0.000000
-0.000000 2.540000 -0.000000
-1.688633 1.796051 0.611814
-1.651462 1.796051 0.706027
-1.738534 1.796051 0.450886
1.459010 1.796051 -1.047421
1.352667 1.796051 -1.181564
1.514283 1.796051 -0.965789
-0.000000 2.540000 -0.000000
-0.000000 2.540000 -0.000000
-0.000000 2.540000 -0.000000
-1.793761 1.796051 0.090669
-1.786437 1.796051 0.185587
-1.794091 1.796051 -0.083894
-0.000000 2.540000 -0.000000
-0.000000 2.540000 -0.000000
-0.000000 2.540000 -0.000000
-1.741720 1.796051 -0.438421
-1.761323 1.796051 -0.351484
-1.688872 1.796051 -0.611156
-0.000000 2.540000 -0.000000
-0.000000 2.540000 -0.000000
-0.000000 2.540000 -0.000000
-1.537069 1.796051 -0.929096
-1.578370 1.796051 -0.857058
-1.432307 1.796051 -1.083650
-0.000000 2.540000 -0.000000
-0.000000 2.540000 -0.000000
-0.000000 2.540000 -0.000000
-0.000000 2.540000 -0.000000
-0.000000 2.540000 -0.000000
-0.000000 2.540000 -0.000000
-1.197740 1.796051 -1.338364
-1.253973 1.796051 -1.285827
-1.047387 1.796051 -1.459034
1.796051 0.000000 -1.796051
2.199704 0.000000 -1.270000
1.796051 0.000000 -1.796051
1.555426 1.796051 -0.898026
1.270000 1.796051 -1.270000
1.270000 1.796051 -1.270000
2.540000 0.000000 -0.000000
2.540000 0.000000 -0.000000
2.453452 0.000000 -0.657400
1.796051 1.796051 -0.000000
1.734852 1.796051 -0.464852
1.734852 1.796051 -0.464852
-0.464852 1.796051 -1.734852
-0.898026 1.796051 -1.555426
-0.464852 1.796051 -1.734852
-0.000000 2.540000 -0.000000
-0.000000 2.540000 -0.000000
-0.000000 2.540000 -0.000000
-2.453452 -0.000000 -0.657400
-2.540000 -0.000000 0.000000
-2.453452 -0.000000 -0.657400
-1.734852 1.796051 -0.464852
-1.796051 1.796051 0.000000
-1.796051 1.796051 0.000000
-1.270000 1.796051 -1.270000
-1.555426 1.796051 -0.898026
-1.270000 1.796051 -1.270000
-0.000000 2.540000 -0.000000
-0.000000 2.540000 -0.000000
-0.000000 2.540000 -0.000000
-0.464852 1.796051 -1.734852
-0.000000 1.796051 -1.796051
-0.000000 1.796051 -1.796051
-0.657400 -0.000000 -2.453452
-0.657400 -0.000000 -2.453452
-0.000000 -0.000000 -2.540000
-0.000000 2.540000 -0.000000
-0.000000 2.540000 -0.000000
-0.000000 2.540000 -0.000000
-1.734852 1.796051 -0.464852
-1.796051 1.796051 0.000000
-1.734852 1.796051 -0.464852
-0.464852 1.796051 -1.734852
-0.464852 1.796051 -1.734852
-0.000000 1.796051 -1.796051
-0.000000 2.540000 -0.000000
-0.000000 2.540000 -0.000000
-0.000000 2.540000 -0.000000
1.796051 1.796051 -0.000000
1.734852 1.796051 -0.464852
1.796051 1.796051 -0.000000
-0.000000 2.540000 -0.000000
-0.000000 2.540000 -0.000000
-0.000000 2.540000 -0.000000
-0.000000 2.540000 -0.000000
-0.000000 2.540000 -0.000000
-0.000000 2.540000 -0.000000
1.555426 1.796051 -0.898026
1.270000 1.796051 -1.270000
1.555426 1.796051 -0.898026
</float_array>
          <technique_common>
            <accessor source="#FBXASC227FBXASC130FBXASC189FBXASC227FBXASC131FBXASC170FBXASC227FBXASC131FBXASC131FBXASC227FBXASC131FBXASC1376-Normal0-array" count="858" stride="3">
              <param name="X" type="float"/>
              <param name="Y" type="float"/>
              <param name="Z" type="float"/>
            </accessor>
          </technique_common>
        </source>
        <vertices id="FBXASC227FBXASC130FBXASC189FBXASC227FBXASC131FBXASC170FBXASC227FBXASC131FBXASC131FBXASC227FBXASC131FBXASC1376-VERTEX">
          <input semantic="POSITION" source="#FBXASC227FBXASC130FBXASC189FBXASC227FBXASC131FBXASC170FBXASC227FBXASC131FBXASC131FBXASC227FBXASC131FBXASC1376-POSITION"/>
        </vertices>
        <triangles count="286" material="MaterialFBXASC032FBXASC03527">
          <input semantic="VERTEX" offset="0" source="#FBXASC227FBXASC130FBXASC189FBXASC227FBXASC131FBXASC170FBXASC227FBXASC131FBXASC131FBXASC227FBXASC131FBXASC1376-VERTEX"/>
          <input semantic="NORMAL" offset="1" source="#FBXASC227FBXASC130FBXASC189FBXASC227FBXASC131FBXASC170FBXASC227FBXASC131FBXASC131FBXASC227FBXASC131FBXASC1376-Normal0"/>
          <p> 14 0 13 1 2 2 119 3 21 4 88 5 35 6 13 7 14 8 142 9 21 10 120 11 83 12 131 13 93 14 50 15 14 16 31 17 56 18 30 19 66 20 87 21 23 22 122 23 123 24 21 25 86 26 49 27 14 28 39 29 74 30 46 31 108 32 37 33 92 34 32 35 85 36 61 37 126 38 59 39 29 40 5 41 115 42 134 43 143 44 36 45 14 46 12 47 41 48 27 49 25 50 114 51 141 52 130 53 140 54 35 55 78 56 40 57 76 58 138 59 51 60 99 61 50 62 44 63 73 64 38 65 92 66 37 67 57 68 30 69 56 70 34 71 35 72 14 73 78 74 14 75 36 76 135 77 109 78 39 79 45 80 84 81 127 82 93 83 42 84 68 85 28 86 42 87 136 88 68 89 103 90 65 91 13 92 13 93 65 94 2 95 33 96 44 97 38 98 28 99 55 100 16 101 27 102 41 103 1 104 102 105 19 106 98 107 97 108 47 109 2 110 47 111 14 112 2 113 144 114 83 115 93 116 78 117 14 118 135 119 41 120 110 121 1 122 40 123 22 124 76 125 61 126 137 127 126 128 75 129 100 130 118 131 89 132 21 133 117 134 17 135 3 136 104 137 58 138 43 139 75 140 75 141 118 142 58 143 57 144 94 145 92 146 101 147 106 148 32 149 98 150 19 151 43 152 43 153 19 154 75 155 53 156 68 157 18 158 18 159 0 160 53 161 56 162 107 163 34 164 59 165 48 166 29 167 95 168 13 169 52 170 52 171 13 172 35 173 50 174 31 175 51 176 39 177 109 178 49 179 2 180 74 181 15 182 2 183 17 184 74 185 79 186 133 187 96 188 112 189 44 190 33 191 103 192 13 193 95 194 34 195 87 196 122 197 80 198 5 199 66 200 5 201 29 202 66 203 9 204 73 205 44 206 73 207 9 208 72 209 17 210 81 211 32 212 17 213 104 214 81 215 38 216 36 217 12 218 99 219 38 220 12 221 45 222 39 223 20 224 39 225 14 226 20 227 10 228 40 229 138 230 40 231 10 232 22 233 22 234 64 235 41 236 22 237 41 238 76 239 42 240 28 241 16 242 16 243 136 244 42 245 27 246 43 247 58 248 98 249 43 250 27 251 18 252 9 253 44 254 44 255 112 256 18 257 45 258 127 259 84 260 15 261 97 262 2 263 106 264 101 265 7 266 46 267 123 268 86 269 20 270 14 271 47 272 97 273 20 274 47 275 102 276 85 277 126 278 29 279 48 280 8 281 31 282 14 283 49 284 49 285 6 286 31 287 12 288 14 289 50 290 99 291 12 292 50 293 31 294 6 295 111 296 51 297 131 298 83 299 30 300 52 301 35 302 95 303 52 304 30 305 53 306 113 307 28 308 28 309 68 310 53 311 95 312 54 313 103 314 3 315 89 316 104 317 53 318 0 319 113 320 0 321 133 322 79 323 29 324 56 325 66 326 29 327 8 328 56 329 37 330 24 331 105 332 57 333 119 334 88 335 90 336 25 337 58 338 25 339 27 340 58 341 102 342 59 343 19 344 19 345 59 346 5 347 26 348 60 349 32 350 94 351 60 352 26 353 91 354 90 355 58 356 11 357 139 358 128 359 33 360 62 361 112 362 51 363 83 364 99 365 110 366 63 367 1 368 98 369 85 370 102 371 64 372 114 373 130 374 22 375 10 376 64 377 65 378 17 379 2 380 65 381 3 382 17 383 140 384 66 385 35 386 66 387 30 388 35 389 107 390 87 391 34 392 48 393 67 394 8 395 9 396 68 397 82 398 68 399 9 400 18 401 46 402 86 403 108 404 15 405 69 406 97 407 57 408 88 409 94 410 7 411 70 412 106 413 45 414 84 415 109 416 6 417 71 418 111 419 9 420 82 421 72 422 93 423 135 424 144 425 73 426 72 427 36 428 73 429 36 430 38 431 32 432 46 433 74 434 74 435 17 436 32 437 75 438 19 439 5 440 5 441 100 442 75 443 76 444 41 445 25 446 138 447 76 448 25 449 24 450 77 451 105 452 104 453 89 454 117 455 78 456 21 457 140 458 78 459 135 460 93 461 55 462 134 463 115 464 0 465 79 466 113 467 21 468 142 469 140 470 137 471 61 472 100 473 81 474 24 475 37 476 81 477 37 478 32 479 82 480 4 481 72 482 115 483 143 484 136 485 62 486 132 487 144 488 33 489 132 490 62 491 71 492 129 493 93 494 6 495 129 496 71 497 1 498 63 499 128 500 63 501 11 502 128 503 15 504 125 505 69 506 125 507 21 508 69 509 67 510 23 511 124 512 8 513 67 514 124 515 7 516 121 517 70 518 121 519 21 520 70 521 103 522 54 523 120 524 54 525 142 526 120 527 91 528 11 529 90 530 138 531 141 532 10 533 139 534 11 535 91 536 100 537 61 538 118 539 92 540 26 541 32 542 94 543 26 544 92 545 21 546 116 547 93 548 127 549 21 550 93 551 94 552 121 553 7 554 7 555 60 556 94 557 34 558 122 559 95 560 34 561 95 562 30 563 96 564 4 565 82 566 96 567 133 568 4 569 97 570 127 571 45 572 45 573 20 574 97 575 1 576 128 577 98 578 1 579 98 580 27 581 99 582 132 583 33 584 33 585 38 586 99 587 100 588 5 589 80 590 80 591 137 592 100 593 32 594 60 595 101 596 7 597 101 598 60 599 102 600 126 601 48 602 48 603 59 604 102 605 103 606 120 607 3 608 3 609 65 610 103 611 81 612 104 613 24 614 104 615 117 616 24 617 37 618 105 619 57 620 105 621 119 622 57 623 32 624 106 625 46 626 106 627 123 628 46 629 56 630 8 631 107 632 8 633 124 634 107 635 108 636 125 637 15 638 74 639 108 640 15 641 49 642 109 643 6 644 109 645 129 646 6 647 41 648 64 649 110 650 64 651 130 652 110 653 31 654 111 655 51 656 111 657 131 658 51 659 18 660 112 661 0 662 112 663 133 664 0 665 28 666 113 667 55 668 113 669 134 670 55 671 141 672 114 673 10 674 10 675 114 676 64 677 16 678 115 679 136 680 55 681 115 682 16 683 78 684 116 685 21 686 93 687 116 688 78 689 117 690 21 691 77 692 24 693 117 694 77 695 58 696 118 697 91 698 118 699 139 700 91 701 77 702 21 703 119 704 105 705 77 706 119 707 3 708 120 709 89 710 120 711 21 712 89 713 94 714 88 715 121 716 88 717 21 718 121 719 122 720 142 721 54 722 95 723 122 724 54 725 70 726 21 727 123 728 106 729 70 730 123 731 124 732 23 733 87 734 107 735 124 736 87 737 86 738 21 739 125 740 108 741 86 742 125 743 126 744 137 745 67 746 48 747 126 748 67 749 97 750 69 751 127 752 69 753 21 754 127 755 128 756 61 757 85 758 98 759 128 760 85 761 129 762 84 763 93 764 109 765 84 766 129 767 110 768 130 769 63 770 130 771 141 772 63 773 111 774 71 775 131 776 131 777 71 778 93 779 99 780 83 781 132 782 132 783 83 784 144 785 112 786 62 787 133 788 133 789 62 790 4 791 134 792 79 793 143 794 113 795 79 796 134 797 36 798 72 799 135 800 72 801 144 802 135 803 68 804 136 805 82 806 136 807 96 808 82 809 23 810 137 811 80 812 137 813 23 814 67 815 90 816 138 817 25 818 90 819 141 820 138 821 61 822 139 823 118 824 139 825 61 826 128 827 80 828 140 829 142 830 80 831 66 832 140 833 141 834 11 835 63 836 11 837 141 838 90 839 23 840 80 841 142 842 23 843 142 844 122 845 143 846 96 847 136 848 143 849 79 850 96 851 4 852 62 853 144 854 4 855 144 856 72 857</p>
        </triangles>
      </mesh>
    </geometry>
    <geometry id="FBXASC227FBXASC130FBXASC189FBXASC227FBXASC131FBXASC170FBXASC227FBXASC131FBXASC131FBXASC227FBXASC131FBXASC1377-lib" name="FBXASC227FBXASC130FBXASC189FBXASC227FBXASC131FBXASC170FBXASC227FBXASC131FBXASC131FBXASC227FBXASC131FBXASC1377Mesh">
      <mesh>
        <source id="FBXASC227FBXASC130FBXASC189FBXASC227FBXASC131FBXASC170FBXASC227FBXASC131FBXASC131FBXASC227FBXASC131FBXASC1377-POSITION">
          <float_array id="FBXASC227FBXASC130FBXASC189FBXASC227FBXASC131FBXASC170FBXASC227FBXASC131FBXASC131FBXASC227FBXASC131FBXASC1377-POSITION-array" count="1140">-6.5898e-05 0.001490157 -0.000193828 -0.000163978 0.001490157 0.000122569 0.000163978 0.001490157 -0.000122569 0.000122569 0.001490157 0.000163978 -0.000195545 0.001490157 -6.0617e-05 2.777e-06 0.001490157 0.000204706 0.000195545 0.001490157 6.0617e-05 6.0617e-05 0.001490157 -0.000195545 -0.000193828 0.001490157 6.5898e-05 0.000176591 0.001482283 8.6981e-05 -0.000121541 0.001495067 -0.000162602 0.000193828 0.001490157 -6.5898e-05 -0.000113535 0.001395669 0.00016081 6.3364e-05 0.001395669 0.000186374 -9.1739e-05 0.001395669 -0.000174167 -0.000194827 0.001395669 -2.8154e-05 -6.0617e-05 0.001490157 0.000195545 0.000186374 0.001395669 -6.3364e-05 8.6981e-05 0.001395669 -0.000176591 0.000167242 0.001490157 0.000118076 0.00016081 0.001395669 0.000113535 -2.777e-06 0.001490157 -0.000204706 -5.8285e-05 0.001395669 0.000188024 0.000118076 0.001490157 -0.000167242 -0.000141069 0.001482283 -0.000137293 -0.000118076 0.001490157 0.000167242 -0.00021426 0.00151378 5.1971e-05 0.000126656 0.00151378 0.000180462 -0.000167242 0.001490157 -0.000118076 3.3726e-05 0.001497834 0.000195718 -0.000174167 0.001395669 9.1739e-05 -3.3429e-05 0.001395669 -0.000193991 0.000157671 0.001395669 -0.000117855 0.00021426 0.00151378 -5.1971e-05 -0.000204706 0.001490157 2.777e-06 0.000188024 0.001395669 5.8285e-05 0.000206306 0.00151378 7.7756e-05 -0.000206306 0.00151378 -7.7756e-05 -0.000176591 0.001395669 -8.6981e-05 -0.000147753 0.00151378 0.000163637 9.2956e-05 0.00151378 -0.000199918 -0.000196832 0.001482283 2.67e-06 0.000189422 0.00151378 -0.000112816 6.5898e-05 0.001490157 0.000193828 -2.99e-05 0.00151378 0.000218436 0.000193991 0.001482283 -3.3429e-05 -3.3726e-05 0.001497834 -0.000195718 8.7755e-05 0.001497834 -0.000178163 0.000174221 0.00151378 0.000135112 -0.000152138 0.00151378 -0.000159569 9.1739e-05 0.001482283 0.000174167 -5.8285e-05 0.001482283 0.000188024 -9.2556e-05 0.001497834 -0.000175717 2.67e-06 0.001395669 0.000196832 -0.000113535 0.001482283 0.00016081 0.000137293 0.001482283 -0.000141069 5.8285e-05 0.001395669 -0.000188024 0.000204706 0.001490157 -2.777e-06 0.000142325 0.001497834 0.000138515 -0.000220059 0.00151378 -1.3492e-05 -0.000141069 0.001395669 -0.000137293 2.8154e-05 0.001482283 -0.000194827 -0.000178163 0.001497834 -8.7755e-05 -0.000189422 0.00151378 0.000112816 -2.99e-06 0.00151378 -0.000220452 0.000196832 0.001395669 -2.67e-06 3.5814e-05 0.00151378 0.000217544 -0.000193991 0.001395669 3.3429e-05 0.000220059 0.00151378 1.3492e-05 6.2122e-05 0.00151378 -0.00021154 0.000174167 0.001482283 -9.1739e-05 0.000117855 0.001395669 0.000157671 -0.00021426 0.001490157 5.1971e-05 0.00021426 0.001490157 -5.1971e-05 0.000194827 0.001482283 2.8154e-05 -2.8154e-05 0.001482283 0.000194827 0.000147753 0.00151378 -0.000163637 -0.000151989 0.001493574 0.000113608 -9.2956e-05 0.00151378 0.000199918 -0.000186374 0.001482283 6.3364e-05 -0.00016081 0.001482283 -0.000113535 -6.7837e-05 0.00151378 -0.000209777 -8.7755e-05 0.001497834 0.000178163 -6.3364e-05 0.001482283 -0.000186374 3.3429e-05 0.001395669 0.000193991 -3.3429e-05 0.001482283 -0.000193991 0.000178163 0.001497834 8.7755e-05 0.000138515 0.001497834 -0.000142325 -0.000137293 0.001395669 0.000141069 -0.000188024 0.001482283 -5.8285e-05 -2.8405e-05 0.001497834 0.000196561 -0.000195718 0.001497834 3.3726e-05 0.000195718 0.001497834 -3.3726e-05 -0.000138515 0.001497834 0.000142325 3.3429e-05 0.001482283 0.000193991 0.000141069 0.001482283 0.000137293 -0.000146712 0.001490157 -0.000142785 -0.000175717 0.001497834 9.2556e-05 0.000175717 0.001497834 -9.2556e-05 0.000152138 0.001490157 0.000159569 2.928e-05 0.001490157 -0.00020262 -0.000174221 0.00151378 -0.000135112 -0.00021559 0.001490157 -4.614e-05 0.00021559 0.001490157 4.614e-05 9.8345e-05 0.001490157 0.000197323 0.000113535 0.001482283 -0.00016081 9.2956e-05 0.001490157 -0.000199918 -0.000192412 0.001490157 -0.000107636 0.000192412 0.001490157 0.000107636 3.5814e-05 0.001490157 0.000217544 0.000196832 0.001482283 -2.67e-06 -9.8345e-05 0.001490157 -0.000197323 -0.000193991 0.001482283 3.3429e-05 0.000147753 0.001490157 -0.000163637 -0.000189422 0.001490157 0.000112816 0.000189422 0.001490157 -0.000112816 -9.2956e-05 0.001490157 0.000199918 -3.5814e-05 0.001490157 -0.000217544 9.2556e-05 0.001497834 0.000175717 -0.000147753 0.001490157 0.000163637 2.8154e-05 0.001395669 -0.000194827 -8.6981e-05 0.001395669 0.000176591 -6.2122e-05 0.00151378 0.00021154 0.000113535 0.001395669 -0.00016081 -2.67e-06 0.001395669 -0.000196832 8.3846e-05 0.001493574 -0.000170227 -0.000219612 0.001490157 1.9457e-05 0.000219612 0.001490157 -1.9457e-05 -0.000126656 0.00151378 -0.000180462 0.000152138 0.00151378 0.000159569 0.000137293 0.001395669 -0.000141069 -2.67e-06 0.001482283 -0.000196832 -8.6981e-05 0.001482283 0.000176591 -9.8345e-05 0.00151378 -0.000197323 -0.000192412 0.00151378 -0.000107636 0.000206306 0.001490157 7.7756e-05 -0.000206306 0.001490157 -7.7756e-05 -0.000117855 0.001395669 -0.000157671 -3.5814e-05 0.00151378 -0.000217544 -0.00021559 0.00151378 -4.614e-05 2.99e-05 0.00151378 -0.000218436 -0.000219612 0.00151378 1.9457e-05 0.000194827 0.001395669 2.8154e-05 -0.000204121 0.00151378 8.3324e-05 -2.99e-05 0.001490157 0.000218436 0.000192412 0.00151378 0.000107636 -0.000196832 0.001395669 2.67e-06 -0.000117855 0.001482283 -0.000157671 0.000157671 0.001482283 -0.000117855 0.000117855 0.001482283 0.000157671 9.8345e-05 0.00151378 0.000197323 -0.000170492 0.00151378 0.000139788 -2.8154e-05 0.001395669 0.000194827 9.1739e-05 0.001395669 0.000174167 0.00021559 0.00151378 4.614e-05 6.7837e-05 0.00151378 0.000209777 0.000219612 0.00151378 -1.9457e-05 -6.3364e-05 0.001395669 -0.000186374 -0.000220059 0.001490157 -1.3492e-05 0.000220059 0.001490157 1.3492e-05 0.000204121 0.00151378 -8.3324e-05 0.000174167 0.001395669 -9.1739e-05 0.000170492 0.00151378 -0.000139788 -0.000126656 0.001490157 -0.000180462 -0.000121714 0.00151378 0.000183831 0.000121714 0.00151378 -0.000183831 -0.000204121 0.001490157 8.3324e-05 0.000204121 0.001490157 -8.3324e-05 -0.000170227 0.001493574 -8.3846e-05 0.000193991 0.001395669 -3.3429e-05 -0.00016081 0.001395669 -0.000113535 0.000170492 0.001490157 -0.000139788 -0.000170492 0.001490157 0.000139788 -0.000174167 0.001482283 9.1739e-05 3.2224e-05 0.001493574 0.000187 -0.000188024 0.001395669 -5.8285e-05 0.000188024 0.001482283 5.8285e-05 -0.000174221 0.001490157 -0.000135112 0.000174221 0.001490157 0.000135112 2.99e-06 0.00151378 0.000220452 0.000135986 0.001493574 0.000132346 0.000176591 0.001395669 8.6981e-05 0.000121714 0.001490157 -0.000183831 -0.000121714 0.001490157 0.000183831 -0.00020262 0.001490157 -2.928e-05 0.00020262 0.001490157 2.928e-05 -0.000152138 0.001490157 -0.000159569 2.67e-06 0.001482283 0.000196832 0.000126656 0.001490157 0.000180462 6.3364e-05 0.001482283 0.000186374 0.000186374 0.001482283 -6.3364e-05 5.8285e-05 0.001482283 -0.000188024 -0.000194827 0.001482283 -2.8154e-05 0.000141069 0.001395669 0.000137293 -9.1739e-05 0.001482283 -0.000174167 -0.000113608 0.001493574 -0.000151989 -0.000137293 0.001482283 0.000141069 -0.000187 0.001493574 3.2224e-05 0.000187 0.001493574 -3.2224e-05 -0.000186374 0.001395669 6.3364e-05 2.99e-06 0.001490157 0.000220452 -6.2122e-05 0.001490157 0.00021154 6.2122e-05 0.001490157 -0.00021154 -0.000176591 0.001482283 -8.6981e-05 2.99e-05 0.001490157 -0.000218436 -0.000157671 0.001395669 0.000117855 0.00016081 0.001482283 0.000113535 -6.7837e-05 0.001490157 -0.000209777 6.7837e-05 0.001490157 0.000209777 -0.000157671 0.001482283 0.000117855 8.6981e-05 0.001482283 -0.000176591 0.000187805 0.001493574 2.714e-05 8.8433e-05 0.001493574 0.00016789 -6.108e-05 0.001493574 -0.000179657 -2.99e-06 0.001490157 -0.000220452 -2.574e-06 0.001493574 -0.000189739 -2.714e-05 0.001493574 0.000187805 -0.000187805 0.001493574 -2.714e-05 -8.3846e-05 0.001493574 0.000170227 0.000142785 0.001490157 -0.000146712 0.000132346 0.001493574 -0.000135986 0.000170227 0.001493574 8.3846e-05 -0.000183655 0.001490157 -9.046e-05 0.000183655 0.001490157 9.046e-05 9.046e-05 0.001490157 -0.000183655 -9.5409e-05 0.001490157 -0.000181133 -2.928e-05 0.001490157 0.00020262 0.000146712 0.001490157 0.000142785 -9.046e-05 0.001490157 0.000183655 -0.000142785 0.001490157 0.000146712 -0.000201751 0.001490157 3.4766e-05 0.000201751 0.001490157 -3.4766e-05 3.4766e-05 0.001490157 0.000201751 -0.000181133 0.001490157 9.5409e-05 0.000181133 0.001490157 -9.5409e-05 -3.4766e-05 0.001490157 -0.000201751 0.000151989 0.001493574 -0.000113608 9.5409e-05 0.001490157 0.000181133 -0.000196561 0.001497834 -2.8405e-05 2.8405e-05 0.001497834 -0.000196561 0.000196561 0.001497834 2.8405e-05 -0.00011581 0.001497252 -0.000154935 -0.000122569 0.001490157 -0.000163978 5.7274e-05 0.001497252 -0.000184761 0.000184761 0.001497252 5.7274e-05 -3.2595e-05 0.001484001 -0.000189153 0.000189153 0.001484001 -3.2595e-05 -0.000189153 0.001484001 3.2595e-05 3.2595e-05 0.001484001 0.000189153 -0.000114916 0.001484001 -0.000153739 -0.000179657 0.001493574 6.108e-05 0.000179657 0.001493574 -6.108e-05 -0.000132346 0.001493574 0.000135986 -0.000135986 0.001493574 -0.000132346 -8.4812e-05 0.001484001 0.000172187 0.000172187 0.001484001 8.4812e-05 -0.000172187 0.001484001 -8.4812e-05 -0.000189968 0.001484001 -2.7452e-05 -2.7452e-05 0.001484001 0.000189968 0.000189968 0.001484001 2.7452e-05 0.000154935 0.001497252 -0.00011581 0.00011581 0.001497252 0.000154935 -6.2264e-05 0.001497252 -0.000183139 -8.5471e-05 0.001497252 0.000173526 -0.000183139 0.001497252 6.2264e-05 0.000183139 0.001497252 -6.2264e-05 6.3928e-05 0.001497834 0.000188032 -0.000154935 0.001497252 0.00011581 6.108e-05 0.001493574 0.000179657 5.6185e-05 0.001493574 -0.000181248 -0.000158019 0.001497252 -0.000111565 -0.000184761 0.001497252 -5.7274e-05 0.000193416 0.001497252 -2.624e-06 -0.000193416 0.001497252 2.624e-06 -2.624e-06 0.001497252 -0.000193416 -2.7666e-05 0.001497252 0.000191445 2.714e-05 0.001493574 -0.000187805 0.000113608 0.001493574 0.000151989 -3.2224e-05 0.001493574 -0.000187 -5.6185e-05 0.001493574 0.000181248 0.000181248 0.001493574 5.6185e-05 0.000162602 0.001495067 -0.000121541 -0.000162602 0.001495067 0.000121541 0.000121541 0.001495067 0.000162602 2.7452e-05 0.001484001 -0.000189968 0.000110703 0.001484001 -0.0001568 0.000114916 0.001484001 0.000153739 0.000153739 0.001484001 -0.000114916 -0.000153739 0.001484001 0.000114916 0.0001568 0.001484001 0.000110703 -0.0001568 0.001484001 -0.000110703 -0.000110703 0.001484001 0.0001568 -0.000169823 0.001484001 8.9451e-05 -8.9451e-05 0.001484001 -0.000169823 8.9451e-05 0.001484001 0.000169823 0.000169823 0.001484001 -8.9451e-05 -0.000142325 0.001497834 -0.000138515 0.000202988 0.001495067 -2.754e-06 2.754e-06 0.001495067 0.000202988 -0.000202988 0.001495067 2.754e-06 -2.754e-06 0.001495067 -0.000202988 -0.000109443 0.001493574 0.000155015 0.000155015 0.001493574 0.000109443 -0.000155015 0.001493574 -0.000109443 0.000109443 0.001493574 -0.000155015 0.000189739 0.001493574 -2.574e-06 2.574e-06 0.001493574 0.000189739 -0.000189739 0.001493574 2.574e-06 -0.00016789 0.001493574 8.8433e-05 -8.8433e-05 0.001493574 -0.00016789 0.00016789 0.001493574 -8.8433e-05 -0.000181248 0.001493574 -5.6185e-05 2.9035e-05 0.001495067 -0.00020092 -0.00020092 0.001495067 -2.9035e-05 0.00020092 0.001495067 2.9035e-05 -2.9035e-05 0.001495067 0.00020092 -0.000117086 0.001495067 0.000165839 0.000165839 0.001495067 0.000117086 0.000117086 0.001495067 -0.000165839 -0.000165839 0.001495067 -0.000117086 -0.000137551 0.001484001 -0.000133869 0.000191923 0.001484001 -2.603e-06 2.603e-06 0.001484001 0.000191923 -0.000191923 0.001484001 2.603e-06 -5.6832e-05 0.001484001 0.000183334 -0.000183334 0.001484001 -5.6832e-05 0.000183334 0.001484001 5.6832e-05 0.000181725 0.001484001 -6.1784e-05 6.1784e-05 0.001484001 0.000181725 -0.000181725 0.001484001 6.1784e-05 -6.1784e-05 0.001484001 -0.000181725 8.5471e-05 0.001497252 -0.000173526 0.000173526 0.001497252 8.5471e-05 -9.0147e-05 0.001497252 -0.000171144 -0.000111565 0.001497252 0.000158019 8.4812e-05 0.001484001 -0.000172187 5.6832e-05 0.001484001 -0.000183334 -2.603e-06 0.001484001 -0.000191923 0.000137551 0.001484001 0.000133869 0.000133869 0.001484001 -0.000137551 -0.000133869 0.001484001 0.000137551 2.624e-06 0.001497252 0.000193416 0.000111565 0.001497252 -0.000158019 0.000158019 0.001497252 0.000111565 9.0147e-05 0.001497252 0.000171144 0.000193904 0.001495067 6.0108e-05 -6.0108e-05 0.001495067 0.000193904 6.0108e-05 0.001495067 -0.000193904 -0.000193904 0.001495067 -6.0108e-05 -6.3928e-05 0.001497834 -0.000188032 0.000188032 0.001497834 -6.3928e-05 -0.000188032 0.001497834 6.3928e-05 -5.8804e-05 0.001497834 0.000189697 -0.000134911 0.001497252 0.000138621 0.000138621 0.001497252 0.000134911 -0.000138621 0.001497252 -0.000134911 0.000134911 0.001497252 -0.000138621 -0.000173526 0.001497252 -8.5471e-05 2.7666e-05 0.001497252 -0.000191445 0.000191445 0.001497252 2.7666e-05 -0.000191445 0.001497252 -2.7666e-05 -3.2848e-05 0.001497252 -0.000190624 -0.000190624 0.001497252 3.2848e-05 0.000190624 0.001497252 -3.2848e-05 -0.000171144 0.001497252 9.0147e-05 0.000171144 0.001497252 -9.0147e-05 -5.7274e-05 0.001497252 0.000184761 6.2264e-05 0.001497252 0.000183139 3.2848e-05 0.001497252 0.000190624 -0.000114546 0.001497834 0.000162241 0.000114546 0.001497834 -0.000162241 -0.000162241 0.001497834 -0.000114546 0.000162241 0.001497834 0.000114546 0.000189697 0.001497834 5.8804e-05 5.8804e-05 0.001497834 -0.000189697 -0.000189697 0.001497834 -5.8804e-05 0.000198584 0.001497834 -2.694e-06 -2.694e-06 0.001497834 -0.000198584 -0.000198584 0.001497834 2.694e-06 2.694e-06 0.001497834 0.000198584</float_array>
          <technique_common>
            <accessor source="#FBXASC227FBXASC130FBXASC189FBXASC227FBXASC131FBXASC170FBXASC227FBXASC131FBXASC131FBXASC227FBXASC131FBXASC1377-POSITION-array" count="380" stride="3">
              <param name="X" type="float"/>
              <param name="Y" type="float"/>
              <param name="Z" type="float"/>
            </accessor>
          </technique_common>
        </source>
        <source id="FBXASC227FBXASC130FBXASC189FBXASC227FBXASC131FBXASC170FBXASC227FBXASC131FBXASC131FBXASC227FBXASC131FBXASC1377-Normal0">
          <float_array id="FBXASC227FBXASC130FBXASC189FBXASC227FBXASC131FBXASC170FBXASC227FBXASC131FBXASC131FBXASC227FBXASC131FBXASC1377-Normal0-array" count="6804">
-0.000000 -2.540000 -0.000000
-0.000000 -2.540000 -0.000000
-0.000000 -2.540000 -0.000000
0.000000 2.540000 0.000000
0.000000 2.540000 0.000000
0.000000 2.540000 0.000000
-0.000000 -2.540000 -0.000000
-0.000000 -2.540000 -0.000000
-0.000000 -2.540000 -0.000000
0.000000 2.540000 0.000000
0.000000 2.540000 0.000000
0.000000 2.540000 0.000000
0.000000 2.540000 0.000000
0.000000 2.540000 0.000000
0.000000 2.540000 0.000000
-0.000000 -2.540000 -0.000000
-0.000000 -2.540000 -0.000000
-0.000000 -2.540000 -0.000000
-0.000000 -2.540000 -0.000000
-0.000000 -2.540000 -0.000000
-0.000000 -2.540000 -0.000000
0.000000 2.540000 0.000000
0.000000 2.540000 0.000000
0.000000 2.540000 0.000000
2.185848 -1.102065 0.677587
0.988643 -2.288461 0.486962
2.052938 -1.102065 1.011187
0.000000 2.540000 0.000000
0.000000 2.540000 0.000000
0.000000 2.540000 0.000000
0.000000 2.540000 0.000000
0.000000 2.540000 0.000000
0.000000 2.540000 0.000000
-0.000000 -2.540000 -0.000000
-0.000000 -2.540000 -0.000000
-0.000000 -2.540000 -0.000000
0.000000 2.540000 0.000000
0.000000 2.540000 0.000000
0.000000 2.540000 0.000000
-2.404815 0.000000 0.817597
-2.503108 0.000000 0.431335
-2.404815 0.000000 0.817597
-0.000000 -2.540000 -0.000000
-0.000000 -2.540000 -0.000000
-0.000000 -2.540000 -0.000000
2.052938 -1.102065 1.011187
2.365280 0.565203 0.733209
2.185848 -1.102065 0.677587
-0.900293 -2.288461 -0.635624
0.405043 -2.476317 0.394201
-0.789776 -2.288461 -0.768636
0.000000 2.540000 0.000000
0.000000 2.540000 0.000000
0.000000 2.540000 0.000000
0.000000 2.540000 0.000000
0.000000 2.540000 0.000000
0.000000 2.540000 0.000000
1.464965 -0.000000 -2.074965
1.464965 -0.000000 -2.074965
1.771524 -0.000000 -1.820248
-2.247307 0.000000 1.183727
-2.034463 0.000000 1.520710
-2.247307 0.000000 1.183727
-1.464965 0.000000 2.074965
-1.122332 0.000000 2.278589
-1.464965 0.000000 2.074965
0.817597 -0.000000 2.404815
0.431335 -0.000000 2.503108
0.817597 -0.000000 2.404815
1.520710 -0.000000 2.034463
1.183727 -0.000000 2.247307
1.520710 -0.000000 2.034463
-0.034452 0.000000 -2.539766
0.363279 -0.000000 -2.513887
-0.034452 0.000000 -2.539766
-1.183727 0.000000 -2.247307
-1.520710 0.000000 -2.034463
-1.183727 0.000000 -2.247307
-2.074965 0.000000 -1.464965
-1.820248 0.000000 -1.771524
-2.074965 0.000000 -1.464965
-2.513887 0.000000 -0.363279
-2.426108 0.000000 -0.752065
-2.513887 0.000000 -0.363279
0.431335 -0.000000 2.503108
0.034452 -0.000000 2.539766
0.431335 -0.000000 2.503108
-1.070923 0.000000 2.303199
-1.070923 0.000000 2.303199
-0.715687 0.000000 2.437087
2.034463 -0.000000 -1.520710
2.247307 -0.000000 -1.183727
2.034463 -0.000000 -1.520710
2.539766 -0.000000 -0.034452
2.539766 -0.000000 -0.034452
2.513887 -0.000000 0.363279
1.464965 -0.000000 -2.074965
1.464965 -0.000000 -2.074965
1.122332 -0.000000 -2.278589
0.363279 -0.000000 -2.513887
0.363279 -0.000000 -2.513887
-0.034452 0.000000 -2.539766
-0.559393 -2.476317 -0.080837
-0.565151 -2.476317 0.007666
-1.985669 -1.583664 0.026936
0.000000 2.540000 0.000000
0.000000 2.540000 0.000000
0.000000 2.540000 0.000000
2.513887 -0.000000 0.363279
2.539766 -0.000000 -0.034452
2.513887 -0.000000 0.363279
2.074965 -0.000000 1.464965
2.074965 -0.000000 1.464965
1.820248 -0.000000 1.771524
-0.431335 0.000000 -2.503108
-0.431335 0.000000 -2.503108
-0.817597 0.000000 -2.404815
0.000000 2.540000 0.000000
0.000000 2.540000 0.000000
0.000000 2.540000 0.000000
0.034452 -0.000000 2.539766
0.034452 -0.000000 2.539766
0.431335 -0.000000 2.503108
-1.122332 0.000000 2.278589
-1.122332 0.000000 2.278589
-1.464965 0.000000 2.074965
0.000000 2.540000 0.000000
0.000000 2.540000 0.000000
0.000000 2.540000 0.000000
2.166663 -1.102065 -0.736630
2.024754 -1.102065 -1.066501
0.975070 -2.288461 -0.513600
-1.639986 -1.102065 -1.596088
-2.022941 0.565203 -1.428235
-1.869479 -1.102065 -1.319887
-2.278589 0.000000 -1.122332
-2.278589 0.000000 -1.122332
-2.426108 0.000000 -0.752065
-0.768636 -2.288461 0.789776
-1.596088 -1.102065 1.639986
-0.635624 -2.288461 0.900293
-2.182276 0.000000 1.299720
-2.182276 0.000000 1.299720
-1.964188 0.000000 1.610454
-2.351615 0.000000 0.959952
-2.182276 0.000000 1.299720
-2.182276 0.000000 1.299720
0.559393 -2.476317 0.080837
0.565151 -2.476317 -0.007666
1.985669 -1.583664 -0.026936
-0.925475 -1.583664 -1.757016
-0.817597 -0.000000 -2.404815
-0.639223 -1.583664 -1.880160
1.752735 -0.000000 1.838347
1.459167 -0.000000 2.079046
1.459167 -0.000000 2.079046
1.622273 -1.583664 1.145355
0.405043 -2.476317 0.394201
0.461723 -2.476317 0.325985
-2.007150 0.000000 -1.556582
-2.007150 0.000000 -1.556582
-2.216728 0.000000 -1.240046
0.000000 2.540000 0.000000
0.000000 2.540000 0.000000
0.000000 2.540000 0.000000
-0.157621 -2.288461 1.090735
-0.327303 -1.102065 2.264934
0.014948 -2.288461 1.101963
-0.000000 -2.540000 -0.000000
-0.000000 -2.540000 -0.000000
-0.000000 -2.540000 -0.000000
-2.034463 0.000000 1.520710
-2.034463 0.000000 1.520710
-2.247307 0.000000 1.183727
-0.817597 0.000000 -2.404815
-0.431335 0.000000 -2.503108
-0.817597 0.000000 -2.404815
-0.000000 -2.540000 -0.000000
-0.000000 -2.540000 -0.000000
-0.000000 -2.540000 -0.000000
2.247307 -0.000000 -1.183727
2.247307 -0.000000 -1.183727
2.034463 -0.000000 -1.520710
-0.000000 -2.540000 -0.000000
-0.000000 -2.540000 -0.000000
-0.000000 -2.540000 -0.000000
2.351615 -0.000000 -0.959952
2.351615 -0.000000 -0.959952
2.468423 -0.000000 -0.598740
-0.000000 -2.540000 -0.000000
-0.000000 -2.540000 -0.000000
-0.000000 -2.540000 -0.000000
-2.468423 0.000000 0.598740
-2.351615 0.000000 0.959952
-2.351615 0.000000 0.959952
-2.530090 0.000000 0.224153
-2.535239 0.000000 -0.155441
-2.535239 0.000000 -0.155441
2.278589 -0.000000 1.122332
2.278589 -0.000000 1.122332
2.426108 -0.000000 0.752065
-0.000000 -2.540000 -0.000000
-0.000000 -2.540000 -0.000000
-0.000000 -2.540000 -0.000000
2.216728 -0.000000 1.240046
2.376789 -0.000000 0.895810
2.376789 -0.000000 0.895810
2.530090 -0.000000 -0.224153
2.535239 -0.000000 0.155441
2.535239 -0.000000 0.155441
-2.535239 0.000000 -0.155441
-2.535239 0.000000 -0.155441
-2.483756 0.000000 -0.531563
-2.216728 0.000000 -1.240046
-2.376789 0.000000 -0.895810
-2.376789 0.000000 -0.895810
-2.426108 0.000000 -0.752065
-2.278589 0.000000 -1.122332
-2.426108 0.000000 -0.752065
-0.000000 -2.540000 -0.000000
-0.000000 -2.540000 -0.000000
-0.000000 -2.540000 -0.000000
-1.702224 0.000000 1.885214
-1.702224 0.000000 1.885214
-1.964188 0.000000 1.610454
-1.070923 0.000000 2.303199
-1.070923 0.000000 2.303199
-1.402235 0.000000 2.117861
1.070923 -0.000000 -2.303199
1.070923 -0.000000 -2.303199
1.402235 -0.000000 -2.117861
1.702224 -0.000000 -1.885214
1.702224 -0.000000 -1.885214
1.402235 -0.000000 -2.117861
-2.503108 0.000000 0.431335
-2.503108 0.000000 0.431335
-2.404815 0.000000 0.817597
-2.264934 -1.102065 -0.327303
-2.476089 0.565203 0.033589
-2.288250 -1.102065 0.031041
1.964188 -0.000000 -1.610454
1.702224 -0.000000 -1.885214
1.702224 -0.000000 -1.885214
2.182276 -0.000000 -1.299720
2.182276 -0.000000 -1.299720
2.351615 -0.000000 -0.959952
0.781531 -0.000000 2.416777
0.781531 -0.000000 2.416777
1.133004 -0.000000 2.273302
1.133004 -0.000000 2.273302
1.459167 -0.000000 2.079046
1.459167 -0.000000 2.079046
-0.715687 0.000000 2.437087
-0.344465 0.000000 2.516534
-0.344465 0.000000 2.516534
0.412600 -0.000000 2.506264
0.034452 -0.000000 2.539766
0.034452 -0.000000 2.539766
1.090735 -2.288461 0.157621
2.264934 -1.102065 0.327303
1.101963 -2.288461 -0.014948
2.404815 -0.000000 -0.817597
2.404815 -0.000000 -0.817597
2.503108 -0.000000 -0.431335
-0.412600 0.000000 -2.506264
-0.412600 0.000000 -2.506264
-0.781531 0.000000 -2.416777
-0.080837 -2.476317 0.559393
0.007666 -2.476317 0.565151
0.026936 -1.583664 1.985669
-0.587988 -1.583664 1.896807
-0.167350 -2.476317 0.539860
-0.284023 -1.583664 1.965436
-0.000000 -2.540000 -0.000000
-0.000000 -2.540000 -0.000000
-0.000000 -2.540000 -0.000000
2.007150 -0.000000 1.556582
2.007150 -0.000000 1.556582
1.752735 -0.000000 1.838347
2.216728 -0.000000 1.240046
2.007150 -0.000000 1.556582
2.007150 -0.000000 1.556582
-1.459167 0.000000 -2.079046
-1.459167 0.000000 -2.079046
-1.133004 0.000000 -2.273302
-1.752735 0.000000 -1.838347
-2.007150 0.000000 -1.556582
-2.007150 0.000000 -1.556582
1.066501 -1.102065 2.024754
1.482582 0.565203 1.983455
1.370112 -1.102065 1.832988
1.183727 -0.000000 2.247307
1.183727 -0.000000 2.247307
1.520710 -0.000000 2.034463
-0.327303 -1.102065 2.264934
0.033589 0.565203 2.476089
0.031041 -1.102065 2.288250
-1.596088 -1.102065 1.639986
-1.319887 -1.102065 1.869479
-0.635624 -2.288461 0.900293
-1.459167 0.000000 -2.079046
-1.133004 0.000000 -2.273302
-1.133004 0.000000 -2.273302
0.337232 -1.583664 1.957009
0.639223 -1.583664 1.880160
0.817597 -0.000000 2.404815
-0.363279 0.000000 2.513887
-0.752065 0.000000 2.426108
-0.363279 0.000000 2.513887
-0.000000 -2.540000 -0.000000
-0.000000 -2.540000 -0.000000
-0.000000 -2.540000 -0.000000
-1.771524 0.000000 1.820248
-2.034463 0.000000 1.520710
-1.771524 0.000000 1.820248
-1.596088 -1.102065 1.639986
-1.428235 0.565203 2.022941
-1.319887 -1.102065 1.869479
1.011187 -1.102065 -2.052938
0.635624 -2.288461 -0.900293
1.319887 -1.102065 -1.869479
1.596088 -1.102065 -1.639986
1.832988 -1.102065 -1.370112
1.983455 0.565203 -1.482582
1.122332 -0.000000 -2.278589
0.752065 -0.000000 -2.426108
1.122332 -0.000000 -2.278589
-0.000000 -2.540000 -0.000000
-0.000000 -2.540000 -0.000000
-0.000000 -2.540000 -0.000000
-1.965436 -1.583664 -0.284023
-0.559393 -2.476317 -0.080837
-1.985669 -1.583664 0.026936
2.483756 -0.000000 0.531563
2.535239 -0.000000 0.155441
2.535239 -0.000000 0.155441
-0.263404 -2.476317 -0.500073
0.513600 -2.288461 0.975070
-0.338390 -2.476317 -0.452711
-0.000000 -2.540000 -0.000000
-0.000000 -2.540000 -0.000000
-0.000000 -2.540000 -0.000000
0.000000 2.540000 0.000000
0.000000 2.540000 0.000000
0.000000 2.540000 0.000000
-2.483756 0.000000 -0.531563
-2.376789 0.000000 -0.895810
-2.376789 0.000000 -0.895810
-0.000000 -2.540000 -0.000000
-0.000000 -2.540000 -0.000000
-0.000000 -2.540000 -0.000000
-1.520710 0.000000 -2.034463
-1.520710 0.000000 -2.034463
-1.183727 0.000000 -2.247307
0.752065 -0.000000 -2.426108
0.752065 -0.000000 -2.426108
1.122332 -0.000000 -2.278589
0.677587 -1.102065 -2.185848
0.354171 0.565203 -2.450859
0.327303 -1.102065 -2.264934
-0.000000 -2.540000 -0.000000
-0.000000 -2.540000 -0.000000
-0.000000 -2.540000 -0.000000
1.965436 -1.583664 0.284023
0.559393 -2.476317 0.080837
1.985669 -1.583664 -0.026936
-2.468423 0.000000 0.598740
-2.468423 0.000000 0.598740
-2.351615 0.000000 0.959952
0.000000 2.540000 0.000000
0.000000 2.540000 0.000000
0.000000 2.540000 0.000000
-0.034452 0.000000 -2.539766
-0.412600 0.000000 -2.506264
-0.412600 0.000000 -2.506264
0.344465 -0.000000 -2.516534
0.344465 -0.000000 -2.516534
-0.034452 0.000000 -2.539766
2.503108 -0.000000 -0.431335
2.404815 -0.000000 -0.817597
2.503108 -0.000000 -0.431335
-0.000000 -2.540000 -0.000000
-0.000000 -2.540000 -0.000000
-0.000000 -2.540000 -0.000000
0.412600 -0.000000 2.506264
0.781531 -0.000000 2.416777
0.781531 -0.000000 2.416777
0.412600 -0.000000 2.506264
0.412600 -0.000000 2.506264
0.034452 -0.000000 2.539766
-2.539766 0.000000 0.034452
-2.539766 0.000000 0.034452
-2.513887 0.000000 -0.363279
-0.000000 -2.540000 -0.000000
-0.000000 -2.540000 -0.000000
-0.000000 -2.540000 -0.000000
2.376789 -0.000000 0.895810
2.376789 -0.000000 0.895810
2.483756 -0.000000 0.531563
0.000000 2.540000 0.000000
0.000000 2.540000 0.000000
0.000000 2.540000 0.000000
0.715687 -0.000000 -2.437087
1.070923 -0.000000 -2.303199
1.070923 -0.000000 -2.303199
0.344465 -0.000000 -2.516534
0.344465 -0.000000 -2.516534
0.715687 -0.000000 -2.437087
2.166663 -1.102065 -0.736630
2.190963 0.565203 -1.154049
2.024754 -1.102065 -1.066501
2.344521 0.565203 -0.797098
2.190963 0.565203 -1.154049
2.166663 -1.102065 -0.736630
-0.000000 -2.540000 -0.000000
-0.000000 -2.540000 -0.000000
-0.000000 -2.540000 -0.000000
1.820248 -0.000000 1.771524
2.074965 -0.000000 1.464965
1.820248 -0.000000 1.771524
-2.530090 0.000000 0.224153
-2.530090 0.000000 0.224153
-2.535239 0.000000 -0.155441
-0.000000 -2.540000 -0.000000
-0.000000 -2.540000 -0.000000
-0.000000 -2.540000 -0.000000
2.351615 -0.000000 -0.959952
2.468423 -0.000000 -0.598740
2.468423 -0.000000 -0.598740
2.530090 -0.000000 -0.224153
2.530090 -0.000000 -0.224153
2.535239 -0.000000 0.155441
2.426108 -0.000000 0.752065
2.278589 -0.000000 1.122332
2.426108 -0.000000 0.752065
1.293719 1.985852 0.913390
-0.000000 2.540000 -0.000000
1.420677 1.985852 0.699763
-0.752065 0.000000 2.426108
-0.752065 0.000000 2.426108
-0.363279 0.000000 2.513887
-0.733209 0.565203 2.365280
-0.354171 0.565203 2.450859
-0.677587 -1.102065 2.185848
2.182276 -0.000000 -1.299720
2.182276 -0.000000 -1.299720
1.964188 -0.000000 -1.610454
0.000000 2.540000 0.000000
0.000000 2.540000 0.000000
0.000000 2.540000 0.000000
-0.975070 -2.288461 0.513600
-2.024754 -1.102065 1.066501
-0.882721 -2.288461 0.659811
-2.166663 -1.102065 0.736630
-2.024754 -1.102065 1.066501
-0.975070 -2.288461 0.513600
-1.402235 0.000000 2.117861
-1.702224 0.000000 1.885214
-1.702224 0.000000 1.885214
0.000000 2.540000 0.000000
0.000000 2.540000 0.000000
0.000000 2.540000 0.000000
-2.344521 0.565203 0.797098
-2.190963 0.565203 1.154049
-2.166663 -1.102065 0.736630
-2.166663 -1.102065 0.736630
-2.190963 0.565203 1.154049
-2.024754 -1.102065 1.066501
-1.293719 1.985852 -0.913390
-0.000000 2.540000 -0.000000
-1.420677 1.985852 -0.699763
-1.820248 0.000000 -1.771524
-1.820248 0.000000 -1.771524
-2.074965 0.000000 -1.464965
-1.133004 0.000000 -2.273302
-1.133004 0.000000 -2.273302
-0.781531 0.000000 -2.416777
-0.412600 0.000000 -2.506264
-0.781531 0.000000 -2.416777
-0.781531 0.000000 -2.416777
-1.070923 0.000000 2.303199
-0.715687 0.000000 2.437087
-0.715687 0.000000 2.437087
0.587988 -1.583664 -1.896807
0.167350 -2.476317 -0.539860
0.284023 -1.583664 -1.965436
-1.154049 0.565203 -2.190963
-1.482582 0.565203 -1.983455
-1.066501 -1.102065 -2.024754
-0.736630 -1.102065 -2.166663
-1.154049 0.565203 -2.190963
-1.066501 -1.102065 -2.024754
0.431335 -0.000000 2.503108
0.431335 -0.000000 2.503108
0.817597 -0.000000 2.404815
-0.000000 -2.540000 -0.000000
-0.000000 -2.540000 -0.000000
-0.000000 -2.540000 -0.000000
0.157621 -2.288461 -1.090735
0.327303 -1.102065 -2.264934
-0.014948 -2.288461 -1.101963
-0.797098 0.565203 -2.344521
-1.154049 0.565203 -2.190963
-0.736630 -1.102065 -2.166663
-0.000000 -2.540000 -0.000000
-0.000000 -2.540000 -0.000000
-0.000000 -2.540000 -0.000000
-1.622273 -1.583664 -1.145355
-0.405043 -2.476317 -0.394201
-0.461723 -2.476317 -0.325985
-1.145355 -1.583664 1.622273
-0.394201 -2.476317 0.405043
-0.325985 -2.476317 0.461723
1.702224 -0.000000 -1.885214
1.402235 -0.000000 -2.117861
1.402235 -0.000000 -2.117861
-1.464965 0.000000 2.074965
-1.464965 0.000000 2.074965
-1.771524 0.000000 1.820248
-0.000000 -2.540000 -0.000000
-0.000000 -2.540000 -0.000000
-0.000000 -2.540000 -0.000000
-2.022941 0.565203 -1.428235
-2.221461 0.565203 -1.094193
-1.869479 -1.102065 -1.319887
-2.365280 0.565203 -0.733209
-2.450859 0.565203 -0.354171
-2.185848 -1.102065 -0.677587
-0.026936 -1.583664 -1.985669
-0.007666 -2.476317 -0.565151
-0.337232 -1.583664 -1.957009
-0.344465 0.000000 2.516534
0.034452 -0.000000 2.539766
-0.344465 0.000000 2.516534
1.957009 -1.583664 -0.337232
1.880160 -1.583664 -0.639223
2.404815 -0.000000 -0.817597
-0.000000 -2.540000 -0.000000
-0.000000 -2.540000 -0.000000
-0.000000 -2.540000 -0.000000
-1.957009 -1.583664 0.337232
-1.880160 -1.583664 0.639223
-2.404815 -0.000000 0.817597
-0.000000 -2.540000 -0.000000
-0.000000 -2.540000 -0.000000
-0.000000 -2.540000 -0.000000
0.877475 -1.583664 -1.781473
1.145355 -1.583664 -1.622273
0.325985 -2.476317 -0.461723
-1.402235 0.000000 2.117861
-1.402235 0.000000 2.117861
-1.702224 0.000000 1.885214
0.797098 0.565203 2.344521
1.154049 0.565203 2.190963
0.736630 -1.102065 2.166663
0.033589 0.565203 2.476089
0.420521 0.565203 2.440350
0.031041 -1.102065 2.288250
2.022941 0.565203 1.428235
2.221461 0.565203 1.094193
1.869479 -1.102065 1.319887
1.774610 0.565203 1.727109
1.639986 -1.102065 1.596088
1.482582 0.565203 1.983455
-1.752735 0.000000 -1.838347
-1.752735 0.000000 -1.838347
-1.459167 0.000000 -2.079046
1.423127 -1.583664 1.385034
2.074965 -0.000000 1.464965
1.820248 -0.000000 1.771524
-2.182276 0.000000 1.299720
-1.964188 0.000000 1.610454
-1.964188 0.000000 1.610454
0.500073 -2.476317 -0.263404
0.452711 -2.476317 -0.338390
1.590608 -1.583664 -1.188939
-0.500073 -2.476317 0.263404
-0.452711 -2.476317 0.338390
-1.590608 -1.583664 1.188939
2.182276 -0.000000 -1.299720
1.964188 -0.000000 -1.610454
1.964188 -0.000000 -1.610454
-0.000000 -2.540000 -0.000000
-0.000000 -2.540000 -0.000000
-0.000000 -2.540000 -0.000000
1.752735 -0.000000 1.838347
1.752735 -0.000000 1.838347
1.459167 -0.000000 2.079046
0.344465 -0.000000 -2.516534
-0.034452 0.000000 -2.539766
-0.034452 0.000000 -2.539766
-0.284023 -1.583664 1.965436
-0.080837 -2.476317 0.559393
0.026936 -1.583664 1.985669
-1.752735 0.000000 -1.838347
-1.752735 0.000000 -1.838347
-2.007150 0.000000 -1.556582
0.000000 2.540000 0.000000
0.000000 2.540000 0.000000
0.000000 2.540000 0.000000
-0.000000 -2.540000 -0.000000
-0.000000 -2.540000 -0.000000
-0.000000 -2.540000 -0.000000
-2.483756 0.000000 -0.531563
-2.483756 0.000000 -0.531563
-2.376789 0.000000 -0.895810
2.376789 -0.000000 0.895810
2.483756 -0.000000 0.531563
2.483756 -0.000000 0.531563
-0.000000 -2.540000 -0.000000
-0.000000 -2.540000 -0.000000
-0.000000 -2.540000 -0.000000
0.781531 -0.000000 2.416777
1.133004 -0.000000 2.273302
1.133004 -0.000000 2.273302
-0.000000 -2.540000 -0.000000
-0.000000 -2.540000 -0.000000
-0.000000 -2.540000 -0.000000
1.094193 0.565203 -2.221461
1.011187 -1.102065 -2.052938
1.428235 0.565203 -2.022941
1.771524 -0.000000 -1.820248
1.464965 -0.000000 -2.074965
1.771524 -0.000000 -1.820248
-0.000000 -2.540000 -0.000000
-0.000000 -2.540000 -0.000000
-0.000000 -2.540000 -0.000000
0.715687 -0.000000 -2.437087
0.715687 -0.000000 -2.437087
1.070923 -0.000000 -2.303199
-2.007150 0.000000 -1.556582
-2.216728 0.000000 -1.240046
-2.216728 0.000000 -1.240046
-0.000000 -2.540000 -0.000000
-0.000000 -2.540000 -0.000000
-0.000000 -2.540000 -0.000000
2.216728 -0.000000 1.240046
2.216728 -0.000000 1.240046
2.007150 -0.000000 1.556582
-0.000000 -2.540000 -0.000000
-0.000000 -2.540000 -0.000000
-0.000000 -2.540000 -0.000000
-0.000000 -2.540000 -0.000000
-0.000000 -2.540000 -0.000000
-0.000000 -2.540000 -0.000000
-0.000000 -2.540000 -0.000000
-0.000000 -2.540000 -0.000000
-0.000000 -2.540000 -0.000000
2.539766 -0.000000 -0.034452
2.539766 -0.000000 -0.034452
2.503108 -0.000000 -0.431335
2.476089 0.565203 -0.033589
2.440350 0.565203 -0.420521
2.288250 -1.102065 -0.031041
-0.000000 -2.540000 -0.000000
-0.000000 -2.540000 -0.000000
-0.000000 -2.540000 -0.000000
-0.000000 -2.540000 -0.000000
-0.000000 -2.540000 -0.000000
-0.000000 -2.540000 -0.000000
-2.476089 0.565203 0.033589
-2.440350 0.565203 0.420521
-2.288250 -1.102065 0.031041
-2.539766 0.000000 0.034452
-2.503108 0.000000 0.431335
-2.539766 0.000000 0.034452
-0.000000 -2.540000 -0.000000
-0.000000 -2.540000 -0.000000
-0.000000 -2.540000 -0.000000
-0.000000 -2.540000 -0.000000
-0.000000 -2.540000 -0.000000
-0.000000 -2.540000 -0.000000
-0.000000 -2.540000 -0.000000
-0.000000 -2.540000 -0.000000
-0.000000 -2.540000 -0.000000
-0.000000 -2.540000 -0.000000
-0.000000 -2.540000 -0.000000
-0.000000 -2.540000 -0.000000
-0.000000 -2.540000 -0.000000
-0.000000 -2.540000 -0.000000
-0.000000 -2.540000 -0.000000
-0.000000 -2.540000 -0.000000
-0.000000 -2.540000 -0.000000
-0.000000 -2.540000 -0.000000
-0.000000 -2.540000 -0.000000
-0.000000 -2.540000 -0.000000
-0.000000 -2.540000 -0.000000
-0.000000 -2.540000 -0.000000
-0.000000 -2.540000 -0.000000
-0.000000 -2.540000 -0.000000
-0.000000 -2.540000 -0.000000
-0.000000 -2.540000 -0.000000
-0.000000 -2.540000 -0.000000
-0.000000 -2.540000 -0.000000
-0.000000 -2.540000 -0.000000
-0.000000 -2.540000 -0.000000
-0.263404 -2.476317 -0.500073
-0.338390 -2.476317 -0.452711
-1.188939 -1.583664 -1.590608
-0.000000 -2.540000 -0.000000
-0.000000 -2.540000 -0.000000
-0.000000 -2.540000 -0.000000
-0.000000 -2.540000 -0.000000
-0.000000 -2.540000 -0.000000
-0.000000 -2.540000 -0.000000
-0.000000 -2.540000 -0.000000
-0.000000 -2.540000 -0.000000
-0.000000 -2.540000 -0.000000
-0.000000 -2.540000 -0.000000
-0.000000 -2.540000 -0.000000
-0.000000 -2.540000 -0.000000
0.363279 -0.000000 -2.513887
0.363279 -0.000000 -2.513887
0.752065 -0.000000 -2.426108
-0.752065 0.000000 2.426108
-1.122332 0.000000 2.278589
-0.752065 0.000000 2.426108
-0.000000 -2.540000 -0.000000
-0.000000 -2.540000 -0.000000
-0.000000 -2.540000 -0.000000
-0.715687 0.000000 2.437087
-0.715687 0.000000 2.437087
-0.344465 0.000000 2.516534
0.000000 2.540000 0.000000
0.000000 2.540000 0.000000
0.000000 2.540000 0.000000
1.122332 -0.000000 -2.278589
1.464965 -0.000000 -2.074965
1.122332 -0.000000 -2.278589
-0.000000 -2.540000 -0.000000
-0.000000 -2.540000 -0.000000
-0.000000 -2.540000 -0.000000
-0.000000 -2.540000 -0.000000
-0.000000 -2.540000 -0.000000
-0.000000 -2.540000 -0.000000
-0.431335 0.000000 -2.503108
-0.431335 0.000000 -2.503108
-0.034452 0.000000 -2.539766
0.486962 -2.288461 -0.988643
0.635624 -2.288461 -0.900293
1.011187 -1.102065 -2.052938
0.327303 -1.102065 -2.264934
0.326309 -2.288461 -1.052649
0.677587 -1.102065 -2.185848
-0.000000 -2.540000 -0.000000
-0.000000 -2.540000 -0.000000
-0.000000 -2.540000 -0.000000
-2.468423 0.000000 0.598740
-2.468423 0.000000 0.598740
-2.530090 0.000000 0.224153
-0.000000 -2.540000 -0.000000
-0.000000 -2.540000 -0.000000
-0.000000 -2.540000 -0.000000
2.468423 -0.000000 -0.598740
2.468423 -0.000000 -0.598740
2.530090 -0.000000 -0.224153
0.000000 2.540000 0.000000
0.000000 2.540000 0.000000
0.000000 2.540000 0.000000
-1.752735 0.000000 -1.838347
-1.459167 0.000000 -2.079046
-1.459167 0.000000 -2.079046
2.007150 -0.000000 1.556582
1.752735 -0.000000 1.838347
1.752735 -0.000000 1.838347
0.000000 2.540000 0.000000
0.000000 2.540000 0.000000
0.000000 2.540000 0.000000
-0.000000 -2.540000 -0.000000
-0.000000 -2.540000 -0.000000
-0.000000 -2.540000 -0.000000
1.771524 -0.000000 -1.820248
1.771524 -0.000000 -1.820248
2.034463 -0.000000 -1.520710
-0.021481 1.985852 -1.583518
-0.000000 2.540000 -0.000000
-0.268933 1.985852 -1.560662
-0.034452 0.000000 -2.539766
-0.431335 0.000000 -2.503108
-0.034452 0.000000 -2.539766
-0.699763 1.985852 1.420677
0.000000 2.540000 -0.000000
0.000000 2.540000 -0.000000
-1.122332 0.000000 2.278589
-1.122332 0.000000 2.278589
-0.752065 0.000000 2.426108
0.000000 2.540000 0.000000
0.000000 2.540000 0.000000
0.000000 2.540000 0.000000
-1.133004 0.000000 -2.273302
-0.781531 0.000000 -2.416777
-0.781531 0.000000 -2.416777
-2.216728 0.000000 -1.240046
-2.216728 0.000000 -1.240046
-2.376789 0.000000 -0.895810
0.000000 2.540000 0.000000
0.000000 2.540000 0.000000
0.000000 2.540000 0.000000
-0.000000 -2.540000 -0.000000
-0.000000 -2.540000 -0.000000
-0.000000 -2.540000 -0.000000
-0.000000 -2.540000 -0.000000
-0.000000 -2.540000 -0.000000
-0.000000 -2.540000 -0.000000
-0.000000 -2.540000 -0.000000
-0.000000 -2.540000 -0.000000
-0.000000 -2.540000 -0.000000
-0.000000 -2.540000 -0.000000
-0.000000 -2.540000 -0.000000
-0.000000 -2.540000 -0.000000
-0.000000 -2.540000 -0.000000
-0.000000 -2.540000 -0.000000
-0.000000 -2.540000 -0.000000
-1.820248 0.000000 -1.771524
-1.520710 0.000000 -2.034463
-1.820248 0.000000 -1.771524
-0.034452 0.000000 -2.539766
-0.034452 0.000000 -2.539766
-0.412600 0.000000 -2.506264
0.000000 2.540000 0.000000
0.000000 2.540000 0.000000
0.000000 2.540000 0.000000
-2.535239 0.000000 -0.155441
-2.483756 0.000000 -0.531563
-2.483756 0.000000 -0.531563
0.000000 2.540000 0.000000
0.000000 2.540000 0.000000
0.000000 2.540000 0.000000
0.000000 2.540000 0.000000
0.000000 2.540000 0.000000
0.000000 2.540000 0.000000
0.344465 -0.000000 -2.516534
0.715687 -0.000000 -2.437087
0.715687 -0.000000 -2.437087
-2.468423 0.000000 0.598740
-2.530090 0.000000 0.224153
-2.530090 0.000000 0.224153
0.000000 2.540000 0.000000
0.000000 2.540000 0.000000
0.000000 2.540000 0.000000
2.513887 -0.000000 0.363279
2.513887 -0.000000 0.363279
2.426108 -0.000000 0.752065
-0.000000 -2.540000 -0.000000
-0.000000 -2.540000 -0.000000
-0.000000 -2.540000 -0.000000
0.000000 2.540000 0.000000
0.000000 2.540000 0.000000
0.000000 2.540000 0.000000
-2.351615 0.000000 0.959952
-2.351615 0.000000 0.959952
-2.182276 0.000000 1.299720
-0.000000 -2.540000 -0.000000
-0.000000 -2.540000 -0.000000
-0.000000 -2.540000 -0.000000
-0.000000 -2.540000 -0.000000
-0.000000 -2.540000 -0.000000
-0.000000 -2.540000 -0.000000
2.216728 -0.000000 1.240046
2.216728 -0.000000 1.240046
2.376789 -0.000000 0.895810
0.000000 2.540000 0.000000
0.000000 2.540000 0.000000
0.000000 2.540000 0.000000
-0.000000 -2.540000 -0.000000
-0.000000 -2.540000 -0.000000
-0.000000 -2.540000 -0.000000
-2.503108 0.000000 0.431335
-2.503108 0.000000 0.431335
-2.539766 0.000000 0.034452
-1.520710 0.000000 -2.034463
-1.520710 0.000000 -2.034463
-1.820248 0.000000 -1.771524
-1.774610 0.565203 -1.727109
-2.022941 0.565203 -1.428235
-1.639986 -1.102065 -1.596088
1.011187 -1.102065 -2.052938
1.319887 -1.102065 -1.869479
1.428235 0.565203 -2.022941
2.034463 -0.000000 -1.520710
1.771524 -0.000000 -1.820248
2.034463 -0.000000 -1.520710
1.774610 0.565203 1.727109
2.022941 0.565203 1.428235
1.639986 -1.102065 1.596088
1.520710 -0.000000 2.034463
1.520710 -0.000000 2.034463
1.820248 -0.000000 1.771524
1.133004 -0.000000 2.273302
1.133004 -0.000000 2.273302
1.459167 -0.000000 2.079046
0.000000 2.540000 0.000000
0.000000 2.540000 0.000000
0.000000 2.540000 0.000000
0.000000 2.540000 0.000000
0.000000 2.540000 0.000000
0.000000 2.540000 0.000000
-1.702224 0.000000 1.885214
-1.964188 0.000000 1.610454
-1.964188 0.000000 1.610454
-0.000000 -2.540000 -0.000000
-0.000000 -2.540000 -0.000000
-0.000000 -2.540000 -0.000000
-0.363279 0.000000 2.513887
0.034452 -0.000000 2.539766
-0.363279 0.000000 2.513887
-0.000000 -2.540000 -0.000000
-0.000000 -2.540000 -0.000000
-0.000000 -2.540000 -0.000000
1.183727 -0.000000 2.247307
1.183727 -0.000000 2.247307
0.817597 -0.000000 2.404815
2.483756 -0.000000 0.531563
2.483756 -0.000000 0.531563
2.535239 -0.000000 0.155441
0.000000 2.540000 0.000000
0.000000 2.540000 0.000000
0.000000 2.540000 0.000000
0.412600 -0.000000 2.506264
0.412600 -0.000000 2.506264
0.781531 -0.000000 2.416777
0.000000 2.540000 0.000000
0.000000 2.540000 0.000000
0.000000 2.540000 0.000000
0.000000 2.540000 0.000000
0.000000 2.540000 0.000000
0.000000 2.540000 0.000000
2.468423 -0.000000 -0.598740
2.530090 -0.000000 -0.224153
2.530090 -0.000000 -0.224153
-0.000000 -2.540000 -0.000000
-0.000000 -2.540000 -0.000000
-0.000000 -2.540000 -0.000000
-0.817597 0.000000 -2.404815
-0.817597 0.000000 -2.404815
-1.183727 0.000000 -2.247307
-0.000000 -2.540000 -0.000000
-0.000000 -2.540000 -0.000000
-0.000000 -2.540000 -0.000000
-0.000000 -2.540000 -0.000000
-0.000000 -2.540000 -0.000000
-0.000000 -2.540000 -0.000000
-0.000000 -2.540000 -0.000000
-0.000000 -2.540000 -0.000000
-0.000000 -2.540000 -0.000000
-0.000000 -2.540000 -0.000000
-0.000000 -2.540000 -0.000000
-0.000000 -2.540000 -0.000000
2.182276 -0.000000 -1.299720
2.351615 -0.000000 -0.959952
2.351615 -0.000000 -0.959952
0.000000 2.540000 0.000000
0.000000 2.540000 0.000000
0.000000 2.540000 0.000000
-0.000000 -2.540000 -0.000000
-0.000000 -2.540000 -0.000000
-0.000000 -2.540000 -0.000000
2.247307 -0.000000 -1.183727
2.247307 -0.000000 -1.183727
2.404815 -0.000000 -0.817597
1.964188 -0.000000 -1.610454
1.964188 -0.000000 -1.610454
1.702224 -0.000000 -1.885214
0.000000 2.540000 0.000000
0.000000 2.540000 0.000000
0.000000 2.540000 0.000000
-0.000000 -2.540000 -0.000000
-0.000000 -2.540000 -0.000000
-0.000000 -2.540000 -0.000000
-0.000000 -2.540000 -0.000000
-0.000000 -2.540000 -0.000000
-0.000000 -2.540000 -0.000000
0.000000 2.540000 0.000000
0.000000 2.540000 0.000000
0.000000 2.540000 0.000000
-1.070923 0.000000 2.303199
-1.402235 0.000000 2.117861
-1.402235 0.000000 2.117861
1.070923 -0.000000 -2.303199
1.402235 -0.000000 -2.117861
1.402235 -0.000000 -2.117861
0.000000 2.540000 0.000000
0.000000 2.540000 0.000000
0.000000 2.540000 0.000000
-0.000000 -2.540000 -0.000000
-0.000000 -2.540000 -0.000000
-0.000000 -2.540000 -0.000000
-0.000000 -2.540000 -0.000000
-0.000000 -2.540000 -0.000000
-0.000000 -2.540000 -0.000000
-0.000000 -2.540000 -0.000000
-0.000000 -2.540000 -0.000000
-0.000000 -2.540000 -0.000000
-0.000000 -2.540000 -0.000000
-0.000000 -2.540000 -0.000000
-0.000000 -2.540000 -0.000000
-1.639986 -1.102065 -1.596088
-1.869479 -1.102065 -1.319887
-0.900293 -2.288461 -0.635624
-1.090735 -2.288461 -0.157621
-2.264934 -1.102065 -0.327303
-1.101963 -2.288461 0.014948
2.503108 -0.000000 -0.431335
2.539766 -0.000000 -0.034452
2.503108 -0.000000 -0.431335
-0.000000 -2.540000 -0.000000
-0.000000 -2.540000 -0.000000
-0.000000 -2.540000 -0.000000
-2.074965 0.000000 -1.464965
-2.278589 0.000000 -1.122332
-2.074965 0.000000 -1.464965
-0.000000 -2.540000 -0.000000
-0.000000 -2.540000 -0.000000
-0.000000 -2.540000 -0.000000
-0.000000 -2.540000 -0.000000
-0.000000 -2.540000 -0.000000
-0.000000 -2.540000 -0.000000
-0.000000 -2.540000 -0.000000
-0.000000 -2.540000 -0.000000
-0.000000 -2.540000 -0.000000
-0.000000 -2.540000 -0.000000
-0.000000 -2.540000 -0.000000
-0.000000 -2.540000 -0.000000
-0.000000 -2.540000 -0.000000
-0.000000 -2.540000 -0.000000
-0.000000 -2.540000 -0.000000
-2.190963 0.565203 1.154049
-1.983455 0.565203 1.482582
-2.024754 -1.102065 1.066501
-2.247307 0.000000 1.183727
-2.247307 0.000000 1.183727
-2.404815 0.000000 0.817597
0.187149 -2.288461 1.086058
0.388620 -1.102065 2.255222
0.354742 -2.288461 1.043410
-0.327303 -1.102065 2.264934
0.031041 -1.102065 2.288250
0.014948 -2.288461 1.101963
-0.000000 -2.540000 -0.000000
-0.000000 -2.540000 -0.000000
-0.000000 -2.540000 -0.000000
-2.426108 0.000000 -0.752065
-2.426108 0.000000 -0.752065
-2.513887 0.000000 -0.363279
2.426108 -0.000000 0.752065
2.513887 -0.000000 0.363279
2.426108 -0.000000 0.752065
1.567383 1.985852 0.226501
0.000000 2.540000 0.000000
-0.000000 2.540000 -0.000000
-0.000000 -2.540000 -0.000000
-0.000000 -2.540000 -0.000000
-0.000000 -2.540000 -0.000000
-0.000000 -2.540000 -0.000000
-0.000000 -2.540000 -0.000000
-0.000000 -2.540000 -0.000000
-0.000000 -2.540000 -0.000000
-0.000000 -2.540000 -0.000000
-0.000000 -2.540000 -0.000000
-0.000000 -2.540000 -0.000000
-0.000000 -2.540000 -0.000000
-0.000000 -2.540000 -0.000000
0.000000 2.540000 0.000000
0.000000 2.540000 0.000000
0.000000 2.540000 0.000000
-0.344465 0.000000 2.516534
0.034452 -0.000000 2.539766
0.034452 -0.000000 2.539766
0.988643 -2.288461 0.486962
0.900293 -2.288461 0.635624
2.052938 -1.102065 1.011187
0.659811 -2.288461 0.882721
0.513600 -2.288461 0.975070
1.370112 -1.102065 1.832988
2.278589 -0.000000 1.122332
2.074965 -0.000000 1.464965
2.278589 -0.000000 1.122332
-0.000000 -2.540000 -0.000000
-0.000000 -2.540000 -0.000000
-0.000000 -2.540000 -0.000000
-0.000000 -2.540000 -0.000000
-0.000000 -2.540000 -0.000000
-0.000000 -2.540000 -0.000000
-0.000000 -2.540000 -0.000000
-0.000000 -2.540000 -0.000000
-0.000000 -2.540000 -0.000000
-0.000000 -2.540000 -0.000000
-0.000000 -2.540000 -0.000000
-0.000000 -2.540000 -0.000000
-0.000000 -2.540000 -0.000000
-0.000000 -2.540000 -0.000000
-0.000000 -2.540000 -0.000000
-0.000000 -2.540000 -0.000000
-0.000000 -2.540000 -0.000000
-0.000000 -2.540000 -0.000000
1.896807 -1.583664 0.587988
0.539860 -2.476317 0.167350
1.965436 -1.583664 0.284023
-1.896807 -1.583664 -0.587988
-0.539860 -2.476317 -0.167350
-1.965436 -1.583664 -0.284023
-0.000000 -2.540000 -0.000000
-0.000000 -2.540000 -0.000000
-0.000000 -2.540000 -0.000000
-0.000000 -2.540000 -0.000000
-0.000000 -2.540000 -0.000000
-0.000000 -2.540000 -0.000000
-0.000000 -2.540000 -0.000000
-0.000000 -2.540000 -0.000000
-0.000000 -2.540000 -0.000000
-0.226501 1.985852 1.567383
-0.000000 2.540000 0.000000
0.000000 2.540000 -0.000000
0.034452 -0.000000 2.539766
0.034452 -0.000000 2.539766
-0.363279 0.000000 2.513887
-0.000000 -2.540000 -0.000000
-0.000000 -2.540000 -0.000000
-0.000000 -2.540000 -0.000000
-0.000000 -2.540000 -0.000000
-0.000000 -2.540000 -0.000000
-0.000000 -2.540000 -0.000000
1.154049 0.565203 2.190963
1.482582 0.565203 1.983455
1.066501 -1.102065 2.024754
0.817597 -0.000000 2.404815
1.183727 -0.000000 2.247307
0.817597 -0.000000 2.404815
2.404815 -0.000000 -0.817597
2.247307 -0.000000 -1.183727
2.404815 -0.000000 -0.817597
2.190963 0.565203 -1.154049
1.983455 0.565203 -1.482582
2.024754 -1.102065 -1.066501
-0.033589 0.565203 -2.476089
-0.031041 -1.102065 -2.288250
0.354171 0.565203 -2.450859
0.752065 -0.000000 -2.426108
0.363279 -0.000000 -2.513887
0.752065 -0.000000 -2.426108
-1.567383 1.985852 -0.226501
0.000000 2.540000 0.000000
-0.000000 2.540000 -0.000000
-2.513887 0.000000 -0.363279
-2.539766 0.000000 0.034452
-2.513887 0.000000 -0.363279
1.820248 -0.000000 1.771524
1.520710 -0.000000 2.034463
1.820248 -0.000000 1.771524
-0.000000 -2.540000 -0.000000
-0.000000 -2.540000 -0.000000
-0.000000 -2.540000 -0.000000
-1.183727 0.000000 -2.247307
-0.817597 0.000000 -2.404815
-1.183727 0.000000 -2.247307
-0.738042 1.985852 -1.401173
-0.000000 2.540000 -0.000000
-0.948147 1.985852 -1.268467
-0.736630 -1.102065 -2.166663
-1.066501 -1.102065 -2.024754
-0.513600 -2.288461 -0.975070
-0.789776 -2.288461 -0.768636
-1.639986 -1.102065 -1.596088
-0.900293 -2.288461 -0.635624
-0.913390 1.985852 1.293719
0.000000 2.540000 -0.000000
-0.699763 1.985852 1.420677
-1.771524 0.000000 1.820248
-1.464965 0.000000 2.074965
-1.771524 0.000000 1.820248
-1.086058 -2.288461 0.187149
-2.255222 -1.102065 0.388620
-1.043410 -2.288461 0.354742
-2.264934 -1.102065 -0.327303
-2.288250 -1.102065 0.031041
-1.101963 -2.288461 0.014948
1.086058 -2.288461 -0.187149
2.255222 -1.102065 -0.388620
1.043410 -2.288461 -0.354742
2.264934 -1.102065 0.327303
2.288250 -1.102065 -0.031041
1.101963 -2.288461 -0.014948
-2.404815 0.000000 0.817597
-2.247307 0.000000 1.183727
-2.404815 0.000000 0.817597
-0.000000 -2.540000 -0.000000
-0.000000 -2.540000 -0.000000
-0.000000 -2.540000 -0.000000
-0.000000 -2.540000 -0.000000
-0.000000 -2.540000 -0.000000
-0.000000 -2.540000 -0.000000
-0.000000 -2.540000 -0.000000
-0.000000 -2.540000 -0.000000
-0.000000 -2.540000 -0.000000
-0.000000 -2.540000 -0.000000
-0.000000 -2.540000 -0.000000
-0.000000 -2.540000 -0.000000
-0.000000 -2.540000 -0.000000
-0.000000 -2.540000 -0.000000
-0.000000 -2.540000 -0.000000
-0.000000 -2.540000 -0.000000
-0.000000 -2.540000 -0.000000
-0.000000 -2.540000 -0.000000
-0.000000 -2.540000 -0.000000
-0.000000 -2.540000 -0.000000
-0.000000 -2.540000 -0.000000
-1.420677 1.985852 -0.699763
-0.000000 2.540000 -0.000000
0.000000 2.540000 0.000000
-2.278589 0.000000 -1.122332
-2.278589 0.000000 -1.122332
-2.074965 0.000000 -1.464965
-0.000000 -2.540000 -0.000000
-0.000000 -2.540000 -0.000000
-0.000000 -2.540000 -0.000000
-0.000000 -2.540000 -0.000000
-0.000000 -2.540000 -0.000000
-0.000000 -2.540000 -0.000000
-2.034463 0.000000 1.520710
-2.034463 0.000000 1.520710
-1.771524 0.000000 1.820248
-0.000000 -2.540000 -0.000000
-0.000000 -2.540000 -0.000000
-0.000000 -2.540000 -0.000000
2.074965 -0.000000 1.464965
2.074965 -0.000000 1.464965
2.278589 -0.000000 1.122332
1.420677 1.985852 0.699763
-0.000000 2.540000 -0.000000
0.000000 2.540000 0.000000
-0.000000 -2.540000 -0.000000
-0.000000 -2.540000 -0.000000
-0.000000 -2.540000 -0.000000
-0.000000 -2.540000 -0.000000
-0.000000 -2.540000 -0.000000
-0.000000 -2.540000 -0.000000
-0.000000 -2.540000 -0.000000
-0.000000 -2.540000 -0.000000
-0.000000 -2.540000 -0.000000
-0.000000 -2.540000 -0.000000
-0.000000 -2.540000 -0.000000
-0.000000 -2.540000 -0.000000
-1.727109 0.565203 1.774610
-1.596088 -1.102065 1.639986
-1.983455 0.565203 1.482582
-1.727109 0.565203 1.774610
-1.428235 0.565203 2.022941
-1.596088 -1.102065 1.639986
0.733209 0.565203 -2.365280
0.354171 0.565203 -2.450859
0.677587 -1.102065 -2.185848
0.733209 0.565203 -2.365280
0.677587 -1.102065 -2.185848
1.094193 0.565203 -2.221461
2.365280 0.565203 0.733209
2.450859 0.565203 0.354171
2.185848 -1.102065 0.677587
2.264934 -1.102065 0.327303
2.476089 0.565203 -0.033589
2.288250 -1.102065 -0.031041
0.388620 -1.102065 2.255222
0.736630 -1.102065 2.166663
0.354742 -2.288461 1.043410
0.388620 -1.102065 2.255222
0.797098 0.565203 2.344521
0.736630 -1.102065 2.166663
-0.388620 -1.102065 -2.255222
-0.014948 -2.288461 -1.101963
-0.031041 -1.102065 -2.288250
-0.187149 -2.288461 -1.086058
-0.388620 -1.102065 -2.255222
-0.354742 -2.288461 -1.043410
-0.000000 -2.540000 -0.000000
-0.000000 -2.540000 -0.000000
-0.000000 -2.540000 -0.000000
-0.000000 -2.540000 -0.000000
-0.000000 -2.540000 -0.000000
-0.000000 -2.540000 -0.000000
-0.031041 -1.102065 -2.288250
-0.420521 0.565203 -2.440350
-0.388620 -1.102065 -2.255222
-0.033589 0.565203 -2.476089
-0.420521 0.565203 -2.440350
-0.031041 -1.102065 -2.288250
-0.677587 -1.102065 2.185848
-0.486962 -2.288461 0.988643
-1.011187 -1.102065 2.052938
-0.326309 -2.288461 1.052649
-0.486962 -2.288461 0.988643
-0.677587 -1.102065 2.185848
-2.052938 -1.102065 -1.011187
-2.365280 0.565203 -0.733209
-2.185848 -1.102065 -0.677587
-2.052938 -1.102065 -1.011187
-2.185848 -1.102065 -0.677587
-1.052649 -2.288461 -0.326309
-1.428235 0.565203 2.022941
-1.094193 0.565203 2.221461
-1.319887 -1.102065 1.869479
-1.011187 -1.102065 2.052938
-0.733209 0.565203 2.365280
-0.677587 -1.102065 2.185848
-1.771524 -0.000000 1.820248
-1.590608 -1.583664 1.188939
-1.385034 -1.583664 1.423127
-1.464965 -0.000000 2.074965
-1.771524 -0.000000 1.820248
-1.385034 -1.583664 1.423127
1.727109 0.565203 -1.774610
1.596088 -1.102065 -1.639986
1.983455 0.565203 -1.482582
1.727109 0.565203 -1.774610
1.428235 0.565203 -2.022941
1.596088 -1.102065 -1.639986
1.639986 -1.102065 1.596088
2.022941 0.565203 1.428235
1.869479 -1.102065 1.319887
1.639986 -1.102065 1.596088
1.869479 -1.102065 1.319887
0.900293 -2.288461 0.635624
1.781473 -1.583664 0.877475
2.426108 -0.000000 0.752065
2.278589 -0.000000 1.122332
1.622273 -1.583664 1.145355
1.781473 -1.583664 0.877475
2.278589 -0.000000 1.122332
-2.278589 -0.000000 -1.122332
-1.622273 -1.583664 -1.145355
-1.781473 -1.583664 -0.877475
-2.426108 -0.000000 -0.752065
-2.278589 -0.000000 -1.122332
-1.781473 -1.583664 -0.877475
-0.752065 -0.000000 2.426108
-1.122332 -0.000000 2.278589
-0.877475 -1.583664 1.781473
-1.122332 -0.000000 2.278589
-1.145355 -1.583664 1.622273
-0.877475 -1.583664 1.781473
1.183727 -0.000000 2.247307
0.817597 -0.000000 2.404815
0.925475 -1.583664 1.757016
0.925475 -1.583664 1.757016
1.520710 -0.000000 2.034463
1.183727 -0.000000 2.247307
0.284023 -1.583664 -1.965436
0.080837 -2.476317 -0.559393
-0.026936 -1.583664 -1.985669
0.167350 -2.476317 -0.539860
0.080837 -2.476317 -0.559393
0.284023 -1.583664 -1.965436
-1.423127 -1.583664 -1.385034
-2.074965 -0.000000 -1.464965
-1.820248 -0.000000 -1.771524
-1.188939 -1.583664 -1.590608
-1.423127 -1.583664 -1.385034
-1.820248 -0.000000 -1.771524
1.122332 -0.000000 -2.278589
1.145355 -1.583664 -1.622273
0.877475 -1.583664 -1.781473
0.752065 -0.000000 -2.426108
1.122332 -0.000000 -2.278589
0.877475 -1.583664 -1.781473
1.771524 -0.000000 -1.820248
1.590608 -1.583664 -1.188939
1.385034 -1.583664 -1.423127
1.464965 -0.000000 -2.074965
1.771524 -0.000000 -1.820248
1.385034 -1.583664 -1.423127
1.985669 -1.583664 -0.026936
1.957009 -1.583664 -0.337232
2.503108 -0.000000 -0.431335
2.503108 -0.000000 -0.431335
1.957009 -1.583664 -0.337232
2.404815 -0.000000 -0.817597
-2.503108 -0.000000 0.431335
-1.957009 -1.583664 0.337232
-2.404815 -0.000000 0.817597
-1.985669 -1.583664 0.026936
-1.957009 -1.583664 0.337232
-2.503108 -0.000000 0.431335
-0.431335 -0.000000 -2.503108
-0.337232 -1.583664 -1.957009
-0.817597 -0.000000 -2.404815
-0.026936 -1.583664 -1.985669
-0.337232 -1.583664 -1.957009
-0.431335 -0.000000 -2.503108
2.247307 -0.000000 -1.183727
2.404815 -0.000000 -0.817597
1.757016 -1.583664 -0.925475
1.757016 -1.583664 -0.925475
2.034463 -0.000000 -1.520710
2.247307 -0.000000 -1.183727
-2.247307 -0.000000 1.183727
-2.404815 -0.000000 0.817597
-1.757016 -1.583664 0.925475
-1.757016 -1.583664 0.925475
-2.034463 -0.000000 1.520710
-2.247307 -0.000000 1.183727
0.431335 -0.000000 2.503108
0.337232 -1.583664 1.957009
0.817597 -0.000000 2.404815
0.026936 -1.583664 1.985669
0.337232 -1.583664 1.957009
0.431335 -0.000000 2.503108
0.975070 -2.288461 -0.513600
2.024754 -1.102065 -1.066501
0.882721 -2.288461 -0.659811
1.832988 -1.102065 -1.370112
1.596088 -1.102065 -1.639986
0.768636 -2.288461 -0.789776
-1.183727 -0.000000 -2.247307
-0.817597 -0.000000 -2.404815
-0.925475 -1.583664 -1.757016
-0.925475 -1.583664 -1.757016
-1.520710 -0.000000 -2.034463
-1.183727 -0.000000 -2.247307
-0.988643 -2.288461 -0.486962
-2.052938 -1.102065 -1.011187
-1.052649 -2.288461 -0.326309
0.507034 -2.476317 0.249742
0.539860 -2.476317 0.167350
1.896807 -1.583664 0.587988
-0.249742 -2.476317 0.507034
-0.167350 -2.476317 0.539860
-0.587988 -1.583664 1.896807
-0.014948 -2.288461 -1.101963
-0.080837 -2.476317 0.559393
0.157621 -2.288461 -1.090735
1.101963 -2.288461 -0.014948
-0.559393 -2.476317 -0.080837
1.090735 -2.288461 0.157621
-0.507034 -2.476317 -0.249742
-0.539860 -2.476317 -0.167350
-1.896807 -1.583664 -0.587988
0.263404 -2.476317 0.500073
0.338390 -2.476317 0.452711
1.188939 -1.583664 1.590608
-0.659811 -2.288461 -0.882721
-0.513600 -2.288461 -0.975070
-1.370112 -1.102065 -1.832988
1.188939 -1.583664 1.590608
1.520710 -0.000000 2.034463
0.925475 -1.583664 1.757016
1.188939 -1.583664 1.590608
1.820248 -0.000000 1.771524
1.520710 -0.000000 2.034463
-0.167350 -2.476317 0.539860
-0.249742 -2.476317 0.507034
0.326309 -2.288461 -1.052649
0.486962 -2.288461 -0.988643
-0.325985 -2.476317 0.461723
0.635624 -2.288461 -0.900293
-0.539860 -2.476317 -0.167350
-0.507034 -2.476317 -0.249742
1.052649 -2.288461 0.326309
0.988643 -2.288461 0.486962
-0.461723 -2.476317 -0.325985
0.900293 -2.288461 0.635624
-0.268933 1.985852 -1.560662
-0.000000 2.540000 -0.000000
-0.000000 2.540000 -0.000000
-0.509764 1.985852 -1.499378
-0.000000 2.540000 -0.000000
0.000000 2.540000 0.000000
1.560662 1.985852 -0.268933
-0.000000 2.540000 0.000000
-0.000000 2.540000 0.000000
1.499378 1.985852 -0.509764
-0.000000 2.540000 0.000000
-0.000000 2.540000 0.000000
-1.560662 1.985852 0.268933
0.000000 2.540000 -0.000000
0.000000 2.540000 -0.000000
-1.499378 1.985852 0.509764
0.000000 2.540000 -0.000000
0.000000 2.540000 -0.000000
0.268933 1.985852 1.560662
-0.000000 2.540000 -0.000000
-0.000000 2.540000 -0.000000
0.509764 1.985852 1.499378
-0.000000 2.540000 -0.000000
0.000000 2.540000 0.000000
-0.948147 1.985852 -1.268467
-0.000000 2.540000 -0.000000
0.000000 2.540000 0.000000
-1.134906 1.985852 -1.104527
0.000000 2.540000 0.000000
-0.000000 2.540000 -0.000000
-2.255222 -1.102065 0.388620
-2.166663 -1.102065 0.736630
-1.043410 -2.288461 0.354742
-2.255222 -1.102065 0.388620
-2.344521 0.565203 0.797098
-2.166663 -1.102065 0.736630
2.255222 -1.102065 -0.388620
2.166663 -1.102065 -0.736630
1.043410 -2.288461 -0.354742
2.255222 -1.102065 -0.388620
2.344521 0.565203 -0.797098
2.166663 -1.102065 -0.736630
-1.832988 -1.102065 1.370112
-1.596088 -1.102065 1.639986
-0.768636 -2.288461 0.789776
-1.596088 -1.102065 1.639986
-1.832988 -1.102065 1.370112
-1.983455 0.565203 1.482582
-1.370112 -1.102065 -1.832988
-1.774610 0.565203 -1.727109
-1.639986 -1.102065 -1.596088
-1.370112 -1.102065 -1.832988
-1.639986 -1.102065 -1.596088
-0.789776 -2.288461 -0.768636
-0.468905 1.985852 1.512653
0.000000 2.540000 -0.000000
-0.000000 2.540000 0.000000
-0.468905 1.985852 1.512653
-0.000000 2.540000 0.000000
-0.226501 1.985852 1.567383
1.512653 1.985852 0.468905
0.000000 2.540000 0.000000
0.000000 2.540000 0.000000
1.512653 1.985852 0.468905
0.000000 2.540000 0.000000
1.567383 1.985852 0.226501
-1.512653 1.985852 -0.468905
0.000000 2.540000 0.000000
0.000000 2.540000 0.000000
-1.512653 1.985852 -0.468905
0.000000 2.540000 0.000000
-1.567383 1.985852 -0.226501
-1.583518 1.985852 0.021481
0.000000 2.540000 -0.000000
-1.560662 1.985852 0.268933
-1.583518 1.985852 0.021481
-0.000000 2.540000 -0.000000
0.000000 2.540000 -0.000000
0.021481 1.985852 1.583518
-0.000000 2.540000 -0.000000
0.268933 1.985852 1.560662
0.021481 1.985852 1.583518
0.000000 2.540000 -0.000000
-0.000000 2.540000 -0.000000
1.583518 1.985852 -0.021481
-0.000000 2.540000 0.000000
1.560662 1.985852 -0.268933
1.583518 1.985852 -0.021481
-0.000000 2.540000 -0.000000
-0.000000 2.540000 0.000000
-1.590608 -1.583664 1.188939
-0.452711 -2.476317 0.338390
-1.385034 -1.583664 1.423127
0.768636 -2.288461 -0.789776
1.596088 -1.102065 -1.639986
0.635624 -2.288461 -0.900293
-1.188939 -1.583664 -1.590608
-0.338390 -2.476317 -0.452711
-1.423127 -1.583664 -1.385034
0.789776 -2.288461 0.768636
1.639986 -1.102065 1.596088
0.900293 -2.288461 0.635624
0.338390 -2.476317 0.452711
0.263404 -2.476317 0.500073
-0.513600 -2.288461 -0.975070
0.181932 -2.476317 0.535122
0.095981 -2.476317 0.556994
-0.354742 -2.288461 -1.043410
-0.486962 -2.288461 0.988643
-0.326309 -2.288461 1.052649
0.167350 -2.476317 -0.539860
0.325985 -2.476317 -0.461723
-0.635624 -2.288461 0.900293
0.249742 -2.476317 -0.507034
0.452711 -2.476317 -0.338390
0.500073 -2.476317 -0.263404
-0.975070 -2.288461 0.513600
0.535122 -2.476317 -0.181932
0.556994 -2.476317 -0.095981
-1.043410 -2.288461 0.354742
-0.535122 -2.476317 0.181932
-0.556994 -2.476317 0.095981
1.043410 -2.288461 -0.354742
-0.452711 -2.476317 0.338390
-0.500073 -2.476317 0.263404
0.975070 -2.288461 -0.513600
0.187149 -2.288461 1.086058
0.014948 -2.288461 1.101963
0.388620 -1.102065 2.255222
-0.337232 -1.583664 -1.957009
-0.639223 -1.583664 -1.880160
-0.817597 -0.000000 -2.404815
1.590608 -1.583664 -1.188939
0.452711 -2.476317 -0.338390
1.385034 -1.583664 -1.423127
-0.768636 -2.288461 0.789776
-0.635624 -2.288461 0.900293
0.325985 -2.476317 -0.461723
0.736630 -1.102065 2.166663
1.154049 0.565203 2.190963
1.066501 -1.102065 2.024754
0.354742 -2.288461 1.043410
0.736630 -1.102065 2.166663
0.513600 -2.288461 0.975070
0.677587 -1.102065 -2.185848
0.486962 -2.288461 -0.988643
1.011187 -1.102065 -2.052938
0.677587 -1.102065 -2.185848
1.011187 -1.102065 -2.052938
1.094193 0.565203 -2.221461
-1.052649 -2.288461 -0.326309
0.507034 -2.476317 0.249742
-0.988643 -2.288461 -0.486962
0.461723 -2.476317 0.325985
0.405043 -2.476317 0.394201
-0.900293 -2.288461 -0.635624
0.539860 -2.476317 0.167350
0.507034 -2.476317 0.249742
-1.052649 -2.288461 -0.326309
-1.101963 -2.288461 0.014948
0.559393 -2.476317 0.080837
-1.090735 -2.288461 -0.157621
1.043410 -2.288461 -0.354742
-0.556994 -2.476317 0.095981
1.086058 -2.288461 -0.187149
-0.565151 -2.476317 0.007666
-0.559393 -2.476317 -0.080837
1.101963 -2.288461 -0.014948
0.565151 -2.476317 -0.007666
0.559393 -2.476317 0.080837
-1.101963 -2.288461 0.014948
-1.043410 -2.288461 0.354742
0.556994 -2.476317 -0.095981
-1.086058 -2.288461 0.187149
-0.354742 -2.288461 -1.043410
0.095981 -2.476317 0.556994
-0.187149 -2.288461 -1.086058
0.007666 -2.476317 0.565151
-0.080837 -2.476317 0.559393
-0.014948 -2.288461 -1.101963
-0.157621 -2.288461 1.090735
0.014948 -2.288461 1.101963
-0.007666 -2.476317 -0.565151
0.167350 -2.476317 -0.539860
-0.326309 -2.288461 1.052649
0.080837 -2.476317 -0.559393
0.327303 -1.102065 -2.264934
-0.031041 -1.102065 -2.288250
-0.014948 -2.288461 -1.101963
-0.031041 -1.102065 -2.288250
0.327303 -1.102065 -2.264934
0.354171 0.565203 -2.450859
1.370112 -1.102065 1.832988
1.639986 -1.102065 1.596088
0.789776 -2.288461 0.768636
1.639986 -1.102065 1.596088
1.370112 -1.102065 1.832988
1.482582 0.565203 1.983455
-0.388620 -1.102065 -2.255222
-0.736630 -1.102065 -2.166663
-0.354742 -2.288461 -1.043410
-0.388620 -1.102065 -2.255222
-0.797098 0.565203 -2.344521
-0.736630 -1.102065 -2.166663
-0.327303 -1.102065 2.264934
-0.326309 -2.288461 1.052649
-0.677587 -1.102065 2.185848
-0.677587 -1.102065 2.185848
-0.354171 0.565203 2.450859
-0.327303 -1.102065 2.264934
2.264934 -1.102065 0.327303
1.052649 -2.288461 0.326309
2.185848 -1.102065 0.677587
2.185848 -1.102065 0.677587
2.450859 0.565203 0.354171
2.264934 -1.102065 0.327303
-1.590608 -1.583664 1.188939
-2.034463 -0.000000 1.520710
-1.757016 -1.583664 0.925475
-1.590608 -1.583664 1.188939
-1.771524 -0.000000 1.820248
-2.034463 -0.000000 1.520710
1.590608 -1.583664 -1.188939
2.034463 -0.000000 -1.520710
1.757016 -1.583664 -0.925475
1.590608 -1.583664 -1.188939
1.771524 -0.000000 -1.820248
2.034463 -0.000000 -1.520710
-1.188939 -1.583664 -1.590608
-1.820248 -0.000000 -1.771524
-1.520710 -0.000000 -2.034463
-1.188939 -1.583664 -1.590608
-1.520710 -0.000000 -2.034463
-0.925475 -1.583664 -1.757016
0.468905 1.985852 -1.512653
0.000000 2.540000 -0.000000
0.226501 1.985852 -1.567383
0.226501 1.985852 -1.567383
0.000000 2.540000 -0.000000
0.000000 2.540000 -0.000000
1.104527 1.985852 -1.134906
0.000000 2.540000 -0.000000
0.913390 1.985852 -1.293719
0.913390 1.985852 -1.293719
0.000000 2.540000 -0.000000
0.000000 2.540000 -0.000000
0.948147 1.985852 1.268467
-0.000000 2.540000 -0.000000
-0.000000 2.540000 -0.000000
0.738042 1.985852 1.401173
-0.000000 2.540000 -0.000000
0.948147 1.985852 1.268467
1.401173 1.985852 -0.738042
-0.000000 2.540000 0.000000
1.268467 1.985852 -0.948147
1.268467 1.985852 -0.948147
-0.000000 2.540000 0.000000
0.000000 2.540000 -0.000000
-1.268467 1.985852 0.948147
-0.000000 2.540000 0.000000
0.000000 2.540000 -0.000000
-1.401173 1.985852 0.738042
-0.000000 2.540000 0.000000
-1.268467 1.985852 0.948147
1.134906 1.985852 1.104527
-0.000000 2.540000 -0.000000
1.293719 1.985852 0.913390
1.293719 1.985852 0.913390
-0.000000 2.540000 -0.000000
-0.000000 2.540000 -0.000000
-1.134906 1.985852 -1.104527
-0.000000 2.540000 -0.000000
-1.293719 1.985852 -0.913390
-1.293719 1.985852 -0.913390
-0.000000 2.540000 -0.000000
-0.000000 2.540000 -0.000000
-1.104527 1.985852 1.134906
0.000000 2.540000 -0.000000
-0.913390 1.985852 1.293719
-0.913390 1.985852 1.293719
0.000000 2.540000 -0.000000
0.000000 2.540000 -0.000000
-1.499378 1.985852 0.509764
0.000000 2.540000 -0.000000
-1.401173 1.985852 0.738042
-1.401173 1.985852 0.738042
0.000000 2.540000 -0.000000
-0.000000 2.540000 0.000000
-0.509764 1.985852 -1.499378
0.000000 2.540000 0.000000
-0.738042 1.985852 -1.401173
-0.738042 1.985852 -1.401173
0.000000 2.540000 0.000000
-0.000000 2.540000 -0.000000
0.509764 1.985852 1.499378
0.000000 2.540000 0.000000
0.738042 1.985852 1.401173
0.738042 1.985852 1.401173
0.000000 2.540000 0.000000
-0.000000 2.540000 -0.000000
1.499378 1.985852 -0.509764
-0.000000 2.540000 0.000000
1.401173 1.985852 -0.738042
1.401173 1.985852 -0.738042
-0.000000 2.540000 0.000000
-0.000000 2.540000 0.000000
1.188939 -1.583664 1.590608
1.423127 -1.583664 1.385034
1.820248 -0.000000 1.771524
1.188939 -1.583664 1.590608
0.338390 -2.476317 0.452711
1.423127 -1.583664 1.385034
-2.539766 -0.000000 0.034452
-2.513887 -0.000000 -0.363279
-1.985669 -1.583664 0.026936
-1.985669 -1.583664 0.026936
-2.503108 -0.000000 0.431335
-2.539766 -0.000000 0.034452
0.284023 -1.583664 -1.965436
-0.026936 -1.583664 -1.985669
-0.034452 -0.000000 -2.539766
-0.026936 -1.583664 -1.985669
-0.431335 -0.000000 -2.503108
-0.034452 -0.000000 -2.539766
2.539766 -0.000000 -0.034452
2.513887 -0.000000 0.363279
1.985669 -1.583664 -0.026936
1.985669 -1.583664 -0.026936
2.503108 -0.000000 -0.431335
2.539766 -0.000000 -0.034452
0.026936 -1.583664 1.985669
0.431335 -0.000000 2.503108
0.034452 -0.000000 2.539766
-0.284023 -1.583664 1.965436
0.026936 -1.583664 1.985669
0.034452 -0.000000 2.539766
-1.319887 -1.102065 1.869479
-1.094193 0.565203 2.221461
-1.011187 -1.102065 2.052938
-1.011187 -1.102065 2.052938
-0.635624 -2.288461 0.900293
-1.319887 -1.102065 1.869479
1.869479 -1.102065 1.319887
2.221461 0.565203 1.094193
2.052938 -1.102065 1.011187
2.052938 -1.102065 1.011187
0.900293 -2.288461 0.635624
1.869479 -1.102065 1.319887
-2.052938 -1.102065 -1.011187
-0.900293 -2.288461 -0.635624
-1.869479 -1.102065 -1.319887
-1.869479 -1.102065 -1.319887
-2.221461 0.565203 -1.094193
-2.052938 -1.102065 -1.011187
1.596088 -1.102065 -1.639986
1.428235 0.565203 -2.022941
1.319887 -1.102065 -1.869479
1.596088 -1.102065 -1.639986
1.319887 -1.102065 -1.869479
0.635624 -2.288461 -0.900293
2.255222 -1.102065 -0.388620
1.101963 -2.288461 -0.014948
2.288250 -1.102065 -0.031041
2.288250 -1.102065 -0.031041
2.440350 0.565203 -0.420521
2.255222 -1.102065 -0.388620
0.388620 -1.102065 2.255222
0.014948 -2.288461 1.101963
0.031041 -1.102065 2.288250
0.031041 -1.102065 2.288250
0.420521 0.565203 2.440350
0.388620 -1.102065 2.255222
-2.288250 -1.102065 0.031041
-2.440350 0.565203 0.420521
-2.255222 -1.102065 0.388620
-2.255222 -1.102065 0.388620
-1.101963 -2.288461 0.014948
-2.288250 -1.102065 0.031041
-2.024754 -1.102065 1.066501
-1.983455 0.565203 1.482582
-1.832988 -1.102065 1.370112
-2.024754 -1.102065 1.066501
-1.832988 -1.102065 1.370112
-0.882721 -2.288461 0.659811
-1.066501 -1.102065 -2.024754
-1.482582 0.565203 -1.983455
-1.370112 -1.102065 -1.832988
-1.370112 -1.102065 -1.832988
-0.513600 -2.288461 -0.975070
-1.066501 -1.102065 -2.024754
2.024754 -1.102065 -1.066501
1.832988 -1.102065 -1.370112
0.882721 -2.288461 -0.659811
2.024754 -1.102065 -1.066501
1.983455 0.565203 -1.482582
1.832988 -1.102065 -1.370112
-2.264934 -1.102065 -0.327303
-1.052649 -2.288461 -0.326309
-2.185848 -1.102065 -0.677587
-2.185848 -1.102065 -0.677587
-2.450859 0.565203 -0.354171
-2.264934 -1.102065 -0.327303
-0.587988 -1.583664 1.896807
-0.284023 -1.583664 1.965436
-0.363279 -0.000000 2.513887
-0.363279 -0.000000 2.513887
-0.284023 -1.583664 1.965436
0.034452 -0.000000 2.539766
2.513887 -0.000000 0.363279
2.426108 -0.000000 0.752065
1.965436 -1.583664 0.284023
1.985669 -1.583664 -0.026936
2.513887 -0.000000 0.363279
1.965436 -1.583664 0.284023
-2.513887 -0.000000 -0.363279
-2.426108 -0.000000 -0.752065
-1.965436 -1.583664 -0.284023
-1.985669 -1.583664 0.026936
-2.513887 -0.000000 -0.363279
-1.965436 -1.583664 -0.284023
0.587988 -1.583664 -1.896807
0.284023 -1.583664 -1.965436
0.363279 -0.000000 -2.513887
0.363279 -0.000000 -2.513887
0.284023 -1.583664 -1.965436
-0.034452 -0.000000 -2.539766
1.145355 -1.583664 -1.622273
1.464965 -0.000000 -2.074965
1.385034 -1.583664 -1.423127
1.145355 -1.583664 -1.622273
1.122332 -0.000000 -2.278589
1.464965 -0.000000 -2.074965
-1.622273 -1.583664 -1.145355
-2.074965 -0.000000 -1.464965
-1.423127 -1.583664 -1.385034
-1.622273 -1.583664 -1.145355
-2.278589 -0.000000 -1.122332
-2.074965 -0.000000 -1.464965
-1.145355 -1.583664 1.622273
-1.464965 -0.000000 2.074965
-1.385034 -1.583664 1.423127
-1.145355 -1.583664 1.622273
-1.122332 -0.000000 2.278589
-1.464965 -0.000000 2.074965
1.622273 -1.583664 1.145355
2.074965 -0.000000 1.464965
1.423127 -1.583664 1.385034
1.622273 -1.583664 1.145355
2.278589 -0.000000 1.122332
2.074965 -0.000000 1.464965
-0.948147 1.985852 -1.268467
0.000000 2.540000 0.000000
-1.134906 1.985852 -1.104527
-1.482582 0.565203 -1.983455
-1.774610 0.565203 -1.727109
-1.370112 -1.102065 -1.832988
2.450859 0.565203 0.354171
2.476089 0.565203 -0.033589
2.264934 -1.102065 0.327303
1.567383 1.985852 0.226501
-0.000000 2.540000 -0.000000
1.583518 1.985852 -0.021481
-0.354171 0.565203 2.450859
0.033589 0.565203 2.476089
-0.327303 -1.102065 2.264934
-0.226501 1.985852 1.567383
0.000000 2.540000 -0.000000
0.021481 1.985852 1.583518
-2.450859 0.565203 -0.354171
-2.476089 0.565203 0.033589
-2.264934 -1.102065 -0.327303
-1.567383 1.985852 -0.226501
-0.000000 2.540000 -0.000000
-1.583518 1.985852 0.021481
-0.699763 1.985852 1.420677
0.000000 2.540000 -0.000000
-0.468905 1.985852 1.512653
-1.094193 0.565203 2.221461
-0.733209 0.565203 2.365280
-1.011187 -1.102065 2.052938
-1.420677 1.985852 -0.699763
0.000000 2.540000 0.000000
-1.512653 1.985852 -0.468905
-2.221461 0.565203 -1.094193
-2.365280 0.565203 -0.733209
-2.052938 -1.102065 -1.011187
1.420677 1.985852 0.699763
0.000000 2.540000 0.000000
1.512653 1.985852 0.468905
2.221461 0.565203 1.094193
2.365280 0.565203 0.733209
2.052938 -1.102065 1.011187
2.440350 0.565203 -0.420521
2.344521 0.565203 -0.797098
2.255222 -1.102065 -0.388620
1.560662 1.985852 -0.268933
-0.000000 2.540000 0.000000
1.499378 1.985852 -0.509764
0.268933 1.985852 1.560662
-0.000000 2.540000 -0.000000
0.509764 1.985852 1.499378
0.420521 0.565203 2.440350
0.797098 0.565203 2.344521
0.388620 -1.102065 2.255222
-1.560662 1.985852 0.268933
0.000000 2.540000 -0.000000
-1.499378 1.985852 0.509764
-2.440350 0.565203 0.420521
-2.344521 0.565203 0.797098
-2.255222 -1.102065 0.388620
-0.268933 1.985852 -1.560662
-0.000000 2.540000 -0.000000
-0.509764 1.985852 -1.499378
-0.420521 0.565203 -2.440350
-0.797098 0.565203 -2.344521
-0.388620 -1.102065 -2.255222
0.326309 -2.288461 -1.052649
-0.249742 -2.476317 0.507034
0.486962 -2.288461 -0.988643
0.326309 -2.288461 -1.052649
0.486962 -2.288461 -0.988643
0.677587 -1.102065 -2.185848
1.052649 -2.288461 0.326309
0.988643 -2.288461 0.486962
2.185848 -1.102065 0.677587
1.052649 -2.288461 0.326309
-0.507034 -2.476317 -0.249742
0.988643 -2.288461 0.486962
-0.354742 -2.288461 -1.043410
-0.736630 -1.102065 -2.166663
-0.513600 -2.288461 -0.975070
-0.513600 -2.288461 -0.975070
0.181932 -2.476317 0.535122
-0.354742 -2.288461 -1.043410
-0.635624 -2.288461 0.900293
-0.486962 -2.288461 0.988643
0.249742 -2.476317 -0.507034
-0.486962 -2.288461 0.988643
-0.635624 -2.288461 0.900293
-1.011187 -1.102065 2.052938
0.913390 1.985852 -1.293719
0.000000 2.540000 -0.000000
0.699763 1.985852 -1.420677
0.699763 1.985852 -1.420677
0.000000 2.540000 -0.000000
0.000000 2.540000 -0.000000
0.699763 1.985852 -1.420677
0.000000 2.540000 -0.000000
0.468905 1.985852 -1.512653
0.468905 1.985852 -1.512653
0.000000 2.540000 -0.000000
0.000000 2.540000 -0.000000
0.226501 1.985852 -1.567383
0.000000 2.540000 -0.000000
-0.021481 1.985852 -1.583518
-0.021481 1.985852 -1.583518
0.000000 2.540000 -0.000000
-0.000000 2.540000 -0.000000
0.948147 1.985852 1.268467
-0.000000 2.540000 -0.000000
1.134906 1.985852 1.104527
1.134906 1.985852 1.104527
-0.000000 2.540000 -0.000000
-0.000000 2.540000 -0.000000
1.268467 1.985852 -0.948147
0.000000 2.540000 -0.000000
1.104527 1.985852 -1.134906
1.104527 1.985852 -1.134906
0.000000 2.540000 -0.000000
0.000000 2.540000 -0.000000
-1.268467 1.985852 0.948147
0.000000 2.540000 -0.000000
-1.104527 1.985852 1.134906
-1.104527 1.985852 1.134906
0.000000 2.540000 -0.000000
0.000000 2.540000 -0.000000
0.014948 -2.288461 1.101963
0.187149 -2.288461 1.086058
-0.095981 -2.476317 -0.556994
-0.007666 -2.476317 -0.565151
0.014948 -2.288461 1.101963
-0.095981 -2.476317 -0.556994
0.635624 -2.288461 -0.900293
-0.394201 -2.476317 0.405043
0.768636 -2.288461 -0.789776
-0.325985 -2.476317 0.461723
-0.394201 -2.476317 0.405043
0.635624 -2.288461 -0.900293
0.900293 -2.288461 0.635624
-0.405043 -2.476317 -0.394201
0.789776 -2.288461 0.768636
-0.461723 -2.476317 -0.325985
-0.405043 -2.476317 -0.394201
0.900293 -2.288461 0.635624
1.370112 -1.102065 1.832988
0.513600 -2.288461 0.975070
1.066501 -1.102065 2.024754
0.736630 -1.102065 2.166663
1.066501 -1.102065 2.024754
0.513600 -2.288461 0.975070
-1.896807 -1.583664 -0.587988
-2.426108 -0.000000 -0.752065
-1.781473 -1.583664 -0.877475
-1.965436 -1.583664 -0.284023
-2.426108 -0.000000 -0.752065
-1.896807 -1.583664 -0.587988
0.752065 -0.000000 -2.426108
0.587988 -1.583664 -1.896807
0.363279 -0.000000 -2.513887
0.587988 -1.583664 -1.896807
0.752065 -0.000000 -2.426108
0.877475 -1.583664 -1.781473
-0.587988 -1.583664 1.896807
-0.752065 -0.000000 2.426108
-0.877475 -1.583664 1.781473
-0.752065 -0.000000 2.426108
-0.587988 -1.583664 1.896807
-0.363279 -0.000000 2.513887
1.896807 -1.583664 0.587988
2.426108 -0.000000 0.752065
1.781473 -1.583664 0.877475
1.965436 -1.583664 0.284023
2.426108 -0.000000 0.752065
1.896807 -1.583664 0.587988
0.925475 -1.583664 1.757016
0.817597 -0.000000 2.404815
0.639223 -1.583664 1.880160
0.263404 -2.476317 0.500073
0.181932 -2.476317 0.535122
-0.513600 -2.288461 -0.975070
-1.757016 -1.583664 0.925475
-2.404815 -0.000000 0.817597
-1.880160 -1.583664 0.639223
-0.500073 -2.476317 0.263404
-0.535122 -2.476317 0.181932
0.975070 -2.288461 -0.513600
0.500073 -2.476317 -0.263404
0.535122 -2.476317 -0.181932
-0.975070 -2.288461 0.513600
1.757016 -1.583664 -0.925475
2.404815 -0.000000 -0.817597
1.880160 -1.583664 -0.639223
0.249742 -2.476317 -0.507034
0.167350 -2.476317 -0.539860
0.587988 -1.583664 -1.896807
0.249742 -2.476317 -0.507034
-0.486962 -2.288461 0.988643
0.167350 -2.476317 -0.539860
-0.882721 -2.288461 0.659811
-0.768636 -2.288461 0.789776
0.394201 -2.476317 -0.405043
-0.882721 -2.288461 0.659811
-1.832988 -1.102065 1.370112
-0.768636 -2.288461 0.789776
-0.405043 -2.476317 -0.394201
0.659811 -2.288461 0.882721
0.789776 -2.288461 0.768636
0.659811 -2.288461 0.882721
1.370112 -1.102065 1.832988
0.789776 -2.288461 0.768636
-0.659811 -2.288461 -0.882721
-1.370112 -1.102065 -1.832988
-0.789776 -2.288461 -0.768636
0.405043 -2.476317 0.394201
-0.659811 -2.288461 -0.882721
-0.789776 -2.288461 -0.768636
-0.394201 -2.476317 0.405043
0.882721 -2.288461 -0.659811
0.768636 -2.288461 -0.789776
0.882721 -2.288461 -0.659811
1.832988 -1.102065 -1.370112
0.768636 -2.288461 -0.789776
-0.988643 -2.288461 -0.486962
-0.900293 -2.288461 -0.635624
-2.052938 -1.102065 -1.011187
-0.988643 -2.288461 -0.486962
0.461723 -2.476317 0.325985
-0.900293 -2.288461 -0.635624
0.157621 -2.288461 -1.090735
-0.167350 -2.476317 0.539860
0.326309 -2.288461 -1.052649
0.157621 -2.288461 -1.090735
0.326309 -2.288461 -1.052649
0.327303 -1.102065 -2.264934
1.090735 -2.288461 0.157621
-0.539860 -2.476317 -0.167350
1.052649 -2.288461 0.326309
1.090735 -2.288461 0.157621
1.052649 -2.288461 0.326309
2.264934 -1.102065 0.327303
-1.090735 -2.288461 -0.157621
-1.052649 -2.288461 -0.326309
-2.264934 -1.102065 -0.327303
-1.090735 -2.288461 -0.157621
0.539860 -2.476317 0.167350
-1.052649 -2.288461 -0.326309
-0.187149 -2.288461 -1.086058
0.007666 -2.476317 0.565151
-0.014948 -2.288461 -1.101963
-0.187149 -2.288461 -1.086058
-0.014948 -2.288461 -1.101963
-0.388620 -1.102065 -2.255222
-1.086058 -2.288461 0.187149
-1.101963 -2.288461 0.014948
-2.255222 -1.102065 0.388620
-1.086058 -2.288461 0.187149
0.565151 -2.476317 -0.007666
-1.101963 -2.288461 0.014948
1.086058 -2.288461 -0.187149
1.101963 -2.288461 -0.014948
2.255222 -1.102065 -0.388620
1.086058 -2.288461 -0.187149
-0.565151 -2.476317 0.007666
1.101963 -2.288461 -0.014948
-1.043410 -2.288461 0.354742
-2.166663 -1.102065 0.736630
-0.975070 -2.288461 0.513600
-0.975070 -2.288461 0.513600
0.535122 -2.476317 -0.181932
-1.043410 -2.288461 0.354742
1.043410 -2.288461 -0.354742
2.166663 -1.102065 -0.736630
0.975070 -2.288461 -0.513600
0.975070 -2.288461 -0.513600
-0.535122 -2.476317 0.181932
1.043410 -2.288461 -0.354742
-0.157621 -2.288461 1.090735
-0.326309 -2.288461 1.052649
-0.327303 -1.102065 2.264934
-0.326309 -2.288461 1.052649
-0.157621 -2.288461 1.090735
0.080837 -2.476317 -0.559393
0.354742 -2.288461 1.043410
0.513600 -2.288461 0.975070
-0.263404 -2.476317 -0.500073
-0.181932 -2.476317 -0.535122
0.354742 -2.288461 1.043410
-0.263404 -2.476317 -0.500073
0.187149 -2.288461 1.086058
0.354742 -2.288461 1.043410
-0.181932 -2.476317 -0.535122
-0.095981 -2.476317 -0.556994
0.187149 -2.288461 1.086058
-0.181932 -2.476317 -0.535122
1.145355 -1.583664 -1.622273
0.394201 -2.476317 -0.405043
0.325985 -2.476317 -0.461723
0.394201 -2.476317 -0.405043
-0.768636 -2.288461 0.789776
0.325985 -2.476317 -0.461723
-0.877475 -1.583664 1.781473
-1.145355 -1.583664 1.622273
-0.325985 -2.476317 0.461723
-0.249742 -2.476317 0.507034
-0.325985 -2.476317 0.461723
0.486962 -2.288461 -0.988643
0.507034 -2.476317 0.249742
0.461723 -2.476317 0.325985
-0.988643 -2.288461 -0.486962
1.781473 -1.583664 0.877475
1.622273 -1.583664 1.145355
0.461723 -2.476317 0.325985
-1.781473 -1.583664 -0.877475
-1.622273 -1.583664 -1.145355
-0.461723 -2.476317 -0.325985
-0.507034 -2.476317 -0.249742
-0.461723 -2.476317 -0.325985
0.988643 -2.288461 0.486962
-0.539860 -2.476317 -0.167350
-0.559393 -2.476317 -0.080837
-1.965436 -1.583664 -0.284023
-0.559393 -2.476317 -0.080837
-0.539860 -2.476317 -0.167350
1.090735 -2.288461 0.157621
-0.080837 -2.476317 0.559393
-0.167350 -2.476317 0.539860
0.157621 -2.288461 -1.090735
-0.167350 -2.476317 0.539860
-0.080837 -2.476317 0.559393
-0.284023 -1.583664 1.965436
0.539860 -2.476317 0.167350
0.559393 -2.476317 0.080837
1.965436 -1.583664 0.284023
0.559393 -2.476317 0.080837
0.539860 -2.476317 0.167350
-1.090735 -2.288461 -0.157621
-0.556994 -2.476317 0.095981
-0.565151 -2.476317 0.007666
1.086058 -2.288461 -0.187149
-1.985669 -1.583664 0.026936
-0.565151 -2.476317 0.007666
-1.957009 -1.583664 0.337232
0.095981 -2.476317 0.556994
0.007666 -2.476317 0.565151
-0.187149 -2.288461 -1.086058
0.026936 -1.583664 1.985669
0.007666 -2.476317 0.565151
0.337232 -1.583664 1.957009
0.556994 -2.476317 -0.095981
0.565151 -2.476317 -0.007666
-1.086058 -2.288461 0.187149
1.985669 -1.583664 -0.026936
0.565151 -2.476317 -0.007666
1.957009 -1.583664 -0.337232
0.080837 -2.476317 -0.559393
-0.007666 -2.476317 -0.565151
-0.026936 -1.583664 -1.985669
0.080837 -2.476317 -0.559393
-0.157621 -2.288461 1.090735
-0.007666 -2.476317 -0.565151
</float_array>
          <technique_common>
            <accessor source="#FBXASC227FBXASC130FBXASC189FBXASC227FBXASC131FBXASC170FBXASC227FBXASC131FBXASC131FBXASC227FBXASC131FBXASC1377-Normal0-array" count="2268" stride="3">
              <param name="X" type="float"/>
              <param name="Y" type="float"/>
              <param name="Z" type="float"/>
            </accessor>
          </technique_common>
        </source>
        <vertices id="FBXASC227FBXASC130FBXASC189FBXASC227FBXASC131FBXASC170FBXASC227FBXASC131FBXASC131FBXASC227FBXASC131FBXASC1377-VERTEX">
          <input semantic="POSITION" source="#FBXASC227FBXASC130FBXASC189FBXASC227FBXASC131FBXASC170FBXASC227FBXASC131FBXASC131FBXASC227FBXASC131FBXASC1377-POSITION"/>
        </vertices>
        <triangles count="756" material="MaterialFBXASC032FBXASC03526">
          <input semantic="VERTEX" offset="0" source="#FBXASC227FBXASC130FBXASC189FBXASC227FBXASC131FBXASC170FBXASC227FBXASC131FBXASC131FBXASC227FBXASC131FBXASC1377-VERTEX"/>
          <input semantic="NORMAL" offset="1" source="#FBXASC227FBXASC130FBXASC189FBXASC227FBXASC131FBXASC170FBXASC227FBXASC131FBXASC131FBXASC227FBXASC131FBXASC1377-Normal0"/>
          <p> 53 0 18 1 84 2 141 3 27 4 59 5 123 6 130 7 84 8 69 9 48 10 40 11 128 12 48 13 133 14 170 15 60 16 12 17 12 18 18 19 121 20 155 21 150 22 39 23 280 24 332 25 221 26 27 27 129 28 49 29 64 30 48 31 140 32 124 33 120 34 12 35 151 36 27 37 63 38 79 39 67 40 199 41 65 42 142 43 84 44 221 45 326 46 280 47 270 48 296 49 355 50 134 51 27 52 101 53 68 54 156 55 40 56 123 57 105 58 130 59 30 60 209 61 173 62 12 63 132 64 54 65 189 66 94 67 13 68 149 69 153 70 71 71 131 72 120 73 124 74 14 75 147 76 194 77 80 78 60 79 170 80 192 81 89 82 15 83 94 84 53 85 84 86 78 87 116 88 122 89 148 90 70 91 32 92 65 93 110 94 142 95 105 96 123 97 210 98 61 99 120 100 131 101 240 102 376 103 297 104 48 105 145 106 40 107 142 108 110 109 74 110 20 111 206 112 95 113 85 114 31 115 83 116 81 117 48 118 138 119 187 120 53 121 94 122 121 123 132 124 12 125 33 126 160 127 40 128 251 129 310 130 365 131 253 132 290 133 303 134 203 135 38 136 89 137 353 138 252 139 334 140 63 141 114 142 151 143 166 144 114 145 63 146 238 147 378 148 299 149 118 150 43 151 266 152 129 153 27 154 188 155 319 156 296 157 371 158 101 159 177 160 134 161 179 162 66 163 39 164 275 165 216 166 341 167 199 168 67 169 12 170 205 171 209 172 30 173 83 174 31 175 157 176 157 177 31 178 12 179 70 180 161 181 32 182 32 183 161 184 84 185 167 186 160 187 73 188 231 189 127 190 57 191 72 192 166 193 143 194 141 195 59 196 158 197 9 198 181 199 35 200 35 201 181 202 84 203 108 204 135 205 36 206 156 207 68 208 159 209 158 210 59 211 102 212 107 213 136 214 37 215 89 216 38 217 175 218 175 219 38 220 12 221 119 222 39 223 172 224 116 225 78 226 183 227 106 228 40 229 182 230 76 231 113 232 165 233 112 234 67 235 79 236 217 237 323 238 307 239 171 240 113 241 76 242 115 243 42 244 167 245 155 246 208 247 150 248 104 249 188 250 27 251 201 252 144 253 44 254 66 255 179 256 200 257 359 258 211 259 272 260 17 261 190 262 45 263 138 264 117 265 81 266 239 267 377 268 300 269 347 270 374 271 312 272 224 273 106 274 182 275 178 276 48 277 99 278 145 279 48 280 178 281 163 282 128 283 111 284 186 285 177 286 101 287 212 288 286 289 277 290 50 291 153 292 149 293 216 294 322 295 306 296 252 297 301 298 334 299 128 300 133 301 111 302 46 303 349 304 0 305 75 306 22 307 152 308 22 309 18 310 152 311 196 312 209 313 88 314 252 315 291 316 301 317 125 318 342 319 304 320 220 321 236 322 287 323 18 324 56 325 210 326 56 327 18 328 12 329 314 330 240 331 297 332 103 333 159 334 68 335 118 336 344 337 261 338 227 339 178 340 99 341 139 342 27 343 37 344 139 345 37 346 136 347 137 348 14 349 12 350 137 351 147 352 14 353 56 354 191 355 210 356 269 357 284 358 276 359 222 360 136 361 107 362 313 363 238 364 299 365 26 366 72 367 143 368 143 369 27 370 26 371 214 372 117 373 138 374 140 375 204 376 64 377 169 378 17 379 45 380 17 381 169 382 84 383 109 384 208 385 155 386 109 387 66 388 200 389 146 390 41 391 15 392 146 393 15 394 12 395 36 396 135 397 154 398 36 399 154 400 40 401 69 402 40 403 106 404 204 405 140 406 202 407 251 408 295 409 310 410 327 411 295 412 251 413 20 414 193 415 84 416 193 417 20 418 95 419 126 420 141 421 158 422 230 423 126 424 34 425 160 426 33 427 73 428 127 429 156 430 159 431 176 432 9 433 35 434 289 435 206 436 255 437 51 438 22 439 75 440 324 441 258 442 279 443 42 444 115 445 162 446 42 447 162 448 40 449 364 450 308 451 267 452 250 453 308 454 364 455 164 456 39 457 119 458 78 459 122 460 39 461 329 462 292 463 250 464 250 465 292 466 308 467 290 468 80 469 256 470 24 471 60 472 80 473 111 474 133 475 207 476 117 477 207 478 81 479 116 480 201 481 122 482 346 483 352 484 315 485 293 486 249 487 309 488 213 489 293 490 309 491 94 492 84 493 13 494 71 495 153 496 84 497 358 498 276 499 274 500 330 501 293 502 213 503 223 504 135 505 108 506 317 507 58 508 372 509 318 510 87 511 370 512 113 513 182 514 165 515 12 516 54 517 88 518 205 519 30 520 12 521 290 522 256 523 303 524 325 525 257 526 311 527 298 528 379 529 29 530 144 531 200 532 44 533 91 534 351 535 8 536 8 537 72 538 230 539 92 540 350 541 11 542 11 543 73 544 231 545 82 546 316 547 369 548 183 549 164 550 119 551 328 552 294 553 268 554 322 555 248 556 306 557 289 558 255 559 302 560 338 561 180 562 286 563 186 564 49 565 163 566 296 567 28 568 96 569 114 570 172 571 151 572 97 573 267 574 282 575 98 576 260 577 281 578 115 579 171 580 162 581 227 582 99 583 3 584 99 585 129 586 188 587 204 588 214 589 64 590 312 591 239 592 300 593 49 594 186 595 101 596 101 597 27 598 49 599 184 600 158 601 102 602 102 603 139 604 136 605 135 606 103 607 154 608 185 609 159 610 103 611 208 612 104 613 150 614 237 615 104 616 43 617 335 618 125 619 285 620 130 621 105 622 55 623 7 624 106 625 224 626 202 627 69 628 106 629 177 630 107 631 134 632 222 633 107 634 28 635 108 636 145 637 178 638 223 639 108 640 19 641 232 642 109 643 5 644 232 645 208 646 109 647 110 648 65 649 45 650 321 651 246 652 305 653 225 654 163 655 111 656 225 657 111 658 0 659 323 660 247 661 307 662 146 663 112 664 41 665 23 666 113 667 219 668 219 669 113 670 171 671 233 672 114 673 166 674 1 675 114 676 233 677 2 678 115 679 234 680 234 681 115 682 167 683 16 684 116 685 228 686 228 687 116 688 183 689 235 690 117 691 21 692 235 693 207 694 117 695 118 696 261 697 283 698 237 699 188 700 104 701 25 702 119 703 229 704 229 705 119 706 172 707 120 708 56 709 12 710 120 711 61 712 56 713 51 714 121 715 22 716 121 717 18 718 22 719 122 720 201 721 44 722 122 723 44 724 39 725 210 726 123 727 18 728 18 729 123 730 84 731 31 732 124 733 12 734 31 735 85 736 124 737 331 738 342 739 125 740 276 741 243 742 269 743 230 744 72 745 126 746 72 747 26 748 126 749 231 750 73 751 127 752 73 753 33 754 127 755 49 756 48 757 128 758 49 759 128 760 163 761 48 762 129 763 99 764 129 765 48 766 49 767 130 768 32 769 84 770 130 771 55 772 32 773 337 774 131 775 245 776 124 777 85 778 131 779 254 780 54 781 132 782 132 783 121 784 51 785 133 786 48 787 81 788 133 789 81 790 207 791 134 792 107 793 37 794 37 795 27 796 134 797 6 798 135 799 223 800 6 801 103 802 135 803 4 804 102 805 136 806 4 807 136 808 222 809 60 810 137 811 12 812 24 813 137 814 60 815 64 816 214 817 138 818 138 819 48 820 64 821 59 822 139 823 102 824 59 825 27 826 139 827 140 828 48 829 69 830 140 831 69 832 202 833 26 834 141 835 126 836 26 837 27 838 141 839 142 840 74 841 35 842 142 843 35 844 84 845 63 846 27 847 143 848 143 849 166 850 63 851 5 852 144 853 226 854 226 855 144 856 201 857 145 858 108 859 36 860 145 861 36 862 40 863 67 864 146 865 12 866 67 867 112 868 146 869 147 870 137 871 24 872 320 873 290 874 253 875 125 876 304 877 285 878 32 879 55 880 148 881 338 882 289 883 180 884 149 885 71 886 95 887 150 888 104 889 27 890 150 891 27 892 39 893 39 894 27 895 151 896 39 897 151 898 172 899 152 900 18 901 53 902 152 903 53 904 75 905 153 906 13 907 84 908 153 909 50 910 13 911 154 912 103 913 68 914 154 915 68 916 40 917 66 918 109 919 155 920 66 921 155 922 39 923 156 924 33 925 40 926 33 927 156 928 127 929 14 930 157 931 12 932 83 933 157 934 14 935 34 936 126 937 158 938 34 939 158 940 184 941 57 942 127 943 159 944 57 945 159 946 185 947 42 948 160 949 167 950 160 951 42 952 40 953 161 954 17 955 84 956 161 957 70 958 17 959 162 960 171 961 76 962 162 963 76 964 40 965 242 966 186 967 163 968 242 969 163 970 225 971 164 972 78 973 39 974 78 975 164 976 183 977 40 978 165 979 182 980 40 981 76 982 165 983 233 984 166 985 8 986 8 987 166 988 72 989 234 990 167 991 11 992 11 993 167 994 73 995 253 996 303 997 270 998 360 999 217 1000 273 1001 45 1002 65 1003 169 1004 169 1005 65 1006 84 1007 170 1008 38 1009 80 1010 38 1011 170 1012 12 1013 2 1014 171 1015 115 1016 219 1017 171 1018 2 1019 1 1020 172 1021 114 1022 229 1023 172 1024 1 1025 292 1026 288 1027 308 1028 30 1029 173 1030 79 1031 368 1032 174 1033 367 1034 216 1035 306 1036 341 1037 15 1038 175 1039 12 1040 89 1041 175 1042 15 1043 35 1044 74 1045 176 1046 259 1047 176 1048 74 1049 28 1050 107 1051 177 1052 28 1053 177 1054 96 1055 19 1056 108 1057 178 1058 19 1059 178 1060 227 1061 44 1062 179 1063 39 1064 44 1065 200 1066 179 1067 332 1068 343 1069 221 1070 261 1071 344 1072 277 1073 9 1074 20 1075 181 1076 181 1077 20 1078 84 1079 224 1080 182 1081 23 1082 23 1083 182 1084 113 1085 228 1086 183 1087 25 1088 25 1089 183 1090 119 1091 184 1092 102 1093 4 1094 348 1095 375 1096 313 1097 345 1098 373 1099 314 1100 185 1101 103 1102 6 1103 96 1104 177 1105 186 1106 96 1107 186 1108 242 1109 258 1110 51 1111 75 1112 53 1113 187 1114 75 1115 3 1116 99 1117 188 1118 3 1119 188 1120 237 1121 294 1122 286 1123 212 1124 13 1125 50 1126 189 1127 17 1128 70 1129 190 1130 295 1131 287 1132 310 1133 337 1134 215 1135 284 1136 56 1137 61 1138 191 1139 257 1140 89 1141 192 1142 15 1143 41 1144 192 1145 95 1146 71 1147 193 1148 193 1149 71 1150 84 1151 194 1152 83 1153 14 1154 293 1155 194 1156 249 1157 213 1158 309 1159 333 1160 355 1161 253 1162 270 1163 291 1164 54 1165 254 1166 88 1167 54 1168 196 1169 362 1170 197 1171 264 1172 217 1173 307 1174 273 1175 363 1176 198 1177 265 1178 211 1179 305 1180 272 1181 199 1182 30 1183 79 1184 30 1185 199 1186 12 1187 5 1188 200 1189 144 1190 109 1191 200 1192 5 1193 226 1194 201 1195 16 1196 16 1197 201 1198 116 1199 100 1200 202 1201 7 1202 7 1203 202 1204 106 1205 256 1206 80 1207 203 1208 38 1209 203 1210 80 1211 21 1212 204 1213 100 1214 100 1215 204 1216 202 1217 209 1218 205 1219 88 1220 88 1221 205 1222 12 1223 206 1224 20 1225 9 1226 255 1227 206 1228 9 1229 0 1230 111 1231 207 1232 0 1233 207 1234 235 1235 43 1236 104 1237 208 1238 43 1239 208 1240 232 1241 340 1242 252 1243 288 1244 340 1245 291 1246 252 1247 336 1248 284 1249 269 1250 336 1251 269 1252 335 1253 326 1254 259 1255 280 1256 211 1257 321 1258 305 1259 174 1260 268 1261 367 1262 174 1263 328 1264 268 1265 278 1266 274 1267 215 1268 361 1269 278 1270 262 1271 21 1272 117 1273 214 1274 21 1275 214 1276 204 1277 215 1278 245 1279 278 1280 337 1281 245 1282 215 1283 279 1284 263 1285 218 1286 366 1287 263 1288 279 1289 168 1290 325 1291 311 1292 168 1293 311 1294 271 1295 291 1296 254 1297 301 1298 218 1299 324 1300 279 1301 219 1302 281 1303 87 1304 23 1305 219 1306 87 1307 339 1308 220 1309 287 1310 339 1311 285 1312 220 1313 180 1314 289 1315 302 1316 180 1317 302 1318 343 1319 62 1320 4 1321 222 1322 319 1323 62 1324 222 1325 223 1326 317 1327 86 1328 6 1329 223 1330 86 1331 7 1332 224 1333 47 1334 224 1335 318 1336 47 1337 225 1338 0 1339 52 1340 52 1341 242 1342 225 1343 315 1344 90 1345 298 1346 352 1347 90 1348 315 1349 58 1350 19 1351 227 1352 283 1353 58 1354 227 1355 228 1356 316 1357 82 1358 16 1359 228 1360 82 1361 229 1362 282 1363 93 1364 25 1365 229 1366 93 1367 299 1368 91 1369 230 1370 230 1371 91 1372 8 1373 231 1374 92 1375 11 1376 297 1377 92 1378 231 1379 232 1380 29 1381 43 1382 298 1383 29 1384 232 1385 233 1386 8 1387 97 1388 97 1389 1 1390 233 1391 234 1392 11 1393 98 1394 98 1395 2 1396 234 1397 235 1398 46 1399 0 1400 300 1401 46 1402 235 1403 365 1404 310 1405 260 1406 236 1407 220 1408 356 1409 237 1410 43 1411 118 1412 118 1413 3 1414 237 1415 357 1416 168 1417 271 1418 62 1419 375 1420 348 1421 47 1422 374 1423 347 1424 274 1425 239 1426 358 1427 272 1428 240 1429 359 1430 86 1431 373 1432 345 1433 52 1434 241 1435 10 1436 241 1437 333 1438 195 1439 10 1440 242 1441 52 1442 10 1443 96 1444 242 1445 374 1446 47 1447 243 1448 331 1449 370 1450 342 1451 373 1452 86 1453 244 1454 332 1455 372 1456 343 1457 245 1458 131 1459 85 1460 330 1461 85 1462 83 1463 246 1464 110 1465 45 1466 327 1467 45 1468 190 1469 247 1470 41 1471 112 1472 329 1473 112 1474 79 1475 248 1476 187 1477 94 1478 328 1479 94 1480 189 1481 249 1482 194 1483 147 1484 320 1485 147 1486 24 1487 197 1488 250 1489 264 1490 197 1491 329 1492 250 1493 198 1494 251 1495 265 1496 198 1497 327 1498 251 1499 77 1500 252 1501 353 1502 252 1503 77 1504 288 1505 195 1506 320 1507 253 1508 195 1509 253 1510 355 1511 324 1512 132 1513 51 1514 324 1515 51 1516 258 1517 326 1518 9 1519 176 1520 326 1521 176 1522 259 1523 325 1524 203 1525 89 1526 325 1527 89 1528 257 1529 323 1530 41 1531 247 1532 323 1533 192 1534 41 1535 322 1536 187 1537 248 1538 322 1539 75 1540 187 1541 321 1542 110 1543 246 1544 321 1545 74 1546 110 1547 281 1548 260 1549 87 1550 356 1551 220 1552 342 1553 283 1554 261 1555 58 1556 354 1557 180 1558 343 1559 241 1560 52 1561 333 1562 349 1563 46 1564 262 1565 263 1566 366 1567 352 1568 369 1569 334 1570 82 1571 267 1572 97 1573 364 1574 351 1575 91 1576 264 1577 350 1578 92 1579 265 1580 260 1581 98 1582 365 1583 368 1584 341 1585 174 1586 29 1587 266 1588 43 1589 282 1590 267 1591 93 1592 353 1593 334 1594 369 1595 268 1596 294 1597 212 1598 367 1599 268 1600 344 1601 269 1602 331 1603 125 1604 269 1605 125 1606 335 1607 271 1608 62 1609 357 1610 371 1611 296 1612 270 1613 375 1614 62 1615 271 1616 273 1617 238 1618 360 1619 265 1620 92 1621 363 1622 376 1623 240 1624 272 1625 378 1626 238 1627 273 1628 264 1629 91 1630 362 1631 262 1632 46 1633 361 1634 377 1635 239 1636 274 1637 275 1638 341 1639 379 1640 352 1641 366 1642 90 1643 276 1644 215 1645 274 1646 215 1647 276 1648 284 1649 277 1650 180 1651 354 1652 180 1653 277 1654 286 1655 278 1656 213 1657 262 1658 278 1659 330 1660 213 1661 216 1662 366 1663 279 1664 279 1665 258 1666 216 1667 211 1668 244 1669 280 1670 280 1671 259 1672 211 1673 281 1674 2 1675 98 1676 281 1677 219 1678 2 1679 282 1680 1 1681 97 1682 282 1683 229 1684 1 1685 283 1686 227 1687 3 1688 283 1689 3 1690 118 1691 336 1692 191 1693 284 1694 284 1695 191 1696 61 1697 339 1698 55 1699 285 1700 285 1701 55 1702 105 1703 286 1704 50 1705 149 1706 294 1707 50 1708 286 1709 295 1710 70 1711 287 1712 287 1713 70 1714 148 1715 288 1716 173 1717 209 1718 292 1719 173 1720 288 1721 338 1722 95 1723 289 1724 289 1725 95 1726 206 1727 320 1728 24 1729 290 1730 290 1731 24 1732 80 1733 340 1734 196 1735 291 1736 291 1737 196 1738 54 1739 329 1740 79 1741 292 1742 292 1743 79 1744 173 1745 330 1746 83 1747 293 1748 293 1749 83 1750 194 1751 328 1752 189 1753 294 1754 294 1755 189 1756 50 1757 327 1758 190 1759 295 1760 295 1761 190 1762 70 1763 10 1764 296 1765 96 1766 10 1767 241 1768 296 1769 57 1770 185 1771 297 1772 297 1773 231 1774 57 1775 315 1776 298 1777 5 1778 298 1779 232 1780 5 1781 34 1782 184 1783 299 1784 299 1785 230 1786 34 1787 300 1788 235 1789 21 1790 312 1791 300 1792 21 1793 301 1794 254 1795 218 1796 218 1797 334 1798 301 1799 302 1800 255 1801 221 1802 221 1803 343 1804 302 1805 168 1806 270 1807 303 1808 303 1809 256 1810 168 1811 220 1812 285 1813 304 1814 220 1815 304 1816 342 1817 198 1818 272 1819 305 1820 305 1821 246 1822 198 1823 174 1824 341 1825 306 1826 306 1827 248 1828 174 1829 307 1830 247 1831 197 1832 197 1833 273 1834 307 1835 308 1836 288 1837 77 1838 308 1839 77 1840 267 1841 309 1842 249 1843 195 1844 195 1845 333 1846 309 1847 310 1848 236 1849 260 1850 310 1851 287 1852 236 1853 217 1854 271 1855 311 1856 311 1857 257 1858 217 1859 347 1860 312 1861 100 1862 100 1863 312 1864 21 1865 184 1866 4 1867 313 1868 299 1869 184 1870 313 1871 185 1872 6 1873 314 1874 297 1875 185 1876 314 1877 346 1878 315 1879 226 1880 226 1881 315 1882 5 1883 316 1884 25 1885 93 1886 316 1887 228 1888 25 1889 317 1890 19 1891 58 1892 317 1893 223 1894 19 1895 318 1896 23 1897 87 1898 318 1899 224 1900 23 1901 319 1902 28 1903 296 1904 319 1905 222 1906 28 1907 249 1908 147 1909 320 1910 249 1911 320 1912 195 1913 259 1914 321 1915 211 1916 259 1917 74 1918 321 1919 258 1920 322 1921 216 1922 258 1923 75 1924 322 1925 257 1926 323 1927 217 1928 257 1929 192 1930 323 1931 254 1932 132 1933 324 1934 254 1935 324 1936 218 1937 256 1938 203 1939 325 1940 256 1941 325 1942 168 1943 255 1944 9 1945 326 1946 255 1947 326 1948 221 1949 246 1950 327 1951 198 1952 246 1953 45 1954 327 1955 248 1956 94 1957 328 1958 248 1959 328 1960 174 1961 247 1962 112 1963 329 1964 247 1965 329 1966 197 1967 245 1968 85 1969 330 1970 245 1971 330 1972 278 1973 243 1974 47 1975 331 1976 243 1977 331 1978 269 1979 244 1980 332 1981 280 1982 244 1983 86 1984 332 1985 262 1986 213 1987 333 1988 333 1989 349 1990 262 1991 334 1992 263 1993 82 1994 263 1995 334 1996 218 1997 285 1998 105 1999 335 2000 335 2001 105 2002 210 2003 335 2004 210 2005 336 2006 336 2007 210 2008 191 2009 284 2010 61 2011 337 2012 337 2013 61 2014 131 2015 286 2016 149 2017 338 2018 338 2019 149 2020 95 2021 287 2022 148 2023 339 2024 339 2025 148 2026 55 2027 288 2028 209 2029 340 2030 340 2031 209 2032 196 2033 341 2034 368 2035 29 2036 379 2037 341 2038 29 2039 342 2040 87 2041 356 2042 370 2043 87 2044 342 2045 343 2046 58 2047 354 2048 372 2049 58 2050 343 2051 277 2052 344 2053 212 2054 268 2055 212 2056 344 2057 345 2058 6 2059 86 2060 314 2061 6 2062 345 2063 16 2064 346 2065 226 2066 346 2067 16 2068 82 2069 347 2070 7 2071 47 2072 7 2073 347 2074 100 2075 348 2076 4 2077 62 2078 313 2079 4 2080 348 2081 52 2082 0 2083 349 2084 52 2085 349 2086 333 2087 98 2088 11 2089 350 2090 98 2091 350 2092 365 2093 97 2094 351 2095 364 2096 97 2097 8 2098 351 2099 82 2100 352 2101 346 2102 82 2103 263 2104 352 2105 267 2106 353 2107 93 2108 267 2109 77 2110 353 2111 58 2112 261 2113 354 2114 261 2115 277 2116 354 2117 241 2118 195 2119 355 2120 296 2121 241 2122 355 2123 87 2124 260 2125 356 2126 260 2127 236 2128 356 2129 357 2130 270 2131 168 2132 357 2133 371 2134 270 2135 358 2136 374 2137 243 2138 358 2139 243 2140 276 2141 359 2142 373 2143 244 2144 359 2145 244 2146 211 2147 360 2148 271 2149 217 2150 360 2151 375 2152 271 2153 361 2154 377 2155 274 2156 361 2157 274 2158 278 2159 362 2160 273 2161 197 2162 362 2163 378 2164 273 2165 363 2166 272 2167 198 2168 363 2169 376 2170 272 2171 264 2172 250 2173 364 2174 364 2175 351 2176 264 2177 265 2178 251 2179 365 2180 365 2181 350 2182 265 2183 275 2184 366 2185 216 2186 366 2187 275 2188 90 2189 367 2190 344 2191 118 2192 266 2193 367 2194 118 2195 368 2196 367 2197 266 2198 29 2199 368 2200 266 2201 316 2202 93 2203 369 2204 93 2205 353 2206 369 2207 47 2208 318 2209 370 2210 47 2211 370 2212 331 2213 62 2214 371 2215 357 2216 62 2217 319 2218 371 2219 86 2220 317 2221 372 2222 86 2223 372 2224 332 2225 373 2226 240 2227 314 2228 240 2229 373 2230 359 2231 239 2232 374 2233 358 2234 374 2235 239 2236 312 2237 375 2238 238 2239 313 2240 238 2241 375 2242 360 2243 92 2244 376 2245 363 2246 297 2247 376 2248 92 2249 46 2250 377 2251 361 2252 300 2253 377 2254 46 2255 91 2256 378 2257 362 2258 299 2259 378 2260 91 2261 90 2262 379 2263 298 2264 90 2265 275 2266 379 2267</p>
        </triangles>
      </mesh>
    </geometry>
    <geometry id="FBXASC227FBXASC130FBXASC189FBXASC227FBXASC131FBXASC170FBXASC227FBXASC131FBXASC131FBXASC227FBXASC131FBXASC1378-lib" name="FBXASC227FBXASC130FBXASC189FBXASC227FBXASC131FBXASC170FBXASC227FBXASC131FBXASC131FBXASC227FBXASC131FBXASC1378Mesh">
      <mesh>
        <source id="FBXASC227FBXASC130FBXASC189FBXASC227FBXASC131FBXASC170FBXASC227FBXASC131FBXASC131FBXASC227FBXASC131FBXASC1378-POSITION">
          <float_array id="FBXASC227FBXASC130FBXASC189FBXASC227FBXASC131FBXASC170FBXASC227FBXASC131FBXASC131FBXASC227FBXASC131FBXASC1378-POSITION-array" count="1032">-0.000181205 -0.001281496 -0.00012559 0.000175765 -0.001281496 -0.00010497 4.5518e-05 -0.001281496 0.0001996 -0.000190022 -0.001281496 7.6182e-05 1.8161e-05 -0.001257874 -0.000219723 0.00019851 -0.001281496 5.006e-05 0.000108953 -0.001281496 -0.000173325 -0.000134725 -0.001281496 0.000154147 0.000100933 -0.001375984 0.000169005 -0.00019851 -0.001281496 -5.006e-05 -4.3767e-05 -0.001375984 -0.000191923 0.000181205 -0.001281496 0.00012559 -5.006e-05 -0.001281496 0.00019851 0.000129543 -0.001375984 -0.000148218 -0.000182714 -0.001375984 7.3252e-05 -0.000166658 -0.001375984 -0.000104762 0.000196055 -0.001375984 1.7682e-05 -4.5518e-05 -0.001281496 -0.0001996 -1.7682e-05 -0.001375984 0.000196055 -0.00010497 -0.001281496 -0.000175765 4.741e-05 -0.001257874 0.000215315 -0.000129543 -0.001375984 0.000148218 0.00010497 -0.001281496 0.000175765 0.0001996 -0.001281496 -4.5518e-05 4.8134e-05 -0.001375984 -0.000190875 -0.000162763 -0.001281496 0.000148716 -0.000218256 -0.001281496 3.1187e-05 0.000217752 -0.001257874 3.4531e-05 5.006e-05 -0.001281496 -0.00019851 -0.000196407 -0.00128937 1.3205e-05 -1.3322e-05 -0.001273819 -0.000198155 -7.7401e-05 -0.00128937 0.000180995 -0.000108769 -0.001257874 -0.000191774 0.00018311 -0.001257874 -0.000122796 -1.839e-05 -0.001281496 0.000203897 -0.000190875 -0.001375984 -4.8134e-05 0.000160463 -0.001257874 0.000151194 0.000198155 -0.001273819 -1.3322e-05 5.0707e-05 -0.001257874 -0.000214562 -0.0001996 -0.001281496 4.5518e-05 -0.000108953 -0.001281496 0.000173325 -0.000182606 -0.001273819 -7.809e-05 -4.3767e-05 -0.00128937 -0.000191923 0.000148218 -0.00128937 0.000129543 0.000180995 -0.001375984 7.7401e-05 0.000182714 -0.00128937 -7.3252e-05 1.3205e-05 -0.00128937 0.000196407 -0.000148218 -0.00128937 -0.000129543 -0.000169005 -0.00128937 0.000100933 0.000169005 -0.001375984 -0.000100933 0.00015248 -0.001273819 -0.000127251 4.3767e-05 -0.001375984 0.000191923 -7.3252e-05 -0.001375984 -0.000182714 -8.2119e-05 -0.001257874 0.000204608 0.000108769 -0.001257874 0.000191774 -0.000154147 -0.001281496 -0.000134725 0.000182606 -0.001273819 7.809e-05 0.000218256 -0.001281496 -3.1187e-05 0.000197899 -0.001257874 9.718e-05 0.00013878 -0.001257874 -0.000171313 7.3904e-05 -0.001273819 0.00018434 1.7682e-05 -0.00128937 -0.000196055 -0.000196407 -0.001375984 1.3205e-05 7.809e-05 -0.001273819 -0.000182606 -0.000104762 -0.001375984 0.000166658 -0.000210173 -0.001257874 -6.6599e-05 0.000191923 -0.001375984 -4.3767e-05 -0.00018311 -0.001257874 0.000122796 -0.00021117 -0.001257874 6.3368e-05 -0.000220466 -0.001257874 -1.691e-06 0.000148218 -0.001375984 0.000129543 0.000220466 -0.001257874 1.691e-06 -0.00013878 -0.001257874 0.000171313 -0.000160463 -0.001257874 -0.000151194 1.3322e-05 -0.001273819 0.000198155 -0.000100933 -0.00128937 -0.000169005 -0.000100987 -0.00127808 0.000160652 0.000199367 -0.001257874 -9.4133e-05 0.000154147 -0.001281496 0.000134725 -0.000191923 -0.00128937 4.3767e-05 -0.000181205 -0.001257874 -0.00012559 1.839e-05 -0.001281496 -0.000203897 -1.8161e-05 -0.001257874 0.000219723 0.000190875 -0.00128937 4.8134e-05 -4.741e-05 -0.001257874 -0.000215315 -0.000180995 -0.00128937 -7.7401e-05 -1.3205e-05 -0.001375984 -0.000196407 0.000129543 -0.00128937 -0.000148218 -4.8134e-05 -0.001375984 0.000190875 4.8134e-05 -0.00128937 -0.000190875 -7.809e-05 -0.001273819 0.000182606 -0.000148218 -0.001375984 -0.000129543 0.000136136 -0.001281496 0.000173421 -0.000136136 -0.001281496 -0.000173421 -7.6182e-05 -0.001281496 -0.000190022 0.00018434 -0.001273819 -7.3904e-05 0.000100933 -0.00128937 0.000169005 0.000196407 -0.00128937 -1.3205e-05 0.000134725 -0.001281496 -0.000154147 -0.000198155 -0.001273819 1.3322e-05 1.4789e-05 -0.001281496 0.000219976 -0.000217752 -0.001281496 -3.4531e-05 0.000217752 -0.001281496 3.4531e-05 7.7401e-05 -0.001375984 -0.000180995 -1.7682e-05 -0.00128937 0.000196055 7.8971e-05 -0.001281496 0.000205844 8.2119e-05 -0.001281496 -0.000204608 -0.000129543 -0.00128937 0.000148218 -1.4789e-05 -0.001281496 -0.000219976 0.000199367 -0.001281496 -9.4133e-05 -0.00015248 -0.001273819 0.000127251 0.000162763 -0.001281496 -0.000148716 0.000191923 -0.00128937 -4.3767e-05 1.3205e-05 -0.001375984 0.000196407 7.3252e-05 -0.00128937 0.000182714 -8.2119e-05 -0.001281496 0.000204608 -0.000127251 -0.001273819 -0.00015248 0.000127251 -0.001273819 0.00015248 -0.000197899 -0.001281496 -9.718e-05 0.000197899 -0.001281496 9.718e-05 -0.00018311 -0.001281496 0.000122796 0.000220466 -0.001281496 1.691e-06 -0.000220466 -0.001281496 -1.691e-06 -5.0707e-05 -0.001257874 0.000214562 -0.000186114 -0.001287652 -4.6934e-05 1.4789e-05 -0.001257874 0.000219976 -0.000151135 -0.001375984 0.000126128 -0.000199367 -0.001281496 9.4133e-05 0.000210173 -0.001281496 6.6599e-05 -0.000210173 -0.001281496 -6.6599e-05 -0.000111697 -0.001257874 0.000190084 7.8971e-05 -0.001257874 0.000205844 -0.000162763 -0.001257874 0.000148716 0.000136136 -0.001257874 0.000173421 -0.000160463 -0.001281496 -0.000151194 0.000160463 -0.001281496 0.000151194 -0.000199367 -0.001257874 9.4133e-05 0.000181205 -0.001257874 0.00012559 -0.000196055 -0.001375984 -1.7682e-05 -0.000218256 -0.001257874 3.1187e-05 8.2119e-05 -0.001257874 -0.000204608 0.000210173 -0.001257874 6.6599e-05 0.000180995 -0.00128937 7.7401e-05 4.3767e-05 -0.00128937 0.000191923 -0.000196055 -0.00128937 -1.7682e-05 0.000196407 -0.001375984 -1.3205e-05 7.7401e-05 -0.00128937 -0.000180995 -0.000217752 -0.001257874 -3.4531e-05 -7.0612e-05 -0.00127808 -0.000176129 7.3252e-05 -0.001375984 0.000182714 1.7682e-05 -0.001375984 -0.000196055 -7.7401e-05 -0.001375984 0.000180995 0.000111697 -0.001257874 -0.000190084 -0.000197899 -0.001257874 -9.718e-05 0.000162763 -0.001257874 -0.000148716 -0.00021117 -0.001281496 6.3368e-05 0.00021117 -0.001281496 -6.3368e-05 -0.000169005 -0.001375984 0.000100933 0.000218256 -0.001257874 -3.1187e-05 0.000104762 -0.001375984 -0.000166658 -7.8971e-05 -0.001257874 -0.000205844 1.7045e-05 -0.00127808 -0.000188989 0.00021117 -0.001257874 -6.3368e-05 -0.000136136 -0.001257874 -0.000173421 -0.000100933 -0.001375984 -0.000169005 -0.000191923 -0.001375984 4.3767e-05 -0.000174472 -0.00127808 -7.4612e-05 0.000174472 -0.00127808 7.4612e-05 0.000126128 -0.001375984 0.000151135 -0.000176129 -0.00127808 7.0612e-05 0.00018311 -0.001281496 -0.000122796 -1.7045e-05 -0.00127808 0.000188989 -0.00013878 -0.001281496 0.000171313 0.00013878 -0.001281496 -0.000171313 0.000100987 -0.00127808 -0.000160652 -1.4789e-05 -0.001257874 -0.000219976 0.000190875 -0.001375984 4.8134e-05 -0.000203897 -0.001281496 -1.839e-05 0.000203897 -0.001281496 1.839e-05 0.000173325 -0.001281496 0.000108953 -0.000173325 -0.001281496 -0.000108953 -7.3252e-05 -0.00128937 -0.000182714 -1.3205e-05 -0.00128937 -0.000196407 -0.000111697 -0.001281496 0.000190084 0.000111697 -0.001281496 -0.000190084 0.000169005 -0.00128937 -0.000100933 0.000196055 -0.00128937 1.7682e-05 7.0612e-05 -0.00127808 0.000176129 -0.000175765 -0.001281496 0.00010497 -0.000180995 -0.001375984 -7.7401e-05 0.000182714 -0.001375984 -7.3252e-05 -5.0707e-05 -0.001281496 0.000214562 5.0707e-05 -0.001281496 -0.000214562 -0.000108769 -0.001281496 -0.000191774 0.000108769 -0.001281496 0.000191774 -7.8971e-05 -0.001281496 -0.000205844 -0.000182714 -0.00128937 7.3252e-05 -4.8134e-05 -0.00128937 0.000190875 0.000176129 -0.00127808 -7.0612e-05 -1.8161e-05 -0.001281496 0.000219723 -4.741e-05 -0.001281496 -0.000215315 4.741e-05 -0.001281496 0.000215315 -0.000126128 -0.001375984 -0.000151135 0.000188989 -0.00127808 1.7045e-05 1.8161e-05 -0.001281496 -0.000219723 -0.000188989 -0.00127808 -1.7045e-05 -0.000104762 -0.00128937 0.000166658 -4.219e-05 -0.00127808 -0.000185007 -1.3733e-05 -0.001281496 -0.000204263 -0.00015718 -0.001281496 0.000131173 0.00015718 -0.001281496 -0.000131173 -0.000204263 -0.001281496 1.3733e-05 0.000160652 -0.00127808 0.000100987 -0.000160652 -0.00127808 -0.000100987 -0.000188235 -0.001281496 -8.0497e-05 0.000188235 -0.001281496 8.0497e-05 -8.0497e-05 -0.001281496 0.000188235 8.0497e-05 -0.001281496 -0.000188235 0.000126128 -0.00128937 0.000151135 1.3733e-05 -0.001281496 0.000204263 1.2729e-05 -0.00127808 0.000189329 -0.000126128 -0.00128937 -0.000151135 0.000166658 -0.001375984 0.000104762 0.000190022 -0.001281496 -7.6182e-05 0.000204263 -0.001281496 -1.3733e-05 7.6182e-05 -0.001281496 0.000190022 0.000151135 -0.00128937 -0.000126128 -0.000131173 -0.001281496 -0.00015718 0.000131173 -0.001281496 0.00015718 0.000145688 -0.00127808 -0.000121583 -0.000145688 -0.00127808 0.000121583 0.000121583 -0.00127808 0.000145688 -0.000121583 -0.00127808 -0.000145688 -7.3904e-05 -0.001273819 -0.00018434 -0.00018434 -0.001273819 7.3904e-05 -4.8563e-05 -0.001273819 0.000192574 4.8563e-05 -0.001273819 -0.000192574 0.000192574 -0.001273819 4.8563e-05 -0.000192574 -0.001273819 -4.8563e-05 -0.000151135 -0.00128937 0.000126128 0.000186114 -0.001287652 4.6934e-05 0.000104762 -0.00128937 -0.000166658 7.4612e-05 -0.00127808 -0.000174472 -7.4612e-05 -0.00127808 0.000174472 -0.000190875 -0.00128937 -4.8134e-05 0.000166658 -0.00128937 0.000104762 -0.000166658 -0.00128937 -0.000104762 -0.000178157 -0.001287652 7.1425e-05 0.000178157 -0.001287652 -7.1425e-05 0.000185007 -0.00127808 -4.219e-05 -0.000185007 -0.00127808 4.219e-05 -4.2676e-05 -0.001287652 -0.000187137 1.7241e-05 -0.001287652 -0.000191165 4.6934e-05 -0.001287652 -0.000186114 0.000183996 -0.00127808 4.64e-05 -0.000183996 -0.00127808 -4.64e-05 -0.000152853 -0.001276587 -0.000133595 -0.000133595 -0.001276587 0.000152853 0.000152853 -0.001276587 0.000133595 0.000133595 -0.001276587 -0.000152853 -4.6934e-05 -0.001287652 0.000186114 0.000151135 -0.001375984 -0.000126128 4.64e-05 -0.00127808 -0.000183996 -4.64e-05 -0.00127808 0.000183996 -1.2976e-05 -0.001274402 -0.000192998 1.2976e-05 -0.001274402 0.000192998 -0.000192998 -0.001274402 1.2976e-05 0.000192998 -0.001274402 -1.2976e-05 0.000142876 -0.00127808 0.000124875 -0.000142876 -0.00127808 -0.000124875 -0.000124875 -0.00127808 0.000142876 0.000124875 -0.00127808 -0.000142876 4.2676e-05 -0.001287652 0.000187137 0.000191509 -0.001287652 -1.2876e-05 -0.000191509 -0.001287652 1.2876e-05 -1.7241e-05 -0.001287652 0.000191165 0.000202186 -0.001276587 1.8235e-05 1.8235e-05 -0.001276587 -0.000202186 -7.5543e-05 -0.001276587 -0.000188428 -9.8415e-05 -0.001287652 -0.00016479 4.219e-05 -0.00127808 0.000185007 -1.2729e-05 -0.00127808 -0.000189329 0.000189329 -0.00127808 -1.2729e-05 -0.000189329 -0.00127808 1.2729e-05 -4.964e-05 -0.001276587 0.000196844 -0.000196844 -0.001276587 -4.964e-05 -0.000197925 -0.001276587 4.5136e-05 0.000188428 -0.001276587 -7.5543e-05 7.5543e-05 -0.001276587 0.000188428 9.8415e-05 -0.001287652 0.00016479 -0.000191165 -0.001287652 -1.7241e-05 0.000191165 -0.001287652 1.7241e-05 9.7295e-05 -0.00127808 0.000162914 -0.000162914 -0.00127808 9.7295e-05 0.000162914 -0.00127808 -9.7295e-05 -9.7295e-05 -0.00127808 -0.000162914 0.00016479 -0.001287652 -9.8415e-05 -0.00016479 -0.001287652 9.8415e-05 -0.000202186 -0.001276587 -1.8235e-05 -1.8235e-05 -0.001276587 0.000202186 -0.000188428 -0.001276587 7.5543e-05 -0.000177854 -0.001274402 -7.6058e-05 0.000177854 -0.001274402 7.6058e-05 7.6058e-05 -0.001274402 -0.000177854 -7.6058e-05 -0.001274402 0.000177854 -7.1425e-05 -0.001287652 -0.000178157 -1.2876e-05 -0.001287652 -0.000191509 1.2876e-05 -0.001287652 0.000191509 -0.000187137 -0.001287652 4.2676e-05 0.000187137 -0.001287652 -4.2676e-05 7.1425e-05 -0.001287652 0.000178157 0.000196844 -0.001276587 4.964e-05 4.964e-05 -0.001276587 -0.000196844 4.5136e-05 -0.001276587 0.000197925 0.000197925 -0.001276587 -4.5136e-05 -4.5136e-05 -0.001276587 -0.000197925 0.000101831 -0.001273819 0.000170509 0.000170509 -0.001273819 -0.000101831 -0.000101831 -0.001273819 -0.000170509 -0.000170509 -0.001273819 0.000101831 -0.000105695 -0.001273819 0.000168142 0.000105695 -0.001273819 -0.000168142 -0.000168142 -0.001273819 -0.000105695 0.000168142 -0.001273819 0.000105695 -4.3008e-05 -0.001274402 -0.000188592 -0.000188592 -0.001274402 4.3008e-05 0.000188592 -0.001274402 -4.3008e-05 4.3008e-05 -0.001274402 0.000188592 0.0001978 -0.001273819 1.784e-05 1.784e-05 -0.001273819 -0.0001978 -0.0001978 -0.001273819 -1.784e-05 -1.784e-05 -0.001273819 0.0001978 0.000144522 -0.001287652 0.000126313 0.000126313 -0.001287652 -0.000144522 -0.000144522 -0.001287652 -0.000126313 -0.000126313 -0.001287652 0.000144522 4.4157e-05 -0.001273819 0.000193631 0.000193631 -0.001273819 -4.4157e-05 -0.000193631 -0.001273819 4.4157e-05 -4.4157e-05 -0.001273819 -0.000193631 -0.000176481 -0.001287652 -7.5471e-05 0.000176481 -0.001287652 7.5471e-05 7.5471e-05 -0.001287652 -0.000176481 -7.5471e-05 -0.001287652 0.000176481</float_array>
          <technique_common>
            <accessor source="#FBXASC227FBXASC130FBXASC189FBXASC227FBXASC131FBXASC170FBXASC227FBXASC131FBXASC131FBXASC227FBXASC131FBXASC1378-POSITION-array" count="344" stride="3">
              <param name="X" type="float"/>
              <param name="Y" type="float"/>
              <param name="Z" type="float"/>
            </accessor>
          </technique_common>
        </source>
        <source id="FBXASC227FBXASC130FBXASC189FBXASC227FBXASC131FBXASC170FBXASC227FBXASC131FBXASC131FBXASC227FBXASC131FBXASC1378-Normal0">
          <float_array id="FBXASC227FBXASC130FBXASC189FBXASC227FBXASC131FBXASC170FBXASC227FBXASC131FBXASC131FBXASC227FBXASC131FBXASC1378-Normal0-array" count="6156">
0.000000 2.540000 0.000000
0.000000 2.540000 0.000000
0.000000 2.540000 0.000000
-0.000000 -2.540000 -0.000000
-0.000000 -2.540000 -0.000000
-0.000000 -2.540000 -0.000000
0.000000 2.540000 0.000000
0.000000 2.540000 0.000000
0.000000 2.540000 0.000000
-0.000000 -2.540000 -0.000000
-0.000000 -2.540000 -0.000000
-0.000000 -2.540000 -0.000000
0.000000 2.540000 0.000000
0.000000 2.540000 0.000000
0.000000 2.540000 0.000000
-0.000000 -2.540000 -0.000000
-0.000000 -2.540000 -0.000000
-0.000000 -2.540000 -0.000000
-0.000000 -2.540000 -0.000000
-0.000000 -2.540000 -0.000000
-0.000000 -2.540000 -0.000000
0.000000 2.540000 0.000000
0.000000 2.540000 0.000000
0.000000 2.540000 0.000000
2.357590 -0.000000 -0.945181
2.476424 -0.000000 -0.564736
2.357590 -0.000000 -0.945181
0.000000 2.540000 0.000000
0.000000 2.540000 0.000000
0.000000 2.540000 0.000000
0.000000 2.540000 0.000000
0.000000 2.540000 0.000000
0.000000 2.540000 0.000000
-0.998724 0.000000 2.335412
-0.621089 0.000000 2.462894
-0.998724 0.000000 2.335412
-0.621089 0.000000 2.462894
-0.228161 0.000000 2.529732
-0.621089 0.000000 2.462894
1.912486 -0.000000 1.671525
1.912486 -0.000000 1.671525
2.150425 -0.000000 1.351767
0.000000 2.540000 0.000000
0.000000 2.540000 0.000000
0.000000 2.540000 0.000000
-1.627457 0.000000 -1.950125
-1.302353 0.000000 -2.180706
-1.627457 0.000000 -1.950125
-0.945181 0.000000 -2.357590
-1.302353 0.000000 -2.180706
-0.945181 0.000000 -2.357590
0.228161 -0.000000 -2.529732
-0.170386 0.000000 -2.534279
0.228161 -0.000000 -2.529732
0.000000 2.540000 0.000000
0.000000 2.540000 0.000000
0.000000 2.540000 0.000000
-0.425568 -2.476317 -0.371949
-1.495242 -1.583664 -1.306851
-0.362143 -2.476317 -0.433944
-0.269480 -2.288461 1.068610
0.138205 -2.476317 -0.548046
-0.433330 -2.288461 1.013297
0.000000 2.540000 0.000000
0.000000 2.540000 0.000000
0.000000 2.540000 0.000000
1.351767 -0.000000 -2.150425
0.998724 -0.000000 -2.335412
1.351767 -0.000000 -2.150425
0.621089 -0.000000 -2.462894
0.621089 -0.000000 -2.462894
0.228161 -0.000000 -2.529732
-2.534279 0.000000 0.170386
-2.534279 0.000000 0.170386
-2.529732 0.000000 -0.228161
-1.950125 0.000000 1.627457
-2.180706 0.000000 1.302353
-1.950125 0.000000 1.627457
-2.150425 0.000000 -1.351767
-2.150425 0.000000 -1.351767
-1.912486 0.000000 -1.671525
-2.462894 0.000000 -0.621089
-2.529732 0.000000 -0.228161
-2.462894 0.000000 -0.621089
2.150425 -0.000000 1.351767
1.912486 -0.000000 1.671525
2.150425 -0.000000 1.351767
2.534279 -0.000000 -0.170386
2.476424 -0.000000 -0.564736
2.534279 -0.000000 -0.170386
0.584176 -0.000000 -2.471910
0.209232 -0.000000 -2.531368
0.209232 -0.000000 -2.531368
-0.546197 0.000000 -2.480578
-0.546197 0.000000 -2.480578
-0.909808 0.000000 -2.371466
-0.000000 -2.540000 -0.000000
-0.000000 -2.540000 -0.000000
-0.000000 -2.540000 -0.000000
0.945181 -0.000000 2.357590
0.564736 -0.000000 2.476424
0.945181 -0.000000 2.357590
0.000000 2.540000 0.000000
0.000000 2.540000 0.000000
0.000000 2.540000 0.000000
0.425568 -2.476317 0.371949
1.495242 -1.583664 1.306851
0.362143 -2.476317 0.433944
0.170386 -0.000000 2.534279
0.546197 -0.000000 2.480578
0.546197 -0.000000 2.480578
1.568389 -0.000000 1.997938
1.253094 -0.000000 2.209379
1.253094 -0.000000 2.209379
-0.000000 -2.540000 -0.000000
-0.000000 -2.540000 -0.000000
-0.000000 -2.540000 -0.000000
-2.180706 0.000000 1.302353
-2.180706 0.000000 1.302353
-1.950125 0.000000 1.627457
1.253094 -0.000000 2.209379
1.253094 -0.000000 2.209379
0.909808 -0.000000 2.371466
0.564736 -0.000000 2.476424
0.564736 -0.000000 2.476424
0.945181 -0.000000 2.357590
2.180706 -0.000000 -1.302353
1.950125 -0.000000 -1.627457
2.180706 -0.000000 -1.302353
2.432825 -0.000000 -0.730044
2.514459 -0.000000 -0.359296
2.514459 -0.000000 -0.359296
-0.000000 -2.540000 -0.000000
-0.000000 -2.540000 -0.000000
-0.000000 -2.540000 -0.000000
0.998724 -0.000000 -2.335412
0.998724 -0.000000 -2.335412
1.351767 -0.000000 -2.150425
-0.000000 -2.540000 -0.000000
-0.000000 -2.540000 -0.000000
-0.000000 -2.540000 -0.000000
0.000000 2.540000 0.000000
0.000000 2.540000 0.000000
0.000000 2.540000 0.000000
-0.000000 -2.540000 -0.000000
-0.000000 -2.540000 -0.000000
-0.000000 -2.540000 -0.000000
0.000000 2.540000 0.000000
0.000000 2.540000 0.000000
0.000000 2.540000 0.000000
2.539925 -0.000000 0.019478
2.539925 -0.000000 0.019478
2.508653 -0.000000 0.397816
2.279943 -0.000000 1.119581
2.421342 -0.000000 0.767269
2.421342 -0.000000 0.767269
-0.371949 -2.476317 0.425568
-1.306851 -1.583664 1.495242
-0.433944 -2.476317 0.362143
0.946070 -0.000000 -2.357234
0.946070 -0.000000 -2.357234
1.286831 -0.000000 -2.189901
-2.357590 0.000000 0.945181
-2.180706 0.000000 1.302353
-2.357590 0.000000 0.945181
-2.231180 -1.102065 0.508810
-2.283306 -1.102065 0.153512
-2.470739 0.565203 0.166114
0.738973 -1.583664 1.843238
0.210323 -2.476317 0.524613
1.018221 -1.583664 1.704944
-0.546197 0.000000 -2.480578
-0.546197 0.000000 -2.480578
-0.170386 0.000000 -2.534279
0.000000 2.540000 0.000000
0.000000 2.540000 0.000000
-0.622694 1.985852 1.456106
-1.351767 0.000000 2.150425
-1.351767 0.000000 2.150425
-0.998724 0.000000 2.335412
-0.909808 0.000000 -2.371466
-1.253094 0.000000 -2.209379
-1.253094 0.000000 -2.209379
-1.848649 0.000000 -1.741866
-1.848649 0.000000 -1.741866
-1.568389 0.000000 -1.997938
2.432825 -0.000000 -0.730044
2.296845 -0.000000 -1.084484
2.296845 -0.000000 -1.084484
1.598846 -0.000000 -1.973649
1.875145 -0.000000 -1.713310
1.875145 -0.000000 -1.713310
-0.133213 -1.583664 -1.981379
0.178383 -1.583664 -1.977824
0.050771 -2.476317 -0.562918
0.000000 2.540000 0.000000
0.000000 2.540000 0.000000
0.000000 2.540000 0.000000
-0.000000 -2.540000 -0.000000
-0.000000 -2.540000 -0.000000
-0.000000 -2.540000 -0.000000
-2.335412 0.000000 -0.998724
-2.335412 0.000000 -0.998724
-2.462894 0.000000 -0.621089
1.848649 -0.000000 1.741866
1.848649 -0.000000 1.741866
1.568389 -0.000000 1.997938
2.279943 -0.000000 1.119581
2.279943 -0.000000 1.119581
2.421342 -0.000000 0.767269
2.529732 -0.000000 0.228161
2.462894 -0.000000 0.621089
2.529732 -0.000000 0.228161
-0.000000 -2.540000 -0.000000
-0.000000 -2.540000 -0.000000
-0.000000 -2.540000 -0.000000
0.584176 -0.000000 -2.471910
0.584176 -0.000000 -2.471910
0.209232 -0.000000 -2.531368
0.000000 2.540000 0.000000
0.000000 2.540000 0.000000
0.000000 2.540000 0.000000
1.704944 -1.583664 -1.018221
1.843238 -1.583664 -0.738973
0.524613 -2.476317 -0.210323
-2.432825 0.000000 0.730044
-2.432825 0.000000 0.730044
-2.514459 0.000000 0.359296
-1.875145 0.000000 1.713310
-1.598846 0.000000 1.973649
-1.598846 0.000000 1.973649
1.306851 -1.583664 -1.495242
1.056854 -1.583664 -1.681270
1.351767 -0.000000 -2.150425
-0.000000 -2.540000 -0.000000
-0.000000 -2.540000 -0.000000
-0.000000 -2.540000 -0.000000
1.981379 -1.583664 -0.133213
1.977824 -1.583664 0.178383
0.562918 -2.476317 0.050771
-0.508810 -1.102065 -2.231180
-0.921484 0.565203 -2.298481
-0.851579 -1.102065 -2.124115
0.605517 0.565203 -2.401145
0.222440 0.565203 -2.466306
0.559582 -1.102065 -2.218991
1.302353 -0.000000 2.180706
0.945181 -0.000000 2.357590
1.302353 -0.000000 2.180706
1.586653 0.565203 1.901231
1.723091 -1.102065 1.505992
1.466288 -1.102065 1.757001
-0.000000 -2.540000 -0.000000
-0.000000 -2.540000 -0.000000
-0.000000 -2.540000 -0.000000
2.462894 -0.000000 0.621089
2.335412 -0.000000 0.998724
2.462894 -0.000000 0.621089
2.414334 0.565203 -0.550577
2.298481 0.565203 -0.921484
2.231180 -1.102065 -0.508810
2.126031 0.565203 -1.269700
1.757001 -1.102065 -1.466288
1.964748 -1.102065 -1.173380
-0.899819 -1.102065 2.104134
-0.605517 0.565203 2.401145
-0.559582 -1.102065 2.218991
0.166114 0.565203 2.470739
0.550577 0.565203 2.414334
0.153512 -1.102065 2.283306
0.289801 -2.476317 0.485253
0.210323 -2.476317 0.524613
-0.565070 -2.288461 -0.946173
0.425568 -2.476317 0.371949
0.362143 -2.476317 0.433944
-0.706127 -2.288461 -0.846127
0.485253 -2.476317 -0.289801
0.524613 -2.476317 -0.210323
-0.946173 -2.288461 0.565070
-2.231180 -1.102065 0.508810
-1.099582 -2.288461 0.073928
-2.283306 -1.102065 0.153512
-0.000000 -2.540000 -0.000000
-0.000000 -2.540000 -0.000000
-0.000000 -2.540000 -0.000000
1.950125 -0.000000 -1.627457
1.950125 -0.000000 -1.627457
1.671525 -0.000000 -1.912486
-1.843238 -1.583664 0.738973
-1.704944 -1.583664 1.018221
-2.180706 0.000000 1.302353
2.109557 -0.000000 -1.414698
1.875145 -0.000000 -1.713310
1.875145 -0.000000 -1.713310
0.564736 -0.000000 2.476424
0.564736 -0.000000 2.476424
0.170386 -0.000000 2.534279
-0.000000 -2.540000 -0.000000
-0.000000 -2.540000 -0.000000
-0.000000 -2.540000 -0.000000
-0.000000 -2.540000 -0.000000
-0.000000 -2.540000 -0.000000
-0.000000 -2.540000 -0.000000
-0.564736 0.000000 -2.476424
-0.564736 0.000000 -2.476424
-0.945181 0.000000 -2.357590
-0.946070 0.000000 2.357234
-0.946070 0.000000 2.357234
-1.286831 0.000000 2.189901
-0.209232 0.000000 2.531368
-0.584176 0.000000 2.471910
-0.584176 0.000000 2.471910
0.546197 -0.000000 2.480578
0.546197 -0.000000 2.480578
0.909808 -0.000000 2.371466
0.000000 2.540000 0.000000
0.000000 2.540000 0.000000
0.000000 2.540000 0.000000
-2.087613 0.000000 -1.446884
-1.848649 0.000000 -1.741866
-1.848649 0.000000 -1.741866
-0.000000 -2.540000 -0.000000
-0.000000 -2.540000 -0.000000
-0.000000 -2.540000 -0.000000
-0.000000 -2.540000 -0.000000
-0.000000 -2.540000 -0.000000
-0.000000 -2.540000 -0.000000
-1.977824 -1.583664 -0.178383
-0.562918 -2.476317 -0.050771
-1.981379 -1.583664 0.133213
2.432825 -0.000000 -0.730044
2.432825 -0.000000 -0.730044
2.514459 -0.000000 -0.359296
-0.000000 -2.540000 -0.000000
-0.000000 -2.540000 -0.000000
-0.000000 -2.540000 -0.000000
1.848649 -0.000000 1.741866
1.848649 -0.000000 1.741866
2.087613 -0.000000 1.446884
0.000000 2.540000 0.000000
0.000000 2.540000 0.000000
0.000000 2.540000 0.000000
1.598846 -0.000000 -1.973649
1.598846 -0.000000 -1.973649
1.875145 -0.000000 -1.713310
0.946070 -0.000000 -2.357234
1.286831 -0.000000 -2.189901
1.286831 -0.000000 -2.189901
-0.425568 -2.476317 -0.371949
-0.362143 -2.476317 -0.433944
0.706127 -2.288461 0.846127
-0.000000 -2.540000 -0.000000
-0.000000 -2.540000 -0.000000
-0.000000 -2.540000 -0.000000
-0.166114 0.565203 -2.470739
-0.550577 0.565203 -2.414334
-0.153512 -1.102065 -2.283306
-0.170386 0.000000 -2.534279
-0.170386 0.000000 -2.534279
-0.564736 0.000000 -2.476424
-2.476424 0.000000 0.564736
-2.357590 0.000000 0.945181
-2.476424 0.000000 0.564736
-0.000000 -2.540000 -0.000000
-0.000000 -2.540000 -0.000000
-0.000000 -2.540000 -0.000000
-0.000000 -2.540000 -0.000000
-0.000000 -2.540000 -0.000000
-0.000000 -2.540000 -0.000000
-0.485587 -1.583664 1.925568
-0.138205 -2.476317 0.548046
-0.178383 -1.583664 1.977824
-1.351767 0.000000 2.150425
-1.351767 0.000000 2.150425
-1.671525 0.000000 1.912486
-0.000000 -2.540000 -0.000000
-0.000000 -2.540000 -0.000000
-0.000000 -2.540000 -0.000000
-2.508653 0.000000 -0.397816
-2.508653 0.000000 -0.397816
-2.539925 0.000000 -0.019478
-2.279943 0.000000 -1.119581
-2.421342 0.000000 -0.767269
-2.421342 0.000000 -0.767269
2.534279 -0.000000 -0.170386
2.534279 -0.000000 -0.170386
2.529732 -0.000000 0.228161
-0.000000 -2.540000 -0.000000
-0.000000 -2.540000 -0.000000
-0.000000 -2.540000 -0.000000
-1.875145 0.000000 1.713310
-1.875145 0.000000 1.713310
-1.598846 0.000000 1.973649
-2.109557 0.000000 1.414698
-2.109557 0.000000 1.414698
-2.296845 0.000000 1.084484
-2.296845 0.000000 1.084484
-2.296845 0.000000 1.084484
-2.432825 0.000000 0.730044
-2.109557 0.000000 1.414698
-2.296845 0.000000 1.084484
-2.296845 0.000000 1.084484
-2.432825 0.000000 0.730044
-2.514459 0.000000 0.359296
-2.514459 0.000000 0.359296
-2.508653 0.000000 -0.397816
-2.539925 0.000000 -0.019478
-2.539925 0.000000 -0.019478
1.627457 -0.000000 1.950125
1.627457 -0.000000 1.950125
1.302353 -0.000000 2.180706
-0.000000 -2.540000 -0.000000
-0.000000 -2.540000 -0.000000
-0.000000 -2.540000 -0.000000
0.000000 2.540000 0.000000
0.000000 2.540000 0.000000
0.000000 2.540000 0.000000
2.539925 -0.000000 0.019478
2.508653 -0.000000 0.397816
2.508653 -0.000000 0.397816
-0.946070 0.000000 2.357234
-1.286831 0.000000 2.189901
-1.286831 0.000000 2.189901
-1.598846 0.000000 1.973649
-1.286831 0.000000 2.189901
-1.286831 0.000000 2.189901
-1.253094 0.000000 -2.209379
-1.253094 0.000000 -2.209379
-1.568389 0.000000 -1.997938
0.000000 2.540000 0.000000
0.000000 2.540000 0.000000
0.000000 2.540000 0.000000
-0.037914 -2.476317 -0.563930
-0.125666 -2.476317 -0.551056
-0.441529 -1.583664 -1.936146
-0.000000 -2.540000 -0.000000
-0.000000 -2.540000 -0.000000
-0.000000 -2.540000 -0.000000
-1.627457 0.000000 -1.950125
-1.627457 0.000000 -1.950125
-1.912486 0.000000 -1.671525
-1.192416 1.985852 -1.042179
0.000000 2.540000 0.000000
-1.340768 1.985852 -0.842813
-1.901231 0.565203 1.586653
-1.757001 -1.102065 1.466288
-2.126031 0.565203 1.269700
0.371949 -2.476317 -0.425568
1.056854 -1.583664 -1.681270
1.306851 -1.583664 -1.495242
2.296845 -0.000000 -1.084484
2.296845 -0.000000 -1.084484
2.109557 -0.000000 -1.414698
0.000000 2.540000 0.000000
0.000000 2.540000 0.000000
0.000000 2.540000 0.000000
1.848649 -0.000000 1.741866
2.087613 -0.000000 1.446884
2.087613 -0.000000 1.446884
-0.000000 -2.540000 -0.000000
-0.000000 -2.540000 -0.000000
-0.000000 -2.540000 -0.000000
-1.469934 1.985852 0.589311
-1.544025 1.985852 0.352107
0.000000 2.540000 0.000000
-2.534279 0.000000 0.170386
-2.534279 0.000000 0.170386
-2.476424 0.000000 0.564736
-2.087613 0.000000 -1.446884
-2.087613 0.000000 -1.446884
-1.848649 0.000000 -1.741866
-2.279943 0.000000 -1.119581
-2.279943 0.000000 -1.119581
-2.421342 0.000000 -0.767269
-0.178383 -1.583664 1.977824
-0.050771 -2.476317 0.562918
0.133213 -1.583664 1.981379
0.209232 -0.000000 -2.531368
-0.170386 0.000000 -2.534279
0.209232 -0.000000 -2.531368
-0.209232 0.000000 2.531368
-0.209232 0.000000 2.531368
0.170386 -0.000000 2.534279
-0.209232 0.000000 2.531368
-0.209232 0.000000 2.531368
-0.584176 0.000000 2.471910
2.218991 -1.102065 0.559582
2.466306 0.565203 0.222440
2.279210 -1.102065 0.205566
2.096509 0.565203 1.317875
1.937466 -1.102065 1.217900
1.864536 0.565203 1.629616
0.000000 2.540000 0.000000
0.000000 2.540000 0.000000
0.000000 2.540000 0.000000
0.209232 -0.000000 -2.531368
-0.170386 0.000000 -2.534279
-0.170386 0.000000 -2.534279
0.563930 -2.476317 -0.037914
0.562918 -2.476317 0.050771
-1.097610 -2.288461 -0.098995
-2.096509 0.565203 -1.317875
-1.937466 -1.102065 -1.217900
-1.864536 0.565203 -1.629616
-0.000000 -2.540000 -0.000000
-0.000000 -2.540000 -0.000000
-0.000000 -2.540000 -0.000000
-0.564736 0.000000 -2.476424
-0.170386 0.000000 -2.534279
-0.564736 0.000000 -2.476424
1.901231 0.565203 -1.586653
1.757001 -1.102065 -1.466288
2.126031 0.565203 -1.269700
1.901231 0.565203 -1.586653
1.505992 -1.102065 -1.723091
1.757001 -1.102065 -1.466288
-0.228161 0.000000 2.529732
-0.228161 0.000000 2.529732
-0.621089 0.000000 2.462894
-0.000000 -2.540000 -0.000000
-0.000000 -2.540000 -0.000000
-0.000000 -2.540000 -0.000000
1.317875 0.565203 -2.096509
0.973684 0.565203 -2.276859
0.899819 -1.102065 -2.104134
0.899819 -1.102065 -2.104134
0.605517 0.565203 -2.401145
0.559582 -1.102065 -2.218991
0.178383 -1.583664 -1.977824
0.485587 -1.583664 -1.925568
0.050771 -2.476317 -0.562918
-0.584176 0.000000 2.471910
-0.584176 0.000000 2.471910
-0.946070 0.000000 2.357234
-1.912486 0.000000 -1.671525
-2.150425 0.000000 -1.351767
-1.912486 0.000000 -1.671525
-0.000000 -2.540000 -0.000000
-0.000000 -2.540000 -0.000000
-0.000000 -2.540000 -0.000000
-0.000000 -2.540000 -0.000000
-0.000000 -2.540000 -0.000000
-0.000000 -2.540000 -0.000000
1.568389 -0.000000 1.997938
1.568389 -0.000000 1.997938
1.253094 -0.000000 2.209379
-0.000000 -2.540000 -0.000000
-0.000000 -2.540000 -0.000000
-0.000000 -2.540000 -0.000000
-1.253094 0.000000 -2.209379
-1.568389 0.000000 -1.997938
-1.568389 0.000000 -1.997938
-0.546197 0.000000 -2.480578
-0.909808 0.000000 -2.371466
-0.909808 0.000000 -2.371466
0.441529 -1.583664 1.936146
0.125666 -2.476317 0.551056
0.738973 -1.583664 1.843238
-0.563930 -2.476317 0.037914
-0.551056 -2.476317 0.125666
-1.936146 -1.583664 0.441529
-0.000000 -2.540000 -0.000000
-0.000000 -2.540000 -0.000000
-0.000000 -2.540000 -0.000000
1.627457 -0.000000 1.950125
1.627457 -0.000000 1.950125
1.912486 -0.000000 1.671525
1.192416 1.985852 1.042179
0.000000 2.540000 0.000000
1.340768 1.985852 0.842813
2.466306 0.565203 0.222440
2.470739 0.565203 -0.166114
2.279210 -1.102065 0.205566
2.231180 -1.102065 -0.508810
2.283306 -1.102065 -0.153512
2.470739 0.565203 -0.166114
1.286831 -0.000000 -2.189901
1.286831 -0.000000 -2.189901
1.598846 -0.000000 -1.973649
-1.306851 -1.583664 1.495242
-1.056854 -1.583664 1.681270
-1.351767 0.000000 2.150425
1.843238 -1.583664 -0.738973
1.936146 -1.583664 -0.441529
0.524613 -2.476317 -0.210323
-0.000000 -2.540000 -0.000000
-0.000000 -2.540000 -0.000000
-0.000000 -2.540000 -0.000000
-0.209232 0.000000 2.531368
0.170386 -0.000000 2.534279
0.170386 -0.000000 2.534279
-0.000000 -2.540000 -0.000000
-0.000000 -2.540000 -0.000000
-0.000000 -2.540000 -0.000000
-2.421342 0.000000 -0.767269
-2.508653 0.000000 -0.397816
-2.508653 0.000000 -0.397816
-0.000000 -2.540000 -0.000000
-0.000000 -2.540000 -0.000000
-0.000000 -2.540000 -0.000000
-0.000000 -2.540000 -0.000000
-0.000000 -2.540000 -0.000000
-0.000000 -2.540000 -0.000000
2.508653 -0.000000 0.397816
2.508653 -0.000000 0.397816
2.421342 -0.000000 0.767269
-0.000000 -2.540000 -0.000000
-0.000000 -2.540000 -0.000000
-0.000000 -2.540000 -0.000000
0.621089 -0.000000 -2.462894
0.998724 -0.000000 -2.335412
0.621089 -0.000000 -2.462894
-0.605517 0.565203 2.401145
-0.222440 0.565203 2.466306
-0.559582 -1.102065 2.218991
-0.228161 0.000000 2.529732
-0.228161 0.000000 2.529732
0.170386 -0.000000 2.534279
-0.000000 -2.540000 -0.000000
-0.000000 -2.540000 -0.000000
-0.000000 -2.540000 -0.000000
0.546197 -0.000000 2.480578
0.909808 -0.000000 2.371466
0.909808 -0.000000 2.371466
0.946070 -0.000000 -2.357234
0.584176 -0.000000 -2.471910
0.584176 -0.000000 -2.471910
-0.000000 -2.540000 -0.000000
-0.000000 -2.540000 -0.000000
-0.000000 -2.540000 -0.000000
-1.671525 0.000000 1.912486
-1.351767 0.000000 2.150425
-1.671525 0.000000 1.912486
-1.901231 0.565203 1.586653
-1.505992 -1.102065 1.723091
-1.757001 -1.102065 1.466288
-0.000000 -2.540000 -0.000000
-0.000000 -2.540000 -0.000000
-0.000000 -2.540000 -0.000000
-0.000000 -2.540000 -0.000000
-0.000000 -2.540000 -0.000000
-0.000000 -2.540000 -0.000000
2.296845 -0.000000 -1.084484
2.109557 -0.000000 -1.414698
2.109557 -0.000000 -1.414698
-0.000000 -2.540000 -0.000000
-0.000000 -2.540000 -0.000000
-0.000000 -2.540000 -0.000000
-0.000000 -2.540000 -0.000000
-0.000000 -2.540000 -0.000000
-0.000000 -2.540000 -0.000000
0.371949 -2.476317 -0.425568
1.306851 -1.583664 -1.495242
0.433944 -2.476317 -0.362143
-0.000000 -2.540000 -0.000000
-0.000000 -2.540000 -0.000000
-0.000000 -2.540000 -0.000000
-0.000000 -2.540000 -0.000000
-0.000000 -2.540000 -0.000000
-0.000000 -2.540000 -0.000000
1.469934 1.985852 -0.589311
1.544025 1.985852 -0.352107
0.000000 2.540000 0.000000
2.476424 -0.000000 -0.564736
2.476424 -0.000000 -0.564736
2.357590 -0.000000 -0.945181
-0.000000 -2.540000 -0.000000
-0.000000 -2.540000 -0.000000
-0.000000 -2.540000 -0.000000
0.170386 -0.000000 2.534279
-0.228161 0.000000 2.529732
0.170386 -0.000000 2.534279
0.851579 -1.102065 2.124115
0.508810 -1.102065 2.231180
0.550577 0.565203 2.414334
0.921484 0.565203 2.298481
0.851579 -1.102065 2.124115
0.550577 0.565203 2.414334
-0.000000 -2.540000 -0.000000
-0.000000 -2.540000 -0.000000
-0.000000 -2.540000 -0.000000
-0.000000 -2.540000 -0.000000
-0.000000 -2.540000 -0.000000
-0.000000 -2.540000 -0.000000
0.738973 -1.583664 1.843238
1.018221 -1.583664 1.704944
1.302353 -0.000000 2.180706
-0.000000 -2.540000 -0.000000
-0.000000 -2.540000 -0.000000
-0.000000 -2.540000 -0.000000
-0.000000 -2.540000 -0.000000
-0.000000 -2.540000 -0.000000
-0.000000 -2.540000 -0.000000
-0.738973 -1.583664 -1.843238
-1.018221 -1.583664 -1.704944
-1.302353 0.000000 -2.180706
-2.279943 0.000000 -1.119581
-2.279943 0.000000 -1.119581
-2.087613 0.000000 -1.446884
-0.000000 -2.540000 -0.000000
-0.000000 -2.540000 -0.000000
-0.000000 -2.540000 -0.000000
2.087613 -0.000000 1.446884
2.279943 -0.000000 1.119581
2.279943 -0.000000 1.119581
-0.000000 -2.540000 -0.000000
-0.000000 -2.540000 -0.000000
-0.000000 -2.540000 -0.000000
-0.000000 -2.540000 -0.000000
-0.000000 -2.540000 -0.000000
-0.000000 -2.540000 -0.000000
-2.109557 0.000000 1.414698
-1.875145 0.000000 1.713310
-1.875145 0.000000 1.713310
2.514459 -0.000000 -0.359296
2.514459 -0.000000 -0.359296
2.539925 -0.000000 0.019478
-0.000000 -2.540000 -0.000000
-0.000000 -2.540000 -0.000000
-0.000000 -2.540000 -0.000000
-0.000000 -2.540000 -0.000000
-0.000000 -2.540000 -0.000000
-0.000000 -2.540000 -0.000000
-2.514459 0.000000 0.359296
-2.514459 0.000000 0.359296
-2.539925 0.000000 -0.019478
-0.584176 0.000000 2.471910
-0.946070 0.000000 2.357234
-0.946070 0.000000 2.357234
0.000000 2.540000 0.000000
0.000000 2.540000 0.000000
0.000000 2.540000 0.000000
-2.096509 0.565203 -1.317875
-2.276859 0.565203 -0.973684
-2.104134 -1.102065 -0.899819
-2.462894 0.000000 -0.621089
-2.335412 0.000000 -0.998724
-2.462894 0.000000 -0.621089
0.170386 -0.000000 2.534279
0.170386 -0.000000 2.534279
0.546197 -0.000000 2.480578
0.000000 2.540000 0.000000
0.000000 2.540000 0.000000
0.000000 2.540000 0.000000
-0.000000 -2.540000 -0.000000
-0.000000 -2.540000 -0.000000
-0.000000 -2.540000 -0.000000
-1.671525 0.000000 1.912486
-1.671525 0.000000 1.912486
-1.950125 0.000000 1.627457
-0.000000 -2.540000 -0.000000
-0.000000 -2.540000 -0.000000
-0.000000 -2.540000 -0.000000
-0.000000 -2.540000 -0.000000
-0.000000 -2.540000 -0.000000
-0.000000 -2.540000 -0.000000
-0.000000 -2.540000 -0.000000
-0.000000 -2.540000 -0.000000
-0.000000 -2.540000 -0.000000
-0.000000 -2.540000 -0.000000
-0.000000 -2.540000 -0.000000
-0.000000 -2.540000 -0.000000
-0.000000 -2.540000 -0.000000
-0.000000 -2.540000 -0.000000
-0.000000 -2.540000 -0.000000
-0.000000 -2.540000 -0.000000
-0.000000 -2.540000 -0.000000
-0.000000 -2.540000 -0.000000
0.000000 2.540000 0.000000
0.000000 2.540000 0.000000
0.000000 2.540000 0.000000
-1.598846 0.000000 1.973649
-1.598846 0.000000 1.973649
-1.286831 0.000000 2.189901
0.000000 2.540000 0.000000
0.000000 2.540000 0.000000
0.000000 2.540000 0.000000
1.253094 -0.000000 2.209379
0.909808 -0.000000 2.371466
0.909808 -0.000000 2.371466
-2.109557 0.000000 1.414698
-2.109557 0.000000 1.414698
-1.875145 0.000000 1.713310
0.000000 2.540000 0.000000
0.000000 2.540000 0.000000
0.000000 2.540000 0.000000
0.000000 2.540000 0.000000
0.000000 2.540000 0.000000
0.000000 2.540000 0.000000
1.848649 -0.000000 1.741866
1.568389 -0.000000 1.997938
1.568389 -0.000000 1.997938
-0.000000 -2.540000 -0.000000
-0.000000 -2.540000 -0.000000
-0.000000 -2.540000 -0.000000
-0.000000 -2.540000 -0.000000
-0.000000 -2.540000 -0.000000
-0.000000 -2.540000 -0.000000
-0.000000 -2.540000 -0.000000
-0.000000 -2.540000 -0.000000
-0.000000 -2.540000 -0.000000
-0.000000 -2.540000 -0.000000
-0.000000 -2.540000 -0.000000
-0.000000 -2.540000 -0.000000
-2.296845 0.000000 1.084484
-2.432825 0.000000 0.730044
-2.432825 0.000000 0.730044
0.000000 2.540000 0.000000
0.000000 2.540000 0.000000
0.000000 2.540000 0.000000
2.087613 -0.000000 1.446884
2.087613 -0.000000 1.446884
2.279943 -0.000000 1.119581
0.000000 2.540000 0.000000
0.000000 2.540000 0.000000
0.000000 2.540000 0.000000
-0.000000 -2.540000 -0.000000
-0.000000 -2.540000 -0.000000
-0.000000 -2.540000 -0.000000
-2.529732 0.000000 -0.228161
-2.529732 0.000000 -0.228161
-2.462894 0.000000 -0.621089
0.000000 2.540000 0.000000
0.000000 2.540000 0.000000
0.000000 2.540000 0.000000
-2.514459 0.000000 0.359296
-2.539925 0.000000 -0.019478
-2.539925 0.000000 -0.019478
0.000000 2.540000 0.000000
0.000000 2.540000 0.000000
0.000000 2.540000 0.000000
0.946070 -0.000000 -2.357234
0.946070 -0.000000 -2.357234
0.584176 -0.000000 -2.471910
0.000000 2.540000 0.000000
0.000000 2.540000 0.000000
0.000000 2.540000 0.000000
2.508653 -0.000000 0.397816
2.421342 -0.000000 0.767269
2.421342 -0.000000 0.767269
2.335412 -0.000000 0.998724
2.335412 -0.000000 0.998724
2.462894 -0.000000 0.621089
2.104134 -1.102065 0.899819
2.096509 0.565203 1.317875
2.276859 0.565203 0.973684
0.170386 -0.000000 2.534279
0.564736 -0.000000 2.476424
0.170386 -0.000000 2.534279
0.166114 0.565203 2.470739
0.153512 -1.102065 2.283306
-0.222440 0.565203 2.466306
-2.414334 0.565203 0.550577
-2.231180 -1.102065 0.508810
-2.470739 0.565203 0.166114
-2.529732 0.000000 -0.228161
-2.534279 0.000000 0.170386
-2.529732 0.000000 -0.228161
2.476424 -0.000000 -0.564736
2.476424 -0.000000 -0.564736
2.534279 -0.000000 -0.170386
-0.000000 -2.540000 -0.000000
-0.000000 -2.540000 -0.000000
-0.000000 -2.540000 -0.000000
0.142256 1.985852 -1.577262
0.387243 1.985852 -1.535589
0.000000 2.540000 -0.000000
0.998724 -0.000000 -2.335412
0.998724 -0.000000 -2.335412
0.621089 -0.000000 -2.462894
-2.421342 0.000000 -0.767269
-2.421342 0.000000 -0.767269
-2.508653 0.000000 -0.397816
0.000000 2.540000 0.000000
0.000000 2.540000 0.000000
0.000000 2.540000 0.000000
-1.586653 0.565203 -1.901231
-1.723091 -1.102065 -1.505992
-1.466288 -1.102065 -1.757001
-0.921484 0.565203 -2.298481
-1.269700 0.565203 -2.126031
-0.851579 -1.102065 -2.124115
0.945181 -0.000000 2.357590
0.945181 -0.000000 2.357590
1.302353 -0.000000 2.180706
-0.000000 -2.540000 -0.000000
-0.000000 -2.540000 -0.000000
-0.000000 -2.540000 -0.000000
-0.000000 -2.540000 -0.000000
-0.000000 -2.540000 -0.000000
-0.000000 -2.540000 -0.000000
0.228161 -0.000000 -2.529732
0.621089 -0.000000 -2.462894
0.228161 -0.000000 -2.529732
-0.998724 0.000000 2.335412
-1.351767 0.000000 2.150425
-0.998724 0.000000 2.335412
-0.000000 -2.540000 -0.000000
-0.000000 -2.540000 -0.000000
-0.000000 -2.540000 -0.000000
1.286831 -0.000000 -2.189901
1.598846 -0.000000 -1.973649
1.598846 -0.000000 -1.973649
0.000000 2.540000 0.000000
0.000000 2.540000 0.000000
0.000000 2.540000 0.000000
0.000000 2.540000 0.000000
0.000000 2.540000 0.000000
0.000000 2.540000 0.000000
-2.279943 0.000000 -1.119581
-2.087613 0.000000 -1.446884
-2.087613 0.000000 -1.446884
0.000000 2.540000 0.000000
0.000000 2.540000 0.000000
0.000000 2.540000 0.000000
2.109557 -0.000000 -1.414698
2.109557 -0.000000 -1.414698
1.875145 -0.000000 -1.713310
-0.000000 -2.540000 -0.000000
-0.000000 -2.540000 -0.000000
-0.000000 -2.540000 -0.000000
-0.000000 -2.540000 -0.000000
-0.000000 -2.540000 -0.000000
-0.000000 -2.540000 -0.000000
-0.000000 -2.540000 -0.000000
-0.000000 -2.540000 -0.000000
-0.000000 -2.540000 -0.000000
-0.000000 -2.540000 -0.000000
-0.000000 -2.540000 -0.000000
-0.000000 -2.540000 -0.000000
-2.180706 0.000000 1.302353
-2.180706 0.000000 1.302353
-2.357590 0.000000 0.945181
-0.000000 -2.540000 -0.000000
-0.000000 -2.540000 -0.000000
-0.000000 -2.540000 -0.000000
0.000000 2.540000 0.000000
0.000000 2.540000 0.000000
0.000000 2.540000 0.000000
2.514459 -0.000000 -0.359296
2.539925 -0.000000 0.019478
2.539925 -0.000000 0.019478
1.351767 -0.000000 -2.150425
1.351767 -0.000000 -2.150425
1.671525 -0.000000 -1.912486
-0.000000 -2.540000 -0.000000
-0.000000 -2.540000 -0.000000
-0.000000 -2.540000 -0.000000
-0.909808 0.000000 -2.371466
-0.909808 0.000000 -2.371466
-1.253094 0.000000 -2.209379
0.000000 2.540000 0.000000
0.000000 2.540000 0.000000
0.000000 2.540000 0.000000
-0.508810 -1.102065 -2.231180
-0.410099 -2.288461 -1.022920
-0.245030 -2.288461 -1.074480
0.037914 -2.476317 0.563930
-0.050771 -2.476317 0.562918
0.098995 -2.288461 -1.097610
2.432825 -0.000000 -0.730044
2.432825 -0.000000 -0.730044
2.296845 -0.000000 -1.084484
0.000000 2.540000 0.000000
0.000000 2.540000 0.000000
0.000000 2.540000 0.000000
0.000000 2.540000 0.000000
0.000000 2.540000 0.000000
0.000000 2.540000 0.000000
-1.848649 0.000000 -1.741866
-1.568389 0.000000 -1.997938
-1.568389 0.000000 -1.997938
-1.302353 0.000000 -2.180706
-1.302353 0.000000 -2.180706
-0.945181 0.000000 -2.357590
-0.000000 -2.540000 -0.000000
-0.000000 -2.540000 -0.000000
-0.000000 -2.540000 -0.000000
-2.476424 0.000000 0.564736
-2.534279 0.000000 0.170386
-2.476424 0.000000 0.564736
-0.000000 -2.540000 -0.000000
-0.000000 -2.540000 -0.000000
-0.000000 -2.540000 -0.000000
-1.097610 -2.288461 -0.098995
0.548046 -2.476317 0.138205
-1.068610 -2.288461 -0.269480
0.425568 -2.476317 0.371949
1.681270 -1.583664 1.056854
1.495242 -1.583664 1.306851
1.097610 -2.288461 0.098995
-0.548046 -2.476317 -0.138205
1.068610 -2.288461 0.269480
-0.425568 -2.476317 -0.371949
-1.681270 -1.583664 -1.056854
-1.495242 -1.583664 -1.306851
-0.000000 -2.540000 -0.000000
-0.000000 -2.540000 -0.000000
-0.000000 -2.540000 -0.000000
1.912486 -0.000000 1.671525
1.627457 -0.000000 1.950125
1.912486 -0.000000 1.671525
-2.414334 0.565203 0.550577
-2.298481 0.565203 0.921484
-2.231180 -1.102065 0.508810
-2.126031 0.565203 1.269700
-1.757001 -1.102065 1.466288
-1.964748 -1.102065 1.173380
-0.000000 -2.540000 -0.000000
-0.000000 -2.540000 -0.000000
-0.000000 -2.540000 -0.000000
-0.000000 -2.540000 -0.000000
-0.000000 -2.540000 -0.000000
-0.000000 -2.540000 -0.000000
0.508810 -1.102065 2.231180
0.410099 -2.288461 1.022920
0.245030 -2.288461 1.074480
-0.098995 -2.288461 1.097610
-0.037914 -2.476317 -0.563930
0.050771 -2.476317 -0.562918
-0.000000 -2.540000 -0.000000
-0.000000 -2.540000 -0.000000
-0.000000 -2.540000 -0.000000
-0.000000 -2.540000 -0.000000
-0.000000 -2.540000 -0.000000
-0.000000 -2.540000 -0.000000
-0.000000 -2.540000 -0.000000
-0.000000 -2.540000 -0.000000
-0.000000 -2.540000 -0.000000
-0.000000 -2.540000 -0.000000
-0.000000 -2.540000 -0.000000
-0.000000 -2.540000 -0.000000
-0.371949 -2.476317 0.425568
-1.056854 -1.583664 1.681270
-1.306851 -1.583664 1.495242
0.269480 -2.288461 -1.068610
-0.138205 -2.476317 0.548046
0.433330 -2.288461 -1.013297
-0.546197 0.000000 -2.480578
-0.170386 0.000000 -2.534279
-0.170386 0.000000 -2.534279
0.000000 2.540000 0.000000
0.000000 2.540000 0.000000
0.000000 2.540000 0.000000
2.462894 -0.000000 0.621089
2.462894 -0.000000 0.621089
2.529732 -0.000000 0.228161
-0.000000 -2.540000 -0.000000
-0.000000 -2.540000 -0.000000
-0.000000 -2.540000 -0.000000
1.977824 -1.583664 0.178383
1.925568 -1.583664 0.485587
0.562918 -2.476317 0.050771
-0.000000 -2.540000 -0.000000
-0.000000 -2.540000 -0.000000
-0.000000 -2.540000 -0.000000
-0.000000 -2.540000 -0.000000
-0.000000 -2.540000 -0.000000
-0.000000 -2.540000 -0.000000
-1.925568 -1.583664 -0.485587
-0.548046 -2.476317 -0.138205
-1.977824 -1.583664 -0.178383
-1.495242 -1.583664 -1.306851
-1.681270 -1.583664 -1.056854
-2.150425 0.000000 -1.351767
-0.000000 -2.540000 -0.000000
-0.000000 -2.540000 -0.000000
-0.000000 -2.540000 -0.000000
-0.000000 -2.540000 -0.000000
-0.000000 -2.540000 -0.000000
-0.000000 -2.540000 -0.000000
1.495242 -1.583664 1.306851
1.681270 -1.583664 1.056854
2.150425 -0.000000 1.351767
0.000000 2.540000 0.000000
-0.352107 1.985852 -1.544025
0.000000 2.540000 0.000000
-0.945181 0.000000 -2.357590
-0.564736 0.000000 -2.476424
-0.945181 0.000000 -2.357590
-0.170386 0.000000 -2.534279
-0.170386 0.000000 -2.534279
0.228161 -0.000000 -2.529732
0.000000 2.540000 -0.000000
0.142256 1.985852 -1.577262
0.000000 2.540000 -0.000000
-0.000000 -2.540000 -0.000000
-0.000000 -2.540000 -0.000000
-0.000000 -2.540000 -0.000000
-0.000000 -2.540000 -0.000000
-0.000000 -2.540000 -0.000000
-0.000000 -2.540000 -0.000000
-0.000000 -2.540000 -0.000000
-0.000000 -2.540000 -0.000000
-0.000000 -2.540000 -0.000000
-0.000000 -2.540000 -0.000000
-0.000000 -2.540000 -0.000000
-0.000000 -2.540000 -0.000000
0.000000 2.540000 -0.000000
1.469934 1.985852 -0.589311
0.000000 2.540000 0.000000
2.180706 -0.000000 -1.302353
2.180706 -0.000000 -1.302353
2.357590 -0.000000 -0.945181
2.529732 -0.000000 0.228161
2.534279 -0.000000 -0.170386
2.529732 -0.000000 0.228161
2.414334 0.565203 -0.550577
2.231180 -1.102065 -0.508810
2.470739 0.565203 -0.166114
0.410099 -2.288461 1.022920
-0.210323 -2.476317 -0.524613
0.245030 -2.288461 1.074480
-0.289801 -2.476317 -0.485253
-0.210323 -2.476317 -0.524613
0.565070 -2.288461 0.946173
-0.000000 -2.540000 -0.000000
-0.000000 -2.540000 -0.000000
-0.000000 -2.540000 -0.000000
1.843238 -1.583664 -0.738973
1.704944 -1.583664 -1.018221
2.180706 -0.000000 -1.302353
-0.000000 -2.540000 -0.000000
-0.000000 -2.540000 -0.000000
-0.000000 -2.540000 -0.000000
-2.335412 0.000000 -0.998724
-2.150425 0.000000 -1.351767
-2.335412 0.000000 -0.998724
-0.000000 -2.540000 -0.000000
-0.000000 -2.540000 -0.000000
-0.000000 -2.540000 -0.000000
2.357590 -0.000000 -0.945181
2.180706 -0.000000 -1.302353
2.357590 -0.000000 -0.945181
-0.000000 -2.540000 -0.000000
-0.000000 -2.540000 -0.000000
-0.000000 -2.540000 -0.000000
-0.000000 -2.540000 -0.000000
-0.000000 -2.540000 -0.000000
-0.000000 -2.540000 -0.000000
-0.000000 -2.540000 -0.000000
-0.000000 -2.540000 -0.000000
-0.000000 -2.540000 -0.000000
-0.000000 -2.540000 -0.000000
-0.000000 -2.540000 -0.000000
-0.000000 -2.540000 -0.000000
-0.000000 -2.540000 -0.000000
-0.000000 -2.540000 -0.000000
-0.000000 -2.540000 -0.000000
-0.000000 -2.540000 -0.000000
-0.000000 -2.540000 -0.000000
-0.000000 -2.540000 -0.000000
-0.000000 -2.540000 -0.000000
-0.000000 -2.540000 -0.000000
-0.000000 -2.540000 -0.000000
-0.000000 -2.540000 -0.000000
-0.000000 -2.540000 -0.000000
-0.000000 -2.540000 -0.000000
-0.000000 -2.540000 -0.000000
-0.000000 -2.540000 -0.000000
-0.000000 -2.540000 -0.000000
-0.000000 -2.540000 -0.000000
-0.000000 -2.540000 -0.000000
-0.000000 -2.540000 -0.000000
0.000000 2.540000 0.000000
-1.469934 1.985852 0.589311
0.000000 2.540000 0.000000
-2.357590 0.000000 0.945181
-2.357590 0.000000 0.945181
-2.476424 0.000000 0.564736
0.000000 2.540000 0.000000
0.000000 2.540000 0.000000
-0.622694 1.985852 1.456106
-0.621089 0.000000 2.462894
-0.621089 0.000000 2.462894
-0.998724 0.000000 2.335412
1.022920 -2.288461 -0.410099
-0.524613 -2.476317 0.210323
1.074480 -2.288461 -0.245030
-0.485253 -2.476317 0.289801
-0.524613 -2.476317 0.210323
0.946173 -2.288461 -0.565070
-0.000000 -2.540000 -0.000000
-0.000000 -2.540000 -0.000000
-0.000000 -2.540000 -0.000000
-0.000000 -2.540000 -0.000000
-0.000000 -2.540000 -0.000000
-0.000000 -2.540000 -0.000000
-0.000000 -2.540000 -0.000000
-0.000000 -2.540000 -0.000000
-0.000000 -2.540000 -0.000000
-0.000000 -2.540000 -0.000000
-0.000000 -2.540000 -0.000000
-0.000000 -2.540000 -0.000000
-0.000000 -2.540000 -0.000000
-0.000000 -2.540000 -0.000000
-0.000000 -2.540000 -0.000000
-0.000000 -2.540000 -0.000000
-0.000000 -2.540000 -0.000000
-0.000000 -2.540000 -0.000000
-1.912486 0.000000 -1.671525
-1.627457 0.000000 -1.950125
-1.912486 0.000000 -1.671525
-0.000000 -2.540000 -0.000000
-0.000000 -2.540000 -0.000000
-0.000000 -2.540000 -0.000000
-0.563930 -2.476317 0.037914
-0.562918 -2.476317 -0.050771
1.097610 -2.288461 0.098995
2.231180 -1.102065 -0.508810
1.099582 -2.288461 -0.073928
2.283306 -1.102065 -0.153512
-0.000000 -2.540000 -0.000000
-0.000000 -2.540000 -0.000000
-0.000000 -2.540000 -0.000000
-0.000000 -2.540000 -0.000000
-0.000000 -2.540000 -0.000000
-0.000000 -2.540000 -0.000000
-2.218991 -1.102065 -0.559582
-2.466306 0.565203 -0.222440
-2.279210 -1.102065 -0.205566
-2.466306 0.565203 -0.222440
-2.470739 0.565203 0.166114
-2.279210 -1.102065 -0.205566
-1.317875 0.565203 2.096509
-0.973684 0.565203 2.276859
-0.899819 -1.102065 2.104134
-1.317875 0.565203 2.096509
-1.217900 -1.102065 1.937466
-1.629616 0.565203 1.864536
0.205566 -1.102065 -2.279210
-0.166114 0.565203 -2.470739
-0.153512 -1.102065 -2.283306
-0.153512 -1.102065 -2.283306
-0.073928 -2.288461 -1.099582
0.205566 -1.102065 -2.279210
0.170386 -0.000000 2.534279
-0.178383 -1.583664 1.977824
0.133213 -1.583664 1.981379
0.564736 -0.000000 2.476424
0.170386 -0.000000 2.534279
0.133213 -1.583664 1.981379
2.180706 -0.000000 -1.302353
1.704944 -1.583664 -1.018221
1.950125 -0.000000 -1.627457
1.524669 -1.583664 -1.272397
1.671525 -0.000000 -1.912486
1.950125 -0.000000 -1.627457
-2.180706 0.000000 1.302353
-1.704944 -1.583664 1.018221
-1.950125 0.000000 1.627457
-1.524669 -1.583664 1.272397
-1.671525 0.000000 1.912486
-1.950125 0.000000 1.627457
2.534279 -0.000000 -0.170386
1.977824 -1.583664 0.178383
1.981379 -1.583664 -0.133213
2.476424 -0.000000 -0.564736
2.534279 -0.000000 -0.170386
1.981379 -1.583664 -0.133213
2.096509 0.565203 1.317875
2.104134 -1.102065 0.899819
1.937466 -1.102065 1.217900
1.013297 -2.288461 0.433330
-0.519678 -2.476317 -0.222237
0.933034 -2.288461 0.586510
-1.013297 -2.288461 -0.433330
0.519678 -2.476317 0.222237
-0.933034 -2.288461 -0.586510
-2.096509 0.565203 -1.317875
-2.104134 -1.102065 -0.899819
-1.937466 -1.102065 -1.217900
2.150425 -0.000000 1.351767
1.681270 -1.583664 1.056854
2.335412 -0.000000 0.998724
1.825899 -1.583664 0.780834
2.462894 -0.000000 0.621089
2.335412 -0.000000 0.998724
-2.150425 0.000000 -1.351767
-1.681270 -1.583664 -1.056854
-2.335412 0.000000 -0.998724
-1.825899 -1.583664 -0.780834
-2.462894 0.000000 -0.621089
-2.335412 0.000000 -0.998724
1.351767 -0.000000 -2.150425
1.056854 -1.583664 -1.681270
0.998724 -0.000000 -2.335412
0.780834 -1.583664 -1.825899
0.621089 -0.000000 -2.462894
0.998724 -0.000000 -2.335412
-1.351767 0.000000 2.150425
-1.056854 -1.583664 1.681270
-0.998724 0.000000 2.335412
-0.780834 -1.583664 1.825899
-0.621089 0.000000 2.462894
-0.998724 0.000000 2.335412
1.302353 -0.000000 2.180706
1.627457 -0.000000 1.950125
1.302353 -0.000000 2.180706
0.921484 0.565203 2.298481
1.269700 0.565203 2.126031
0.851579 -1.102065 2.124115
-0.170386 -0.000000 -2.534279
0.178383 -1.583664 -1.977824
-0.133213 -1.583664 -1.981379
-0.564736 0.000000 -2.476424
-0.170386 -0.000000 -2.534279
-0.133213 -1.583664 -1.981379
0.153512 -1.102065 2.283306
0.073928 -2.288461 1.099582
-0.205566 -1.102065 2.279210
0.153512 -1.102065 2.283306
-0.205566 -1.102065 2.279210
-0.222440 0.565203 2.466306
-1.302353 0.000000 -2.180706
-1.302353 0.000000 -2.180706
-1.627457 0.000000 -1.950125
0.000000 2.540000 0.000000
-0.812004 1.985852 -1.359648
0.000000 2.540000 -0.000000
-0.000000 -2.540000 -0.000000
-0.000000 -2.540000 -0.000000
-0.000000 -2.540000 -0.000000
2.150425 -0.000000 1.351767
2.335412 -0.000000 0.998724
2.150425 -0.000000 1.351767
-1.936146 -1.583664 0.441529
-1.843238 -1.583664 0.738973
-2.357590 0.000000 0.945181
-1.843238 -1.583664 0.738973
-2.180706 0.000000 1.302353
-2.357590 0.000000 0.945181
-2.534279 0.000000 0.170386
-1.977824 -1.583664 -0.178383
-1.981379 -1.583664 0.133213
-2.476424 0.000000 0.564736
-2.534279 0.000000 0.170386
-1.981379 -1.583664 0.133213
-0.441529 -1.583664 -1.936146
-0.738973 -1.583664 -1.843238
-0.945181 0.000000 -2.357590
-0.738973 -1.583664 -1.843238
-1.302353 0.000000 -2.180706
-0.945181 0.000000 -2.357590
1.317875 0.565203 -2.096509
1.217900 -1.102065 -1.937466
1.629616 0.565203 -1.864536
1.671525 -0.000000 -1.912486
1.950125 -0.000000 -1.627457
1.671525 -0.000000 -1.912486
1.302353 -0.000000 2.180706
1.018221 -1.583664 1.704944
1.627457 -0.000000 1.950125
1.272397 -1.583664 1.524669
1.912486 -0.000000 1.671525
1.627457 -0.000000 1.950125
-1.302353 0.000000 -2.180706
-1.018221 -1.583664 -1.704944
-1.627457 0.000000 -1.950125
-1.272397 -1.583664 -1.524669
-1.912486 0.000000 -1.671525
-1.627457 0.000000 -1.950125
-0.371949 -2.476317 0.425568
-0.433944 -2.476317 0.362143
0.846127 -2.288461 -0.706127
0.846127 -2.288461 -0.706127
-0.485253 -2.476317 0.289801
0.946173 -2.288461 -0.565070
-0.846127 -2.288461 0.706127
0.485253 -2.476317 -0.289801
-0.946173 -2.288461 0.565070
0.371949 -2.476317 -0.425568
0.433944 -2.476317 -0.362143
-0.846127 -2.288461 0.706127
1.269700 0.565203 2.126031
1.466288 -1.102065 1.757001
1.173380 -1.102065 1.964748
0.706127 -2.288461 0.846127
-0.289801 -2.476317 -0.485253
0.565070 -2.288461 0.946173
-0.706127 -2.288461 -0.846127
0.289801 -2.476317 0.485253
-0.565070 -2.288461 -0.946173
-1.269700 0.565203 -2.126031
-1.466288 -1.102065 -1.757001
-1.173380 -1.102065 -1.964748
-0.410099 -2.288461 -1.022920
0.210323 -2.476317 0.524613
-0.245030 -2.288461 -1.074480
0.037914 -2.476317 0.563930
0.125666 -2.476317 0.551056
0.441529 -1.583664 1.936146
1.936146 -1.583664 -0.441529
0.563930 -2.476317 -0.037914
0.551056 -2.476317 -0.125666
-1.022920 -2.288461 0.410099
0.524613 -2.476317 -0.210323
-1.074480 -2.288461 0.245030
-0.433330 -2.288461 1.013297
0.138205 -2.476317 -0.548046
0.222237 -2.476317 -0.519678
0.485587 -1.583664 -1.925568
0.222237 -2.476317 -0.519678
0.138205 -2.476317 -0.548046
-0.222237 -2.476317 0.519678
-0.138205 -2.476317 0.548046
-0.485587 -1.583664 1.925568
0.433330 -2.288461 -1.013297
-0.138205 -2.476317 0.548046
-0.222237 -2.476317 0.519678
-0.519678 -2.476317 -0.222237
-0.548046 -2.476317 -0.138205
-1.925568 -1.583664 -0.485587
1.013297 -2.288461 0.433330
-0.548046 -2.476317 -0.138205
-0.519678 -2.476317 -0.222237
1.925568 -1.583664 0.485587
0.519678 -2.476317 0.222237
0.548046 -2.476317 0.138205
-1.013297 -2.288461 -0.433330
0.548046 -2.476317 0.138205
0.519678 -2.476317 0.222237
-1.950125 0.000000 1.627457
-1.671525 0.000000 1.912486
-1.950125 0.000000 1.627457
-0.842813 1.985852 1.340768
-1.042179 1.985852 1.192416
0.000000 2.540000 0.000000
0.000000 2.540000 0.000000
1.535589 1.985852 0.387243
0.000000 2.540000 0.000000
0.000000 2.540000 0.000000
1.577262 1.985852 0.142256
0.000000 2.540000 0.000000
1.671525 -0.000000 -1.912486
1.351767 -0.000000 -2.150425
1.671525 -0.000000 -1.912486
0.842813 1.985852 -1.340768
1.042179 1.985852 -1.192416
0.000000 2.540000 0.000000
0.433330 -2.288461 -1.013297
-0.222237 -2.476317 0.519678
0.586510 -2.288461 -0.933034
1.317875 0.565203 -2.096509
0.899819 -1.102065 -2.104134
1.217900 -1.102065 -1.937466
-0.433330 -2.288461 1.013297
0.222237 -2.476317 -0.519678
-0.586510 -2.288461 0.933034
-1.317875 0.565203 2.096509
-0.899819 -1.102065 2.104134
-1.217900 -1.102065 1.937466
0.000000 2.540000 0.000000
-1.577262 1.985852 -0.142256
0.000000 2.540000 0.000000
0.000000 2.540000 0.000000
-1.535589 1.985852 -0.387243
0.000000 2.540000 -0.000000
2.335412 -0.000000 0.998724
2.335412 -0.000000 0.998724
2.150425 -0.000000 1.351767
0.000000 2.540000 0.000000
1.456106 1.985852 0.622694
0.000000 2.540000 0.000000
-2.150425 0.000000 -1.351767
-2.150425 0.000000 -1.351767
-2.335412 0.000000 -0.998724
0.000000 2.540000 -0.000000
-1.456106 1.985852 -0.622694
0.000000 2.540000 0.000000
0.000000 2.540000 0.000000
-1.359648 1.985852 0.812004
0.000000 2.540000 0.000000
-1.215883 1.985852 1.014703
-1.359648 1.985852 0.812004
0.000000 2.540000 0.000000
0.000000 2.540000 -0.000000
1.359648 1.985852 -0.812004
0.000000 2.540000 -0.000000
1.215883 1.985852 -1.014703
1.359648 1.985852 -0.812004
0.000000 2.540000 -0.000000
2.231180 -1.102065 -0.508810
1.022920 -2.288461 -0.410099
1.074480 -2.288461 -0.245030
2.231180 -1.102065 -0.508810
2.298481 0.565203 -0.921484
2.124115 -1.102065 -0.851579
-2.231180 -1.102065 0.508810
-1.022920 -2.288461 0.410099
-1.074480 -2.288461 0.245030
-2.231180 -1.102065 0.508810
-2.298481 0.565203 0.921484
-2.124115 -1.102065 0.851579
0.000000 2.540000 -0.000000
-0.589311 1.985852 -1.469934
0.000000 2.540000 0.000000
-0.812004 1.985852 -1.359648
-0.589311 1.985852 -1.469934
0.000000 2.540000 -0.000000
0.000000 2.540000 0.000000
-0.106234 1.985852 -1.580097
0.000000 2.540000 -0.000000
-0.352107 1.985852 -1.544025
-0.106234 1.985852 -1.580097
0.000000 2.540000 0.000000
0.000000 2.540000 0.000000
0.622694 1.985852 -1.456106
0.000000 2.540000 0.000000
0.000000 2.540000 -0.000000
0.387243 1.985852 -1.535589
0.000000 2.540000 0.000000
2.218991 -1.102065 0.559582
2.104134 -1.102065 0.899819
2.276859 0.565203 0.973684
1.068610 -2.288461 0.269480
-0.548046 -2.476317 -0.138205
1.013297 -2.288461 0.433330
-1.068610 -2.288461 -0.269480
0.548046 -2.476317 0.138205
-1.013297 -2.288461 -0.433330
-2.104134 -1.102065 -0.899819
-2.401145 0.565203 -0.605517
-2.218991 -1.102065 -0.559582
1.495242 -1.583664 1.306851
2.150425 -0.000000 1.351767
1.912486 -0.000000 1.671525
1.495242 -1.583664 1.306851
1.912486 -0.000000 1.671525
1.272397 -1.583664 1.524669
1.306851 -1.583664 -1.495242
1.671525 -0.000000 -1.912486
1.524669 -1.583664 -1.272397
1.306851 -1.583664 -1.495242
1.351767 -0.000000 -2.150425
1.671525 -0.000000 -1.912486
-1.495242 -1.583664 -1.306851
-1.912486 0.000000 -1.671525
-1.272397 -1.583664 -1.524669
-1.495242 -1.583664 -1.306851
-2.150425 0.000000 -1.351767
-1.912486 0.000000 -1.671525
-1.306851 -1.583664 1.495242
-1.671525 0.000000 1.912486
-1.524669 -1.583664 1.272397
-1.306851 -1.583664 1.495242
-1.351767 0.000000 2.150425
-1.671525 0.000000 1.912486
-0.387243 1.985852 1.535589
0.000000 2.540000 0.000000
-0.142256 1.985852 1.577262
0.000000 2.540000 0.000000
0.000000 2.540000 0.000000
-0.387243 1.985852 1.535589
-0.000000 -2.540000 -0.000000
-0.000000 -2.540000 -0.000000
-0.000000 -2.540000 -0.000000
1.950125 -0.000000 -1.627457
1.950125 -0.000000 -1.627457
2.180706 -0.000000 -1.302353
0.559582 -1.102065 -2.218991
0.222440 0.565203 -2.466306
0.205566 -1.102065 -2.279210
0.098995 -2.288461 -1.097610
-0.138205 -2.476317 0.548046
0.269480 -2.288461 -1.068610
-0.559582 -1.102065 2.218991
-0.222440 0.565203 2.466306
-0.205566 -1.102065 2.279210
-0.269480 -2.288461 1.068610
-0.098995 -2.288461 1.097610
0.050771 -2.476317 -0.562918
-0.073928 -2.288461 -1.099582
0.037914 -2.476317 0.563930
0.098995 -2.288461 -1.097610
0.125666 -2.476317 0.551056
0.037914 -2.476317 0.563930
-0.245030 -2.288461 -1.074480
0.073928 -2.288461 1.099582
-0.037914 -2.476317 -0.563930
-0.098995 -2.288461 1.097610
-0.125666 -2.476317 -0.551056
-0.037914 -2.476317 -0.563930
0.245030 -2.288461 1.074480
-1.099582 -2.288461 0.073928
0.563930 -2.476317 -0.037914
-1.097610 -2.288461 -0.098995
0.551056 -2.476317 -0.125666
0.563930 -2.476317 -0.037914
-1.074480 -2.288461 0.245030
1.099582 -2.288461 -0.073928
-0.563930 -2.476317 0.037914
1.097610 -2.288461 0.098995
-0.551056 -2.476317 0.125666
-0.563930 -2.476317 0.037914
1.074480 -2.288461 -0.245030
-0.478515 -2.476317 -0.300796
0.829797 -2.288461 0.725247
0.933034 -2.288461 0.586510
1.864536 0.565203 1.629616
1.937466 -1.102065 1.217900
1.723091 -1.102065 1.505992
0.478515 -2.476317 0.300796
-0.829797 -2.288461 -0.725247
-0.933034 -2.288461 -0.586510
-1.864536 0.565203 -1.629616
-1.937466 -1.102065 -1.217900
-1.723091 -1.102065 -1.505992
-0.725247 -2.288461 0.829797
-0.586510 -2.288461 0.933034
0.300796 -2.476317 -0.478515
-1.629616 0.565203 1.864536
-1.217900 -1.102065 1.937466
-1.505992 -1.102065 1.723091
1.629616 0.565203 -1.864536
1.217900 -1.102065 -1.937466
1.505992 -1.102065 -1.723091
0.725247 -2.288461 -0.829797
0.586510 -2.288461 -0.933034
-0.300796 -2.476317 0.478515
0.352107 1.985852 1.544025
0.000000 2.540000 0.000000
0.589311 1.985852 1.469934
0.000000 2.540000 0.000000
0.000000 2.540000 0.000000
0.352107 1.985852 1.544025
1.580097 1.985852 -0.106234
1.577262 1.985852 0.142256
0.000000 2.540000 0.000000
0.000000 2.540000 0.000000
1.580097 1.985852 -0.106234
0.000000 2.540000 0.000000
-1.580097 1.985852 0.106234
-1.577262 1.985852 -0.142256
0.000000 2.540000 0.000000
0.000000 2.540000 0.000000
-1.580097 1.985852 0.106234
0.000000 2.540000 0.000000
-0.142256 1.985852 1.577262
0.000000 2.540000 0.000000
0.106234 1.985852 1.580097
0.000000 2.540000 0.000000
0.000000 2.540000 0.000000
-0.142256 1.985852 1.577262
-1.977824 -1.583664 -0.178383
-2.534279 0.000000 0.170386
-2.529732 0.000000 -0.228161
-1.925568 -1.583664 -0.485587
-1.977824 -1.583664 -0.178383
-2.529732 0.000000 -0.228161
-0.178383 -1.583664 1.977824
0.170386 -0.000000 2.534279
-0.228161 0.000000 2.529732
-0.485587 -1.583664 1.925568
-0.178383 -1.583664 1.977824
-0.228161 0.000000 2.529732
0.738973 -1.583664 1.843238
1.302353 -0.000000 2.180706
0.945181 -0.000000 2.357590
0.945181 -0.000000 2.357590
0.564736 -0.000000 2.476424
0.738973 -1.583664 1.843238
-1.014703 1.985852 -1.215883
-0.812004 1.985852 -1.359648
0.000000 2.540000 0.000000
-1.586653 0.565203 -1.901231
-1.466288 -1.102065 -1.757001
-1.269700 0.565203 -2.126031
0.153512 -1.102065 2.283306
0.550577 0.565203 2.414334
0.508810 -1.102065 2.231180
0.153512 -1.102065 2.283306
0.508810 -1.102065 2.231180
0.245030 -2.288461 1.074480
-0.153512 -1.102065 -2.283306
-0.550577 0.565203 -2.414334
-0.508810 -1.102065 -2.231180
-0.153512 -1.102065 -2.283306
-0.508810 -1.102065 -2.231180
-0.245030 -2.288461 -1.074480
2.279210 -1.102065 0.205566
2.470739 0.565203 -0.166114
2.283306 -1.102065 -0.153512
2.283306 -1.102065 -0.153512
1.099582 -2.288461 -0.073928
2.279210 -1.102065 0.205566
-2.279210 -1.102065 -0.205566
-2.470739 0.565203 0.166114
-2.283306 -1.102065 0.153512
-2.283306 -1.102065 0.153512
-1.099582 -2.288461 0.073928
-2.279210 -1.102065 -0.205566
0.485587 -1.583664 -1.925568
0.621089 -0.000000 -2.462894
0.780834 -1.583664 -1.825899
0.621089 -0.000000 -2.462894
0.485587 -1.583664 -1.925568
0.228161 -0.000000 -2.529732
1.977824 -1.583664 0.178383
2.462894 -0.000000 0.621089
1.925568 -1.583664 0.485587
1.925568 -1.583664 0.485587
2.462894 -0.000000 0.621089
1.825899 -1.583664 0.780834
2.476424 -0.000000 -0.564736
1.936146 -1.583664 -0.441529
2.357590 -0.000000 -0.945181
1.936146 -1.583664 -0.441529
2.476424 -0.000000 -0.564736
1.981379 -1.583664 -0.133213
-1.843238 -1.583664 0.738973
-0.524613 -2.476317 0.210323
-1.704944 -1.583664 1.018221
-1.936146 -1.583664 0.441529
-0.551056 -2.476317 0.125666
-1.843238 -1.583664 0.738973
-0.738973 -1.583664 -1.843238
-0.210323 -2.476317 -0.524613
-1.018221 -1.583664 -1.704944
-0.441529 -1.583664 -1.936146
-0.125666 -2.476317 -0.551056
-0.738973 -1.583664 -1.843238
0.000000 2.540000 0.000000
1.014703 1.985852 1.215883
0.812004 1.985852 1.359648
1.586653 0.565203 1.901231
1.466288 -1.102065 1.757001
1.269700 0.565203 2.126031
-1.577262 1.985852 -0.142256
-1.535589 1.985852 -0.387243
0.000000 2.540000 0.000000
-2.401145 0.565203 -0.605517
-2.466306 0.565203 -0.222440
-2.218991 -1.102065 -0.559582
2.401145 0.565203 0.605517
2.466306 0.565203 0.222440
2.218991 -1.102065 0.559582
1.577262 1.985852 0.142256
1.535589 1.985852 0.387243
0.000000 2.540000 0.000000
0.851579 -1.102065 2.124115
1.269700 0.565203 2.126031
1.173380 -1.102065 1.964748
0.565070 -2.288461 0.946173
-0.210323 -2.476317 -0.524613
0.410099 -2.288461 1.022920
-0.946173 -2.288461 0.565070
0.524613 -2.476317 -0.210323
-1.022920 -2.288461 0.410099
-2.124115 -1.102065 0.851579
-2.126031 0.565203 1.269700
-1.964748 -1.102065 1.173380
1.964748 -1.102065 -1.173380
2.124115 -1.102065 -0.851579
2.298481 0.565203 -0.921484
0.946173 -2.288461 -0.565070
-0.524613 -2.476317 0.210323
1.022920 -2.288461 -0.410099
-0.565070 -2.288461 -0.946173
0.210323 -2.476317 0.524613
-0.410099 -2.288461 -1.022920
-0.851579 -1.102065 -2.124115
-1.269700 0.565203 -2.126031
-1.173380 -1.102065 -1.964748
2.126031 0.565203 -1.269700
1.964748 -1.102065 -1.173380
2.298481 0.565203 -0.921484
1.359648 1.985852 -0.812004
1.469934 1.985852 -0.589311
0.000000 2.540000 -0.000000
-1.359648 1.985852 0.812004
-1.469934 1.985852 0.589311
0.000000 2.540000 0.000000
-2.298481 0.565203 0.921484
-2.126031 0.565203 1.269700
-2.124115 -1.102065 0.851579
2.529732 -0.000000 0.228161
2.462894 -0.000000 0.621089
1.977824 -1.583664 0.178383
1.977824 -1.583664 0.178383
2.534279 -0.000000 -0.170386
2.529732 -0.000000 0.228161
0.485587 -1.583664 -1.925568
0.178383 -1.583664 -1.977824
0.228161 -0.000000 -2.529732
0.178383 -1.583664 -1.977824
-0.170386 -0.000000 -2.534279
0.228161 -0.000000 -2.529732
1.843238 -1.583664 -0.738973
2.180706 -0.000000 -1.302353
2.357590 -0.000000 -0.945181
1.936146 -1.583664 -0.441529
1.843238 -1.583664 -0.738973
2.357590 -0.000000 -0.945181
-2.104134 -1.102065 -0.899819
-1.013297 -2.288461 -0.433330
-1.937466 -1.102065 -1.217900
-2.104134 -1.102065 -0.899819
-1.068610 -2.288461 -0.269480
-1.013297 -2.288461 -0.433330
2.104134 -1.102065 0.899819
1.013297 -2.288461 0.433330
1.937466 -1.102065 1.217900
2.104134 -1.102065 0.899819
1.068610 -2.288461 0.269480
1.013297 -2.288461 0.433330
0.899819 -1.102065 -2.104134
0.433330 -2.288461 -1.013297
1.217900 -1.102065 -1.937466
0.899819 -1.102065 -2.104134
0.269480 -2.288461 -1.068610
0.433330 -2.288461 -1.013297
-0.899819 -1.102065 2.104134
-0.433330 -2.288461 1.013297
-1.217900 -1.102065 1.937466
-0.899819 -1.102065 2.104134
-0.269480 -2.288461 1.068610
-0.433330 -2.288461 1.013297
-0.550577 0.565203 -2.414334
-0.921484 0.565203 -2.298481
-0.508810 -1.102065 -2.231180
-0.589311 1.985852 -1.469934
-0.352107 1.985852 -1.544025
0.000000 2.540000 0.000000
-0.106234 1.985852 -1.580097
0.142256 1.985852 -1.577262
0.000000 2.540000 -0.000000
0.222440 0.565203 -2.466306
-0.166114 0.565203 -2.470739
0.205566 -1.102065 -2.279210
0.106234 1.985852 1.580097
0.000000 2.540000 0.000000
0.352107 1.985852 1.544025
0.000000 2.540000 0.000000
0.000000 2.540000 0.000000
0.106234 1.985852 1.580097
-1.544025 1.985852 0.352107
-1.580097 1.985852 0.106234
0.000000 2.540000 0.000000
0.000000 2.540000 0.000000
-1.544025 1.985852 0.352107
0.000000 2.540000 0.000000
0.000000 2.540000 0.000000
1.544025 1.985852 -0.352107
0.000000 2.540000 0.000000
1.544025 1.985852 -0.352107
1.580097 1.985852 -0.106234
0.000000 2.540000 0.000000
0.589311 1.985852 1.469934
0.000000 2.540000 0.000000
0.812004 1.985852 1.359648
0.000000 2.540000 0.000000
0.000000 2.540000 0.000000
0.589311 1.985852 1.469934
-1.925568 -1.583664 -0.485587
-2.462894 0.000000 -0.621089
-1.825899 -1.583664 -0.780834
-2.462894 0.000000 -0.621089
-1.925568 -1.583664 -0.485587
-2.529732 0.000000 -0.228161
-0.621089 0.000000 2.462894
-0.485587 -1.583664 1.925568
-0.228161 0.000000 2.529732
-0.485587 -1.583664 1.925568
-0.621089 0.000000 2.462894
-0.780834 -1.583664 1.825899
-0.133213 -1.583664 -1.981379
-0.441529 -1.583664 -1.936146
-0.564736 0.000000 -2.476424
-0.564736 0.000000 -2.476424
-0.441529 -1.583664 -1.936146
-0.945181 0.000000 -2.357590
-1.936146 -1.583664 0.441529
-2.476424 0.000000 0.564736
-1.981379 -1.583664 0.133213
-2.476424 0.000000 0.564736
-1.936146 -1.583664 0.441529
-2.357590 0.000000 0.945181
0.441529 -1.583664 1.936146
0.564736 -0.000000 2.476424
0.133213 -1.583664 1.981379
0.738973 -1.583664 1.843238
0.564736 -0.000000 2.476424
0.441529 -1.583664 1.936146
-0.362143 -2.476317 -0.433944
-0.289801 -2.476317 -0.485253
0.706127 -2.288461 0.846127
-1.018221 -1.583664 -1.704944
-1.272397 -1.583664 -1.524669
-1.627457 0.000000 -1.950125
-1.704944 -1.583664 1.018221
-1.524669 -1.583664 1.272397
-1.950125 0.000000 1.627457
-0.433944 -2.476317 0.362143
-0.485253 -2.476317 0.289801
0.846127 -2.288461 -0.706127
1.018221 -1.583664 1.704944
1.272397 -1.583664 1.524669
1.627457 -0.000000 1.950125
0.362143 -2.476317 0.433944
0.289801 -2.476317 0.485253
-0.706127 -2.288461 -0.846127
1.704944 -1.583664 -1.018221
1.524669 -1.583664 -1.272397
1.950125 -0.000000 -1.627457
0.433944 -2.476317 -0.362143
0.485253 -2.476317 -0.289801
-0.846127 -2.288461 0.706127
1.056854 -1.583664 -1.681270
0.780834 -1.583664 -1.825899
0.998724 -0.000000 -2.335412
-0.586510 -2.288461 0.933034
0.222237 -2.476317 -0.519678
0.300796 -2.476317 -0.478515
-1.056854 -1.583664 1.681270
-0.780834 -1.583664 1.825899
-0.998724 0.000000 2.335412
0.586510 -2.288461 -0.933034
-0.222237 -2.476317 0.519678
-0.300796 -2.476317 0.478515
0.519678 -2.476317 0.222237
0.478515 -2.476317 0.300796
-0.933034 -2.288461 -0.586510
1.681270 -1.583664 1.056854
1.825899 -1.583664 0.780834
2.335412 -0.000000 0.998724
-0.519678 -2.476317 -0.222237
-0.478515 -2.476317 -0.300796
0.933034 -2.288461 0.586510
-1.681270 -1.583664 -1.056854
-1.825899 -1.583664 -0.780834
-2.335412 0.000000 -0.998724
-0.073928 -2.288461 -1.099582
-0.153512 -1.102065 -2.283306
-0.245030 -2.288461 -1.074480
-0.245030 -2.288461 -1.074480
0.037914 -2.476317 0.563930
-0.073928 -2.288461 -1.099582
-1.074480 -2.288461 0.245030
0.563930 -2.476317 -0.037914
-1.099582 -2.288461 0.073928
-1.074480 -2.288461 0.245030
-1.099582 -2.288461 0.073928
-2.231180 -1.102065 0.508810
1.074480 -2.288461 -0.245030
1.099582 -2.288461 -0.073928
2.231180 -1.102065 -0.508810
1.074480 -2.288461 -0.245030
-0.563930 -2.476317 0.037914
1.099582 -2.288461 -0.073928
0.245030 -2.288461 1.074480
-0.037914 -2.476317 -0.563930
0.073928 -2.288461 1.099582
0.073928 -2.288461 1.099582
0.153512 -1.102065 2.283306
0.245030 -2.288461 1.074480
-0.548046 -2.476317 -0.138205
-0.562918 -2.476317 -0.050771
-1.977824 -1.583664 -0.178383
-0.562918 -2.476317 -0.050771
-0.548046 -2.476317 -0.138205
1.097610 -2.288461 0.098995
-0.050771 -2.476317 0.562918
-0.138205 -2.476317 0.548046
0.098995 -2.288461 -1.097610
-0.138205 -2.476317 0.548046
-0.050771 -2.476317 0.562918
-0.178383 -1.583664 1.977824
0.562918 -2.476317 0.050771
1.925568 -1.583664 0.485587
0.548046 -2.476317 0.138205
0.562918 -2.476317 0.050771
0.548046 -2.476317 0.138205
-1.097610 -2.288461 -0.098995
0.050771 -2.476317 -0.562918
0.485587 -1.583664 -1.925568
0.138205 -2.476317 -0.548046
0.138205 -2.476317 -0.548046
-0.269480 -2.288461 1.068610
0.050771 -2.476317 -0.562918
1.586653 0.565203 1.901231
1.864536 0.565203 1.629616
1.723091 -1.102065 1.505992
0.000000 2.540000 0.000000
0.000000 2.540000 0.000000
1.192416 1.985852 1.042179
1.901231 0.565203 -1.586653
1.629616 0.565203 -1.864536
1.505992 -1.102065 -1.723091
1.042179 1.985852 -1.192416
0.000000 2.540000 0.000000
0.000000 2.540000 0.000000
0.000000 2.540000 0.000000
0.000000 2.540000 0.000000
-1.192416 1.985852 -1.042179
-1.586653 0.565203 -1.901231
-1.864536 0.565203 -1.629616
-1.723091 -1.102065 -1.505992
-1.042179 1.985852 1.192416
0.000000 2.540000 0.000000
0.000000 2.540000 0.000000
-1.901231 0.565203 1.586653
-1.629616 0.565203 1.864536
-1.505992 -1.102065 1.723091
-0.210323 -2.476317 -0.524613
-0.125666 -2.476317 -0.551056
0.245030 -2.288461 1.074480
-0.125666 -2.476317 -0.551056
-0.210323 -2.476317 -0.524613
-0.738973 -1.583664 -1.843238
-0.524613 -2.476317 0.210323
-0.551056 -2.476317 0.125666
1.074480 -2.288461 -0.245030
-0.551056 -2.476317 0.125666
-0.524613 -2.476317 0.210323
-1.843238 -1.583664 0.738973
0.524613 -2.476317 -0.210323
0.551056 -2.476317 -0.125666
-1.074480 -2.288461 0.245030
0.524613 -2.476317 -0.210323
1.936146 -1.583664 -0.441529
0.551056 -2.476317 -0.125666
0.125666 -2.476317 0.551056
0.210323 -2.476317 0.524613
0.738973 -1.583664 1.843238
0.210323 -2.476317 0.524613
0.125666 -2.476317 0.551056
-0.245030 -2.288461 -1.074480
-2.276859 0.565203 -0.973684
-2.401145 0.565203 -0.605517
-2.104134 -1.102065 -0.899819
-1.535589 1.985852 -0.387243
-1.456106 1.985852 -0.622694
0.000000 2.540000 -0.000000
2.401145 0.565203 0.605517
2.218991 -1.102065 0.559582
2.276859 0.565203 0.973684
1.535589 1.985852 0.387243
1.456106 1.985852 0.622694
0.000000 2.540000 0.000000
0.387243 1.985852 -1.535589
0.622694 1.985852 -1.456106
0.000000 2.540000 0.000000
0.973684 0.565203 -2.276859
0.605517 0.565203 -2.401145
0.899819 -1.102065 -2.104134
-0.622694 1.985852 1.456106
0.000000 2.540000 0.000000
-0.387243 1.985852 1.535589
-0.973684 0.565203 2.276859
-0.605517 0.565203 2.401145
-0.899819 -1.102065 2.104134
</float_array>
          <technique_common>
            <accessor source="#FBXASC227FBXASC130FBXASC189FBXASC227FBXASC131FBXASC170FBXASC227FBXASC131FBXASC131FBXASC227FBXASC131FBXASC1378-Normal0-array" count="2052" stride="3">
              <param name="X" type="float"/>
              <param name="Y" type="float"/>
              <param name="Z" type="float"/>
            </accessor>
          </technique_common>
        </source>
        <vertices id="FBXASC227FBXASC130FBXASC189FBXASC227FBXASC131FBXASC170FBXASC227FBXASC131FBXASC131FBXASC227FBXASC131FBXASC1378-VERTEX">
          <input semantic="POSITION" source="#FBXASC227FBXASC130FBXASC189FBXASC227FBXASC131FBXASC170FBXASC227FBXASC131FBXASC131FBXASC227FBXASC131FBXASC1378-POSITION"/>
        </vertices>
        <triangles count="684" material="MaterialFBXASC032FBXASC03526">
          <input semantic="VERTEX" offset="0" source="#FBXASC227FBXASC130FBXASC189FBXASC227FBXASC131FBXASC170FBXASC227FBXASC131FBXASC131FBXASC227FBXASC131FBXASC1378-VERTEX"/>
          <input semantic="NORMAL" offset="1" source="#FBXASC227FBXASC130FBXASC189FBXASC227FBXASC131FBXASC170FBXASC227FBXASC131FBXASC131FBXASC227FBXASC131FBXASC1378-Normal0"/>
          <p> 133 0 38 1 54 2 86 3 150 4 8 5 53 6 4 7 130 8 151 9 10 10 88 11 68 12 4 13 139 14 138 15 10 16 62 17 70 18 13 19 222 20 152 21 140 22 27 23 45 24 66 25 190 26 154 27 59 28 27 29 67 30 4 31 136 32 151 33 88 34 31 35 88 36 104 37 197 38 43 39 70 40 245 41 65 42 4 43 153 44 221 45 164 46 202 47 52 48 75 49 181 50 150 51 86 52 61 53 141 54 38 55 58 56 268 57 258 58 117 59 263 60 235 61 304 62 125 63 38 64 82 65 159 66 146 67 241 68 89 69 24 70 61 71 62 72 29 73 138 74 239 75 48 76 126 77 15 78 246 79 47 80 35 81 144 82 244 83 245 84 70 85 222 86 145 87 112 88 97 89 192 90 204 91 4 92 84 93 200 94 160 95 51 96 86 97 149 98 114 99 51 100 149 101 80 102 4 103 73 104 269 105 256 106 116 107 100 108 201 109 20 110 133 111 54 112 194 113 157 114 10 115 126 116 48 117 157 118 126 119 194 120 54 121 105 122 143 123 51 124 114 125 49 126 226 127 185 128 162 129 158 130 57 131 103 132 159 133 8 134 103 135 146 136 159 137 209 138 120 139 188 140 72 141 4 142 132 143 211 144 122 145 177 146 69 147 4 148 147 149 121 150 71 151 102 152 119 153 128 154 141 155 271 156 259 157 50 158 106 159 140 160 184 161 14 162 48 163 196 164 250 165 283 166 274 167 278 168 233 169 318 170 200 171 84 172 108 173 206 174 31 175 343 176 206 177 64 178 31 179 195 180 193 181 32 182 134 183 73 184 93 185 156 186 109 187 77 188 59 189 154 190 111 191 74 192 299 193 331 194 82 195 4 196 123 197 189 198 164 199 35 200 85 201 189 202 35 203 135 204 36 205 92 206 58 207 119 208 141 209 186 210 83 211 16 212 224 213 121 214 178 215 38 216 192 217 4 218 38 219 4 220 82 221 319 222 300 223 234 224 155 225 68 226 26 227 25 228 172 229 72 230 257 231 320 232 40 233 214 234 129 235 118 236 99 237 298 238 330 239 207 240 305 241 148 242 253 243 252 244 262 245 96 246 114 247 8 248 218 249 268 250 231 251 44 252 13 253 176 254 83 255 44 256 176 257 309 258 248 259 249 260 296 261 229 262 294 263 243 264 260 265 263 266 307 267 272 268 220 269 318 270 233 271 295 272 269 273 116 274 232 275 319 276 234 277 293 278 250 279 266 280 283 281 66 282 13 283 190 284 226 285 261 286 13 287 287 288 317 289 1 290 170 291 111 292 154 293 51 294 143 295 113 296 113 297 86 298 51 299 52 300 10 301 35 302 42 303 10 304 52 305 115 306 53 307 183 308 82 309 123 310 191 311 20 312 201 313 131 314 131 315 38 316 20 317 80 318 73 319 134 320 214 321 118 322 180 323 215 324 128 325 119 326 276 327 328 328 37 329 156 330 162 331 57 332 23 333 57 334 224 335 36 336 135 337 137 338 137 339 38 340 36 341 173 342 59 343 111 344 140 345 152 346 184 347 268 348 117 349 231 350 225 351 194 352 105 353 306 354 251 355 281 356 182 357 86 358 42 359 165 360 14 361 79 362 165 363 10 364 14 365 217 366 106 367 184 368 312 369 236 370 277 371 64 372 206 373 21 374 21 375 10 376 64 377 147 378 101 379 69 380 118 381 129 382 65 383 145 384 97 385 16 386 16 387 13 388 145 389 132 390 25 391 72 392 120 393 67 394 127 395 127 396 136 397 155 398 67 399 136 400 127 401 68 402 139 403 26 404 101 405 122 406 69 407 168 408 218 409 8 410 8 411 13 412 168 413 71 414 33 415 27 416 71 417 27 418 102 419 53 420 130 421 183 422 172 423 183 424 130 425 32 426 193 427 163 428 84 429 160 430 73 431 74 432 336 433 313 434 219 435 201 436 100 437 221 438 202 439 47 440 334 441 47 442 246 443 239 444 230 445 297 446 270 447 320 448 257 449 77 450 109 451 33 452 77 453 33 454 71 455 135 456 11 457 137 458 215 459 119 460 179 461 247 462 308 463 79 464 29 465 62 466 79 467 0 468 80 469 134 470 153 471 118 472 65 473 277 474 329 475 30 476 204 477 108 478 4 479 82 480 199 481 125 482 199 483 82 484 191 485 254 486 291 487 203 488 245 489 212 490 332 491 4 492 175 493 73 494 4 495 108 496 175 497 99 498 330 499 205 500 246 501 213 502 334 503 10 504 86 505 18 506 42 507 86 508 10 509 226 510 229 511 296 512 226 513 271 514 229 515 18 516 104 517 88 518 88 519 10 520 18 521 241 522 342 523 242 524 242 525 253 526 262 527 299 528 284 529 331 530 191 531 123 532 115 533 91 534 15 535 47 536 202 537 164 538 15 539 228 540 135 541 92 542 92 543 133 544 194 545 227 546 134 547 93 548 193 549 93 550 163 551 200 552 195 553 160 554 315 555 339 556 278 557 37 558 337 559 314 560 223 561 109 562 156 563 218 564 168 565 43 566 332 567 43 568 245 569 291 570 273 571 203 572 249 573 282 574 273 575 184 576 152 577 173 578 259 579 321 580 6 581 300 582 286 583 234 584 39 585 26 586 211 587 199 588 100 589 125 590 219 591 100 592 199 593 129 594 101 595 147 596 177 597 122 598 101 599 178 600 121 601 102 602 102 603 27 604 128 605 24 606 103 607 8 608 89 609 103 610 24 611 260 612 275 613 263 614 104 615 18 616 46 617 225 618 105 619 2 620 201 621 105 622 131 623 106 624 192 625 38 626 28 627 106 628 217 629 21 630 206 631 107 632 239 633 270 634 230 635 208 636 108 637 204 638 200 639 108 640 208 641 109 642 170 643 33 644 1 645 109 646 223 647 7 648 25 649 209 650 270 651 257 652 110 653 210 654 111 655 170 656 98 657 111 658 210 659 248 660 309 661 112 662 112 663 66 664 45 665 18 666 86 667 113 668 46 669 18 670 113 671 187 672 280 673 272 674 310 675 187 676 272 677 12 678 115 679 216 680 216 681 115 682 183 683 278 684 318 685 19 686 227 687 93 688 19 689 228 690 92 691 22 692 288 693 316 694 22 695 118 696 153 697 0 698 180 699 118 700 0 701 11 702 119 703 58 704 179 705 119 706 11 707 209 708 25 709 120 710 120 711 25 712 132 713 57 714 158 715 121 716 224 717 57 718 121 719 211 720 26 721 122 722 26 723 139 724 122 725 123 726 53 727 115 728 123 729 4 730 53 731 246 732 340 733 166 734 244 735 85 736 35 737 125 738 100 739 20 740 20 741 38 742 125 743 126 744 10 745 21 746 21 747 107 748 126 749 188 750 120 751 127 752 3 753 127 754 155 755 5 756 102 757 128 758 5 759 128 760 215 761 9 762 129 763 214 764 9 765 101 766 129 767 130 768 4 769 72 770 72 771 172 772 130 773 54 774 38 775 131 776 54 777 131 778 105 779 67 780 120 781 132 782 132 783 4 784 67 785 36 786 38 787 133 788 36 789 133 790 92 791 55 792 0 793 134 794 55 795 134 796 227 797 78 798 11 799 135 800 78 801 135 802 228 803 136 804 68 805 155 806 136 807 4 808 68 809 137 810 11 811 58 812 58 813 38 814 137 815 35 816 10 817 138 818 138 819 144 820 35 821 139 822 4 823 69 824 139 825 69 826 122 827 140 828 38 829 27 830 140 831 106 832 38 833 27 834 38 835 141 836 27 837 141 838 128 839 142 840 44 841 83 842 167 843 245 844 341 845 113 846 143 847 46 848 307 849 220 850 275 851 308 852 250 853 274 854 138 855 29 856 144 857 66 858 112 859 145 860 145 861 13 862 66 863 252 864 253 865 89 866 146 867 103 868 89 869 65 870 129 871 147 872 147 873 4 874 65 875 221 876 269 877 232 878 305 879 279 880 148 881 114 882 149 883 8 884 149 885 86 886 8 887 150 888 24 889 8 890 61 891 24 892 150 893 31 894 64 895 151 896 64 897 10 898 151 899 152 900 59 901 173 902 59 903 152 904 27 905 153 906 4 907 80 908 153 909 80 910 0 911 33 912 154 913 27 914 33 915 170 916 154 917 3 918 155 919 39 920 39 921 155 922 26 923 223 924 156 925 23 926 23 927 156 928 57 929 157 930 48 931 14 932 14 933 10 934 157 935 158 936 77 937 71 938 158 939 71 940 121 941 159 942 241 943 13 944 159 945 13 946 8 947 160 948 195 949 32 950 160 951 32 952 73 953 207 954 148 955 324 956 30 957 329 958 161 959 162 960 156 961 77 962 162 963 77 964 158 965 73 966 32 967 163 968 73 969 163 970 93 971 164 972 75 973 52 974 164 975 52 976 35 977 79 978 62 979 165 980 62 981 10 982 165 983 205 984 238 985 255 986 269 987 322 988 256 989 203 990 237 991 254 992 268 993 323 994 258 995 168 996 13 997 70 998 43 999 168 1000 70 1001 308 1002 247 1003 250 1004 297 1005 230 1006 293 1007 1 1008 170 1009 109 1010 210 1011 170 1012 1 1013 280 1014 187 1015 327 1016 171 1017 74 1018 331 1019 40 1020 172 1021 7 1022 7 1023 172 1024 25 1025 6 1026 173 1027 98 1028 98 1029 173 1030 111 1031 271 1032 321 1033 259 1034 262 1035 236 1036 303 1037 84 1038 175 1039 108 1040 175 1041 84 1042 73 1043 83 1044 176 1045 16 1046 176 1047 13 1048 16 1049 298 1050 285 1051 330 1052 177 1053 101 1054 9 1055 178 1056 102 1057 5 1058 311 1059 237 1060 276 1061 258 1062 323 1063 179 1064 179 1065 11 1066 78 1067 180 1068 0 1069 55 1070 256 1071 322 1072 180 1073 42 1074 251 1075 182 1076 181 1077 42 1078 52 1079 86 1080 182 1081 61 1082 61 1083 252 1084 89 1085 216 1086 183 1087 40 1088 40 1089 183 1090 172 1091 217 1092 184 1093 6 1094 6 1095 184 1096 173 1097 45 1098 248 1099 112 1100 49 1101 185 1102 45 1103 16 1104 97 1105 186 1106 309 1107 249 1108 273 1109 187 1110 60 1111 327 1112 316 1113 60 1114 292 1115 188 1116 127 1117 3 1118 300 1119 319 1120 188 1121 15 1122 164 1123 189 1124 85 1125 15 1126 189 1127 190 1128 13 1129 49 1130 190 1131 49 1132 45 1133 34 1134 191 1135 12 1136 12 1137 191 1138 115 1139 81 1140 192 1141 28 1142 28 1143 192 1144 106 1145 19 1146 93 1147 193 1148 19 1149 193 1150 94 1151 22 1152 92 1153 194 1154 22 1155 194 1156 225 1157 94 1158 193 1159 195 1160 94 1161 195 1162 17 1163 196 1164 247 1165 79 1166 14 1167 196 1168 79 1169 31 1170 197 1171 343 1172 88 1173 197 1174 31 1175 198 1176 95 1177 326 1178 317 1179 95 1180 294 1181 219 1182 199 1183 34 1184 34 1185 199 1186 191 1187 17 1188 200 1189 208 1190 17 1191 195 1192 200 1193 2 1194 201 1195 219 1196 2 1197 105 1198 201 1199 47 1200 202 1201 91 1202 91 1203 202 1204 15 1205 37 1206 328 1207 203 1208 249 1209 267 1210 282 1211 208 1212 204 1213 81 1214 81 1215 204 1216 192 1217 255 1218 290 1219 205 1220 290 1221 274 1222 205 1223 206 1224 343 1225 243 1226 206 1227 76 1228 335 1229 161 1230 306 1231 281 1232 281 1233 264 1234 161 1235 208 1236 277 1237 30 1238 17 1239 208 1240 30 1241 188 1242 319 1243 209 1244 110 1245 7 1246 209 1247 1 1248 317 1249 210 1250 50 1251 98 1252 210 1253 211 1254 298 1255 99 1256 39 1257 211 1258 99 1259 245 1260 167 1261 212 1262 302 1263 56 1264 212 1265 301 1266 41 1267 213 1268 246 1269 166 1270 213 1271 180 1272 322 1273 214 1274 41 1275 9 1276 214 1277 179 1278 323 1279 215 1280 56 1281 5 1282 215 1283 40 1284 320 1285 216 1286 90 1287 12 1288 216 1289 6 1290 321 1291 217 1292 63 1293 28 1294 217 1295 8 1296 218 1297 96 1298 310 1299 289 1300 187 1301 219 1302 299 1303 74 1304 2 1305 219 1306 74 1307 220 1308 265 1309 171 1310 220 1311 171 1312 275 1313 75 1314 164 1315 221 1316 75 1317 279 1318 181 1319 222 1320 13 1321 44 1322 222 1323 44 1324 245 1325 314 1326 287 1327 223 1328 287 1329 1 1330 223 1331 224 1332 276 1333 37 1334 23 1335 224 1336 37 1337 313 1338 288 1339 225 1340 288 1341 22 1342 225 1343 241 1344 174 1345 333 1346 87 1347 226 1348 13 1349 19 1350 318 1351 227 1352 116 1353 55 1354 227 1355 22 1356 316 1357 228 1358 117 1359 78 1360 228 1361 271 1362 50 1363 229 1364 229 1365 317 1366 294 1367 230 1368 319 1369 293 1370 270 1371 110 1372 230 1373 289 1374 231 1375 292 1376 231 1377 316 1378 292 1379 232 1380 318 1381 295 1382 279 1383 232 1384 295 1385 148 1386 233 1387 324 1388 30 1389 339 1390 315 1391 286 1392 99 1393 338 1394 169 1395 234 1396 325 1397 304 1398 235 1399 90 1400 284 1401 90 1402 235 1403 63 1404 236 1405 312 1406 303 1407 236 1408 63 1409 56 1410 237 1411 311 1412 302 1413 237 1414 56 1415 285 1416 41 1417 238 1418 301 1419 238 1420 41 1421 126 1422 107 1423 239 1424 206 1425 335 1426 107 1427 83 1428 240 1429 142 1430 186 1431 291 1432 83 1433 13 1434 241 1435 87 1436 241 1437 333 1438 87 1439 303 1440 63 1441 174 1442 241 1443 242 1444 174 1445 304 1446 90 1447 76 1448 206 1449 243 1450 76 1451 144 1452 290 1453 244 1454 244 1455 124 1456 85 1457 44 1458 142 1459 245 1460 142 1461 341 1462 245 1463 246 1464 15 1465 85 1466 85 1467 340 1468 246 1469 48 1470 297 1471 196 1472 239 1473 297 1474 48 1475 185 1476 296 1477 45 1478 226 1479 296 1480 185 1481 249 1482 198 1483 326 1484 249 1485 248 1486 198 1487 250 1488 169 1489 325 1490 250 1491 247 1492 169 1493 181 1494 305 1495 42 1496 279 1497 305 1498 181 1499 182 1500 306 1501 61 1502 251 1503 306 1504 182 1505 146 1506 342 1507 241 1508 89 1509 253 1510 146 1511 254 1512 167 1513 341 1514 254 1515 237 1516 302 1517 255 1518 238 1519 301 1520 166 1521 124 1522 255 1523 256 1524 180 1525 55 1526 256 1527 55 1528 116 1529 257 1530 7 1531 110 1532 257 1533 40 1534 7 1535 258 1536 78 1537 117 1538 258 1539 179 1540 78 1541 259 1542 98 1543 50 1544 259 1545 6 1546 98 1547 260 1548 104 1549 275 1550 197 1551 104 1552 260 1553 49 1554 13 1555 261 1556 261 1557 226 1558 49 1559 262 1560 252 1561 161 1562 161 1563 236 1564 262 1565 263 1566 275 1567 171 1568 263 1569 171 1570 331 1571 264 1572 30 1573 161 1574 339 1575 30 1576 324 1577 265 1578 74 1579 171 1580 336 1581 74 1582 327 1583 266 1584 99 1585 205 1586 338 1587 99 1588 325 1589 267 1590 37 1591 203 1592 337 1593 37 1594 326 1595 323 1596 268 1597 212 1598 332 1599 212 1600 268 1601 322 1602 269 1603 213 1604 334 1605 213 1606 269 1607 270 1608 76 1609 320 1610 335 1611 76 1612 270 1613 333 1614 174 1615 271 1616 271 1617 174 1618 321 1619 272 1620 114 1621 310 1622 143 1623 114 1624 272 1625 273 1626 291 1627 186 1628 97 1629 273 1630 186 1631 274 1632 290 1633 144 1634 29 1635 274 1636 144 1637 275 1638 46 1639 307 1640 104 1641 46 1642 275 1643 276 1644 224 1645 178 1646 311 1647 276 1648 178 1649 277 1650 208 1651 81 1652 312 1653 277 1654 81 1655 278 1656 19 1657 94 1658 94 1659 17 1660 278 1661 221 1662 279 1663 75 1664 221 1665 232 1666 279 1667 220 1668 272 1669 280 1670 220 1671 280 1672 327 1673 281 1674 251 1675 207 1676 281 1677 207 1678 324 1679 203 1680 273 1681 282 1682 282 1683 267 1684 203 1685 205 1686 274 1687 283 1688 283 1689 266 1690 205 1691 284 1692 12 1693 90 1694 12 1695 284 1696 34 1697 298 1698 9 1699 285 1700 285 1701 9 1702 41 1703 39 1704 286 1705 3 1706 286 1707 39 1708 99 1709 287 1710 95 1711 317 1712 314 1713 337 1714 287 1715 288 1716 60 1717 316 1718 313 1719 336 1720 288 1721 96 1722 218 1723 289 1724 218 1725 231 1726 289 1727 290 1728 124 1729 244 1730 124 1731 290 1732 255 1733 240 1734 291 1735 254 1736 291 1737 240 1738 83 1739 187 1740 289 1741 292 1742 292 1743 60 1744 187 1745 293 1746 234 1747 169 1748 169 1749 297 1750 293 1751 294 1752 198 1753 248 1754 294 1755 95 1756 198 1757 295 1758 233 1759 148 1760 148 1761 279 1762 295 1763 296 1764 294 1765 248 1766 296 1767 248 1768 45 1769 297 1770 247 1771 196 1772 247 1773 297 1774 169 1775 177 1776 9 1777 298 1778 298 1779 211 1780 177 1781 284 1782 299 1783 34 1784 299 1785 219 1786 34 1787 300 1788 188 1789 3 1790 286 1791 300 1792 3 1793 166 1794 301 1795 213 1796 166 1797 255 1798 301 1799 167 1800 302 1801 212 1802 167 1803 254 1804 302 1805 242 1806 303 1807 174 1808 242 1809 262 1810 303 1811 243 1812 304 1813 76 1814 243 1815 263 1816 304 1817 251 1818 305 1819 207 1820 305 1821 251 1822 42 1823 306 1824 252 1825 61 1826 252 1827 306 1828 161 1829 307 1830 143 1831 272 1832 46 1833 143 1834 307 1835 308 1836 274 1837 29 1838 79 1839 308 1840 29 1841 112 1842 309 1843 97 1844 309 1845 273 1846 97 1847 310 1848 96 1849 289 1850 114 1851 96 1852 310 1853 311 1854 5 1855 56 1856 5 1857 311 1858 178 1859 28 1860 312 1861 81 1862 312 1863 28 1864 63 1865 74 1866 313 1867 2 1868 2 1869 313 1870 225 1871 314 1872 23 1873 37 1874 23 1875 314 1876 223 1877 315 1878 17 1879 30 1880 278 1881 17 1882 315 1883 117 1884 316 1885 231 1886 316 1887 117 1888 228 1889 317 1890 50 1891 210 1892 50 1893 317 1894 229 1895 318 1896 116 1897 227 1898 116 1899 318 1900 232 1901 319 1902 110 1903 209 1904 110 1905 319 1906 230 1907 320 1908 90 1909 216 1910 76 1911 90 1912 320 1913 321 1914 63 1915 217 1916 174 1917 63 1918 321 1919 41 1920 322 1921 213 1922 322 1923 41 1924 214 1925 56 1926 323 1927 212 1928 323 1929 56 1930 215 1931 264 1932 281 1933 324 1934 324 1935 30 1936 264 1937 325 1938 99 1939 266 1940 325 1941 266 1942 250 1943 326 1944 267 1945 249 1946 326 1947 37 1948 267 1949 327 1950 74 1951 265 1952 265 1953 220 1954 327 1955 237 1956 328 1957 276 1958 328 1959 237 1960 203 1961 329 1962 236 1963 161 1964 236 1965 329 1966 277 1967 330 1968 285 1969 238 1970 330 1971 238 1972 205 1973 331 1974 284 1975 235 1976 235 1977 263 1978 331 1979 218 1980 332 1981 268 1982 218 1983 43 1984 332 1985 226 1986 333 1987 271 1988 333 1989 226 1990 87 1991 221 1992 47 1993 334 1994 221 1995 334 1996 269 1997 335 1998 239 1999 107 2000 239 2001 335 2002 270 2003 60 2004 336 2005 327 2006 336 2007 60 2008 288 2009 95 2010 337 2011 326 2012 337 2013 95 2014 287 2015 234 2016 338 2017 325 2018 234 2019 286 2020 338 2021 339 2022 233 2023 278 2024 233 2025 339 2026 324 2027 340 2028 124 2029 166 2030 124 2031 340 2032 85 2033 240 2034 254 2035 341 2036 240 2037 341 2038 142 2039 253 2040 342 2041 146 2042 342 2043 253 2044 242 2045 343 2046 197 2047 260 2048 343 2049 260 2050 243 2051</p>
        </triangles>
      </mesh>
    </geometry>
    <geometry id="FBXASC227FBXASC130FBXASC189FBXASC227FBXASC131FBXASC170FBXASC227FBXASC131FBXASC131FBXASC227FBXASC131FBXASC1379-lib" name="FBXASC227FBXASC130FBXASC189FBXASC227FBXASC131FBXASC170FBXASC227FBXASC131FBXASC131FBXASC227FBXASC131FBXASC1379Mesh">
      <mesh>
        <source id="FBXASC227FBXASC130FBXASC189FBXASC227FBXASC131FBXASC170FBXASC227FBXASC131FBXASC131FBXASC227FBXASC131FBXASC1379-POSITION">
          <float_array id="FBXASC227FBXASC130FBXASC189FBXASC227FBXASC131FBXASC170FBXASC227FBXASC131FBXASC131FBXASC227FBXASC131FBXASC1379-POSITION-array" count="492">0.00027676 -0.001379921 -6.9828e-05 6.493e-06 -0.001399606 0.000285359 -0.000166113 -0.001379921 -0.000232117 -0.000243882 -0.001379921 0.000148302 7.7907e-05 -0.001379921 -0.000274595 0.00022292 -0.001257874 0.000144668 0.000230104 -0.001257874 -0.000132945 -0.000197544 -0.001257874 -0.000177759 -6.8701e-05 -0.001257874 0.000256714 0.000268005 -0.001379921 9.821e-05 -0.000250375 -0.001399606 -0.000137057 -0.000230104 -0.001257874 0.000132945 0.000108015 -0.001257874 -0.000242806 0.000189334 -0.001399606 -0.000213599 0.000129662 -0.001399606 0.000254283 -0.000155384 -0.001399606 0.000239432 9.5312e-05 -0.001257874 0.000248068 -0.000264301 -0.001257874 -2.7697e-05 -5.5332e-05 -0.001257874 -0.000259924 0.00026538 -0.001257874 -1.399e-05 -0.000284076 -0.001399606 2.7799e-05 -4.8951e-05 -0.001399606 -0.000281204 -0.000279649 -0.001399606 -5.7169e-05 -0.000144668 -0.001257874 0.00022292 -7.7907e-05 -0.001379921 0.000274595 7.7907e-05 -0.001399606 -0.000274595 0.000227151 -0.001399606 0.000172842 0.00027676 -0.001399606 -6.9828e-05 0.000248068 -0.001257874 -9.5312e-05 0.000166113 -0.001379921 0.000232117 -0.000259924 -0.001257874 5.5332e-05 0.000117963 -0.001399606 -0.000259917 -0.000259924 -0.001360236 5.5332e-05 -0.000189334 -0.001379921 0.000213599 -0.000242806 -0.001257874 -0.000108015 -0.000242806 -0.001360236 -0.000108015 1.399e-05 -0.001257874 0.00026538 0.000285046 -0.001399606 1.4851e-05 -0.000132945 -0.001257874 -0.000230104 2.7697e-05 -0.001360236 -0.000264301 -0.000227151 -0.001379921 -0.000172842 0.00022292 -0.001360236 0.000144668 0.000206473 -0.001360236 -0.000167304 4.8951e-05 -0.001379921 0.000281204 -0.000132945 -0.001360236 -0.000230104 0.000167304 -0.001257874 0.000206473 -0.000263261 -0.001399606 0.000110297 2.7697e-05 -0.001257874 -0.000264301 9.5312e-05 -0.001360236 0.000248068 0.00026538 -0.001360236 -1.399e-05 -6.8701e-05 -0.001360236 0.000256714 -0.000177759 -0.001360236 0.000197544 0.000268005 -0.001399606 9.821e-05 -0.000219055 -0.001399606 0.000182995 -0.000129662 -0.001399606 -0.000254283 -0.000198853 -0.001399606 -0.000204767 -0.00027676 -0.001379921 6.9828e-05 0.000144668 -0.001360236 -0.00022292 -0.000285046 -0.001379921 -1.4851e-05 0.000177759 -0.001257874 -0.000197544 0.000256714 -0.001257874 6.8701e-05 0.000243882 -0.001399606 -0.000148302 -0.000117963 -0.001399606 0.000259917 0.000155384 -0.001399606 -0.000239432 -0.000206473 -0.001257874 0.000167304 -0.000248068 -0.001257874 9.5312e-05 -6.493e-06 -0.001379921 -0.000285359 -0.000177759 -0.001257874 0.000197544 -3.6111e-05 -0.001399606 0.00028314 -0.00026538 -0.001257874 1.399e-05 0.000198853 -0.001399606 0.000204767 -0.000108015 -0.001257874 0.000242806 0.000189334 -0.001379921 -0.000213599 -0.000256714 -0.001257874 -6.8701e-05 1.399e-05 -0.001360236 0.00026538 9.0315e-05 -0.001399606 0.000270768 -5.5332e-05 -0.001360236 -0.000259924 0.000167304 -0.001360236 0.000206473 -0.000197544 -0.001360236 -0.000177759 -2.7697e-05 -0.001257874 0.000264301 -9.0315e-05 -0.001379921 -0.000270768 0.000256714 -0.001360236 6.8701e-05 0.000285046 -0.001379921 1.4851e-05 -0.000264301 -0.001360236 -2.7697e-05 0.000248068 -0.001360236 -9.5312e-05 -0.00022292 -0.001257874 -0.000144668 -0.000230104 -0.001360236 0.000132945 3.6111e-05 -0.001399606 -0.00028314 5.5332e-05 -0.001257874 0.000259924 -7.7907e-05 -0.001399606 0.000274595 -0.000167304 -0.001257874 -0.000206473 4.8951e-05 -0.001399606 0.000281204 0.000166113 -0.001399606 0.000232117 0.000243882 -0.001379921 -0.000148302 -0.000243882 -0.001399606 0.000148302 -0.000285046 -0.001399606 -1.4851e-05 -0.00027676 -0.001399606 6.9828e-05 -0.000189334 -0.001399606 0.000213599 -0.000268005 -0.001399606 -9.821e-05 -0.000268005 -0.001379921 -9.821e-05 0.000117963 -0.001379921 -0.000259917 0.000132945 -0.001257874 0.000230104 0.000250375 -0.001399606 0.000137057 -9.5312e-05 -0.001257874 -0.000248068 0.000227151 -0.001379921 0.000172842 0.000197544 -0.001257874 0.000177759 -0.000227151 -0.001399606 -0.000172842 -1.399e-05 -0.001257874 -0.00026538 0.000279649 -0.001399606 5.7169e-05 -0.000166113 -0.001399606 -0.000232117 0.000284076 -0.001399606 -2.7799e-05 0.000259924 -0.001257874 -5.5332e-05 6.8701e-05 -0.001257874 -0.000256714 -9.0315e-05 -0.001399606 -0.000270768 -0.000144668 -0.001360236 0.00022292 -0.000117963 -0.001379921 0.000259917 6.493e-06 -0.001379921 0.000285359 0.000129662 -0.001379921 0.000254283 0.000144668 -0.001257874 -0.00022292 0.000263261 -0.001399606 -0.000110297 0.000230104 -0.001360236 -0.000132945 -0.000219055 -0.001379921 0.000182995 0.000264301 -0.001257874 2.7697e-05 0.000108015 -0.001360236 -0.000242806 0.000279649 -0.001379921 5.7169e-05 -0.000279649 -0.001379921 -5.7169e-05 0.000219055 -0.001379921 -0.000182995 0.000206473 -0.001257874 -0.000167304 0.000242806 -0.001257874 0.000108015 -6.493e-06 -0.001399606 -0.000285359 0.000219055 -0.001399606 -0.000182995 -0.000206473 -0.001360236 0.000167304 -0.000248068 -0.001360236 9.5312e-05 0.000259924 -0.001360236 -5.5332e-05 -0.00026538 -0.001360236 1.399e-05 0.000264301 -0.001360236 2.7697e-05 -0.000256714 -0.001360236 -6.8701e-05 0.000242806 -0.001360236 0.000108015 -0.00022292 -0.001360236 -0.000144668 0.000197544 -0.001360236 0.000177759 -0.000167304 -0.001360236 -0.000206473 0.000132945 -0.001360236 0.000230104 0.000250375 -0.001379921 0.000137057 -0.000250375 -0.001379921 -0.000137057 -9.5312e-05 -0.001360236 -0.000248068 0.000198853 -0.001379921 0.000204767 -0.000198853 -0.001379921 -0.000204767 -1.399e-05 -0.001360236 -0.00026538 -2.7697e-05 -0.001360236 0.000264301 6.8701e-05 -0.001360236 -0.000256714 0.000177759 -0.001360236 -0.000197544 -0.000108015 -0.001360236 0.000242806 -0.000129662 -0.001379921 -0.000254283 5.5332e-05 -0.001360236 0.000259924 -0.000284076 -0.001379921 2.7799e-05 0.000284076 -0.001379921 -2.7799e-05 -4.8951e-05 -0.001379921 -0.000281204 0.000263261 -0.001379921 -0.000110297 -0.000263261 -0.001379921 0.000110297 3.6111e-05 -0.001379921 -0.00028314 -3.6111e-05 -0.001379921 0.00028314 9.0315e-05 -0.001379921 0.000270768 -0.000155384 -0.001379921 0.000239432 0.000155384 -0.001379921 -0.000239432</float_array>
          <technique_common>
            <accessor source="#FBXASC227FBXASC130FBXASC189FBXASC227FBXASC131FBXASC170FBXASC227FBXASC131FBXASC131FBXASC227FBXASC131FBXASC1379-POSITION-array" count="164" stride="3">
              <param name="X" type="float"/>
              <param name="Y" type="float"/>
              <param name="Z" type="float"/>
            </accessor>
          </technique_common>
        </source>
        <source id="FBXASC227FBXASC130FBXASC189FBXASC227FBXASC131FBXASC170FBXASC227FBXASC131FBXASC131FBXASC227FBXASC131FBXASC1379-Normal0">
          <float_array id="FBXASC227FBXASC130FBXASC189FBXASC227FBXASC131FBXASC170FBXASC227FBXASC131FBXASC131FBXASC227FBXASC131FBXASC1379-Normal0-array" count="2916">
0.000000 2.540000 0.000000
0.000000 2.540000 0.000000
0.000000 2.540000 0.000000
-0.000000 -2.540000 -0.000000
-0.000000 -2.540000 -0.000000
-0.000000 -2.540000 -0.000000
0.000000 2.540000 0.000000
0.000000 2.540000 0.000000
0.000000 2.540000 0.000000
-0.000000 -2.540000 -0.000000
-0.000000 -2.540000 -0.000000
-0.000000 -2.540000 -0.000000
0.000000 2.540000 0.000000
0.000000 2.540000 0.000000
0.000000 2.540000 0.000000
-0.000000 -2.540000 -0.000000
-0.000000 -2.540000 -0.000000
-0.000000 -2.540000 -0.000000
0.000000 2.540000 0.000000
0.000000 2.540000 0.000000
0.000000 2.540000 0.000000
-0.000000 -2.540000 -0.000000
-0.000000 -2.540000 -0.000000
-0.000000 -2.540000 -0.000000
1.973458 -0.000000 -1.599082
1.973458 -0.000000 -1.599082
1.699010 -0.000000 -1.888112
2.484332 -0.000000 -0.528862
2.371013 -0.000000 -0.910986
2.484332 -0.000000 -0.528862
-0.910986 0.000000 -2.371013
-0.910986 0.000000 -2.371013
-1.270678 0.000000 -2.199313
-2.536478 0.000000 0.133716
-2.526167 0.000000 -0.264723
-2.536478 0.000000 0.133716
-1.032395 0.000000 2.320724
-1.382726 0.000000 2.130650
-1.032395 0.000000 2.320724
0.133716 -0.000000 2.536478
0.133716 -0.000000 2.536478
0.528862 -0.000000 2.484332
1.888112 -0.000000 1.699010
1.888112 -0.000000 1.699010
1.599082 -0.000000 1.973458
2.526167 -0.000000 0.264723
2.453654 -0.000000 0.656644
2.526167 -0.000000 0.264723
-0.000000 -2.540000 -0.000000
-0.000000 -2.540000 -0.000000
-0.000000 -2.540000 -0.000000
-2.130650 0.000000 -1.382726
-2.130650 0.000000 -1.382726
-1.888112 0.000000 -1.699010
-2.536478 0.000000 0.133716
-2.536478 0.000000 0.133716
-2.484332 0.000000 0.528862
-1.973458 0.000000 1.599082
-1.973458 0.000000 1.599082
-1.699010 0.000000 1.888112
1.699010 -0.000000 -1.888112
1.699010 -0.000000 -1.888112
1.382726 -0.000000 -2.130650
-0.910986 0.000000 -2.371013
-0.528862 0.000000 -2.484332
-0.910986 0.000000 -2.371013
-0.000000 -2.540000 -0.000000
-0.000000 -2.540000 -0.000000
-0.000000 -2.540000 -0.000000
2.199313 -0.000000 -1.270678
2.199313 -0.000000 -1.270678
2.371013 -0.000000 -0.910986
0.528862 -0.000000 2.484332
0.133716 -0.000000 2.536478
0.528862 -0.000000 2.484332
-0.000000 -2.540000 -0.000000
-0.000000 -2.540000 -0.000000
-0.000000 -2.540000 -0.000000
-0.000000 -2.540000 -0.000000
-0.000000 -2.540000 -0.000000
-0.000000 -2.540000 -0.000000
-1.973458 0.000000 1.599082
-1.973458 0.000000 1.599082
-2.199313 0.000000 1.270678
1.599082 -0.000000 1.973458
1.888112 -0.000000 1.699010
1.599082 -0.000000 1.973458
0.000000 2.540000 0.000000
0.000000 2.540000 0.000000
0.000000 2.540000 0.000000
0.000000 2.540000 0.000000
0.000000 2.540000 0.000000
0.000000 2.540000 0.000000
-2.130650 0.000000 -1.382726
-2.320724 0.000000 -1.032395
-2.130650 0.000000 -1.382726
0.000000 2.540000 0.000000
0.000000 2.540000 0.000000
0.000000 2.540000 0.000000
0.656644 -0.000000 -2.453654
0.264723 0.000000 -2.526167
0.656644 -0.000000 -2.453654
0.000000 2.540000 0.000000
0.000000 2.540000 0.000000
0.000000 2.540000 0.000000
2.320724 -0.000000 1.032395
2.320724 -0.000000 1.032395
2.453654 -0.000000 0.656644
-1.395445 1.796051 1.130722
-1.555149 1.796051 0.898505
-1.534597 1.796051 0.933174
-0.000000 -2.540000 -0.000000
-0.000000 -2.540000 -0.000000
-0.000000 -2.540000 -0.000000
-0.000000 -2.540000 -0.000000
-0.000000 -2.540000 -0.000000
-0.000000 -2.540000 -0.000000
-0.308016 1.796051 -1.769442
-0.568297 1.796051 -1.703772
-0.373962 1.796051 -1.756688
-1.335097 1.796051 -1.201381
-1.429318 1.796051 -1.087589
-1.506597 1.796051 -0.977735
-0.000000 -2.540000 -0.000000
-0.000000 -2.540000 -0.000000
-0.000000 -2.540000 -0.000000
-1.382726 0.000000 2.130650
-1.382726 0.000000 2.130650
-1.032395 0.000000 2.320724
0.000000 2.540000 0.000000
0.000000 2.540000 0.000000
0.000000 2.540000 0.000000
-0.000000 -2.540000 -0.000000
-0.000000 -2.540000 -0.000000
-0.000000 -2.540000 -0.000000
0.373962 1.796051 1.756688
0.094551 1.796051 1.793561
0.308016 1.796051 1.769442
0.321339 0.000000 -2.519592
0.321339 0.000000 -2.519592
-0.057776 0.000000 -2.539343
1.382726 -0.000000 -2.130650
1.684839 -0.000000 -1.900768
1.382726 -0.000000 -2.130650
1.429318 1.796051 1.087589
1.335097 1.796051 1.201381
1.251257 1.796051 1.288471
-0.000000 -2.540000 -0.000000
-0.000000 -2.540000 -0.000000
-0.000000 -2.540000 -0.000000
1.949316 -0.000000 -1.628425
2.170248 -0.000000 -1.319707
2.170248 -0.000000 -1.319707
2.536560 -0.000000 0.132151
2.527925 -0.000000 -0.247380
2.527925 -0.000000 -0.247380
2.371013 -0.000000 -0.910986
2.199313 -0.000000 -1.270678
2.371013 -0.000000 -0.910986
0.000000 2.540000 0.000000
0.000000 2.540000 0.000000
0.000000 2.540000 0.000000
-0.000000 -2.540000 -0.000000
-0.000000 -2.540000 -0.000000
-0.000000 -2.540000 -0.000000
0.803693 -0.000000 2.409497
0.803693 -0.000000 2.409497
1.153834 -0.000000 2.262801
0.000000 2.540000 0.000000
0.000000 2.540000 0.000000
0.000000 2.540000 0.000000
-2.371013 0.000000 0.910986
-2.199313 0.000000 1.270678
-2.371013 0.000000 0.910986
-0.000000 -2.540000 -0.000000
-0.000000 -2.540000 -0.000000
-0.000000 -2.540000 -0.000000
1.049725 -0.000000 -2.312937
0.693275 -0.000000 -2.443557
0.693275 -0.000000 -2.443557
-1.793619 1.796051 -0.093445
-1.787513 1.796051 0.174924
-1.793561 1.796051 0.094551
-1.741477 1.796051 0.439385
-1.656539 1.796051 0.694031
-1.676560 1.796051 0.644164
-1.049725 0.000000 2.312937
-1.382726 0.000000 2.130650
-1.382726 0.000000 2.130650
-0.000000 -2.540000 -0.000000
-0.000000 -2.540000 -0.000000
-0.000000 -2.540000 -0.000000
0.000000 2.540000 0.000000
0.000000 2.540000 0.000000
0.000000 2.540000 0.000000
-2.453654 0.000000 -0.656644
-2.453654 0.000000 -0.656644
-2.526167 0.000000 -0.264723
-1.686390 1.796051 -0.617972
-1.759658 1.796051 -0.359726
-1.734996 1.796051 -0.464317
-1.786270 1.796051 -0.187188
-1.793619 1.796051 -0.093445
-1.793561 1.796051 0.094551
0.000000 2.540000 0.000000
0.000000 2.540000 0.000000
0.000000 2.540000 0.000000
-0.656644 0.000000 2.453654
-0.264723 -0.000000 2.526167
-0.656644 0.000000 2.453654
2.536560 -0.000000 0.132151
2.527925 -0.000000 -0.247380
2.536560 -0.000000 0.132151
-0.000000 -2.540000 -0.000000
-0.000000 -2.540000 -0.000000
-0.000000 -2.540000 -0.000000
-1.599082 0.000000 -1.973458
-1.888112 0.000000 -1.699010
-1.599082 0.000000 -1.973458
0.000000 2.540000 0.000000
0.000000 2.540000 0.000000
0.000000 2.540000 0.000000
0.656644 -0.000000 -2.453654
1.032395 -0.000000 -2.320724
0.656644 -0.000000 -2.453654
0.227221 1.796051 -1.781620
-0.040854 1.796051 -1.795587
0.187188 1.796051 -1.786270
-2.488533 0.000000 -0.508730
-2.384915 0.000000 -0.873944
-2.384915 0.000000 -0.873944
-0.000000 -2.540000 -0.000000
-0.000000 -2.540000 -0.000000
-0.000000 -2.540000 -0.000000
1.786270 1.796051 0.187188
1.734996 1.796051 0.464317
1.759658 1.796051 0.359726
1.575450 1.796051 0.862413
1.506597 1.796051 0.977735
1.429318 1.796051 1.087589
1.378374 1.796051 -1.151471
1.395445 1.796051 -1.130722
1.534597 1.796051 -0.933174
0.977735 1.796051 -1.506597
1.201381 1.796051 -1.335097
1.191361 1.796051 -1.344046
-0.321339 -0.000000 2.519592
-0.321339 -0.000000 2.519592
0.057776 -0.000000 2.539343
-0.000000 -2.540000 -0.000000
-0.000000 -2.540000 -0.000000
-0.000000 -2.540000 -0.000000
-1.251257 1.796051 -1.288471
-1.429318 1.796051 -1.087589
-1.335097 1.796051 -1.201381
-0.373962 1.796051 -1.756688
-0.568297 1.796051 -1.703772
-0.644164 1.796051 -1.676560
0.910986 -0.000000 2.371013
0.910986 -0.000000 2.371013
1.270678 -0.000000 2.199313
0.000000 2.540000 0.000000
0.000000 2.540000 0.000000
0.000000 2.540000 0.000000
-0.000000 -2.540000 -0.000000
-0.000000 -2.540000 -0.000000
-0.000000 -2.540000 -0.000000
-2.462820 0.000000 0.621384
-2.342700 0.000000 0.981508
-2.342700 0.000000 0.981508
-0.133716 0.000000 -2.536478
-0.528862 0.000000 -2.484332
-0.133716 0.000000 -2.536478
0.000000 2.540000 0.000000
0.000000 2.540000 0.000000
0.000000 2.540000 0.000000
0.815884 1.796051 1.600042
0.644164 1.796051 1.676560
0.568297 1.796051 1.703772
1.335097 1.796051 1.201381
1.130722 1.796051 1.395445
1.251257 1.796051 1.288471
1.555149 1.796051 -0.898505
1.676560 1.796051 -0.644164
1.656539 1.796051 -0.694031
1.787513 1.796051 -0.174924
1.793561 1.796051 -0.094551
1.793619 1.796051 0.093445
0.040854 1.796051 1.795587
-0.187188 1.796051 1.786270
-0.227221 1.796051 1.781620
-0.977735 1.796051 1.506597
-0.742268 1.796051 1.635493
-0.730014 1.796051 1.641000
-0.977735 1.796051 1.506597
-0.742268 1.796051 1.635493
-0.977735 1.796051 1.506597
-1.191361 1.796051 1.344046
-1.201381 1.796051 1.335097
-1.378374 1.796051 1.151471
2.488533 -0.000000 0.508730
2.488533 -0.000000 0.508730
2.384915 -0.000000 0.873944
2.228023 -0.000000 1.219636
2.021361 -0.000000 1.538083
2.228023 -0.000000 1.219636
-0.000000 -2.540000 -0.000000
-0.000000 -2.540000 -0.000000
-0.000000 -2.540000 -0.000000
-1.949316 0.000000 1.628425
-1.949316 0.000000 1.628425
-1.684839 0.000000 1.900768
-0.803693 0.000000 -2.409497
-1.153834 0.000000 -2.262801
-1.153834 0.000000 -2.262801
-1.769544 0.000000 -1.822172
-1.478199 0.000000 -2.065557
-1.478199 0.000000 -2.065557
-2.021361 0.000000 -1.538083
-2.228023 0.000000 -1.219636
-2.021361 0.000000 -1.538083
-1.769544 0.000000 -1.822172
-1.769544 0.000000 -1.822172
-2.021361 0.000000 -1.538083
-0.000000 -2.540000 -0.000000
-0.000000 -2.540000 -0.000000
-0.000000 -2.540000 -0.000000
-2.527925 0.000000 0.247380
-2.536560 0.000000 -0.132151
-2.527925 0.000000 0.247380
0.730014 1.796051 -1.641000
0.490220 1.796051 -1.727855
0.464317 1.796051 -1.734996
0.977735 1.796051 -1.506597
0.977735 1.796051 -1.506597
1.191361 1.796051 -1.344046
-0.000000 -2.540000 -0.000000
-0.000000 -2.540000 -0.000000
-0.000000 -2.540000 -0.000000
-2.488533 0.000000 -0.508730
-2.488533 0.000000 -0.508730
-2.384915 0.000000 -0.873944
0.000000 2.540000 0.000000
0.000000 2.540000 0.000000
0.000000 2.540000 0.000000
1.032395 -0.000000 -2.320724
1.382726 -0.000000 -2.130650
1.032395 -0.000000 -2.320724
0.000000 2.540000 0.000000
0.000000 2.540000 0.000000
0.000000 2.540000 0.000000
2.526167 -0.000000 0.264723
2.526167 -0.000000 0.264723
2.536478 -0.000000 -0.133716
2.342700 -0.000000 -0.981508
2.462820 -0.000000 -0.621384
2.462820 -0.000000 -0.621384
-0.000000 -2.540000 -0.000000
-0.000000 -2.540000 -0.000000
-0.000000 -2.540000 -0.000000
-0.000000 -2.540000 -0.000000
-0.000000 -2.540000 -0.000000
-0.000000 -2.540000 -0.000000
-1.049725 0.000000 2.312937
-1.049725 0.000000 2.312937
-1.382726 0.000000 2.130650
1.382726 -0.000000 -2.130650
1.049725 -0.000000 -2.312937
1.049725 -0.000000 -2.312937
-0.000000 -2.540000 -0.000000
-0.000000 -2.540000 -0.000000
-0.000000 -2.540000 -0.000000
-2.199313 0.000000 1.270678
-1.973458 0.000000 1.599082
-2.199313 0.000000 1.270678
0.000000 2.540000 0.000000
0.000000 2.540000 0.000000
0.000000 2.540000 0.000000
0.000000 2.540000 0.000000
0.000000 2.540000 0.000000
0.000000 2.540000 0.000000
-2.484332 0.000000 0.528862
-2.371013 0.000000 0.910986
-2.484332 0.000000 0.528862
-0.057776 0.000000 -2.539343
-0.435600 0.000000 -2.502369
-0.057776 0.000000 -2.539343
-0.803693 0.000000 -2.409497
-0.435600 0.000000 -2.502369
-0.435600 0.000000 -2.502369
-1.699010 0.000000 1.888112
-1.699010 0.000000 1.888112
-1.382726 0.000000 2.130650
0.000000 2.540000 0.000000
0.000000 2.540000 0.000000
0.000000 2.540000 0.000000
-0.321339 -0.000000 2.519592
0.057776 -0.000000 2.539343
0.057776 -0.000000 2.539343
-0.000000 -2.540000 -0.000000
-0.000000 -2.540000 -0.000000
-0.000000 -2.540000 -0.000000
-2.526167 0.000000 -0.264723
-2.526167 0.000000 -0.264723
-2.536478 0.000000 0.133716
0.000000 2.540000 0.000000
0.000000 2.540000 0.000000
0.000000 2.540000 0.000000
1.769544 -0.000000 1.822172
1.769544 -0.000000 1.822172
2.021361 -0.000000 1.538083
-0.000000 -2.540000 -0.000000
-0.000000 -2.540000 -0.000000
-0.000000 -2.540000 -0.000000
-1.032395 0.000000 2.320724
-0.656644 0.000000 2.453654
-1.032395 0.000000 2.320724
0.000000 2.540000 0.000000
0.000000 2.540000 0.000000
0.000000 2.540000 0.000000
1.949316 -0.000000 -1.628425
1.949316 -0.000000 -1.628425
2.170248 -0.000000 -1.319707
1.382726 -0.000000 -2.130650
1.684839 -0.000000 -1.900768
1.684839 -0.000000 -1.900768
-2.320724 0.000000 -1.032395
-2.453654 0.000000 -0.656644
-2.320724 0.000000 -1.032395
0.000000 2.540000 0.000000
0.000000 2.540000 0.000000
0.000000 2.540000 0.000000
-0.464317 1.796051 1.734996
-0.227221 1.796051 1.781620
-0.187188 1.796051 1.786270
-0.264723 -0.000000 2.526167
-0.264723 -0.000000 2.526167
-0.656644 0.000000 2.453654
-0.000000 -2.540000 -0.000000
-0.000000 -2.540000 -0.000000
-0.000000 -2.540000 -0.000000
0.803693 -0.000000 2.409497
1.153834 -0.000000 2.262801
1.153834 -0.000000 2.262801
0.187188 1.796051 -1.786270
-0.040854 1.796051 -1.795587
-0.094551 1.796051 -1.793561
-0.133716 0.000000 -2.536478
-0.133716 0.000000 -2.536478
0.264723 0.000000 -2.526167
1.270678 -0.000000 2.199313
0.910986 -0.000000 2.371013
1.270678 -0.000000 2.199313
0.898505 1.796051 1.555149
0.644164 1.796051 1.676560
0.815884 1.796051 1.600042
-1.599082 0.000000 -1.973458
-1.270678 0.000000 -2.199313
-1.599082 0.000000 -1.973458
-0.898505 1.796051 -1.555149
-1.045245 1.796051 -1.460570
-1.130722 1.796051 -1.395445
-0.264723 -0.000000 2.526167
0.133716 -0.000000 2.536478
-0.264723 -0.000000 2.526167
0.000000 2.540000 0.000000
0.000000 2.540000 0.000000
0.000000 2.540000 0.000000
-1.153834 0.000000 -2.262801
-1.153834 0.000000 -2.262801
-1.478199 0.000000 -2.065557
-0.815884 1.796051 -1.600042
-1.045245 1.796051 -1.460570
-0.898505 1.796051 -1.555149
2.320724 -0.000000 1.032395
2.320724 -0.000000 1.032395
2.130650 -0.000000 1.382726
1.641000 1.796051 0.730014
1.506597 1.796051 0.977735
1.575450 1.796051 0.862413
1.759658 1.796051 0.359726
1.734996 1.796051 0.464317
1.686390 1.796051 0.617972
2.488533 -0.000000 0.508730
2.384915 -0.000000 0.873944
2.384915 -0.000000 0.873944
-2.453654 0.000000 -0.656644
-2.453654 0.000000 -0.656644
-2.320724 0.000000 -1.032395
-1.641000 1.796051 -0.730014
-1.686390 1.796051 -0.617972
-1.734996 1.796051 -0.464317
2.484332 -0.000000 -0.528862
2.484332 -0.000000 -0.528862
2.536478 -0.000000 -0.133716
1.756688 1.796051 -0.373962
1.793561 1.796051 -0.094551
1.787513 1.796051 -0.174924
0.000000 2.540000 0.000000
0.000000 2.540000 0.000000
0.000000 2.540000 0.000000
-1.888112 0.000000 -1.699010
-2.130650 0.000000 -1.382726
-1.888112 0.000000 -1.699010
-2.371013 0.000000 0.910986
-2.371013 0.000000 0.910986
-2.484332 0.000000 0.528862
-1.756688 1.796051 0.373962
-1.741477 1.796051 0.439385
-1.676560 1.796051 0.644164
0.321339 0.000000 -2.519592
0.693275 -0.000000 -2.443557
0.693275 -0.000000 -2.443557
-0.000000 -2.540000 -0.000000
-0.000000 -2.540000 -0.000000
-0.000000 -2.540000 -0.000000
0.000000 2.540000 0.000000
0.000000 2.540000 0.000000
0.000000 2.540000 0.000000
0.528862 -0.000000 2.484332
0.528862 -0.000000 2.484332
0.910986 -0.000000 2.371013
-0.693275 0.000000 2.443557
-0.321339 -0.000000 2.519592
-0.693275 0.000000 2.443557
-1.049725 0.000000 2.312937
-0.693275 0.000000 2.443557
-0.693275 0.000000 2.443557
-1.270678 0.000000 -2.199313
-1.270678 0.000000 -2.199313
-1.599082 0.000000 -1.973458
0.000000 2.540000 0.000000
0.000000 2.540000 0.000000
0.000000 2.540000 0.000000
0.803693 -0.000000 2.409497
0.803693 -0.000000 2.409497
0.435600 -0.000000 2.502369
0.435600 -0.000000 2.502369
0.057776 -0.000000 2.539343
0.057776 -0.000000 2.539343
1.478199 -0.000000 2.065557
1.769544 -0.000000 1.822172
1.478199 -0.000000 2.065557
1.153834 -0.000000 2.262801
1.478199 -0.000000 2.065557
1.478199 -0.000000 2.065557
1.656539 1.796051 -0.694031
1.676560 1.796051 -0.644164
1.741477 1.796051 -0.439385
2.342700 -0.000000 -0.981508
2.462820 -0.000000 -0.621384
2.342700 -0.000000 -0.981508
-1.949316 0.000000 1.628425
-1.949316 0.000000 1.628425
-2.170248 0.000000 1.319707
-2.170248 0.000000 1.319707
-2.170248 0.000000 1.319707
-2.342700 0.000000 0.981508
-2.488533 0.000000 -0.508730
-2.536560 0.000000 -0.132151
-2.536560 0.000000 -0.132151
-2.527925 0.000000 0.247380
-2.536560 0.000000 -0.132151
-2.536560 0.000000 -0.132151
-2.462820 0.000000 0.621384
-2.342700 0.000000 0.981508
-2.462820 0.000000 0.621384
-2.462820 0.000000 0.621384
-2.462820 0.000000 0.621384
-2.527925 0.000000 0.247380
-1.949316 0.000000 1.628425
-1.684839 0.000000 1.900768
-1.684839 0.000000 1.900768
-1.684839 0.000000 1.900768
-1.382726 0.000000 2.130650
-1.382726 0.000000 2.130650
-0.000000 -2.540000 -0.000000
-0.000000 -2.540000 -0.000000
-0.000000 -2.540000 -0.000000
-2.384915 0.000000 -0.873944
-2.384915 0.000000 -0.873944
-2.228023 0.000000 -1.219636
-2.021361 0.000000 -1.538083
-2.228023 0.000000 -1.219636
-2.228023 0.000000 -1.219636
-1.429318 1.796051 -1.087589
-1.575450 1.796051 -0.862413
-1.506597 1.796051 -0.977735
1.049725 -0.000000 -2.312937
1.049725 -0.000000 -2.312937
0.693275 -0.000000 -2.443557
0.742268 1.796051 -1.635493
0.490220 1.796051 -1.727855
0.730014 1.796051 -1.641000
1.270678 -0.000000 2.199313
1.599082 -0.000000 1.973458
1.270678 -0.000000 2.199313
0.000000 2.540000 0.000000
0.000000 2.540000 0.000000
0.000000 2.540000 0.000000
2.384915 -0.000000 0.873944
2.384915 -0.000000 0.873944
2.228023 -0.000000 1.219636
-0.000000 -2.540000 -0.000000
-0.000000 -2.540000 -0.000000
-0.000000 -2.540000 -0.000000
-0.528862 0.000000 -2.484332
-0.528862 0.000000 -2.484332
-0.910986 0.000000 -2.371013
0.000000 2.540000 0.000000
0.000000 2.540000 0.000000
0.000000 2.540000 0.000000
1.769544 -0.000000 1.822172
2.021361 -0.000000 1.538083
2.021361 -0.000000 1.538083
2.228023 -0.000000 1.219636
2.021361 -0.000000 1.538083
2.021361 -0.000000 1.538083
1.888112 -0.000000 1.699010
2.130650 -0.000000 1.382726
1.888112 -0.000000 1.699010
0.000000 2.540000 0.000000
0.000000 2.540000 0.000000
0.000000 2.540000 0.000000
-1.769544 0.000000 -1.822172
-2.021361 0.000000 -1.538083
-2.021361 0.000000 -1.538083
-0.000000 -2.540000 -0.000000
-0.000000 -2.540000 -0.000000
-0.000000 -2.540000 -0.000000
0.000000 2.540000 0.000000
0.000000 2.540000 0.000000
0.000000 2.540000 0.000000
0.264723 0.000000 -2.526167
-0.133716 0.000000 -2.536478
0.264723 0.000000 -2.526167
-0.000000 -2.540000 -0.000000
-0.000000 -2.540000 -0.000000
-0.000000 -2.540000 -0.000000
2.488533 -0.000000 0.508730
2.536560 -0.000000 0.132151
2.536560 -0.000000 0.132151
-0.000000 -2.540000 -0.000000
-0.000000 -2.540000 -0.000000
-0.000000 -2.540000 -0.000000
-1.153834 0.000000 -2.262801
-1.478199 0.000000 -2.065557
-1.478199 0.000000 -2.065557
2.462820 -0.000000 -0.621384
2.462820 -0.000000 -0.621384
2.527925 -0.000000 -0.247380
-0.000000 -2.540000 -0.000000
-0.000000 -2.540000 -0.000000
-0.000000 -2.540000 -0.000000
0.000000 2.540000 0.000000
0.000000 2.540000 0.000000
0.000000 2.540000 0.000000
2.536478 -0.000000 -0.133716
2.484332 -0.000000 -0.528862
2.536478 -0.000000 -0.133716
0.000000 2.540000 0.000000
0.000000 2.540000 0.000000
0.000000 2.540000 0.000000
1.032395 -0.000000 -2.320724
1.032395 -0.000000 -2.320724
0.656644 -0.000000 -2.453654
-0.000000 -2.540000 -0.000000
-0.000000 -2.540000 -0.000000
-0.000000 -2.540000 -0.000000
-0.803693 0.000000 -2.409497
-0.803693 0.000000 -2.409497
-0.435600 0.000000 -2.502369
-1.382726 0.000000 2.130650
-1.699010 0.000000 1.888112
-1.382726 0.000000 2.130650
-0.977735 1.796051 1.506597
-1.201381 1.796051 1.335097
-1.191361 1.796051 1.344046
-0.742268 1.796051 1.635493
-0.490220 1.796051 1.727855
-0.730014 1.796051 1.641000
-1.049725 0.000000 2.312937
-1.049725 0.000000 2.312937
-0.693275 0.000000 2.443557
0.308016 1.796051 1.769442
0.094551 1.796051 1.793561
0.040854 1.796051 1.795587
0.435600 -0.000000 2.502369
0.057776 -0.000000 2.539343
0.435600 -0.000000 2.502369
1.045245 1.796051 1.460570
0.898505 1.796051 1.555149
0.815884 1.796051 1.600042
1.153834 -0.000000 2.262801
1.153834 -0.000000 2.262801
1.478199 -0.000000 2.065557
1.382726 -0.000000 -2.130650
1.699010 -0.000000 -1.888112
1.382726 -0.000000 -2.130650
0.000000 2.540000 0.000000
0.000000 2.540000 0.000000
0.000000 2.540000 0.000000
2.170248 -0.000000 -1.319707
2.170248 -0.000000 -1.319707
2.342700 -0.000000 -0.981508
-0.000000 -2.540000 -0.000000
-0.000000 -2.540000 -0.000000
-0.000000 -2.540000 -0.000000
1.973458 -0.000000 -1.599082
2.199313 -0.000000 -1.270678
1.973458 -0.000000 -1.599082
1.395445 1.796051 -1.130722
1.555149 1.796051 -0.898505
1.534597 1.796051 -0.933174
-1.949316 0.000000 1.628425
-2.170248 0.000000 1.319707
-2.170248 0.000000 1.319707
-1.378374 1.796051 1.151471
-1.395445 1.796051 1.130722
-1.534597 1.796051 0.933174
2.453654 -0.000000 0.656644
2.453654 -0.000000 0.656644
2.526167 -0.000000 0.264723
0.000000 2.540000 0.000000
0.000000 2.540000 0.000000
0.000000 2.540000 0.000000
0.977735 1.796051 -1.506597
0.742268 1.796051 -1.635493
0.730014 1.796051 -1.641000
1.382726 -0.000000 -2.130650
1.382726 -0.000000 -2.130650
1.032395 -0.000000 -2.320724
1.793619 1.796051 0.093445
1.786270 1.796051 0.187188
1.759658 1.796051 0.359726
2.488533 -0.000000 0.508730
2.488533 -0.000000 0.508730
2.536560 -0.000000 0.132151
-1.759658 1.796051 -0.359726
-1.793619 1.796051 -0.093445
-1.786270 1.796051 -0.187188
-2.488533 0.000000 -0.508730
-2.488533 0.000000 -0.508730
-2.536560 0.000000 -0.132151
1.191361 1.796051 -1.344046
1.201381 1.796051 -1.335097
1.378374 1.796051 -1.151471
1.949316 -0.000000 -1.628425
1.949316 -0.000000 -1.628425
1.684839 -0.000000 -1.900768
2.199313 -0.000000 -1.270678
2.199313 -0.000000 -1.270678
1.973458 -0.000000 -1.599082
0.000000 2.540000 0.000000
0.000000 2.540000 0.000000
0.000000 2.540000 0.000000
2.130650 -0.000000 1.382726
2.320724 -0.000000 1.032395
2.130650 -0.000000 1.382726
0.000000 2.540000 0.000000
0.000000 2.540000 0.000000
0.000000 2.540000 0.000000
0.321339 0.000000 -2.519592
-0.057776 0.000000 -2.539343
-0.057776 0.000000 -2.539343
-0.000000 -2.540000 -0.000000
-0.000000 -2.540000 -0.000000
-0.000000 -2.540000 -0.000000
1.949316 -0.000000 -1.628425
1.684839 -0.000000 -1.900768
1.684839 -0.000000 -1.900768
-0.000000 -2.540000 -0.000000
-0.000000 -2.540000 -0.000000
-0.000000 -2.540000 -0.000000
-1.699010 0.000000 1.888112
-1.973458 0.000000 1.599082
-1.699010 0.000000 1.888112
-1.201381 1.796051 1.335097
-1.395445 1.796051 1.130722
-1.378374 1.796051 1.151471
-1.555149 1.796051 0.898505
-1.676560 1.796051 0.644164
-1.656539 1.796051 0.694031
-2.199313 0.000000 1.270678
-2.199313 0.000000 1.270678
-2.371013 0.000000 0.910986
2.371013 -0.000000 -0.910986
2.371013 -0.000000 -0.910986
2.484332 -0.000000 -0.528862
1.676560 1.796051 -0.644164
1.756688 1.796051 -0.373962
1.741477 1.796051 -0.439385
-2.484332 0.000000 0.528862
-2.536478 0.000000 0.133716
-2.484332 0.000000 0.528862
-1.793561 1.796051 0.094551
-1.787513 1.796051 0.174924
-1.756688 1.796051 0.373962
2.536478 -0.000000 -0.133716
2.526167 -0.000000 0.264723
2.536478 -0.000000 -0.133716
1.793561 1.796051 -0.094551
1.786270 1.796051 0.187188
1.793619 1.796051 0.093445
-1.734996 1.796051 -0.464317
-1.759658 1.796051 -0.359726
-1.786270 1.796051 -0.187188
-2.526167 0.000000 -0.264723
-2.453654 0.000000 -0.656644
-2.526167 0.000000 -0.264723
2.453654 -0.000000 0.656644
2.320724 -0.000000 1.032395
2.453654 -0.000000 0.656644
1.734996 1.796051 0.464317
1.641000 1.796051 0.730014
1.686390 1.796051 0.617972
-2.320724 0.000000 -1.032395
-2.320724 0.000000 -1.032395
-2.130650 0.000000 -1.382726
-1.506597 1.796051 -0.977735
-1.575450 1.796051 -0.862413
-1.641000 1.796051 -0.730014
2.130650 -0.000000 1.382726
2.130650 -0.000000 1.382726
1.888112 -0.000000 1.699010
1.506597 1.796051 0.977735
1.335097 1.796051 1.201381
1.429318 1.796051 1.087589
-1.130722 1.796051 -1.395445
-1.251257 1.796051 -1.288471
-1.335097 1.796051 -1.201381
-1.888112 0.000000 -1.699010
-1.888112 0.000000 -1.699010
-1.599082 0.000000 -1.973458
1.599082 -0.000000 1.973458
1.599082 -0.000000 1.973458
1.270678 -0.000000 2.199313
1.130722 1.796051 1.395445
0.898505 1.796051 1.555149
1.045245 1.796051 1.460570
1.686390 1.796051 0.617972
1.641000 1.796051 0.730014
1.575450 1.796051 0.862413
2.384915 -0.000000 0.873944
2.228023 -0.000000 1.219636
2.228023 -0.000000 1.219636
-1.575450 1.796051 -0.862413
-1.686390 1.796051 -0.617972
-1.641000 1.796051 -0.730014
-2.384915 0.000000 -0.873944
-2.228023 0.000000 -1.219636
-2.228023 0.000000 -1.219636
-0.644164 1.796051 -1.676560
-0.815884 1.796051 -1.600042
-0.898505 1.796051 -1.555149
-1.270678 0.000000 -2.199313
-0.910986 0.000000 -2.371013
-1.270678 0.000000 -2.199313
1.478199 -0.000000 2.065557
1.769544 -0.000000 1.822172
1.769544 -0.000000 1.822172
1.251257 1.796051 1.288471
1.130722 1.796051 1.395445
1.045245 1.796051 1.460570
-1.045245 1.796051 -1.460570
-1.251257 1.796051 -1.288471
-1.130722 1.796051 -1.395445
-1.769544 0.000000 -1.822172
-1.478199 0.000000 -2.065557
-1.769544 0.000000 -1.822172
-0.094551 1.796051 -1.793561
-0.308016 1.796051 -1.769442
-0.373962 1.796051 -1.756688
-0.528862 0.000000 -2.484332
-0.528862 0.000000 -2.484332
-0.133716 0.000000 -2.536478
0.133716 -0.000000 2.536478
0.133716 -0.000000 2.536478
-0.264723 -0.000000 2.526167
0.094551 1.796051 1.793561
-0.187188 1.796051 1.786270
0.040854 1.796051 1.795587
0.464317 1.796051 -1.734996
0.227221 1.796051 -1.781620
0.187188 1.796051 -1.786270
0.264723 0.000000 -2.526167
0.264723 0.000000 -2.526167
0.656644 -0.000000 -2.453654
1.201381 1.796051 -1.335097
1.395445 1.796051 -1.130722
1.378374 1.796051 -1.151471
1.699010 -0.000000 -1.888112
1.973458 -0.000000 -1.599082
1.699010 -0.000000 -1.888112
-0.730014 1.796051 1.641000
-0.490220 1.796051 1.727855
-0.464317 1.796051 1.734996
-0.656644 0.000000 2.453654
-0.656644 0.000000 2.453654
-1.032395 0.000000 2.320724
-0.568297 1.796051 -1.703772
-0.815884 1.796051 -1.600042
-0.644164 1.796051 -1.676560
-0.803693 0.000000 -2.409497
-0.803693 0.000000 -2.409497
-1.153834 0.000000 -2.262801
0.910986 -0.000000 2.371013
0.528862 -0.000000 2.484332
0.910986 -0.000000 2.371013
0.644164 1.796051 1.676560
0.373962 1.796051 1.756688
0.308016 1.796051 1.769442
-1.787513 1.796051 0.174924
-1.741477 1.796051 0.439385
-1.756688 1.796051 0.373962
-2.462820 0.000000 0.621384
-2.527925 0.000000 0.247380
-2.527925 0.000000 0.247380
1.741477 1.796051 -0.439385
1.756688 1.796051 -0.373962
1.787513 1.796051 -0.174924
2.462820 -0.000000 -0.621384
2.527925 -0.000000 -0.247380
2.527925 -0.000000 -0.247380
-0.040854 1.796051 -1.795587
-0.308016 1.796051 -1.769442
-0.094551 1.796051 -1.793561
-0.057776 0.000000 -2.539343
-0.435600 0.000000 -2.502369
-0.435600 0.000000 -2.502369
1.534597 1.796051 -0.933174
1.555149 1.796051 -0.898505
1.656539 1.796051 -0.694031
2.170248 -0.000000 -1.319707
2.342700 -0.000000 -0.981508
2.342700 -0.000000 -0.981508
-1.534597 1.796051 0.933174
-1.555149 1.796051 0.898505
-1.656539 1.796051 0.694031
-2.170248 0.000000 1.319707
-2.342700 0.000000 0.981508
-2.342700 0.000000 0.981508
0.490220 1.796051 -1.727855
0.227221 1.796051 -1.781620
0.464317 1.796051 -1.734996
0.321339 0.000000 -2.519592
0.693275 -0.000000 -2.443557
0.321339 0.000000 -2.519592
-0.490220 1.796051 1.727855
-0.227221 1.796051 1.781620
-0.464317 1.796051 1.734996
-0.693275 0.000000 2.443557
-0.321339 -0.000000 2.519592
-0.321339 -0.000000 2.519592
0.568297 1.796051 1.703772
0.644164 1.796051 1.676560
0.308016 1.796051 1.769442
0.803693 -0.000000 2.409497
0.435600 -0.000000 2.502369
0.435600 -0.000000 2.502369
-0.977735 1.796051 1.506597
-0.977735 1.796051 1.506597
-1.191361 1.796051 1.344046
-1.684839 0.000000 1.900768
-1.684839 0.000000 1.900768
-1.382726 0.000000 2.130650
1.382726 -0.000000 -2.130650
1.382726 -0.000000 -2.130650
1.049725 -0.000000 -2.312937
0.977735 1.796051 -1.506597
0.742268 1.796051 -1.635493
0.977735 1.796051 -1.506597
</float_array>
          <technique_common>
            <accessor source="#FBXASC227FBXASC130FBXASC189FBXASC227FBXASC131FBXASC170FBXASC227FBXASC131FBXASC131FBXASC227FBXASC131FBXASC1379-Normal0-array" count="972" stride="3">
              <param name="X" type="float"/>
              <param name="Y" type="float"/>
              <param name="Z" type="float"/>
            </accessor>
          </technique_common>
        </source>
        <vertices id="FBXASC227FBXASC130FBXASC189FBXASC227FBXASC131FBXASC170FBXASC227FBXASC131FBXASC131FBXASC227FBXASC131FBXASC1379-VERTEX">
          <input semantic="POSITION" source="#FBXASC227FBXASC130FBXASC189FBXASC227FBXASC131FBXASC170FBXASC227FBXASC131FBXASC131FBXASC227FBXASC131FBXASC1379-POSITION"/>
        </vertices>
        <triangles count="324" material="MaterialFBXASC032FBXASC03527">
          <input semantic="VERTEX" offset="0" source="#FBXASC227FBXASC130FBXASC189FBXASC227FBXASC131FBXASC170FBXASC227FBXASC131FBXASC131FBXASC227FBXASC131FBXASC1379-VERTEX"/>
          <input semantic="NORMAL" offset="1" source="#FBXASC227FBXASC130FBXASC189FBXASC227FBXASC131FBXASC170FBXASC227FBXASC131FBXASC131FBXASC227FBXASC131FBXASC1379-Normal0"/>
          <p> 30 0 6 1 69 2 13 3 15 4 63 5 67 6 28 7 64 8 89 9 62 10 13 11 38 12 6 13 103 14 20 15 95 16 25 17 88 18 28 19 36 20 70 21 92 22 13 23 127 24 42 25 59 26 133 27 28 28 111 29 103 30 144 31 38 32 69 33 83 34 134 35 71 36 114 37 151 38 36 39 74 40 88 41 139 42 105 43 77 44 122 45 81 46 135 47 55 48 109 49 25 50 138 51 85 52 78 53 69 54 134 55 30 56 64 57 131 58 67 59 59 60 150 61 57 62 103 63 76 64 144 65 108 66 52 67 13 68 120 69 6 70 84 71 88 72 74 73 153 74 75 75 91 76 13 77 97 78 53 79 25 80 131 81 64 82 86 83 77 84 105 85 45 86 105 87 28 88 45 89 34 90 6 91 85 92 138 93 34 94 85 95 47 96 6 97 112 98 149 99 47 100 112 101 111 102 28 103 5 104 128 105 137 106 60 107 131 108 86 109 3 110 46 111 96 112 25 113 54 114 113 115 25 116 156 117 80 118 76 119 78 120 40 121 138 122 22 123 98 124 25 125 23 126 114 127 71 128 71 129 28 130 23 131 68 132 89 133 13 134 153 135 74 136 43 137 159 138 87 139 66 140 163 141 72 142 63 143 104 144 139 145 145 146 102 147 26 148 13 149 126 150 93 151 61 152 82 153 110 154 155 155 84 156 6 157 28 158 28 159 6 160 11 161 92 162 14 163 13 164 161 165 75 166 117 167 11 168 6 169 65 170 132 171 11 172 65 173 31 174 15 175 25 176 31 177 25 178 4 179 58 180 154 181 134 182 56 183 158 184 132 185 115 186 162 187 15 188 15 189 97 190 25 191 17 192 6 193 73 194 73 195 136 196 17 197 99 198 125 199 136 200 83 201 58 202 134 203 79 204 28 205 8 206 50 207 79 208 8 209 37 210 110 211 82 212 110 213 37 214 13 215 140 216 7 217 90 218 7 219 6 220 90 221 112 222 123 223 149 224 159 225 66 226 39 227 125 228 99 229 98 230 10 231 106 232 25 233 135 234 81 235 124 236 142 237 41 238 104 239 126 240 42 241 93 242 57 243 150 244 72 245 160 246 68 247 116 248 91 249 1 250 13 251 146 252 40 253 78 254 76 255 80 256 144 257 16 258 48 259 101 260 101 261 28 262 16 263 94 264 46 265 25 266 56 267 46 268 158 269 147 270 18 271 107 272 18 273 6 274 107 275 117 276 48 277 161 278 139 279 77 280 145 281 120 282 84 283 157 284 155 285 49 286 82 287 116 288 148 289 160 290 114 291 115 292 151 293 162 294 115 295 114 296 33 297 51 298 121 299 108 300 124 301 52 302 142 303 104 304 102 305 53 306 94 307 25 308 121 309 53 310 33 311 113 312 54 313 152 314 55 315 2 316 109 317 106 318 10 319 40 320 146 321 55 322 40 323 96 324 20 325 25 326 154 327 58 328 20 329 123 330 4 331 149 332 163 333 57 334 72 335 95 336 22 337 25 338 22 339 125 340 98 341 12 342 6 343 118 344 12 345 118 346 123 347 122 348 19 349 5 350 122 351 135 352 19 353 119 354 0 355 27 356 119 357 27 358 13 359 62 360 15 361 13 362 62 363 115 364 15 365 63 366 31 367 100 368 63 369 15 370 31 371 86 372 64 373 11 374 64 375 28 376 11 377 65 378 6 379 30 380 32 381 65 382 30 383 129 384 21 385 66 386 80 387 156 388 21 389 67 390 51 391 23 392 23 393 28 394 67 395 68 396 1 397 116 398 1 399 68 400 13 401 17 402 83 403 69 404 69 405 6 406 17 407 145 408 70 409 104 410 26 411 70 412 13 413 151 414 8 415 71 416 8 417 28 418 71 419 130 420 126 421 61 422 63 423 72 424 13 425 35 426 73 427 34 428 73 429 6 430 34 431 50 432 160 433 148 434 148 435 79 436 50 437 14 438 75 439 13 440 75 441 14 442 117 443 39 444 66 445 147 446 147 447 107 448 39 449 101 450 48 451 141 452 141 453 48 454 117 455 90 456 44 457 140 458 44 459 2 460 140 461 148 462 36 463 79 464 36 465 28 466 79 467 152 468 54 469 2 470 152 471 2 472 44 473 137 474 128 475 41 476 137 477 41 478 142 479 124 480 81 481 9 482 124 483 9 484 52 485 136 486 73 487 35 488 35 489 99 490 136 491 133 492 111 493 49 494 133 495 49 496 155 497 85 498 6 499 7 500 78 501 85 502 7 503 132 504 65 505 32 506 32 507 56 508 132 509 87 510 4 511 25 512 25 513 21 514 87 515 16 516 28 517 88 518 88 519 153 520 16 521 89 522 68 523 24 524 62 525 89 526 24 527 38 528 44 529 90 530 90 531 6 532 38 533 75 534 161 535 91 536 91 537 116 538 1 539 92 540 70 541 29 542 14 543 92 544 29 545 157 546 84 547 0 548 157 549 0 550 119 551 53 552 121 553 94 554 94 555 3 556 46 557 22 558 95 559 58 560 20 561 58 562 95 563 96 564 46 565 56 566 96 567 56 568 20 569 53 570 97 571 33 572 97 573 15 574 162 575 98 576 10 577 25 578 98 579 99 580 10 581 40 582 10 583 143 584 40 585 143 586 138 587 100 588 31 589 4 590 100 591 4 592 123 593 141 594 45 595 101 596 45 597 28 598 101 599 52 600 9 601 102 602 52 603 102 604 13 605 18 606 76 607 103 608 103 609 6 610 18 611 70 612 26 613 104 614 102 615 104 616 26 617 139 618 5 619 105 620 5 621 28 622 105 623 55 624 106 625 40 626 106 627 55 628 25 629 107 630 6 631 47 632 39 633 107 634 47 635 37 636 108 637 13 638 108 639 37 640 82 641 109 642 54 643 25 644 54 645 109 646 2 647 27 648 0 649 110 650 27 651 110 652 13 653 19 654 111 655 5 656 49 657 111 658 19 659 112 660 6 661 12 662 12 663 123 664 112 665 113 666 21 667 25 668 113 669 80 670 21 671 23 672 51 673 114 674 114 675 51 676 33 677 115 678 24 679 151 680 115 681 62 682 24 683 43 684 74 685 116 686 43 687 116 688 91 689 29 690 141 691 117 692 117 693 14 694 29 695 118 696 59 697 57 698 118 699 6 700 59 701 61 702 93 703 119 704 61 705 119 706 13 707 127 708 120 709 42 710 42 711 120 712 93 713 121 714 3 715 94 716 121 717 131 718 3 719 60 720 81 721 122 722 60 723 122 724 5 725 57 726 100 727 123 728 118 729 57 730 123 731 82 732 135 733 124 734 124 735 108 736 82 737 125 738 58 739 83 740 125 741 22 742 58 743 72 744 150 745 126 746 126 747 130 748 72 749 6 750 120 751 127 752 59 753 6 754 127 755 41 756 128 757 5 758 128 759 60 760 5 761 87 762 129 763 66 764 21 765 129 766 87 767 130 768 13 769 72 770 130 771 61 772 13 773 67 774 131 775 51 776 51 777 131 778 121 779 86 780 132 781 158 782 86 783 11 784 132 785 84 786 28 787 133 788 84 789 133 790 0 791 30 792 134 793 32 794 134 795 154 796 32 797 19 798 135 799 49 800 49 801 135 802 82 803 136 804 125 805 83 806 17 807 136 808 83 809 60 810 137 811 81 812 81 813 137 814 9 815 35 816 34 817 138 818 138 819 143 820 35 821 41 822 5 823 139 824 41 825 139 826 104 827 140 828 146 829 78 830 78 831 7 832 140 833 77 834 45 835 141 836 77 837 141 838 29 839 9 840 137 841 142 842 9 843 142 844 102 845 143 846 99 847 35 848 99 849 143 850 10 851 144 852 152 853 44 854 38 855 144 856 44 857 29 858 70 859 145 860 145 861 77 862 29 863 2 864 146 865 140 866 146 867 2 868 55 869 147 870 156 871 76 872 76 873 18 874 147 875 74 876 36 877 148 878 74 879 148 880 116 881 149 882 159 883 39 884 39 885 47 886 149 887 150 888 42 889 126 890 59 891 42 892 150 893 151 894 24 895 50 896 50 897 8 898 151 899 80 900 152 901 144 902 80 903 113 904 152 905 16 906 153 907 48 908 48 909 153 910 43 911 154 912 56 913 32 914 56 915 154 916 20 917 0 918 133 919 155 920 0 921 155 922 110 923 66 924 156 925 147 926 66 927 21 928 156 929 93 930 120 931 157 932 93 933 157 934 119 935 3 936 86 937 158 938 3 939 158 940 46 941 4 942 159 943 149 944 159 945 4 946 87 947 24 948 160 949 50 950 24 951 68 952 160 953 161 954 48 955 43 956 161 957 43 958 91 959 162 960 114 961 33 962 33 963 97 964 162 965 163 966 63 967 100 968 163 969 100 970 57 971</p>
        </triangles>
      </mesh>
    </geometry>
    <geometry id="FBXASC227FBXASC130FBXASC189FBXASC227FBXASC131FBXASC170FBXASC227FBXASC131FBXASC131FBXASC227FBXASC131FBXASC13710-lib" name="FBXASC227FBXASC130FBXASC189FBXASC227FBXASC131FBXASC170FBXASC227FBXASC131FBXASC131FBXASC227FBXASC131FBXASC13710Mesh">
      <mesh>
        <source id="FBXASC227FBXASC130FBXASC189FBXASC227FBXASC131FBXASC170FBXASC227FBXASC131FBXASC131FBXASC227FBXASC131FBXASC13710-POSITION">
          <float_array id="FBXASC227FBXASC130FBXASC189FBXASC227FBXASC131FBXASC170FBXASC227FBXASC131FBXASC131FBXASC227FBXASC131FBXASC13710-POSITION-array" count="1107">-0.000369768 0.001242126 -0.000522634 0.000768417 0.001399606 -0.00016584 -0.000291555 0.001399606 0.000536978 0.000343885 0.001242126 0.000512765 -0.000768417 0.001399606 0.00016584 0.000445659 0.001399606 -0.000425243 -6.6168e-05 0.001242126 0.000613845 -0.000575969 0.001399606 -0.000206612 0.000575969 0.001399606 0.000206612 -0.000675087 0.001242126 0.000402771 0.000778796 0.001242126 0.000106975 -0.000686353 0.001242126 -0.000383257 -0.000776043 0.001242126 -0.000125397 -0.00044526 0.001242126 0.000427701 0.00014777 0.001242126 0.000599457 0.000675087 0.001399606 -0.000402771 -0.000478192 0.001242126 -0.000380371 0.000467034 0.001399606 0.000403812 0.000686353 0.001242126 0.000383257 0.000296755 0.001399606 0.000727945 2.9886e-05 0.001399606 0.00078554 -0.00061601 0.001242126 4.143e-05 -0.000482041 0.001242126 0.000620969 -0.000499641 0.001399606 -0.000606898 0.000617334 0.001399606 9.134e-06 -0.000240587 0.001242126 0.000748388 0.000564366 0.001399606 -0.000236473 -0.00056469 0.001242126 0.00024962 -0.000283098 0.001399606 -0.00060492 0.000407366 0.001399606 -0.000582422 0.000499641 0.001399606 0.000606898 -0.000116194 0.001399606 0.000606369 0.000502391 0.001242126 -0.000390392 -0.000638158 0.001399606 -2.4874e-05 0.000768417 0.001242126 -0.00016584 0.000478192 0.001242126 0.000380371 -0.000486975 0.001399606 -0.000370519 -0.000478776 0.001399606 0.000389817 0.000121819 0.001399606 0.000598757 -0.000781112 0.001399606 -8.8494e-05 -0.000564366 0.001399606 0.000236473 -0.000219283 0.001242126 -0.000676076 0.000584332 0.001242126 0.000181619 0.000695241 0.001399606 0.000366888 0.00061601 0.001242126 -4.143e-05 0.000296755 0.001242126 0.000727945 -0.000695241 0.001399606 -0.000366888 0.000776043 0.001399606 0.000125397 -0.000496618 0.001399606 0.000609374 -0.00059303 0.001242126 -0.000171756 -0.00077213 0.001242126 0.000147588 -0.000303489 0.001242126 0.000531341 4.8489e-05 0.001242126 0.000784612 -0.00025825 0.001399606 0.000742478 -0.000527482 0.001242126 -0.00051889 0.00056469 0.001242126 -0.00024962 0.000675087 0.001242126 -0.000402771 0.000450738 0.001242126 0.000586787 -0.00068444 0.001399606 0.000386664 -0.000366299 0.001399606 -0.000520219 0.000300756 0.001399606 0.000539194 0.000433879 0.001242126 -0.00054204 -0.000155388 0.001242126 0.000672938 0.000562476 0.001399606 -0.000419568 -0.000686859 0.001399606 7.2219e-05 -0.00029697 0.001242126 -0.000558646 -0.000673141 0.001242126 -0.000307187 -0.00073761 0.001242126 -5.8434e-05 0.000527482 0.001242126 0.00051889 0.000190394 0.001399606 0.000663884 0.000673141 0.001242126 0.000307187 0.000733541 0.001399606 -9.6957e-05 0.000686859 0.001242126 -7.2219e-05 -0.000185631 0.001399606 0.000716257 0.000673141 0.001399606 0.000307187 -0.000527482 0.001399606 -0.00051889 -3.1894e-05 0.001399606 0.000739233 -0.000376176 0.001399606 0.000579209 -0.000219283 0.001399606 -0.000676076 -0.000656142 0.001242126 0.000341996 -0.000602603 0.001399606 0.000429364 0.000222862 0.001242126 0.000705561 -0.000686859 0.001242126 7.2219e-05 0.000689698 0.001399606 3.6173e-05 0.000560073 0.001242126 -0.000418757 -0.000635732 0.001399606 -0.000269882 -0.000722465 0.001399606 -0.000159776 -0.000479743 0.001242126 0.000496828 -0.000551591 0.001242126 0.000415619 0.000670137 0.001242126 0.000167056 -4.815e-05 0.001242126 0.000688965 0.000505088 0.001399606 0.000471039 -0.000660476 0.001242126 0.000201899 -0.000572587 0.001242126 -0.000386182 -0.000670137 0.001242126 -0.000167056 0.000572587 0.001399606 0.000386182 0.000313522 0.001242126 0.000615382 -0.000280886 0.001399606 0.000630947 -0.00041941 0.001242126 0.000609572 -0.00051388 0.001242126 -0.00059489 0.000405973 0.001399606 0.000558728 -0.000499602 0.001399606 0.000545785 0.000638158 0.001242126 2.4874e-05 -0.000282803 0.001242126 0.000683744 0.000660476 0.001399606 -0.000201899 -0.000624248 0.001399606 -0.000397238 0.00051388 0.001242126 0.00059489 0.000447589 0.001399606 -0.000495718 0.000572587 0.001242126 0.000386182 -0.000415229 0.001242126 -0.000565687 0.000713112 0.001242126 -0.000197368 -0.000413168 0.001399606 -0.000564209 0.000722465 0.001399606 0.000159776 0.000656142 0.001242126 -0.000341996 -0.000620736 0.001399606 0.000302784 0.000656142 0.001399606 -0.000341996 8.4141e-05 0.001242126 0.000685501 0.000444913 0.001242126 -0.00043154 -0.000713112 0.001399606 0.000197368 0.0003182 0.001399606 0.000668006 -0.000635981 0.001399606 5.8239e-05 7.0539e-05 0.001399606 0.000736551 0.000491078 0.001399606 -0.000388509 0.000370314 0.001242126 -0.000613419 -0.000449755 0.001399606 0.000453414 -0.000299302 0.001399606 -0.000542764 -5.3083e-05 0.001399606 0.000636433 -0.000267555 0.001242126 0.000579895 -0.000617546 0.001399606 -0.000162792 -0.000467034 0.001399606 -0.000403812 -0.000583228 0.001399606 0.000202557 0.000617546 0.001399606 0.000162792 0.000583228 0.001399606 -0.000202557 -0.00057698 0.001242126 -0.000219724 0.000611209 0.001399606 -2.9187e-05 0.000486975 0.001399606 0.000370519 0.000330882 0.001399606 0.000514729 8.6319e-05 0.001399606 0.000632782 -0.000655249 0.001399606 0.000434299 0.000524625 0.001242126 0.000364188 0.00073761 0.001242126 5.8434e-05 0.000109053 0.001242126 0.00060211 -0.000135311 0.001242126 0.000624143 -0.000776043 0.001399606 -0.000125397 0.00057698 0.001242126 0.000219724 -0.000524625 0.001242126 -0.000364188 -0.000340621 0.001399606 0.000540224 0.00060818 0.001242126 -0.000194889 0.000297537 0.001242126 0.000565098 -0.00060818 0.001242126 0.000194889 -0.000504846 0.001242126 0.000391145 -0.000689698 0.001399606 -3.6173e-05 -0.000638158 0.001242126 -2.4874e-05 -0.000340583 0.001242126 -0.000512764 -0.000174787 0.001242126 -0.000694885 0.000222862 0.001399606 0.000705561 -0.000283098 0.001242126 -0.00060492 -0.000733541 0.001242126 9.6957e-05 0.000167791 0.001399606 0.000616206 -0.000155388 0.001399606 0.000672938 0.000635732 0.001242126 0.000269882 0.000635732 0.001399606 0.000269882 0.000686859 0.001399606 -7.2219e-05 0.000689698 0.001242126 3.6173e-05 0.000433879 0.001399606 -0.00054204 -9.0315e-05 0.001242126 0.000604312 -0.000376176 0.001242126 0.000579209 -4.815e-05 0.001399606 0.000688965 -0.000479743 0.001399606 0.000496828 0.000405973 0.001242126 0.000558728 -0.000267555 0.001399606 0.000579895 -0.00041941 0.001399606 0.000609572 0.000722465 0.001242126 0.000159776 0.000733541 0.001242126 -9.6957e-05 -0.000733541 0.001399606 9.6957e-05 0.000624248 0.001399606 0.000397238 0.000713112 0.001399606 -0.000197368 -0.000602603 0.001242126 0.000429364 0.00073761 0.001399606 5.8434e-05 -0.000472868 0.001242126 -0.000429255 -0.000499602 0.001242126 0.000545785 0.000450738 0.001399606 0.000586787 7.0539e-05 0.001242126 0.000736551 -0.000722465 0.001242126 -0.000159776 -0.000282803 0.001399606 0.000683744 0.000624248 0.001242126 0.000397238 -0.000624248 0.001242126 -0.000397238 -0.000551591 0.001399606 0.000415619 -0.000620736 0.001242126 0.000302784 0.000190394 0.001242126 0.000663884 0.000660476 0.001242126 -0.000201899 -0.000689698 0.001242126 -3.6173e-05 0.000505088 0.001242126 0.000471039 -0.000635732 0.001242126 -0.000269882 -0.000505088 0.001399606 -0.000471039 0.000670137 0.001399606 0.000167056 -0.000505088 0.001242126 -0.000471039 0.000620736 0.001242126 -0.000302784 0.000620736 0.001399606 -0.000302784 0.000313522 0.001399606 0.000615382 -3.1894e-05 0.001242126 0.000739233 -0.000335556 0.001399606 -0.000513423 0.000261938 0.001242126 0.000741185 -0.000275769 0.001242126 0.000736151 0.00077541 0.001399606 -0.000129253 -0.000510916 0.001242126 0.000597437 -0.000713112 0.001242126 0.000197368 -0.000673141 0.001399606 -0.000307187 0.000471004 0.001242126 -0.000392882 -0.00073761 0.001399606 -5.8434e-05 0.000527482 0.001399606 0.00051889 0.000447589 0.001242126 -0.000495718 -0.000467194 0.001399606 0.000632216 0.000703738 0.001242126 0.000350313 -0.00077541 0.001399606 0.000129253 -0.000656142 0.001399606 0.000341996 -0.000256444 0.001399606 -0.000645209 0.000472868 0.001242126 0.000429255 -0.000256444 0.001242126 -0.000645209 0.000591165 0.001399606 0.000241637 0.000592849 0.001399606 -0.00042755 -0.000591165 0.001399606 -0.000241637 0.0003182 0.001242126 0.000668006 -0.000185631 0.001242126 0.000716257 -0.000686353 0.001399606 -0.000383257 0.000655249 0.001399606 -0.000434299 0.000617546 0.001242126 0.000162792 0.000655249 0.001242126 -0.000434299 0.000772854 0.001242126 0.000143748 0.000781112 0.001399606 8.8494e-05 -7.7392e-05 0.001399606 0.000606992 -0.00052783 0.001399606 -0.000582548 -0.000660476 0.001399606 0.000201899 8.4141e-05 0.001399606 0.000685501 -0.000449452 0.001399606 0.000415237 0.000577708 0.001242126 -0.000272245 1.1267e-05 0.001242126 0.000786028 -0.000670137 0.001399606 -0.000167056 -0.000280886 0.001242126 0.000630947 -0.000572587 0.001399606 -0.000386182 -0.000703738 0.001242126 -0.000350313 -0.000222788 0.001399606 0.000753878 0.000677081 0.001399606 0.000399411 -0.000764272 0.001242126 0.000183999 -0.000340621 0.001242126 0.000540224 0.00052783 0.001399606 0.000582548 -0.000524625 0.001399606 -0.000364188 0.000635981 0.001242126 -5.8239e-05 0.000368427 0.001242126 0.000521657 -0.000611209 0.001399606 2.9187e-05 0.000524625 0.001399606 0.000364188 -0.000577708 0.001399606 0.000272245 0.00077213 0.001242126 -0.000147588 -0.000577708 0.001242126 0.000272245 0.000368427 0.001399606 0.000521657 0.000635981 0.001399606 -5.8239e-05 -0.000174787 0.001399606 -0.000694885 -0.000778796 0.001242126 -0.000106975 -0.000665355 0.001242126 0.000418653 0.000279425 0.001399606 0.000734771 8.6319e-05 0.001242126 0.000632782 -0.000449755 0.001242126 0.000453414 0.000577708 0.001399606 -0.000272245 0.00046258 0.001399606 -0.000399311 0.000407366 0.001242126 -0.000582422 -0.000635981 0.001242126 5.8239e-05 0.000370314 0.001399606 -0.000613419 0.000591193 0.001242126 -0.00042721 -0.000440457 0.001399606 -0.000581391 -0.000472868 0.001399606 -0.000429255 -0.000541484 0.001242126 -0.000569879 0.000541484 0.001242126 0.000569879 -7.36e-06 0.001399606 0.000786074 -0.000389114 0.001399606 -0.000542809 0.000530814 0.001242126 -0.000405325 -0.000617334 0.001399606 -9.134e-06 0.000533673 0.001399606 -0.000407126 -0.000391322 0.001242126 -0.000545368 -0.000441941 0.001242126 -0.000582201 0.000472868 0.001399606 0.000429255 0.00060818 0.001399606 -0.000194889 -0.00060818 0.001399606 0.000194889 0.000297537 0.001399606 0.000565098 9.8203e-05 0.001399606 0.000609541 -0.000272125 0.001242126 0.000554195 -0.000504846 0.001399606 0.000391145 0.000638158 0.001399606 2.4874e-05 0.000167791 0.001242126 0.000616206 0.000498522 0.001242126 0.000364226 -0.000591165 0.001242126 -0.000241637 0.000610814 0.001242126 -1.5995e-05 0.000319259 0.001242126 0.000520983 -0.000316577 0.001399606 0.00053006 0.000568507 0.001242126 -0.000223941 -5.3083e-05 0.001242126 0.000636433 -0.00059303 0.001399606 -0.000171756 -0.000498522 0.001242126 -0.000364226 -0.000617546 0.001242126 -0.000162792 -0.000135311 0.001399606 0.000624143 -0.00045763 0.001242126 0.000404877 -0.000568507 0.001242126 0.000223941 -0.000610814 0.001242126 1.5995e-05 -0.000116194 0.001242126 0.000606369 0.000764272 0.001399606 -0.000183999 0.00059303 0.001399606 0.000171756 0.000591165 0.001242126 0.000241637 0.00014777 0.001399606 0.000599457 -0.000496618 0.001242126 0.000609374 -0.000665355 0.001399606 0.000418653 0.000447326 0.001242126 -0.00044741 0.000506414 0.001399606 -0.000391688 0.000445606 0.001399606 -0.000440872 -0.000772854 0.001242126 -0.000143748 0.00068444 0.001242126 -0.000386664 -0.00068444 0.001242126 0.000386664 0.000677081 0.001242126 0.000399411 -0.000677081 0.001242126 -0.000399411 -0.000764272 0.001399606 0.000183999 0.000313918 0.001399606 0.00072071 -0.000703738 0.001399606 -0.000350313 0.000772854 0.001399606 0.000143748 -0.000772854 0.001399606 -0.000143748 0.00068444 0.001399606 -0.000386664 -0.000677081 0.001399606 -0.000399411 -0.000222788 0.001242126 0.000753878 0.000764272 0.001242126 -0.000183999 0.000313918 0.001242126 0.00072071 0.000781112 0.001242126 8.8494e-05 0.000665355 0.001242126 -0.000418653 0.000665355 0.001399606 -0.000418653 -0.000240587 0.001399606 0.000748388 0.000778796 0.001399606 0.000106975 -0.000675087 0.001399606 0.000402771 0.000776043 0.001242126 0.000125397 0.000279425 0.001242126 0.000734771 -0.00025825 0.001242126 0.000742478 -0.000482041 0.001399606 0.000620969 -0.000778796 0.001399606 -0.000106975 0.000686353 0.001399606 0.000383257 -0.000768417 0.001242126 0.00016584 -0.00029697 0.001399606 -0.000558646 -0.000325621 0.001242126 -0.000517108 -0.000351574 0.001399606 -0.000513783 0.00077213 0.001399606 -0.000147588 0.00051388 0.001399606 0.00059489 2.9886e-05 0.001242126 0.00078554 0.00059303 0.001242126 0.000171756 -0.000499641 0.001242126 -0.000606898 0.000703738 0.001399606 0.000350313 0.000499641 0.001242126 0.000606898 -0.000655249 0.001242126 0.000434299 0.00077541 0.001242126 -0.000129253 -0.00077541 0.001242126 0.000129253 4.8489e-05 0.001399606 0.000784612 0.000261938 0.001399606 0.000741185 -0.000467194 0.001242126 0.000632216 -0.000275769 0.001399606 0.000736151 -0.000781112 0.001242126 -8.8494e-05 -0.000510916 0.001399606 0.000597437 -0.00057698 0.001399606 -0.000219724 -0.00051388 0.001399606 -0.00059489 0.000695241 0.001242126 0.000366888 -0.000695241 0.001242126 -0.000366888 -0.00077213 0.001399606 0.000147588 0.000134879 0.001242126 0.000596855 -0.000103457 0.001399606 0.000603097 0.00057698 0.001399606 0.000219724 0.000486427 0.001242126 -0.000388543 -0.000584332 0.001242126 -0.000181619</float_array>
          <technique_common>
            <accessor source="#FBXASC227FBXASC130FBXASC189FBXASC227FBXASC131FBXASC170FBXASC227FBXASC131FBXASC131FBXASC227FBXASC131FBXASC13710-POSITION-array" count="369" stride="3">
              <param name="X" type="float"/>
              <param name="Y" type="float"/>
              <param name="Z" type="float"/>
            </accessor>
          </technique_common>
        </source>
        <source id="FBXASC227FBXASC130FBXASC189FBXASC227FBXASC131FBXASC170FBXASC227FBXASC131FBXASC131FBXASC227FBXASC131FBXASC13710-Normal0">
          <float_array id="FBXASC227FBXASC130FBXASC189FBXASC227FBXASC131FBXASC170FBXASC227FBXASC131FBXASC131FBXASC227FBXASC131FBXASC13710-Normal0-array" count="6606">
0.000000 -2.540000 0.000000
0.000000 -2.540000 0.000000
0.000000 -2.540000 0.000000
-0.000000 2.540000 -0.000000
-0.000000 2.540000 -0.000000
-0.000000 2.540000 -0.000000
0.000000 -2.540000 0.000000
0.000000 -2.540000 0.000000
0.000000 -2.540000 0.000000
-0.000000 2.540000 -0.000000
-0.000000 2.540000 -0.000000
-0.000000 2.540000 -0.000000
0.000000 -2.540000 0.000000
0.000000 -2.540000 0.000000
0.000000 -2.540000 0.000000
-0.000000 2.540000 -0.000000
-0.000000 2.540000 -0.000000
-0.000000 2.540000 -0.000000
-0.000000 2.540000 -0.000000
-0.000000 2.540000 -0.000000
-0.000000 2.540000 -0.000000
0.000000 -2.540000 0.000000
0.000000 -2.540000 0.000000
0.000000 -2.540000 0.000000
-0.000000 2.540000 -0.000000
-0.000000 2.540000 -0.000000
-0.000000 2.540000 -0.000000
0.000000 -2.540000 0.000000
0.000000 -2.540000 0.000000
0.000000 -2.540000 0.000000
-0.000000 2.540000 -0.000000
-0.000000 2.540000 -0.000000
-0.000000 2.540000 -0.000000
0.000000 -2.540000 0.000000
0.000000 -2.540000 0.000000
0.000000 -2.540000 0.000000
0.000000 -2.540000 0.000000
0.000000 -2.540000 0.000000
0.000000 -2.540000 0.000000
-0.000000 2.540000 -0.000000
-0.000000 2.540000 -0.000000
-0.000000 2.540000 -0.000000
-0.000000 2.540000 -0.000000
-0.000000 2.540000 -0.000000
-0.000000 2.540000 -0.000000
0.000000 -2.540000 0.000000
0.000000 -2.540000 0.000000
0.000000 -2.540000 0.000000
-0.000000 2.540000 -0.000000
-0.000000 2.540000 -0.000000
-0.000000 2.540000 -0.000000
0.000000 -2.540000 0.000000
0.000000 -2.540000 0.000000
0.000000 -2.540000 0.000000
-0.000000 2.540000 -0.000000
-0.000000 2.540000 -0.000000
-0.000000 2.540000 -0.000000
0.000000 -2.540000 0.000000
0.000000 -2.540000 0.000000
0.000000 -2.540000 0.000000
0.000000 -2.540000 0.000000
0.000000 -2.540000 0.000000
0.000000 -2.540000 0.000000
-0.000000 2.540000 -0.000000
-0.000000 2.540000 -0.000000
-0.000000 2.540000 -0.000000
-0.000000 2.540000 -0.000000
-0.000000 2.540000 -0.000000
-0.000000 2.540000 -0.000000
0.000000 -2.540000 0.000000
0.000000 -2.540000 0.000000
0.000000 -2.540000 0.000000
-0.000000 2.540000 -0.000000
-0.000000 2.540000 -0.000000
-0.000000 2.540000 -0.000000
0.000000 -2.540000 0.000000
0.000000 -2.540000 0.000000
0.000000 -2.540000 0.000000
0.000000 -2.540000 0.000000
0.000000 -2.540000 0.000000
0.000000 -2.540000 0.000000
-0.000000 2.540000 -0.000000
-0.000000 2.540000 -0.000000
-0.000000 2.540000 -0.000000
0.000000 -2.540000 0.000000
0.000000 -2.540000 0.000000
0.000000 -2.540000 0.000000
-0.000000 2.540000 -0.000000
-0.000000 2.540000 -0.000000
-0.000000 2.540000 -0.000000
0.000000 -2.540000 0.000000
0.000000 -2.540000 0.000000
0.000000 -2.540000 0.000000
-0.000000 2.540000 -0.000000
-0.000000 2.540000 -0.000000
-0.000000 2.540000 -0.000000
0.000000 -2.540000 0.000000
0.000000 -2.540000 0.000000
0.000000 -2.540000 0.000000
-0.000000 2.540000 -0.000000
-0.000000 2.540000 -0.000000
-0.000000 2.540000 -0.000000
-0.000000 2.540000 -0.000000
-0.000000 2.540000 -0.000000
-0.000000 2.540000 -0.000000
0.000000 -2.540000 0.000000
0.000000 -2.540000 0.000000
0.000000 -2.540000 0.000000
-0.000000 2.540000 -0.000000
-0.000000 2.540000 -0.000000
-0.000000 2.540000 -0.000000
0.000000 -2.540000 0.000000
0.000000 -2.540000 0.000000
0.000000 -2.540000 0.000000
-0.000000 2.540000 -0.000000
-0.000000 2.540000 -0.000000
-0.000000 2.540000 -0.000000
0.000000 -2.540000 0.000000
0.000000 -2.540000 0.000000
0.000000 -2.540000 0.000000
-0.000000 2.540000 -0.000000
-0.000000 2.540000 -0.000000
-0.000000 2.540000 -0.000000
0.000000 -2.540000 0.000000
0.000000 -2.540000 0.000000
0.000000 -2.540000 0.000000
0.000000 -2.540000 0.000000
0.000000 -2.540000 0.000000
0.000000 -2.540000 0.000000
-0.000000 2.540000 -0.000000
-0.000000 2.540000 -0.000000
-0.000000 2.540000 -0.000000
-0.000000 2.540000 -0.000000
-0.000000 2.540000 -0.000000
-0.000000 2.540000 -0.000000
0.000000 -2.540000 0.000000
0.000000 -2.540000 0.000000
0.000000 -2.540000 0.000000
0.000000 -2.540000 0.000000
0.000000 -2.540000 0.000000
0.000000 -2.540000 0.000000
-0.000000 2.540000 -0.000000
-0.000000 2.540000 -0.000000
-0.000000 2.540000 -0.000000
0.000000 -2.540000 0.000000
0.000000 -2.540000 0.000000
0.000000 -2.540000 0.000000
-0.000000 2.540000 -0.000000
-0.000000 2.540000 -0.000000
-0.000000 2.540000 -0.000000
-0.000000 2.540000 -0.000000
-0.000000 2.540000 -0.000000
-0.000000 2.540000 -0.000000
0.000000 -2.540000 0.000000
0.000000 -2.540000 0.000000
0.000000 -2.540000 0.000000
1.956759 0.000000 -1.619473
1.881328 0.000000 -1.706519
1.492841 0.000000 -2.055001
0.000000 -2.540000 0.000000
0.000000 -2.540000 0.000000
0.000000 -2.540000 0.000000
0.000000 -2.540000 0.000000
0.000000 -2.540000 0.000000
0.000000 -2.540000 0.000000
-0.000000 2.540000 -0.000000
-0.000000 2.540000 -0.000000
-0.000000 2.540000 -0.000000
-0.000000 2.540000 -0.000000
-0.000000 2.540000 -0.000000
-0.000000 2.540000 -0.000000
0.000000 -2.540000 0.000000
0.000000 -2.540000 0.000000
0.000000 -2.540000 0.000000
-2.490577 -0.000000 0.498626
-2.490577 -0.000000 0.498626
-2.457060 -0.000000 0.643783
1.935329 0.000000 1.645023
1.697929 0.000000 1.889084
1.935329 0.000000 1.645023
2.510698 0.000000 0.384704
2.510698 0.000000 0.384704
2.514737 0.000000 -0.357346
-0.504429 -0.000000 -2.489408
-0.086410 -0.000000 -2.538530
-0.518458 -0.000000 -2.486524
-1.396904 -0.000000 -2.121382
-1.668077 -0.000000 -1.915494
-1.396904 -0.000000 -2.121382
-0.938425 0.000000 2.360288
-0.938425 0.000000 2.360288
-0.798435 0.000000 2.411245
-0.074411 -0.000000 -2.538910
-0.074411 -0.000000 -2.538910
0.074565 -0.000000 -2.538905
0.923535 0.000000 2.366153
0.923535 0.000000 2.366153
1.060667 0.000000 2.307940
2.484959 -0.000000 -0.525908
2.392296 -0.000000 -0.853533
2.392296 -0.000000 -0.853533
-0.670997 0.000000 2.449768
-0.813465 0.000000 2.406216
-0.670997 0.000000 2.449768
-2.236039 -0.000000 1.204877
-2.236039 -0.000000 1.204877
-2.161555 -0.000000 1.333897
0.670997 0.000000 -2.449768
0.670997 0.000000 -2.449768
0.813465 0.000000 -2.406216
0.798288 0.000000 2.411293
0.798288 0.000000 2.411293
0.938282 0.000000 2.360345
-2.228403 -0.000000 -1.218942
-2.228403 -0.000000 -1.218942
-2.296033 -0.000000 -1.086201
2.487386 0.000000 0.514309
2.487386 0.000000 0.514309
2.513259 0.000000 0.367596
-2.088694 -0.000000 1.445323
-2.088694 -0.000000 1.445323
-2.169836 -0.000000 1.320383
-1.283965 0.000000 2.191582
-0.798435 0.000000 2.411245
-1.283965 0.000000 2.191582
-0.058567 -0.000000 -2.539325
-0.207339 -0.000000 -2.531523
-0.058567 -0.000000 -2.539325
-0.074565 0.000000 2.538905
-0.074565 0.000000 2.538905
0.074411 0.000000 2.538910
-2.038216 -0.000000 -1.515677
-1.677111 -0.000000 -1.907589
-2.038216 -0.000000 -1.515677
-2.300377 -0.000000 -1.076970
-2.300377 -0.000000 -1.076970
-1.890945 -0.000000 -1.695856
0.375436 -0.000000 -2.512100
0.375436 -0.000000 -2.512100
0.375436 -0.000000 -2.512100
1.689097 -0.000000 -1.896985
1.574978 -0.000000 -1.992748
1.689097 -0.000000 -1.896985
0.207339 0.000000 2.531523
0.058567 0.000000 2.539325
0.207339 0.000000 2.531523
-0.813465 0.000000 2.406216
-0.813465 0.000000 2.406216
-0.670997 0.000000 2.449768
2.155226 -0.000000 -1.344098
1.956098 -0.000000 -1.620272
2.155226 -0.000000 -1.344098
1.060667 0.000000 2.307940
0.923535 0.000000 2.366153
1.060667 0.000000 2.307940
0.798435 0.000000 -2.411245
1.283965 0.000000 -2.191582
0.798435 0.000000 -2.411245
2.487417 0.000000 -0.514158
2.487417 0.000000 -0.514158
2.513282 0.000000 -0.367444
-1.846583 -0.000000 1.744056
-1.596735 -0.000000 1.975357
-1.846583 -0.000000 1.744056
-1.956098 -0.000000 1.620272
-1.956098 -0.000000 1.620272
-2.155226 -0.000000 1.344098
0.813465 0.000000 -2.406216
0.670997 0.000000 -2.449768
0.813465 0.000000 -2.406216
1.565542 0.000000 -2.000170
1.283965 0.000000 -2.191582
1.565542 0.000000 -2.000170
0.058567 0.000000 2.539325
0.058567 0.000000 2.539325
0.207339 0.000000 2.531523
-2.433688 -0.000000 -0.727160
-2.433688 -0.000000 -0.727160
-2.509077 -0.000000 -0.395135
1.255984 0.000000 2.207738
1.255984 0.000000 2.207738
0.949427 0.000000 2.355884
-1.689097 -0.000000 1.896985
-1.689097 -0.000000 1.896985
-1.574978 -0.000000 1.992748
-0.207339 -0.000000 -2.531523
-0.207339 -0.000000 -2.531523
-0.058567 -0.000000 -2.539325
-1.668077 -0.000000 -1.915494
-1.668077 -0.000000 -1.915494
-1.396904 -0.000000 -2.121382
0.074411 0.000000 2.538910
-0.074565 0.000000 2.538905
0.074411 0.000000 2.538910
-2.529068 -0.000000 -0.235405
-2.529068 -0.000000 -0.235405
-2.510917 -0.000000 -0.383272
1.688982 0.000000 1.897087
1.688982 0.000000 1.897087
1.574857 0.000000 1.992844
-2.331723 -0.000000 1.007308
-2.331723 -0.000000 1.007308
-2.176052 -0.000000 1.310113
2.513259 0.000000 0.367596
2.487386 0.000000 0.514309
2.513259 0.000000 0.367596
1.697929 0.000000 1.889084
1.697929 0.000000 1.889084
1.935329 0.000000 1.645023
-2.510917 -0.000000 -0.383272
-2.529068 -0.000000 -0.235405
-2.510917 -0.000000 -0.383272
0.824828 0.000000 -2.402344
1.210221 0.000000 -2.233152
0.824828 0.000000 -2.402344
-2.484959 -0.000000 0.525908
-2.392296 -0.000000 0.853533
-2.392296 -0.000000 0.853533
0.074565 -0.000000 -2.538905
-0.074411 -0.000000 -2.538910
0.074565 -0.000000 -2.538905
1.786063 0.000000 1.805984
1.677111 0.000000 1.907589
1.786063 0.000000 1.805984
1.677111 0.000000 1.907589
1.677111 0.000000 1.907589
1.786063 0.000000 1.805984
-0.086410 -0.000000 -2.538530
-0.086410 -0.000000 -2.538530
-0.504429 -0.000000 -2.489408
2.484959 -0.000000 -0.525908
2.392296 -0.000000 -0.853533
2.484959 -0.000000 -0.525908
-1.587381 0.000000 1.982882
-1.468401 0.000000 2.072534
-1.587381 0.000000 1.982882
-2.222617 -0.000000 -1.229460
-2.222617 -0.000000 -1.229460
-2.038216 -0.000000 -1.515677
0.425148 0.000000 2.504166
0.086410 0.000000 2.538530
0.425148 0.000000 2.504166
-1.781866 -0.000000 -1.810125
-1.255176 -0.000000 -2.208197
-0.475163 -0.000000 -2.495159
-0.000000 2.540000 -0.000000
-0.000000 2.540000 -0.000000
-0.000000 2.540000 -0.000000
-1.468401 0.000000 2.072534
-1.468401 0.000000 2.072534
-1.587381 0.000000 1.982882
2.513282 0.000000 -0.367444
2.487417 0.000000 -0.514158
2.513282 0.000000 -0.367444
2.514737 0.000000 -0.357346
2.510698 0.000000 0.384704
2.514737 0.000000 -0.357346
0.375436 -0.000000 -2.512100
0.375436 -0.000000 -2.512100
0.375436 -0.000000 -2.512100
1.095467 0.000000 2.291626
1.095467 0.000000 2.291626
2.161474 0.000000 1.334028
0.000000 -2.540000 0.000000
0.000000 -2.540000 0.000000
0.000000 -2.540000 0.000000
-0.000000 2.540000 -0.000000
-0.000000 2.540000 -0.000000
-0.000000 2.540000 -0.000000
-0.863145 -0.000000 -2.388845
-1.300185 -0.000000 -2.181999
-1.397770 -0.000000 -2.120811
-2.539129 0.000000 0.066489
-2.497462 -0.000000 -0.462910
-2.497462 -0.000000 -0.462910
-0.000000 2.540000 -0.000000
-0.000000 2.540000 -0.000000
-0.000000 2.540000 -0.000000
-1.781866 -0.000000 -1.810125
-2.234176 -0.000000 -1.208329
-1.438562 -0.000000 -2.093356
0.000000 -2.540000 0.000000
0.000000 -2.540000 0.000000
0.000000 -2.540000 0.000000
0.000000 -2.540000 0.000000
0.000000 -2.540000 0.000000
0.000000 -2.540000 0.000000
-2.155226 -0.000000 1.344098
-1.956098 -0.000000 1.620272
-2.155226 -0.000000 1.344098
0.000000 -2.540000 0.000000
0.000000 -2.540000 0.000000
0.000000 -2.540000 0.000000
-1.565542 0.000000 2.000170
-1.565542 0.000000 2.000170
-1.283965 0.000000 2.191582
0.000000 -2.540000 0.000000
0.000000 -2.540000 0.000000
0.000000 -2.540000 0.000000
2.236039 -0.000000 -1.204877
2.161555 -0.000000 -1.333897
2.236039 -0.000000 -1.204877
-0.000000 2.540000 -0.000000
-0.000000 2.540000 -0.000000
-0.000000 2.540000 -0.000000
-1.596735 -0.000000 1.975357
-1.596735 -0.000000 1.975357
-1.846583 -0.000000 1.744056
1.956098 -0.000000 -1.620272
1.956098 -0.000000 -1.620272
2.155226 -0.000000 -1.344098
0.000000 -2.540000 0.000000
0.000000 -2.540000 0.000000
0.000000 -2.540000 0.000000
-0.000000 2.540000 -0.000000
-0.000000 2.540000 -0.000000
-0.000000 2.540000 -0.000000
1.396904 0.000000 2.121382
1.396904 0.000000 2.121382
1.668077 0.000000 1.915494
0.000000 -2.540000 0.000000
0.000000 -2.540000 0.000000
0.000000 -2.540000 0.000000
1.668077 0.000000 1.915494
1.396904 0.000000 2.121382
1.668077 0.000000 1.915494
2.161474 0.000000 1.334028
2.161474 0.000000 1.334028
2.235966 0.000000 1.205013
-0.000000 2.540000 -0.000000
-0.000000 2.540000 -0.000000
-0.000000 2.540000 -0.000000
-0.000000 2.540000 -0.000000
-0.000000 2.540000 -0.000000
-0.000000 2.540000 -0.000000
1.574978 -0.000000 -1.992748
1.574978 -0.000000 -1.992748
1.689097 -0.000000 -1.896985
-0.000000 2.540000 -0.000000
-0.000000 2.540000 -0.000000
-0.000000 2.540000 -0.000000
-2.161555 -0.000000 1.333897
-2.236039 -0.000000 1.204877
-2.161555 -0.000000 1.333897
-2.331723 -0.000000 1.007308
-2.176052 -0.000000 1.310113
-2.176052 -0.000000 1.310113
-0.000000 2.540000 -0.000000
-0.000000 2.540000 -0.000000
-0.000000 2.540000 -0.000000
-0.000000 2.540000 -0.000000
-0.000000 2.540000 -0.000000
-0.000000 2.540000 -0.000000
1.574857 0.000000 1.992844
1.688982 0.000000 1.897087
1.574857 0.000000 1.992844
-1.320117 -0.000000 -2.169998
-1.890945 -0.000000 -1.695856
-1.320117 -0.000000 -2.169998
-0.000000 2.540000 -0.000000
-0.000000 2.540000 -0.000000
-0.000000 2.540000 -0.000000
0.000000 -2.540000 0.000000
0.000000 -2.540000 0.000000
0.000000 -2.540000 0.000000
-1.677111 -0.000000 -1.907589
-1.677111 -0.000000 -1.907589
-1.786063 -0.000000 -1.805984
0.938282 0.000000 2.360345
0.798288 0.000000 2.411293
0.938282 0.000000 2.360345
-0.000000 2.540000 -0.000000
-0.000000 2.540000 -0.000000
-0.000000 2.540000 -0.000000
-2.169836 -0.000000 1.320383
-2.088694 -0.000000 1.445323
-2.169836 -0.000000 1.320383
0.000000 -2.540000 0.000000
0.000000 -2.540000 0.000000
0.000000 -2.540000 0.000000
0.000000 -2.540000 0.000000
0.000000 -2.540000 0.000000
0.000000 -2.540000 0.000000
-1.060667 -0.000000 -2.307940
-1.060667 -0.000000 -2.307940
-0.923535 -0.000000 -2.366153
-0.000000 2.540000 -0.000000
-0.000000 2.540000 -0.000000
-0.000000 2.540000 -0.000000
0.798435 0.000000 -2.411245
0.798435 0.000000 -2.411245
0.938425 0.000000 -2.360288
-1.397770 -0.000000 -2.120811
-1.300185 -0.000000 -2.181999
-0.826786 -0.000000 -2.401671
0.000000 -2.540000 0.000000
0.000000 -2.540000 0.000000
0.000000 -2.540000 0.000000
-1.574978 -0.000000 1.992748
-1.689097 -0.000000 1.896985
-1.574978 -0.000000 1.992748
-0.000000 2.540000 -0.000000
-0.000000 2.540000 -0.000000
-0.000000 2.540000 -0.000000
-0.000000 2.540000 -0.000000
-0.000000 2.540000 -0.000000
-0.000000 2.540000 -0.000000
-0.587105 -0.000000 -2.471216
-0.587105 -0.000000 -2.471216
-0.912342 -0.000000 -2.370492
-2.296033 -0.000000 -1.086201
-2.228403 -0.000000 -1.218942
-2.296033 -0.000000 -1.086201
0.000000 -2.540000 0.000000
0.000000 -2.540000 0.000000
0.000000 -2.540000 0.000000
0.086410 0.000000 2.538530
0.086410 0.000000 2.538530
0.425148 0.000000 2.504166
0.000000 -2.540000 0.000000
0.000000 -2.540000 0.000000
0.000000 -2.540000 0.000000
0.912342 0.000000 2.370492
0.587105 0.000000 2.471216
0.912342 0.000000 2.370492
0.000000 -2.540000 0.000000
0.000000 -2.540000 0.000000
0.000000 -2.540000 0.000000
0.000000 -2.540000 0.000000
0.000000 -2.540000 0.000000
0.000000 -2.540000 0.000000
-2.457060 -0.000000 0.643783
-2.490577 -0.000000 0.498626
-2.457060 -0.000000 0.643783
-0.000000 2.540000 -0.000000
-0.000000 2.540000 -0.000000
-0.000000 2.540000 -0.000000
2.161555 -0.000000 -1.333897
2.161555 -0.000000 -1.333897
2.236039 -0.000000 -1.204877
0.000000 -2.540000 0.000000
0.000000 -2.540000 0.000000
0.000000 -2.540000 0.000000
-0.456967 0.000000 2.498556
-0.787030 0.000000 2.414992
-0.456967 0.000000 2.498556
0.000000 -2.540000 0.000000
0.000000 -2.540000 0.000000
0.000000 -2.540000 0.000000
-0.046565 -0.000000 -2.539573
-0.046565 -0.000000 -2.539573
0.293507 0.000000 -2.522985
0.000000 -2.540000 0.000000
0.000000 -2.540000 0.000000
0.000000 -2.540000 0.000000
-0.912342 -0.000000 -2.370492
-0.587105 -0.000000 -2.471216
-0.912342 -0.000000 -2.370492
-0.293507 0.000000 2.522985
-0.293507 0.000000 2.522985
0.046565 0.000000 2.539573
-0.000000 2.540000 -0.000000
-0.000000 2.540000 -0.000000
-0.000000 2.540000 -0.000000
2.539949 0.000000 0.016155
2.514969 0.000000 0.355714
2.539949 0.000000 0.016155
0.000000 -2.540000 0.000000
0.000000 -2.540000 0.000000
0.000000 -2.540000 0.000000
-2.492905 -0.000000 0.486850
-2.535622 -0.000000 0.149064
-2.492905 -0.000000 0.486850
-0.000000 2.540000 -0.000000
-0.000000 2.540000 -0.000000
-0.000000 2.540000 -0.000000
0.949427 0.000000 2.355884
1.255984 0.000000 2.207738
0.949427 0.000000 2.355884
0.000000 -2.540000 0.000000
0.000000 -2.540000 0.000000
0.000000 -2.540000 0.000000
0.000000 -2.540000 0.000000
0.000000 -2.540000 0.000000
0.000000 -2.540000 0.000000
-2.484959 -0.000000 0.525908
-2.392296 -0.000000 0.853533
-2.484959 -0.000000 0.525908
-1.138718 0.000000 2.270445
-0.824828 0.000000 2.402344
-1.138718 0.000000 2.270445
-0.000000 2.540000 -0.000000
-0.000000 2.540000 -0.000000
-0.000000 2.540000 -0.000000
-2.509077 -0.000000 -0.395135
-2.433688 -0.000000 -0.727160
-2.509077 -0.000000 -0.395135
-0.000000 2.540000 -0.000000
-0.000000 2.540000 -0.000000
-0.000000 2.540000 -0.000000
0.000000 -2.540000 0.000000
0.000000 -2.540000 0.000000
0.000000 -2.540000 0.000000
0.938425 0.000000 -2.360288
0.938425 0.000000 -2.360288
2.066586 0.000000 -1.476762
-2.535622 -0.000000 0.149064
-2.535622 -0.000000 0.149064
-2.492905 -0.000000 0.486850
0.000000 -2.540000 0.000000
0.000000 -2.540000 0.000000
0.000000 -2.540000 0.000000
-0.000000 2.540000 -0.000000
-0.000000 2.540000 -0.000000
-0.000000 2.540000 -0.000000
0.787030 -0.000000 -2.414992
0.456967 -0.000000 -2.498556
0.787030 -0.000000 -2.414992
-0.000000 2.540000 -0.000000
-0.000000 2.540000 -0.000000
-0.000000 2.540000 -0.000000
0.293507 0.000000 -2.522985
-0.046565 -0.000000 -2.539573
0.293507 0.000000 -2.522985
0.000000 -2.540000 0.000000
0.000000 -2.540000 0.000000
0.000000 -2.540000 0.000000
-0.824828 0.000000 2.402344
-0.824828 0.000000 2.402344
-1.138718 0.000000 2.270445
-0.000000 2.540000 -0.000000
-0.000000 2.540000 -0.000000
-0.000000 2.540000 -0.000000
2.304140 0.000000 -1.068896
2.304140 0.000000 -1.068896
1.896880 0.000000 -1.689214
0.000000 -2.540000 0.000000
0.000000 -2.540000 0.000000
0.000000 -2.540000 0.000000
0.046565 0.000000 2.539573
-0.293507 0.000000 2.522985
0.046565 0.000000 2.539573
1.492841 0.000000 -2.055001
1.881328 0.000000 -1.706519
1.468712 0.000000 -2.072314
0.000000 -2.540000 0.000000
0.000000 -2.540000 0.000000
0.000000 -2.540000 0.000000
0.000000 -2.540000 0.000000
0.000000 -2.540000 0.000000
0.000000 -2.540000 0.000000
0.456967 -0.000000 -2.498556
0.456967 -0.000000 -2.498556
0.787030 -0.000000 -2.414992
1.222793 0.000000 -2.226292
1.210221 0.000000 -2.233152
0.824828 0.000000 -2.402344
-0.000000 2.540000 -0.000000
-0.000000 2.540000 -0.000000
-0.000000 2.540000 -0.000000
0.587105 0.000000 2.471216
0.587105 0.000000 2.471216
0.912342 0.000000 2.370492
-0.000000 2.540000 -0.000000
-0.000000 2.540000 -0.000000
-0.000000 2.540000 -0.000000
2.222617 0.000000 1.229460
2.038216 0.000000 1.515677
2.222617 0.000000 1.229460
0.000000 -2.540000 0.000000
0.000000 -2.540000 0.000000
0.000000 -2.540000 0.000000
-1.786063 -0.000000 -1.805984
-1.677111 -0.000000 -1.907589
-1.786063 -0.000000 -1.805984
-0.000000 2.540000 -0.000000
-0.000000 2.540000 -0.000000
-0.000000 2.540000 -0.000000
-0.000000 2.540000 -0.000000
-0.000000 2.540000 -0.000000
-0.000000 2.540000 -0.000000
2.038216 0.000000 1.515677
2.038216 0.000000 1.515677
2.222617 0.000000 1.229460
2.381246 0.000000 0.883894
2.241636 0.000000 1.194432
2.381246 0.000000 0.883894
0.000000 -2.540000 0.000000
0.000000 -2.540000 0.000000
0.000000 -2.540000 0.000000
1.183915 0.000000 -2.247209
2.233237 0.000000 -1.210064
1.987742 0.000000 -1.581291
0.000000 -2.540000 0.000000
0.000000 -2.540000 0.000000
0.000000 -2.540000 0.000000
-0.000000 2.540000 -0.000000
-0.000000 2.540000 -0.000000
-0.000000 2.540000 -0.000000
-0.787030 0.000000 2.414992
-0.787030 0.000000 2.414992
-0.456967 0.000000 2.498556
-0.000000 2.540000 -0.000000
-0.000000 2.540000 -0.000000
-0.000000 2.540000 -0.000000
2.514969 0.000000 0.355714
2.514969 0.000000 0.355714
2.539949 0.000000 0.016155
-0.000000 2.540000 -0.000000
-0.000000 2.540000 -0.000000
-0.000000 2.540000 -0.000000
-0.923535 -0.000000 -2.366153
-1.060667 -0.000000 -2.307940
-0.923535 -0.000000 -2.366153
-0.000000 2.540000 -0.000000
-0.000000 2.540000 -0.000000
-0.000000 2.540000 -0.000000
2.241636 0.000000 1.194432
2.241636 0.000000 1.194432
2.381246 0.000000 0.883894
-0.000000 2.540000 -0.000000
-0.000000 2.540000 -0.000000
-0.000000 2.540000 -0.000000
2.233237 0.000000 -1.210064
2.489834 0.000000 -0.502321
1.987742 0.000000 -1.581291
0.000000 -2.540000 0.000000
0.000000 -2.540000 0.000000
0.000000 -2.540000 0.000000
1.896880 0.000000 -1.689214
2.304140 0.000000 -1.068896
1.896880 0.000000 -1.689214
-1.902348 -0.000000 1.683055
-2.210719 -0.000000 1.250728
-2.210719 -0.000000 1.250728
-0.000000 2.540000 -0.000000
-0.000000 2.540000 -0.000000
-0.000000 2.540000 -0.000000
-2.300377 -0.000000 -1.076970
-2.300377 -0.000000 -1.076970
-2.513469 -0.000000 -0.366162
-0.000000 2.540000 -0.000000
-0.000000 2.540000 -0.000000
-0.000000 2.540000 -0.000000
-0.000000 2.540000 -0.000000
-0.000000 2.540000 -0.000000
-0.000000 2.540000 -0.000000
-0.375436 -0.000000 2.512100
-0.889557 -0.000000 2.379136
-0.889557 -0.000000 2.379136
-0.721368 0.000000 2.435411
-0.721368 0.000000 2.435411
-1.211983 0.000000 2.232195
0.000000 -2.540000 0.000000
0.000000 -2.540000 0.000000
0.000000 -2.540000 0.000000
-2.188522 -0.000000 -1.289175
-1.544522 -0.000000 -2.016445
-1.544522 -0.000000 -2.016445
-0.000000 2.540000 -0.000000
-0.000000 2.540000 -0.000000
-0.000000 2.540000 -0.000000
-1.987825 -0.000000 -1.581187
-1.615614 -0.000000 -1.959947
-1.615614 -0.000000 -1.959947
-0.000000 2.540000 -0.000000
-0.000000 2.540000 -0.000000
-0.000000 2.540000 -0.000000
-2.363261 0.000000 0.930913
-2.505171 0.000000 0.419189
-2.505171 0.000000 0.419189
-0.000000 2.540000 -0.000000
-0.000000 2.540000 -0.000000
-0.000000 2.540000 -0.000000
2.188522 0.000000 1.289175
1.544522 0.000000 2.016445
1.544522 0.000000 2.016445
-0.000000 2.540000 -0.000000
-0.000000 2.540000 -0.000000
-0.000000 2.540000 -0.000000
2.363261 -0.000000 -0.930913
2.505171 -0.000000 -0.419189
2.505171 -0.000000 -0.419189
-0.000000 2.540000 -0.000000
-0.000000 2.540000 -0.000000
-0.000000 2.540000 -0.000000
0.000000 -2.540000 0.000000
0.000000 -2.540000 0.000000
0.000000 -2.540000 0.000000
-2.447037 -0.000000 0.680888
-2.447037 -0.000000 0.680888
-2.523676 -0.000000 -0.287504
-0.000000 2.540000 -0.000000
-0.000000 2.540000 -0.000000
-0.000000 2.540000 -0.000000
2.539129 0.000000 -0.066489
2.497462 0.000000 0.462910
2.497462 0.000000 0.462910
1.987825 0.000000 1.581187
1.615614 0.000000 1.959947
1.615614 0.000000 1.959947
-0.000000 2.540000 -0.000000
-0.000000 2.540000 -0.000000
-0.000000 2.540000 -0.000000
-0.000000 2.540000 -0.000000
-0.000000 2.540000 -0.000000
-0.000000 2.540000 -0.000000
1.327146 0.000000 2.165706
0.847839 0.000000 2.394320
0.847839 0.000000 2.394320
1.012852 0.000000 2.329320
0.506395 0.000000 2.489009
0.506395 0.000000 2.489009
-0.000000 2.540000 -0.000000
-0.000000 2.540000 -0.000000
-0.000000 2.540000 -0.000000
-2.181277 -0.000000 1.301396
-2.181277 -0.000000 1.301396
-2.149831 -0.000000 1.352710
-0.000000 2.540000 -0.000000
-0.000000 2.540000 -0.000000
-0.000000 2.540000 -0.000000
1.987825 0.000000 1.581187
1.987825 0.000000 1.581187
1.615614 0.000000 1.959947
0.000000 -2.540000 0.000000
0.000000 -2.540000 0.000000
0.000000 -2.540000 0.000000
1.283965 0.000000 -2.191582
1.283965 0.000000 -2.191582
1.565542 0.000000 -2.000170
0.000000 -2.540000 0.000000
0.000000 -2.540000 0.000000
0.000000 -2.540000 0.000000
1.012852 0.000000 2.329320
1.012852 0.000000 2.329320
0.506395 0.000000 2.489009
0.000000 -2.540000 0.000000
0.000000 -2.540000 0.000000
0.000000 -2.540000 0.000000
0.000000 -2.540000 0.000000
0.000000 -2.540000 0.000000
0.000000 -2.540000 0.000000
2.235966 0.000000 1.205013
2.161474 0.000000 1.334028
2.235966 0.000000 1.205013
-0.000000 2.540000 -0.000000
-0.000000 2.540000 -0.000000
-0.000000 2.540000 -0.000000
-2.507476 -0.000000 -0.405171
-2.507476 -0.000000 -0.405171
-2.516372 -0.000000 -0.345649
0.000000 -2.540000 0.000000
0.000000 -2.540000 0.000000
0.000000 -2.540000 0.000000
2.447037 -0.000000 -0.680888
2.447037 -0.000000 -0.680888
2.523676 0.000000 0.287504
0.000000 -2.540000 0.000000
0.000000 -2.540000 0.000000
0.000000 -2.540000 0.000000
-0.761711 -0.000000 -2.423096
-0.761711 -0.000000 -2.423096
0.670997 0.000000 -2.449768
-0.000000 2.540000 -0.000000
-0.000000 2.540000 -0.000000
-0.000000 2.540000 -0.000000
1.574857 0.000000 1.992844
0.245620 0.000000 2.528096
0.245620 0.000000 2.528096
0.000000 -2.540000 0.000000
0.000000 -2.540000 0.000000
0.000000 -2.540000 0.000000
0.074565 -0.000000 -2.538905
0.074565 -0.000000 -2.538905
1.436873 -0.000000 -2.094516
0.000000 -2.540000 0.000000
0.000000 -2.540000 0.000000
0.000000 -2.540000 0.000000
2.513282 0.000000 -0.367444
2.513282 0.000000 -0.367444
2.312206 0.000000 1.051335
0.000000 -2.540000 0.000000
0.000000 -2.540000 0.000000
0.000000 -2.540000 0.000000
-0.074565 0.000000 2.538905
-0.074565 0.000000 2.538905
-1.436873 0.000000 2.094516
0.798288 0.000000 2.411293
0.798288 0.000000 2.411293
-0.633852 -0.000000 2.459641
0.000000 -2.540000 0.000000
0.000000 -2.540000 0.000000
0.000000 -2.540000 0.000000
-0.798435 0.000000 2.411245
-0.938425 0.000000 2.360288
-0.798435 0.000000 2.411245
-0.000000 2.540000 -0.000000
-0.000000 2.540000 -0.000000
-0.000000 2.540000 -0.000000
0.000000 -2.540000 0.000000
0.000000 -2.540000 0.000000
0.000000 -2.540000 0.000000
-0.938425 0.000000 2.360288
-0.938425 0.000000 2.360288
-2.066586 0.000000 1.476762
-0.143511 -0.000000 -2.535943
0.857640 0.000000 -2.390827
0.581579 0.000000 -2.472522
0.000000 -2.540000 0.000000
0.000000 -2.540000 0.000000
0.000000 -2.540000 0.000000
-1.320117 -0.000000 -2.169998
-1.320117 -0.000000 -2.169998
-0.636615 -0.000000 -2.458927
0.000000 -2.540000 0.000000
0.000000 -2.540000 0.000000
0.000000 -2.540000 0.000000
-1.846583 -0.000000 1.744056
-1.846583 -0.000000 1.744056
-2.169836 -0.000000 1.320383
-0.000000 2.540000 -0.000000
-0.000000 2.540000 -0.000000
-0.000000 2.540000 -0.000000
-2.513469 -0.000000 -0.366162
-2.300377 -0.000000 -1.076970
-2.513469 -0.000000 -0.366162
0.000000 -2.540000 0.000000
0.000000 -2.540000 0.000000
0.000000 -2.540000 0.000000
0.000000 -2.540000 0.000000
0.000000 -2.540000 0.000000
0.000000 -2.540000 0.000000
-1.396904 -0.000000 -2.121382
-1.396904 -0.000000 -2.121382
-0.923535 -0.000000 -2.366153
-0.000000 2.540000 -0.000000
-0.000000 2.540000 -0.000000
-0.000000 2.540000 -0.000000
-0.974032 -0.000000 2.345818
-0.974032 -0.000000 2.345818
-2.088694 -0.000000 1.445323
-0.000000 2.540000 -0.000000
-0.000000 2.540000 -0.000000
-0.000000 2.540000 -0.000000
2.235966 0.000000 1.205013
2.235966 0.000000 1.205013
1.935329 0.000000 1.645023
0.000000 -2.540000 0.000000
0.000000 -2.540000 0.000000
0.000000 -2.540000 0.000000
1.574978 -0.000000 -1.992748
1.956098 -0.000000 -1.620272
1.574978 -0.000000 -1.992748
-0.000000 2.540000 -0.000000
-0.000000 2.540000 -0.000000
-0.000000 2.540000 -0.000000
1.956098 -0.000000 -1.620272
1.956098 -0.000000 -1.620272
1.574978 -0.000000 -1.992748
0.923535 0.000000 2.366153
0.923535 0.000000 2.366153
1.396904 0.000000 2.121382
-0.000000 2.540000 -0.000000
-0.000000 2.540000 -0.000000
-0.000000 2.540000 -0.000000
0.938425 0.000000 -2.360288
0.798435 0.000000 -2.411245
0.938425 0.000000 -2.360288
0.000000 -2.540000 0.000000
0.000000 -2.540000 0.000000
0.000000 -2.540000 0.000000
-0.000000 2.540000 -0.000000
-0.000000 2.540000 -0.000000
-0.000000 2.540000 -0.000000
2.514737 0.000000 -0.357346
2.514737 0.000000 -0.357346
2.304140 0.000000 -1.068896
0.000000 -2.540000 0.000000
0.000000 -2.540000 0.000000
0.000000 -2.540000 0.000000
-0.375436 -0.000000 2.512100
-0.375436 -0.000000 2.512100
-0.889557 -0.000000 2.379136
1.688982 0.000000 1.897087
1.688982 0.000000 1.897087
1.255984 0.000000 2.207738
0.000000 -2.540000 0.000000
0.000000 -2.540000 0.000000
0.000000 -2.540000 0.000000
-2.490577 -0.000000 0.498626
-2.490577 -0.000000 0.498626
-2.331723 -0.000000 1.007308
-0.000000 2.540000 -0.000000
-0.000000 2.540000 -0.000000
-0.000000 2.540000 -0.000000
-0.000000 2.540000 -0.000000
-0.000000 2.540000 -0.000000
-0.000000 2.540000 -0.000000
-2.228403 -0.000000 -1.218942
-2.228403 -0.000000 -1.218942
-2.433688 -0.000000 -0.727160
-1.587381 0.000000 1.982882
-1.138718 0.000000 2.270445
-1.587381 0.000000 1.982882
0.000000 -2.540000 0.000000
0.000000 -2.540000 0.000000
0.000000 -2.540000 0.000000
-0.000000 2.540000 -0.000000
-0.000000 2.540000 -0.000000
-0.000000 2.540000 -0.000000
-2.254014 -0.000000 1.170905
-2.529068 -0.000000 -0.235405
-2.529068 -0.000000 -0.235405
1.255984 0.000000 2.207738
1.688982 0.000000 1.897087
1.255984 0.000000 2.207738
-0.000000 2.540000 -0.000000
-0.000000 2.540000 -0.000000
-0.000000 2.540000 -0.000000
0.000000 -2.540000 0.000000
0.000000 -2.540000 0.000000
0.000000 -2.540000 0.000000
0.587105 0.000000 2.471216
0.058567 0.000000 2.539325
0.587105 0.000000 2.471216
1.396904 0.000000 2.121382
0.923535 0.000000 2.366153
1.396904 0.000000 2.121382
0.000000 -2.540000 0.000000
0.000000 -2.540000 0.000000
0.000000 -2.540000 0.000000
-0.923535 -0.000000 -2.366153
-1.396904 -0.000000 -2.121382
-0.923535 -0.000000 -2.366153
-0.000000 2.540000 -0.000000
-0.000000 2.540000 -0.000000
-0.000000 2.540000 -0.000000
-0.813465 0.000000 2.406216
-0.813465 0.000000 2.406216
-0.293507 0.000000 2.522985
-0.000000 2.540000 -0.000000
-0.000000 2.540000 -0.000000
-0.000000 2.540000 -0.000000
-0.000000 2.540000 -0.000000
-0.000000 2.540000 -0.000000
-0.000000 2.540000 -0.000000
0.456967 -0.000000 -2.498556
-0.074411 -0.000000 -2.538910
0.456967 -0.000000 -2.498556
0.425148 0.000000 2.504166
0.425148 0.000000 2.504166
0.938282 0.000000 2.360345
0.000000 -2.540000 0.000000
0.000000 -2.540000 0.000000
0.000000 -2.540000 0.000000
1.283965 0.000000 -2.191582
1.283965 0.000000 -2.191582
0.798435 0.000000 -2.411245
-0.000000 2.540000 -0.000000
-0.000000 2.540000 -0.000000
-0.000000 2.540000 -0.000000
0.000000 -2.540000 0.000000
0.000000 -2.540000 0.000000
0.000000 -2.540000 0.000000
-2.236039 -0.000000 1.204877
-2.236039 -0.000000 1.204877
-2.532340 -0.000000 -0.197111
0.000000 -2.540000 0.000000
0.000000 -2.540000 0.000000
0.000000 -2.540000 0.000000
-2.433688 -0.000000 -0.727160
-2.228403 -0.000000 -1.218942
-2.433688 -0.000000 -0.727160
-0.000000 2.540000 -0.000000
-0.000000 2.540000 -0.000000
-0.000000 2.540000 -0.000000
-1.138718 0.000000 2.270445
-1.138718 0.000000 2.270445
-1.587381 0.000000 1.982882
0.000000 -2.540000 0.000000
0.000000 -2.540000 0.000000
0.000000 -2.540000 0.000000
2.381246 0.000000 0.883894
2.513259 0.000000 0.367596
2.381246 0.000000 0.883894
-0.587105 -0.000000 -2.471216
-0.587105 -0.000000 -2.471216
-0.058567 -0.000000 -2.539325
0.000000 -2.540000 0.000000
0.000000 -2.540000 0.000000
0.000000 -2.540000 0.000000
-0.000000 2.540000 -0.000000
-0.000000 2.540000 -0.000000
-0.000000 2.540000 -0.000000
-2.535622 -0.000000 0.149064
-2.510917 -0.000000 -0.383272
-2.535622 -0.000000 0.149064
-0.293507 0.000000 2.522985
-0.813465 0.000000 2.406216
-0.293507 0.000000 2.522985
0.000000 -2.540000 0.000000
0.000000 -2.540000 0.000000
0.000000 -2.540000 0.000000
0.000000 -2.540000 0.000000
0.000000 -2.540000 0.000000
0.000000 -2.540000 0.000000
0.293507 0.000000 -2.522985
0.293507 0.000000 -2.522985
0.813465 0.000000 -2.406216
-0.000000 2.540000 -0.000000
-0.000000 2.540000 -0.000000
-0.000000 2.540000 -0.000000
0.938282 0.000000 2.360345
0.425148 0.000000 2.504166
0.938282 0.000000 2.360345
-1.677111 -0.000000 -1.907589
-1.677111 -0.000000 -1.907589
-2.038216 -0.000000 -1.515677
0.000000 -2.540000 0.000000
0.000000 -2.540000 0.000000
0.000000 -2.540000 0.000000
-2.169836 -0.000000 1.320383
-1.846583 -0.000000 1.744056
-2.169836 -0.000000 1.320383
0.000000 -2.540000 0.000000
0.000000 -2.540000 0.000000
0.000000 -2.540000 0.000000
0.000000 -2.540000 0.000000
0.000000 -2.540000 0.000000
0.000000 -2.540000 0.000000
-0.074411 -0.000000 -2.538910
-0.074411 -0.000000 -2.538910
0.456967 -0.000000 -2.498556
-0.798435 0.000000 2.411245
-0.798435 0.000000 2.411245
-1.283965 0.000000 2.191582
0.000000 -2.540000 0.000000
0.000000 -2.540000 0.000000
0.000000 -2.540000 0.000000
2.161555 -0.000000 -1.333897
2.392296 -0.000000 -0.853533
2.161555 -0.000000 -1.333897
0.000000 -2.540000 0.000000
0.000000 -2.540000 0.000000
0.000000 -2.540000 0.000000
-1.574978 -0.000000 1.992748
-1.574978 -0.000000 1.992748
-1.956098 -0.000000 1.620272
0.000000 -2.540000 0.000000
0.000000 -2.540000 0.000000
0.000000 -2.540000 0.000000
-2.392296 -0.000000 0.853533
-2.161555 -0.000000 1.333897
-2.392296 -0.000000 0.853533
-0.000000 2.540000 -0.000000
-0.000000 2.540000 -0.000000
-0.000000 2.540000 -0.000000
0.058567 0.000000 2.539325
0.058567 0.000000 2.539325
0.587105 0.000000 2.471216
-0.000000 2.540000 -0.000000
-0.000000 2.540000 -0.000000
-0.000000 2.540000 -0.000000
0.000000 -2.540000 0.000000
0.000000 -2.540000 0.000000
0.000000 -2.540000 0.000000
-2.161555 -0.000000 1.333897
-2.161555 -0.000000 1.333897
-2.392296 -0.000000 0.853533
0.000000 -2.540000 0.000000
0.000000 -2.540000 0.000000
0.000000 -2.540000 0.000000
2.038216 0.000000 1.515677
2.038216 0.000000 1.515677
1.677111 0.000000 1.907589
1.677111 0.000000 1.907589
2.038216 0.000000 1.515677
1.677111 0.000000 1.907589
-0.000000 2.540000 -0.000000
-0.000000 2.540000 -0.000000
-0.000000 2.540000 -0.000000
2.487417 0.000000 -0.514158
2.487417 0.000000 -0.514158
2.539949 0.000000 0.016155
-0.000000 2.540000 -0.000000
-0.000000 2.540000 -0.000000
-0.000000 2.540000 -0.000000
0.000000 -2.540000 0.000000
0.000000 -2.540000 0.000000
0.000000 -2.540000 0.000000
-2.331723 -0.000000 1.007308
-2.490577 -0.000000 0.498626
-2.331723 -0.000000 1.007308
-0.000000 2.540000 -0.000000
-0.000000 2.540000 -0.000000
-0.000000 2.540000 -0.000000
0.857640 0.000000 -2.390827
1.374085 0.000000 -2.136233
0.581579 0.000000 -2.472522
0.000000 -2.540000 0.000000
0.000000 -2.540000 0.000000
0.000000 -2.540000 0.000000
0.958845 0.000000 2.352066
0.958845 0.000000 2.352066
0.902850 0.000000 2.374123
0.000000 -2.540000 0.000000
0.000000 -2.540000 0.000000
0.000000 -2.540000 0.000000
-0.777361 0.000000 2.418121
-0.777361 0.000000 2.418121
-0.834434 0.000000 2.399025
-0.000000 2.540000 -0.000000
-0.000000 2.540000 -0.000000
-0.000000 2.540000 -0.000000
2.505431 0.000000 -0.417629
2.494833 0.000000 -0.476872
2.494833 0.000000 -0.476872
-1.604626 -0.000000 1.968953
-1.557526 -0.000000 2.006418
-1.557526 -0.000000 2.006418
0.000000 -2.540000 0.000000
0.000000 -2.540000 0.000000
0.000000 -2.540000 0.000000
-0.456967 0.000000 2.498556
-0.456967 0.000000 2.498556
0.074411 0.000000 2.538910
0.000000 -2.540000 0.000000
0.000000 -2.540000 0.000000
0.000000 -2.540000 0.000000
-1.956098 -0.000000 1.620272
-1.574978 -0.000000 1.992748
-1.956098 -0.000000 1.620272
-0.000000 2.540000 -0.000000
-0.000000 2.540000 -0.000000
-0.000000 2.540000 -0.000000
0.000000 -2.540000 0.000000
0.000000 -2.540000 0.000000
0.000000 -2.540000 0.000000
0.166729 0.000000 -2.534522
-0.121155 -0.000000 -2.537109
-0.689470 -0.000000 -2.444633
-0.000000 2.540000 -0.000000
-0.000000 2.540000 -0.000000
-0.000000 2.540000 -0.000000
-1.283965 0.000000 2.191582
-1.565542 0.000000 2.000170
-1.283965 0.000000 2.191582
2.392296 -0.000000 -0.853533
2.392296 -0.000000 -0.853533
2.161555 -0.000000 -1.333897
-0.000000 2.540000 -0.000000
-0.000000 2.540000 -0.000000
-0.000000 2.540000 -0.000000
2.304140 0.000000 -1.068896
2.514737 0.000000 -0.357346
2.304140 0.000000 -1.068896
0.000000 -2.540000 0.000000
0.000000 -2.540000 0.000000
0.000000 -2.540000 0.000000
-0.000000 2.540000 -0.000000
-0.000000 2.540000 -0.000000
-0.000000 2.540000 -0.000000
-1.604626 -0.000000 1.968953
-1.604626 -0.000000 1.968953
-1.557526 -0.000000 2.006418
2.246397 0.000000 1.185453
2.246397 0.000000 1.185453
2.217680 0.000000 1.238343
0.000000 -2.540000 0.000000
0.000000 -2.540000 0.000000
0.000000 -2.540000 0.000000
-2.494833 -0.000000 0.476872
-2.494833 -0.000000 0.476872
-2.482835 -0.000000 0.535846
-0.000000 2.540000 -0.000000
-0.000000 2.540000 -0.000000
-0.000000 2.540000 -0.000000
-0.000000 2.540000 -0.000000
-0.000000 2.540000 -0.000000
-0.000000 2.540000 -0.000000
-2.038216 -0.000000 -1.515677
-2.222617 -0.000000 -1.229460
-2.038216 -0.000000 -1.515677
-1.890945 -0.000000 -1.695856
-2.300377 -0.000000 -1.076970
-1.890945 -0.000000 -1.695856
-0.000000 2.540000 -0.000000
-0.000000 2.540000 -0.000000
-0.000000 2.540000 -0.000000
0.000000 -2.540000 0.000000
0.000000 -2.540000 0.000000
0.000000 -2.540000 0.000000
2.236039 -0.000000 -1.204877
2.236039 -0.000000 -1.204877
2.532340 0.000000 0.197111
-1.890945 -0.000000 -1.695856
-1.890945 -0.000000 -1.695856
-1.320117 -0.000000 -2.169998
0.000000 -2.540000 0.000000
0.000000 -2.540000 0.000000
0.000000 -2.540000 0.000000
-0.000000 2.540000 -0.000000
-0.000000 2.540000 -0.000000
-0.000000 2.540000 -0.000000
2.447037 -0.000000 -0.680888
2.447037 -0.000000 -0.680888
1.689097 -0.000000 -1.896985
-0.000000 2.540000 -0.000000
-0.000000 2.540000 -0.000000
-0.000000 2.540000 -0.000000
-0.518458 -0.000000 -2.486524
-0.798651 -0.000000 -2.411173
-0.504429 -0.000000 -2.489408
-1.689097 -0.000000 1.896985
-1.689097 -0.000000 1.896985
-2.447037 -0.000000 0.680888
-0.000000 2.540000 -0.000000
-0.000000 2.540000 -0.000000
-0.000000 2.540000 -0.000000
0.000000 -2.540000 0.000000
0.000000 -2.540000 0.000000
0.000000 -2.540000 0.000000
2.539949 0.000000 0.016155
2.487417 0.000000 -0.514158
2.539949 0.000000 0.016155
0.000000 -2.540000 0.000000
0.000000 -2.540000 0.000000
0.000000 -2.540000 0.000000
1.935329 0.000000 1.645023
2.235966 0.000000 1.205013
1.935329 0.000000 1.645023
-0.000000 2.540000 -0.000000
-0.000000 2.540000 -0.000000
-0.000000 2.540000 -0.000000
-2.246397 -0.000000 -1.185453
-2.217680 -0.000000 -1.238343
-2.217680 -0.000000 -1.238343
-0.000000 2.540000 -0.000000
-0.000000 2.540000 -0.000000
-0.000000 2.540000 -0.000000
2.181277 0.000000 -1.301396
2.181277 0.000000 -1.301396
2.149831 0.000000 -1.352710
0.207339 0.000000 2.531523
0.207339 0.000000 2.531523
1.544522 0.000000 2.016445
0.000000 -2.540000 0.000000
0.000000 -2.540000 0.000000
0.000000 -2.540000 0.000000
2.181277 0.000000 -1.301396
2.149831 0.000000 -1.352710
2.149831 0.000000 -1.352710
0.000000 -2.540000 0.000000
0.000000 -2.540000 0.000000
0.000000 -2.540000 0.000000
2.516372 0.000000 0.345649
2.516372 0.000000 0.345649
2.507476 0.000000 0.405171
0.000000 -2.540000 0.000000
0.000000 -2.540000 0.000000
0.000000 -2.540000 0.000000
2.516372 0.000000 0.345649
2.507476 0.000000 0.405171
2.507476 0.000000 0.405171
-0.000000 2.540000 -0.000000
-0.000000 2.540000 -0.000000
-0.000000 2.540000 -0.000000
-1.717607 -0.000000 1.871210
-2.457060 -0.000000 0.643783
-2.457060 -0.000000 0.643783
-0.000000 2.540000 -0.000000
-0.000000 2.540000 -0.000000
-0.000000 2.540000 -0.000000
-1.705474 -0.000000 -1.882275
-1.660400 -0.000000 -1.922153
-1.660400 -0.000000 -1.922153
-0.000000 2.540000 -0.000000
-0.000000 2.540000 -0.000000
-0.000000 2.540000 -0.000000
0.074411 0.000000 2.538910
-0.456967 0.000000 2.498556
0.074411 0.000000 2.538910
-0.000000 2.540000 -0.000000
-0.000000 2.540000 -0.000000
-0.000000 2.540000 -0.000000
2.513259 0.000000 0.367596
2.513259 0.000000 0.367596
2.381246 0.000000 0.883894
-0.000000 2.540000 -0.000000
-0.000000 2.540000 -0.000000
-0.000000 2.540000 -0.000000
-2.518554 -0.000000 0.329373
-2.296033 -0.000000 -1.086201
-2.296033 -0.000000 -1.086201
-0.000000 2.540000 -0.000000
-0.000000 2.540000 -0.000000
-0.000000 2.540000 -0.000000
2.479319 0.000000 0.551887
2.479319 0.000000 0.551887
1.786063 0.000000 1.805984
0.000000 -2.540000 0.000000
0.000000 -2.540000 0.000000
0.000000 -2.540000 0.000000
0.036404 0.000000 2.539739
0.096566 0.000000 2.538164
0.096566 0.000000 2.538164
0.000000 -2.540000 0.000000
0.000000 -2.540000 0.000000
0.000000 -2.540000 0.000000
-0.058567 -0.000000 -2.539325
-0.587105 -0.000000 -2.471216
-0.058567 -0.000000 -2.539325
-0.000000 2.540000 -0.000000
-0.000000 2.540000 -0.000000
-0.000000 2.540000 -0.000000
-2.510917 -0.000000 -0.383272
-2.510917 -0.000000 -0.383272
-2.535622 -0.000000 0.149064
0.000000 -2.540000 0.000000
0.000000 -2.540000 0.000000
0.000000 -2.540000 0.000000
0.813465 0.000000 -2.406216
0.293507 0.000000 -2.522985
0.813465 0.000000 -2.406216
-0.000000 2.540000 -0.000000
-0.000000 2.540000 -0.000000
-0.000000 2.540000 -0.000000
-2.246397 -0.000000 -1.185453
-2.246397 -0.000000 -1.185453
-2.217680 -0.000000 -1.238343
0.000000 -2.540000 0.000000
0.000000 -2.540000 0.000000
0.000000 -2.540000 0.000000
-0.777361 0.000000 2.418121
-0.834434 0.000000 2.399025
-0.834434 0.000000 2.399025
-0.000000 2.540000 -0.000000
-0.000000 2.540000 -0.000000
-0.000000 2.540000 -0.000000
2.246397 0.000000 1.185453
2.217680 0.000000 1.238343
2.217680 0.000000 1.238343
-0.000000 2.540000 -0.000000
-0.000000 2.540000 -0.000000
-0.000000 2.540000 -0.000000
-2.494833 -0.000000 0.476872
-2.482835 -0.000000 0.535846
-2.482835 -0.000000 0.535846
0.000000 -2.540000 0.000000
0.000000 -2.540000 0.000000
0.000000 -2.540000 0.000000
1.574857 0.000000 1.992844
1.574857 0.000000 1.992844
0.245620 0.000000 2.528096
0.000000 -2.540000 0.000000
0.000000 -2.540000 0.000000
0.000000 -2.540000 0.000000
-0.000000 2.540000 -0.000000
-0.000000 2.540000 -0.000000
-0.000000 2.540000 -0.000000
1.705474 0.000000 1.882275
1.660400 0.000000 1.922153
1.660400 0.000000 1.922153
-0.000000 2.540000 -0.000000
-0.000000 2.540000 -0.000000
-0.000000 2.540000 -0.000000
-0.761711 -0.000000 -2.423096
0.670997 0.000000 -2.449768
0.670997 0.000000 -2.449768
0.000000 -2.540000 0.000000
0.000000 -2.540000 0.000000
0.000000 -2.540000 0.000000
2.141041 0.000000 1.366581
2.141041 0.000000 1.366581
1.060667 0.000000 2.307940
-0.112973 0.000000 2.537486
-0.112973 0.000000 2.537486
-1.468401 0.000000 2.072534
0.000000 -2.540000 0.000000
0.000000 -2.540000 0.000000
0.000000 -2.540000 0.000000
-2.141041 -0.000000 -1.366581
-1.060667 -0.000000 -2.307940
-1.060667 -0.000000 -2.307940
-0.000000 2.540000 -0.000000
-0.000000 2.540000 -0.000000
-0.000000 2.540000 -0.000000
-0.000000 2.540000 -0.000000
-0.000000 2.540000 -0.000000
-0.000000 2.540000 -0.000000
0.761711 0.000000 2.423096
-0.670997 0.000000 2.449768
-0.670997 0.000000 2.449768
-0.000000 2.540000 -0.000000
-0.000000 2.540000 -0.000000
-0.000000 2.540000 -0.000000
-2.479319 -0.000000 -0.551887
-1.786063 -0.000000 -1.805984
-1.786063 -0.000000 -1.805984
2.494833 0.000000 -0.476872
2.482835 0.000000 -0.535846
2.482835 0.000000 -0.535846
0.000000 -2.540000 0.000000
0.000000 -2.540000 0.000000
0.000000 -2.540000 0.000000
-2.479319 -0.000000 -0.551887
-2.479319 -0.000000 -0.551887
-1.786063 -0.000000 -1.805984
0.000000 -2.540000 0.000000
0.000000 -2.540000 0.000000
0.000000 -2.540000 0.000000
-0.000000 2.540000 -0.000000
-0.000000 2.540000 -0.000000
-0.000000 2.540000 -0.000000
-0.112973 0.000000 2.537486
-1.468401 0.000000 2.072534
-1.468401 0.000000 2.072534
-0.000000 2.540000 -0.000000
-0.000000 2.540000 -0.000000
-0.000000 2.540000 -0.000000
2.141041 0.000000 1.366581
1.060667 0.000000 2.307940
1.060667 0.000000 2.307940
-0.636615 -0.000000 -2.458927
-1.320117 -0.000000 -2.169998
-0.636615 -0.000000 -2.458927
-0.000000 2.540000 -0.000000
-0.000000 2.540000 -0.000000
-0.000000 2.540000 -0.000000
-2.507476 -0.000000 -0.405171
-2.516372 -0.000000 -0.345649
-2.516372 -0.000000 -0.345649
0.000000 -2.540000 0.000000
0.000000 -2.540000 0.000000
0.000000 -2.540000 0.000000
-2.181277 -0.000000 1.301396
-2.149831 -0.000000 1.352710
-2.149831 -0.000000 1.352710
0.000000 -2.540000 0.000000
0.000000 -2.540000 0.000000
0.000000 -2.540000 0.000000
-0.000000 2.540000 -0.000000
-0.000000 2.540000 -0.000000
-0.000000 2.540000 -0.000000
0.958845 0.000000 2.352066
0.902850 0.000000 2.374123
0.902850 0.000000 2.374123
0.000000 -2.540000 0.000000
0.000000 -2.540000 0.000000
0.000000 -2.540000 0.000000
2.487386 0.000000 0.514309
2.487386 0.000000 0.514309
1.813185 0.000000 1.778752
-2.518554 -0.000000 0.329373
-2.518554 -0.000000 0.329373
-2.296033 -0.000000 -1.086201
0.000000 -2.540000 0.000000
0.000000 -2.540000 0.000000
0.000000 -2.540000 0.000000
2.479319 0.000000 0.551887
1.786063 0.000000 1.805984
1.786063 0.000000 1.805984
-0.000000 2.540000 -0.000000
-0.000000 2.540000 -0.000000
-0.000000 2.540000 -0.000000
1.183915 0.000000 -2.247209
1.845945 0.000000 -1.744731
0.878679 0.000000 -2.383175
-0.000000 2.540000 -0.000000
-0.000000 2.540000 -0.000000
-0.000000 2.540000 -0.000000
1.896880 0.000000 -1.689214
1.896880 0.000000 -1.689214
1.327719 0.000000 -2.165355
0.000000 -2.540000 0.000000
0.000000 -2.540000 0.000000
0.000000 -2.540000 0.000000
-2.141041 -0.000000 -1.366581
-2.141041 -0.000000 -1.366581
-1.060667 -0.000000 -2.307940
0.000000 -2.540000 0.000000
0.000000 -2.540000 0.000000
0.000000 -2.540000 0.000000
-0.000000 2.540000 -0.000000
-0.000000 2.540000 -0.000000
-0.000000 2.540000 -0.000000
1.327719 0.000000 -2.165355
1.896880 0.000000 -1.689214
1.327719 0.000000 -2.165355
-0.826786 -0.000000 -2.401671
-0.798651 -0.000000 -2.411173
-0.518458 -0.000000 -2.486524
0.000000 -2.540000 0.000000
0.000000 -2.540000 0.000000
0.000000 -2.540000 0.000000
-0.000000 2.540000 -0.000000
-0.000000 2.540000 -0.000000
-0.000000 2.540000 -0.000000
1.492841 0.000000 -2.055001
1.468712 0.000000 -2.072314
1.222793 0.000000 -2.226292
-2.236039 -0.000000 1.204877
-2.532340 -0.000000 -0.197111
-2.532340 -0.000000 -0.197111
-0.000000 2.540000 -0.000000
-0.000000 2.540000 -0.000000
-0.000000 2.540000 -0.000000
-1.705474 -0.000000 -1.882275
-1.705474 -0.000000 -1.882275
-1.660400 -0.000000 -1.922153
0.000000 -2.540000 0.000000
0.000000 -2.540000 0.000000
0.000000 -2.540000 0.000000
1.705474 0.000000 1.882275
1.705474 0.000000 1.882275
1.660400 0.000000 1.922153
0.000000 -2.540000 0.000000
0.000000 -2.540000 0.000000
0.000000 -2.540000 0.000000
-0.000000 2.540000 -0.000000
-0.000000 2.540000 -0.000000
-0.000000 2.540000 -0.000000
0.036404 0.000000 2.539739
0.036404 0.000000 2.539739
0.096566 0.000000 2.538164
1.374085 0.000000 -2.136233
1.523861 0.000000 -2.032104
1.956759 0.000000 -1.619473
-0.000000 2.540000 -0.000000
-0.000000 2.540000 -0.000000
-0.000000 2.540000 -0.000000
-0.689470 -0.000000 -2.444633
-0.863145 -0.000000 -2.388845
-1.397770 -0.000000 -2.120811
0.000000 -2.540000 0.000000
0.000000 -2.540000 0.000000
0.000000 -2.540000 0.000000
-0.000000 2.540000 -0.000000
-0.000000 2.540000 -0.000000
-0.000000 2.540000 -0.000000
-0.938425 0.000000 2.360288
-2.066586 0.000000 1.476762
-2.066586 0.000000 1.476762
-0.826786 -0.000000 -2.401671
-1.300185 -0.000000 -2.181999
-0.798651 -0.000000 -2.411173
-0.000000 2.540000 -0.000000
-0.000000 2.540000 -0.000000
-0.000000 2.540000 -0.000000
1.523861 0.000000 -2.032104
1.881328 0.000000 -1.706519
1.956759 0.000000 -1.619473
0.000000 -2.540000 0.000000
0.000000 -2.540000 0.000000
0.000000 -2.540000 0.000000
0.000000 -2.540000 0.000000
0.000000 -2.540000 0.000000
0.000000 -2.540000 0.000000
1.222793 0.000000 -2.226292
1.468712 0.000000 -2.072314
1.210221 0.000000 -2.233152
-0.000000 2.540000 -0.000000
-0.000000 2.540000 -0.000000
-0.000000 2.540000 -0.000000
2.236039 -0.000000 -1.204877
2.532340 0.000000 0.197111
2.532340 0.000000 0.197111
0.074565 -0.000000 -2.538905
1.436873 -0.000000 -2.094516
1.436873 -0.000000 -2.094516
-0.000000 2.540000 -0.000000
-0.000000 2.540000 -0.000000
-0.000000 2.540000 -0.000000
-0.074565 0.000000 2.538905
-1.436873 0.000000 2.094516
-1.436873 0.000000 2.094516
-0.000000 2.540000 -0.000000
-0.000000 2.540000 -0.000000
-0.000000 2.540000 -0.000000
-0.000000 2.540000 -0.000000
-0.000000 2.540000 -0.000000
-0.000000 2.540000 -0.000000
2.513282 0.000000 -0.367444
2.312206 0.000000 1.051335
2.312206 0.000000 1.051335
-0.000000 2.540000 -0.000000
-0.000000 2.540000 -0.000000
-0.000000 2.540000 -0.000000
2.487386 0.000000 0.514309
1.813185 0.000000 1.778752
1.813185 0.000000 1.778752
0.000000 -2.540000 0.000000
0.000000 -2.540000 0.000000
0.000000 -2.540000 0.000000
-2.254014 -0.000000 1.170905
-2.254014 -0.000000 1.170905
-2.529068 -0.000000 -0.235405
-0.000000 2.540000 -0.000000
-0.000000 2.540000 -0.000000
-0.000000 2.540000 -0.000000
0.798288 0.000000 2.411293
-0.633852 -0.000000 2.459641
-0.633852 -0.000000 2.459641
0.938425 0.000000 -2.360288
2.066586 0.000000 -1.476762
2.066586 0.000000 -1.476762
-0.000000 2.540000 -0.000000
-0.000000 2.540000 -0.000000
-0.000000 2.540000 -0.000000
0.000000 -2.540000 0.000000
0.000000 -2.540000 0.000000
0.000000 -2.540000 0.000000
-2.088694 -0.000000 1.445323
-0.974032 -0.000000 2.345818
-2.088694 -0.000000 1.445323
0.000000 -2.540000 0.000000
0.000000 -2.540000 0.000000
0.000000 -2.540000 0.000000
0.761711 0.000000 2.423096
0.761711 0.000000 2.423096
-0.670997 0.000000 2.449768
0.000000 -2.540000 0.000000
0.000000 -2.540000 0.000000
0.000000 -2.540000 0.000000
-2.447037 -0.000000 0.680888
-1.689097 -0.000000 1.896985
-2.447037 -0.000000 0.680888
2.539129 0.000000 -0.066489
2.539129 0.000000 -0.066489
2.497462 0.000000 0.462910
0.000000 -2.540000 0.000000
0.000000 -2.540000 0.000000
0.000000 -2.540000 0.000000
1.327146 0.000000 2.165706
1.327146 0.000000 2.165706
0.847839 0.000000 2.394320
0.000000 -2.540000 0.000000
0.000000 -2.540000 0.000000
0.000000 -2.540000 0.000000
-0.721368 0.000000 2.435411
-1.211983 0.000000 2.232195
-1.211983 0.000000 2.232195
-0.000000 2.540000 -0.000000
-0.000000 2.540000 -0.000000
-0.000000 2.540000 -0.000000
0.000000 -2.540000 0.000000
0.000000 -2.540000 0.000000
0.000000 -2.540000 0.000000
2.363261 -0.000000 -0.930913
2.363261 -0.000000 -0.930913
2.505171 -0.000000 -0.419189
0.000000 -2.540000 0.000000
0.000000 -2.540000 0.000000
0.000000 -2.540000 0.000000
-1.717607 -0.000000 1.871210
-1.717607 -0.000000 1.871210
-2.457060 -0.000000 0.643783
-0.000000 2.540000 -0.000000
-0.000000 2.540000 -0.000000
-0.000000 2.540000 -0.000000
-1.544522 -0.000000 -2.016445
-1.544522 -0.000000 -2.016445
-0.207339 -0.000000 -2.531523
0.000000 -2.540000 0.000000
0.000000 -2.540000 0.000000
0.000000 -2.540000 0.000000
-1.987825 -0.000000 -1.581187
-1.987825 -0.000000 -1.581187
-1.615614 -0.000000 -1.959947
-0.207339 -0.000000 -2.531523
-1.544522 -0.000000 -2.016445
-0.207339 -0.000000 -2.531523
0.000000 -2.540000 0.000000
0.000000 -2.540000 0.000000
0.000000 -2.540000 0.000000
2.161474 0.000000 1.334028
1.095467 0.000000 2.291626
2.161474 0.000000 1.334028
-0.000000 2.540000 -0.000000
-0.000000 2.540000 -0.000000
-0.000000 2.540000 -0.000000
0.000000 -2.540000 0.000000
0.000000 -2.540000 0.000000
0.000000 -2.540000 0.000000
-1.902348 -0.000000 1.683055
-1.902348 -0.000000 1.683055
-2.210719 -0.000000 1.250728
0.000000 -2.540000 0.000000
0.000000 -2.540000 0.000000
0.000000 -2.540000 0.000000
-2.363261 0.000000 0.930913
-2.363261 0.000000 0.930913
-2.505171 0.000000 0.419189
-2.539129 0.000000 0.066489
-2.539129 0.000000 0.066489
-2.497462 -0.000000 -0.462910
0.000000 -2.540000 0.000000
0.000000 -2.540000 0.000000
0.000000 -2.540000 0.000000
0.000000 -2.540000 0.000000
0.000000 -2.540000 0.000000
0.000000 -2.540000 0.000000
1.095467 0.000000 2.291626
1.095467 0.000000 2.291626
0.155096 0.000000 2.535260
-0.000000 2.540000 -0.000000
-0.000000 2.540000 -0.000000
-0.000000 2.540000 -0.000000
2.482835 0.000000 -0.535846
2.482835 0.000000 -0.535846
2.469442 0.000000 -0.594521
-0.000000 2.540000 -0.000000
-0.000000 2.540000 -0.000000
-0.000000 2.540000 -0.000000
1.544522 0.000000 2.016445
0.207339 0.000000 2.531523
1.544522 0.000000 2.016445
1.689097 -0.000000 -1.896985
2.447037 -0.000000 -0.680888
1.689097 -0.000000 -1.896985
0.000000 -2.540000 0.000000
0.000000 -2.540000 0.000000
0.000000 -2.540000 0.000000
-0.000000 2.540000 -0.000000
-0.000000 2.540000 -0.000000
-0.000000 2.540000 -0.000000
-0.022198 -0.000000 2.539903
-0.974032 -0.000000 2.345818
-0.974032 -0.000000 2.345818
-1.650825 -0.000000 1.930382
-1.604626 -0.000000 1.968953
-1.604626 -0.000000 1.968953
0.000000 -2.540000 0.000000
0.000000 -2.540000 0.000000
0.000000 -2.540000 0.000000
-0.000000 2.540000 -0.000000
-0.000000 2.540000 -0.000000
-0.000000 2.540000 -0.000000
-2.149831 -0.000000 1.352710
-2.149831 -0.000000 1.352710
-2.117179 -0.000000 1.403266
0.000000 -2.540000 0.000000
0.000000 -2.540000 0.000000
0.000000 -2.540000 0.000000
2.407359 0.000000 0.810077
2.495455 0.000000 0.473610
2.537203 0.000000 -0.119169
-0.000000 2.540000 -0.000000
-0.000000 2.540000 -0.000000
-0.000000 2.540000 -0.000000
-0.689470 -0.000000 -2.444633
-0.121155 -0.000000 -2.537109
-0.863145 -0.000000 -2.388845
-0.000000 2.540000 -0.000000
-0.000000 2.540000 -0.000000
-0.000000 2.540000 -0.000000
2.537203 0.000000 -0.119169
2.495455 0.000000 0.473610
2.489834 0.000000 -0.502321
0.000000 -2.540000 0.000000
0.000000 -2.540000 0.000000
0.000000 -2.540000 0.000000
-2.497173 -0.000000 -0.464465
-2.507476 -0.000000 -0.405171
-2.507476 -0.000000 -0.405171
0.000000 -2.540000 0.000000
0.000000 -2.540000 0.000000
0.000000 -2.540000 0.000000
2.211498 0.000000 -1.249351
2.181277 0.000000 -1.301396
2.181277 0.000000 -1.301396
0.000000 -2.540000 0.000000
0.000000 -2.540000 0.000000
0.000000 -2.540000 0.000000
-2.211498 -0.000000 1.249351
-2.181277 -0.000000 1.301396
-2.181277 -0.000000 1.301396
0.000000 -2.540000 0.000000
0.000000 -2.540000 0.000000
0.000000 -2.540000 0.000000
2.217680 0.000000 1.238343
2.217680 0.000000 1.238343
2.187718 0.000000 1.290538
-2.217680 -0.000000 -1.238343
-2.217680 -0.000000 -1.238343
-2.187718 -0.000000 -1.290538
0.000000 -2.540000 0.000000
0.000000 -2.540000 0.000000
0.000000 -2.540000 0.000000
-0.000000 2.540000 -0.000000
-0.000000 2.540000 -0.000000
-0.000000 2.540000 -0.000000
-2.482835 -0.000000 0.535846
-2.482835 -0.000000 0.535846
-2.469442 -0.000000 0.594521
-0.000000 2.540000 -0.000000
-0.000000 2.540000 -0.000000
-0.000000 2.540000 -0.000000
1.014303 0.000000 2.328689
0.958845 0.000000 2.352066
0.958845 0.000000 2.352066
-0.000000 2.540000 -0.000000
-0.000000 2.540000 -0.000000
-0.000000 2.540000 -0.000000
-2.273853 -0.000000 -1.131898
-2.246397 -0.000000 -1.185453
-2.273853 -0.000000 -1.131898
2.497173 0.000000 0.464465
2.507476 0.000000 0.405171
2.497173 0.000000 0.464465
-0.000000 2.540000 -0.000000
-0.000000 2.540000 -0.000000
-0.000000 2.540000 -0.000000
-0.000000 2.540000 -0.000000
-0.000000 2.540000 -0.000000
-0.000000 2.540000 -0.000000
-2.497173 -0.000000 -0.464465
-2.497173 -0.000000 -0.464465
-2.507476 -0.000000 -0.405171
-0.000000 2.540000 -0.000000
-0.000000 2.540000 -0.000000
-0.000000 2.540000 -0.000000
2.211498 0.000000 -1.249351
2.211498 0.000000 -1.249351
2.181277 0.000000 -1.301396
-2.187718 -0.000000 -1.290538
-2.217680 -0.000000 -1.238343
-2.187718 -0.000000 -1.290538
-0.000000 2.540000 -0.000000
-0.000000 2.540000 -0.000000
-0.000000 2.540000 -0.000000
-0.719851 0.000000 2.435860
-0.719851 0.000000 2.435860
-0.777361 0.000000 2.418121
0.000000 -2.540000 0.000000
0.000000 -2.540000 0.000000
0.000000 -2.540000 0.000000
0.000000 -2.540000 0.000000
0.000000 -2.540000 0.000000
0.000000 -2.540000 0.000000
2.469442 0.000000 -0.594521
2.482835 0.000000 -0.535846
2.469442 0.000000 -0.594521
1.014303 0.000000 2.328689
1.014303 0.000000 2.328689
0.958845 0.000000 2.352066
0.000000 -2.540000 0.000000
0.000000 -2.540000 0.000000
0.000000 -2.540000 0.000000
0.000000 -2.540000 0.000000
0.000000 -2.540000 0.000000
0.000000 -2.540000 0.000000
2.523855 0.000000 0.285932
2.523855 0.000000 0.285932
2.516372 0.000000 0.345649
0.000000 -2.540000 0.000000
0.000000 -2.540000 0.000000
0.000000 -2.540000 0.000000
2.117179 0.000000 -1.403266
2.149831 0.000000 -1.352710
2.117179 0.000000 -1.403266
2.149831 0.000000 -1.352710
2.149831 0.000000 -1.352710
2.117179 0.000000 -1.403266
-0.000000 2.540000 -0.000000
-0.000000 2.540000 -0.000000
-0.000000 2.540000 -0.000000
-0.719851 0.000000 2.435860
-0.777361 0.000000 2.418121
-0.777361 0.000000 2.418121
-0.000000 2.540000 -0.000000
-0.000000 2.540000 -0.000000
-0.000000 2.540000 -0.000000
2.523855 0.000000 0.285932
2.516372 0.000000 0.345649
2.516372 0.000000 0.345649
-0.000000 2.540000 -0.000000
-0.000000 2.540000 -0.000000
-0.000000 2.540000 -0.000000
-0.000000 2.540000 -0.000000
-0.000000 2.540000 -0.000000
-0.000000 2.540000 -0.000000
-2.211498 -0.000000 1.249351
-2.211498 -0.000000 1.249351
-2.181277 -0.000000 1.301396
2.507476 0.000000 0.405171
2.507476 0.000000 0.405171
2.497173 0.000000 0.464465
0.000000 -2.540000 0.000000
0.000000 -2.540000 0.000000
0.000000 -2.540000 0.000000
0.902850 0.000000 2.374123
0.902850 0.000000 2.374123
0.846348 0.000000 2.394848
0.000000 -2.540000 0.000000
0.000000 -2.540000 0.000000
0.000000 -2.540000 0.000000
-0.834434 0.000000 2.399025
-0.834434 0.000000 2.399025
-0.891038 0.000000 2.378582
0.000000 -2.540000 0.000000
0.000000 -2.540000 0.000000
0.000000 -2.540000 0.000000
-1.557526 -0.000000 2.006418
-1.557526 -0.000000 2.006418
-1.509552 -0.000000 2.042756
-0.000000 2.540000 -0.000000
-0.000000 2.540000 -0.000000
-0.000000 2.540000 -0.000000
-0.000000 2.540000 -0.000000
-0.000000 2.540000 -0.000000
-0.000000 2.540000 -0.000000
-2.516372 -0.000000 -0.345649
-2.516372 -0.000000 -0.345649
-2.523855 -0.000000 -0.285932
-0.000000 2.540000 -0.000000
-0.000000 2.540000 -0.000000
-0.000000 2.540000 -0.000000
2.187718 0.000000 1.290538
2.217680 0.000000 1.238343
2.187718 0.000000 1.290538
0.000000 -2.540000 0.000000
0.000000 -2.540000 0.000000
0.000000 -2.540000 0.000000
-2.469442 -0.000000 0.594521
-2.482835 -0.000000 0.535846
-2.469442 -0.000000 0.594521
-0.000000 2.540000 -0.000000
-0.000000 2.540000 -0.000000
-0.000000 2.540000 -0.000000
-2.539012 -0.000000 0.070837
-2.524885 -0.000000 -0.276685
-2.391497 -0.000000 -0.855769
-0.475163 -0.000000 -2.495159
-1.255176 -0.000000 -2.208197
-0.143511 -0.000000 -2.535943
0.000000 -2.540000 0.000000
0.000000 -2.540000 0.000000
0.000000 -2.540000 0.000000
-0.000000 2.540000 -0.000000
-0.000000 2.540000 -0.000000
-0.000000 2.540000 -0.000000
-0.475163 -0.000000 -2.495159
-0.143511 -0.000000 -2.535943
0.581579 0.000000 -2.472522
2.494833 0.000000 -0.476872
2.494833 0.000000 -0.476872
2.482835 0.000000 -0.535846
-0.000000 2.540000 -0.000000
-0.000000 2.540000 -0.000000
-0.000000 2.540000 -0.000000
-0.000000 2.540000 -0.000000
-0.000000 2.540000 -0.000000
-0.000000 2.540000 -0.000000
1.660400 0.000000 1.922153
1.614393 0.000000 1.960953
1.660400 0.000000 1.922153
0.000000 -2.540000 0.000000
0.000000 -2.540000 0.000000
0.000000 -2.540000 0.000000
0.096566 0.000000 2.538164
0.156674 0.000000 2.535163
0.096566 0.000000 2.538164
2.188522 0.000000 1.289175
2.188522 0.000000 1.289175
1.544522 0.000000 2.016445
0.000000 -2.540000 0.000000
0.000000 -2.540000 0.000000
0.000000 -2.540000 0.000000
0.000000 -2.540000 0.000000
0.000000 -2.540000 0.000000
0.000000 -2.540000 0.000000
-1.614393 -0.000000 -1.960953
-1.614393 -0.000000 -1.960953
-1.660400 -0.000000 -1.922153
-0.000000 2.540000 -0.000000
-0.000000 2.540000 -0.000000
-0.000000 2.540000 -0.000000
2.273853 0.000000 1.131898
2.246397 0.000000 1.185453
2.273853 0.000000 1.131898
0.000000 -2.540000 0.000000
0.000000 -2.540000 0.000000
0.000000 -2.540000 0.000000
1.614393 0.000000 1.960953
1.614393 0.000000 1.960953
1.660400 0.000000 1.922153
0.000000 -2.540000 0.000000
0.000000 -2.540000 0.000000
0.000000 -2.540000 0.000000
-2.117179 -0.000000 1.403266
-2.149831 -0.000000 1.352710
-2.117179 -0.000000 1.403266
2.505431 0.000000 -0.417629
2.494833 0.000000 -0.476872
2.505431 0.000000 -0.417629
0.000000 -2.540000 0.000000
0.000000 -2.540000 0.000000
0.000000 -2.540000 0.000000
0.000000 -2.540000 0.000000
0.000000 -2.540000 0.000000
0.000000 -2.540000 0.000000
-2.505431 -0.000000 0.417629
-2.494833 -0.000000 0.476872
-2.505431 -0.000000 0.417629
0.156674 0.000000 2.535163
0.156674 0.000000 2.535163
0.096566 0.000000 2.538164
-0.000000 2.540000 -0.000000
-0.000000 2.540000 -0.000000
-0.000000 2.540000 -0.000000
-0.000000 2.540000 -0.000000
-0.000000 2.540000 -0.000000
-0.000000 2.540000 -0.000000
0.846348 0.000000 2.394848
0.902850 0.000000 2.374123
0.846348 0.000000 2.394848
0.000000 -2.540000 0.000000
0.000000 -2.540000 0.000000
0.000000 -2.540000 0.000000
-1.509552 -0.000000 2.042756
-1.557526 -0.000000 2.006418
-1.509552 -0.000000 2.042756
-0.000000 2.540000 -0.000000
-0.000000 2.540000 -0.000000
-0.000000 2.540000 -0.000000
-0.891038 0.000000 2.378582
-0.834434 0.000000 2.399025
-0.891038 0.000000 2.378582
0.000000 -2.540000 0.000000
0.000000 -2.540000 0.000000
0.000000 -2.540000 0.000000
-2.523855 -0.000000 -0.285932
-2.516372 -0.000000 -0.345649
-2.523855 -0.000000 -0.285932
-1.650825 -0.000000 1.930382
-1.650825 -0.000000 1.930382
-1.604626 -0.000000 1.968953
-0.000000 2.540000 -0.000000
-0.000000 2.540000 -0.000000
-0.000000 2.540000 -0.000000
-0.000000 2.540000 -0.000000
-0.000000 2.540000 -0.000000
-0.000000 2.540000 -0.000000
-2.447037 -0.000000 0.680888
-2.523676 -0.000000 -0.287504
-2.523676 -0.000000 -0.287504
-1.660400 -0.000000 -1.922153
-1.614393 -0.000000 -1.960953
-1.660400 -0.000000 -1.922153
-0.000000 2.540000 -0.000000
-0.000000 2.540000 -0.000000
-0.000000 2.540000 -0.000000
0.000000 -2.540000 0.000000
0.000000 -2.540000 0.000000
0.000000 -2.540000 0.000000
2.273853 0.000000 1.131898
2.246397 0.000000 1.185453
2.246397 0.000000 1.185453
0.000000 -2.540000 0.000000
0.000000 -2.540000 0.000000
0.000000 -2.540000 0.000000
-2.273853 -0.000000 -1.131898
-2.246397 -0.000000 -1.185453
-2.246397 -0.000000 -1.185453
-2.505431 -0.000000 0.417629
-2.494833 -0.000000 0.476872
-2.494833 -0.000000 0.476872
-0.000000 2.540000 -0.000000
-0.000000 2.540000 -0.000000
-0.000000 2.540000 -0.000000
-0.022198 -0.000000 2.539903
-0.022198 -0.000000 2.539903
-0.974032 -0.000000 2.345818
0.000000 -2.540000 0.000000
0.000000 -2.540000 0.000000
0.000000 -2.540000 0.000000
-0.000000 2.540000 -0.000000
-0.000000 2.540000 -0.000000
-0.000000 2.540000 -0.000000
1.095467 0.000000 2.291626
0.155096 0.000000 2.535260
0.155096 0.000000 2.535260
-0.000000 2.540000 -0.000000
-0.000000 2.540000 -0.000000
-0.000000 2.540000 -0.000000
2.447037 -0.000000 -0.680888
2.523676 0.000000 0.287504
2.523676 0.000000 0.287504
0.000000 -2.540000 0.000000
0.000000 -2.540000 0.000000
0.000000 -2.540000 0.000000
1.183915 0.000000 -2.247209
0.878679 0.000000 -2.383175
0.166729 0.000000 -2.534522
-2.188522 -0.000000 -1.289175
-2.188522 -0.000000 -1.289175
-1.544522 -0.000000 -2.016445
0.000000 -2.540000 0.000000
0.000000 -2.540000 0.000000
0.000000 -2.540000 0.000000
</float_array>
          <technique_common>
            <accessor source="#FBXASC227FBXASC130FBXASC189FBXASC227FBXASC131FBXASC170FBXASC227FBXASC131FBXASC131FBXASC227FBXASC131FBXASC13710-Normal0-array" count="2202" stride="3">
              <param name="X" type="float"/>
              <param name="Y" type="float"/>
              <param name="Z" type="float"/>
            </accessor>
          </technique_common>
        </source>
        <vertices id="FBXASC227FBXASC130FBXASC189FBXASC227FBXASC131FBXASC170FBXASC227FBXASC131FBXASC131FBXASC227FBXASC131FBXASC13710-VERTEX">
          <input semantic="POSITION" source="#FBXASC227FBXASC130FBXASC189FBXASC227FBXASC131FBXASC170FBXASC227FBXASC131FBXASC131FBXASC227FBXASC131FBXASC13710-POSITION"/>
        </vertices>
        <triangles count="734" material="MaterialFBXASC032FBXASC03525">
          <input semantic="VERTEX" offset="0" source="#FBXASC227FBXASC130FBXASC189FBXASC227FBXASC131FBXASC170FBXASC227FBXASC131FBXASC131FBXASC227FBXASC131FBXASC13710-VERTEX"/>
          <input semantic="NORMAL" offset="1" source="#FBXASC227FBXASC130FBXASC189FBXASC227FBXASC131FBXASC170FBXASC227FBXASC131FBXASC131FBXASC227FBXASC131FBXASC13710-Normal0"/>
          <p> 141 0 6 1 16 2 295 3 275 4 5 5 290 6 42 7 65 8 230 9 283 10 26 11 299 12 27 13 16 14 40 15 37 16 26 17 263 18 40 19 26 20 208 21 55 22 65 23 2 24 365 25 26 26 302 27 284 28 16 29 36 30 7 31 5 32 301 33 368 34 16 35 35 36 3 37 16 38 24 39 38 40 304 41 249 42 130 43 5 44 300 45 21 46 16 47 132 48 38 49 134 50 293 51 44 52 65 53 239 54 85 55 246 56 93 57 145 58 289 59 94 60 297 61 152 62 237 63 151 64 128 65 234 66 292 67 26 68 51 69 13 70 16 71 17 72 38 73 136 74 291 75 364 76 16 77 72 78 247 79 147 80 162 81 280 82 255 83 153 84 35 85 16 86 201 87 129 88 311 89 160 90 139 91 305 92 95 93 161 94 250 95 144 96 288 97 153 98 8 99 38 100 135 101 69 102 282 103 158 104 96 105 189 106 148 107 167 108 137 109 126 110 116 111 90 112 260 113 232 114 281 115 64 116 92 117 82 118 149 119 168 120 146 121 124 122 166 123 261 124 244 125 196 126 109 127 179 128 111 129 269 130 273 131 195 132 83 133 131 134 89 135 226 136 163 137 238 138 127 139 62 140 97 141 159 142 170 143 197 144 235 145 84 146 198 147 63 148 262 149 215 150 80 151 114 152 88 153 188 154 150 155 273 156 277 157 111 158 218 159 61 160 156 161 211 162 309 163 156 164 107 165 201 166 311 167 100 168 279 169 254 170 169 171 248 172 217 173 90 174 167 175 126 176 73 177 324 178 223 179 311 180 309 181 107 182 220 183 227 184 267 185 157 186 214 187 174 188 152 189 33 190 191 191 104 192 190 193 280 194 72 195 162 196 247 197 245 198 68 199 210 200 139 201 95 202 250 203 179 204 269 205 196 206 246 207 145 208 93 209 150 210 285 211 88 212 87 213 168 214 124 215 260 216 137 217 116 218 158 219 287 220 69 221 67 222 151 223 209 224 237 225 128 226 94 227 149 228 281 229 92 230 215 231 114 232 79 233 156 234 28 235 218 236 123 237 154 238 256 239 219 240 160 241 305 242 226 243 195 244 131 245 108 246 95 247 139 248 213 249 74 250 348 251 247 252 162 253 255 254 83 255 140 256 163 257 199 258 96 259 282 260 81 261 202 262 155 263 66 264 207 265 319 266 239 267 246 268 93 269 327 270 178 271 229 272 89 273 195 274 226 275 101 276 180 277 205 278 98 279 171 280 212 281 289 282 221 283 193 284 128 285 297 286 94 287 352 288 214 289 157 290 92 291 281 292 232 293 170 294 127 295 97 296 77 297 166 298 244 299 76 300 200 301 236 302 116 303 137 304 233 305 241 306 324 307 73 308 97 309 127 310 238 311 23 312 278 313 347 314 231 315 54 316 75 317 280 318 190 319 147 320 235 321 198 322 262 323 197 324 198 325 235 326 225 327 227 328 220 329 271 330 68 331 245 332 100 333 248 334 169 335 314 336 58 337 79 338 80 339 138 340 177 341 125 342 341 343 201 344 125 345 201 346 107 347 254 348 248 349 100 350 282 351 96 352 148 353 107 354 309 355 211 356 266 357 123 358 256 359 302 360 31 361 142 362 142 363 284 364 302 365 276 366 310 367 262 368 310 369 276 370 274 371 275 372 21 373 249 374 275 375 249 376 5 377 125 378 65 379 341 380 65 381 42 382 341 383 193 384 93 385 289 386 240 387 66 388 319 389 191 390 94 391 152 392 39 393 357 394 67 395 192 396 169 397 217 398 279 399 192 400 217 401 199 402 282 403 69 404 202 405 354 406 155 407 70 408 74 409 213 410 108 411 139 412 160 413 104 414 280 415 162 416 71 417 173 418 204 419 190 420 72 421 147 422 204 423 173 424 351 425 142 426 298 427 159 428 159 429 298 430 170 431 161 432 219 433 250 434 161 435 160 436 219 437 194 438 269 439 111 440 196 441 269 442 194 443 76 444 236 445 272 446 233 447 137 448 167 449 77 450 146 451 168 452 146 453 77 454 244 455 41 456 216 457 78 458 78 459 216 460 164 461 188 462 253 463 150 464 188 465 114 466 253 467 88 468 285 469 187 470 187 471 285 472 251 473 69 474 287 475 189 476 189 477 287 478 148 479 82 480 265 481 149 482 120 483 265 484 82 485 83 486 286 487 131 488 83 489 163 490 286 491 274 492 276 493 84 494 84 495 235 496 274 497 193 498 221 499 85 500 85 501 221 502 246 503 209 504 151 505 86 506 86 507 183 508 321 509 261 510 87 511 124 512 87 513 261 514 166 515 138 516 350 517 177 518 9 519 79 520 177 521 320 522 172 523 228 524 140 525 89 526 163 527 90 528 294 529 260 530 294 531 90 532 126 533 91 534 279 535 100 536 91 537 192 538 279 539 50 540 157 541 206 542 118 543 243 544 206 545 11 546 186 547 66 548 316 549 323 550 186 551 12 552 183 553 67 554 321 555 183 556 312 557 175 558 185 559 242 560 43 561 74 562 175 563 119 564 326 565 222 566 45 567 81 568 222 569 356 570 184 571 203 572 53 573 73 574 184 575 355 576 98 577 212 578 307 579 180 580 98 581 99 582 278 583 54 584 270 585 54 586 231 587 57 588 30 589 181 590 344 591 210 592 181 593 358 594 101 595 205 596 48 597 171 598 101 599 102 600 346 601 290 602 286 603 102 604 290 605 184 606 103 607 203 608 25 609 103 610 223 611 343 612 176 613 71 614 325 615 176 616 303 617 224 618 207 619 105 620 186 621 323 622 105 623 106 624 57 625 68 626 349 627 30 628 57 629 29 630 78 631 164 632 164 633 61 634 29 635 18 636 185 637 70 638 242 639 185 640 315 641 111 642 277 643 109 644 109 645 277 646 179 647 34 648 173 649 110 650 110 651 176 652 325 653 268 654 278 655 23 656 231 657 75 658 268 659 112 660 172 661 320 662 47 663 178 664 112 665 322 666 113 667 313 668 56 669 113 670 267 671 253 672 114 673 251 674 114 675 187 676 251 677 15 678 220 679 115 680 115 681 113 682 322 683 121 684 52 685 182 686 345 687 200 688 182 689 208 690 117 691 263 692 117 693 208 694 65 695 4 696 118 697 174 698 317 699 243 700 118 701 19 702 119 703 155 704 318 705 326 706 119 707 64 708 281 709 120 710 64 711 120 712 82 713 20 714 121 715 76 716 353 717 52 718 121 719 5 720 40 721 263 722 117 723 5 724 263 725 264 726 61 727 41 728 29 729 61 730 264 731 37 732 13 733 234 734 37 735 234 736 26 737 28 738 156 739 340 740 28 741 340 742 107 743 365 744 230 745 26 746 365 747 6 748 230 749 292 750 51 751 284 752 284 753 51 754 16 755 7 756 49 757 295 758 7 759 295 760 5 761 129 762 296 763 36 764 129 765 36 766 5 767 130 768 27 769 40 770 130 771 40 772 5 773 8 774 346 775 304 776 304 777 38 778 8 779 132 780 55 781 26 782 26 783 38 784 132 785 368 786 133 787 16 788 359 789 133 790 368 791 134 792 38 793 24 794 24 795 44 796 134 797 17 798 288 799 135 800 135 801 38 802 17 803 136 804 38 805 60 806 60 807 3 808 136 809 283 810 364 811 38 812 283 813 38 814 26 815 332 816 9 817 308 818 308 819 80 820 215 821 17 822 35 823 288 824 288 825 35 826 153 827 140 828 178 829 327 830 10 831 172 832 140 833 283 834 141 835 364 836 364 837 141 838 16 839 62 840 127 841 142 842 62 843 142 844 159 845 143 846 209 847 86 848 143 849 12 850 337 851 42 852 144 853 153 854 366 855 144 856 42 857 145 858 296 859 133 860 36 861 296 862 145 863 146 864 292 865 124 866 146 867 51 868 292 869 147 870 44 871 293 872 280 873 147 874 293 875 148 876 14 877 291 878 282 879 148 880 291 881 149 882 21 883 300 884 281 885 149 886 300 887 285 888 150 889 299 890 150 891 27 892 299 893 191 894 33 895 151 896 151 897 33 898 128 899 152 900 49 901 301 902 33 903 152 904 301 905 153 906 0 907 342 908 0 909 153 910 179 911 41 912 78 913 154 914 154 915 264 916 41 917 81 918 155 919 69 920 155 921 199 922 69 923 340 924 156 925 65 926 156 927 309 928 65 929 157 930 82 931 92 932 157 933 174 934 82 935 158 936 60 937 306 938 306 939 14 940 158 941 73 942 159 943 97 944 62 945 159 946 73 947 70 948 108 949 160 950 161 951 70 952 160 953 74 954 161 955 95 956 74 957 70 958 161 959 162 960 72 961 71 962 71 963 104 964 162 965 286 966 163 967 102 968 163 969 226 970 102 971 164 972 28 973 107 974 107 975 211 976 164 977 6 978 165 979 16 980 365 981 165 982 6 983 166 984 77 985 98 986 98 987 180 988 166 989 167 990 90 991 76 992 76 993 121 994 167 995 101 996 171 997 168 998 168 999 87 1000 101 1001 169 1002 57 1003 100 1004 57 1005 169 1006 68 1007 170 1008 31 1009 2 1010 2 1011 127 1012 170 1013 98 1014 77 1015 171 1016 171 1017 77 1018 168 1019 172 1020 89 1021 140 1022 112 1023 89 1024 172 1025 71 1026 72 1027 173 1028 173 1029 72 1030 110 1031 82 1032 174 1033 64 1034 174 1035 118 1036 64 1037 95 1038 108 1039 175 1040 175 1041 74 1042 95 1043 176 1044 104 1045 71 1046 110 1047 104 1048 176 1049 80 1050 177 1051 88 1052 177 1053 79 1054 88 1055 178 1056 140 1057 83 1058 178 1059 83 1060 112 1061 179 1062 153 1063 16 1064 269 1065 179 1066 16 1067 180 1068 87 1069 166 1070 101 1071 87 1072 180 1073 181 1074 91 1075 100 1076 57 1077 181 1078 100 1079 182 1080 90 1081 116 1082 182 1083 116 1084 121 1085 183 1086 86 1087 94 1088 183 1089 94 1090 67 1091 184 1092 73 1093 97 1094 184 1095 97 1096 103 1097 175 1098 108 1099 185 1100 185 1101 108 1102 70 1103 186 1104 93 1105 66 1106 186 1107 105 1108 93 1109 80 1110 187 1111 114 1112 187 1113 80 1114 88 1115 114 1116 188 1117 79 1118 79 1119 188 1120 88 1121 189 1122 81 1123 69 1124 81 1125 189 1126 96 1127 110 1128 72 1129 190 1130 190 1131 104 1132 110 1133 191 1134 151 1135 67 1136 67 1137 94 1138 191 1139 91 1140 68 1141 192 1142 68 1143 169 1144 192 1145 193 1146 85 1147 66 1148 66 1149 93 1150 193 1151 54 1152 194 1153 75 1154 75 1155 194 1156 111 1157 195 1158 89 1159 112 1160 112 1161 83 1162 195 1163 54 1164 109 1165 196 1166 196 1167 194 1168 54 1169 113 1170 197 1171 84 1172 113 1173 115 1174 197 1175 197 1176 115 1177 198 1178 115 1179 63 1180 198 1181 96 1182 199 1183 119 1184 119 1185 199 1186 155 1187 200 1188 90 1189 182 1190 76 1191 90 1192 200 1193 59 1194 129 1195 342 1196 0 1197 59 1198 342 1199 334 1200 81 1201 45 1202 45 1203 19 1204 334 1205 335 1206 103 1207 25 1208 25 1209 330 1210 335 1211 204 1212 343 1213 71 1214 204 1215 252 1216 343 1217 307 1218 22 1219 336 1220 22 1221 307 1222 98 1223 118 1224 206 1225 92 1226 206 1227 157 1228 92 1229 66 1230 85 1231 207 1232 207 1233 85 1234 105 1235 32 1236 55 1237 367 1238 367 1239 122 1240 32 1241 337 1242 209 1243 143 1244 209 1245 39 1246 67 1247 210 1248 68 1249 91 1250 210 1251 91 1252 181 1253 164 1254 211 1255 61 1256 61 1257 211 1258 156 1259 336 1260 171 1261 48 1262 48 1263 307 1264 336 1265 361 1266 43 1267 18 1268 361 1269 18 1270 70 1271 363 1272 50 1273 4 1274 363 1275 4 1276 174 1277 332 1278 308 1279 215 1280 79 1281 58 1282 215 1283 218 1284 28 1285 216 1286 216 1287 28 1288 164 1289 217 1290 3 1291 35 1292 279 1293 217 1294 35 1295 218 1296 216 1297 41 1298 41 1299 61 1300 218 1301 219 1302 366 1303 250 1304 144 1305 366 1306 219 1307 220 1308 63 1309 115 1310 267 1311 63 1312 220 1313 221 1314 289 1315 359 1316 221 1317 359 1318 36 1319 222 1320 81 1321 96 1322 222 1323 96 1324 119 1325 223 1326 103 1327 62 1328 223 1329 62 1330 73 1331 46 1332 207 1333 224 1334 46 1335 224 1336 11 1337 329 1338 220 1339 15 1340 15 1341 56 1342 329 1343 226 1344 131 1345 346 1346 226 1347 346 1348 102 1349 56 1350 328 1351 329 1352 328 1353 56 1354 267 1355 10 1356 331 1357 333 1358 333 1359 172 1360 10 1361 331 1362 47 1363 333 1364 331 1365 178 1366 47 1367 230 1368 294 1369 126 1370 126 1371 283 1372 230 1373 231 1374 360 1375 99 1376 360 1377 231 1378 268 1379 232 1380 118 1381 92 1382 118 1383 232 1384 64 1385 116 1386 233 1387 121 1388 121 1389 233 1390 167 1391 234 1392 261 1393 124 1394 124 1395 292 1396 234 1397 26 1398 55 1399 235 1400 235 1401 55 1402 32 1403 236 1404 345 1405 20 1406 236 1407 200 1408 345 1409 94 1410 86 1411 237 1412 86 1413 151 1414 237 1415 97 1416 238 1417 103 1418 103 1419 238 1420 62 1421 93 1422 105 1423 239 1424 105 1425 85 1426 239 1427 362 1428 46 1429 11 1430 362 1431 11 1432 66 1433 330 1434 53 1435 335 1436 330 1437 73 1438 53 1439 43 1440 338 1441 18 1442 338 1443 43 1444 175 1445 50 1446 339 1447 4 1448 339 1449 50 1450 206 1451 146 1452 244 1453 51 1454 244 1455 13 1456 51 1457 245 1458 210 1459 344 1460 245 1461 344 1462 106 1463 246 1464 221 1465 36 1466 36 1467 145 1468 246 1469 247 1470 44 1471 147 1472 134 1473 44 1474 247 1475 136 1476 3 1477 248 1478 248 1479 3 1480 217 1481 249 1482 265 1483 120 1484 120 1485 130 1486 249 1487 250 1488 366 1489 135 1490 135 1491 139 1492 250 1493 251 1494 37 1495 40 1496 40 1497 253 1498 251 1499 252 1500 34 1501 1 1502 252 1503 173 1504 34 1505 40 1506 27 1507 253 1508 253 1509 27 1510 150 1511 254 1512 17 1513 136 1514 136 1515 248 1516 254 1517 255 1518 132 1519 134 1520 134 1521 247 1522 255 1523 154 1524 78 1525 256 1526 256 1527 78 1528 266 1529 12 1530 257 1531 337 1532 257 1533 12 1534 67 1535 9 1536 258 1537 308 1538 258 1539 9 1540 177 1541 259 1542 19 1543 155 1544 19 1545 259 1546 334 1547 260 1548 6 1549 141 1550 137 1551 260 1552 141 1553 234 1554 13 1555 261 1556 261 1557 13 1558 244 1559 26 1560 235 1561 262 1562 262 1563 310 1564 26 1565 208 1566 263 1567 122 1568 122 1569 263 1570 26 1571 29 1572 264 1573 123 1574 123 1575 264 1576 154 1577 249 1578 21 1579 265 1580 265 1581 21 1582 149 1583 266 1584 78 1585 29 1586 266 1587 29 1588 123 1589 84 1590 63 1591 267 1592 267 1593 113 1594 84 1595 268 1596 75 1597 111 1598 111 1599 109 1600 268 1601 269 1602 16 1603 129 1604 269 1605 129 1606 59 1607 270 1608 231 1609 99 1610 270 1611 99 1612 54 1613 271 1614 245 1615 106 1616 271 1617 106 1618 68 1619 272 1620 20 1621 76 1622 272 1623 236 1624 20 1625 59 1626 0 1627 273 1628 273 1629 269 1630 59 1631 32 1632 310 1633 274 1634 274 1635 235 1636 32 1637 33 1638 275 1639 295 1640 33 1641 301 1642 275 1643 84 1644 276 1645 63 1646 63 1647 276 1648 262 1649 0 1650 277 1651 273 1652 277 1653 0 1654 179 1655 278 1656 109 1657 54 1658 268 1659 109 1660 278 1661 279 1662 17 1663 254 1664 279 1665 35 1666 17 1667 280 1668 293 1669 132 1670 280 1671 132 1672 255 1673 281 1674 300 1675 130 1676 281 1677 130 1678 120 1679 282 1680 60 1681 158 1682 282 1683 291 1684 60 1685 137 1686 283 1687 126 1688 137 1689 141 1690 283 1691 127 1692 284 1693 142 1694 2 1695 284 1696 127 1697 285 1698 37 1699 251 1700 285 1701 299 1702 37 1703 286 1704 290 1705 24 1706 286 1707 24 1708 131 1709 287 1710 14 1711 148 1712 158 1713 14 1714 287 1715 139 1716 288 1717 144 1718 135 1719 288 1720 139 1721 289 1722 145 1723 133 1724 359 1725 289 1726 133 1727 24 1728 290 1729 44 1730 44 1731 290 1732 65 1733 60 1734 291 1735 3 1736 3 1737 291 1738 16 1739 292 1740 284 1741 2 1742 292 1743 2 1744 26 1745 55 1746 293 1747 65 1748 132 1749 293 1750 55 1751 294 1752 6 1753 260 1754 230 1755 6 1756 294 1757 128 1758 33 1759 295 1760 295 1761 49 1762 128 1763 133 1764 296 1765 16 1766 129 1767 16 1768 296 1769 128 1770 49 1771 297 1772 297 1773 49 1774 152 1775 142 1776 31 1777 298 1778 298 1779 31 1780 170 1781 13 1782 299 1783 16 1784 37 1785 299 1786 13 1787 27 1788 300 1789 16 1790 130 1791 300 1792 27 1793 275 1794 301 1795 21 1796 21 1797 301 1798 16 1799 165 1800 302 1801 16 1802 31 1803 302 1804 165 1805 303 1806 176 1807 1 1808 1 1809 34 1810 303 1811 131 1812 24 1813 304 1814 346 1815 131 1816 304 1817 305 1818 144 1819 219 1820 305 1821 139 1822 144 1823 60 1824 38 1825 306 1826 38 1827 14 1828 306 1829 205 1830 307 1831 48 1832 205 1833 180 1834 307 1835 138 1836 80 1837 308 1838 308 1839 258 1840 138 1841 309 1842 117 1843 65 1844 309 1845 311 1846 117 1847 310 1848 122 1849 26 1850 32 1851 122 1852 310 1853 311 1854 129 1855 5 1856 117 1857 311 1858 5 1859 312 1860 183 1861 12 1862 312 1863 12 1864 143 1865 313 1866 113 1867 56 1868 313 1869 56 1870 15 1871 314 1872 79 1873 9 1874 314 1875 9 1876 332 1877 315 1878 185 1879 18 1880 18 1881 338 1882 315 1883 11 1884 224 1885 316 1886 316 1887 186 1888 11 1889 317 1890 118 1891 4 1892 4 1893 339 1894 317 1895 318 1896 119 1897 19 1898 318 1899 19 1900 45 1901 319 1902 207 1903 46 1904 319 1905 46 1906 240 1907 228 1908 47 1909 320 1910 320 1911 47 1912 112 1913 321 1914 143 1915 86 1916 321 1917 312 1918 143 1919 322 1920 15 1921 115 1922 322 1923 313 1924 15 1925 316 1926 224 1927 323 1928 323 1929 224 1930 105 1931 324 1932 241 1933 25 1934 324 1935 25 1936 223 1937 325 1938 34 1939 110 1940 303 1941 34 1942 325 1943 326 1944 318 1945 45 1946 326 1947 45 1948 222 1949 327 1950 10 1951 140 1952 327 1953 229 1954 10 1955 227 1956 328 1957 267 1958 225 1959 328 1960 227 1961 329 1962 328 1963 225 1964 225 1965 220 1966 329 1967 241 1968 330 1969 25 1970 241 1971 73 1972 330 1973 229 1974 331 1975 10 1976 229 1977 178 1978 331 1979 58 1980 332 1981 215 1982 58 1983 314 1984 332 1985 333 1986 47 1987 228 1988 228 1989 172 1990 333 1991 334 1992 259 1993 202 1994 202 1995 81 1996 334 1997 335 1998 53 1999 203 2000 203 2001 103 2002 335 2003 336 2004 22 2005 212 2006 212 2007 171 2008 336 2009 39 2010 209 2011 337 2012 337 2013 257 2014 39 2015 242 2016 338 2017 175 2018 315 2019 338 2020 242 2021 243 2022 339 2023 206 2024 317 2025 339 2026 243 2027 340 2028 125 2029 107 2030 340 2031 65 2032 125 2033 201 2034 341 2035 153 2036 341 2037 42 2038 153 2039 342 2040 129 2041 201 2042 201 2043 153 2044 342 2045 343 2046 252 2047 1 2048 1 2049 176 2050 343 2051 30 2052 344 2053 181 2054 344 2055 30 2056 106 2057 52 2058 345 2059 182 2060 345 2061 52 2062 20 2063 8 2064 42 2065 346 2066 346 2067 42 2068 290 2069 347 2070 278 2071 99 2072 23 2073 347 2074 99 2075 348 2076 74 2077 43 2078 348 2079 43 2080 213 2081 349 2082 57 2083 106 2084 30 2085 349 2086 106 2087 350 2088 258 2089 177 2090 138 2091 258 2092 350 2093 351 2094 252 2095 204 2096 351 2097 173 2098 252 2099 352 2100 157 2101 50 2102 352 2103 50 2104 214 2105 52 2106 353 2107 20 2108 353 2109 121 2110 20 2111 354 2112 259 2113 155 2114 202 2115 259 2116 354 2117 355 2118 22 2119 98 2120 212 2121 22 2122 355 2123 356 2124 53 2125 184 2126 203 2127 53 2128 356 2129 357 2130 257 2131 67 2132 39 2133 257 2134 357 2135 358 2136 205 2137 48 2138 358 2139 48 2140 101 2141 359 2142 7 2143 36 2144 359 2145 368 2146 7 2147 360 2148 23 2149 99 2150 23 2151 360 2152 268 2153 213 2154 361 2155 70 2156 213 2157 43 2158 361 2159 240 2160 362 2161 66 2162 240 2163 46 2164 362 2165 214 2166 50 2167 363 2168 214 2169 363 2170 174 2171 38 2172 364 2173 14 2174 14 2175 364 2176 291 2177 31 2178 365 2179 2 2180 31 2181 165 2182 365 2183 366 2184 8 2185 135 2186 366 2187 42 2188 8 2189 367 2190 55 2191 208 2192 208 2193 122 2194 367 2195 7 2196 368 2197 49 2198 49 2199 368 2200 301 2201</p>
        </triangles>
      </mesh>
    </geometry>
  </library_geometries>
  <library_visual_scenes>
    <visual_scene id="l_wrist_p_link" name="l_wrist_p_link">
      <node name="FBXASC227FBXASC130FBXASC189FBXASC227FBXASC131FBXASC170FBXASC227FBXASC131FBXASC131FBXASC227FBXASC131FBXASC1371" id="FBXASC227FBXASC130FBXASC189FBXASC227FBXASC131FBXASC170FBXASC227FBXASC131FBXASC131FBXASC227FBXASC131FBXASC1371" sid="FBXASC227FBXASC130FBXASC189FBXASC227FBXASC131FBXASC170FBXASC227FBXASC131FBXASC131FBXASC227FBXASC131FBXASC1371">
        <matrix sid="matrix">25.4 0 0 0 0 25.4 0 0 0 0 25.4 0 0 0 0 1</matrix>
        <instance_geometry url="#FBXASC227FBXASC130FBXASC189FBXASC227FBXASC131FBXASC170FBXASC227FBXASC131FBXASC131FBXASC227FBXASC131FBXASC1371-lib">
          <bind_material>
            <technique_common>
              <instance_material symbol="MaterialFBXASC032FBXASC03525" target="#MaterialFBXASC032FBXASC03525"/>
            </technique_common>
          </bind_material>
        </instance_geometry>
        <extra>
          <technique profile="FCOLLADA">
            <visibility>1.000000</visibility>
          </technique>
        </extra>
      </node>
      <node name="FBXASC227FBXASC130FBXASC189FBXASC227FBXASC131FBXASC170FBXASC227FBXASC131FBXASC131FBXASC227FBXASC131FBXASC1372" id="FBXASC227FBXASC130FBXASC189FBXASC227FBXASC131FBXASC170FBXASC227FBXASC131FBXASC131FBXASC227FBXASC131FBXASC1372" sid="FBXASC227FBXASC130FBXASC189FBXASC227FBXASC131FBXASC170FBXASC227FBXASC131FBXASC131FBXASC227FBXASC131FBXASC1372">
        <matrix sid="matrix">25.4 0 0 0 0 25.4 0 0 0 0 25.4 0 0 0 0 1</matrix>
        <instance_geometry url="#FBXASC227FBXASC130FBXASC189FBXASC227FBXASC131FBXASC170FBXASC227FBXASC131FBXASC131FBXASC227FBXASC131FBXASC1372-lib">
          <bind_material>
            <technique_common>
              <instance_material symbol="MaterialFBXASC032FBXASC03526" target="#MaterialFBXASC032FBXASC03526"/>
            </technique_common>
          </bind_material>
        </instance_geometry>
        <extra>
          <technique profile="FCOLLADA">
            <visibility>1.000000</visibility>
          </technique>
        </extra>
      </node>
      <node name="FBXASC227FBXASC130FBXASC189FBXASC227FBXASC131FBXASC170FBXASC227FBXASC131FBXASC131FBXASC227FBXASC131FBXASC1373" id="FBXASC227FBXASC130FBXASC189FBXASC227FBXASC131FBXASC170FBXASC227FBXASC131FBXASC131FBXASC227FBXASC131FBXASC1373" sid="FBXASC227FBXASC130FBXASC189FBXASC227FBXASC131FBXASC170FBXASC227FBXASC131FBXASC131FBXASC227FBXASC131FBXASC1373">
        <matrix sid="matrix">25.4 0 0 0 0 25.4 0 0 0 0 25.4 0 0 0 0 1</matrix>
        <instance_geometry url="#FBXASC227FBXASC130FBXASC189FBXASC227FBXASC131FBXASC170FBXASC227FBXASC131FBXASC131FBXASC227FBXASC131FBXASC1373-lib">
          <bind_material>
            <technique_common>
              <instance_material symbol="MaterialFBXASC032FBXASC03526" target="#MaterialFBXASC032FBXASC03526"/>
            </technique_common>
          </bind_material>
        </instance_geometry>
        <extra>
          <technique profile="FCOLLADA">
            <visibility>1.000000</visibility>
          </technique>
        </extra>
      </node>
      <node name="FBXASC227FBXASC130FBXASC189FBXASC227FBXASC131FBXASC170FBXASC227FBXASC131FBXASC131FBXASC227FBXASC131FBXASC1374" id="FBXASC227FBXASC130FBXASC189FBXASC227FBXASC131FBXASC170FBXASC227FBXASC131FBXASC131FBXASC227FBXASC131FBXASC1374" sid="FBXASC227FBXASC130FBXASC189FBXASC227FBXASC131FBXASC170FBXASC227FBXASC131FBXASC131FBXASC227FBXASC131FBXASC1374">
        <matrix sid="matrix">25.4 0 0 0 0 25.4 0 0 0 0 25.4 0 0 0 0 1</matrix>
        <instance_geometry url="#FBXASC227FBXASC130FBXASC189FBXASC227FBXASC131FBXASC170FBXASC227FBXASC131FBXASC131FBXASC227FBXASC131FBXASC1374-lib">
          <bind_material>
            <technique_common>
              <instance_material symbol="MaterialFBXASC032FBXASC03526" target="#MaterialFBXASC032FBXASC03526"/>
            </technique_common>
          </bind_material>
        </instance_geometry>
        <extra>
          <technique profile="FCOLLADA">
            <visibility>1.000000</visibility>
          </technique>
        </extra>
      </node>
      <node name="FBXASC227FBXASC130FBXASC189FBXASC227FBXASC131FBXASC170FBXASC227FBXASC131FBXASC131FBXASC227FBXASC131FBXASC1375" id="FBXASC227FBXASC130FBXASC189FBXASC227FBXASC131FBXASC170FBXASC227FBXASC131FBXASC131FBXASC227FBXASC131FBXASC1375" sid="FBXASC227FBXASC130FBXASC189FBXASC227FBXASC131FBXASC170FBXASC227FBXASC131FBXASC131FBXASC227FBXASC131FBXASC1375">
        <matrix sid="matrix">25.4 0 0 0 0 25.4 0 0 0 0 25.4 0 0 0 0 1</matrix>
        <instance_geometry url="#FBXASC227FBXASC130FBXASC189FBXASC227FBXASC131FBXASC170FBXASC227FBXASC131FBXASC131FBXASC227FBXASC131FBXASC1375-lib">
          <bind_material>
            <technique_common>
              <instance_material symbol="MaterialFBXASC032FBXASC03526" target="#MaterialFBXASC032FBXASC03526"/>
            </technique_common>
          </bind_material>
        </instance_geometry>
        <extra>
          <technique profile="FCOLLADA">
            <visibility>1.000000</visibility>
          </technique>
        </extra>
      </node>
      <node name="FBXASC227FBXASC130FBXASC189FBXASC227FBXASC131FBXASC170FBXASC227FBXASC131FBXASC131FBXASC227FBXASC131FBXASC1376" id="FBXASC227FBXASC130FBXASC189FBXASC227FBXASC131FBXASC170FBXASC227FBXASC131FBXASC131FBXASC227FBXASC131FBXASC1376" sid="FBXASC227FBXASC130FBXASC189FBXASC227FBXASC131FBXASC170FBXASC227FBXASC131FBXASC131FBXASC227FBXASC131FBXASC1376">
        <matrix sid="matrix">25.4 0 0 0 0 25.4 0 0 0 0 25.4 0 0 0 0 1</matrix>
        <instance_geometry url="#FBXASC227FBXASC130FBXASC189FBXASC227FBXASC131FBXASC170FBXASC227FBXASC131FBXASC131FBXASC227FBXASC131FBXASC1376-lib">
          <bind_material>
            <technique_common>
              <instance_material symbol="MaterialFBXASC032FBXASC03527" target="#MaterialFBXASC032FBXASC03527"/>
            </technique_common>
          </bind_material>
        </instance_geometry>
        <extra>
          <technique profile="FCOLLADA">
            <visibility>1.000000</visibility>
          </technique>
        </extra>
      </node>
      <node name="FBXASC227FBXASC130FBXASC189FBXASC227FBXASC131FBXASC170FBXASC227FBXASC131FBXASC131FBXASC227FBXASC131FBXASC1377" id="FBXASC227FBXASC130FBXASC189FBXASC227FBXASC131FBXASC170FBXASC227FBXASC131FBXASC131FBXASC227FBXASC131FBXASC1377" sid="FBXASC227FBXASC130FBXASC189FBXASC227FBXASC131FBXASC170FBXASC227FBXASC131FBXASC131FBXASC227FBXASC131FBXASC1377">
        <matrix sid="matrix">25.4 0 0 0 0 25.4 0 0 0 0 25.4 0 0 0 0 1</matrix>
        <instance_geometry url="#FBXASC227FBXASC130FBXASC189FBXASC227FBXASC131FBXASC170FBXASC227FBXASC131FBXASC131FBXASC227FBXASC131FBXASC1377-lib">
          <bind_material>
            <technique_common>
              <instance_material symbol="MaterialFBXASC032FBXASC03526" target="#MaterialFBXASC032FBXASC03526"/>
            </technique_common>
          </bind_material>
        </instance_geometry>
        <extra>
          <technique profile="FCOLLADA">
            <visibility>1.000000</visibility>
          </technique>
        </extra>
      </node>
      <node name="FBXASC227FBXASC130FBXASC189FBXASC227FBXASC131FBXASC170FBXASC227FBXASC131FBXASC131FBXASC227FBXASC131FBXASC1378" id="FBXASC227FBXASC130FBXASC189FBXASC227FBXASC131FBXASC170FBXASC227FBXASC131FBXASC131FBXASC227FBXASC131FBXASC1378" sid="FBXASC227FBXASC130FBXASC189FBXASC227FBXASC131FBXASC170FBXASC227FBXASC131FBXASC131FBXASC227FBXASC131FBXASC1378">
        <matrix sid="matrix">25.4 0 0 0 0 25.4 0 0 0 0 25.4 0 0 0 0 1</matrix>
        <instance_geometry url="#FBXASC227FBXASC130FBXASC189FBXASC227FBXASC131FBXASC170FBXASC227FBXASC131FBXASC131FBXASC227FBXASC131FBXASC1378-lib">
          <bind_material>
            <technique_common>
              <instance_material symbol="MaterialFBXASC032FBXASC03526" target="#MaterialFBXASC032FBXASC03526"/>
            </technique_common>
          </bind_material>
        </instance_geometry>
        <extra>
          <technique profile="FCOLLADA">
            <visibility>1.000000</visibility>
          </technique>
        </extra>
      </node>
      <node name="FBXASC227FBXASC130FBXASC189FBXASC227FBXASC131FBXASC170FBXASC227FBXASC131FBXASC131FBXASC227FBXASC131FBXASC1379" id="FBXASC227FBXASC130FBXASC189FBXASC227FBXASC131FBXASC170FBXASC227FBXASC131FBXASC131FBXASC227FBXASC131FBXASC1379" sid="FBXASC227FBXASC130FBXASC189FBXASC227FBXASC131FBXASC170FBXASC227FBXASC131FBXASC131FBXASC227FBXASC131FBXASC1379">
        <matrix sid="matrix">25.4 0 0 0 0 25.4 0 0 0 0 25.4 0 0 0 0 1</matrix>
        <instance_geometry url="#FBXASC227FBXASC130FBXASC189FBXASC227FBXASC131FBXASC170FBXASC227FBXASC131FBXASC131FBXASC227FBXASC131FBXASC1379-lib">
          <bind_material>
            <technique_common>
              <instance_material symbol="MaterialFBXASC032FBXASC03527" target="#MaterialFBXASC032FBXASC03527"/>
            </technique_common>
          </bind_material>
        </instance_geometry>
        <extra>
          <technique profile="FCOLLADA">
            <visibility>1.000000</visibility>
          </technique>
        </extra>
      </node>
      <node name="FBXASC227FBXASC130FBXASC189FBXASC227FBXASC131FBXASC170FBXASC227FBXASC131FBXASC131FBXASC227FBXASC131FBXASC13710" id="FBXASC227FBXASC130FBXASC189FBXASC227FBXASC131FBXASC170FBXASC227FBXASC131FBXASC131FBXASC227FBXASC131FBXASC13710" sid="FBXASC227FBXASC130FBXASC189FBXASC227FBXASC131FBXASC170FBXASC227FBXASC131FBXASC131FBXASC227FBXASC131FBXASC13710">
        <matrix sid="matrix">25.4 0 0 0 0 25.4 0 0 0 0 25.4 0 0 0 0 1</matrix>
        <instance_geometry url="#FBXASC227FBXASC130FBXASC189FBXASC227FBXASC131FBXASC170FBXASC227FBXASC131FBXASC131FBXASC227FBXASC131FBXASC13710-lib">
          <bind_material>
            <technique_common>
              <instance_material symbol="MaterialFBXASC032FBXASC03525" target="#MaterialFBXASC032FBXASC03525"/>
            </technique_common>
          </bind_material>
        </instance_geometry>
        <extra>
          <technique profile="FCOLLADA">
            <visibility>1.000000</visibility>
          </technique>
        </extra>
      </node>
      <extra>
        <technique profile="MAX3D">
          <frame_rate>30.000000</frame_rate>
        </technique>
        <technique profile="FCOLLADA">
          <start_time>0.000000</start_time>
          <end_time>3.333333</end_time>
        </technique>
      </extra>
    </visual_scene>
  </library_visual_scenes>
  <scene>
    <instance_visual_scene url="#l_wrist_p_link"/>
  </scene>
</COLLADA>