<?xml version='1.0' encoding='UTF-8'?>
<COLLADA xmlns="http://www.collada.org/2005/11/COLLADASchema" version="1.4.1">
  <asset>
    <contributor>
      <author/>
      <authoring_tool>FBX COLLADA exporter</authoring_tool>
      <comments/>
    </contributor>
    <created>2026-08-19T00:52:16Z</created>
    <keywords/>
    <modified>2026-08-19T00:52:16Z</modified>
    <revision/>
    <subject/>
    <title/>
    <unit meter="1.0" name="meter"/>
    <up_axis>Z_UP</up_axis>
  </asset>
  <library_materials>
    <material id="MaterialFBXASC032FBXASC03525" name="MaterialFBXASC032FBXASC03525">
      <instance_effect url="#MaterialFBXASC032FBXASC03525-fx"/>
    </material>
    <material id="MaterialFBXASC032FBXASC03526" name="MaterialFBXASC032FBXASC03526">
      <instance_effect url="#MaterialFBXASC032FBXASC03526-fx"/>
    </material>
    <material id="MaterialFBXASC032FBXASC03529" name="MaterialFBXASC032FBXASC03529">
      <instance_effect url="#MaterialFBXASC032FBXASC03529-fx"/>
    </material>
    <material id="MaterialFBXASC032FBXASC03530" name="MaterialFBXASC032FBXASC03530">
      <instance_effect url="#MaterialFBXASC032FBXASC03530-fx"/>
    </material>
  </library_materials>
  <library_effects>
    <effect id="MaterialFBXASC032FBXASC03525-fx" name="MaterialFBXASC032FBXASC03525">
      <profile_COMMON>
        <technique sid="standard">
          <phong>
            <emission>
              <color sid="emission">0.000000  0.000000 0.000000 1.000000</color>
            </emission>
            <ambient>
              <color sid="ambient">0.745098  0.737255 0.729412 1.000000</color>
            </ambient>
            <diffuse>
              <color sid="diffuse">0.745098  0.737255 0.729412 1.000000</color>
            </diffuse>
            <specular>
              <color sid="specular">0.000000  0.000000 0.000000 1.000000</color>
            </specular>
            <shininess>
              <float sid="shininess">1.000000</float>
            </shininess>
            <transparency>
              <float sid="transparency">0.000000</float>
            </transparency>
          </phong>
        </technique>
      </profile_COMMON>
    </effect>
    <effect id="MaterialFBXASC032FBXASC03526-fx" name="MaterialFBXASC032FBXASC03526">
      <profile_COMMON>
        <technique sid="standard">
          <phong>
            <emission>
              <color sid="emission">0.000000  0.000000 0.000000 1.000000</color>
            </emission>
            <ambient>
              <color sid="ambient">0.301961  0.305882 0.290196 1.000000</color>
            </ambient>
            <diffuse>
              <color sid="diffuse">0.301961  0.305882 0.290196 1.000000</color>
            </diffuse>
            <specular>
              <color sid="specular">0.000000  0.000000 0.000000 1.000000</color>
            </specular>
            <shininess>
              <float sid="shininess">1.000000</float>
            </shininess>
            <transparency>
              <float sid="transparency">0.000000</float>
            </transparency>
          </phong>
        </technique>
      </profile_COMMON>
    </effect>
    <effect id="MaterialFBXASC032FBXASC03529-fx" name="MaterialFBXASC032FBXASC03529">
      <profile_COMMON>
        <technique sid="standard">
          <phong>
            <emission>
              <color sid="emission">0.000000  0.000000 0.000000 1.000000</color>
            </emission>
            <ambient>
              <color sid="ambient">0.690196  0.690196 0.690196 1.000000</color>
            </ambient>
            <diffuse>
              <color sid="diffuse">0.690196  0.690196 0.690196 1.000000</color>
            </diffuse>
            <specular>
              <color sid="specular">0.000000  0.000000 0.000000 1.000000</color>
            </specular>
            <shininess>
              <float sid="shininess">1.000000</float>
            </shininess>
            <transparency>
              <float sid="transparency">0.000000</float>
            </transparency>
          </phong>
        </technique>
      </profile_COMMON>
    </effect>
    <effect id="MaterialFBXASC032FBXASC03530-fx" name="MaterialFBXASC032FBXASC03530">
      <profile_COMMON>
        <technique sid="standard">
          <phong>
            <emission>
              <color sid="emission">0.000000  0.000000 0.000000 1.000000</color>
            </emission>
            <ambient>
              <color sid="ambient">0.019608  0.019608 0.019608 1.000000</color>
            </ambient>
            <diffuse>
              <color sid="diffuse">0.019608  0.019608 0.019608 1.000000</color>
            </diffuse>
            <specular>
              <color sid="specular">0.000000  0.000000 0.000000 1.000000</color>
            </specular>
            <shininess>
              <float sid="shininess">1.000000</float>
            </shininess>
            <transparency>
              <float sid="transparency">0.000000</float>
            </transparency>
          </phong>
        </technique>
      </profile_COMMON>
    </effect>
  </library_effects>
  <library_geometries>
    <geometry id="FBXASC227FBXASC130FBXASC189FBXASC227FBXASC131FBXASC170FBXASC227FBXASC131FBXASC131FBXASC227FBXASC131FBXASC1371-lib" name="FBXASC227FBXASC130FBXASC189FBXASC227FBXASC131FBXASC170FBXASC227FBXASC131FBXASC131FBXASC227FBXASC131FBXASC1371Mesh">
      <mesh>
        <source id="FBXASC227FBXASC130FBXASC189FBXASC227FBXASC131FBXASC170FBXASC227FBXASC131FBXASC131FBXASC227FBXASC131FBXASC1371-POSITION">
          <float_array id="FBXASC227FBXASC130FBXASC189FBXASC227FBXASC131FBXASC170FBXASC227FBXASC131FBXASC131FBXASC227FBXASC131FBXASC1371-POSITION-array" count="774">0.000571368 0.000776542 -0.000492126 0.000119094 0.001342809 7.479e-06 0.000119094 -0.000517601 -0.000131696 4.0354e-05 0.002715986 -0.000145669 0.000119094 0.002042132 0.000110631 0.000355315 0.002889882 -0.001376581 0.000119094 0.002626135 -0.001570213 0.000119094 0.000202191 -0.00011787 0.000119094 0.001877396 -0.000382922 0.000119094 0.001157598 -0.000405512 0.00115501 0.000776542 -0.000492126 0.000605867 0.002889882 -0.001882355 0.001445989 0.001062814 -0.000413386 8.3661e-05 -0.000838672 -0.00038189 4.0354e-05 0.002380975 -0.000886502 0.000119094 0.000662222 -0.000161845 0.00062621 0.002889882 -0.000978106 0.000126969 0.002968622 -0.001940945 0.000340325 0.002968622 -0.000640005 0.001445989 0.000551596 -0.000492126 0.000404817 0.000387624 -0.000492126 4.0354e-05 0.002438845 0.000110429 8.3661e-05 -0.00067311 -0.000480522 5.1958e-05 0.002925315 -0.000145669 0.000119094 -0.000320499 0.000110429 0.000403806 0.002889882 -0.001585697 5.1958e-05 -0.000806969 -0.000145669 4.0354e-05 0.000860603 0.000110429 4.0354e-05 0.002453583 -0.001529726 4.0354e-05 7.6641e-05 0.000110429 0.000645922 0.000931354 -0.000413386 0.001080456 0.000931354 -0.000492126 0.000119094 0.002251738 -0.000618137 4.0354e-05 0.002018859 -0.000432422 4.0354e-05 0.002693032 -0.001940945 0.000315945 -0.000771535 -0.00038189 0.00033563 0.002889882 -0.000165354 0.000529372 0.002968622 -0.001148686 0.001304134 0.001157598 -0.000413386 4.0354e-05 0.002565377 -9.143e-05 0.001080456 0.000683055 -0.000413386 0.001304134 0.000456811 -0.000492126 0.00057185 0.000456811 -0.000492126 0.000622736 0.002968622 -0.001756409 0.000315945 -0.00067311 -0.000413386 0.000645922 0.000683055 -0.000413386 4.0354e-05 -0.000394279 -2.9634e-05 0.000403806 0.002889882 -0.0012332 4.0354e-05 0.00195664 7.479e-06 4.0354e-05 0.000787581 -5.0945e-05 4.0354e-05 0.001157598 -0.000366142 0.000353611 0.000310988 -0.000413386 0.000119094 0.001257317 0.000110631 0.000459637 0.002889882 -0.001638283 0.00033563 -0.000771535 -0.000165354 0.00115501 0.000837867 -0.000413386 0.00049311 0.002889882 -0.001940945 0.000119094 0.002512625 -2.9634e-05 4.0354e-05 0.002412393 -0.00147575 0.000119094 0.002882008 -0.001940945 0.000119094 0.000124251 3.0248e-05 4.0354e-05 -0.00067311 -0.00038189 4.0354e-05 0.000275022 -0.000161845 4.0354e-05 0.001728465 -0.000366142 0.000618082 0.002968622 -0.001073796 0.000119094 0.002331475 -0.000745038 0.000126969 0.001157598 -0.000492126 0.000571368 0.000776542 -0.000413386 4.0354e-05 0.002145761 -0.00051216 0.001412705 0.000501783 -0.000413386 4.0354e-05 0.002626135 -0.001570213 0.000119094 0.002635947 -0.000131696 0.000119094 0.002882008 -0.000145669 0.000581999 0.002889882 -0.00112104 0.000375989 0.002889882 -0.000701777 0.001457677 0.001004055 -0.000492126 0.000645922 0.000931354 -0.000492126 4.0354e-05 0.002397756 -0.001035433 4.0354e-05 0.001284448 8.9616e-05 0.000481453 0.00043883 -0.000413386 4.0354e-05 -0.00059764 -0.000145669 0.000629686 0.002968622 -0.001821442 0.000119094 0.002715986 -0.000145669 4.0354e-05 0.000735053 -0.00011787 0.001304134 0.001157598 -0.000492126 4.0354e-05 0.001877396 -0.000382922 0.000119094 0.000894523 0.00011811 0.000367766 0.002968622 -0.001517996 4.0354e-05 -0.000286579 0.00011811 0.000119094 -0.000763661 -0.00038189 0.000529372 0.002968622 -0.001670211 0.000119094 0.000275022 -0.000161845 0.000119094 -0.000394279 -2.9634e-05 0.000126969 -0.000850276 -0.000145669 0.00033563 0.000220591 -0.000492126 0.000355315 0.002968622 -0.001442317 0.001304134 0.000456811 -0.000413386 0.00115501 0.000776542 -0.000413386 4.0354e-05 0.002042132 0.000110631 0.00115501 0.000837867 -0.000492126 4.0354e-05 0.000578536 -0.000177165 4.0354e-05 0.000149663 -5.0945e-05 0.001457677 0.000610354 -0.000413386 0.001020669 0.000669409 -0.000492126 0.000597976 0.000721291 -0.000492126 0.000119094 -0.00067311 -0.000405512 0.000119094 0.002453583 -0.001529726 0.000367766 0.002968622 -0.001300902 5.1958e-05 0.002925315 -0.001940945 0.001412705 0.001112627 -0.000492126 0.000119094 0.002397756 -0.001409449 0.000119094 0.002565377 -9.143e-05 0.000622736 0.002889882 -0.001756409 0.000556645 0.002968622 -0.001925423 0.001020669 0.000945 -0.000413386 0.000126969 0.002968622 -0.000145669 0.000630906 0.002968622 -0.00101377 0.000590546 0.002968622 -0.000916334 0.00057185 0.000456811 -0.000413386 0.000119094 0.001983771 2.8495e-05 0.000119094 0.002438845 0.000110429 0.000119094 0.002660495 -0.001599252 0.000119094 -0.000763661 -0.000145669 0.000375989 0.002968622 -0.000701777 4.0354e-05 0.001376303 -0 0.000119094 -0.00059764 -0.000145669 0.000119094 4.2721e-05 0.00011811 0.00033563 -0.000850276 -0.000165354 4.0354e-05 0.002251738 -0.000618137 4.0354e-05 0.002673347 -0.001642365 0.000705709 0.000669409 -0.000492126 4.0354e-05 -0.00036316 5.7682e-05 5.1958e-05 -0.000806969 -0.00038189 5.1958e-05 0.001157598 -0.000448819 4.0354e-05 0.002512625 -2.9634e-05 0.000481453 0.00043883 -0.000492126 4.0354e-05 0.000358708 -0.000177165 0.000571368 0.000837867 -0.000413386 4.0354e-05 0.000812993 3.0248e-05 0.000119094 0.002483932 4.638e-05 0.00033563 -0.000850276 -0.000362205 0.000119094 0.000787581 -5.0945e-05 0.000404817 0.000387624 -0.000413386 0.000119094 0.002018859 -0.000432422 4.0354e-05 0.001223823 0.00011811 4.0354e-05 0.002882008 -0.000145669 0.000367766 0.002889882 -0.001300902 0.000597976 0.000893119 -0.000492126 0.000119094 0.002397756 -0.001035433 0.000119094 0.002145761 -0.00051216 0.001457677 0.001004055 -0.000413386 4.0354e-05 -0.000447031 -9.143e-05 0.001457677 0.000610354 -0.000492126 4.0354e-05 0.002635947 -0.000131696 0.000705709 0.000945 -0.000413386 0.000119094 0.001157598 -0.000366142 0.00033563 0.002889882 -0.000604341 0.000459637 0.002968622 -0.001638283 0.000403806 0.002968622 -0.001585697 0.000367766 0.002889882 -0.001517996 0.000119094 -0.000447031 -9.143e-05 0.000315945 0.002968622 -0.000145669 0.000119094 0.002673347 -0.00192126 0.000618082 0.002889882 -0.001073796 0.000605867 0.002968622 -0.001882355 0.000459637 0.002968622 -0.001180614 0.000126969 -0.00067311 -0.000492126 4.0354e-05 0.001999386 5.9055e-05 4.0354e-05 -0.000763661 -0.000145669 0.000353611 0.000310988 -0.000492126 4.0354e-05 0.00251367 -0.001561344 0.000529372 0.002889882 -0.001670211 0.000119094 0.000735053 -0.00011787 0.000119094 0.002380975 -0.000886502 0.000119094 0.001728465 -0.000366142 4.0354e-05 0.002331475 -0.000745038 0.000119094 0.001923146 -0 0.000119094 0.00251367 -0.001561344 0.001362892 0.000468499 -0.000492126 0.000119094 0.000149663 -5.0945e-05 0.000459637 0.002889882 -0.001180614 0.000119094 0.000833301 8.8886e-05 0.001128402 0.000721291 -0.000492126 0.001128402 0.000721291 -0.000413386 4.0354e-05 0.000662222 -0.000161845 0.00033563 0.000220591 -0.000413386 4.0354e-05 0.000202191 -0.00011787 0.001128402 0.000893119 -0.000413386 0.001128402 0.000893119 -0.000492126 0.000119094 0.000578536 -0.000177165 8.3661e-05 0.002957018 -0.001940945 4.0354e-05 0.001315678 2.8495e-05 0.000403806 0.002968622 -0.0012332 0.000586583 0.002889882 -0.001701906 0.000119094 0.000358708 -0.000177165 0.001362892 0.001145911 -0.000413386 0.001362892 0.001145911 -0.000492126 0.000586583 0.002968622 -0.001701906 0.000556645 0.002889882 -0.001925423 4.0354e-05 -0.000517601 -0.000131696 0.001080456 0.000931354 -0.000413386 0.000705709 0.000669409 -0.000413386 0.000645922 0.000683055 -0.000492126 0.000629686 0.002889882 -0.001821442 0.000597976 0.000893119 -0.000413386 0.000571368 0.000837867 -0.000492126 0.000355315 0.002889882 -0.001442317 0.000597976 0.000721291 -0.000413386 0.000355315 0.002968622 -0.001376581 0.000612444 0.002889882 -0.000944872 0.001080456 0.000683055 -0.000492126 0.00033563 -0.000653425 -0.000492126 0.000119094 0.002581483 -0.001564726 0.000581999 0.002968622 -0.00112104 0.001020669 0.000945 -0.000492126 0.001020669 0.000669409 -0.000413386 5.1958e-05 -0.00067311 -0.000448819 0.000119094 0.002412393 -0.00147575 0.00049311 0.002968622 -0.001940945 0.000126969 -0.000850276 -0.00038189 4.0354e-05 0.002397756 -0.001409449 4.0354e-05 0.002404925 0.00011811 0.000705709 0.000945 -0.000492126 0.000529372 0.002889882 -0.001148686 0.000119094 0.002075626 0.00011811 0.001412705 0.001112627 -0.000413386 4.0354e-05 0.001157598 -0.000405512 0.001362892 0.000468499 -0.000413386 8.3661e-05 0.002957018 -0.000145669 8.3661e-05 -0.000838672 -0.000145669 0.000119094 -0.000286579 0.00011811 0.001412705 0.000501783 -0.000492126 0.001445989 0.001062814 -0.000492126 0.001445989 0.000551596 -0.000413386 4.0354e-05 0.002581483 -0.001564726 0.000119094 0.001376303 -0 8.3661e-05 0.001157598 -0.000480522 4.0354e-05 -0.000763661 -0.00038189 4.0354e-05 0.002882008 -0.001940945 4.0354e-05 4.2721e-05 0.00011811 0.000354091 0.002889882 -0.000673238 4.0354e-05 0.002660495 -0.001599252 0.000119094 0.002673347 -0.001642365 0.00062621 0.002968622 -0.000978106 0.000630906 0.002889882 -0.001015748 0.000119094 7.6641e-05 0.000110429 4.0354e-05 0.002466148 8.8886e-05 4.0354e-05 0.001923146 -0 0.000119094 0.002404925 0.00011811 4.0354e-05 -0.000320499 0.000110429 4.0354e-05 0.002075626 0.00011811 4.0354e-05 -0.00067311 -0.000405512 0.000119094 -0.00067311 -0.00038189 0.000119094 0.002015001 8.9616e-05 0.00033563 0.002968622 -0.000604341 0.000119094 -0.000347802 8.8886e-05 4.0354e-05 0.000103943 8.8886e-05 0.000119094 0.001300063 5.9055e-05</float_array>
          <technique_common>
            <accessor source="#FBXASC227FBXASC130FBXASC189FBXASC227FBXASC131FBXASC170FBXASC227FBXASC131FBXASC131FBXASC227FBXASC131FBXASC1371-POSITION-array" count="258" stride="3">
              <param name="X" type="float"/>
              <param name="Y" type="float"/>
              <param name="Z" type="float"/>
            </accessor>
          </technique_common>
        </source>
        <source id="FBXASC227FBXASC130FBXASC189FBXASC227FBXASC131FBXASC170FBXASC227FBXASC131FBXASC131FBXASC227FBXASC131FBXASC1371-Normal0">
          <float_array id="FBXASC227FBXASC130FBXASC189FBXASC227FBXASC131FBXASC170FBXASC227FBXASC131FBXASC131FBXASC227FBXASC131FBXASC1371-Normal0-array" count="4635">
2.540000 0.000000 0.000000
2.540000 0.000000 0.000000
2.540000 0.000000 0.000000
2.540000 0.000000 0.000000
2.540000 0.000000 0.000000
2.540000 0.000000 0.000000
-2.540000 -0.000000 -0.000000
-2.540000 -0.000000 -0.000000
-2.540000 -0.000000 -0.000000
-2.540000 -0.000000 -0.000000
-2.540000 -0.000000 -0.000000
-2.540000 -0.000000 -0.000000
-2.540000 -0.000000 -0.000000
-2.540000 -0.000000 -0.000000
-2.540000 -0.000000 -0.000000
2.540000 0.000000 0.000000
2.540000 0.000000 0.000000
2.540000 0.000000 0.000000
0.000000 -2.540000 0.000000
0.000000 -2.540000 0.000000
0.000000 -2.540000 0.000000
-0.000000 2.540000 0.000000
-0.000000 2.540000 0.000000
-0.000000 2.540000 0.000000
-2.540000 -0.000000 -0.000000
-2.540000 -0.000000 -0.000000
-2.540000 -0.000000 -0.000000
2.540000 0.000000 0.000000
2.540000 0.000000 0.000000
2.540000 0.000000 0.000000
-2.540000 -0.000000 -0.000000
-2.540000 -0.000000 -0.000000
-2.540000 -0.000000 -0.000000
-2.540000 -0.000000 -0.000000
-2.540000 -0.000000 -0.000000
-2.540000 -0.000000 -0.000000
2.540000 0.000000 0.000000
2.540000 0.000000 0.000000
2.540000 0.000000 0.000000
2.540000 0.000000 0.000000
2.540000 0.000000 0.000000
2.540000 0.000000 0.000000
-0.000000 0.000000 2.540000
-0.000000 0.000000 2.540000
-0.000000 0.000000 2.540000
-0.000000 0.000000 2.540000
-0.000000 0.000000 2.540000
-0.000000 0.000000 2.540000
0.000000 -0.000000 -2.540000
0.000000 -0.000000 -2.540000
0.000000 -0.000000 -2.540000
0.000000 -0.000000 -2.540000
0.000000 -0.000000 -2.540000
0.000000 -0.000000 -2.540000
-0.000000 2.540000 0.000000
-0.000000 2.540000 0.000000
-0.000000 2.540000 0.000000
0.000000 -2.540000 0.000000
0.000000 -2.540000 0.000000
0.000000 -2.540000 0.000000
-0.000000 0.000000 2.540000
-0.000000 0.000000 2.540000
-0.000000 0.000000 2.540000
0.000000 -0.000000 -2.540000
0.000000 -0.000000 -2.540000
0.000000 -0.000000 -2.540000
2.540000 0.000000 0.000000
2.540000 0.000000 0.000000
2.540000 0.000000 0.000000
-2.540000 -0.000000 -0.000000
-2.540000 -0.000000 -0.000000
-2.540000 -0.000000 -0.000000
-2.540000 -0.000000 -0.000000
-2.540000 -0.000000 -0.000000
-2.540000 -0.000000 -0.000000
2.540000 0.000000 0.000000
2.540000 0.000000 0.000000
2.540000 0.000000 0.000000
-2.540000 -0.000000 -0.000000
-2.540000 -0.000000 -0.000000
-2.540000 -0.000000 -0.000000
2.540000 0.000000 0.000000
2.540000 0.000000 0.000000
2.540000 0.000000 0.000000
0.000000 -2.540000 0.000000
0.000000 -2.540000 0.000000
0.000000 -2.540000 0.000000
-0.000000 2.540000 0.000000
-0.000000 2.540000 0.000000
-0.000000 2.540000 0.000000
2.540000 0.000000 0.000000
2.540000 0.000000 0.000000
2.540000 0.000000 0.000000
-2.540000 -0.000000 -0.000000
-2.540000 -0.000000 -0.000000
-2.540000 -0.000000 -0.000000
-0.000000 2.540000 0.000000
-0.000000 2.540000 0.000000
-0.000000 2.540000 0.000000
0.000000 -2.540000 0.000000
0.000000 -2.540000 0.000000
0.000000 -2.540000 0.000000
-0.000000 0.000000 2.540000
-0.000000 0.000000 2.540000
-0.000000 0.000000 2.540000
-0.000000 0.000000 2.540000
-0.000000 0.000000 2.540000
-0.000000 0.000000 2.540000
0.000000 -0.000000 -2.540000
0.000000 -0.000000 -2.540000
0.000000 -0.000000 -2.540000
0.000000 -0.000000 -2.540000
0.000000 -0.000000 -2.540000
0.000000 -0.000000 -2.540000
0.000000 -0.000000 -2.540000
0.000000 -0.000000 -2.540000
0.000000 -0.000000 -2.540000
-0.000000 0.000000 2.540000
-0.000000 0.000000 2.540000
-0.000000 0.000000 2.540000
0.000000 -0.000000 -2.540000
0.000000 -0.000000 -2.540000
0.000000 -0.000000 -2.540000
-0.000000 0.000000 2.540000
-0.000000 0.000000 2.540000
-0.000000 0.000000 2.540000
2.540000 0.000000 0.000000
2.540000 0.000000 0.000000
2.540000 0.000000 0.000000
-2.540000 -0.000000 -0.000000
-2.540000 -0.000000 -0.000000
-2.540000 -0.000000 -0.000000
2.540000 0.000000 0.000000
2.540000 0.000000 0.000000
2.540000 0.000000 0.000000
-2.540000 -0.000000 -0.000000
-2.540000 -0.000000 -0.000000
-2.540000 -0.000000 -0.000000
2.540000 0.000000 0.000000
2.540000 0.000000 0.000000
2.540000 0.000000 0.000000
-2.540000 -0.000000 -0.000000
-2.540000 -0.000000 -0.000000
-2.540000 -0.000000 -0.000000
-2.540000 -0.000000 -0.000000
-2.540000 -0.000000 -0.000000
-2.540000 -0.000000 -0.000000
2.540000 0.000000 0.000000
2.540000 0.000000 0.000000
2.540000 0.000000 0.000000
-0.000000 2.540000 0.000000
-0.000000 2.540000 0.000000
-0.000000 2.540000 0.000000
0.000000 -2.540000 0.000000
0.000000 -2.540000 0.000000
0.000000 -2.540000 0.000000
-2.540000 -0.000000 -0.000000
-2.540000 -0.000000 -0.000000
-2.540000 -0.000000 -0.000000
2.540000 0.000000 0.000000
2.540000 0.000000 0.000000
2.540000 0.000000 0.000000
-2.540000 -0.000000 -0.000000
-2.540000 -0.000000 -0.000000
-2.540000 -0.000000 -0.000000
2.540000 0.000000 0.000000
2.540000 0.000000 0.000000
2.540000 0.000000 0.000000
2.540000 0.000000 0.000000
2.540000 0.000000 0.000000
2.540000 0.000000 0.000000
-2.540000 -0.000000 -0.000000
-2.540000 -0.000000 -0.000000
-2.540000 -0.000000 -0.000000
-2.540000 -0.000000 -0.000000
-2.540000 -0.000000 -0.000000
-2.540000 -0.000000 -0.000000
2.540000 0.000000 0.000000
2.540000 0.000000 0.000000
2.540000 0.000000 0.000000
0.000000 -0.000000 -2.540000
0.000000 -0.000000 -2.540000
0.000000 -0.000000 -2.540000
-0.000000 0.000000 2.540000
-0.000000 0.000000 2.540000
-0.000000 0.000000 2.540000
0.000000 -0.000000 -2.540000
0.000000 -0.000000 -2.540000
0.000000 -0.000000 -2.540000
-0.000000 0.000000 2.540000
-0.000000 0.000000 2.540000
-0.000000 0.000000 2.540000
2.540000 0.000000 0.000000
2.540000 0.000000 0.000000
2.540000 0.000000 0.000000
-2.540000 -0.000000 -0.000000
-2.540000 -0.000000 -0.000000
-2.540000 -0.000000 -0.000000
2.540000 0.000000 0.000000
2.540000 0.000000 0.000000
2.540000 0.000000 0.000000
-2.540000 -0.000000 -0.000000
-2.540000 -0.000000 -0.000000
-2.540000 -0.000000 -0.000000
2.540000 0.000000 0.000000
2.540000 0.000000 0.000000
2.540000 0.000000 0.000000
-2.540000 -0.000000 -0.000000
-2.540000 -0.000000 -0.000000
-2.540000 -0.000000 -0.000000
-0.000000 2.540000 -0.000000
-0.000000 2.540000 -0.000000
-0.000000 2.540000 -0.000000
0.000000 -2.540000 0.000000
0.000000 -2.540000 0.000000
0.000000 -2.540000 -0.000000
-0.000000 2.540000 0.000000
-0.000000 2.540000 0.000000
-0.000000 2.540000 0.000000
0.000000 -2.540000 0.000000
0.000000 -2.540000 0.000000
0.000000 -2.540000 0.000000
0.000000 -2.540000 0.000000
0.000000 -2.540000 0.000000
0.000000 -2.540000 0.000000
-0.000000 2.540000 0.000000
-0.000000 2.540000 0.000000
-0.000000 2.540000 0.000000
0.000000 -0.000000 -2.540000
0.000000 -0.000000 -2.540000
0.000000 -0.000000 -2.540000
-0.000000 0.000000 2.540000
-0.000000 0.000000 2.540000
-0.000000 0.000000 2.540000
2.540000 0.000000 0.000000
2.540000 0.000000 0.000000
2.540000 0.000000 0.000000
-2.540000 -0.000000 -0.000000
-2.540000 -0.000000 -0.000000
-2.540000 -0.000000 -0.000000
0.000000 -0.000000 -2.540000
0.000000 -0.000000 -2.540000
0.000000 -0.000000 -2.540000
-0.000000 0.000000 2.540000
-0.000000 0.000000 2.540000
-0.000000 0.000000 2.540000
0.000000 -0.000000 -2.540000
0.000000 -0.000000 -2.540000
0.000000 -0.000000 -2.540000
-0.000000 0.000000 2.540000
-0.000000 0.000000 2.540000
-0.000000 0.000000 2.540000
-0.000000 0.000000 2.540000
-0.000000 0.000000 2.540000
-0.000000 0.000000 2.540000
0.000000 -0.000000 -2.540000
0.000000 -0.000000 -2.540000
0.000000 -0.000000 -2.540000
0.000000 -2.540000 0.000000
0.000000 -2.540000 0.000000
0.000000 -2.540000 0.000000
-0.000000 2.540000 0.000000
-0.000000 2.540000 0.000000
-0.000000 2.540000 0.000000
-0.000000 0.000000 2.540000
-0.000000 0.000000 2.540000
-0.000000 0.000000 2.540000
0.000000 -0.000000 -2.540000
0.000000 -0.000000 -2.540000
0.000000 -0.000000 -2.540000
0.000000 -0.000000 -2.540000
0.000000 -0.000000 -2.540000
0.000000 -0.000000 -2.540000
-0.000000 0.000000 2.540000
-0.000000 0.000000 2.540000
-0.000000 0.000000 2.540000
-2.540000 -0.000000 -0.000000
-2.540000 -0.000000 -0.000000
-2.540000 -0.000000 -0.000000
2.540000 0.000000 0.000000
2.540000 0.000000 0.000000
2.540000 0.000000 0.000000
-0.000000 2.540000 0.000000
-0.000000 2.540000 0.000000
-0.000000 2.540000 0.000000
0.000000 -2.540000 0.000000
0.000000 -2.540000 0.000000
0.000000 -2.540000 0.000000
2.540000 0.000000 0.000000
2.540000 0.000000 0.000000
2.540000 0.000000 0.000000
-2.540000 -0.000000 -0.000000
-2.540000 -0.000000 -0.000000
-2.540000 -0.000000 -0.000000
2.540000 0.000000 0.000000
2.540000 0.000000 0.000000
2.540000 0.000000 0.000000
-2.540000 -0.000000 -0.000000
-2.540000 -0.000000 -0.000000
-2.540000 -0.000000 -0.000000
0.000000 -0.000000 -2.540000
0.000000 0.000000 -2.540000
0.000000 -0.000000 -2.540000
-2.199704 -0.000000 -1.270000
-2.199704 -0.000000 -1.270000
-2.540000 -0.000000 -0.000000
0.000000 -0.000000 -2.540000
0.000000 -0.000000 -2.540000
0.000000 -0.000000 -2.540000
-0.000000 0.000000 2.540000
-0.000000 0.000000 2.540000
-0.000000 0.000000 2.540000
2.540000 0.000000 0.000000
2.540000 0.000000 0.000000
2.540000 0.000000 0.000000
-2.540000 -0.000000 -0.000000
-2.540000 -0.000000 -0.000000
-2.540000 -0.000000 -0.000000
-0.000000 2.540000 0.000000
-0.000000 2.540000 0.000000
-0.000000 2.540000 0.000000
0.000000 -2.540000 0.000000
0.000000 -2.540000 0.000000
0.000000 -2.540000 0.000000
-0.000000 2.540000 -0.000000
-0.000000 2.540000 -0.000000
-0.000000 2.540000 -0.000000
0.000000 -2.540000 0.000000
0.000000 -2.540000 -0.000000
0.000000 -2.540000 -0.000000
0.000000 -0.000000 -2.540000
0.000000 -0.000000 -2.540000
0.000000 -0.000000 -2.540000
-0.000000 0.000000 2.540000
-0.000000 0.000000 2.540000
-0.000000 0.000000 2.540000
0.000000 -2.540000 0.000000
0.000000 -2.540000 0.000000
0.000000 -2.540000 0.000000
-0.000000 2.540000 0.000000
-0.000000 2.540000 0.000000
-0.000000 2.540000 0.000000
-0.000000 2.495198 0.474959
-0.000000 2.495198 0.474959
-0.000000 2.186669 1.292315
2.540000 0.000000 0.000000
2.540000 0.000000 0.000000
2.540000 0.000000 0.000000
2.540000 0.000000 0.000000
2.540000 0.000000 0.000000
2.540000 0.000000 0.000000
-2.540000 -0.000000 -0.000000
-2.540000 -0.000000 -0.000000
-2.540000 -0.000000 -0.000000
0.000000 -0.000000 -2.540000
0.000000 -0.000000 -2.540000
-0.000000 -0.000000 -2.540000
-2.199704 1.270000 -0.000000
-1.270000 2.199704 -0.000000
-2.199704 1.270000 -0.000000
2.540000 0.000000 0.000000
2.540000 0.000000 0.000000
2.540000 0.000000 0.000000
-2.540000 -0.000000 -0.000000
-2.540000 -0.000000 -0.000000
-2.540000 -0.000000 -0.000000
0.000000 -2.540000 0.000000
0.000000 -2.540000 0.000000
0.000000 -2.540000 0.000000
-2.540000 -0.000000 -0.000000
-2.199704 -0.000000 -1.270000
-2.540000 -0.000000 -0.000000
-0.000000 0.000000 2.540000
-0.000000 0.000000 2.540000
-0.000000 -0.000000 2.540000
-0.000000 2.247795 1.182800
-0.000000 1.682976 1.902417
-0.000000 1.682976 1.902417
2.540000 0.000000 0.000000
2.540000 0.000000 0.000000
2.540000 0.000000 0.000000
-2.540000 -0.000000 -0.000000
-2.540000 -0.000000 -0.000000
-2.540000 -0.000000 -0.000000
2.303627 0.000000 -1.070000
2.540000 0.000000 -0.000000
2.303627 0.000000 -1.070000
-0.000000 2.540000 0.000000
-0.000000 2.540000 0.000000
-0.000000 2.540000 0.000000
2.540000 0.000000 0.000000
2.540000 0.000000 0.000000
2.540000 0.000000 0.000000
-2.540000 -0.000000 -0.000000
-2.540000 -0.000000 -0.000000
-2.540000 -0.000000 -0.000000
-0.000000 2.540000 -0.000000
-0.000000 2.540000 -0.000000
-0.000000 2.540000 -0.000000
-0.000000 2.540000 -0.000000
-0.000000 2.540000 -0.000000
-0.000000 2.540000 -0.000000
1.985852 1.583664 0.000000
1.985852 1.583664 0.000000
1.102065 2.288461 -0.000000
2.476317 -0.565203 0.000000
2.476317 -0.565203 0.000000
1.985852 -1.583664 0.000000
-2.540000 -0.000000 -0.000000
-2.540000 -0.000000 -0.000000
-2.540000 -0.000000 -0.000000
2.540000 0.000000 0.000000
2.540000 0.000000 0.000000
2.540000 0.000000 0.000000
1.796051 -1.796051 0.000000
1.796051 -1.796051 0.000000
0.972016 -2.346654 0.000000
2.540000 0.000000 0.000000
2.540000 0.000000 0.000000
2.540000 0.000000 0.000000
-0.000000 0.423333 -2.504474
-0.000000 0.423333 -2.504474
0.000000 -0.670428 -2.449924
0.000000 -2.540000 0.000000
0.000000 -2.540000 -0.000000
0.000000 -2.540000 0.000000
-2.540000 -0.000000 -0.000000
-2.540000 -0.000000 -0.000000
-2.540000 -0.000000 -0.000000
-0.000000 2.186669 1.292315
-0.000000 1.619445 1.956783
-0.000000 1.619445 1.956783
-0.000000 0.000000 2.540000
-0.000000 -0.000000 2.540000
-0.000000 0.000000 2.540000
-1.270000 2.199704 -0.000000
-0.000000 2.540000 0.000000
-1.270000 2.199704 -0.000000
1.418260 0.000000 -2.107164
0.668421 0.000000 -2.450472
0.668421 0.000000 -2.450472
1.638503 0.000000 -1.940852
0.668421 0.000000 -2.450472
1.638503 0.000000 -1.940852
0.000000 -2.540000 0.000000
0.000000 -2.540000 0.000000
0.000000 -2.540000 0.000000
1.796051 0.000000 1.796051
1.796051 0.000000 1.796051
1.796051 0.000000 1.796051
1.796051 1.796051 0.000000
0.972016 2.346654 -0.000000
1.796051 1.796051 0.000000
2.540000 0.000000 0.000000
2.540000 0.000000 0.000000
2.540000 0.000000 0.000000
1.985852 -1.583664 0.000000
2.476317 -0.565203 0.000000
1.985852 -1.583664 0.000000
0.000000 -2.540000 0.000000
0.000000 -2.540000 0.000000
0.000000 -2.540000 0.000000
2.540000 0.000000 0.000000
2.540000 0.000000 0.000000
2.540000 0.000000 0.000000
-2.540000 -0.000000 -0.000000
-2.540000 -0.000000 -0.000000
-2.540000 -0.000000 -0.000000
-0.000000 1.080443 2.298748
-0.000000 1.080443 2.298748
-0.000000 1.955643 1.620821
-0.000000 -0.000000 2.540000
-0.000000 0.000000 2.540000
-0.000000 0.000000 2.540000
0.000000 -0.000000 -2.540000
0.000000 -0.000000 -2.540000
0.000000 -0.000000 -2.540000
-0.000000 0.000000 2.540000
-0.000000 0.000000 2.540000
-0.000000 0.000000 2.540000
0.000000 -1.619445 1.956783
0.000000 -0.860631 2.389752
0.000000 -0.860631 2.389752
-0.000000 0.000000 2.540000
-0.000000 0.000000 2.540000
-0.000000 0.000000 2.540000
2.517519 0.000000 -0.337195
2.389412 0.000000 0.861575
2.517519 0.000000 -0.337195
2.078461 0.000000 -1.460000
2.078461 0.000000 -1.460000
1.171153 0.000000 -2.253886
-0.000000 -0.000000 2.540000
-0.000000 0.860631 2.389752
-0.000000 -0.000000 2.540000
-0.000000 0.000000 2.540000
-0.000000 -0.000000 2.540000
-0.000000 -0.000000 2.540000
2.540000 0.000000 0.000000
2.540000 0.000000 0.000000
2.540000 0.000000 0.000000
-2.540000 -0.000000 -0.000000
-2.540000 -0.000000 -0.000000
-2.540000 -0.000000 -0.000000
0.972016 2.346654 -0.000000
0.972016 2.346654 -0.000000
1.796051 1.796051 0.000000
-0.000000 2.540000 -0.000000
-0.000000 2.540000 -0.000000
-0.000000 2.540000 -0.000000
0.000000 -0.565203 -2.476317
0.000000 -1.102065 -2.288461
0.000000 -0.565203 -2.476317
0.000000 0.000000 -2.540000
0.000000 -0.565203 -2.476317
0.000000 -0.565203 -2.476317
0.000000 -2.521042 0.309756
0.000000 -2.521042 0.309756
0.000000 -2.247795 1.182800
-0.000000 0.000000 2.540000
-0.000000 0.000000 2.540000
-0.000000 -0.000000 2.540000
2.018587 0.000000 1.541722
2.018587 0.000000 1.541722
1.418260 0.000000 2.107164
2.406118 0.000000 0.813753
2.540000 0.000000 -0.000000
2.406118 0.000000 0.813753
-0.000000 0.000000 2.540000
-0.000000 0.000000 2.540000
-0.000000 0.000000 2.540000
0.000000 -2.495198 0.474959
0.000000 -2.495198 0.474959
0.000000 -2.186669 1.292315
0.000000 -0.000000 -2.540000
0.000000 0.000000 -2.540000
0.000000 -0.000000 -2.540000
0.000000 -0.000000 -2.540000
0.000000 -0.000000 -2.540000
0.000000 -0.000000 -2.540000
1.418260 0.000000 2.107164
2.018587 0.000000 1.541722
1.418260 0.000000 2.107164
1.723001 0.000000 1.866244
0.668421 0.000000 2.450472
0.668421 0.000000 2.450472
-0.000000 0.899850 2.375262
-0.000000 0.899850 2.375262
-0.000000 1.682976 1.902417
2.540000 0.000000 0.000000
2.540000 0.000000 0.000000
2.540000 0.000000 0.000000
0.000000 -1.619445 1.956783
0.000000 -2.186669 1.292315
0.000000 -2.186669 1.292315
0.000000 -2.495198 0.474959
0.000000 -2.186669 1.292315
0.000000 -2.186669 1.292315
-1.270000 -2.199704 -0.000000
0.000000 -2.540000 0.000000
-1.270000 -2.199704 -0.000000
-0.000000 0.000000 2.540000
-0.000000 0.000000 2.540000
-0.000000 0.000000 2.540000
1.796051 -1.796051 0.000000
2.346654 -0.972016 0.000000
2.346654 -0.972016 0.000000
2.540000 0.000000 0.000000
2.540000 0.000000 0.000000
2.540000 0.000000 0.000000
2.540000 0.000000 -0.000000
2.540000 0.000000 -0.000000
2.406118 0.000000 0.813753
2.406118 0.000000 -0.813753
2.406118 0.000000 -0.813753
2.540000 0.000000 0.000000
0.000000 -2.540000 0.000000
0.000000 -2.540000 0.000000
0.000000 -2.540000 0.000000
0.972016 -2.346654 0.000000
0.972016 -2.346654 0.000000
0.000000 -2.540000 0.000000
-2.476317 0.565203 -0.000000
-2.476317 0.565203 -0.000000
-2.476317 -0.565203 -0.000000
-1.985852 1.583664 -0.000000
-1.985852 1.583664 -0.000000
-1.102065 2.288461 -0.000000
-0.000000 -0.000000 2.540000
-0.000000 0.000000 2.540000
-0.000000 -0.000000 2.540000
0.000000 -2.459344 0.635000
0.000000 -2.459344 0.635000
0.000000 -1.955643 1.620821
-2.476317 -0.565203 -0.000000
-2.476317 0.565203 -0.000000
-2.476317 -0.565203 -0.000000
-1.985852 -1.583664 -0.000000
-1.102065 -2.288461 0.000000
-1.985852 -1.583664 -0.000000
0.000000 -1.682976 1.902417
0.000000 -0.899850 2.375262
0.000000 -0.899850 2.375262
-0.000000 0.000000 2.540000
-0.000000 -0.000000 2.540000
-0.000000 -0.000000 2.540000
-0.000000 2.521042 0.309756
-0.000000 2.247795 1.182800
-0.000000 2.247795 1.182800
-0.000000 2.521042 0.309756
-0.000000 2.521042 0.309756
-0.000000 2.247795 1.182800
-0.000000 0.000000 2.540000
-0.000000 0.000000 2.540000
-0.000000 0.000000 2.540000
2.346654 -0.972016 0.000000
1.796051 -1.796051 0.000000
2.346654 -0.972016 0.000000
-1.102065 2.288461 -0.000000
-1.985852 1.583664 -0.000000
-1.102065 2.288461 -0.000000
-0.000000 2.540000 -0.000000
-0.000000 2.540000 -0.000000
-0.000000 2.540000 -0.000000
0.000000 -0.000000 -2.540000
0.000000 -0.000000 -2.540000
0.000000 -0.000000 -2.540000
2.476317 0.565203 0.000000
2.476317 0.565203 0.000000
1.985852 1.583664 0.000000
0.000000 -0.000000 -2.540000
0.000000 0.000000 -2.540000
0.000000 0.000000 -2.540000
0.000000 -2.540000 0.000000
0.000000 -2.540000 0.000000
0.000000 -2.540000 0.000000
0.000000 -0.670428 -2.449924
-0.000000 0.423333 -2.504474
0.000000 -0.670428 -2.449924
0.000000 -1.639563 -1.939957
0.000000 -1.639563 -1.939957
0.000000 -2.303920 -1.069371
2.018587 0.000000 -1.541722
2.018587 0.000000 -1.541722
1.418260 0.000000 -2.107164
2.406118 0.000000 -0.813753
2.406118 0.000000 -0.813753
2.018587 0.000000 -1.541722
0.000000 -0.000000 -2.540000
0.000000 -0.000000 -2.540000
0.000000 -0.000000 -2.540000
0.000000 0.000000 -2.540000
0.000000 -0.000000 -2.540000
0.000000 -0.000000 -2.540000
2.346654 0.972016 0.000000
2.540000 0.000000 0.000000
2.346654 0.972016 0.000000
0.000000 -0.000000 -2.540000
0.000000 -0.000000 -2.540000
0.000000 -0.000000 -2.540000
0.000000 -2.303920 -1.069371
0.000000 -1.639563 -1.939957
0.000000 -2.303920 -1.069371
0.000000 -2.540000 -0.000000
0.000000 -2.540000 0.000000
0.000000 -2.540000 0.000000
2.540000 0.000000 0.000000
2.540000 0.000000 0.000000
2.540000 0.000000 0.000000
-0.000000 0.860631 2.389752
-0.000000 1.619445 1.956783
-0.000000 1.619445 1.956783
1.723001 0.000000 1.866244
1.723001 0.000000 1.866244
0.668421 0.000000 2.450472
2.389412 0.000000 0.861575
2.389412 0.000000 0.861575
2.517519 0.000000 -0.337195
0.000000 -0.000000 -2.540000
0.000000 -0.000000 -2.540000
-0.000000 -0.000000 -2.540000
1.171153 0.000000 -2.253886
2.078461 0.000000 -1.460000
1.171153 0.000000 -2.253886
0.000000 -2.540000 0.000000
0.000000 -2.540000 0.000000
0.000000 -2.540000 0.000000
-1.102065 -2.288461 0.000000
-1.102065 -2.288461 0.000000
-1.985852 -1.583664 -0.000000
-0.000000 0.000000 2.540000
-0.000000 0.000000 2.540000
-0.000000 0.000000 2.540000
-0.000000 0.000000 2.540000
-0.000000 0.000000 2.540000
-0.000000 0.000000 2.540000
2.540000 0.000000 -0.000000
2.540000 0.000000 -0.000000
2.303627 0.000000 -1.070000
-0.000000 2.540000 0.000000
-0.000000 2.540000 0.000000
-0.000000 2.540000 0.000000
2.453452 0.000000 0.657400
2.453452 0.000000 0.657400
2.199704 0.000000 1.270000
1.796051 0.000000 1.796051
1.796051 0.000000 1.796051
1.796051 0.000000 1.796051
0.000000 -2.540000 0.000000
0.000000 -2.540000 0.000000
0.000000 -2.540000 0.000000
0.000000 -2.540000 0.000000
0.000000 -2.540000 0.000000
0.972016 -2.346654 0.000000
-0.000000 0.000000 2.540000
-0.000000 0.000000 2.540000
-0.000000 0.000000 2.540000
0.000000 -1.955643 1.620821
0.000000 -2.459344 0.635000
0.000000 -1.955643 1.620821
-0.000000 0.000000 2.540000
-0.000000 -0.000000 2.540000
-0.000000 -0.000000 2.540000
-0.000000 1.094195 2.292234
-0.000000 1.094195 2.292234
-0.000000 1.974923 1.597273
2.540000 0.000000 0.000000
2.540000 0.000000 0.000000
2.540000 0.000000 0.000000
0.000000 -1.017047 -2.327491
0.000000 -1.017047 -2.327491
0.000000 -2.125429 -1.390737
-0.000000 0.000000 2.540000
-0.000000 0.000000 2.540000
-0.000000 0.000000 2.540000
-0.000000 0.000000 2.540000
-0.000000 0.000000 2.540000
-0.000000 0.000000 2.540000
2.199704 0.000000 1.270000
2.199704 0.000000 1.270000
1.796051 0.000000 1.796051
-0.000000 2.540000 0.000000
-0.000000 2.540000 0.000000
-0.000000 2.540000 0.000000
-0.000000 0.000000 2.540000
-0.000000 0.000000 2.540000
-0.000000 0.000000 2.540000
-0.000000 1.080443 2.298748
-0.000000 0.000000 2.540000
-0.000000 1.080443 2.298748
2.540000 0.000000 0.000000
2.540000 0.000000 0.000000
2.540000 0.000000 0.000000
0.000000 -0.860631 2.389752
-0.000000 0.000000 2.540000
-0.000000 0.000000 2.540000
-0.000000 1.094195 2.292234
-0.000000 1.094195 2.292234
-0.000000 1.974923 1.597273
-0.000000 0.000000 2.540000
-0.000000 0.000000 2.540000
-0.000000 0.000000 2.540000
2.540000 0.000000 0.000000
2.540000 0.000000 -0.000000
2.540000 0.000000 0.000000
-0.000000 0.000000 2.540000
0.000000 0.000000 2.540000
-0.000000 0.000000 2.540000
0.000000 -1.985852 -1.583664
0.000000 -1.985852 -1.583664
0.000000 -1.583664 -1.985852
0.000000 -1.985852 -1.583664
0.000000 -1.985852 -1.583664
0.000000 -2.288461 -1.102065
-2.540000 -0.000000 -0.000000
-2.540000 -0.000000 -0.000000
-2.540000 -0.000000 -0.000000
0.000000 -2.125429 -1.390737
0.000000 -1.017047 -2.327491
0.000000 -2.125429 -1.390737
-0.000000 2.540000 -0.000000
-0.000000 2.540000 -0.000000
-0.000000 2.540000 -0.000000
1.102065 2.288461 -0.000000
-0.000000 2.540000 -0.000000
1.102065 2.288461 -0.000000
0.000000 -1.094195 2.292234
0.000000 -1.094195 2.292234
0.000000 -1.974923 1.597273
-2.540000 -0.000000 -0.000000
-2.540000 -0.000000 -0.000000
-2.540000 -0.000000 -0.000000
-2.199704 -1.270000 -0.000000
-2.199704 -1.270000 -0.000000
-1.270000 -2.199704 -0.000000
0.000000 -0.000000 -2.540000
0.000000 -0.000000 -2.540000
0.000000 -0.000000 -2.540000
-0.000000 2.540000 -0.000000
-0.000000 2.540000 -0.000000
-0.000000 2.540000 -0.000000
-1.270000 -0.000000 -2.199704
-1.270000 -0.000000 -2.199704
-2.199704 -0.000000 -1.270000
-2.540000 -0.000000 -0.000000
-2.540000 -0.000000 -0.000000
-2.540000 -0.000000 -0.000000
-0.000000 2.186669 1.292315
-0.000000 2.186669 1.292315
-0.000000 1.619445 1.956783
0.000000 -2.540000 0.000000
0.972016 -2.346654 0.000000
0.972016 -2.346654 0.000000
0.972016 -2.346654 0.000000
0.972016 -2.346654 0.000000
1.796051 -1.796051 0.000000
-0.000000 0.899850 2.375262
-0.000000 0.899850 2.375262
-0.000000 0.000000 2.540000
-2.540000 -0.000000 -0.000000
-2.540000 -0.000000 -0.000000
-2.540000 -0.000000 -0.000000
-0.000000 0.000000 2.540000
-0.000000 0.000000 2.540000
-0.000000 0.000000 2.540000
2.476317 0.565203 0.000000
2.476317 0.565203 0.000000
2.476317 -0.565203 0.000000
0.000000 -1.094195 2.292234
0.000000 -1.094195 2.292234
0.000000 -1.974923 1.597273
-2.540000 -0.000000 -0.000000
-2.540000 -0.000000 -0.000000
-2.540000 -0.000000 -0.000000
2.540000 0.000000 0.000000
2.540000 0.000000 0.000000
2.540000 0.000000 0.000000
-0.000000 2.495198 0.474959
-0.000000 2.186669 1.292315
-0.000000 2.186669 1.292315
2.540000 0.000000 -0.000000
2.540000 0.000000 -0.000000
2.540000 0.000000 0.000000
0.000000 -0.000000 -2.540000
0.000000 -0.000000 -2.540000
0.000000 -0.000000 -2.540000
0.000000 -2.521042 0.309756
0.000000 -2.247795 1.182800
0.000000 -2.247795 1.182800
0.000000 -1.682976 1.902417
0.000000 -2.247795 1.182800
0.000000 -2.247795 1.182800
1.796051 -1.796051 0.000000
2.346654 -0.972016 0.000000
1.796051 -1.796051 0.000000
0.972016 -2.346654 0.000000
1.796051 -1.796051 0.000000
1.796051 -1.796051 0.000000
0.000000 -1.583664 -1.985852
0.000000 -1.102065 -2.288461
0.000000 -1.102065 -2.288461
0.000000 -0.565203 -2.476317
0.000000 -1.102065 -2.288461
0.000000 -1.102065 -2.288461
-2.540000 -0.000000 -0.000000
-2.540000 -0.000000 -0.000000
-2.540000 -0.000000 -0.000000
-0.000000 1.955643 1.620821
-0.000000 1.955643 1.620821
-0.000000 1.080443 2.298748
-0.000000 0.000000 2.540000
-0.000000 0.000000 2.540000
-0.000000 0.000000 2.540000
-2.199704 1.270000 -0.000000
-2.199704 1.270000 -0.000000
-2.540000 -0.000000 -0.000000
2.406118 0.000000 -0.813753
2.540000 0.000000 0.000000
2.540000 0.000000 0.000000
0.000000 -2.540000 0.000000
0.000000 -2.540000 0.000000
0.000000 -2.540000 0.000000
0.000000 -0.000000 -2.540000
0.000000 -0.000000 -2.540000
0.000000 -0.000000 -2.540000
1.102065 -2.288461 0.000000
1.102065 -2.288461 0.000000
1.985852 -1.583664 0.000000
0.000000 -2.476317 -0.565203
0.000000 -2.540000 -0.000000
0.000000 -2.540000 0.000000
0.000000 -2.540000 0.000000
0.000000 -2.540000 -0.000000
0.000000 -2.540000 0.000000
0.000000 -1.985852 -1.583664
0.000000 -1.583664 -1.985852
0.000000 -1.583664 -1.985852
0.000000 -1.583664 -1.985852
0.000000 -1.583664 -1.985852
0.000000 -1.102065 -2.288461
-0.000000 0.000000 2.540000
-0.000000 0.000000 2.540000
-0.000000 0.000000 2.540000
2.540000 0.000000 0.000000
2.540000 0.000000 0.000000
2.346654 0.972016 0.000000
0.000000 -1.619445 1.956783
0.000000 -1.619445 1.956783
0.000000 -2.186669 1.292315
-2.540000 -0.000000 -0.000000
-2.540000 -0.000000 -0.000000
-2.540000 -0.000000 -0.000000
2.540000 0.000000 0.000000
2.540000 0.000000 0.000000
2.346654 -0.972016 0.000000
0.000000 -0.000000 -2.540000
0.000000 -0.000000 -2.540000
0.000000 -0.000000 -2.540000
-0.000000 0.860631 2.389752
-0.000000 1.619445 1.956783
-0.000000 0.860631 2.389752
-0.000000 -0.000000 2.540000
-0.000000 0.860631 2.389752
-0.000000 0.860631 2.389752
1.102065 -2.288461 0.000000
1.102065 -2.288461 0.000000
0.000000 -2.540000 0.000000
-0.000000 0.000000 2.540000
-0.000000 0.000000 2.540000
-0.000000 0.000000 2.540000
2.540000 0.000000 0.000000
2.540000 0.000000 0.000000
2.540000 0.000000 0.000000
-0.000000 2.540000 -0.000000
-0.000000 2.540000 -0.000000
-0.000000 2.540000 -0.000000
2.453452 0.000000 0.657400
2.540000 0.000000 0.000000
2.453452 0.000000 0.657400
2.540000 0.000000 0.000000
2.540000 0.000000 0.000000
2.540000 0.000000 0.000000
1.418260 0.000000 2.107164
0.668421 0.000000 2.450472
1.418260 0.000000 2.107164
-0.000000 2.540000 0.000000
-0.000000 2.540000 0.000000
-0.000000 2.540000 0.000000
2.406118 0.000000 0.813753
2.406118 0.000000 0.813753
2.018587 0.000000 1.541722
-0.000000 2.540000 0.000000
-0.000000 2.540000 0.000000
-0.000000 2.540000 0.000000
0.000000 -2.540000 0.000000
0.000000 -2.540000 0.000000
0.000000 -2.540000 0.000000
2.018587 0.000000 1.541722
2.406118 0.000000 0.813753
2.018587 0.000000 1.541722
0.000000 -1.619445 1.956783
0.000000 -1.619445 1.956783
0.000000 -0.860631 2.389752
2.540000 0.000000 0.000000
2.540000 0.000000 0.000000
2.540000 0.000000 0.000000
2.540000 0.000000 0.000000
2.540000 0.000000 0.000000
2.540000 0.000000 0.000000
-0.000000 0.000000 2.540000
-0.000000 0.000000 2.540000
-0.000000 0.000000 2.540000
0.000000 -2.540000 0.000000
0.000000 -2.540000 -0.000000
0.000000 -2.540000 -0.000000
0.000000 -0.000000 -2.540000
0.000000 0.000000 -2.540000
0.000000 -0.000000 -2.540000
0.000000 -2.540000 0.000000
0.000000 -2.540000 0.000000
0.000000 -2.540000 0.000000
1.638503 0.000000 -1.940852
2.303627 0.000000 -1.070000
1.638503 0.000000 -1.940852
-0.000000 2.540000 0.000000
-0.000000 2.540000 0.000000
-0.000000 2.540000 0.000000
2.517519 0.000000 -0.337195
2.517519 0.000000 -0.337195
2.078461 0.000000 -1.460000
1.418260 0.000000 -2.107164
0.668421 0.000000 -2.450472
1.418260 0.000000 -2.107164
-0.000000 2.540000 0.000000
-0.000000 2.540000 0.000000
-0.000000 2.540000 0.000000
0.000000 -0.000000 -2.540000
-1.270000 -0.000000 -2.199704
0.000000 -0.000000 -2.540000
0.000000 -2.540000 0.000000
0.000000 -2.540000 0.000000
0.000000 -2.540000 0.000000
0.000000 -1.080443 2.298748
0.000000 -1.080443 2.298748
0.000000 -1.955643 1.620821
-2.540000 -0.000000 -0.000000
-2.540000 -0.000000 -0.000000
-2.540000 -0.000000 -0.000000
-2.199704 -1.270000 -0.000000
-2.540000 -0.000000 -0.000000
-2.199704 -1.270000 -0.000000
-0.000000 0.000000 2.540000
-0.000000 0.000000 2.540000
-0.000000 0.000000 2.540000
2.540000 0.000000 0.000000
2.346654 -0.972016 0.000000
2.346654 -0.972016 0.000000
0.000000 -0.000000 -2.540000
0.000000 -0.000000 -2.540000
0.000000 -0.000000 -2.540000
-2.540000 -0.000000 -0.000000
-2.540000 -0.000000 -0.000000
-2.540000 -0.000000 -0.000000
0.000000 -0.670428 -2.449924
0.000000 -1.639563 -1.939957
0.000000 -0.670428 -2.449924
0.000000 -2.540000 0.000000
0.000000 -2.540000 0.000000
0.000000 -2.540000 0.000000
0.668421 0.000000 2.450472
0.668421 0.000000 2.450472
1.418260 0.000000 2.107164
0.000000 -1.682976 1.902417
0.000000 -1.682976 1.902417
0.000000 -0.899850 2.375262
0.000000 -1.682976 1.902417
0.000000 -2.247795 1.182800
0.000000 -1.682976 1.902417
0.000000 -2.476317 -0.565203
0.000000 -2.476317 -0.565203
0.000000 -2.540000 0.000000
0.000000 -2.476317 -0.565203
0.000000 -2.288461 -1.102065
0.000000 -2.476317 -0.565203
0.000000 -0.000000 -2.540000
0.000000 0.000000 -2.540000
0.000000 -0.565203 -2.476317
0.000000 -0.000000 -2.540000
0.000000 0.000000 -2.540000
0.000000 -0.000000 -2.540000
0.000000 -2.476317 -0.565203
0.000000 -2.288461 -1.102065
0.000000 -2.288461 -1.102065
0.000000 -1.985852 -1.583664
0.000000 -2.288461 -1.102065
0.000000 -2.288461 -1.102065
0.000000 -1.080443 2.298748
-0.000000 0.000000 2.540000
0.000000 -1.080443 2.298748
2.540000 0.000000 0.000000
2.540000 0.000000 0.000000
2.540000 0.000000 0.000000
2.540000 0.000000 0.000000
2.540000 0.000000 0.000000
2.540000 0.000000 0.000000
0.000000 -1.639563 -1.939957
0.000000 -1.639563 -1.939957
0.000000 -0.670428 -2.449924
0.000000 -0.000000 -2.540000
0.000000 -0.000000 -2.540000
0.000000 -0.000000 -2.540000
0.000000 -2.540000 0.000000
0.972016 -2.346654 0.000000
0.000000 -2.540000 0.000000
-0.000000 2.247795 1.182800
-0.000000 1.682976 1.902417
-0.000000 2.247795 1.182800
2.540000 0.000000 0.000000
2.540000 0.000000 0.000000
2.540000 0.000000 0.000000
1.418260 0.000000 -2.107164
2.018587 0.000000 -1.541722
1.418260 0.000000 -2.107164
0.000000 -2.540000 0.000000
0.000000 -2.540000 0.000000
0.000000 -2.540000 0.000000
0.000000 -1.974923 1.597273
0.000000 -1.974923 1.597273
0.000000 -1.094195 2.292234
2.540000 0.000000 0.000000
2.540000 0.000000 0.000000
2.540000 0.000000 0.000000
-1.985852 1.583664 -0.000000
-1.985852 1.583664 -0.000000
-2.476317 0.565203 -0.000000
0.000000 -0.000000 -2.540000
0.000000 -0.000000 -2.540000
0.000000 -0.000000 -2.540000
-2.476317 0.565203 -0.000000
-1.985852 1.583664 -0.000000
-2.476317 0.565203 -0.000000
-0.000000 0.000000 2.540000
-0.000000 0.000000 2.540000
-0.000000 0.000000 2.540000
0.000000 -0.899850 2.375262
-0.000000 -0.000000 2.540000
0.000000 -0.899850 2.375262
-2.540000 -0.000000 -0.000000
-2.540000 -0.000000 -0.000000
-2.540000 -0.000000 -0.000000
-0.000000 0.000000 2.540000
-0.000000 0.000000 2.540000
-0.000000 0.000000 2.540000
2.540000 0.000000 0.000000
2.540000 0.000000 0.000000
2.346654 -0.972016 0.000000
-0.000000 0.899850 2.375262
-0.000000 1.682976 1.902417
-0.000000 1.682976 1.902417
-2.540000 -0.000000 -0.000000
-2.540000 -0.000000 -0.000000
-2.540000 -0.000000 -0.000000
-0.000000 0.000000 2.540000
-0.000000 0.000000 2.540000
-0.000000 0.000000 2.540000
-1.985852 -1.583664 -0.000000
-1.985852 -1.583664 -0.000000
-2.476317 -0.565203 -0.000000
0.000000 -0.000000 -2.540000
0.000000 -0.000000 -2.540000
0.000000 -0.000000 -2.540000
-2.476317 -0.565203 -0.000000
-1.985852 -1.583664 -0.000000
-2.476317 -0.565203 -0.000000
0.000000 -0.899850 2.375262
-0.000000 -0.000000 2.540000
-0.000000 -0.000000 2.540000
2.540000 0.000000 0.000000
2.540000 0.000000 0.000000
2.540000 0.000000 0.000000
0.000000 -0.000000 -2.540000
0.000000 -0.000000 -2.540000
0.000000 -0.000000 -2.540000
-0.000000 2.540000 0.000000
-0.000000 2.540000 0.000000
-1.270000 2.199704 -0.000000
-2.540000 -0.000000 -0.000000
-2.540000 -0.000000 -0.000000
-2.540000 -0.000000 -0.000000
-0.000000 2.459344 0.635000
-0.000000 2.459344 0.635000
-0.000000 1.955643 1.620821
-0.000000 2.540000 0.000000
-0.000000 2.540000 0.000000
-0.000000 2.540000 0.000000
2.018587 0.000000 -1.541722
2.406118 0.000000 -0.813753
2.018587 0.000000 -1.541722
2.389412 0.000000 0.861575
2.389412 0.000000 0.861575
1.723001 0.000000 1.866244
0.000000 -2.540000 0.000000
0.000000 -2.540000 0.000000
0.000000 -2.540000 0.000000
-0.000000 0.899850 2.375262
-0.000000 0.000000 2.540000
-0.000000 0.000000 2.540000
2.540000 0.000000 0.000000
2.540000 0.000000 0.000000
2.540000 0.000000 0.000000
0.972016 2.346654 -0.000000
0.972016 2.346654 -0.000000
-0.000000 2.540000 -0.000000
-0.000000 0.000000 2.540000
-0.000000 0.000000 2.540000
-0.000000 0.000000 2.540000
-0.000000 2.540000 -0.000000
0.972016 2.346654 -0.000000
-0.000000 2.540000 -0.000000
0.000000 -0.000000 -2.540000
0.000000 -0.000000 -2.540000
0.000000 -0.000000 -2.540000
1.723001 0.000000 1.866244
2.389412 0.000000 0.861575
1.723001 0.000000 1.866244
-0.000000 2.540000 0.000000
-0.000000 2.540000 0.000000
-0.000000 2.540000 0.000000
1.171153 0.000000 -2.253886
-0.000000 -0.000000 -2.540000
1.171153 0.000000 -2.253886
0.000000 -2.540000 0.000000
0.000000 -2.540000 0.000000
0.000000 -2.540000 0.000000
-2.540000 -0.000000 -0.000000
-2.540000 -0.000000 -0.000000
-2.540000 -0.000000 -0.000000
0.000000 -0.860631 2.389752
-0.000000 0.000000 2.540000
0.000000 -0.860631 2.389752
-1.102065 -2.288461 0.000000
0.000000 -2.540000 0.000000
-1.102065 -2.288461 0.000000
-0.000000 0.000000 2.540000
-0.000000 0.000000 2.540000
-0.000000 0.000000 2.540000
-0.000000 2.540000 -0.000000
-0.000000 2.540000 -0.000000
1.102065 2.288461 -0.000000
-0.000000 0.000000 2.540000
-0.000000 0.000000 2.540000
-0.000000 0.000000 2.540000
1.102065 2.288461 -0.000000
1.985852 1.583664 0.000000
1.102065 2.288461 -0.000000
0.000000 -0.000000 -2.540000
0.000000 -0.000000 -2.540000
0.000000 -0.000000 -2.540000
0.000000 -2.540000 0.000000
0.000000 -2.540000 0.000000
0.000000 -2.540000 0.000000
2.078461 0.000000 -1.460000
2.517519 0.000000 -0.337195
2.078461 0.000000 -1.460000
-0.000000 0.000000 2.540000
-0.000000 0.000000 2.540000
-0.000000 0.000000 2.540000
1.985852 -1.583664 0.000000
1.102065 -2.288461 0.000000
1.985852 -1.583664 0.000000
0.000000 -0.000000 -2.540000
0.000000 -0.000000 -2.540000
0.000000 -0.000000 -2.540000
2.476317 -0.565203 0.000000
2.476317 0.565203 0.000000
2.476317 -0.565203 0.000000
2.540000 0.000000 0.000000
2.540000 0.000000 -0.000000
2.540000 0.000000 -0.000000
0.000000 -2.540000 0.000000
0.000000 -2.540000 0.000000
0.000000 -2.540000 0.000000
-0.000000 0.000000 2.540000
-0.000000 0.000000 2.540000
-0.000000 0.000000 2.540000
1.985852 1.583664 0.000000
2.476317 0.565203 0.000000
1.985852 1.583664 0.000000
2.540000 0.000000 0.000000
2.540000 0.000000 0.000000
2.540000 0.000000 -0.000000
-0.000000 2.540000 0.000000
-0.000000 2.540000 0.000000
-0.000000 2.540000 0.000000
2.199704 0.000000 1.270000
2.199704 0.000000 1.270000
2.453452 0.000000 0.657400
0.000000 -2.540000 0.000000
0.000000 -2.540000 0.000000
0.000000 -2.540000 0.000000
-1.102065 2.288461 -0.000000
-1.102065 2.288461 -0.000000
-0.000000 2.540000 -0.000000
0.000000 -0.000000 -2.540000
0.000000 -0.000000 -2.540000
0.000000 -0.000000 -2.540000
2.540000 0.000000 0.000000
2.540000 0.000000 0.000000
2.540000 0.000000 0.000000
0.000000 -2.540000 0.000000
0.000000 -2.540000 0.000000
0.000000 -2.540000 0.000000
0.000000 -1.017047 -2.327491
-0.000000 0.423333 -2.504474
0.000000 -1.017047 -2.327491
2.540000 0.000000 0.000000
2.540000 0.000000 0.000000
2.540000 0.000000 0.000000
2.303627 0.000000 -1.070000
2.303627 0.000000 -1.070000
1.638503 0.000000 -1.940852
-0.000000 2.540000 0.000000
-0.000000 2.540000 0.000000
-0.000000 2.540000 0.000000
0.000000 -2.540000 0.000000
0.000000 -2.540000 0.000000
-1.102065 -2.288461 0.000000
0.000000 -0.000000 -2.540000
0.000000 -0.000000 -2.540000
0.000000 -0.000000 -2.540000
-0.000000 0.000000 2.540000
-0.000000 0.000000 2.540000
-0.000000 0.000000 2.540000
-0.000000 2.540000 -0.000000
-1.102065 2.288461 -0.000000
-0.000000 2.540000 -0.000000
0.000000 -2.540000 0.000000
0.000000 -2.540000 0.000000
0.000000 -2.540000 0.000000
-2.199704 -0.000000 -1.270000
-1.270000 -0.000000 -2.199704
-2.199704 -0.000000 -1.270000
0.000000 -2.303920 -1.069371
0.000000 -2.303920 -1.069371
0.000000 -2.540000 0.000000
2.540000 0.000000 0.000000
2.540000 0.000000 0.000000
2.540000 0.000000 0.000000
-0.000000 -0.000000 -2.540000
0.000000 -0.000000 -2.540000
1.171153 0.000000 -2.253886
-0.000000 2.540000 0.000000
-0.000000 2.540000 0.000000
-0.000000 2.540000 0.000000
0.000000 -0.000000 -2.540000
0.000000 -0.000000 -2.540000
0.000000 -0.000000 -2.540000
0.000000 -2.540000 0.000000
0.000000 -2.540000 0.000000
-1.270000 -2.199704 -0.000000
0.000000 -2.540000 0.000000
0.000000 -2.303920 -1.069371
0.000000 -2.540000 0.000000
-2.540000 -0.000000 -0.000000
-2.540000 -0.000000 -0.000000
-2.540000 -0.000000 -0.000000
-2.540000 -0.000000 -0.000000
-2.540000 -0.000000 -0.000000
-2.540000 -0.000000 -0.000000
-0.000000 1.094195 2.292234
-0.000000 1.094195 2.292234
-0.000000 -0.000000 2.540000
0.000000 -2.540000 0.000000
1.102065 -2.288461 0.000000
0.000000 -2.540000 0.000000
0.000000 -0.000000 -2.540000
0.000000 -0.000000 -2.540000
0.000000 -0.000000 -2.540000
0.000000 -2.540000 0.000000
0.000000 -2.540000 0.000000
0.000000 -2.540000 0.000000
0.668421 0.000000 -2.450472
0.668421 0.000000 -2.450472
1.638503 0.000000 -1.940852
0.000000 -1.080443 2.298748
0.000000 -1.080443 2.298748
-0.000000 0.000000 2.540000
2.540000 0.000000 0.000000
2.540000 0.000000 0.000000
2.540000 0.000000 0.000000
-0.000000 0.000000 2.540000
-0.000000 0.000000 2.540000
-0.000000 0.000000 2.540000
1.796051 1.796051 0.000000
1.796051 1.796051 0.000000
2.346654 0.972016 0.000000
-0.000000 2.540000 -0.000000
-0.000000 2.540000 -0.000000
-0.000000 2.540000 -0.000000
-2.540000 -0.000000 -0.000000
-2.540000 -0.000000 -0.000000
-2.540000 -0.000000 -0.000000
0.972016 -2.346654 0.000000
1.796051 -1.796051 0.000000
0.972016 -2.346654 0.000000
-0.000000 0.000000 2.540000
-0.000000 0.000000 2.540000
-0.000000 0.000000 2.540000
-0.000000 0.000000 2.540000
-0.000000 0.000000 2.540000
-0.000000 0.000000 2.540000
-1.270000 2.199704 -0.000000
-1.270000 2.199704 -0.000000
-2.199704 1.270000 -0.000000
-0.000000 0.000000 2.540000
-0.000000 0.000000 2.540000
-0.000000 0.000000 2.540000
-1.270000 -2.199704 -0.000000
-2.199704 -1.270000 -0.000000
-1.270000 -2.199704 -0.000000
-0.000000 0.000000 2.540000
-0.000000 0.000000 2.540000
0.000000 -1.094195 2.292234
2.540000 0.000000 0.000000
2.540000 0.000000 0.000000
2.540000 0.000000 0.000000
1.796051 -1.796051 0.000000
1.796051 -1.796051 0.000000
2.346654 -0.972016 0.000000
0.000000 -0.000000 -2.540000
0.000000 -0.000000 -2.540000
0.000000 -0.000000 -2.540000
0.000000 -0.000000 -2.540000
0.000000 -0.000000 -2.540000
0.000000 -0.000000 -2.540000
2.346654 0.972016 0.000000
1.796051 1.796051 0.000000
2.346654 0.972016 0.000000
2.346654 -0.972016 0.000000
2.540000 0.000000 0.000000
2.346654 -0.972016 0.000000
-0.000000 0.000000 2.540000
-0.000000 0.000000 2.540000
-0.000000 0.000000 2.540000
-2.540000 -0.000000 -0.000000
-2.540000 -0.000000 -0.000000
-2.540000 -0.000000 -0.000000
0.000000 -1.017047 -2.327491
-0.000000 0.423333 -2.504474
-0.000000 0.423333 -2.504474
-0.000000 0.000000 2.540000
-0.000000 0.000000 2.540000
-0.000000 1.080443 2.298748
2.540000 0.000000 0.000000
2.540000 0.000000 0.000000
2.540000 0.000000 0.000000
-0.000000 2.540000 -0.000000
-0.000000 2.540000 -0.000000
-0.000000 2.540000 -0.000000
-1.270000 -0.000000 -2.199704
-1.270000 -0.000000 -2.199704
0.000000 -0.000000 -2.540000
-2.540000 -0.000000 -0.000000
-2.540000 -0.000000 -0.000000
-2.199704 -1.270000 -0.000000
0.000000 -0.000000 -2.540000
0.000000 -0.000000 -2.540000
0.000000 -0.000000 -2.540000
-2.540000 -0.000000 -0.000000
-2.199704 1.270000 -0.000000
-2.540000 -0.000000 -0.000000
0.000000 -0.000000 -2.540000
0.000000 -0.000000 -2.540000
0.000000 -0.000000 -2.540000
-0.000000 0.000000 2.540000
-0.000000 0.000000 2.540000
-0.000000 1.094195 2.292234
-2.540000 -0.000000 -0.000000
-2.540000 -0.000000 -0.000000
-2.540000 -0.000000 -0.000000
0.000000 -2.540000 0.000000
0.000000 -2.540000 0.000000
0.000000 -2.540000 0.000000
2.199704 0.000000 1.270000
1.796051 0.000000 1.796051
1.796051 0.000000 1.796051
0.000000 -2.125429 -1.390737
0.000000 -2.540000 0.000000
0.000000 -2.125429 -1.390737
-2.540000 -0.000000 -0.000000
-2.540000 -0.000000 -0.000000
-2.540000 -0.000000 -0.000000
2.540000 0.000000 0.000000
2.540000 0.000000 0.000000
2.540000 0.000000 0.000000
0.000000 -2.540000 0.000000
0.000000 -2.540000 0.000000
0.000000 -2.125429 -1.390737
2.453452 0.000000 0.657400
2.540000 0.000000 -0.000000
2.453452 0.000000 0.657400
-0.000000 2.540000 0.000000
-0.000000 2.540000 0.000000
-0.000000 2.540000 0.000000
2.540000 0.000000 -0.000000
2.540000 0.000000 -0.000000
2.453452 0.000000 0.657400
0.000000 -2.540000 0.000000
0.000000 -2.540000 0.000000
0.000000 -2.540000 0.000000
2.540000 0.000000 0.000000
2.540000 0.000000 0.000000
2.540000 0.000000 0.000000
-0.000000 1.094195 2.292234
-0.000000 0.000000 2.540000
-0.000000 1.094195 2.292234
-2.540000 -0.000000 -0.000000
-2.540000 -0.000000 -0.000000
-2.540000 -0.000000 -0.000000
-0.000000 1.974923 1.597273
-0.000000 1.974923 1.597273
-0.000000 1.094195 2.292234
-0.000000 0.000000 2.540000
-0.000000 0.000000 2.540000
0.000000 -1.080443 2.298748
-2.540000 -0.000000 -0.000000
-2.540000 -0.000000 -0.000000
-2.540000 -0.000000 -0.000000
2.540000 0.000000 0.000000
2.540000 0.000000 0.000000
2.540000 0.000000 0.000000
-0.000000 -0.000000 2.540000
-0.000000 1.094195 2.292234
-0.000000 -0.000000 2.540000
0.000000 -1.094195 2.292234
-0.000000 0.000000 2.540000
0.000000 -1.094195 2.292234
-2.540000 -0.000000 -0.000000
-2.540000 -0.000000 -0.000000
-2.540000 -0.000000 -0.000000
-0.000000 -0.000000 2.540000
0.000000 -1.080443 2.298748
-0.000000 0.000000 2.540000
-2.540000 -0.000000 -0.000000
-2.540000 -0.000000 -0.000000
-2.540000 -0.000000 -0.000000
-2.540000 -0.000000 -0.000000
-2.540000 -0.000000 -0.000000
-2.540000 -0.000000 -0.000000
0.000000 -2.540000 0.000000
0.000000 -2.540000 0.000000
0.000000 -2.540000 0.000000
2.540000 0.000000 0.000000
2.540000 0.000000 0.000000
2.540000 0.000000 0.000000
0.000000 -2.540000 0.000000
0.000000 -2.540000 0.000000
0.000000 -2.540000 0.000000
2.540000 0.000000 0.000000
2.540000 0.000000 0.000000
2.540000 0.000000 0.000000
0.000000 -1.955643 1.620821
0.000000 -1.955643 1.620821
0.000000 -1.080443 2.298748
-0.000000 2.540000 0.000000
-0.000000 2.540000 0.000000
-0.000000 2.540000 0.000000
2.540000 0.000000 0.000000
2.540000 0.000000 0.000000
2.453452 0.000000 0.657400
2.540000 0.000000 0.000000
2.540000 0.000000 0.000000
2.540000 0.000000 0.000000
0.000000 -1.974923 1.597273
0.000000 -1.974923 1.597273
0.000000 -1.094195 2.292234
-2.540000 -0.000000 -0.000000
-2.540000 -0.000000 -0.000000
-2.540000 -0.000000 -0.000000
-0.000000 1.974923 1.597273
-0.000000 1.974923 1.597273
-0.000000 1.094195 2.292234
-0.000000 1.955643 1.620821
-0.000000 2.459344 0.635000
-0.000000 1.955643 1.620821
</float_array>
          <technique_common>
            <accessor source="#FBXASC227FBXASC130FBXASC189FBXASC227FBXASC131FBXASC170FBXASC227FBXASC131FBXASC131FBXASC227FBXASC131FBXASC1371-Normal0-array" count="1545" stride="3">
              <param name="X" type="float"/>
              <param name="Y" type="float"/>
              <param name="Z" type="float"/>
            </accessor>
          </technique_common>
        </source>
        <vertices id="FBXASC227FBXASC130FBXASC189FBXASC227FBXASC131FBXASC170FBXASC227FBXASC131FBXASC131FBXASC227FBXASC131FBXASC1371-VERTEX">
          <input semantic="POSITION" source="#FBXASC227FBXASC130FBXASC189FBXASC227FBXASC131FBXASC170FBXASC227FBXASC131FBXASC131FBXASC227FBXASC131FBXASC1371-POSITION"/>
        </vertices>
        <triangles count="515" material="MaterialFBXASC032FBXASC03525">
          <input semantic="VERTEX" offset="0" source="#FBXASC227FBXASC130FBXASC189FBXASC227FBXASC131FBXASC170FBXASC227FBXASC131FBXASC131FBXASC227FBXASC131FBXASC1371-VERTEX"/>
          <input semantic="NORMAL" offset="1" source="#FBXASC227FBXASC130FBXASC189FBXASC227FBXASC131FBXASC170FBXASC227FBXASC131FBXASC131FBXASC227FBXASC131FBXASC1371-Normal0"/>
          <p> 189 0 194 1 155 2 174 3 235 4 155 5 50 6 136 7 100 8 63 9 50 10 124 11 220 12 77 13 3 14 110 15 82 16 148 17 59 18 5 19 74 20 17 21 123 22 208 23 46 24 62 25 50 26 155 27 91 28 92 29 247 30 85 31 124 32 134 33 85 34 246 35 111 36 57 37 143 38 176 39 235 40 8 41 105 42 185 43 9 44 9 45 154 46 38 47 94 48 166 49 66 50 84 51 222 52 66 53 81 54 17 55 90 56 56 57 53 58 59 59 38 60 154 61 114 62 84 63 214 64 222 65 252 66 9 67 125 68 61 69 80 70 50 71 128 72 68 73 39 74 32 75 111 76 149 77 78 78 50 79 49 80 1 81 86 82 155 83 74 84 47 85 209 86 123 87 117 88 192 89 162 90 72 91 242 92 34 93 129 94 145 95 161 96 254 97 17 98 36 99 59 100 156 101 97 102 102 103 150 104 215 105 118 106 96 107 75 108 152 109 99 110 103 111 41 112 42 113 20 114 66 115 0 116 9 117 142 118 67 119 103 120 42 121 130 122 201 123 118 124 215 125 248 126 224 127 8 128 221 129 85 130 250 131 89 132 252 133 125 134 168 135 80 136 61 137 72 138 82 139 6 140 145 141 70 142 3 143 131 144 239 145 46 146 230 147 92 148 7 149 87 150 17 151 95 152 159 153 206 154 59 155 237 156 168 157 61 158 122 159 89 160 125 161 138 162 144 163 49 164 181 165 141 166 155 167 212 168 82 169 177 170 234 171 170 172 3 173 101 174 186 175 46 176 60 177 230 178 179 179 147 180 205 181 66 182 9 183 137 184 204 185 188 186 31 187 84 188 200 189 187 190 38 191 173 192 82 193 65 194 14 195 175 196 3 197 143 198 57 199 8 200 33 201 85 202 134 203 59 204 72 205 162 206 238 207 34 208 145 209 122 210 54 211 89 212 93 213 219 214 127 215 115 216 161 217 17 218 72 219 59 220 36 221 180 222 223 223 209 224 192 225 117 226 165 227 84 228 75 229 99 230 38 231 55 232 150 233 82 234 71 235 32 236 3 237 128 238 153 239 182 240 41 241 210 242 40 243 96 244 183 245 10 246 152 247 41 248 97 249 96 250 102 251 207 252 79 253 118 254 135 255 104 256 42 257 193 258 171 259 11 260 43 261 81 262 90 263 44 264 185 265 105 266 211 267 166 268 94 269 42 270 202 271 130 272 207 273 118 274 45 275 199 276 151 277 50 278 160 279 9 280 92 281 208 282 123 283 107 284 146 285 47 286 74 287 253 288 119 289 8 290 167 291 85 292 48 293 172 294 15 295 155 296 83 297 50 298 184 299 50 300 63 301 155 302 133 303 216 304 226 305 169 306 66 307 20 308 9 309 51 310 142 311 52 312 86 313 1 314 124 315 50 316 191 317 157 318 17 319 158 320 53 321 25 322 59 323 54 324 35 325 89 326 219 327 140 328 127 329 99 330 152 331 10 332 150 333 55 334 97 335 11 336 53 337 56 338 218 339 17 340 81 341 246 342 139 343 134 344 139 345 120 346 8 347 106 348 82 349 217 350 28 351 58 352 3 353 59 354 17 355 56 356 23 357 190 358 108 359 126 360 230 361 60 362 239 363 101 364 46 365 44 366 105 367 166 368 226 369 216 370 251 371 136 372 194 373 100 374 101 375 7 376 186 377 8 378 235 379 174 380 85 381 63 382 124 383 64 384 244 385 163 386 165 387 117 388 243 389 65 390 82 391 32 392 175 393 128 394 3 395 9 396 38 397 66 398 226 399 9 400 133 401 104 402 207 403 45 404 137 405 205 406 147 407 68 408 33 409 39 410 149 411 111 412 143 413 231 414 69 415 178 416 150 417 102 418 152 419 234 420 212 421 170 422 129 423 34 424 242 425 153 426 128 427 39 428 57 429 111 430 39 431 145 432 3 433 72 434 228 435 115 436 190 437 180 438 37 439 223 440 73 441 37 442 213 443 156 444 59 445 240 446 74 447 209 448 123 449 109 450 195 451 225 452 75 453 150 454 152 455 204 456 137 457 147 458 214 459 154 460 222 461 148 462 82 463 173 464 77 465 14 466 3 467 144 468 52 469 257 470 27 471 52 472 144 473 20 474 0 475 135 476 67 477 142 478 79 479 151 480 199 481 2 482 80 483 168 484 125 485 81 486 112 487 203 488 164 489 11 490 198 491 3 492 153 493 82 494 72 495 3 496 82 497 141 498 172 499 155 500 49 501 50 502 83 503 196 504 195 505 109 506 66 507 38 508 84 509 85 510 33 511 8 512 63 513 85 514 8 515 181 516 138 517 141 518 86 519 52 520 27 521 158 522 25 523 157 524 87 525 206 526 159 527 126 528 88 529 230 530 255 531 131 532 92 533 237 534 61 535 89 536 35 537 219 538 89 539 157 540 25 541 53 542 197 543 90 544 171 545 91 546 62 547 7 548 92 549 91 550 7 551 160 552 92 553 46 554 131 555 46 556 92 557 13 558 93 559 229 560 122 561 93 562 54 563 20 564 51 565 169 566 44 567 94 568 185 569 95 570 206 571 87 572 107 573 146 574 208 575 42 576 41 577 96 578 178 579 227 580 96 581 10 582 97 583 55 584 183 585 182 586 40 587 250 588 224 589 221 590 253 591 167 592 119 593 99 594 10 595 55 596 187 597 31 598 188 599 83 600 184 601 15 602 194 603 189 604 100 605 60 606 179 607 101 608 256 609 60 610 101 611 96 612 227 613 102 614 233 615 69 616 19 617 40 618 182 619 210 620 201 621 215 622 103 623 135 624 0 625 104 626 0 627 67 628 104 629 89 630 61 631 252 632 216 633 105 634 251 635 170 636 212 637 177 638 28 639 106 640 58 641 47 642 192 643 165 644 146 645 107 646 47 647 108 648 190 649 59 650 34 651 238 652 59 653 12 654 75 655 232 656 196 657 109 658 75 659 58 660 106 661 217 662 77 663 220 664 110 665 71 666 111 667 32 668 71 669 39 670 111 671 193 672 197 673 171 674 43 675 112 676 81 677 17 678 218 679 56 680 113 681 164 682 198 683 114 684 154 685 214 686 200 687 31 688 187 689 115 690 228 691 72 692 36 693 115 694 72 695 116 696 244 697 64 698 213 699 37 700 116 701 16 702 243 703 117 704 123 705 209 706 117 707 118 708 42 709 96 710 42 711 118 712 135 713 176 714 247 715 235 716 119 717 167 718 48 719 224 720 248 721 221 722 21 723 120 724 139 725 121 726 72 727 6 728 6 729 70 730 121 731 229 732 93 733 122 734 125 735 168 736 122 737 18 738 240 739 123 740 18 741 123 742 17 743 247 744 124 745 235 746 1 747 124 748 191 749 125 750 9 751 2 752 2 753 80 754 125 755 29 756 245 757 60 758 239 759 88 760 126 761 127 762 35 763 54 764 93 765 127 766 54 767 128 768 32 769 68 770 32 771 128 772 65 773 241 774 70 775 145 776 121 777 70 778 241 779 130 780 201 781 103 782 45 783 130 784 202 785 24 786 249 787 131 788 88 789 239 790 131 791 26 792 132 793 13 794 13 795 132 796 89 797 133 798 9 799 236 800 236 801 22 802 133 803 39 804 33 805 134 806 134 807 57 808 39 809 118 810 79 811 135 812 135 813 79 814 20 815 62 816 91 817 136 818 62 819 136 820 50 821 67 822 137 823 9 824 67 825 0 826 137 827 86 828 27 829 138 830 27 831 144 832 138 833 57 834 139 835 8 836 139 837 57 838 134 839 140 840 35 841 127 842 140 843 219 844 35 845 138 846 49 847 141 848 83 849 141 850 49 851 142 852 51 853 20 854 79 855 142 856 20 857 149 858 143 859 33 860 8 861 33 862 143 863 144 864 78 865 49 866 257 867 78 868 144 869 23 870 145 871 72 872 23 873 108 874 145 875 146 876 5 877 208 878 5 879 146 880 74 881 66 882 76 883 147 884 76 885 30 886 147 887 14 888 77 889 148 890 148 891 77 892 110 893 32 894 149 895 68 896 68 897 149 898 33 899 150 900 225 901 195 902 150 903 75 904 12 905 151 906 160 907 46 908 151 909 46 910 50 911 152 912 102 913 19 914 152 915 231 916 178 917 153 918 39 919 71 920 82 921 153 922 71 923 30 924 76 925 154 926 30 927 154 928 9 929 9 930 155 931 92 932 155 933 9 934 50 935 18 936 156 937 240 938 36 939 156 940 254 941 53 942 90 943 157 944 90 945 17 946 157 947 87 948 159 949 158 950 158 951 17 952 87 953 25 954 159 955 59 956 158 957 159 958 25 959 160 960 151 961 2 962 2 963 9 964 160 965 161 966 36 967 254 968 161 969 115 970 36 971 242 972 34 973 162 974 162 975 34 976 59 977 73 978 163 979 209 980 213 981 163 982 73 983 164 984 218 985 81 986 81 987 203 988 164 989 165 990 37 991 180 992 37 993 165 994 243 995 166 996 22 997 66 998 166 999 105 1000 22 1001 4 1002 98 1003 167 1004 98 1005 85 1006 167 1007 26 1008 168 1009 132 1010 168 1011 26 1012 122 1013 94 1014 169 1015 51 1016 94 1017 66 1018 169 1019 170 1020 28 1021 3 1022 177 1023 28 1024 170 1025 171 1026 53 1027 11 1028 171 1029 90 1030 53 1031 172 1032 83 1033 15 1034 172 1035 141 1036 83 1037 173 1038 14 1039 148 1040 173 1041 65 1042 14 1043 174 1044 63 1045 8 1046 155 1047 63 1048 174 1049 14 1050 65 1051 175 1052 128 1053 175 1054 65 1055 48 1056 176 1057 119 1058 119 1059 176 1060 8 1061 177 1062 82 1063 106 1064 106 1065 28 1066 177 1067 152 1068 178 1069 41 1070 41 1071 178 1072 96 1073 179 1074 7 1075 101 1076 179 1077 230 1078 7 1079 180 1080 47 1081 165 1082 47 1083 180 1084 209 1085 138 1086 181 1087 86 1088 86 1089 181 1090 155 1091 182 1092 183 1093 10 1094 10 1095 41 1096 182 1097 10 1098 183 1099 97 1100 183 1101 96 1102 97 1103 184 1104 100 1105 15 1106 184 1107 50 1108 100 1109 9 1110 185 1111 51 1112 185 1113 94 1114 51 1115 62 1116 186 1117 7 1118 186 1119 62 1120 46 1121 38 1122 187 1123 55 1124 187 1125 188 1126 55 1127 84 1128 99 1129 188 1130 55 1131 188 1132 99 1133 15 1134 100 1135 189 1136 15 1137 189 1138 155 1139 190 1140 17 1141 59 1142 115 1143 17 1144 190 1145 191 1146 50 1147 78 1148 78 1149 257 1150 191 1151 107 1152 123 1153 192 1154 47 1155 107 1156 192 1157 112 1158 43 1159 193 1160 112 1161 193 1162 11 1163 91 1164 194 1165 136 1166 194 1167 91 1168 155 1169 195 1170 196 1171 38 1172 150 1173 195 1174 38 1175 38 1176 196 1177 84 1178 196 1179 75 1180 84 1181 193 1182 43 1183 197 1184 197 1185 43 1186 90 1187 198 1188 56 1189 113 1190 198 1191 11 1192 56 1193 80 1194 199 1195 50 1196 199 1197 80 1198 2 1199 200 1200 114 1201 31 1202 38 1203 114 1204 200 1205 201 1206 130 1207 45 1208 45 1209 118 1210 201 1211 202 1212 104 1213 45 1214 42 1215 104 1216 202 1217 203 1218 112 1219 11 1220 164 1221 203 1222 11 1223 9 1224 204 1225 30 1226 147 1227 30 1228 204 1229 66 1230 205 1231 0 1232 137 1233 0 1234 205 1235 5 1236 206 1237 95 1238 206 1239 5 1240 59 1241 67 1242 79 1243 207 1244 104 1245 67 1246 207 1247 208 1248 5 1249 95 1250 95 1251 17 1252 208 1253 117 1254 209 1255 16 1256 163 1257 244 1258 209 1259 40 1260 210 1261 103 1262 210 1263 41 1264 103 1265 94 1266 44 1267 211 1268 211 1269 44 1270 166 1271 6 1272 212 1273 70 1274 6 1275 82 1276 212 1277 64 1278 163 1279 213 1280 64 1281 213 1282 116 1283 114 1284 214 1285 31 1286 31 1287 214 1288 84 1289 215 1290 96 1291 40 1292 215 1293 40 1294 103 1295 22 1296 105 1297 216 1298 133 1299 22 1300 216 1301 58 1302 217 1303 110 1304 217 1305 82 1306 110 1307 56 1308 218 1309 113 1310 113 1311 218 1312 164 1313 219 1314 13 1315 89 1316 219 1317 93 1318 13 1319 220 1320 58 1321 110 1322 58 1323 220 1324 3 1325 21 1326 85 1327 221 1328 120 1329 21 1330 221 1331 154 1332 76 1333 222 1334 66 1335 222 1336 76 1337 223 1338 73 1339 209 1340 223 1341 37 1342 73 1343 98 1344 4 1345 224 1346 224 1347 4 1348 8 1349 12 1350 225 1351 150 1352 109 1353 225 1354 12 1355 50 1356 9 1357 226 1358 226 1359 251 1360 50 1361 178 1362 69 1363 227 1364 102 1365 227 1366 69 1367 228 1368 23 1369 72 1370 228 1371 190 1372 23 1373 26 1374 229 1375 122 1376 229 1377 26 1378 13 1379 230 1380 88 1381 24 1382 24 1383 92 1384 230 1385 69 1386 231 1387 19 1388 19 1389 231 1390 152 1391 75 1392 109 1393 232 1394 232 1395 109 1396 12 1397 19 1398 102 1399 233 1400 102 1401 69 1402 233 1403 70 1404 234 1405 3 1406 70 1407 212 1408 234 1409 235 1410 124 1411 1 1412 235 1413 1 1414 155 1415 236 1416 9 1417 66 1418 22 1419 236 1420 66 1421 168 1422 237 1423 132 1424 132 1425 237 1426 89 1427 145 1428 108 1429 238 1430 238 1431 108 1432 59 1433 239 1434 126 1435 29 1436 29 1437 101 1438 239 1439 240 1440 59 1441 74 1442 240 1443 74 1444 123 1445 241 1446 129 1447 121 1448 129 1449 241 1450 145 1451 242 1452 72 1453 121 1454 129 1455 242 1456 121 1457 16 1458 116 1459 243 1460 116 1461 37 1462 243 1463 244 1464 116 1465 16 1466 244 1467 16 1468 209 1469 245 1470 126 1471 60 1472 29 1473 126 1474 245 1475 246 1476 85 1477 21 1478 139 1479 246 1480 21 1481 247 1482 176 1483 48 1484 48 1485 85 1486 247 1487 120 1488 248 1489 8 1490 248 1491 120 1492 221 1493 24 1494 88 1495 249 1496 249 1497 88 1498 131 1499 250 1500 98 1501 224 1502 250 1503 85 1504 98 1505 251 1506 61 1507 50 1508 251 1509 105 1510 61 1511 105 1512 9 1513 252 1514 61 1515 105 1516 252 1517 4 1518 253 1519 8 1520 167 1521 253 1522 4 1523 254 1524 18 1525 17 1526 254 1527 156 1528 18 1529 255 1530 92 1531 24 1532 131 1533 255 1534 24 1535 256 1536 101 1537 29 1538 60 1539 256 1540 29 1541 191 1542 257 1543 1 1544</p>
        </triangles>
      </mesh>
    </geometry>
    <geometry id="FBXASC227FBXASC130FBXASC189FBXASC227FBXASC131FBXASC170FBXASC227FBXASC131FBXASC131FBXASC227FBXASC131FBXASC1372-lib" name="FBXASC227FBXASC130FBXASC189FBXASC227FBXASC131FBXASC170FBXASC227FBXASC131FBXASC131FBXASC227FBXASC131FBXASC1372Mesh">
      <mesh>
        <source id="FBXASC227FBXASC130FBXASC189FBXASC227FBXASC131FBXASC170FBXASC227FBXASC131FBXASC131FBXASC227FBXASC131FBXASC1372-POSITION">
          <float_array id="FBXASC227FBXASC130FBXASC189FBXASC227FBXASC131FBXASC170FBXASC227FBXASC131FBXASC131FBXASC227FBXASC131FBXASC1372-POSITION-array" count="120">0.000197835 -0.00051563 -0.000393701 0.000129644 -0.00051563 0.000354331 0.000337598 0.002633976 -0.000324436 0.000158465 0.002633976 0.000383152 0.000375394 -0.00051563 0.000318898 0.000119094 0.002633976 -0.000314961 0.000375394 -0.00051563 -0.000318898 0.000375394 0.002633976 0.000318898 0.000197835 0.002633976 -0.000393701 0.000193898 -0.00051563 -0.000307087 0.000193898 0.002633976 0.000307087 0.000197835 -0.00051563 0.000393701 0.00041437 -0.00051563 0.000393701 0.00041437 0.002633976 -0.000393701 0.000299803 -0.00051563 -0.000318898 0.00041437 0.002633976 0.000393701 0.000129644 -0.00051563 -0.000354331 0.000299803 -0.00051563 0.000318898 0.000193898 -0.00051563 0.000307087 0.000193898 0.002633976 -0.000307087 0.00041437 -0.00051563 -0.000393701 0.00041437 0.002633976 -0.000318898 0.000119094 0.002633976 0.000314961 0.000337598 0.002633976 0.000324436 0.000197835 0.002633976 0.000393701 0.00041437 -0.00051563 0.000318898 0.000299803 0.002633976 -0.000318898 0.000158465 -0.00051563 -0.000383152 0.000158465 0.002633976 -0.000383152 0.000119094 -0.00051563 0.000314961 0.000129644 0.002633976 -0.000354331 0.000337598 -0.00051563 -0.000324436 0.000129644 0.002633976 0.000354331 0.000119094 -0.00051563 -0.000314961 0.000158465 -0.00051563 0.000383152 0.00041437 0.002633976 0.000318898 0.00041437 -0.00051563 -0.000318898 0.000375394 0.002633976 -0.000318898 0.000337598 -0.00051563 0.000324436 0.000299803 0.002633976 0.000318898</float_array>
          <technique_common>
            <accessor source="#FBXASC227FBXASC130FBXASC189FBXASC227FBXASC131FBXASC170FBXASC227FBXASC131FBXASC131FBXASC227FBXASC131FBXASC1372-POSITION-array" count="40" stride="3">
              <param name="X" type="float"/>
              <param name="Y" type="float"/>
              <param name="Z" type="float"/>
            </accessor>
          </technique_common>
        </source>
        <source id="FBXASC227FBXASC130FBXASC189FBXASC227FBXASC131FBXASC170FBXASC227FBXASC131FBXASC131FBXASC227FBXASC131FBXASC1372-Normal0">
          <float_array id="FBXASC227FBXASC130FBXASC189FBXASC227FBXASC131FBXASC170FBXASC227FBXASC131FBXASC131FBXASC227FBXASC131FBXASC1372-Normal0-array" count="684">
-2.540000 -0.000000 -0.000000
-2.540000 -0.000000 -0.000000
-2.540000 -0.000000 -0.000000
2.540000 0.000000 0.000000
2.540000 0.000000 0.000000
2.540000 0.000000 0.000000
-2.540000 -0.000000 -0.000000
-2.540000 -0.000000 -0.000000
-2.540000 -0.000000 -0.000000
2.540000 0.000000 0.000000
2.540000 0.000000 0.000000
2.540000 0.000000 0.000000
-0.000000 -0.000000 2.540000
-0.000000 -0.000000 2.540000
-0.000000 -0.000000 2.540000
0.000000 0.000000 -2.540000
0.368283 0.000000 -2.513159
0.000000 0.000000 -2.540000
-0.000000 -0.000000 2.540000
-0.000000 -0.000000 2.540000
0.368283 0.000000 2.513159
0.000000 0.000000 -2.540000
0.000000 0.000000 -2.540000
0.000000 0.000000 -2.540000
0.000000 0.000000 -2.540000
0.000000 0.000000 -2.540000
0.000000 0.000000 -2.540000
-0.000000 -0.000000 2.540000
0.368283 0.000000 2.513159
0.368283 0.000000 2.513159
0.000000 0.000000 -2.540000
0.368283 0.000000 -2.513159
0.000000 0.000000 -2.540000
-0.000000 -0.000000 2.540000
-0.000000 -0.000000 2.540000
-0.000000 -0.000000 2.540000
-1.270000 -0.000000 -2.199704
-1.270000 -0.000000 -2.199704
-2.199704 -0.000000 -1.270000
-0.000000 2.540000 -0.000000
-0.000000 2.540000 -0.000000
-0.000000 2.540000 -0.000000
-2.199704 -0.000000 -1.270000
-1.270000 -0.000000 -2.199704
-2.199704 -0.000000 -1.270000
0.000000 -2.540000 0.000000
0.000000 -2.540000 0.000000
0.000000 -2.540000 0.000000
-0.000000 2.540000 -0.000000
-0.000000 2.540000 -0.000000
-0.000000 2.540000 -0.000000
-2.199704 -0.000000 1.270000
-2.540000 -0.000000 -0.000000
-2.199704 -0.000000 1.270000
-1.270000 -0.000000 2.199704
-1.270000 -0.000000 2.199704
-2.199704 -0.000000 1.270000
0.000000 -2.540000 0.000000
0.000000 -2.540000 0.000000
0.000000 -2.540000 0.000000
2.540000 0.000000 0.000000
2.540000 0.000000 0.000000
2.540000 0.000000 0.000000
0.000000 -2.540000 0.000000
0.000000 -2.540000 0.000000
0.000000 -2.540000 0.000000
-0.000000 2.540000 -0.000000
-0.000000 2.540000 -0.000000
-0.000000 2.540000 -0.000000
2.540000 0.000000 0.000000
2.540000 0.000000 0.000000
2.540000 0.000000 0.000000
0.000000 -2.540000 0.000000
0.000000 -2.540000 0.000000
0.000000 -2.540000 0.000000
-0.368283 -0.000000 2.513159
-0.368283 -0.000000 2.513159
-0.368283 -0.000000 2.513159
2.540000 0.000000 0.000000
2.540000 0.000000 0.000000
2.540000 0.000000 0.000000
-0.000000 2.540000 -0.000000
-0.000000 2.540000 -0.000000
-0.000000 2.540000 -0.000000
0.000000 -2.540000 0.000000
0.000000 -2.540000 0.000000
0.000000 -2.540000 0.000000
0.000000 -2.540000 0.000000
0.000000 -2.540000 0.000000
0.000000 -2.540000 0.000000
0.000000 -2.540000 0.000000
0.000000 -2.540000 0.000000
0.000000 -2.540000 0.000000
0.368283 0.000000 -2.513159
0.368283 0.000000 -2.513159
0.368283 0.000000 -2.513159
0.000000 -2.540000 0.000000
0.000000 -2.540000 0.000000
0.000000 -2.540000 0.000000
0.000000 -2.540000 0.000000
0.000000 -2.540000 0.000000
0.000000 -2.540000 0.000000
-0.000000 2.540000 -0.000000
-0.000000 2.540000 -0.000000
-0.000000 2.540000 -0.000000
-0.000000 2.540000 -0.000000
-0.000000 2.540000 -0.000000
-0.000000 2.540000 -0.000000
2.540000 0.000000 0.000000
2.540000 0.000000 0.000000
2.540000 0.000000 0.000000
0.000000 -2.540000 0.000000
0.000000 -2.540000 0.000000
0.000000 -2.540000 0.000000
-0.000000 2.540000 -0.000000
-0.000000 2.540000 -0.000000
-0.000000 2.540000 -0.000000
-0.368283 -0.000000 2.513159
-0.368283 -0.000000 2.513159
-0.000000 -0.000000 2.540000
-0.000000 2.540000 -0.000000
-0.000000 2.540000 -0.000000
-0.000000 2.540000 -0.000000
-0.000000 2.540000 -0.000000
-0.000000 2.540000 -0.000000
-0.000000 2.540000 -0.000000
-0.000000 2.540000 -0.000000
-0.000000 2.540000 -0.000000
-0.000000 2.540000 -0.000000
-0.368283 -0.000000 -2.513159
0.000000 0.000000 -2.540000
0.000000 0.000000 -2.540000
-0.000000 2.540000 -0.000000
-0.000000 2.540000 -0.000000
-0.000000 2.540000 -0.000000
-0.000000 -0.000000 2.540000
-1.270000 -0.000000 2.199704
-0.000000 -0.000000 2.540000
0.000000 -2.540000 0.000000
0.000000 -2.540000 0.000000
0.000000 -2.540000 0.000000
0.000000 0.000000 -2.540000
0.000000 0.000000 -2.540000
0.000000 0.000000 -2.540000
-0.000000 2.540000 -0.000000
-0.000000 2.540000 -0.000000
-0.000000 2.540000 -0.000000
0.368283 0.000000 2.513159
0.368283 0.000000 2.513159
0.368283 0.000000 2.513159
0.000000 -2.540000 0.000000
0.000000 -2.540000 0.000000
0.000000 -2.540000 0.000000
-1.270000 -0.000000 -2.199704
0.000000 0.000000 -2.540000
-1.270000 -0.000000 -2.199704
0.000000 0.000000 -2.540000
0.000000 0.000000 -2.540000
-1.270000 -0.000000 -2.199704
-0.000000 2.540000 -0.000000
-0.000000 2.540000 -0.000000
-0.000000 2.540000 -0.000000
0.000000 -2.540000 0.000000
0.000000 -2.540000 0.000000
0.000000 -2.540000 0.000000
-2.540000 -0.000000 -0.000000
-2.540000 -0.000000 -0.000000
-2.199704 -0.000000 1.270000
-0.000000 2.540000 -0.000000
-0.000000 2.540000 -0.000000
-0.000000 2.540000 -0.000000
-2.199704 -0.000000 -1.270000
-2.540000 -0.000000 -0.000000
-2.199704 -0.000000 -1.270000
0.000000 -2.540000 0.000000
0.000000 -2.540000 0.000000
0.000000 -2.540000 0.000000
0.368283 0.000000 2.513159
0.368283 0.000000 2.513159
0.368283 0.000000 2.513159
-2.199704 -0.000000 1.270000
-1.270000 -0.000000 2.199704
-2.199704 -0.000000 1.270000
-0.000000 2.540000 -0.000000
-0.000000 2.540000 -0.000000
-0.000000 2.540000 -0.000000
0.000000 -2.540000 0.000000
0.000000 -2.540000 0.000000
0.000000 -2.540000 0.000000
-2.540000 -0.000000 -0.000000
-2.540000 -0.000000 -0.000000
-2.199704 -0.000000 -1.270000
-1.270000 -0.000000 2.199704
-1.270000 -0.000000 2.199704
-0.000000 -0.000000 2.540000
0.000000 -2.540000 0.000000
0.000000 -2.540000 0.000000
0.000000 -2.540000 0.000000
0.000000 0.000000 -2.540000
0.000000 0.000000 -2.540000
0.000000 0.000000 -2.540000
-0.000000 2.540000 -0.000000
-0.000000 2.540000 -0.000000
-0.000000 2.540000 -0.000000
-0.000000 -0.000000 2.540000
-0.368283 -0.000000 2.513159
-0.000000 -0.000000 2.540000
0.000000 -2.540000 0.000000
0.000000 -2.540000 0.000000
0.000000 -2.540000 0.000000
-0.368283 -0.000000 2.513159
-0.368283 -0.000000 2.513159
-0.368283 -0.000000 2.513159
-0.000000 2.540000 -0.000000
-0.000000 2.540000 -0.000000
-0.000000 2.540000 -0.000000
0.000000 -2.540000 0.000000
0.000000 -2.540000 0.000000
0.000000 -2.540000 0.000000
-0.368283 -0.000000 -2.513159
-0.368283 -0.000000 -2.513159
0.000000 0.000000 -2.540000
-0.000000 2.540000 -0.000000
-0.000000 2.540000 -0.000000
-0.000000 2.540000 -0.000000
0.368283 0.000000 -2.513159
0.368283 0.000000 -2.513159
0.000000 0.000000 -2.540000
</float_array>
          <technique_common>
            <accessor source="#FBXASC227FBXASC130FBXASC189FBXASC227FBXASC131FBXASC170FBXASC227FBXASC131FBXASC131FBXASC227FBXASC131FBXASC1372-Normal0-array" count="228" stride="3">
              <param name="X" type="float"/>
              <param name="Y" type="float"/>
              <param name="Z" type="float"/>
            </accessor>
          </technique_common>
        </source>
        <vertices id="FBXASC227FBXASC130FBXASC189FBXASC227FBXASC131FBXASC170FBXASC227FBXASC131FBXASC131FBXASC227FBXASC131FBXASC1372-VERTEX">
          <input semantic="POSITION" source="#FBXASC227FBXASC130FBXASC189FBXASC227FBXASC131FBXASC170FBXASC227FBXASC131FBXASC131FBXASC227FBXASC131FBXASC1372-POSITION"/>
        </vertices>
        <triangles count="76" material="MaterialFBXASC032FBXASC03526">
          <input semantic="VERTEX" offset="0" source="#FBXASC227FBXASC130FBXASC189FBXASC227FBXASC131FBXASC170FBXASC227FBXASC131FBXASC131FBXASC227FBXASC131FBXASC1372-VERTEX"/>
          <input semantic="NORMAL" offset="1" source="#FBXASC227FBXASC130FBXASC189FBXASC227FBXASC131FBXASC170FBXASC227FBXASC131FBXASC131FBXASC227FBXASC131FBXASC1372-Normal0"/>
          <p> 33 0 29 1 5 2 9 3 19 4 18 5 29 6 22 7 5 8 18 9 19 10 10 11 24 12 11 13 12 14 10 15 17 16 18 17 19 18 9 19 26 20 20 21 8 22 13 23 0 24 8 25 20 26 9 27 14 28 26 29 39 30 17 31 10 32 15 33 24 34 12 35 28 36 27 37 30 38 19 39 26 40 8 41 30 42 27 43 16 44 14 45 9 46 0 47 39 48 10 49 24 50 32 51 22 52 1 53 34 54 3 55 1 56 18 57 17 58 11 59 15 60 12 61 25 62 11 63 17 64 12 65 8 66 26 67 13 68 36 69 13 70 21 71 6 72 31 73 0 74 31 75 6 76 37 77 35 78 15 79 25 80 15 81 35 82 24 83 33 84 9 85 29 86 27 87 9 88 16 89 17 90 38 91 12 92 38 93 17 94 23 95 1 96 18 97 34 98 9 99 18 100 29 101 10 102 19 103 5 104 30 105 19 106 28 107 20 108 13 109 36 110 20 111 6 112 0 113 13 114 2 115 21 116 37 117 6 118 21 119 22 120 10 121 5 122 32 123 10 124 22 125 7 126 23 127 24 128 23 129 7 130 4 131 24 132 10 133 3 134 24 135 3 136 11 137 12 138 38 139 25 140 4 141 7 142 25 143 26 144 2 145 13 146 26 147 14 148 2 149 0 150 9 151 27 152 28 153 0 154 27 155 8 156 0 157 28 158 28 159 19 160 8 161 29 162 18 163 1 164 22 165 29 166 1 167 5 168 19 169 30 170 16 171 5 172 30 173 31 174 14 175 0 176 2 177 14 178 31 179 1 180 3 181 32 182 3 183 10 184 32 185 16 186 9 187 33 188 33 189 5 190 16 191 3 192 34 193 11 194 34 195 18 196 11 197 25 198 7 199 35 200 35 201 7 202 24 203 21 204 6 205 36 206 36 207 6 208 20 209 2 210 31 211 37 212 21 213 2 214 37 215 25 216 38 217 4 218 38 219 23 220 4 221 23 222 39 223 24 224 23 225 17 226 39 227</p>
        </triangles>
      </mesh>
    </geometry>
    <geometry id="FBXASC227FBXASC130FBXASC189FBXASC227FBXASC131FBXASC170FBXASC227FBXASC131FBXASC131FBXASC227FBXASC131FBXASC1373-lib" name="FBXASC227FBXASC130FBXASC189FBXASC227FBXASC131FBXASC170FBXASC227FBXASC131FBXASC131FBXASC227FBXASC131FBXASC1373Mesh">
      <mesh>
        <source id="FBXASC227FBXASC130FBXASC189FBXASC227FBXASC131FBXASC170FBXASC227FBXASC131FBXASC131FBXASC227FBXASC131FBXASC1373-POSITION">
          <float_array id="FBXASC227FBXASC130FBXASC189FBXASC227FBXASC131FBXASC170FBXASC227FBXASC131FBXASC131FBXASC227FBXASC131FBXASC1373-POSITION-array" count="2805">0.000298622 0.000673782 0.000284646 0.000337598 0.000662674 0.000245669 0.000351832 0.000662674 0.000248361 0.000369131 0.000673782 0.000261736 0.000349643 0.000673782 0.000247577 0.000325554 0.000673782 0.000247577 0.000306066 0.000673782 0.000261736 0.000337598 0.000704449 0.000269216 0.000323722 0.000690913 0.000255613 0.000353229 0.000689742 0.000255613 0.000337598 0.000690459 0.000317139 0.000298622 0.000594845 0.000284646 0.000337598 0.000583737 0.000245669 0.000298622 0.000515908 0.000284646 0.000337598 0.0005048 0.000245669 0.000351832 0.0005048 0.000248361 0.000298622 0.000436971 0.000284646 0.000337598 0.000425864 0.000245669 0.000351832 0.000425864 0.000248361 0.000359057 0.000436971 0.000252108 0.000339335 0.000436971 0.000245708 0.000298622 0.000358034 0.000284646 0.000337598 0.000346926 0.000245669 0.000351832 0.000346926 0.000248361 0.000359057 0.000358034 0.000252108 0.000339335 0.000358034 0.000245708 0.000298622 0.000279097 0.000284646 0.000337598 0.000267989 0.000245669 0.000351832 0.000267989 0.000248361 0.000359057 0.000279097 0.000252108 0.000339335 0.000279097 0.000245708 0.000359167 0.00030323 0.000298911 0.000298622 0.00020016 0.000284646 0.000337598 0.000189052 0.000245669 0.000298622 0.000121223 0.000284646 0.000337598 0.000110115 0.000245669 0.000298622 4.2286e-05 0.000284646 0.000337598 3.1178e-05 0.000245669 0.000351832 3.1178e-05 0.000248361 0.000298622 -3.6651e-05 0.000284646 0.000337598 -4.7759e-05 0.000245669 0.000351832 -4.7759e-05 0.000248361 0.000359057 -3.6651e-05 0.000252108 0.000339335 -3.6651e-05 0.000245708 0.000298622 -0.000115588 0.000284646 0.000337598 -0.000126696 0.000245669 0.000351832 -0.000126696 0.000248361 0.000359057 -0.000115588 0.000252108 0.000339335 -0.000115588 0.000245708 0.000298622 -0.000194525 0.000284646 0.000337598 -0.000205633 0.000245669 0.000298622 -0.000273462 0.000284646 0.000337598 -0.00028457 0.000245669 0.000298622 -0.000352399 0.000284646 0.000337598 -0.000363507 0.000245669 0.000337598 -0.000396293 0.000275699 0.000337598 -0.000394648 0.000298911 0.000351832 -0.000363507 0.000248361 0.000298622 0.000662674 -0.000284646 0.000306066 0.000673782 -0.000261736 0.000325554 0.000673782 -0.000247577 0.000349643 0.000673782 -0.000247577 0.000369131 0.000673782 -0.000261736 0.000376575 0.000673782 -0.000284646 0.000337598 0.000662674 -0.000245669 0.000337598 0.000704449 -0.000300076 0.000337598 0.000690459 -0.000317139 0.000298622 0.000583737 -0.000284646 0.000341887 0.000594845 -0.000245906 0.000374346 0.000594845 -0.000271654 0.000298622 0.0005048 -0.000284646 0.000341887 0.000515908 -0.000245906 0.000374346 0.000515908 -0.000271654 0.000298622 0.000425864 -0.000284646 0.000341887 0.000436971 -0.000245906 0.000361821 0.000436971 -0.00025411 0.000374346 0.000436971 -0.000271654 0.000366113 0.000425864 -0.000258073 0.000337598 0.000425864 -0.000245669 0.000298622 0.000346926 -0.000284646 0.000341887 0.000358034 -0.000245906 0.000361821 0.000358034 -0.00025411 0.000374346 0.000358034 -0.000271654 0.000366113 0.000346926 -0.000258073 0.000337598 0.000346926 -0.000245669 0.000337598 0.00031414 -0.000275699 0.000298622 0.000267989 -0.000284646 0.000341887 0.000279097 -0.000245906 0.000361821 0.000279097 -0.00025411 0.000374346 0.000279097 -0.000271654 0.000366113 0.000267989 -0.000258073 0.000337598 0.000267989 -0.000245669 0.000298622 0.000189052 -0.000284646 0.000341887 0.00020016 -0.000245906 0.000374346 0.00020016 -0.000271654 0.000298622 0.000110115 -0.000284646 0.000341887 0.000121223 -0.000245906 0.000374346 0.000121223 -0.000271654 0.000298622 3.1178e-05 -0.000284646 0.000341887 4.2286e-05 -0.000245906 0.000374346 4.2286e-05 -0.000271654 0.000298622 -4.7759e-05 -0.000284646 0.000341887 -3.6651e-05 -0.000245906 0.000361821 -3.6651e-05 -0.00025411 0.000374346 -3.6651e-05 -0.000271654 0.000366113 -4.7759e-05 -0.000258073 0.000337598 -4.7759e-05 -0.000245669 0.000298622 -0.000126696 -0.000284646 0.000341887 -0.000115588 -0.000245906 0.000361821 -0.000115588 -0.00025411 0.000374346 -0.000115588 -0.000271654 0.000366113 -0.000126696 -0.000258073 0.000337598 -0.000126696 -0.000245669 0.000298622 -0.000205633 -0.000284646 0.000341887 -0.000194525 -0.000245906 0.000374346 -0.000194525 -0.000271654 0.000298622 -0.00028457 -0.000284646 0.000341887 -0.000273462 -0.000245906 0.000374346 -0.000273462 -0.000271654 0.000298622 -0.000363507 -0.000284646 0.000341887 -0.000352399 -0.000245906 0.000374346 -0.000352399 -0.000271654 0.000337598 -0.000396293 -0.000275699 0.000337598 -0.000394648 -0.000298911 0.000374346 -0.000431336 -0.000271654 0.000298622 0.000704449 -0.000284646 0.000337598 -7.8899e-05 -0.000298911 0.000337598 -8.0545e-05 0.000275699 0.000298622 -0.000431336 0.000284646 0.000372706 -0.000431336 0.000267717 0.000359167 0.000480668 0.000298911 0.000337598 0.000631534 -0.000298911 0.000349643 0.000704449 0.000247577 0.000376575 0.000704449 0.000284646 0.000324532 -0.000218063 -0.000317139 0.000359167 -0.000308702 0.000298911 0.000337598 0.000157912 0.000298911 0.000337598 0.000157912 -0.000298911 0.000337598 0.00047366 -0.000298911 0.000337598 7.8975e-05 -0.000298911 0.000359167 0.000638542 0.000298911 0.000337598 -0.000315711 -0.000298911 0.000337598 -0.000159482 0.000275699 0.000337598 0.000393077 0.000275699 0.000360134 5.714e-06 0.000275699 0.000376575 0.000704449 -0.000304364 0.000337598 0.000393077 -0.000275699 0.000337598 0.000552597 -0.000298911 0.000360134 5.714e-06 -0.000275699 0.000337598 0.000235203 -0.000275699 0.000353229 -0.000379466 -0.000255613 0.000350961 0.000704449 -0.000276931 0.000298622 0.000704449 -0.000304364 0.000320642 -0.000431336 -0.000249551 0.000298622 0.000704449 0.000284646 0.00029626 0.000976496 -0.00030315 0.000349643 0.000704449 -0.000247577 0.000378937 0.000976496 -0.00030315 0.000378937 0.000976496 0.00030315 0.00045374 0.000665472 -0.000267717 0.00029626 -0.000747913 -0.00030315 0.000378937 -0.000747913 0.00030315 0.00045374 -0.00043689 -0.000267717 0.00029626 -0.000747913 0.00030315 0.00045374 0.000665472 0.000267717 0.000337598 -0.000236773 0.000298911 0.000359167 8.5983e-05 0.000298911 0.00029626 0.000976496 0.00030315 0.000337598 0.000552597 0.000298911 0.000337598 -0.000414659 -0.000317139 0.000337598 0.000235203 0.000275699 0.000337598 -0.000159482 -0.000275699 0.000337598 -0.000380183 0.000317139 0.00045374 -0.00079122 -0.000259843 0.000298622 0.000704449 0.000304364 0.000376575 -0.000476654 -0.000284646 0.000337598 -0.000473585 0.000298911 0.000350665 0.000334496 0.000317139 0.000337598 -0.000121142 0.000324016 0.000358741 -0.000351083 -0.000317139 0.000337598 -0.000442444 0.000245669 0.000315063 5.714e-06 0.000275699 0.000376575 -0.000476654 0.000304364 0.000372497 -5.3544e-05 -0.000298911 0.000337598 -0.000238419 -0.000275699 0.000337598 0.000273543 -0.000324016 0.000337598 0.00035248 -0.000324016 0.000372497 -5.3544e-05 0.000298911 0.000350665 0.000176622 0.000317139 0.000358741 0.000187737 -0.000317139 0.000337598 0.000629888 0.000275699 0.000358741 0.000661359 -0.000317139 0.000337598 0.000472014 0.000275699 0.000358741 -0.000272146 -0.000317139 0.000372497 -0.000211418 0.000298911 0.000358741 0.000424548 -0.000317139 0.000337598 0.00031414 0.000275699 0.000298622 -0.000476654 -0.000304364 0.000358741 2.9863e-05 -0.000317139 0.00045374 -0.00043689 0.000267717 0.000337598 7.7329e-05 0.000275699 0.000337598 -0.000121142 -0.000324016 0.000325554 -0.000476654 -0.000247577 0.00045374 0.000976496 -0.00030315 0.000337598 0.000550951 0.000275699 0.000337598 -0.000238419 0.000275699 0.000378937 -0.000747913 -0.00030315 0.000337598 -0.000317356 0.000275699 0.000358741 0.000517224 -0.000317139 0.000358741 0.000596161 -0.000317139 0.00045374 -0.00079122 0.000259843 0.00045374 0.000976496 0.00030315 0.000337598 0.000156266 -0.000275699 0.000316456 4.3602e-05 0.000317139 0.000316456 0.000438287 0.000317139 0.000351832 0.000189052 0.000248361 0.000353229 -0.000379466 0.000255613 0.000298622 -0.000476654 0.000284646 0.000315063 5.714e-06 -0.000275699 0.000337598 -4.2205e-05 -0.000324016 0.000316456 -0.000364822 -0.000317139 0.000316456 -3.5335e-05 0.000317139 0.000353229 0.000567778 -0.000255613 0.00031603 0.000243857 0.000298911 0.000324532 0.000650244 0.000317139 0.000298622 -0.000476654 0.000304364 0.000324532 -0.000454875 -0.000317139 0.000337598 0.000629888 -0.000275699 0.000359167 0.000382167 0.000298911 0.000324532 -0.000218063 0.000317139 0.000358741 0.000582422 0.000317139 0.000316456 -0.000285885 0.000317139 0.000359167 0.000401731 0.000298911 0.000316456 0.0001088 0.000317139 0.000358741 0.000122539 -0.000317139 0.000353229 -0.000415377 0.000255613 0.000324532 0.00049237 0.000317139 0.000350665 0.000255559 0.000317139 0.000237205 0.000976496 0.00030315 0.000372497 -0.000132481 0.000298911 0.000337598 0.000472014 -0.000275699 0.000337598 -0.000317356 -0.000275699 0.000337598 7.7329e-05 -0.000275699 0.000360134 0.000541372 -0.000275699 0.000378937 0.001019803 0.000259843 0.000353229 -9.9629e-05 -0.000255613 0.000316456 -0.00043002 0.000317139 0.000315063 0.000163588 0.000275699 0.000351832 0.000110115 0.000248361 0.00045374 -0.000747913 -0.00030315 0.000337598 0.000236849 -0.000298911 0.000337598 -0.000157836 -0.000298911 0.000237205 0.000976496 -0.00030315 0.000369131 -0.000476654 0.000261736 0.000359167 7.046e-06 0.000298911 0.000321968 0.000137183 0.000255613 0.000237205 -0.000747913 0.00030315 0.000316456 0.000675098 -0.000317139 0.000237205 -0.000747913 -0.00030315 0.000361821 -0.000431336 -0.00025411 0.000337598 -7.8899e-05 0.000298911 0.000358741 -0.000206948 -0.000317139 0.000337598 0.000315786 0.000298911 0.000372497 -0.000346613 0.000298911 0.000337598 0.000315786 -0.000298911 0.000337598 0.000394723 -0.000298911 0.000337598 -0.000157836 0.000298911 0.000324532 -0.000261031 -0.000317139 0.000360134 -0.000231097 -0.000275699 0.000337598 0.000394723 0.000298911 0.000351832 0.000583737 0.000248361 0.000315063 -0.000467908 -0.000275699 0.00031603 0.000540041 -0.000298911 0.000378937 -0.00079122 0.000259843 0.000324532 0.000176622 0.000317139 0.000351832 -0.000205633 0.000248361 0.000316456 -0.000351083 0.000317139 0.00031603 7.046e-06 -0.000298911 0.000316456 0.000187737 -0.000317139 0.000337598 0.000236849 0.000298911 0.000360134 0.000163588 -0.000275699 0.000321968 -6.3718e-05 -0.000255613 0.000337598 0.000631534 0.000298911 0.000337598 7.8975e-05 0.000298911 0.000316456 2.9863e-05 -0.000317139 0.000316456 0.000424548 -0.000317139 0.000378937 0.001019803 -0.000259843 0.000372497 0.000284883 -0.000298911 0.000372497 -0.000109802 -0.000298911 0.000372497 0.00036382 -0.000298911 0.00045374 -0.000747913 0.00030315 0.00045374 0.001019803 -0.000259843 0.000324532 0.000571307 0.000317139 0.000315063 0.000558273 0.000275699 0.000351832 -0.00028457 0.000248361 0.000353229 -0.000458403 -0.000255613 0.000359167 0.000145356 0.000298911 0.000372497 -0.00042555 0.000298911 0.00031603 7.046e-06 0.000298911 0.000359167 0.000461104 0.000298911 0.000337598 0.000976496 -0.000324409 0.000378937 -0.00079122 -0.000259843 0.00045374 0.001019803 0.000259843 0.000359167 -0.000249329 0.000298911 0.000324532 0.000607276 -0.000317139 0.000337598 0.000976496 0.000324409 0.000350665 -0.000218063 0.000317139 0.000337598 -0.000315711 0.000298911 0.000324532 0.000133654 -0.000317139 0.000316456 0.00035935 0.000317139 0.000359167 0.000540041 0.000298911 0.000337598 -0.000476654 -0.000324409 0.000359167 -0.000466576 -0.000298911 0.000360134 0.000242525 0.000275699 0.000325554 0.000704449 0.000247577 0.000359167 -0.000308702 -0.000298911 0.000359167 0.000480668 -0.000298911 0.000337598 -0.000747913 0.000324409 0.000350665 5.4717e-05 0.000317139 0.000337598 0.000300135 -0.000255613 0.000360134 -7.3223e-05 -0.000275699 0.000353229 0.000409904 -0.000255613 0.000337598 -0.000747913 -0.000324409 0.000353229 0.000330967 0.000255613 0.000315063 6.775e-05 -0.000275699 0.000350665 -6.0189e-05 0.000317139 0.000360134 -0.000467908 0.000275699 0.000321968 -6.3718e-05 0.000255613 0.000353229 5.8246e-05 0.000255613 0.000353229 0.000531868 0.000255613 0.000372497 -0.00042555 -0.000298911 0.00031603 0.000559605 -0.000298911 0.000353229 0.000646715 -0.000255613 0.000321968 -0.000221592 -0.000255613 0.000372497 0.000183267 0.000298911 0.000358741 -0.000285885 0.000317139 0.000358741 0.0001088 0.000317139 0.000315063 0.000242525 -0.000275699 0.00031603 -0.000387639 -0.000298911 0.00031603 -0.000387639 0.000298911 0.000315063 0.00063721 0.000275699 0.000359167 -0.000387639 -0.000298911 0.000321968 -0.00033644 0.000255613 0.000369131 -0.000476654 -0.000261736 0.00045374 0.000665472 -0.00030315 0.000306066 0.000704449 -0.000261736 0.000360134 0.000400399 0.000275699 0.000321968 0.000531868 -0.000255613 0.00045374 -0.00043689 0.00030315 0.000321968 -0.000142655 0.000255613 0.000350665 -0.000339968 0.000317139 0.00031603 -0.000150828 -0.000298911 0.000337598 0.000458009 0.000255613 0.000315063 -0.000326935 -0.000275699 0.00031603 8.5983e-05 -0.000298911 0.000315063 0.000462435 -0.000275699 0.000337598 0.00047366 0.000298911 0.000321968 0.000373994 0.000255613 0.000353229 5.8246e-05 -0.000255613 0.000325554 -0.000476654 0.000247577 0.000359167 0.000618978 0.000298911 0.00031603 -7.1891e-05 0.000298911 0.000315063 0.000225624 0.000275699 0.000360134 -0.00015216 -0.000275699 0.000337598 -0.000476654 0.000324409 0.000360134 0.000321462 -0.000275699 0.000372497 0.000262204 0.000298911 0.000372497 0.000341141 0.000298911 0.00031603 0.00030323 -0.000298911 0.00031603 0.000382167 -0.000298911 0.000321968 0.000173093 -0.000255613 0.000372497 2.5393e-05 0.000298911 0.00031603 -0.000466576 0.000298911 0.000337598 -1.608e-06 -0.000275699 0.000359167 7.046e-06 -0.000298911 0.00031603 -0.000150828 0.000298911 0.000339335 -0.000431336 0.000245708 0.00045374 -0.00043689 -0.00030315 0.000324532 -0.000297 -0.000317139 0.000316456 0.000280413 0.000317139 0.000324532 0.00049237 -0.000317139 0.000353229 -9.9629e-05 0.000255613 0.000358741 0.000503485 0.000317139 0.000337598 -0.000236773 -0.000298911 0.00045374 0.000665472 0.00030315 0.000341887 -0.000431336 -0.000245906 0.00031603 -7.1891e-05 -0.000298911 0.000337598 0.000645998 -0.000317139 0.000337598 -1.608e-06 0.000275699 0.000321968 -0.000221592 0.000255613 0.00031603 0.000224293 -0.000298911 0.00031603 -0.000170392 -0.000298911 0.000315063 -0.000310034 0.000275699 0.000358741 0.000675098 0.000317139 0.00031603 0.000638542 -0.000298911 0.000321968 0.000373994 -0.000255613 0.000350665 0.000449402 0.000317139 0.000358741 -0.000443759 -0.000317139 0.000324532 5.4717e-05 -0.000317139 0.000316456 -0.000128011 -0.000317139 0.000316456 0.000266674 -0.000317139 0.000316456 0.000345611 -0.000317139 0.000337598 -0.000442444 -0.000245669 0.000372497 0.000577952 0.000298911 0.000359167 0.000559605 -0.000298911 0.000359167 0.000638542 -0.000298911 0.000324532 0.000528339 -0.000317139 0.00031603 -9.1455e-05 -0.000298911 0.00031603 0.000540041 0.000298911 0.00031603 -0.000249329 0.000298911 0.000321968 0.000295057 0.000255613 0.000316456 -0.000114272 0.000317139 0.000321968 0.000409904 0.000255613 0.000360134 0.000163588 0.000275699 0.000353229 -0.00033644 -0.000255613 0.00031646 -0.000430009 -0.000317139 0.000353229 0.000452931 -0.000255613 0.00031603 0.000322794 0.000298911 0.00031603 0.000401731 0.000298911 0.00031603 0.000145356 0.000298911 0.00031603 0.000618978 0.000298911 0.000360134 8.4651e-05 -0.000275699 0.000360134 0.000242525 -0.000275699 0.000315063 -0.000169061 0.000275699 0.00031603 0.000322794 -0.000298911 0.00031603 0.000401731 -0.000298911 0.000321968 -0.000142655 -0.000255613 0.000316456 0.000675098 0.000317139 0.000321968 0.000330967 -0.000255613 0.000372497 4.8072e-05 -0.000298911 0.000372497 0.000442757 -0.000298911 0.00031603 -9.1455e-05 0.000298911 0.000306066 -0.000476654 0.000261736 0.000337598 3.8e-08 0.000298911 0.00031603 0.00016492 -0.000298911 0.000315063 8.4651e-05 0.000275699 0.000359167 -0.000328266 0.000298911 0.000372497 0.000521694 -0.000298911 0.000372497 0.000600631 -0.000298911 0.000372497 -0.000267676 -0.000298911 0.000372497 0.000127009 -0.000298911 0.000360134 0.000558273 0.000275699 0.000353229 0.000646715 0.000255613 0.000321968 0.00025203 0.000255613 0.000337598 0.000142261 -0.000255613 0.000359167 0.00016492 -0.000298911 0.000316456 -4.9074e-05 -0.000317139 0.000321968 0.000330967 0.000255613 0.000359167 0.000224293 0.000298911 0.000359167 -0.000170392 0.000298911 0.000337598 0.000216837 -0.000317139 0.000337598 -0.000177848 -0.000317139 0.000315063 0.000479336 0.000275699 0.000321968 0.000567778 0.000255613 0.000321968 -2.0692e-05 -0.000255613 0.000359167 -0.000229765 -0.000298911 0.000360134 -0.000231097 0.000275699 0.000321968 -9.9629e-05 -0.000255613 0.000350665 -0.000454875 0.000317139 0.000350665 0.000413433 0.000317139 0.000350665 0.000133654 0.000317139 0.000321968 -0.000379466 0.000255613 0.000321968 5.8246e-05 0.000255613 0.000321968 0.000531868 0.000255613 0.000321968 0.000173093 0.000255613 0.000321968 -0.000379466 -0.000255613 0.000321968 0.000567778 -0.000255613 0.000337598 3.8e-08 -0.000298911 0.000321968 0.000409904 -0.000255613 0.00031603 -0.000407203 0.000298911 0.000315063 6.775e-05 0.000275699 0.000324532 -0.000339968 -0.000317139 0.000359167 -0.000150828 0.000298911 0.000372497 -0.000346613 -0.000298911 0.000324532 0.000449402 -0.000317139 0.000337598 0.00035248 0.000324016 0.00031646 -0.000193198 -0.000317139 0.000315063 -0.000405872 -0.000275699 0.000337598 0.000295774 -0.000317139 0.000337598 -9.8911e-05 -0.000317139 0.000337598 0.000374711 -0.000317139 0.000350665 9.7685e-05 -0.000317139 0.000350665 0.000528339 0.000317139 0.000350665 -0.000261031 0.000317139 0.000337598 -0.000143372 0.000317139 0.000321968 0.000646715 -0.000255613 0.000321968 0.00025203 -0.000255613 0.000321968 -0.000458403 0.000255613 0.00031603 0.000618978 -0.000298911 0.000337598 0.000172376 -0.000317139 0.000350665 1.8748e-05 0.000317139 0.000324532 0.000571307 -0.000317139 0.000321968 1.5219e-05 0.000255613 0.000360134 -7.3223e-05 0.000275699 0.000337598 -0.000357953 -0.000324016 0.000337598 0.000431417 -0.000324016 0.000337598 3.6732e-05 -0.000324016 0.000376575 -0.000476654 0.000284646 0.000360134 0.000383498 -0.000275699 0.000321968 -9.9629e-05 0.000255613 0.000358741 0.000201476 0.000317139 0.000358741 -0.000193209 0.000317139 0.000353229 -0.00033644 0.000255613 0.000337598 0.000273543 0.000324016 0.000321968 0.000452931 0.000255613 0.000360134 -0.000405872 -0.000275699 0.000337598 -8.0545e-05 -0.000275699 0.000337598 0.000550951 -0.000275699 0.000337598 -0.00043689 0.000324016 0.000372497 -0.000188739 -0.000298911 0.000353229 1.5219e-05 -0.000255613 0.000337598 0.000156266 0.000275699 0.000372497 0.000205946 -0.000298911 0.000350665 0.000607276 0.000317139 0.000353229 -6.3718e-05 0.000255613 0.000353229 -0.000142655 0.000255613 0.000369131 0.000704449 0.000261736 0.000306066 -0.000476654 -0.000261736 0.000360134 0.000479336 -0.000275699 0.000360134 -0.000310034 -0.000275699 0.000325554 0.000704449 -0.000247577 0.000376575 0.000704449 0.000304364 0.000353229 -2.0692e-05 0.000255613 0.000316456 -0.000193209 0.000317139 0.000369131 0.000704449 -0.000261736 0.000360134 -0.000247998 -0.000275699 0.000359167 -9.1455e-05 0.000298911 0.000360134 0.000462435 0.000275699 0.000376575 -0.000476654 -0.000304364 0.000306066 0.000704449 0.000261736 0.000337598 0.000379072 0.000255613 0.000337598 0.000300135 0.000255613 0.000350665 0.000650244 0.000317139 0.000360134 0.000479336 0.000275699 0.000360134 8.4651e-05 0.000275699 0.000360134 -0.000310034 0.000275699 0.000376575 0.000704449 -0.000284646 0.000359167 -0.000387639 0.000298911 0.000358741 -4.9074e-05 -0.000317139 0.000298622 -0.000476654 -0.000284646 0.000372497 -0.000267676 0.000298911 0.000337598 -0.00047523 -0.000275699 0.000315063 0.000620309 0.000275699 0.000315063 -0.000247998 0.000275699 0.000321968 -0.000458403 -0.000255613 0.000360134 0.000146687 -0.000275699 0.000358741 -0.000128011 -0.000317139 0.000358741 0.000266674 -0.000317139 0.000358741 0.000345611 -0.000317139 0.000359167 6.6419e-05 0.000298911 0.000359167 0.000322794 -0.000298911 0.000359167 0.000243857 -0.000298911 0.000359167 -0.000150828 -0.000298911 0.000359167 0.000401731 -0.000298911 0.000316456 0.000201476 0.000317139 0.000350665 -2.422e-05 -0.000317139 0.000315063 8.4651e-05 -0.000275699 0.000315063 0.000479336 -0.000275699 0.000315063 -0.000310034 -0.000275699 0.000337598 -4.2205e-05 0.000324016 0.000372497 0.000127009 0.000298911 0.00031603 -0.000328266 0.000298911 0.000360134 -0.000169061 -0.000275699 0.000360134 0.000620309 -0.000275699 0.000360134 0.000225624 -0.000275699 0.000360134 0.000304561 0.000275699 0.000360134 0.000383498 0.000275699 0.000350665 0.000686213 -0.000317139 0.000360134 0.000304561 -0.000275699 0.000353229 0.00025203 0.000255613 0.000353229 0.000137183 0.000255613 0.000359057 -0.000431336 0.000252108 0.000337598 -0.000357953 0.000324016 0.000337598 0.000431417 0.000324016 0.000337598 3.6732e-05 0.000324016 0.000337598 0.000589291 0.000324016 0.000337598 -0.000200079 -0.000324016 0.000315063 -0.000231097 0.000275699 0.000321968 0.000646715 0.000255613 0.000360134 0.000462435 -0.000275699 0.000360134 6.775e-05 -0.000275699 0.000360134 -0.000326935 -0.000275699 0.000350665 5.4717e-05 -0.000317139 0.000350665 0.000449402 -0.000317139 0.000337598 0.000589291 -0.000324016 0.000337598 0.000510354 -0.000324016 0.000337598 -0.000279016 -0.000324016 0.000337598 0.000115669 -0.000324016 0.000337598 -0.000410298 -0.000255613 0.00031603 0.00030323 0.000298911 0.00031603 0.000382167 0.000298911 0.000337598 -0.000279016 0.000324016 0.000337598 0.000115669 0.000324016 0.000337598 0.000510354 0.000324016 0.000321968 -0.000415377 0.000255613 0.000358741 -0.00043002 0.000317139 0.000360134 0.000321462 0.000275699 0.00031603 0.000224293 0.000298911 0.00031603 -0.000170392 0.000298911 0.000315063 -0.000247998 -0.000275699 0.000315063 -0.000231097 -0.000275699 0.00031603 0.000145356 -0.000298911 0.000349643 -0.000476654 -0.000247577 0.000358741 -3.5335e-05 0.000317139 0.000349643 -0.000476654 0.000247577 0.000337598 0.000668228 -0.000324016 0.000359167 -7.1891e-05 -0.000298911 0.000360134 -9.0124e-05 -0.000275699 0.000360134 -0.000405872 0.000275699 0.000360134 -9.0124e-05 0.000275699 0.000315063 0.000304561 -0.000275699 0.000315063 0.000383498 -0.000275699 0.000315063 0.000541372 -0.000275699 0.000315063 0.000225624 -0.000275699 0.000315063 -0.000169061 -0.000275699 0.000315063 0.000620309 -0.000275699 0.000337598 0.000194606 -0.000324016 0.000372497 0.000521694 0.000298911 0.000315063 0.000163588 -0.000275699 0.00031603 -0.000249329 -0.000298911 0.000337598 0.000194606 0.000324016 0.000337598 -0.000200079 0.000324016 0.000337598 0.000668228 0.000324016 0.000315063 -0.000467908 0.000275699 0.00031603 -0.000308702 0.000298911 0.00031603 0.000559605 0.000298911 0.00031603 8.5983e-05 0.000298911 0.000358741 -0.000114272 0.000317139 0.000358741 0.000280413 0.000317139 0.000358741 0.00035935 0.000317139 0.000359167 0.000322794 0.000298911 0.00031603 6.6419e-05 0.000298911 0.000360134 -0.000388971 -0.000275699 0.000360134 0.000558273 -0.000275699 0.000337598 -0.00043689 -0.000324016 0.000337598 -0.000473585 -0.000298911 0.000315063 0.000541372 0.000275699 0.000359167 8.5983e-05 -0.000298911 0.000360134 -0.000169061 0.000275699 0.000360134 -0.000247998 0.000275699 0.000360134 0.000225624 0.000275699 0.000360134 0.000620309 0.000275699 0.000315063 0.000146687 0.000275699 0.000315063 -0.000326935 0.000275699 0.000372497 0.000420078 0.000298911 0.000321968 1.5219e-05 -0.000255613 0.00031603 -0.000407203 -0.000298911 0.00031603 0.000461104 0.000298911 0.000321968 -0.00033644 -0.000255613 0.000321968 5.8246e-05 -0.000255613 0.000321968 0.000452931 -0.000255613 0.000321968 0.000295057 -0.000255613 0.00031603 -0.000229765 -0.000298911 0.00031603 0.000243857 -0.000298911 0.000337598 0.000483763 -0.000255613 0.000337598 -0.000305608 -0.000255613 0.000350665 0.000571307 -0.000317139 0.000350665 0.00049237 -0.000317139 0.000350665 -0.000297 -0.000317139 0.000353229 -0.000458403 0.000255613 0.000337598 0.000615883 0.000255613 0.000337598 -0.000252424 0.000255613 0.000337598 -0.000173487 0.000255613 0.000337598 0.000221198 0.000255613 0.000353229 0.00025203 -0.000255613 0.000353229 -0.000142655 -0.000255613 0.000353229 -6.3718e-05 -0.000255613 0.000353229 0.000330967 -0.000255613 0.00031603 0.000480668 -0.000298911 0.00031603 -0.000308702 -0.000298911 0.000337598 -0.000380183 -0.000317139 0.000337598 -0.000143372 -0.000317139 0.000337598 0.000409187 -0.000317139 0.000337598 -6.4435e-05 -0.000317139 0.000337598 1.4502e-05 -0.000317139 0.000337598 0.000251313 -0.000317139 0.000337598 0.00033025 -0.000317139 0.00031603 -0.000328266 -0.000298911 0.00031603 6.6419e-05 -0.000298911 0.00031603 0.000461104 -0.000298911 0.000324532 0.000528339 0.000317139 0.000324532 -0.000261031 0.000317139 0.000324532 0.000133654 0.000317139 0.000324532 0.000607276 0.000317139 0.000360134 -0.00015216 0.000275699 0.000353229 0.000409904 0.000255613 0.000353229 1.5219e-05 0.000255613 0.000337598 9.3439e-05 0.000317139 0.000337598 -0.000301246 0.000317139 0.00031603 -0.000229765 0.000298911 0.000324532 9.7685e-05 -0.000317139 0.000321968 -2.0692e-05 0.000255613 0.000353229 0.000373994 -0.000255613 0.000359167 -7.1891e-05 0.000298911 0.000359167 0.000243857 0.000298911 0.000372497 -0.000369292 0.000298911 0.000337598 -0.00047523 0.000275699 0.000315063 0.000304561 0.000275699 0.000315063 0.000462435 0.000275699 0.000315063 0.000383498 0.000275699 0.000360134 -0.000388971 0.000275699 0.000315063 -0.000405872 0.000275699 0.000315063 -9.0124e-05 0.000275699 0.000360134 0.000400399 -0.000275699 0.000315063 -9.0124e-05 -0.000275699 0.000372497 -0.000290355 -0.000298911 0.000372497 0.000577952 -0.000298911 0.000372497 0.000499015 -0.000298911 0.000372497 0.00010433 -0.000298911 0.000360134 6.775e-05 0.000275699 0.000360134 0.000541372 0.000275699 0.000337598 8.9077e-05 0.000255613 0.000337598 0.000483763 0.000255613 0.000337598 -0.000305608 0.000255613 0.000315063 -0.000388971 -0.000275699 0.000315063 0.000321462 -0.000275699 0.000315063 -0.00015216 -0.000275699 0.000315063 -7.3223e-05 -0.000275699 0.000315063 0.000400399 -0.000275699 0.000315063 0.00063721 -0.000275699 0.000315063 0.000558273 -0.000275699 0.000359167 0.000559605 0.000298911 0.000359167 0.00016492 0.000298911 0.000359167 -0.000229765 0.000298911 0.000372497 -0.000211418 -0.000298911 0.000372497 0.000183267 -0.000298911 0.000353229 0.000531868 -0.000255613 0.000337598 -0.000414659 0.000317139 0.000315063 -0.000388971 0.000275699 0.000315063 0.000321462 0.000275699 0.000315063 -0.00015216 0.000275699 0.000315063 -7.3223e-05 0.000275699 0.000315063 0.000400399 0.000275699 0.000315063 0.000242525 0.000275699 0.000360134 0.00063721 -0.000275699 0.00031603 0.000638542 0.000298911 0.00031603 0.00016492 0.000298911 0.00031603 0.000480668 0.000298911 0.000316456 0.000503485 0.000317139 0.000360134 -0.000467908 -0.000275699 0.000315063 0.000146687 -0.000275699 0.000372497 0.000600631 0.000298911 0.000372497 0.000420078 -0.000298911 0.000372497 0.000262204 -0.000298911 0.000372497 -0.000132481 -0.000298911 0.000372497 0.000341141 -0.000298911 0.000372497 2.5393e-05 -0.000298911 0.000372497 -0.000369292 -0.000298911 0.000359167 -0.000407203 -0.000298911 0.000337598 -0.000252424 -0.000255613 0.000372497 0.000442757 0.000298911 0.000337598 0.000295774 0.000317139 0.000337598 -0.000177848 0.000317139 0.000337598 -9.8911e-05 0.000317139 0.000337598 0.000216837 0.000317139 0.000337598 0.000374711 0.000317139 0.000360134 -0.000326935 0.000275699 0.000360134 0.000146687 0.000275699 0.000372497 0.00036382 0.000298911 0.000372497 -0.000188739 0.000298911 0.000372497 0.000284883 0.000298911 0.000372497 4.8072e-05 0.000298911 0.000372497 -0.000109802 0.000298911 0.000372497 0.000205946 0.000298911 0.000372497 0.00010433 0.000298911 0.000372497 -0.000290355 0.000298911 0.000372497 0.000499015 0.000298911 0.000360134 0.00063721 0.000275699 0.000353229 -0.000221592 -0.000255613 0.000353229 0.000173093 -0.000255613 0.000359167 0.000145356 -0.000298911 0.000359167 -0.000328266 -0.000298911 0.000359167 -0.000466576 0.000298911 0.000316456 0.000582422 0.000317139 0.00031646 0.000596172 -0.000317139 0.00031646 0.00012255 -0.000317139 0.00031646 0.000517235 -0.000317139 0.000337598 0.000615883 -0.000255613 0.000337598 -0.000173487 -0.000255613 0.000337598 0.000221198 -0.000255613 0.000353229 0.000567778 0.000255613 0.000353229 0.000173093 0.000255613 0.000337598 8.9077e-05 -0.000255613 0.000337598 -1.9974e-05 0.000317139 0.00031603 -0.000466576 -0.000298911 0.000359167 0.000618978 -0.000298911 0.000359167 0.000540041 -0.000298911 0.000359167 0.00030323 -0.000298911 0.000359167 0.000461104 -0.000298911 0.000359167 0.000224293 -0.000298911 0.000359167 -0.000249329 -0.000298911 0.000359167 -9.1455e-05 -0.000298911 0.000359167 6.6419e-05 -0.000298911 0.000359167 -0.000170392 -0.000298911 0.000359167 0.000382167 -0.000298911 0.000358741 -0.000364822 -0.000317139 0.000353229 0.000137183 -0.000255613 0.000337598 6.3324e-05 -0.000255613 0.000337598 0.000458009 -0.000255613 0.000337598 -0.000331361 -0.000255613 0.000359167 -0.000407203 0.000298911 0.000337598 6.3324e-05 0.000255613 0.000337598 0.000536946 0.000255613 0.000337598 -0.000463482 0.000255613 0.000337598 -0.000226671 0.000255613 0.000372497 -3.0865e-05 -0.000298911 0.000358741 -0.000351083 0.000317139 0.000358741 4.3602e-05 0.000317139 0.000358741 0.000438287 0.000317139 0.000316456 0.000424548 0.000317139 0.000316456 2.9863e-05 0.000317139 0.000316456 -0.000364822 0.000317139 0.00031646 -0.000272135 -0.000317139 0.00031646 0.000201487 -0.000317139 0.000353229 -2.0692e-05 -0.000255613 0.000353229 -0.000415377 -0.000255613 0.000350665 -0.000418905 -0.000317139 0.000350665 0.000370465 -0.000317139 0.000350665 -0.000182094 -0.000317139 0.000350665 0.000212591 -0.000317139 0.000350665 -0.000103157 -0.000317139 0.000350665 0.000291528 -0.000317139 0.000353229 0.000373994 0.000255613 0.000353229 0.000295057 0.000255613 0.000353229 0.000452931 0.000255613 0.000337598 1.4502e-05 0.000317139 0.000337598 -6.4435e-05 0.000317139 0.000350665 -0.000139126 0.000317139 0.000350665 -0.000375937 0.000317139 0.000337598 0.000409187 0.000317139 0.000337598 0.000251313 0.000317139 0.000337598 -0.00045912 0.000317139 0.000337598 0.00033025 0.000317139 0.000337598 -0.00045912 -0.000317139 0.000337598 0.000168014 0.000255613 0.000337598 0.0005627 0.000255613 0.000353229 0.000295057 -0.000255613 0.000353229 -0.000221592 0.000255613 0.000321968 -0.000415377 -0.000255613 0.00031646 -0.000114261 -0.000317139 0.00031646 0.000359361 -0.000317139 0.00031646 0.000280424 -0.000317139 0.000316456 -4.9074e-05 0.000317139 0.000316456 -0.000128011 0.000317139 0.000316456 0.000266674 0.000317139 0.000316456 0.000345611 0.000317139 0.000316456 -0.000443759 0.000317139 0.000337598 -0.000147734 0.000255613 0.000337598 -6.8797e-05 0.000255613 0.000337598 0.000641637 0.000255613 0.000337598 0.000325889 0.000255613 0.000337598 0.000404826 -0.000255613 0.000337598 0.000404826 0.000255613 0.000337598 -0.000147734 -0.000255613 0.000337598 -6.8797e-05 -0.000255613 0.000337598 0.000325889 -0.000255613 0.000337598 -0.000384545 0.000255613 0.000337598 -0.000463482 -0.000255613 0.000337598 1.014e-05 0.000255613 0.000337598 0.000246952 -0.000255613 0.000337598 0.000246952 0.000255613 0.000337598 0.000641637 -0.000255613 0.000337598 0.000567061 -0.000317139 0.000337598 0.000488124 0.000317139 0.000350665 -0.000218063 -0.000317139 0.000350665 0.000571307 0.000317139 0.000337598 0.000379072 -0.000255613 0.000337598 0.000536946 -0.000255613 0.000337598 -9.455e-05 0.000255613 0.000337598 -0.000410298 0.000255613 0.000337598 -9.455e-05 -0.000255613 0.000337598 -0.000226671 -0.000255613 0.000337598 0.000168014 -0.000255613 0.000372497 -3.0865e-05 0.000298911 0.000337598 -0.000384545 -0.000255613 0.000337598 1.014e-05 -0.000255613 0.000337598 0.0005627 -0.000255613 0.000337598 0.000142261 0.000255613 0.000337598 -0.000331361 0.000255613 0.000316456 -0.000206948 -0.000317139 0.000316456 0.000661359 -0.000317139 0.00031646 -0.000351072 -0.000317139 0.00031646 4.3613e-05 -0.000317139 0.00031646 0.000438298 -0.000317139 0.000316456 0.000187737 0.000317139 0.000316456 0.000661359 0.000317139 0.000316456 -0.000206948 0.000317139 0.000350665 0.000650244 -0.000317139 0.000324532 -0.000297 0.000317139 0.000324532 9.7685e-05 0.000317139 0.000350665 0.000528339 -0.000317139 0.000350665 -0.000261031 -0.000317139 0.000350665 0.000607276 -0.000317139 0.000324532 0.000449402 0.000317139 0.000324532 5.4717e-05 0.000317139 0.000350665 0.000133654 -0.000317139 0.000350665 -0.000339968 -0.000317139 0.000324532 -0.000339968 0.000317139 0.000337598 -1.5613e-05 -0.000255613 0.000337598 -1.5613e-05 0.000255613 0.000358741 0.000661359 0.000317139 0.00031646 -3.5324e-05 -0.000317139 0.000337598 0.000488124 -0.000317139 0.000337598 0.000567061 0.000317139 0.000324532 0.000650244 -0.000317139 0.000350665 -0.000297 0.000317139 0.000350665 9.7685e-05 0.000317139 0.000358741 0.000187737 0.000317139 0.000337598 0.000172376 0.000317139 0.000358741 4.3602e-05 -0.000317139 0.000324532 0.000176622 -0.000317139 0.000350665 0.00049237 0.000317139 0.000350665 0.000176622 -0.000317139 0.000337598 9.3439e-05 -0.000317139 0.000358741 0.000438287 -0.000317139 0.000358741 -0.000206948 0.000317139 0.000337598 -0.000222309 -0.000317139 0.000337598 -0.000222309 0.000317139 0.000337598 -0.000301246 -0.000317139 0.000337598 0.000645998 0.000317139 0.000337598 -1.9974e-05 -0.000317139 0.000337598 -0.000335722 -0.000317139 0.000337598 0.000611522 -0.000317139 0.000337598 -0.000335722 0.000317139 0.000337598 0.000611522 0.000317139 0.000337598 0.0001379 -0.000317139 0.000337598 0.0001379 0.000317139 0.000337598 5.8963e-05 -0.000317139 0.000337598 5.8963e-05 0.000317139 0.000337598 0.000453648 -0.000317139 0.000337598 -0.000256785 -0.000317139 0.000337598 0.000453648 0.000317139 0.000337598 -0.000256785 0.000317139 0.000337598 0.000532585 -0.000317139 0.000337598 0.000532585 0.000317139</float_array>
          <technique_common>
            <accessor source="#FBXASC227FBXASC130FBXASC189FBXASC227FBXASC131FBXASC170FBXASC227FBXASC131FBXASC131FBXASC227FBXASC131FBXASC1373-POSITION-array" count="935" stride="3">
              <param name="X" type="float"/>
              <param name="Y" type="float"/>
              <param name="Z" type="float"/>
            </accessor>
          </technique_common>
        </source>
        <source id="FBXASC227FBXASC130FBXASC189FBXASC227FBXASC131FBXASC170FBXASC227FBXASC131FBXASC131FBXASC227FBXASC131FBXASC1373-Normal0">
          <float_array id="FBXASC227FBXASC130FBXASC189FBXASC227FBXASC131FBXASC170FBXASC227FBXASC131FBXASC131FBXASC227FBXASC131FBXASC1373-Normal0-array" count="17775">
0.000000 -0.358311 -2.514600
-1.008402 -1.387947 -1.873053
-1.257300 -0.358311 -2.177707
-2.251530 0.731566 0.920338
-0.843010 1.160304 2.096337
-0.340472 2.336800 0.935438
-0.340472 2.336800 0.935438
-0.843010 1.160304 2.096337
-0.000000 1.434214 2.096337
0.340472 2.336800 0.935438
-0.000000 1.434214 2.096337
0.843010 1.160304 2.096337
1.391522 1.915266 0.920338
0.843010 1.160304 2.096337
2.251530 0.731566 0.920338
0.000000 -0.358311 -2.514600
0.918288 -0.358311 -2.340931
0.000000 -1.715597 -1.873053
1.631629 0.530149 -1.873053
0.777054 0.358311 -2.391527
1.008402 1.387947 -1.873053
1.008402 1.387947 -1.873053
0.777054 0.358311 -2.391527
-0.000000 1.715597 -1.873053
0.777054 0.358311 -2.391527
-0.777054 0.358311 -2.391527
-0.000000 1.715597 -1.873053
-0.000000 1.715597 -1.873053
-0.777054 0.358311 -2.391527
-0.895225 1.463504 -1.873053
-0.777054 0.358311 -2.391527
-1.631629 0.530149 -1.873053
-1.008402 1.387947 -1.873053
-1.008402 1.387947 -1.873053
-1.631629 0.530149 -1.873053
-2.352490 0.764370 -0.577172
-1.453919 2.001148 -0.577172
-1.008402 1.387947 -1.873053
-2.352490 0.764370 -0.577172
1.008402 1.387947 -1.873053
1.453919 2.001148 -0.577172
1.631629 0.530149 -1.873053
1.631629 0.530149 -1.873053
1.453919 2.001148 -0.577172
2.352490 0.764370 -0.577172
0.000000 -0.358311 -2.514600
-1.008402 -1.387947 -1.873053
-1.257300 -0.358311 -2.177707
-1.008402 1.387947 -1.873053
-1.453919 2.001148 -0.577172
0.112048 0.358311 -2.512102
0.000000 -1.715597 -1.873053
-1.008402 -1.387947 -1.873053
0.000000 -0.358311 -2.514600
0.000000 -0.358311 -2.514600
1.008402 -1.387947 -1.873053
0.000000 -1.715597 -1.873053
1.008402 1.387947 -1.873053
1.384429 0.358311 -2.099183
0.112048 0.358311 -2.512102
0.112048 0.358311 -2.512102
-1.192042 0.358311 -2.214102
-1.008402 1.387947 -1.873053
0.000000 -0.358311 -2.514600
-1.008402 -1.387947 -1.873053
-1.257300 -0.358311 -2.177707
1.008402 -1.387947 -1.873053
0.000000 -0.358311 -2.514600
0.918288 -0.358311 -2.340931
1.008402 1.387947 -1.873053
1.384429 0.358311 -2.099183
0.112048 0.358311 -2.512102
0.112048 0.358311 -2.512102
-1.192042 0.358311 -2.214102
-1.008402 1.387947 -1.873053
1.453919 2.001148 -0.577172
2.352490 0.764370 -0.577172
1.631629 0.530149 -1.873053
0.000000 -0.358311 -2.514600
-1.008402 -1.387947 -1.873053
-1.257300 -0.358311 -2.177707
1.008402 -1.387947 -1.873053
0.000000 -0.358311 -2.514600
0.918288 -0.358311 -2.340931
1.008402 1.387947 -1.873053
1.384429 0.358311 -2.099183
0.112048 0.358311 -2.512102
0.112048 0.358311 -2.512102
-1.192042 0.358311 -2.214102
-1.008402 1.387947 -1.873053
1.453919 2.001148 -0.577172
2.352490 0.764370 -0.577172
1.631629 0.530149 -1.873053
0.000000 -0.358311 -2.514600
-1.008402 -1.387947 -1.873053
-1.257300 -0.358311 -2.177707
1.008402 -1.387947 -1.873053
0.000000 -0.358311 -2.514600
0.918288 -0.358311 -2.340931
1.008402 1.387947 -1.873053
1.384429 0.358311 -2.099183
0.112048 0.358311 -2.512102
0.112048 0.358311 -2.512102
-1.192042 0.358311 -2.214102
-1.008402 1.387947 -1.873053
1.453919 2.001148 -0.577172
2.352490 0.764370 -0.577172
1.631629 0.530149 -1.873053
0.000000 -0.358311 -2.514600
-1.008402 -1.387947 -1.873053
-1.257300 -0.358311 -2.177707
-1.008402 1.387947 -1.873053
-1.453919 2.001148 -0.577172
0.112048 0.358311 -2.512102
0.000000 -1.715597 -1.873053
-1.008402 -1.387947 -1.873053
0.000000 -0.358311 -2.514600
0.112048 0.358311 -2.512102
-1.192042 0.358311 -2.214102
-1.008402 1.387947 -1.873053
0.000000 -0.358311 -2.514600
-1.008402 -1.387947 -1.873053
-1.257300 -0.358311 -2.177707
1.008402 -1.387947 -1.873053
0.000000 -0.358311 -2.514600
0.918288 -0.358311 -2.340931
1.008402 1.387947 -1.873053
1.384429 0.358311 -2.099183
0.112048 0.358311 -2.512102
0.112048 0.358311 -2.512102
-1.192042 0.358311 -2.214102
-1.008402 1.387947 -1.873053
0.000000 -0.358311 -2.514600
-1.008402 -1.387947 -1.873053
-1.257300 -0.358311 -2.177707
0.000000 -0.358311 -2.514600
0.918288 -0.358311 -2.340931
0.000000 -1.715597 -1.873053
1.008402 1.387947 -1.873053
1.384429 0.358311 -2.099183
0.112048 0.358311 -2.512102
0.112048 0.358311 -2.512102
-1.192042 0.358311 -2.214102
-1.008402 1.387947 -1.873053
1.453919 2.001148 -0.577172
2.352490 0.764370 -0.577172
1.631629 0.530149 -1.873053
0.000000 -0.358311 -2.514600
-1.008402 -1.387947 -1.873053
-1.257300 -0.358311 -2.177707
0.000000 -0.358311 -2.514600
0.918288 -0.358311 -2.340931
0.000000 -1.715597 -1.873053
1.008402 1.387947 -1.873053
1.384429 0.358311 -2.099183
0.112048 0.358311 -2.512102
0.112048 0.358311 -2.512102
-1.192042 0.358311 -2.214102
-1.008402 1.387947 -1.873053
1.453919 2.001148 -0.577172
2.352490 0.764370 -0.577172
1.631629 0.530149 -1.873053
0.000000 -0.358311 -2.514600
-1.008402 -1.387947 -1.873053
-1.257300 -0.358311 -2.177707
-1.008402 1.387947 -1.873053
-1.453919 2.001148 -0.577172
0.112048 0.358311 -2.512102
0.000000 -1.715597 -1.873053
-1.008402 -1.387947 -1.873053
0.000000 -0.358311 -2.514600
-1.008402 1.387947 -1.873053
-1.453919 2.001148 -0.577172
0.112048 0.358311 -2.512102
0.000000 -2.473555 -0.577172
0.000000 -2.367399 0.920338
-1.391522 -1.915266 0.920338
0.000000 -0.358311 -2.514600
-1.008402 -1.387947 -1.873053
-1.257300 -0.358311 -2.177707
0.000000 -2.473555 -0.577172
1.391522 -1.915266 0.920338
0.000000 -2.367399 0.920338
1.008402 -1.387947 -1.873053
0.000000 -0.358311 -2.514600
0.918288 -0.358311 -2.340931
1.008402 1.387947 -1.873053
1.384429 0.358311 -2.099183
0.112048 0.358311 -2.512102
0.112048 0.358311 -2.512102
-1.192042 0.358311 -2.214102
-1.008402 1.387947 -1.873053
-0.000000 -0.000000 2.540000
-0.927564 -0.000000 2.364577
-1.398413 -0.000000 2.120387
-1.398413 -0.000000 2.120387
-0.927564 -0.000000 2.364577
-0.113180 -0.000000 2.537477
-0.113180 -0.000000 2.537477
-0.927564 -0.000000 2.364577
-0.000000 -0.000000 2.540000
-0.927564 -0.000000 2.364577
-0.000000 -0.000000 2.540000
-0.000000 -0.000000 2.540000
-0.000000 -0.000000 2.540000
-0.113180 -0.000000 2.537477
-0.927564 -0.000000 2.364577
1.270000 0.000000 2.199704
1.204083 0.000000 2.236467
-0.000000 -0.000000 2.540000
-0.113180 -0.000000 2.537477
-0.000000 -0.000000 2.540000
1.204083 0.000000 2.236467
1.204083 0.000000 2.236467
-0.000000 -0.000000 2.540000
1.270000 0.000000 2.199704
-0.113180 -0.000000 2.537477
-0.000000 -0.000000 2.540000
1.204083 0.000000 2.236467
1.204083 0.000000 2.236467
-0.000000 -0.000000 2.540000
1.270000 0.000000 2.199704
1.270000 0.000000 2.199704
1.204083 0.000000 2.236467
-0.000000 -0.000000 2.540000
-0.000000 -0.000000 2.540000
1.204083 0.000000 2.236467
-0.113180 -0.000000 2.537477
-2.287898 -0.000000 1.103232
-1.727005 -0.000000 1.862539
-1.398413 -0.000000 2.120387
-1.398413 -0.000000 2.120387
-0.927564 -0.000000 2.364577
-0.113180 -0.000000 2.537477
-0.113180 -0.000000 2.537477
-0.927564 -0.000000 2.364577
0.000000 0.000000 2.540000
-0.113180 -0.000000 2.537477
0.000000 0.000000 2.540000
1.204083 0.000000 2.236467
1.204083 0.000000 2.236467
0.000000 0.000000 2.540000
1.270000 0.000000 2.199704
-2.287898 -0.000000 1.103232
-1.727005 -0.000000 1.862539
-1.398413 -0.000000 2.120387
0.000000 0.000000 2.540000
-0.113180 -0.000000 2.537477
-0.927564 -0.000000 2.364577
-0.927564 -0.000000 2.364577
-0.113180 -0.000000 2.537477
-1.398413 -0.000000 2.120387
1.270000 0.000000 2.199704
1.204083 0.000000 2.236467
0.000000 0.000000 2.540000
0.000000 0.000000 2.540000
1.204083 0.000000 2.236467
-0.113180 -0.000000 2.537477
1.270000 0.000000 2.199704
1.204083 0.000000 2.236467
0.000000 0.000000 2.540000
0.000000 0.000000 2.540000
1.204083 0.000000 2.236467
-0.113180 -0.000000 2.537477
1.270000 0.000000 2.199704
1.204083 0.000000 2.236467
0.000000 0.000000 2.540000
0.000000 0.000000 2.540000
1.204083 0.000000 2.236467
-0.113180 -0.000000 2.537477
-0.113180 -0.000000 2.537477
-0.000000 -0.000000 2.540000
1.204083 0.000000 2.236467
1.204083 0.000000 2.236467
-0.000000 -0.000000 2.540000
1.270000 0.000000 2.199704
-2.287898 -0.000000 1.103232
-1.727005 -0.000000 1.862539
-1.398413 -0.000000 2.120387
-0.000000 -0.000000 2.540000
-0.113180 -0.000000 2.537477
-0.927564 -0.000000 2.364577
-0.927564 -0.000000 2.364577
-0.113180 -0.000000 2.537477
-1.398413 -0.000000 2.120387
1.270000 0.000000 2.199704
1.204083 0.000000 2.236467
-0.000000 -0.000000 2.540000
-0.000000 -0.000000 2.540000
1.204083 0.000000 2.236467
-0.113180 -0.000000 2.537477
-2.287898 -0.000000 1.103232
-1.727005 -0.000000 1.862539
-1.398413 -0.000000 2.120387
-1.398413 -0.000000 2.120387
-0.927564 -0.000000 2.364577
-0.113180 -0.000000 2.537477
-0.113180 -0.000000 2.537477
-0.927564 -0.000000 2.364577
-0.000000 -0.000000 2.540000
-0.113180 -0.000000 2.537477
-0.000000 -0.000000 2.540000
1.204083 0.000000 2.236467
1.204083 0.000000 2.236467
-0.000000 -0.000000 2.540000
1.270000 0.000000 2.199704
-2.287898 -0.000000 1.103232
-1.727005 -0.000000 1.862539
-1.398413 -0.000000 2.120387
-1.398413 -0.000000 2.120387
-0.927564 -0.000000 2.364577
-0.113180 -0.000000 2.537477
-0.113180 -0.000000 2.537477
-0.927564 -0.000000 2.364577
-0.000000 -0.000000 2.540000
1.270000 0.000000 2.199704
1.204083 0.000000 2.236467
-0.000000 -0.000000 2.540000
-0.000000 -0.000000 2.540000
1.204083 0.000000 2.236467
-0.113180 -0.000000 2.537477
-0.113180 -0.000000 2.537477
-0.000000 -0.000000 2.540000
1.204083 0.000000 2.236467
1.204083 0.000000 2.236467
-0.000000 -0.000000 2.540000
1.270000 0.000000 2.199704
-0.113180 -0.000000 2.537477
-0.000000 -0.000000 2.540000
1.204083 0.000000 2.236467
1.204083 0.000000 2.236467
-0.000000 -0.000000 2.540000
1.270000 0.000000 2.199704
-0.000000 2.367399 0.920338
1.453919 2.001148 -0.577172
-0.000000 2.473555 -0.577172
-0.000000 2.367399 0.920338
-0.000000 2.473555 -0.577172
-1.391522 1.915266 0.920338
-1.257300 -0.358311 2.177707
-1.008402 -1.387947 1.873053
0.000000 -0.358311 2.514600
-1.631629 0.530149 1.873053
-0.777054 0.358311 2.391527
-1.008402 1.387947 1.873053
-0.000000 1.715597 1.873053
-0.777054 0.358311 2.391527
0.777054 0.358311 2.391527
0.777054 0.358311 2.391527
1.631629 0.530149 1.873053
1.008402 1.387947 1.873053
1.008402 -1.387947 1.873053
1.003080 -0.358311 2.305871
0.000000 -0.358311 2.514600
0.639877 2.336800 -0.762576
0.843010 1.160304 -2.096337
-0.000000 1.434214 -2.096337
-0.000000 2.336800 -0.995473
-0.000000 1.434214 -2.096337
-0.843010 1.160304 -2.096337
-1.391522 1.915266 -0.920338
-0.843010 1.160304 -2.096337
-2.251530 0.731566 -0.920338
-1.631629 0.530149 1.873053
-1.453919 2.001148 0.577172
-2.352490 0.764370 0.577172
-1.453919 2.001148 0.577172
-1.391522 1.915266 -0.920338
-2.352490 0.764370 0.577172
1.631629 0.530149 1.873053
2.352490 0.764370 0.577172
1.008402 1.387947 1.873053
-1.257300 -0.358311 2.177707
-1.008402 -1.387947 1.873053
0.000000 -0.358311 2.514600
-1.008402 1.387947 1.873053
0.276691 0.358311 2.499331
-0.000000 1.715597 1.873053
2.352490 0.764370 0.577172
1.453919 2.001148 0.577172
1.008402 1.387947 1.873053
1.631629 -0.530149 1.873053
1.453919 -2.001148 0.577172
2.352490 -0.764370 0.577172
0.000000 -0.358311 2.514600
-1.008402 -1.387947 1.873053
0.000000 -1.715597 1.873053
-1.008402 1.387947 1.873053
-1.093977 0.358311 2.264161
0.276691 0.358311 2.499331
1.631629 -0.530149 1.873053
1.453919 -2.001148 0.577172
2.352490 -0.764370 0.577172
1.631629 0.530149 1.873053
2.352490 0.764370 0.577172
1.008402 1.387947 1.873053
-1.257300 -0.358311 2.177707
-1.008402 -1.387947 1.873053
0.000000 -0.358311 2.514600
-1.008402 1.387947 1.873053
-1.093977 0.358311 2.264161
0.276691 0.358311 2.499331
2.352490 0.764370 0.577172
1.008402 1.387947 1.873053
1.631629 0.530149 1.873053
1.008402 1.387947 1.873053
0.276691 0.358311 2.499331
1.631629 0.530149 1.873053
1.008402 -1.387947 1.873053
1.003080 -0.358311 2.305871
0.000000 -0.358311 2.514600
1.631629 -0.530149 1.873053
1.453919 -2.001148 0.577172
2.352490 -0.764370 0.577172
-1.257300 -0.358311 2.177707
-1.008402 -1.387947 1.873053
0.000000 -0.358311 2.514600
-1.008402 1.387947 1.873053
-1.093977 0.358311 2.264161
0.276691 0.358311 2.499331
2.352490 0.764370 0.577172
1.008402 1.387947 1.873053
1.631629 0.530149 1.873053
1.008402 1.387947 1.873053
0.276691 0.358311 2.499331
1.631629 0.530149 1.873053
1.008402 -1.387947 1.873053
1.003080 -0.358311 2.305871
0.000000 -0.358311 2.514600
1.631629 -0.530149 1.873053
1.453919 -2.001148 0.577172
2.352490 -0.764370 0.577172
-1.257300 -0.358311 2.177707
-1.008402 -1.387947 1.873053
0.000000 -0.358311 2.514600
-1.008402 1.387947 1.873053
-1.093977 0.358311 2.264161
0.276691 0.358311 2.499331
2.352490 0.764370 0.577172
1.453919 2.001148 0.577172
1.631629 0.530149 1.873053
1.008402 1.387947 1.873053
0.276691 0.358311 2.499331
1.631629 0.530149 1.873053
1.008402 -1.387947 1.873053
1.003080 -0.358311 2.305871
0.000000 -0.358311 2.514600
1.631629 -0.530149 1.873053
1.453919 -2.001148 0.577172
2.352490 -0.764370 0.577172
-1.257300 -0.358311 2.177707
-1.008402 -1.387947 1.873053
0.000000 -0.358311 2.514600
-1.008402 1.387947 1.873053
0.276691 0.358311 2.499331
-0.000000 1.715597 1.873053
2.352490 0.764370 0.577172
1.453919 2.001148 0.577172
1.008402 1.387947 1.873053
1.631629 -0.530149 1.873053
1.453919 -2.001148 0.577172
2.352490 -0.764370 0.577172
-1.008402 -1.387947 1.873053
-1.453919 -2.001148 0.577172
0.000000 -0.358311 2.514600
-1.008402 1.387947 1.873053
0.276691 0.358311 2.499331
-0.000000 1.715597 1.873053
1.631629 -0.530149 1.873053
1.453919 -2.001148 0.577172
2.352490 -0.764370 0.577172
1.631629 0.530149 1.873053
2.352490 0.764370 0.577172
1.008402 1.387947 1.873053
-1.257300 -0.358311 2.177707
-1.008402 -1.387947 1.873053
0.000000 -0.358311 2.514600
-1.008402 1.387947 1.873053
-1.093977 0.358311 2.264161
0.276691 0.358311 2.499331
1.631629 -0.530149 1.873053
1.453919 -2.001148 0.577172
2.352490 -0.764370 0.577172
1.631629 0.530149 1.873053
2.352490 0.764370 0.577172
1.008402 1.387947 1.873053
-1.257300 -0.358311 2.177707
-1.008402 -1.387947 1.873053
0.000000 -0.358311 2.514600
-1.008402 1.387947 1.873053
-1.093977 0.358311 2.264161
0.276691 0.358311 2.499331
1.008402 1.387947 1.873053
0.276691 0.358311 2.499331
1.631629 0.530149 1.873053
1.008402 -1.387947 1.873053
1.003080 -0.358311 2.305871
0.000000 -0.358311 2.514600
1.631629 -0.530149 1.873053
1.453919 -2.001148 0.577172
2.352490 -0.764370 0.577172
1.631629 0.530149 1.873053
2.352490 0.764370 0.577172
1.008402 1.387947 1.873053
-1.257300 -0.358311 2.177707
-1.008402 -1.387947 1.873053
0.000000 -0.358311 2.514600
-1.008402 1.387947 1.873053
-1.093977 0.358311 2.264161
0.276691 0.358311 2.499331
2.352490 0.764370 0.577172
1.453919 2.001148 0.577172
1.631629 0.530149 1.873053
1.008402 1.387947 1.873053
0.276691 0.358311 2.499331
1.631629 0.530149 1.873053
1.008402 -1.387947 1.873053
1.003080 -0.358311 2.305871
0.000000 -0.358311 2.514600
1.631629 -0.530149 1.873053
1.453919 -2.001148 0.577172
2.352490 -0.764370 0.577172
-1.257300 -0.358311 2.177707
-1.008402 -1.387947 1.873053
0.000000 -0.358311 2.514600
-1.008402 1.387947 1.873053
0.276691 0.358311 2.499331
-0.000000 1.715597 1.873053
2.352490 0.764370 0.577172
1.453919 2.001148 0.577172
1.008402 1.387947 1.873053
1.631629 -0.530149 1.873053
1.453919 -2.001148 0.577172
2.352490 -0.764370 0.577172
0.000000 -0.358311 2.514600
-1.008402 -1.387947 1.873053
0.000000 -1.715597 1.873053
-1.008402 1.387947 1.873053
0.276691 0.358311 2.499331
-0.000000 1.715597 1.873053
1.008402 1.387947 1.873053
2.352490 0.764370 0.577172
-0.000000 1.715597 1.873053
1.631629 -0.530149 1.873053
1.453919 -2.001148 0.577172
2.352490 -0.764370 0.577172
-1.257300 -0.358311 2.177707
-1.008402 -1.387947 1.873053
0.000000 -0.358311 2.514600
0.000000 -2.473555 0.577172
-1.453919 -2.001148 0.577172
0.000000 -2.367399 -0.920338
-1.008402 1.387947 1.873053
-1.093977 0.358311 2.264161
0.276691 0.358311 2.499331
1.631629 -0.530149 1.873053
1.453919 -2.001148 0.577172
2.352490 -0.764370 0.577172
0.000000 -2.473555 0.577172
0.000000 -2.367399 -0.920338
1.391522 -1.915266 -0.920338
1.631629 0.530149 1.873053
2.352490 0.764370 0.577172
1.008402 1.387947 1.873053
-2.054903 -0.000000 -1.492975
-2.540000 -0.000000 -0.000000
-2.054903 -0.000000 -1.492975
-0.784903 -0.000000 -2.415684
-2.054903 -0.000000 -1.492975
-0.784903 -0.000000 -2.415684
-0.784903 -0.000000 -2.415684
0.784903 0.000000 -2.415684
-0.784903 -0.000000 -2.415684
2.054903 0.000000 -1.492975
0.784903 0.000000 -2.415684
2.054903 0.000000 -1.492975
2.540000 0.000000 -0.000000
2.540000 0.000000 -0.000000
2.054903 0.000000 -1.492975
1.105028 0.000000 -2.287032
1.270000 0.000000 -2.199704
0.000000 0.000000 -2.540000
-2.394735 -0.000000 -0.846667
-1.858218 -0.000000 -1.731654
-2.394735 -0.000000 -0.846667
1.105028 0.000000 -2.287032
1.270000 0.000000 -2.199704
-0.279486 -0.000000 -2.524577
-0.279486 -0.000000 -2.524577
1.270000 0.000000 -2.199704
-0.000000 -0.000000 -2.540000
-2.394735 -0.000000 -0.846667
-1.578515 -0.000000 -1.989947
-2.394735 -0.000000 -0.846667
-1.578515 -0.000000 -1.989947
-1.858218 -0.000000 -1.731654
-2.394735 -0.000000 -0.846667
1.105028 0.000000 -2.287032
1.270000 0.000000 -2.199704
-0.279486 -0.000000 -2.524577
-0.279486 -0.000000 -2.524577
1.270000 0.000000 -2.199704
-0.000000 -0.000000 -2.540000
-2.394735 -0.000000 -0.846667
-2.394735 -0.000000 -0.846667
-1.858218 -0.000000 -1.731654
-1.858218 -0.000000 -1.731654
-2.394735 -0.000000 -0.846667
-1.578515 -0.000000 -1.989947
1.270000 0.000000 -2.199704
0.000000 0.000000 -2.540000
1.105028 0.000000 -2.287032
0.000000 0.000000 -2.540000
-0.279486 -0.000000 -2.524577
1.105028 0.000000 -2.287032
-0.279486 -0.000000 -2.524577
0.000000 0.000000 -2.540000
-1.013213 -0.000000 -2.329163
-1.578515 -0.000000 -1.989947
-1.858218 -0.000000 -1.731654
-2.394735 -0.000000 -0.846667
-2.394735 -0.000000 -0.846667
-1.858218 -0.000000 -1.731654
-2.394735 -0.000000 -0.846667
1.105028 0.000000 -2.287032
1.270000 0.000000 -2.199704
-0.279486 -0.000000 -2.524577
-0.279486 -0.000000 -2.524577
1.270000 0.000000 -2.199704
0.000000 0.000000 -2.540000
-1.013213 -0.000000 -2.329163
-1.578515 -0.000000 -1.989947
0.000000 0.000000 -2.540000
0.000000 0.000000 -2.540000
-1.578515 -0.000000 -1.989947
-0.279486 -0.000000 -2.524577
-2.394735 -0.000000 -0.846667
-2.394735 -0.000000 -0.846667
-1.858218 -0.000000 -1.731654
-1.858218 -0.000000 -1.731654
-2.394735 -0.000000 -0.846667
-1.578515 -0.000000 -1.989947
0.000000 0.000000 -2.540000
-0.279486 -0.000000 -2.524577
1.270000 0.000000 -2.199704
1.270000 0.000000 -2.199704
-0.279486 -0.000000 -2.524577
1.105028 0.000000 -2.287032
-0.279486 -0.000000 -2.524577
-1.013213 -0.000000 -2.329163
-1.578515 -0.000000 -1.989947
-1.578515 -0.000000 -1.989947
-1.858218 -0.000000 -1.731654
-2.394735 -0.000000 -0.846667
-2.394735 -0.000000 -0.846667
-1.858218 -0.000000 -1.731654
-2.394735 -0.000000 -0.846667
1.105028 0.000000 -2.287032
1.270000 0.000000 -2.199704
-0.279486 -0.000000 -2.524577
-0.279486 -0.000000 -2.524577
1.270000 0.000000 -2.199704
0.000000 0.000000 -2.540000
-2.394735 -0.000000 -0.846667
-1.578515 -0.000000 -1.989947
-2.394735 -0.000000 -0.846667
-1.578515 -0.000000 -1.989947
-1.858218 -0.000000 -1.731654
-2.394735 -0.000000 -0.846667
0.000000 0.000000 -2.540000
-0.279486 -0.000000 -2.524577
1.270000 0.000000 -2.199704
1.270000 0.000000 -2.199704
-0.279486 -0.000000 -2.524577
1.105028 0.000000 -2.287032
-1.858218 -0.000000 -1.731654
-2.394735 -0.000000 -0.846667
-1.578515 -0.000000 -1.989947
-2.394735 -0.000000 -0.846667
-2.394735 -0.000000 -0.846667
-1.578515 -0.000000 -1.989947
1.105028 0.000000 -2.287032
1.270000 0.000000 -2.199704
-0.279486 -0.000000 -2.524577
-0.279486 -0.000000 -2.524577
1.270000 0.000000 -2.199704
0.000000 0.000000 -2.540000
-0.279486 -0.000000 -2.524577
0.000000 0.000000 -2.540000
-1.013213 -0.000000 -2.329163
-1.578515 -0.000000 -1.989947
-1.858218 -0.000000 -1.731654
-2.394735 -0.000000 -0.846667
-2.394735 -0.000000 -0.846667
-1.858218 -0.000000 -1.731654
-2.394735 -0.000000 -0.846667
1.105028 0.000000 -2.287032
1.270000 0.000000 -2.199704
-0.279486 -0.000000 -2.524577
-0.279486 -0.000000 -2.524577
1.270000 0.000000 -2.199704
0.000000 0.000000 -2.540000
-1.013213 -0.000000 -2.329163
-1.578515 -0.000000 -1.989947
0.000000 0.000000 -2.540000
0.000000 0.000000 -2.540000
-1.578515 -0.000000 -1.989947
-0.279486 -0.000000 -2.524577
-2.394735 -0.000000 -0.846667
-2.394735 -0.000000 -0.846667
-1.858218 -0.000000 -1.731654
-1.858218 -0.000000 -1.731654
-2.394735 -0.000000 -0.846667
-1.578515 -0.000000 -1.989947
1.105028 0.000000 -2.287032
1.270000 0.000000 -2.199704
-0.279486 -0.000000 -2.524577
-0.279486 -0.000000 -2.524577
1.270000 0.000000 -2.199704
0.000000 0.000000 -2.540000
0.000000 0.000000 -2.540000
-1.013213 -0.000000 -2.329163
-0.279486 -0.000000 -2.524577
-1.013213 -0.000000 -2.329163
-1.578515 -0.000000 -1.989947
-0.279486 -0.000000 -2.524577
-2.394735 -0.000000 -0.846667
-2.394735 -0.000000 -0.846667
-1.858218 -0.000000 -1.731654
-1.858218 -0.000000 -1.731654
-2.394735 -0.000000 -0.846667
-1.578515 -0.000000 -1.989947
1.105028 0.000000 -2.287032
1.270000 0.000000 -2.199704
-0.279486 -0.000000 -2.524577
-0.279486 -0.000000 -2.524577
1.270000 0.000000 -2.199704
-0.000000 -0.000000 -2.540000
-0.279486 -0.000000 -2.524577
-1.013213 -0.000000 -2.329163
-1.578515 -0.000000 -1.989947
-1.578515 -0.000000 -1.989947
-1.858218 -0.000000 -1.731654
-2.394735 -0.000000 -0.846667
-2.394735 -0.000000 -0.846667
-1.858218 -0.000000 -1.731654
-2.394735 -0.000000 -0.846667
-0.000000 -0.000000 -2.540000
-0.279486 -0.000000 -2.524577
1.270000 0.000000 -2.199704
1.270000 0.000000 -2.199704
-0.279486 -0.000000 -2.524577
1.105028 0.000000 -2.287032
-2.394735 -0.000000 -0.846667
-2.394735 -0.000000 -0.846667
-1.858218 -0.000000 -1.731654
-1.858218 -0.000000 -1.731654
-2.394735 -0.000000 -0.846667
-1.578515 -0.000000 -1.989947
-0.000000 2.367399 -0.920338
-1.453919 2.001148 0.577172
-0.000000 2.473555 0.577172
-0.000000 2.473555 0.577172
1.391522 1.915266 -0.920338
-0.000000 2.367399 -0.920338
0.000000 0.000000 -2.540000
0.000000 0.000000 -2.540000
0.000000 0.000000 -2.540000
0.000000 0.000000 -2.540000
0.000000 0.000000 -2.540000
0.000000 0.000000 -2.540000
0.000000 0.000000 -2.540000
0.000000 0.000000 -2.540000
0.000000 0.000000 -2.540000
0.000000 0.000000 -2.540000
0.000000 0.000000 -2.540000
0.000000 0.000000 -2.540000
0.000000 0.000000 -2.540000
0.000000 0.000000 -2.540000
0.000000 0.000000 -2.540000
0.000000 0.000000 -2.540000
0.000000 0.000000 -2.540000
0.000000 0.000000 -2.540000
0.000000 0.000000 -2.540000
0.000000 0.000000 -2.540000
0.000000 0.000000 -2.540000
1.105028 0.000000 -2.287032
1.270000 0.000000 -2.199704
-0.279486 -0.000000 -2.524577
-0.279486 -0.000000 -2.524577
1.270000 0.000000 -2.199704
-0.000000 -0.000000 -2.540000
-1.858218 -0.000000 -1.731654
-2.394735 -0.000000 -0.846667
-0.000000 -0.000000 -2.540000
-0.000000 -0.000000 -2.540000
-2.394735 -0.000000 -0.846667
-1.578515 -0.000000 -1.989947
0.000000 -2.540000 0.000000
0.000000 -2.540000 0.000000
0.000000 -2.540000 0.000000
0.000000 -2.540000 0.000000
0.000000 -2.540000 0.000000
0.000000 -2.540000 0.000000
2.540000 0.000000 0.000000
2.540000 0.000000 0.000000
2.054903 0.000000 1.492975
2.054903 0.000000 1.492975
2.054903 0.000000 1.492975
0.784903 0.000000 2.415684
0.784903 0.000000 2.415684
0.784903 0.000000 2.415684
-0.784903 -0.000000 2.415684
-0.784903 -0.000000 2.415684
-0.784903 -0.000000 2.415684
-2.054903 -0.000000 1.492975
-2.540000 -0.000000 -0.000000
-2.054903 -0.000000 1.492975
-2.540000 -0.000000 -0.000000
0.000000 -2.540000 0.000000
0.000000 -2.540000 0.000000
0.000000 -2.540000 0.000000
0.000000 -2.540000 0.000000
0.000000 -2.540000 0.000000
0.000000 -2.540000 0.000000
0.000000 -2.540000 0.000000
0.000000 -2.540000 0.000000
0.000000 -2.540000 0.000000
2.054903 0.000000 1.492975
2.540000 0.000000 0.000000
2.054903 0.000000 1.492975
2.540000 0.000000 0.000000
2.540000 0.000000 0.000000
2.540000 0.000000 0.000000
-0.000000 -0.000000 2.540000
-0.000000 -0.000000 2.540000
-1.398413 -0.000000 2.120387
0.000000 -2.540000 0.000000
0.000000 -2.540000 0.000000
0.000000 -2.540000 0.000000
0.000000 0.000000 -2.540000
0.000000 0.000000 -2.540000
0.000000 0.000000 -2.540000
2.352490 -0.764370 0.577172
1.391522 -1.915266 -0.920338
2.251530 -0.731566 -0.920338
-2.251530 -0.731566 -0.920338
-1.364019 -0.443197 -2.096337
-1.391522 -1.915266 -0.920338
2.251530 0.731566 0.920338
2.352490 0.764370 -0.577172
1.391522 1.915266 0.920338
-2.251530 0.731566 0.920338
-1.364019 0.443197 2.096337
-1.391522 1.915266 0.920338
-0.000000 1.434214 2.096337
1.391522 1.915266 0.920338
-0.000000 2.367399 0.920338
-1.453919 2.001148 -0.577172
-0.000000 2.473555 -0.577172
-1.008402 1.387947 -1.873053
-1.578515 -0.000000 -1.989947
-1.858218 -0.000000 -1.731654
-2.394735 -0.000000 -0.846667
-0.000000 -0.000000 2.540000
1.204083 0.000000 2.236467
-0.113180 -0.000000 2.537477
0.000000 0.000000 -2.540000
0.000000 0.000000 -2.540000
0.000000 0.000000 -2.540000
0.000000 0.000000 -2.540000
0.000000 0.000000 -2.540000
0.000000 0.000000 -2.540000
2.251530 0.731566 0.920338
2.251530 -0.731566 0.920338
2.352490 -0.764370 -0.577172
-1.391522 -1.915266 0.920338
-0.843010 -1.160304 2.096337
-2.251530 -0.731566 0.920338
2.352490 -0.764370 0.577172
1.391522 -1.915266 -0.920338
2.251530 -0.731566 -0.920338
-2.251530 -0.731566 -0.920338
-1.364019 -0.443197 -2.096337
-1.391522 -1.915266 -0.920338
-2.540000 -0.000000 -0.000000
-2.540000 -0.000000 -0.000000
-2.540000 -0.000000 -0.000000
1.161664 0.000000 -2.258791
1.161664 0.000000 -2.258791
1.161664 0.000000 -2.258791
0.000000 -2.540000 0.000000
0.000000 -2.540000 0.000000
0.000000 -2.540000 0.000000
-2.054903 -0.000000 1.492975
-2.054903 -0.000000 1.492975
-2.540000 -0.000000 -0.000000
2.352490 -0.764370 0.577172
1.391522 -1.915266 -0.920338
2.251530 -0.731566 -0.920338
-2.251530 -0.731566 -0.920338
-1.364019 -0.443197 -2.096337
-1.391522 -1.915266 -0.920338
0.000000 -1.715597 -1.873053
0.000000 -0.358311 -2.514600
1.008402 -1.387947 -1.873053
-2.251530 0.731566 0.920338
-1.364019 0.443197 2.096337
-1.391522 1.915266 0.920338
-2.251530 0.731566 0.920338
-1.364019 0.443197 2.096337
-1.391522 1.915266 0.920338
1.008402 1.387947 -1.873053
0.112048 0.358311 -2.512102
-0.000000 1.715597 -1.873053
-2.251530 -0.731566 -0.920338
-1.364019 -0.443197 -2.096337
-1.391522 -1.915266 -0.920338
2.352490 -0.764370 0.577172
1.391522 -1.915266 -0.920338
2.251530 -0.731566 -0.920338
2.352490 -0.764370 0.577172
1.391522 -1.915266 -0.920338
2.251530 -0.731566 -0.920338
-2.251530 -0.731566 -0.920338
-1.364019 -0.443197 -2.096337
-1.391522 -1.915266 -0.920338
1.453919 2.001148 0.577172
2.352490 0.764370 0.577172
2.251530 0.731566 -0.920338
-0.843010 1.160304 -2.096337
-2.250753 0.733953 -0.920338
-1.391522 1.915266 -0.920338
-2.251530 0.731566 0.920338
-1.364019 0.443197 2.096337
-1.391522 1.915266 0.920338
0.000000 -0.358311 -2.514600
0.918288 -0.358311 -2.340931
0.000000 -1.715597 -1.873053
2.352490 -0.764370 0.577172
1.391522 -1.915266 -0.920338
2.251530 -0.731566 -0.920338
-1.364019 -0.443197 -2.096337
-0.843010 -1.160304 -2.096337
-2.251530 -0.731566 -0.920338
2.251530 0.731566 0.920338
2.352490 0.764370 -0.577172
1.391522 1.915266 0.920338
-2.251530 0.731566 0.920338
-1.364019 0.443197 2.096337
-1.391522 1.915266 0.920338
1.453919 2.001148 -0.577172
1.631629 0.530149 -1.873053
1.008402 1.387947 -1.873053
-2.251530 0.731566 0.920338
-1.364019 0.443197 2.096337
-1.391522 1.915266 0.920338
2.251530 0.731566 0.920338
2.352490 0.764370 -0.577172
1.391522 1.915266 0.920338
-2.251530 0.731566 0.920338
-1.364019 0.443197 2.096337
-1.391522 1.915266 0.920338
-1.161664 -0.000000 -2.258791
-1.161664 -0.000000 -2.258791
-1.161664 -0.000000 -2.258791
0.784903 0.000000 -2.415684
0.784903 0.000000 -2.415684
-0.784903 -0.000000 -2.415684
-1.161664 -0.000000 -2.258791
-1.161664 -0.000000 -2.258791
-1.161664 -0.000000 -2.258791
0.000000 -2.540000 0.000000
0.000000 -2.540000 0.000000
0.000000 -2.540000 0.000000
2.352490 -0.764370 0.577172
1.391522 -1.915266 -0.920338
2.251530 -0.731566 -0.920338
-2.251530 -0.731566 -0.920338
-1.364019 -0.443197 -2.096337
-1.391522 -1.915266 -0.920338
2.352490 -0.764370 0.577172
1.391522 -1.915266 -0.920338
2.251530 -0.731566 -0.920338
-2.251530 -0.731566 -0.920338
-1.364019 -0.443197 -2.096337
-1.391522 -1.915266 -0.920338
-2.251530 -0.731566 -0.920338
-1.364019 -0.443197 -2.096337
-1.391522 -1.915266 -0.920338
2.352490 -0.764370 0.577172
1.391522 -1.915266 -0.920338
2.251530 -0.731566 -0.920338
-0.843010 1.160304 -2.096337
-2.250753 0.733953 -0.920338
-1.391522 1.915266 -0.920338
2.352490 0.764370 0.577172
2.251530 0.731566 -0.920338
1.453919 2.001148 0.577172
1.453919 -2.001148 0.577172
0.000000 -2.473555 0.577172
1.391522 -1.915266 -0.920338
-1.453919 -2.001148 0.577172
0.000000 -2.473555 0.577172
-1.008402 -1.387947 1.873053
1.453919 -2.001148 0.577172
1.391522 -1.915266 -0.920338
2.352490 -0.764370 0.577172
-1.453919 -2.001148 0.577172
-1.008402 -1.387947 1.873053
-2.352490 -0.764370 0.577172
1.364019 0.443197 -2.096337
1.391522 1.915266 -0.920338
1.453919 2.001148 0.577172
2.251530 0.731566 -0.920338
1.364019 0.443197 -2.096337
1.453919 2.001148 0.577172
0.000000 -2.540000 0.000000
0.000000 -2.540000 0.000000
0.000000 -2.540000 0.000000
2.540000 0.000000 0.000000
2.540000 0.000000 0.000000
2.540000 0.000000 -0.000000
2.540000 0.000000 0.000000
2.540000 0.000000 0.000000
2.540000 0.000000 0.000000
-2.540000 -0.000000 -0.000000
-2.540000 -0.000000 -0.000000
-2.540000 -0.000000 -0.000000
2.540000 0.000000 0.000000
2.540000 0.000000 0.000000
2.540000 0.000000 0.000000
1.161664 0.000000 -2.258791
1.161664 0.000000 -2.258791
1.161664 0.000000 -2.258791
1.161664 0.000000 -2.258791
1.161664 0.000000 -2.258791
1.161664 0.000000 -2.258791
-2.540000 -0.000000 -0.000000
-2.540000 -0.000000 -0.000000
-2.054903 -0.000000 -1.492975
0.000000 -2.540000 0.000000
0.000000 -2.540000 0.000000
0.000000 -2.540000 0.000000
-0.000000 2.540000 -0.000000
-0.000000 2.540000 -0.000000
-0.000000 2.540000 -0.000000
0.000000 0.000000 -2.540000
0.000000 0.000000 -2.540000
0.000000 0.000000 -2.540000
1.161664 0.000000 2.258791
1.161664 0.000000 2.258791
1.161664 0.000000 2.258791
1.161664 0.000000 2.258791
1.161664 0.000000 2.258791
1.161664 0.000000 2.258791
2.540000 0.000000 0.000000
2.540000 0.000000 0.000000
2.540000 0.000000 0.000000
2.540000 0.000000 0.000000
2.540000 0.000000 0.000000
2.540000 0.000000 0.000000
1.161664 0.000000 -2.258791
1.161664 0.000000 -2.258791
1.161664 0.000000 -2.258791
-1.161664 -0.000000 -2.258791
-1.161664 -0.000000 -2.258791
-1.161664 -0.000000 -2.258791
0.000000 -2.540000 0.000000
0.000000 -2.540000 0.000000
0.000000 -2.540000 0.000000
1.161664 0.000000 2.258791
1.161664 0.000000 2.258791
1.161664 0.000000 2.258791
2.540000 0.000000 0.000000
2.540000 0.000000 0.000000
2.540000 0.000000 0.000000
2.540000 0.000000 0.000000
2.540000 0.000000 0.000000
2.540000 0.000000 0.000000
-1.161664 -0.000000 2.258791
-1.161664 -0.000000 2.258791
-1.161664 -0.000000 2.258791
1.161664 0.000000 2.258791
1.161664 0.000000 2.258791
1.161664 0.000000 2.258791
2.540000 0.000000 0.000000
2.540000 0.000000 0.000000
2.540000 0.000000 0.000000
-0.000000 -0.000000 2.540000
-0.000000 -0.000000 2.540000
-0.000000 -0.000000 2.540000
-2.251530 0.731566 0.920338
-1.364019 0.443197 2.096337
-1.391522 1.915266 0.920338
0.000000 -0.358311 -2.514600
1.008402 -1.387947 -1.873053
0.000000 -1.715597 -1.873053
-2.251530 0.731566 0.920338
-1.364019 0.443197 2.096337
-1.391522 1.915266 0.920338
-0.000000 1.715597 -1.873053
1.008402 1.387947 -1.873053
0.112048 0.358311 -2.512102
1.161664 0.000000 2.258791
1.161664 0.000000 2.258791
1.161664 0.000000 2.258791
-0.000000 2.540000 -0.000000
-0.000000 2.540000 -0.000000
-0.000000 2.540000 -0.000000
2.352490 -0.764370 -0.577172
2.251530 0.731566 0.920338
1.453919 -2.001148 -0.577172
-2.251530 0.731566 0.920338
-1.364019 0.443197 2.096337
-1.391522 1.915266 0.920338
2.352490 0.764370 0.577172
2.251530 0.731566 -0.920338
1.453919 2.001148 0.577172
-0.000000 2.473555 0.577172
1.453919 2.001148 0.577172
1.391522 1.915266 -0.920338
1.391522 -1.915266 -0.920338
2.352490 -0.764370 0.577172
1.453919 -2.001148 0.577172
-0.000000 2.367399 -0.920338
-1.391522 1.915266 -0.920338
-1.453919 2.001148 0.577172
-2.251530 0.731566 0.920338
-1.364019 0.443197 2.096337
-1.391522 1.915266 0.920338
2.251530 -0.731566 0.920338
1.453919 -2.001148 -0.577172
2.352490 -0.764370 -0.577172
2.352490 0.764370 0.577172
2.251530 0.731566 -0.920338
1.453919 2.001148 0.577172
-0.843010 1.160304 -2.096337
-2.250753 0.733953 -0.920338
-1.391522 1.915266 -0.920338
2.251530 -0.731566 0.920338
1.453919 -2.001148 -0.577172
2.352490 -0.764370 -0.577172
-2.251530 0.731566 0.920338
-1.364019 0.443197 2.096337
-1.391522 1.915266 0.920338
1.161664 0.000000 -2.258791
1.161664 0.000000 -2.258791
1.161664 0.000000 -2.258791
0.000000 -2.540000 0.000000
0.000000 -2.540000 0.000000
0.000000 -2.540000 0.000000
-1.161664 -0.000000 2.258791
-1.161664 -0.000000 2.258791
-1.161664 -0.000000 2.258791
-1.161664 -0.000000 2.258791
-1.161664 -0.000000 2.258791
-1.161664 -0.000000 2.258791
2.540000 0.000000 0.000000
2.540000 0.000000 0.000000
2.540000 0.000000 0.000000
-1.270000 -0.000000 -2.199704
-2.054903 -0.000000 -1.492975
-0.000000 -0.000000 -2.540000
-1.008402 -1.387947 -1.873053
-1.453919 -2.001148 -0.577172
-1.631629 -0.530149 -1.873053
1.364019 0.443197 2.096337
0.000000 0.000000 2.540000
1.364019 -0.443197 2.096337
2.251530 -0.731566 0.920338
1.453919 -2.001148 -0.577172
2.352490 -0.764370 -0.577172
-1.391522 -1.915266 0.920338
-0.843010 -1.160304 2.096337
-2.251530 -0.731566 0.920338
1.453919 -2.001148 -0.577172
1.008402 -1.387947 -1.873053
2.352490 -0.764370 -0.577172
-1.391522 -1.915266 0.920338
-0.843010 -1.160304 2.096337
-2.251530 -0.731566 0.920338
-1.363784 0.443920 -2.096337
-2.250753 0.733953 -0.920338
-0.843010 1.160304 -2.096337
2.352490 0.764370 0.577172
2.251530 0.731566 -0.920338
1.453919 2.001148 0.577172
-2.540000 -0.000000 -0.000000
-2.199704 -0.000000 1.270000
-2.054903 -0.000000 1.492975
2.352490 -0.764370 -0.577172
1.453919 -2.001148 -0.577172
1.008402 -1.387947 -1.873053
-0.000000 2.367399 0.920338
-0.000000 1.434214 2.096337
1.391522 1.915266 0.920338
0.000000 -1.715597 -1.873053
0.000000 -0.358311 -2.514600
1.008402 -1.387947 -1.873053
-0.000000 1.715597 -1.873053
0.112048 0.358311 -2.512102
-1.008402 1.387947 -1.873053
1.364019 0.443197 2.096337
0.000000 -0.000000 2.540000
1.364019 -0.443197 2.096337
-0.000000 2.540000 -0.000000
-0.000000 2.540000 -0.000000
-0.000000 2.540000 -0.000000
2.540000 0.000000 0.000000
2.540000 0.000000 0.000000
2.540000 0.000000 0.000000
1.008402 -1.387947 1.873053
0.000000 -0.358311 2.514600
0.000000 -1.715597 1.873053
-2.251530 -0.731566 -0.920338
-1.364019 -0.443197 -2.096337
-1.391522 -1.915266 -0.920338
-1.391522 -1.915266 -0.920338
-1.453919 -2.001148 0.577172
-2.251530 -0.731566 -0.920338
2.251530 0.731566 -0.920338
2.352490 0.764370 0.577172
2.251530 -0.731566 -0.920338
2.352490 0.764370 0.577172
2.251530 0.731566 -0.920338
1.453919 2.001148 0.577172
-0.843010 1.160304 -2.096337
-2.250753 0.733953 -0.920338
-1.391522 1.915266 -0.920338
-0.843010 1.160304 -2.096337
-2.250753 0.733953 -0.920338
-1.391522 1.915266 -0.920338
2.352490 0.764370 0.577172
2.251530 0.731566 -0.920338
1.453919 2.001148 0.577172
-1.391522 -1.915266 0.920338
-0.843010 -1.160304 2.096337
-2.251530 -0.731566 0.920338
1.453919 -2.001148 -0.577172
1.008402 -1.387947 -1.873053
2.352490 -0.764370 -0.577172
-1.391522 -1.915266 0.920338
-0.843010 -1.160304 2.096337
-2.251530 -0.731566 0.920338
2.251530 0.731566 0.920338
2.352490 0.764370 -0.577172
1.391522 1.915266 0.920338
2.251530 0.731566 -0.920338
2.352490 0.764370 0.577172
2.251530 -0.731566 -0.920338
-2.251530 -0.731566 -0.920338
-1.364019 -0.443197 -2.096337
-1.391522 -1.915266 -0.920338
2.251530 0.731566 0.920338
2.352490 0.764370 -0.577172
1.391522 1.915266 0.920338
-1.391522 1.915266 0.920338
-1.453919 2.001148 -0.577172
-2.251530 0.731566 0.920338
-1.391522 -1.915266 0.920338
-0.843010 -1.160304 2.096337
-2.251530 -0.731566 0.920338
1.008402 -1.387947 -1.873053
2.352490 -0.764370 -0.577172
1.453919 -2.001148 -0.577172
-0.000000 1.434214 -2.096337
0.000000 0.000000 -2.540000
-0.843010 1.160304 -2.096337
1.391522 -1.915266 -0.920338
0.843010 -1.160304 -2.096337
2.251530 -0.731566 -0.920338
1.453919 2.001148 -0.577172
1.631629 0.530149 -1.873053
1.008402 1.387947 -1.873053
-1.391522 -1.915266 0.920338
-0.843010 -1.160304 2.096337
-2.251530 -0.731566 0.920338
1.453919 -2.001148 -0.577172
0.000000 -1.715597 -1.873053
1.008402 -1.387947 -1.873053
-1.391522 1.915266 0.920338
-1.453919 2.001148 -0.577172
-2.251530 0.731566 0.920338
-1.391522 1.915266 -0.920338
-2.351272 0.768110 0.577172
-1.453919 2.001148 0.577172
2.352490 0.764370 0.577172
2.251530 0.731566 -0.920338
1.453919 2.001148 0.577172
1.008402 1.387947 -1.873053
0.112048 0.358311 -2.512102
-0.000000 1.715597 -1.873053
1.391522 1.915266 0.920338
0.843010 1.160304 2.096337
2.251530 0.731566 0.920338
2.352490 0.764370 0.577172
2.251530 0.731566 -0.920338
1.453919 2.001148 0.577172
-1.363784 0.443920 -2.096337
-2.250753 0.733953 -0.920338
-0.843010 1.160304 -2.096337
1.453919 2.001148 -0.577172
1.631629 0.530149 -1.873053
1.008402 1.387947 -1.873053
-0.843010 1.160304 2.096337
0.000000 0.000000 2.540000
-0.000000 1.434214 2.096337
1.161664 0.000000 -2.258791
1.161664 0.000000 -2.258791
1.161664 0.000000 -2.258791
-0.000000 2.540000 -0.000000
-0.000000 2.540000 -0.000000
-0.000000 2.540000 -0.000000
-1.363784 0.443920 -2.096337
-2.250753 0.733953 -0.920338
-0.843010 1.160304 -2.096337
2.352490 0.764370 0.577172
2.251530 0.731566 -0.920338
1.453919 2.001148 0.577172
-0.000000 -0.000000 2.540000
-0.000000 -0.000000 2.540000
-0.000000 -0.000000 2.540000
-0.000000 -0.000000 2.540000
-0.000000 -0.000000 2.540000
-0.000000 -0.000000 2.540000
-1.453919 2.001148 -0.577172
-1.008402 1.387947 -1.873053
-2.352490 0.764370 -0.577172
2.352490 -0.764370 -0.577172
2.251530 0.731566 0.920338
1.453919 -2.001148 -0.577172
-1.391522 -1.915266 0.920338
-0.843010 -1.160304 2.096337
-2.251530 -0.731566 0.920338
1.391522 1.915266 0.920338
2.352490 0.764370 -0.577172
1.453919 2.001148 -0.577172
-0.843010 1.160304 -2.096337
-2.250753 0.733953 -0.920338
-1.391522 1.915266 -0.920338
2.352490 0.764370 0.577172
2.251530 0.731566 -0.920338
1.453919 2.001148 0.577172
2.540000 0.000000 0.000000
2.199704 0.000000 -1.270000
2.054903 0.000000 -1.492975
-1.391522 -1.915266 -0.920338
-2.251530 -0.731566 -0.920338
-1.364019 -0.443197 -2.096337
-0.000000 2.540000 -0.000000
-0.000000 2.540000 -0.000000
-0.000000 2.540000 -0.000000
0.000000 0.000000 -2.540000
0.000000 0.000000 -2.540000
0.000000 0.000000 -2.540000
1.391522 1.915266 0.920338
2.352490 0.764370 -0.577172
1.453919 2.001148 -0.577172
2.251530 -0.731566 0.920338
1.453919 -2.001148 -0.577172
2.352490 -0.764370 -0.577172
-1.391522 1.915266 0.920338
-1.453919 2.001148 -0.577172
-2.251530 0.731566 0.920338
-1.391522 -1.915266 0.920338
-0.843010 -1.160304 2.096337
-2.251530 -0.731566 0.920338
-1.391522 1.915266 0.920338
-1.453919 2.001148 -0.577172
-2.251530 0.731566 0.920338
2.352490 -0.764370 -0.577172
2.251530 0.731566 0.920338
1.453919 -2.001148 -0.577172
0.000000 -2.473555 -0.577172
1.453919 -2.001148 -0.577172
0.000000 -2.367399 0.920338
-1.391522 -1.915266 0.920338
-2.352490 -0.764370 -0.577172
-1.453919 -2.001148 -0.577172
2.540000 0.000000 0.000000
2.540000 0.000000 0.000000
2.540000 0.000000 0.000000
-2.540000 -0.000000 -0.000000
-2.540000 -0.000000 -0.000000
-2.540000 -0.000000 -0.000000
1.453919 2.001148 -0.577172
1.631629 0.530149 -1.873053
1.008402 1.387947 -1.873053
-1.391522 -1.915266 0.920338
-0.843010 -1.160304 2.096337
-2.251530 -0.731566 0.920338
-1.391522 1.915266 0.920338
-1.453919 2.001148 -0.577172
-2.251530 0.731566 0.920338
1.453919 -2.001148 -0.577172
0.000000 -1.715597 -1.873053
1.008402 -1.387947 -1.873053
-1.364019 -0.443197 -2.096337
0.000000 0.000000 -2.540000
-0.843010 -1.160304 -2.096337
2.352490 0.764370 0.577172
2.251530 0.731566 -0.920338
1.453919 2.001148 0.577172
2.352490 0.764370 0.577172
2.251530 0.731566 -0.920338
1.453919 2.001148 0.577172
-1.364019 -0.443197 -2.096337
0.000000 0.000000 -2.540000
-0.843010 -1.160304 -2.096337
-0.000000 -0.000000 2.540000
-0.000000 -0.000000 2.540000
-0.000000 -0.000000 2.540000
0.000000 -2.540000 0.000000
0.000000 -2.540000 0.000000
0.000000 -2.540000 0.000000
-0.000000 -0.000000 2.540000
-0.000000 -0.000000 2.540000
-0.000000 -0.000000 2.540000
2.540000 0.000000 0.000000
2.540000 0.000000 0.000000
2.540000 0.000000 0.000000
2.352490 0.764370 0.577172
2.251530 0.731566 -0.920338
1.453919 2.001148 0.577172
-1.391522 1.915266 -0.920338
-2.351272 0.768110 0.577172
-1.453919 2.001148 0.577172
-1.453919 -2.001148 0.577172
-1.008402 -1.387947 1.873053
-2.352490 -0.764370 0.577172
0.000000 -2.367399 -0.920338
0.000000 -1.434214 -2.096337
1.391522 -1.915266 -0.920338
-1.391522 -1.915266 0.920338
-0.843010 -1.160304 2.096337
-2.251530 -0.731566 0.920338
-1.391522 -1.915266 0.920338
0.000000 -1.434214 2.096337
-0.843010 -1.160304 2.096337
1.364019 0.443197 2.096337
0.000000 0.000000 2.540000
1.364019 -0.443197 2.096337
-2.251530 0.731566 0.920338
-1.364019 0.443197 2.096337
-1.391522 1.915266 0.920338
1.391522 -1.915266 0.920338
1.453919 -2.001148 -0.577172
2.251530 -0.731566 0.920338
-1.391522 -1.915266 0.920338
0.000000 -2.367399 0.920338
-0.843010 -1.160304 2.096337
-1.453919 -2.001148 -0.577172
-1.008402 -1.387947 -1.873053
0.000000 -2.473555 -0.577172
1.391522 -1.915266 0.920338
1.453919 -2.001148 -0.577172
2.251530 -0.731566 0.920338
1.453919 -2.001148 -0.577172
1.391522 -1.915266 0.920338
0.000000 -2.473555 -0.577172
-1.008402 -1.387947 -1.873053
-1.453919 -2.001148 -0.577172
-1.631629 -0.530149 -1.873053
1.270000 0.000000 2.199704
2.054903 0.000000 1.492975
-0.000000 -0.000000 2.540000
0.000000 -2.367399 -0.920338
0.000000 -1.434214 -2.096337
1.391522 -1.915266 -0.920338
0.843010 1.160304 -2.096337
-0.000000 2.367399 -0.920338
1.391522 1.915266 -0.920338
-0.000000 1.715597 1.873053
0.276691 0.358311 2.499331
1.008402 1.387947 1.873053
0.000000 -0.358311 2.514600
-1.008402 -1.387947 1.873053
0.000000 -1.715597 1.873053
1.391522 1.915266 -0.920338
2.251530 0.731566 -0.920338
1.364019 0.443197 -2.096337
0.000000 -2.367399 -0.920338
0.000000 -1.434214 -2.096337
1.391522 -1.915266 -0.920338
0.000000 -2.367399 -0.920338
0.000000 -1.434214 -2.096337
1.391522 -1.915266 -0.920338
0.843010 1.160304 -2.096337
0.000000 0.000000 -2.540000
-0.000000 1.434214 -2.096337
0.843010 1.160304 2.096337
1.391522 1.915266 0.920338
-0.000000 1.434214 2.096337
-1.391522 -1.915266 0.920338
0.000000 -1.434214 2.096337
-0.843010 -1.160304 2.096337
1.453919 -2.001148 0.577172
1.391522 -1.915266 -0.920338
2.352490 -0.764370 0.577172
-1.453919 -2.001148 0.577172
-1.008402 -1.387947 1.873053
-2.352490 -0.764370 0.577172
1.453919 2.001148 -0.577172
1.008402 1.387947 -1.873053
-0.000000 2.473555 -0.577172
-1.391522 1.915266 0.920338
-0.843010 1.160304 2.096337
-0.000000 1.434214 2.096337
-1.008402 -1.387947 -1.873053
-1.453919 -2.001148 -0.577172
-1.631629 -0.530149 -1.873053
1.391522 -1.915266 0.920338
0.843010 -1.160304 2.096337
0.000000 -2.367399 0.920338
-0.000000 1.434214 2.096337
0.000000 0.000000 2.540000
0.843010 1.160304 2.096337
-1.391522 -1.915266 0.920338
0.000000 -2.367399 0.920338
-0.843010 -1.160304 2.096337
-0.000000 2.540000 -0.000000
-0.000000 2.540000 -0.000000
-0.000000 2.540000 -0.000000
1.161664 0.000000 2.258791
1.161664 0.000000 2.258791
1.161664 0.000000 2.258791
2.251530 -0.731566 -0.920338
1.364019 -0.443197 -2.096337
2.251530 0.731566 -0.920338
-2.251530 -0.731566 -0.920338
-1.363784 0.443920 -2.096337
-1.364019 -0.443197 -2.096337
1.453919 2.001148 0.577172
2.251530 0.731566 -0.920338
1.391522 1.915266 -0.920338
0.000000 -2.367399 -0.920338
0.000000 -1.434214 -2.096337
1.391522 -1.915266 -0.920338
-1.453919 2.001148 0.577172
-1.008402 1.387947 1.873053
-0.000000 2.473555 0.577172
-1.453919 -2.001148 0.577172
-1.008402 -1.387947 1.873053
-2.352490 -0.764370 0.577172
1.391522 1.915266 0.920338
-0.000000 1.434214 2.096337
0.843010 1.160304 2.096337
1.391522 -1.915266 0.920338
1.453919 -2.001148 -0.577172
2.251530 -0.731566 0.920338
-1.453919 -2.001148 -0.577172
0.000000 -2.367399 0.920338
-1.391522 -1.915266 0.920338
1.391522 -1.915266 0.920338
2.251530 -0.731566 0.920338
0.843010 -1.160304 2.096337
0.000000 -2.367399 0.920338
0.000000 -1.434214 2.096337
-1.391522 -1.915266 0.920338
1.391522 -1.915266 0.920338
1.453919 -2.001148 -0.577172
2.251530 -0.731566 0.920338
-1.391522 -1.915266 0.920338
0.000000 -1.434214 2.096337
-0.843010 -1.160304 2.096337
2.251530 0.731566 0.920338
1.364019 0.443197 2.096337
2.251530 -0.731566 0.920338
0.000000 -1.715597 -1.873053
0.000000 -0.358311 -2.514600
1.008402 -1.387947 -1.873053
-1.391522 -1.915266 0.920338
0.000000 -1.434214 2.096337
-0.843010 -1.160304 2.096337
2.251530 0.731566 0.920338
1.364019 0.443197 2.096337
2.251530 -0.731566 0.920338
-1.391522 -1.915266 0.920338
0.000000 -1.434214 2.096337
-0.843010 -1.160304 2.096337
-1.364019 -0.443197 -2.096337
0.000000 0.000000 -2.540000
-0.843010 -1.160304 -2.096337
1.453919 2.001148 0.577172
2.251530 0.731566 -0.920338
1.391522 1.915266 -0.920338
1.391522 1.915266 0.920338
1.453919 2.001148 -0.577172
-0.000000 2.367399 0.920338
-0.927564 -0.000000 2.364577
-0.113180 -0.000000 2.537477
-1.398413 -0.000000 2.120387
-1.391522 -1.915266 0.920338
0.000000 -2.367399 0.920338
-0.843010 -1.160304 2.096337
2.251530 0.731566 0.920338
1.364019 0.443197 2.096337
2.251530 -0.731566 0.920338
0.843010 1.160304 2.096337
1.391522 1.915266 0.920338
-0.000000 1.434214 2.096337
2.251530 -0.731566 0.920338
1.364019 -0.443197 2.096337
1.391522 -1.915266 0.920338
-0.000000 -0.000000 2.540000
-0.000000 -0.000000 2.540000
-0.000000 -0.000000 2.540000
-0.000000 2.540000 -0.000000
-0.000000 2.540000 -0.000000
-0.000000 2.540000 -0.000000
1.391522 1.915266 0.920338
0.843010 1.160304 2.096337
2.251530 0.731566 0.920338
0.000000 -2.367399 0.920338
1.391522 -1.915266 0.920338
0.000000 -1.434214 2.096337
-1.391522 -1.915266 -0.920338
-1.453919 -2.001148 0.577172
-2.251530 -0.731566 -0.920338
1.008402 -1.387947 1.873053
0.000000 -2.473555 0.577172
1.453919 -2.001148 0.577172
-1.391522 1.915266 -0.920338
-2.351272 0.768110 0.577172
-1.453919 2.001148 0.577172
1.453919 2.001148 0.577172
2.251530 0.731566 -0.920338
1.391522 1.915266 -0.920338
-1.391522 -1.915266 -0.920338
-1.453919 -2.001148 0.577172
-2.251530 -0.731566 -0.920338
-1.391522 1.915266 -0.920338
-2.351272 0.768110 0.577172
-1.453919 2.001148 0.577172
1.008402 -1.387947 1.873053
0.000000 -2.473555 0.577172
1.453919 -2.001148 0.577172
1.453919 2.001148 0.577172
2.251530 0.731566 -0.920338
1.391522 1.915266 -0.920338
1.391522 -1.915266 -0.920338
0.843010 -1.160304 -2.096337
2.251530 -0.731566 -0.920338
-1.391522 1.915266 -0.920338
-2.351272 0.768110 0.577172
-1.453919 2.001148 0.577172
1.453919 2.001148 0.577172
2.251530 0.731566 -0.920338
1.391522 1.915266 -0.920338
-1.391522 -1.915266 -0.920338
-1.453919 -2.001148 0.577172
-2.251530 -0.731566 -0.920338
1.453919 2.001148 0.577172
2.251530 0.731566 -0.920338
1.391522 1.915266 -0.920338
-1.453919 2.001148 0.577172
-1.630502 0.533607 1.873053
-1.008402 1.387947 1.873053
-2.540000 -0.000000 -0.000000
-2.540000 -0.000000 -0.000000
-2.540000 -0.000000 -0.000000
-0.000000 1.796051 1.796051
-0.000000 1.796051 1.796051
-0.000000 1.796051 1.796051
-1.453919 2.001148 0.577172
-1.630502 0.533607 1.873053
-1.008402 1.387947 1.873053
1.453919 2.001148 0.577172
2.251530 0.731566 -0.920338
1.391522 1.915266 -0.920338
-1.391522 -1.915266 0.920338
-0.843010 -1.160304 2.096337
-2.251530 -0.731566 0.920338
-0.000000 1.434214 2.096337
-0.000000 2.367399 0.920338
-1.391522 1.915266 0.920338
0.000000 -0.358311 -2.514600
0.918288 -0.358311 -2.340931
0.000000 -1.715597 -1.873053
0.000000 -2.473555 -0.577172
0.000000 -1.715597 -1.873053
1.008402 -1.387947 -1.873053
1.453919 -2.001148 -0.577172
0.000000 -1.715597 -1.873053
1.008402 -1.387947 -1.873053
0.000000 -0.358311 -2.514600
1.008402 -1.387947 -1.873053
0.000000 -1.715597 -1.873053
0.000000 -1.796051 -1.796051
0.000000 -1.796051 -1.796051
0.000000 -1.796051 -1.796051
0.000000 0.000000 -2.540000
0.000000 0.000000 -2.540000
0.000000 0.000000 -2.540000
-1.453919 2.001148 0.577172
-1.008402 1.387947 1.873053
-0.000000 2.473555 0.577172
1.453919 2.001148 0.577172
2.251530 0.731566 -0.920338
1.391522 1.915266 -0.920338
0.000000 -2.367399 -0.920338
-1.391522 -1.915266 -0.920338
-0.843010 -1.160304 -2.096337
1.453919 -2.001148 0.577172
1.391522 -1.915266 -0.920338
2.352490 -0.764370 0.577172
1.453919 2.001148 0.577172
2.251530 0.731566 -0.920338
1.391522 1.915266 -0.920338
-1.453919 -2.001148 0.577172
-1.008402 -1.387947 1.873053
-2.352490 -0.764370 0.577172
1.453919 -2.001148 0.577172
1.391522 -1.915266 -0.920338
2.352490 -0.764370 0.577172
-1.453919 2.001148 0.577172
-1.008402 1.387947 1.873053
-0.000000 2.473555 0.577172
0.000000 0.000000 -2.540000
0.000000 0.000000 -2.540000
0.000000 0.000000 -2.540000
-0.000000 2.540000 -0.000000
-0.000000 2.540000 -0.000000
-0.000000 2.540000 -0.000000
-1.270000 -0.000000 2.199704
-0.000000 -0.000000 2.540000
-2.054903 -0.000000 1.492975
-0.000000 -0.000000 2.540000
2.054903 0.000000 1.492975
0.784903 0.000000 2.415684
1.453919 2.001148 -0.577172
-0.000000 2.367399 0.920338
1.391522 1.915266 0.920338
2.251530 -0.731566 0.920338
1.453919 -2.001148 -0.577172
2.352490 -0.764370 -0.577172
1.391522 1.915266 0.920338
2.352490 0.764370 -0.577172
1.453919 2.001148 -0.577172
0.000000 -2.473555 -0.577172
1.391522 -1.915266 0.920338
0.000000 -2.367399 0.920338
-1.391522 1.915266 0.920338
-1.453919 2.001148 -0.577172
-2.251530 0.731566 0.920338
-0.000000 2.473555 -0.577172
1.008402 1.387947 -1.873053
-0.000000 1.715597 -1.873053
0.000000 -2.540000 0.000000
0.000000 -2.540000 0.000000
0.000000 -2.540000 0.000000
-0.000000 -0.000000 2.540000
-0.000000 -0.000000 2.540000
-0.000000 -0.000000 2.540000
-1.391522 -1.915266 -0.920338
-1.364019 -0.443197 -2.096337
-0.843010 -1.160304 -2.096337
-2.251530 -0.731566 -0.920338
-1.364019 -0.443197 -2.096337
-1.391522 -1.915266 -0.920338
0.000000 0.000000 -2.540000
0.000000 0.000000 -2.540000
0.000000 0.000000 -2.540000
0.000000 -2.540000 0.000000
0.000000 -2.540000 0.000000
0.000000 -2.540000 0.000000
-0.279486 -0.000000 -2.524577
-1.013213 -0.000000 -2.329163
-1.578515 -0.000000 -1.989947
-0.000000 2.473555 0.577172
-0.000000 1.715597 1.873053
1.453919 2.001148 0.577172
-1.453919 2.001148 -0.577172
-1.008402 1.387947 -1.873053
-2.352490 0.764370 -0.577172
-1.008402 -1.387947 -1.873053
-1.453919 -2.001148 -0.577172
-1.631629 -0.530149 -1.873053
0.000000 -2.473555 -0.577172
1.453919 -2.001148 -0.577172
0.000000 -2.367399 0.920338
1.391522 1.915266 0.920338
2.352490 0.764370 -0.577172
1.453919 2.001148 -0.577172
1.364019 -0.443197 -2.096337
0.000000 0.000000 -2.540000
1.364019 0.443197 -2.096337
0.000000 -2.367399 -0.920338
0.000000 -1.434214 -2.096337
0.843010 -1.160304 -2.096337
1.453919 -2.001148 -0.577172
1.391522 -1.915266 0.920338
0.000000 -2.367399 0.920338
-1.391522 1.915266 0.920338
-1.453919 2.001148 -0.577172
-2.251530 0.731566 0.920338
-0.000000 2.367399 0.920338
1.453919 2.001148 -0.577172
-0.000000 2.473555 -0.577172
-1.008402 -1.387947 -1.873053
-1.453919 -2.001148 -0.577172
-1.631629 -0.530149 -1.873053
2.251530 -0.731566 0.920338
1.364019 0.443197 2.096337
1.364019 -0.443197 2.096337
-0.000000 2.367399 0.920338
1.453919 2.001148 -0.577172
-0.000000 2.473555 -0.577172
1.453919 -2.001148 0.577172
1.391522 -1.915266 -0.920338
2.352490 -0.764370 0.577172
-1.453919 2.001148 0.577172
-1.630502 0.533607 1.873053
-1.008402 1.387947 1.873053
1.453919 2.001148 0.577172
2.251530 0.731566 -0.920338
1.391522 1.915266 -0.920338
-1.453919 -2.001148 0.577172
-1.008402 -1.387947 1.873053
-2.352490 -0.764370 0.577172
1.453919 2.001148 0.577172
2.251530 0.731566 -0.920338
1.391522 1.915266 -0.920338
-1.453919 -2.001148 0.577172
-1.008402 -1.387947 1.873053
-2.352490 -0.764370 0.577172
1.453919 -2.001148 0.577172
1.391522 -1.915266 -0.920338
2.352490 -0.764370 0.577172
-1.453919 2.001148 0.577172
-1.630502 0.533607 1.873053
-1.008402 1.387947 1.873053
1.453919 2.001148 -0.577172
1.008402 1.387947 -1.873053
-0.000000 2.473555 -0.577172
-1.008402 -1.387947 -1.873053
-1.453919 -2.001148 -0.577172
-1.631629 -0.530149 -1.873053
-0.843010 1.160304 2.096337
-0.000000 1.434214 2.096337
-1.391522 1.915266 0.920338
0.000000 -2.473555 -0.577172
1.391522 -1.915266 0.920338
0.000000 -2.367399 0.920338
-1.364019 -0.443197 -2.096337
0.000000 0.000000 -2.540000
-0.843010 -1.160304 -2.096337
-0.000000 1.434214 -2.096337
-0.000000 2.367399 -0.920338
0.843010 1.160304 -2.096337
1.008402 -1.387947 1.873053
0.000000 -0.358311 2.514600
0.000000 -1.715597 1.873053
1.391522 -1.915266 -0.920338
0.000000 -2.367399 -0.920338
0.843010 -1.160304 -2.096337
-1.391522 1.915266 0.920338
-1.453919 2.001148 -0.577172
-2.251530 0.731566 0.920338
0.000000 -2.473555 -0.577172
1.453919 -2.001148 -0.577172
0.000000 -2.367399 0.920338
-0.000000 2.367399 0.920338
1.453919 2.001148 -0.577172
-0.000000 2.473555 -0.577172
-1.008402 -1.387947 -1.873053
-1.453919 -2.001148 -0.577172
-1.631629 -0.530149 -1.873053
1.008402 1.387947 -1.873053
0.112048 0.358311 -2.512102
-0.000000 1.715597 -1.873053
1.453919 2.001148 -0.577172
1.008402 1.387947 -1.873053
-0.000000 2.473555 -0.577172
-1.008402 -1.387947 1.873053
-2.352490 -0.764370 0.577172
-1.453919 -2.001148 0.577172
1.453919 -2.001148 0.577172
0.000000 -2.473555 0.577172
1.391522 -1.915266 -0.920338
-0.000000 1.434214 -2.096337
-0.000000 2.367399 -0.920338
0.843010 1.160304 -2.096337
-0.000000 2.473555 0.577172
-1.453919 2.001148 0.577172
-0.000000 1.715597 1.873053
0.000000 -1.796051 1.796051
0.000000 -1.796051 1.796051
0.000000 -1.796051 1.796051
-2.540000 -0.000000 -0.000000
-2.540000 -0.000000 -0.000000
-2.540000 -0.000000 -0.000000
0.000000 -2.367399 0.920338
0.843010 -1.160304 2.096337
0.000000 -1.434214 2.096337
-0.843010 1.160304 2.096337
0.000000 0.000000 2.540000
-0.000000 1.434214 2.096337
1.453919 -2.001148 -0.577172
0.000000 -1.715597 -1.873053
1.008402 -1.387947 -1.873053
2.251530 0.731566 0.920338
2.352490 0.764370 -0.577172
1.391522 1.915266 0.920338
-1.391522 -1.915266 0.920338
-0.843010 -1.160304 2.096337
-2.251530 -0.731566 0.920338
1.364019 0.443197 2.096337
0.000000 0.000000 2.540000
1.364019 -0.443197 2.096337
-1.391522 -1.915266 -0.920338
-1.453919 -2.001148 0.577172
-2.251530 -0.731566 -0.920338
-0.000000 2.473555 0.577172
1.453919 2.001148 0.577172
-0.000000 2.367399 -0.920338
-1.391522 1.915266 -0.920338
-2.351272 0.768110 0.577172
-1.453919 2.001148 0.577172
0.000000 -2.473555 0.577172
0.000000 -2.367399 -0.920338
1.391522 -1.915266 -0.920338
1.364019 -0.443197 -2.096337
0.000000 0.000000 -2.540000
1.364019 0.443197 -2.096337
1.391522 -1.915266 -0.920338
0.000000 -1.434214 -2.096337
0.843010 -1.160304 -2.096337
0.000000 -2.473555 -0.577172
0.000000 -2.367399 0.920338
-1.453919 -2.001148 -0.577172
0.000000 -2.367399 0.920338
0.000000 -1.434214 2.096337
-1.391522 -1.915266 0.920338
1.008402 -1.387947 1.873053
0.000000 -0.358311 2.514600
0.000000 -1.715597 1.873053
0.000000 -2.473555 0.577172
0.000000 -2.367399 -0.920338
1.391522 -1.915266 -0.920338
0.000000 -2.367399 -0.920338
-1.391522 -1.915266 -0.920338
-0.843010 -1.160304 -2.096337
0.000000 -2.473555 0.577172
1.008402 -1.387947 1.873053
0.000000 -1.715597 1.873053
0.000000 -2.473555 -0.577172
1.391522 -1.915266 0.920338
0.000000 -2.367399 0.920338
1.391522 -1.915266 0.920338
0.843010 -1.160304 2.096337
0.000000 -2.367399 0.920338
0.000000 -2.473555 -0.577172
1.453919 -2.001148 -0.577172
0.000000 -2.367399 0.920338
1.391522 -1.915266 0.920338
0.843010 -1.160304 2.096337
0.000000 -1.434214 2.096337
1.391522 -1.915266 -0.920338
0.000000 -1.434214 -2.096337
0.843010 -1.160304 -2.096337
0.843010 1.160304 -2.096337
0.000000 0.000000 -2.540000
-0.000000 1.434214 -2.096337
1.391522 -1.915266 -0.920338
0.000000 -1.434214 -2.096337
0.843010 -1.160304 -2.096337
0.843010 1.160304 -2.096337
0.000000 0.000000 -2.540000
-0.000000 1.434214 -2.096337
-2.540000 -0.000000 -0.000000
-2.540000 -0.000000 -0.000000
-2.540000 -0.000000 -0.000000
-0.000000 1.796051 -1.796051
-0.000000 1.796051 -1.796051
-0.000000 1.796051 -1.796051
1.364019 0.443197 -2.096337
1.391522 1.915266 -0.920338
2.251530 0.731566 -0.920338
1.391522 -1.915266 -0.920338
0.843010 -1.160304 -2.096337
2.251530 -0.731566 -0.920338
1.391522 -1.915266 -0.920338
0.843010 -1.160304 -2.096337
2.251530 -0.731566 -0.920338
1.364019 0.443197 -2.096337
1.391522 1.915266 -0.920338
2.251530 0.731566 -0.920338
1.364019 0.443197 -2.096337
1.391522 1.915266 -0.920338
2.251530 0.731566 -0.920338
1.391522 -1.915266 -0.920338
0.843010 -1.160304 -2.096337
2.251530 -0.731566 -0.920338
2.540000 0.000000 0.000000
2.540000 0.000000 0.000000
2.540000 0.000000 0.000000
0.000000 -1.796051 1.796051
0.000000 -1.796051 1.796051
0.000000 -1.796051 1.796051
2.540000 0.000000 0.000000
2.540000 0.000000 0.000000
2.540000 0.000000 0.000000
-0.000000 1.796051 -1.796051
-0.000000 1.796051 -1.796051
-0.000000 1.796051 -1.796051
-1.364019 0.443197 2.096337
0.000000 0.000000 2.540000
-0.843010 1.160304 2.096337
0.000000 -2.367399 0.920338
0.843010 -1.160304 2.096337
0.000000 -1.434214 2.096337
0.000000 -2.473555 -0.577172
0.000000 -2.367399 0.920338
-1.453919 -2.001148 -0.577172
0.918288 -0.358311 -2.340931
1.008402 -1.387947 -1.873053
0.000000 -1.715597 -1.873053
1.008402 1.387947 -1.873053
0.112048 0.358311 -2.512102
-0.000000 1.715597 -1.873053
1.453919 2.001148 -0.577172
1.008402 1.387947 -1.873053
-0.000000 2.473555 -0.577172
0.784903 0.000000 -2.415684
-0.000000 -0.000000 -2.540000
-0.784903 -0.000000 -2.415684
0.784903 0.000000 -2.415684
1.270000 0.000000 -2.199704
-0.000000 -0.000000 -2.540000
-0.843010 1.160304 2.096337
0.000000 0.000000 2.540000
-0.000000 1.434214 2.096337
1.453919 2.001148 -0.577172
1.008402 1.387947 -1.873053
-0.000000 2.473555 -0.577172
1.391522 1.915266 0.920338
2.352490 0.764370 -0.577172
1.453919 2.001148 -0.577172
2.251530 -0.731566 0.920338
1.364019 0.443197 2.096337
1.364019 -0.443197 2.096337
-1.453919 -2.001148 -0.577172
0.000000 -2.473555 -0.577172
-1.391522 -1.915266 0.920338
-0.000000 2.473555 -0.577172
-1.453919 2.001148 -0.577172
-0.000000 2.367399 0.920338
-1.391522 -1.915266 0.920338
-2.352490 -0.764370 -0.577172
-1.453919 -2.001148 -0.577172
-1.391522 1.915266 0.920338
-1.453919 2.001148 -0.577172
-2.251530 0.731566 0.920338
-0.000000 2.367399 0.920338
1.453919 2.001148 -0.577172
-0.000000 2.473555 -0.577172
-0.000000 2.367399 0.920338
-0.843010 1.160304 2.096337
-0.000000 1.434214 2.096337
-0.000000 2.540000 -0.000000
-0.000000 2.540000 -0.000000
-0.000000 2.540000 -0.000000
-1.161664 -0.000000 -2.258791
-1.161664 -0.000000 -2.258791
-1.161664 -0.000000 -2.258791
0.000000 -2.540000 0.000000
0.000000 -2.540000 0.000000
0.000000 -2.540000 0.000000
0.000000 -1.796051 -1.796051
0.000000 -1.796051 -1.796051
0.000000 -1.796051 -1.796051
-0.000000 2.540000 -0.000000
-0.000000 2.540000 -0.000000
-0.000000 2.540000 -0.000000
-0.000000 1.796051 1.796051
-0.000000 1.796051 1.796051
-0.000000 1.796051 1.796051
2.251530 0.731566 0.920338
0.843010 1.160304 2.096337
1.364019 0.443197 2.096337
-0.000000 2.367399 0.920338
1.453919 2.001148 -0.577172
-0.000000 2.473555 -0.577172
-0.843010 1.160304 -2.096337
-2.250753 0.733953 -0.920338
-1.391522 1.915266 -0.920338
-0.000000 1.434214 -2.096337
-0.000000 2.367399 -0.920338
0.843010 1.160304 -2.096337
-0.000000 2.540000 -0.000000
-0.000000 2.540000 -0.000000
-0.000000 2.540000 -0.000000
-1.161664 -0.000000 2.258791
-1.161664 -0.000000 2.258791
-1.161664 -0.000000 2.258791
-0.843010 1.160304 2.096337
0.000000 0.000000 2.540000
-0.000000 1.434214 2.096337
0.000000 -2.367399 0.920338
0.843010 -1.160304 2.096337
0.000000 -1.434214 2.096337
1.391522 -1.915266 0.920338
0.843010 -1.160304 2.096337
0.000000 -1.434214 2.096337
0.000000 -2.473555 -0.577172
1.453919 -2.001148 -0.577172
0.000000 -2.367399 0.920338
-0.000000 1.434214 -2.096337
-0.000000 2.367399 -0.920338
0.843010 1.160304 -2.096337
-1.391522 1.915266 -0.920338
-1.453919 2.001148 0.577172
-0.000000 2.367399 -0.920338
-0.843010 1.160304 2.096337
0.000000 0.000000 2.540000
-0.000000 1.434214 2.096337
-1.391522 -1.915266 0.920338
0.000000 -1.434214 2.096337
-0.843010 -1.160304 2.096337
1.391522 1.915266 0.920338
1.453919 2.001148 -0.577172
-0.000000 2.367399 0.920338
2.251530 0.731566 0.920338
0.843010 1.160304 2.096337
1.364019 0.443197 2.096337
-1.161664 -0.000000 -2.258791
-1.161664 -0.000000 -2.258791
-1.161664 -0.000000 -2.258791
-0.000000 2.540000 -0.000000
-0.000000 2.540000 -0.000000
-0.000000 2.540000 -0.000000
1.391522 -1.915266 -0.920338
0.843010 -1.160304 -2.096337
2.251530 -0.731566 -0.920338
-1.391522 -1.915266 -0.920338
-0.843010 -1.160304 -2.096337
0.000000 -2.367399 -0.920338
0.000000 -2.473555 -0.577172
1.453919 -2.001148 -0.577172
0.000000 -2.367399 0.920338
0.000000 -1.715597 -1.873053
0.000000 -0.358311 -2.514600
1.008402 -1.387947 -1.873053
-0.784903 -0.000000 2.415684
0.784903 0.000000 2.415684
-0.784903 -0.000000 2.415684
0.000000 -2.540000 0.000000
0.000000 -2.540000 0.000000
0.000000 -2.540000 0.000000
0.000000 -2.473555 0.577172
0.000000 -2.367399 -0.920338
1.391522 -1.915266 -0.920338
0.000000 -1.434214 -2.096337
0.000000 0.000000 -2.540000
0.843010 -1.160304 -2.096337
0.000000 -2.473555 0.577172
0.000000 -2.367399 -0.920338
1.391522 -1.915266 -0.920338
0.000000 -1.434214 -2.096337
0.000000 0.000000 -2.540000
0.843010 -1.160304 -2.096337
0.000000 -2.540000 0.000000
0.000000 -2.540000 0.000000
0.000000 -2.540000 0.000000
-1.161664 -0.000000 2.258791
-1.161664 -0.000000 2.258791
-1.161664 -0.000000 2.258791
1.391522 1.915266 0.920338
1.453919 2.001148 -0.577172
-0.000000 2.367399 0.920338
-0.000000 2.367399 0.920338
-0.843010 1.160304 2.096337
-0.000000 1.434214 2.096337
1.453919 2.001148 0.577172
1.008402 1.387947 1.873053
1.631629 0.530149 1.873053
-0.000000 2.473555 0.577172
-1.453919 2.001148 0.577172
-0.000000 1.715597 1.873053
1.453919 -2.001148 0.577172
1.391522 -1.915266 -0.920338
2.352490 -0.764370 0.577172
1.453919 -2.001148 0.577172
0.000000 -2.367399 -0.920338
1.391522 -1.915266 -0.920338
1.453919 -2.001148 0.577172
0.000000 -2.473555 0.577172
1.391522 -1.915266 -0.920338
-1.453919 -2.001148 0.577172
0.000000 -2.473555 0.577172
-1.008402 -1.387947 1.873053
-1.161664 -0.000000 -2.258791
-1.161664 -0.000000 -2.258791
-1.161664 -0.000000 -2.258791
0.000000 -2.540000 0.000000
0.000000 -2.540000 0.000000
0.000000 -2.540000 0.000000
0.000000 -2.473555 -0.577172
1.453919 -2.001148 -0.577172
0.000000 -2.367399 0.920338
-1.453919 -2.001148 -0.577172
-1.008402 -1.387947 -1.873053
0.000000 -2.473555 -0.577172
-1.008402 1.387947 1.873053
0.276691 0.358311 2.499331
-0.000000 1.715597 1.873053
-0.000000 2.367399 -0.920338
-1.453919 2.001148 0.577172
-0.000000 2.473555 0.577172
1.391522 -1.915266 0.920338
0.843010 -1.160304 2.096337
0.000000 -2.367399 0.920338
1.391522 1.915266 0.920338
0.843010 1.160304 2.096337
2.251530 0.731566 0.920338
0.000000 -2.473555 -0.577172
0.000000 -1.715597 -1.873053
1.453919 -2.001148 -0.577172
2.251530 -0.731566 0.920338
1.364019 -0.443197 2.096337
1.391522 -1.915266 0.920338
-1.453919 -2.001148 -0.577172
-1.008402 -1.387947 -1.873053
0.000000 -2.473555 -0.577172
1.453919 -2.001148 -0.577172
0.000000 -2.473555 -0.577172
1.008402 -1.387947 -1.873053
-0.000000 2.367399 0.920338
1.453919 2.001148 -0.577172
-0.000000 2.473555 -0.577172
-0.000000 2.473555 -0.577172
-0.000000 1.715597 -1.873053
-1.453919 2.001148 -0.577172
-0.000000 2.367399 0.920338
1.453919 2.001148 -0.577172
-0.000000 2.473555 -0.577172
-1.453919 2.001148 -0.577172
-1.008402 1.387947 -1.873053
-2.352490 0.764370 -0.577172
1.391522 1.915266 -0.920338
0.843010 1.160304 -2.096337
-0.000000 2.367399 -0.920338
2.251530 0.731566 -0.920338
1.364019 -0.443197 -2.096337
1.364019 0.443197 -2.096337
-1.453919 -2.001148 0.577172
0.000000 -2.473555 0.577172
-1.008402 -1.387947 1.873053
0.000000 -1.434214 -2.096337
0.000000 0.000000 -2.540000
0.843010 -1.160304 -2.096337
-1.453919 -2.001148 0.577172
0.000000 -2.473555 0.577172
-1.008402 -1.387947 1.873053
1.008402 -1.387947 1.873053
1.453919 -2.001148 0.577172
1.631629 -0.530149 1.873053
-1.453919 -2.001148 0.577172
-1.391522 -1.915266 -0.920338
0.000000 -2.367399 -0.920338
0.000000 -2.473555 0.577172
1.008402 -1.387947 1.873053
0.000000 -1.715597 1.873053
1.391522 1.915266 0.920338
0.843010 1.160304 2.096337
2.251530 0.731566 0.920338
1.391522 -1.915266 0.920338
2.251530 -0.731566 0.920338
0.843010 -1.160304 2.096337
-1.364019 0.443197 2.096337
0.000000 0.000000 2.540000
-0.843010 1.160304 2.096337
0.000000 -1.434214 2.096337
0.000000 0.000000 2.540000
-0.843010 -1.160304 2.096337
0.000000 -1.434214 2.096337
0.000000 0.000000 2.540000
-0.843010 -1.160304 2.096337
-1.364019 0.443197 2.096337
0.000000 0.000000 2.540000
-0.843010 1.160304 2.096337
1.008402 -1.387947 1.873053
0.000000 -0.358311 2.514600
0.000000 -1.715597 1.873053
0.000000 -2.473555 0.577172
-1.453919 -2.001148 0.577172
0.000000 -2.367399 -0.920338
0.000000 -2.367399 -0.920338
-1.391522 -1.915266 -0.920338
-0.843010 -1.160304 -2.096337
-2.251530 -0.731566 -0.920338
-1.364019 -0.443197 -2.096337
-1.391522 -1.915266 -0.920338
-1.391522 -1.915266 0.920338
0.000000 -1.434214 2.096337
-0.843010 -1.160304 2.096337
0.000000 -2.367399 0.920338
0.000000 -1.434214 2.096337
-1.391522 -1.915266 0.920338
0.000000 -1.715597 -1.873053
-1.008402 -1.387947 -1.873053
0.000000 -0.358311 -2.514600
0.000000 -2.473555 -0.577172
0.000000 -2.367399 0.920338
-1.391522 -1.915266 0.920338
1.391522 -1.915266 -0.920338
0.000000 -1.434214 -2.096337
0.843010 -1.160304 -2.096337
2.352490 -0.764370 0.577172
1.391522 -1.915266 -0.920338
2.251530 -0.731566 -0.920338
-1.391522 1.915266 0.920338
-0.000000 2.473555 -0.577172
-1.453919 2.001148 -0.577172
-0.000000 1.715597 -1.873053
1.008402 1.387947 -1.873053
0.112048 0.358311 -2.512102
-2.054903 -0.000000 -1.492975
-2.199704 -0.000000 -1.270000
-2.540000 -0.000000 -0.000000
-0.000000 2.540000 -0.000000
-0.000000 2.540000 -0.000000
-0.000000 2.540000 -0.000000
0.000000 -2.540000 0.000000
0.000000 -2.540000 0.000000
0.000000 -2.540000 0.000000
2.540000 0.000000 0.000000
2.540000 0.000000 0.000000
2.540000 0.000000 0.000000
0.000000 -2.540000 0.000000
0.000000 -2.540000 0.000000
0.000000 -2.540000 0.000000
2.054903 0.000000 -1.492975
2.540000 0.000000 -0.000000
2.054903 0.000000 -1.492975
1.453919 -2.001148 -0.577172
1.391522 -1.915266 0.920338
0.000000 -2.367399 0.920338
2.251530 -0.731566 0.920338
1.453919 -2.001148 -0.577172
2.352490 -0.764370 -0.577172
-0.000000 2.473555 0.577172
-0.000000 1.715597 1.873053
1.008402 1.387947 1.873053
-0.000000 1.715597 1.873053
0.276691 0.358311 2.499331
1.008402 1.387947 1.873053
2.540000 0.000000 0.000000
2.540000 0.000000 0.000000
2.540000 0.000000 0.000000
-0.000000 2.540000 -0.000000
-0.000000 2.540000 -0.000000
-0.000000 2.540000 -0.000000
-1.453919 -2.001148 -0.577172
-1.008402 -1.387947 -1.873053
0.000000 -2.473555 -0.577172
1.453919 -2.001148 -0.577172
0.000000 -2.473555 -0.577172
1.008402 -1.387947 -1.873053
-0.000000 2.367399 0.920338
-0.000000 1.434214 2.096337
1.391522 1.915266 0.920338
-0.000000 2.367399 0.920338
-0.843010 1.160304 2.096337
-0.000000 1.434214 2.096337
0.000000 -2.367399 -0.920338
-1.391522 -1.915266 -0.920338
-0.843010 -1.160304 -2.096337
0.000000 -2.473555 0.577172
-1.453919 -2.001148 0.577172
0.000000 -2.367399 -0.920338
-0.000000 2.473555 -0.577172
1.453919 2.001148 -0.577172
-0.000000 1.715597 -1.873053
-1.391522 1.915266 0.920338
-0.000000 2.473555 -0.577172
-1.453919 2.001148 -0.577172
-0.000000 2.367399 -0.920338
-1.453919 2.001148 0.577172
-0.000000 2.473555 0.577172
-1.008402 1.387947 1.873053
0.276691 0.358311 2.499331
-0.000000 1.715597 1.873053
0.000000 -1.434214 -2.096337
-0.843010 -1.160304 -2.096337
0.000000 0.000000 -2.540000
0.000000 -2.473555 0.577172
-1.391522 -1.915266 -0.920338
0.000000 -2.367399 -0.920338
-1.008402 1.387947 1.873053
0.276691 0.358311 2.499331
-0.000000 1.715597 1.873053
-0.000000 2.367399 -0.920338
-1.453919 2.001148 0.577172
-0.000000 2.473555 0.577172
0.000000 -2.367399 0.920338
1.391522 -1.915266 0.920338
0.000000 -1.434214 2.096337
0.000000 -2.473555 -0.577172
1.453919 -2.001148 -0.577172
0.000000 -2.367399 0.920338
-0.000000 1.715597 -1.873053
0.112048 0.358311 -2.512102
-1.008402 1.387947 -1.873053
-1.391522 1.915266 0.920338
-0.000000 2.473555 -0.577172
-1.453919 2.001148 -0.577172
1.391522 1.915266 -0.920338
-0.000000 2.473555 0.577172
1.453919 2.001148 0.577172
-0.000000 2.473555 0.577172
-1.453919 2.001148 0.577172
-0.000000 1.715597 1.873053
-0.000000 -0.000000 2.540000
-0.784903 -0.000000 2.415684
-2.054903 -0.000000 1.492975
-0.000000 2.540000 -0.000000
-0.000000 2.540000 -0.000000
-0.000000 2.540000 -0.000000
1.391522 1.915266 0.920338
0.843010 1.160304 2.096337
2.251530 0.731566 0.920338
-0.000000 2.367399 0.920338
1.453919 2.001148 -0.577172
-0.000000 2.473555 -0.577172
0.000000 -2.473555 -0.577172
0.000000 -2.367399 0.920338
-1.453919 -2.001148 -0.577172
0.000000 -2.367399 0.920338
0.000000 -1.434214 2.096337
-1.391522 -1.915266 0.920338
-0.000000 2.367399 0.920338
-0.000000 2.473555 -0.577172
-1.391522 1.915266 0.920338
0.112048 0.358311 -2.512102
-1.453919 2.001148 -0.577172
-0.000000 1.715597 -1.873053
1.008402 -1.387947 1.873053
0.000000 -0.358311 2.514600
0.000000 -1.715597 1.873053
0.000000 -2.473555 0.577172
0.000000 -2.367399 -0.920338
1.453919 -2.001148 0.577172
-1.161664 -0.000000 2.258791
-1.161664 -0.000000 2.258791
-1.161664 -0.000000 2.258791
-0.000000 2.540000 -0.000000
-0.000000 2.540000 -0.000000
-0.000000 2.540000 -0.000000
1.008402 -1.387947 1.873053
0.000000 -0.358311 2.514600
0.000000 -1.715597 1.873053
0.000000 -2.473555 0.577172
0.000000 -2.367399 -0.920338
1.453919 -2.001148 0.577172
2.251530 0.731566 0.920338
2.352490 0.764370 -0.577172
1.391522 1.915266 0.920338
1.391522 1.915266 0.920338
0.843010 1.160304 2.096337
2.251530 0.731566 0.920338
2.251530 0.731566 0.920338
2.352490 0.764370 -0.577172
1.391522 1.915266 0.920338
1.391522 1.915266 0.920338
0.843010 1.160304 2.096337
2.251530 0.731566 0.920338
-0.000000 2.367399 -0.920338
-1.453919 2.001148 0.577172
-0.000000 2.473555 0.577172
-0.000000 1.434214 -2.096337
-1.391522 1.915266 -0.920338
-0.000000 2.367399 -0.920338
-0.000000 2.367399 -0.920338
-1.453919 2.001148 0.577172
-0.000000 2.473555 0.577172
-0.000000 1.434214 -2.096337
-1.391522 1.915266 -0.920338
-0.000000 2.367399 -0.920338
0.000000 -2.473555 0.577172
1.008402 -1.387947 1.873053
0.000000 -1.715597 1.873053
0.000000 -2.473555 0.577172
0.000000 -1.715597 1.873053
-1.453919 -2.001148 0.577172
2.251530 -0.731566 0.920338
1.364019 0.443197 2.096337
1.364019 -0.443197 2.096337
1.391522 -1.915266 0.920338
1.453919 -2.001148 -0.577172
2.251530 -0.731566 0.920338
0.000000 -2.473555 -0.577172
-1.453919 -2.001148 -0.577172
0.000000 -1.715597 -1.873053
-1.391522 -1.915266 0.920338
0.000000 -1.434214 2.096337
-0.843010 -1.160304 2.096337
0.000000 -2.473555 0.577172
-1.453919 -2.001148 0.577172
0.000000 -2.367399 -0.920338
0.000000 -2.473555 0.577172
0.000000 -1.715597 1.873053
-1.008402 -1.387947 1.873053
-1.453919 2.001148 0.577172
-0.000000 2.473555 0.577172
-1.391522 1.915266 -0.920338
-1.453919 2.001148 0.577172
-1.630502 0.533607 1.873053
-1.008402 1.387947 1.873053
1.453919 -2.001148 0.577172
0.000000 -2.473555 0.577172
1.391522 -1.915266 -0.920338
1.453919 2.001148 0.577172
1.391522 1.915266 -0.920338
-0.000000 2.367399 -0.920338
1.391522 1.915266 -0.920338
1.453919 2.001148 0.577172
2.251530 0.731566 -0.920338
1.453919 -2.001148 0.577172
1.391522 -1.915266 -0.920338
2.352490 -0.764370 0.577172
0.000000 -2.473555 -0.577172
0.000000 -2.367399 0.920338
-1.453919 -2.001148 -0.577172
0.000000 -2.367399 0.920338
0.000000 -1.434214 2.096337
-1.391522 -1.915266 0.920338
1.008402 1.387947 -1.873053
1.384429 0.358311 -2.099183
0.112048 0.358311 -2.512102
-0.000000 2.473555 -0.577172
-0.000000 1.715597 -1.873053
-1.008402 1.387947 -1.873053
-0.000000 2.540000 -0.000000
-0.000000 2.540000 -0.000000
-0.000000 2.540000 -0.000000
2.540000 0.000000 0.000000
2.540000 0.000000 0.000000
2.540000 0.000000 0.000000
0.000000 -2.367399 -0.920338
0.000000 -1.434214 -2.096337
0.843010 -1.160304 -2.096337
-1.453919 -2.001148 0.577172
-1.391522 -1.915266 -0.920338
0.000000 -2.367399 -0.920338
-1.391522 -1.915266 0.920338
-0.843010 -1.160304 2.096337
-2.251530 -0.731566 0.920338
-1.391522 -1.915266 0.920338
0.000000 -1.434214 2.096337
-0.843010 -1.160304 2.096337
0.000000 -2.367399 -0.920338
0.000000 -1.434214 -2.096337
0.843010 -1.160304 -2.096337
-1.453919 -2.001148 0.577172
-1.391522 -1.915266 -0.920338
0.000000 -2.367399 -0.920338
-0.000000 2.367399 0.920338
1.453919 2.001148 -0.577172
-0.000000 2.473555 -0.577172
-0.000000 1.715597 -1.873053
0.112048 0.358311 -2.512102
-1.008402 1.387947 -1.873053
1.391522 -1.915266 0.920338
0.843010 -1.160304 2.096337
0.000000 -1.434214 2.096337
-1.364019 0.443197 2.096337
0.000000 0.000000 2.540000
-0.843010 1.160304 2.096337
0.000000 -2.473555 0.577172
0.000000 -2.367399 -0.920338
1.391522 -1.915266 -0.920338
-1.391522 1.915266 -0.920338
-1.453919 2.001148 0.577172
-0.000000 2.367399 -0.920338
1.453919 2.001148 0.577172
2.251530 0.731566 -0.920338
1.391522 1.915266 -0.920338
0.000000 -2.473555 0.577172
-1.453919 -2.001148 0.577172
0.000000 -2.367399 -0.920338
2.540000 0.000000 0.000000
2.540000 0.000000 0.000000
2.540000 0.000000 0.000000
0.000000 -2.540000 0.000000
0.000000 -2.540000 0.000000
0.000000 -2.540000 0.000000
1.105028 0.000000 -2.287032
0.000000 0.000000 -2.540000
-0.279486 -0.000000 -2.524577
-0.000000 2.473555 0.577172
-1.453919 2.001148 0.577172
-0.000000 1.715597 1.873053
-1.453919 -2.001148 0.577172
0.000000 -2.473555 0.577172
-1.008402 -1.387947 1.873053
-1.453919 -2.001148 0.577172
-1.008402 -1.387947 1.873053
-2.352490 -0.764370 0.577172
1.391522 -1.915266 -0.920338
0.000000 -1.434214 -2.096337
0.843010 -1.160304 -2.096337
0.843010 1.160304 -2.096337
0.000000 0.000000 -2.540000
-0.000000 1.434214 -2.096337
1.453919 -2.001148 -0.577172
1.391522 -1.915266 0.920338
0.000000 -2.473555 -0.577172
-0.000000 2.473555 -0.577172
-0.000000 2.367399 0.920338
1.453919 2.001148 -0.577172
1.453919 2.001148 -0.577172
1.631629 0.530149 -1.873053
1.008402 1.387947 -1.873053
0.000000 -2.473555 -0.577172
0.000000 -1.715597 -1.873053
1.008402 -1.387947 -1.873053
0.000000 -2.473555 -0.577172
0.000000 -1.715597 -1.873053
1.453919 -2.001148 -0.577172
0.000000 -2.473555 -0.577172
0.000000 -2.367399 0.920338
-1.453919 -2.001148 -0.577172
-0.000000 2.367399 -0.920338
-1.453919 2.001148 0.577172
-0.000000 2.473555 0.577172
-0.843010 1.160304 -2.096337
-1.391522 1.915266 -0.920338
-0.000000 1.434214 -2.096337
-0.000000 2.367399 -0.920338
-1.453919 2.001148 0.577172
-0.000000 2.473555 0.577172
-0.843010 1.160304 -2.096337
-1.391522 1.915266 -0.920338
-0.000000 1.434214 -2.096337
0.000000 -2.473555 -0.577172
-1.453919 -2.001148 -0.577172
-1.008402 -1.387947 -1.873053
0.000000 -2.473555 -0.577172
0.000000 -2.367399 0.920338
-1.391522 -1.915266 0.920338
2.251530 -0.731566 0.920338
1.364019 -0.443197 2.096337
1.391522 -1.915266 0.920338
1.391522 -1.915266 0.920338
1.364019 -0.443197 2.096337
0.843010 -1.160304 2.096337
0.000000 -2.367399 -0.920338
-1.391522 -1.915266 -0.920338
0.000000 -1.434214 -2.096337
0.000000 -2.473555 0.577172
-1.453919 -2.001148 0.577172
0.000000 -2.367399 -0.920338
-0.000000 1.715597 1.873053
0.276691 0.358311 2.499331
1.008402 1.387947 1.873053
-0.000000 2.473555 0.577172
-1.453919 2.001148 0.577172
-0.000000 1.715597 1.873053
-0.000000 2.367399 0.920338
-0.000000 1.434214 2.096337
1.391522 1.915266 0.920338
2.251530 0.731566 0.920338
1.364019 0.443197 2.096337
2.251530 -0.731566 0.920338
-1.364019 -0.443197 -2.096337
-1.363784 0.443920 -2.096337
0.000000 0.000000 -2.540000
1.391522 -1.915266 -0.920338
0.000000 -1.434214 -2.096337
0.843010 -1.160304 -2.096337
-1.391522 1.915266 -0.920338
-1.453919 2.001148 0.577172
-0.000000 2.367399 -0.920338
-0.000000 1.434214 -2.096337
-0.000000 2.367399 -0.920338
0.843010 1.160304 -2.096337
0.000000 -2.367399 -0.920338
-0.843010 -1.160304 -2.096337
0.000000 -1.434214 -2.096337
-0.843010 1.160304 -2.096337
-1.391522 1.915266 -0.920338
-0.000000 1.434214 -2.096337
0.000000 -2.367399 -0.920338
-0.843010 -1.160304 -2.096337
0.000000 -1.434214 -2.096337
-0.843010 1.160304 -2.096337
-1.391522 1.915266 -0.920338
-0.000000 1.434214 -2.096337
-0.843010 1.160304 -2.096337
-1.391522 1.915266 -0.920338
-0.000000 1.434214 -2.096337
0.000000 -2.367399 -0.920338
-0.843010 -1.160304 -2.096337
0.000000 -1.434214 -2.096337
0.000000 -2.473555 0.577172
1.008402 -1.387947 1.873053
0.000000 -1.715597 1.873053
0.000000 -0.358311 2.514600
1.008402 -1.387947 1.873053
1.257300 -0.358311 2.177707
1.391522 -1.915266 0.920338
2.251530 -0.731566 0.920338
0.843010 -1.160304 2.096337
2.251530 0.731566 0.920338
0.843010 1.160304 2.096337
1.364019 0.443197 2.096337
0.000000 -2.367399 -0.920338
0.000000 -1.434214 -2.096337
1.391522 -1.915266 -0.920338
1.453919 -2.001148 0.577172
0.000000 -2.473555 0.577172
1.391522 -1.915266 -0.920338
1.453919 -2.001148 0.577172
1.008402 -1.387947 1.873053
0.000000 -2.473555 0.577172
0.000000 -2.473555 0.577172
0.000000 -2.367399 -0.920338
1.453919 -2.001148 0.577172
-0.843010 1.160304 -2.096337
-2.250753 0.733953 -0.920338
-1.391522 1.915266 -0.920338
-0.000000 1.434214 -2.096337
-1.391522 1.915266 -0.920338
-0.000000 2.367399 -0.920338
-1.453919 2.001148 0.577172
-1.008402 1.387947 1.873053
-0.000000 2.473555 0.577172
-0.000000 1.434214 -2.096337
-1.391522 1.915266 -0.920338
-0.000000 2.367399 -0.920338
-0.000000 2.367399 0.920338
-0.000000 2.473555 -0.577172
-1.391522 1.915266 0.920338
-0.843010 1.160304 2.096337
0.000000 0.000000 2.540000
-0.000000 1.434214 2.096337
-0.000000 2.367399 0.920338
-0.000000 2.473555 -0.577172
-1.391522 1.915266 0.920338
-0.843010 1.160304 2.096337
0.000000 0.000000 2.540000
-0.000000 1.434214 2.096337
-0.000000 1.715597 -1.873053
0.112048 0.358311 -2.512102
-1.008402 1.387947 -1.873053
-1.391522 1.915266 0.920338
-0.000000 2.473555 -0.577172
-1.453919 2.001148 -0.577172
-1.391522 -1.915266 0.920338
0.000000 -1.434214 2.096337
-0.843010 -1.160304 2.096337
-0.843010 1.160304 2.096337
0.000000 0.000000 2.540000
-0.000000 1.434214 2.096337
-1.453919 -2.001148 -0.577172
-1.008402 -1.387947 -1.873053
0.000000 -2.473555 -0.577172
0.000000 -2.473555 -0.577172
0.000000 -1.715597 -1.873053
1.008402 -1.387947 -1.873053
2.251530 -0.731566 0.920338
1.453919 -2.001148 -0.577172
2.352490 -0.764370 -0.577172
0.918288 -0.358311 -2.340931
1.008402 -1.387947 -1.873053
0.000000 -1.715597 -1.873053
1.391522 1.915266 -0.920338
-0.000000 2.473555 0.577172
1.453919 2.001148 0.577172
-0.000000 2.473555 0.577172
-1.453919 2.001148 0.577172
-0.000000 1.715597 1.873053
-0.000000 1.434214 -2.096337
-1.391522 1.915266 -0.920338
-0.000000 2.367399 -0.920338
-0.000000 1.434214 -2.096337
0.000000 0.000000 -2.540000
-0.843010 1.160304 -2.096337
-0.000000 2.473555 0.577172
-1.453919 2.001148 0.577172
-0.000000 1.715597 1.873053
1.391522 1.915266 -0.920338
-0.000000 2.473555 0.577172
1.453919 2.001148 0.577172
0.000000 -2.473555 -0.577172
0.000000 -2.367399 0.920338
-1.453919 -2.001148 -0.577172
0.000000 -2.367399 0.920338
0.000000 -1.434214 2.096337
-1.391522 -1.915266 0.920338
0.000000 -2.473555 -0.577172
0.000000 -2.367399 0.920338
-1.453919 -2.001148 -0.577172
0.000000 -2.367399 0.920338
0.000000 -1.434214 2.096337
-1.391522 -1.915266 0.920338
-1.391522 1.915266 0.920338
-0.000000 2.473555 -0.577172
-1.453919 2.001148 -0.577172
-0.000000 2.367399 0.920338
-0.843010 1.160304 2.096337
-0.000000 1.434214 2.096337
-0.000000 2.367399 0.920338
-0.000000 2.473555 -0.577172
-1.391522 1.915266 0.920338
-0.843010 1.160304 2.096337
0.000000 0.000000 2.540000
-0.000000 1.434214 2.096337
0.000000 -2.473555 0.577172
0.000000 -2.367399 -0.920338
1.453919 -2.001148 0.577172
1.008402 -1.387947 1.873053
0.000000 -2.473555 0.577172
1.453919 -2.001148 0.577172
0.000000 -2.473555 0.577172
0.000000 -2.367399 -0.920338
1.453919 -2.001148 0.577172
0.000000 -2.473555 0.577172
1.008402 -1.387947 1.873053
0.000000 -1.715597 1.873053
0.112048 0.358311 -2.512102
-1.453919 2.001148 -0.577172
-0.000000 1.715597 -1.873053
-0.000000 2.367399 0.920338
-0.000000 2.473555 -0.577172
-1.391522 1.915266 0.920338
0.000000 -2.473555 0.577172
-1.453919 -2.001148 0.577172
0.000000 -2.367399 -0.920338
0.000000 -2.367399 -0.920338
-1.391522 -1.915266 -0.920338
-0.843010 -1.160304 -2.096337
0.000000 -2.367399 -0.920338
-1.391522 -1.915266 -0.920338
-0.843010 -1.160304 -2.096337
0.000000 -2.473555 0.577172
-1.453919 -2.001148 0.577172
0.000000 -2.367399 -0.920338
0.000000 -2.473555 0.577172
1.008402 -1.387947 1.873053
0.000000 -1.715597 1.873053
-1.453919 -2.001148 0.577172
0.000000 -2.473555 0.577172
-1.008402 -1.387947 1.873053
-2.251530 -0.731566 0.920338
-0.843010 -1.160304 2.096337
-1.364019 -0.443197 2.096337
-0.843010 1.160304 2.096337
0.000000 0.000000 2.540000
-0.000000 1.434214 2.096337
-1.453919 -2.001148 0.577172
0.000000 -2.473555 0.577172
-1.008402 -1.387947 1.873053
0.000000 -2.473555 0.577172
1.008402 -1.387947 1.873053
0.000000 -1.715597 1.873053
1.391522 -1.915266 -0.920338
0.843010 -1.160304 -2.096337
2.251530 -0.731566 -0.920338
1.391522 1.915266 -0.920338
2.251530 0.731566 -0.920338
0.843010 1.160304 -2.096337
1.391522 -1.915266 -0.920338
0.843010 -1.160304 -2.096337
2.251530 -0.731566 -0.920338
1.391522 1.915266 -0.920338
2.251530 0.731566 -0.920338
0.843010 1.160304 -2.096337
-0.000000 2.367399 0.920338
-0.000000 2.473555 -0.577172
-1.391522 1.915266 0.920338
-1.391522 1.915266 0.920338
-0.843010 1.160304 2.096337
-0.000000 1.434214 2.096337
-0.000000 2.540000 -0.000000
-0.000000 2.540000 -0.000000
-0.000000 2.540000 -0.000000
2.054903 0.000000 1.492975
2.199704 0.000000 1.270000
2.540000 0.000000 0.000000
0.000000 -2.367399 0.920338
0.000000 -1.434214 2.096337
-1.391522 -1.915266 0.920338
-1.391522 1.915266 0.920338
-0.843010 1.160304 2.096337
-0.000000 2.367399 0.920338
0.000000 -2.473555 -0.577172
0.000000 -2.367399 0.920338
-1.391522 -1.915266 0.920338
-1.453919 2.001148 -0.577172
-1.391522 1.915266 0.920338
-0.000000 2.367399 0.920338
0.000000 -2.367399 -0.920338
-1.391522 -1.915266 -0.920338
0.000000 -1.434214 -2.096337
0.000000 -2.473555 0.577172
-1.453919 -2.001148 0.577172
0.000000 -2.367399 -0.920338
0.000000 -2.473555 -0.577172
-1.453919 -2.001148 -0.577172
-1.008402 -1.387947 -1.873053
0.000000 -2.473555 -0.577172
0.000000 -2.367399 0.920338
-1.453919 -2.001148 -0.577172
2.251530 0.731566 0.920338
2.352490 0.764370 -0.577172
1.391522 1.915266 0.920338
1.391522 1.915266 0.920338
0.843010 1.160304 2.096337
2.251530 0.731566 0.920338
1.391522 1.915266 -0.920338
2.251530 0.731566 -0.920338
0.843010 1.160304 -2.096337
1.364019 -0.443197 -2.096337
2.251530 -0.731566 -0.920338
0.843010 -1.160304 -2.096337
1.391522 1.915266 -0.920338
2.251530 0.731566 -0.920338
0.843010 1.160304 -2.096337
1.364019 -0.443197 -2.096337
2.251530 -0.731566 -0.920338
0.843010 -1.160304 -2.096337
1.391522 1.915266 -0.920338
2.251530 0.731566 -0.920338
0.843010 1.160304 -2.096337
1.364019 -0.443197 -2.096337
2.251530 -0.731566 -0.920338
0.843010 -1.160304 -2.096337
2.251530 0.731566 -0.920338
1.364019 0.443197 -2.096337
1.391522 1.915266 -0.920338
1.364019 -0.443197 -2.096337
2.251530 -0.731566 -0.920338
0.843010 -1.160304 -2.096337
0.000000 -2.473555 -0.577172
0.000000 -1.715597 -1.873053
1.008402 -1.387947 -1.873053
0.000000 -2.473555 -0.577172
1.453919 -2.001148 -0.577172
0.000000 -2.367399 0.920338
0.000000 -2.473555 -0.577172
-1.008402 -1.387947 -1.873053
0.000000 -1.715597 -1.873053
1.453919 -2.001148 -0.577172
0.000000 -2.473555 -0.577172
1.008402 -1.387947 -1.873053
-1.453919 -2.001148 -0.577172
-1.008402 -1.387947 -1.873053
0.000000 -2.473555 -0.577172
0.000000 -2.473555 -0.577172
0.000000 -1.715597 -1.873053
1.008402 -1.387947 -1.873053
1.453919 2.001148 0.577172
1.008402 1.387947 1.873053
2.352490 0.764370 0.577172
-0.000000 2.473555 0.577172
-1.008402 1.387947 1.873053
-0.000000 1.715597 1.873053
1.453919 -2.001148 0.577172
1.391522 -1.915266 -0.920338
2.352490 -0.764370 0.577172
1.453919 -2.001148 0.577172
0.000000 -2.473555 0.577172
1.391522 -1.915266 -0.920338
-1.391522 1.915266 -0.920338
-0.000000 1.434214 -2.096337
-0.843010 1.160304 -2.096337
0.000000 -2.367399 -0.920338
-0.843010 -1.160304 -2.096337
0.000000 -1.434214 -2.096337
0.000000 -1.715597 -1.873053
-1.008402 -1.387947 -1.873053
0.000000 -0.358311 -2.514600
0.000000 -2.473555 -0.577172
-1.008402 -1.387947 -1.873053
0.000000 -1.715597 -1.873053
-0.000000 2.367399 0.920338
1.453919 2.001148 -0.577172
-0.000000 2.473555 -0.577172
1.391522 1.915266 0.920338
-0.000000 1.434214 2.096337
0.843010 1.160304 2.096337
-0.000000 2.367399 0.920338
1.453919 2.001148 -0.577172
-0.000000 2.473555 -0.577172
0.843010 1.160304 2.096337
1.391522 1.915266 0.920338
-0.000000 1.434214 2.096337
1.364019 0.443197 -2.096337
1.391522 1.915266 -0.920338
2.251530 0.731566 -0.920338
-0.000000 1.434214 -2.096337
-1.391522 1.915266 -0.920338
-0.000000 2.367399 -0.920338
1.364019 0.443197 -2.096337
1.391522 1.915266 -0.920338
2.251530 0.731566 -0.920338
-0.000000 1.434214 -2.096337
-1.391522 1.915266 -0.920338
-0.000000 2.367399 -0.920338
0.000000 -2.473555 -0.577172
-1.453919 -2.001148 -0.577172
-1.008402 -1.387947 -1.873053
0.000000 -2.473555 -0.577172
0.000000 -2.367399 0.920338
-1.391522 -1.915266 0.920338
-1.008402 -1.387947 -1.873053
-1.453919 -2.001148 -0.577172
-1.631629 -0.530149 -1.873053
0.000000 -2.473555 -0.577172
-1.453919 -2.001148 -0.577172
0.000000 -1.715597 -1.873053
-0.000000 1.715597 1.873053
1.453919 2.001148 0.577172
-0.000000 2.473555 0.577172
-1.453919 2.001148 0.577172
-1.008402 1.387947 1.873053
-0.000000 2.473555 0.577172
1.453919 -2.001148 0.577172
0.000000 -2.473555 0.577172
1.391522 -1.915266 -0.920338
1.453919 -2.001148 0.577172
1.391522 -1.915266 -0.920338
2.352490 -0.764370 0.577172
1.391522 -1.915266 0.920338
1.453919 -2.001148 -0.577172
2.251530 -0.731566 0.920338
2.251530 -0.731566 0.920338
1.453919 -2.001148 -0.577172
2.352490 -0.764370 -0.577172
-0.000000 2.473555 0.577172
-1.008402 1.387947 1.873053
-0.000000 1.715597 1.873053
-1.008402 1.387947 1.873053
0.276691 0.358311 2.499331
-0.000000 1.715597 1.873053
1.391522 -1.915266 0.920338
0.843010 -1.160304 2.096337
0.000000 -2.367399 0.920338
0.000000 -2.367399 0.920338
0.000000 -1.434214 2.096337
-1.391522 -1.915266 0.920338
0.000000 -2.367399 0.920338
1.391522 -1.915266 0.920338
0.000000 -1.434214 2.096337
2.251530 -0.731566 0.920338
1.364019 0.443197 2.096337
1.364019 -0.443197 2.096337
2.251530 0.731566 0.920338
0.843010 1.160304 2.096337
1.364019 0.443197 2.096337
-0.000000 2.367399 0.920338
-0.000000 1.434214 2.096337
1.391522 1.915266 0.920338
0.000000 -1.715597 -1.873053
0.000000 -0.358311 -2.514600
1.008402 -1.387947 -1.873053
0.000000 -2.473555 -0.577172
0.000000 -1.715597 -1.873053
1.008402 -1.387947 -1.873053
-0.000000 2.473555 -0.577172
1.453919 2.001148 -0.577172
-0.000000 1.715597 -1.873053
-0.000000 1.715597 -1.873053
1.008402 1.387947 -1.873053
0.112048 0.358311 -2.512102
-0.000000 2.473555 -0.577172
1.453919 2.001148 -0.577172
-0.000000 1.715597 -1.873053
-0.000000 1.715597 -1.873053
1.008402 1.387947 -1.873053
0.112048 0.358311 -2.512102
0.000000 -2.473555 -0.577172
-1.453919 -2.001148 -0.577172
0.000000 -1.715597 -1.873053
-1.008402 -1.387947 -1.873053
-1.453919 -2.001148 -0.577172
-1.631629 -0.530149 -1.873053
0.000000 -2.473555 0.577172
0.000000 -1.715597 1.873053
-1.008402 -1.387947 1.873053
0.000000 -0.358311 2.514600
-1.008402 -1.387947 1.873053
0.000000 -1.715597 1.873053
0.000000 -0.358311 2.514600
-1.008402 -1.387947 1.873053
0.000000 -1.715597 1.873053
0.000000 -2.473555 0.577172
0.000000 -1.715597 1.873053
-1.008402 -1.387947 1.873053
0.000000 -2.367399 -0.920338
-1.391522 -1.915266 -0.920338
-0.843010 -1.160304 -2.096337
-1.453919 -2.001148 0.577172
-1.391522 -1.915266 -0.920338
0.000000 -2.367399 -0.920338
-0.000000 2.473555 0.577172
-0.000000 2.367399 -0.920338
-1.391522 1.915266 -0.920338
-1.391522 1.915266 -0.920338
-0.000000 2.367399 -0.920338
-0.000000 1.434214 -2.096337
0.000000 -2.473555 0.577172
1.008402 -1.387947 1.873053
0.000000 -1.715597 1.873053
1.008402 -1.387947 1.873053
0.000000 -0.358311 2.514600
0.000000 -1.715597 1.873053
-1.453919 2.001148 -0.577172
-1.008402 1.387947 -1.873053
-2.352490 0.764370 -0.577172
-2.251530 0.731566 0.920338
-1.364019 0.443197 2.096337
-1.391522 1.915266 0.920338
-1.391522 1.915266 0.920338
-0.843010 1.160304 2.096337
-0.000000 2.367399 0.920338
-0.000000 2.367399 0.920338
-0.000000 2.473555 -0.577172
-1.391522 1.915266 0.920338
-1.391522 1.915266 -0.920338
-1.453919 2.001148 0.577172
-0.000000 2.367399 -0.920338
-0.000000 1.434214 -2.096337
-0.000000 2.367399 -0.920338
0.843010 1.160304 -2.096337
2.251530 -0.731566 0.920338
1.453919 -2.001148 -0.577172
2.352490 -0.764370 -0.577172
2.251530 -0.731566 0.920338
1.364019 -0.443197 2.096337
1.391522 -1.915266 0.920338
1.391522 -1.915266 -0.920338
0.843010 -1.160304 -2.096337
2.251530 -0.731566 -0.920338
2.251530 0.731566 -0.920338
1.364019 0.443197 -2.096337
1.391522 1.915266 -0.920338
-1.391522 1.915266 -0.920338
-1.453919 2.001148 0.577172
-0.000000 2.367399 -0.920338
-0.000000 1.434214 -2.096337
-0.000000 2.367399 -0.920338
0.843010 1.160304 -2.096337
2.251530 -0.731566 0.920338
1.364019 0.443197 2.096337
1.364019 -0.443197 2.096337
0.000000 -1.434214 2.096337
0.000000 0.000000 2.540000
-0.843010 -1.160304 2.096337
-2.251530 -0.731566 -0.920338
-1.364019 -0.443197 -2.096337
-1.391522 -1.915266 -0.920338
0.000000 -1.434214 -2.096337
0.000000 0.000000 -2.540000
0.843010 -1.160304 -2.096337
-1.453919 2.001148 0.577172
-1.008402 1.387947 1.873053
-0.000000 1.715597 1.873053
-1.453919 2.001148 0.577172
-1.391522 1.915266 -0.920338
-2.351272 0.768110 0.577172
1.364019 0.443197 -2.096337
2.251530 0.731566 -0.920338
1.364019 -0.443197 -2.096337
-0.000000 1.434214 -2.096337
0.000000 0.000000 -2.540000
-0.843010 1.160304 -2.096337
-0.000000 1.434214 -2.096337
0.000000 0.000000 -2.540000
-0.843010 1.160304 -2.096337
1.364019 0.443197 -2.096337
2.251530 0.731566 -0.920338
1.364019 -0.443197 -2.096337
-0.000000 1.434214 -2.096337
0.000000 0.000000 -2.540000
-0.843010 1.160304 -2.096337
1.364019 0.443197 -2.096337
2.251530 0.731566 -0.920338
1.364019 -0.443197 -2.096337
1.391522 -1.915266 -0.920338
0.000000 -2.367399 -0.920338
0.843010 -1.160304 -2.096337
0.000000 -2.367399 -0.920338
-0.843010 -1.160304 -2.096337
0.000000 -1.434214 -2.096337
-0.000000 2.367399 0.920338
-0.000000 1.434214 2.096337
1.391522 1.915266 0.920338
-0.000000 2.367399 0.920338
-0.843010 1.160304 2.096337
-0.000000 1.434214 2.096337
-0.000000 2.367399 0.920338
-0.000000 1.434214 2.096337
1.391522 1.915266 0.920338
-0.000000 2.367399 0.920338
-0.843010 1.160304 2.096337
-0.000000 1.434214 2.096337
2.251530 -0.731566 0.920338
1.364019 0.443197 2.096337
1.364019 -0.443197 2.096337
0.000000 -1.434214 2.096337
0.000000 0.000000 2.540000
-0.843010 -1.160304 2.096337
0.000000 -2.473555 0.577172
1.008402 -1.387947 1.873053
0.000000 -1.715597 1.873053
1.008402 -1.387947 1.873053
0.000000 -0.358311 2.514600
0.000000 -1.715597 1.873053
0.000000 -2.473555 0.577172
0.000000 -1.715597 1.873053
-1.453919 -2.001148 0.577172
-1.453919 -2.001148 0.577172
-1.008402 -1.387947 1.873053
-2.352490 -0.764370 0.577172
0.000000 -0.358311 -2.514600
-1.008402 -1.387947 -1.873053
-1.257300 -0.358311 -2.177707
1.453919 -2.001148 -0.577172
0.000000 -1.715597 -1.873053
1.008402 -1.387947 -1.873053
-0.000000 2.367399 -0.920338
-1.453919 2.001148 0.577172
-0.000000 2.473555 0.577172
-0.000000 1.434214 -2.096337
-1.391522 1.915266 -0.920338
-0.000000 2.367399 -0.920338
-1.391522 -1.915266 -0.920338
-0.843010 -1.160304 -2.096337
0.000000 -1.434214 -2.096337
-0.000000 1.434214 -2.096337
0.000000 0.000000 -2.540000
-0.843010 1.160304 -2.096337
1.391522 -1.915266 0.920338
0.843010 -1.160304 2.096337
0.000000 -2.367399 0.920338
2.251530 -0.731566 0.920338
1.364019 -0.443197 2.096337
1.391522 -1.915266 0.920338
-1.364019 -0.443197 -2.096337
-0.843010 -1.160304 -2.096337
-1.391522 -1.915266 -0.920338
0.000000 -2.367399 -0.920338
-1.391522 -1.915266 -0.920338
0.000000 -1.434214 -2.096337
-1.008402 -1.387947 -1.873053
-1.453919 -2.001148 -0.577172
-1.631629 -0.530149 -1.873053
-1.453919 -2.001148 -0.577172
-1.008402 -1.387947 -1.873053
0.000000 -2.473555 -0.577172
2.251530 -0.731566 0.920338
1.453919 -2.001148 -0.577172
2.352490 -0.764370 -0.577172
2.251530 -0.731566 0.920338
1.364019 -0.443197 2.096337
1.391522 -1.915266 0.920338
-0.843010 1.160304 -2.096337
0.000000 0.000000 -2.540000
-1.363784 0.443920 -2.096337
0.000000 -2.367399 -0.920338
-0.843010 -1.160304 -2.096337
0.000000 -1.434214 -2.096337
-0.843010 1.160304 -2.096337
0.000000 0.000000 -2.540000
-1.363784 0.443920 -2.096337
0.000000 -2.367399 -0.920338
-0.843010 -1.160304 -2.096337
0.000000 -1.434214 -2.096337
-0.843010 1.160304 -2.096337
0.000000 0.000000 -2.540000
-1.363784 0.443920 -2.096337
0.000000 -2.367399 -0.920338
-0.843010 -1.160304 -2.096337
0.000000 -1.434214 -2.096337
-0.000000 2.540000 -0.000000
-0.000000 2.540000 -0.000000
-0.000000 2.540000 -0.000000
-2.540000 -0.000000 -0.000000
-2.540000 -0.000000 -0.000000
-2.540000 -0.000000 -0.000000
1.391522 1.915266 -0.920338
-0.000000 2.473555 0.577172
1.453919 2.001148 0.577172
-0.000000 2.473555 0.577172
-0.000000 1.715597 1.873053
1.008402 1.387947 1.873053
-0.000000 2.473555 -0.577172
-0.000000 1.715597 -1.873053
-1.008402 1.387947 -1.873053
-1.453919 2.001148 -0.577172
-0.000000 2.473555 -0.577172
-1.008402 1.387947 -1.873053
-0.000000 1.434214 2.096337
0.000000 0.000000 2.540000
0.843010 1.160304 2.096337
2.251530 -0.731566 0.920338
1.364019 -0.443197 2.096337
0.843010 -1.160304 2.096337
2.251530 -0.731566 0.920338
1.364019 -0.443197 2.096337
0.843010 -1.160304 2.096337
-0.000000 1.434214 2.096337
0.000000 0.000000 2.540000
0.843010 1.160304 2.096337
-0.000000 2.473555 -0.577172
1.008402 1.387947 -1.873053
-0.000000 1.715597 -1.873053
1.453919 2.001148 -0.577172
1.008402 1.387947 -1.873053
-0.000000 2.473555 -0.577172
2.251530 -0.731566 0.920338
1.364019 0.443197 2.096337
1.364019 -0.443197 2.096337
0.000000 -1.434214 2.096337
0.000000 0.000000 2.540000
-0.843010 -1.160304 2.096337
-0.000000 2.473555 -0.577172
-0.000000 1.715597 -1.873053
-1.453919 2.001148 -0.577172
-0.000000 1.715597 -1.873053
0.112048 0.358311 -2.512102
-1.008402 1.387947 -1.873053
1.453919 2.001148 0.577172
1.008402 1.387947 1.873053
2.352490 0.764370 0.577172
1.453919 2.001148 0.577172
-0.000000 1.715597 1.873053
1.008402 1.387947 1.873053
-0.000000 2.367399 -0.920338
-1.453919 2.001148 0.577172
-0.000000 2.473555 0.577172
0.000000 -2.473555 0.577172
0.000000 -2.367399 -0.920338
1.453919 -2.001148 0.577172
0.000000 -2.473555 0.577172
-1.391522 -1.915266 -0.920338
0.000000 -2.367399 -0.920338
1.391522 1.915266 -0.920338
-0.000000 2.473555 0.577172
1.453919 2.001148 0.577172
1.391522 1.915266 -0.920338
-0.000000 2.473555 0.577172
1.453919 2.001148 0.577172
0.000000 -2.473555 0.577172
0.000000 -2.367399 -0.920338
1.391522 -1.915266 -0.920338
0.000000 -2.473555 0.577172
-1.453919 -2.001148 0.577172
0.000000 -2.367399 -0.920338
-0.000000 2.367399 -0.920338
-1.453919 2.001148 0.577172
-0.000000 2.473555 0.577172
-0.843010 1.160304 2.096337
-0.000000 1.434214 2.096337
-1.391522 1.915266 0.920338
0.000000 -1.434214 2.096337
0.000000 0.000000 2.540000
-0.843010 -1.160304 2.096337
2.251530 0.731566 -0.920338
2.251530 -0.731566 -0.920338
1.364019 -0.443197 -2.096337
1.364019 0.443197 -2.096337
2.251530 0.731566 -0.920338
1.364019 -0.443197 -2.096337
1.008402 -1.387947 1.873053
1.453919 -2.001148 0.577172
1.631629 -0.530149 1.873053
1.453919 -2.001148 0.577172
1.008402 -1.387947 1.873053
0.000000 -2.473555 0.577172
0.000000 -2.473555 -0.577172
0.000000 -2.367399 0.920338
-1.391522 -1.915266 0.920338
-0.000000 2.367399 0.920338
-0.000000 2.473555 -0.577172
-1.391522 1.915266 0.920338
0.000000 -2.473555 -0.577172
1.453919 -2.001148 -0.577172
0.000000 -2.367399 0.920338
-0.000000 2.367399 0.920338
1.453919 2.001148 -0.577172
-0.000000 2.473555 -0.577172
2.251530 0.731566 -0.920338
2.251530 -0.731566 -0.920338
1.364019 -0.443197 -2.096337
1.364019 0.443197 -2.096337
2.251530 0.731566 -0.920338
1.364019 -0.443197 -2.096337
-0.000000 2.367399 0.920338
-0.000000 1.434214 2.096337
1.391522 1.915266 0.920338
-0.000000 2.367399 0.920338
-0.843010 1.160304 2.096337
-0.000000 1.434214 2.096337
0.000000 -2.473555 -0.577172
-1.008402 -1.387947 -1.873053
0.000000 -1.715597 -1.873053
0.000000 -1.715597 -1.873053
-1.008402 -1.387947 -1.873053
0.000000 -0.358311 -2.514600
0.000000 -2.473555 -0.577172
-1.008402 -1.387947 -1.873053
0.000000 -1.715597 -1.873053
0.000000 -1.715597 -1.873053
-1.008402 -1.387947 -1.873053
0.000000 -0.358311 -2.514600
-2.054903 -0.000000 1.492975
-0.784903 -0.000000 2.415684
-2.054903 -0.000000 1.492975
0.000000 -2.540000 0.000000
0.000000 -2.540000 0.000000
0.000000 -2.540000 0.000000
-0.000000 2.540000 -0.000000
-0.000000 2.540000 -0.000000
-0.000000 2.540000 -0.000000
2.054903 0.000000 -1.492975
1.270000 0.000000 -2.199704
0.784903 0.000000 -2.415684
1.453919 -2.001148 0.577172
1.391522 -1.915266 -0.920338
2.352490 -0.764370 0.577172
1.453919 -2.001148 0.577172
0.000000 -2.473555 0.577172
1.391522 -1.915266 -0.920338
1.453919 -2.001148 0.577172
0.000000 -2.473555 0.577172
1.391522 -1.915266 -0.920338
1.453919 -2.001148 0.577172
1.391522 -1.915266 -0.920338
2.352490 -0.764370 0.577172
0.000000 -2.540000 0.000000
0.000000 -2.540000 0.000000
0.000000 -2.540000 0.000000
0.784903 0.000000 -2.415684
0.784903 0.000000 -2.415684
2.054903 0.000000 -1.492975
0.000000 -2.540000 0.000000
0.000000 -2.540000 0.000000
0.000000 -2.540000 0.000000
-2.540000 -0.000000 -0.000000
-2.540000 -0.000000 -0.000000
-2.540000 -0.000000 -0.000000
-1.453919 2.001148 -0.577172
-0.000000 2.473555 -0.577172
-0.000000 1.715597 -1.873053
1.453919 2.001148 -0.577172
1.008402 1.387947 -1.873053
-0.000000 2.473555 -0.577172
-2.251530 -0.731566 0.920338
-0.843010 -1.160304 2.096337
-1.364019 -0.443197 2.096337
-0.843010 -1.160304 2.096337
0.000000 0.000000 2.540000
-1.364019 -0.443197 2.096337
0.000000 -2.540000 0.000000
0.000000 -2.540000 0.000000
0.000000 -2.540000 0.000000
-2.054903 -0.000000 -1.492975
-2.054903 -0.000000 -1.492975
-0.784903 -0.000000 -2.415684
-0.000000 1.715597 1.873053
2.352490 0.764370 0.577172
1.453919 2.001148 0.577172
1.391522 1.915266 -0.920338
-0.000000 2.473555 0.577172
1.453919 2.001148 0.577172
1.391522 1.915266 0.920338
-0.000000 1.434214 2.096337
0.843010 1.160304 2.096337
1.391522 1.915266 0.920338
1.453919 2.001148 -0.577172
-0.000000 2.367399 0.920338
1.391522 1.915266 0.920338
1.453919 2.001148 -0.577172
-0.000000 2.367399 0.920338
1.391522 1.915266 0.920338
2.352490 0.764370 -0.577172
1.453919 2.001148 -0.577172
-0.000000 2.540000 -0.000000
-0.000000 2.540000 -0.000000
-0.000000 2.540000 -0.000000
-2.540000 -0.000000 -0.000000
-2.540000 -0.000000 -0.000000
-2.540000 -0.000000 -0.000000
0.000000 -2.540000 0.000000
0.000000 -2.540000 0.000000
0.000000 -2.540000 0.000000
0.784903 0.000000 2.415684
2.054903 0.000000 1.492975
0.784903 0.000000 2.415684
-0.000000 2.473555 -0.577172
-0.000000 1.715597 -1.873053
-1.453919 2.001148 -0.577172
-0.000000 2.473555 -0.577172
1.453919 2.001148 -0.577172
-0.000000 1.715597 -1.873053
-0.000000 2.473555 -0.577172
1.453919 2.001148 -0.577172
-0.000000 1.715597 -1.873053
-0.000000 2.473555 -0.577172
-0.000000 1.715597 -1.873053
-1.453919 2.001148 -0.577172
0.000000 -2.367399 0.920338
0.843010 -1.160304 2.096337
0.000000 -1.434214 2.096337
-0.843010 -1.160304 2.096337
0.000000 0.000000 2.540000
-1.364019 -0.443197 2.096337
1.453919 -2.001148 -0.577172
1.391522 -1.915266 0.920338
0.000000 -2.367399 0.920338
1.453919 -2.001148 -0.577172
2.251530 0.731566 0.920338
2.251530 -0.731566 0.920338
1.453919 -2.001148 -0.577172
2.251530 0.731566 0.920338
2.251530 -0.731566 0.920338
1.453919 -2.001148 -0.577172
1.391522 -1.915266 0.920338
0.000000 -2.367399 0.920338
1.453919 -2.001148 -0.577172
2.251530 0.731566 0.920338
2.251530 -0.731566 0.920338
1.453919 -2.001148 -0.577172
1.391522 -1.915266 0.920338
0.000000 -2.367399 0.920338
-2.540000 -0.000000 -0.000000
-2.540000 -0.000000 -0.000000
-2.540000 -0.000000 -0.000000
0.000000 -2.540000 0.000000
0.000000 -2.540000 0.000000
0.000000 -2.540000 0.000000
1.391522 -1.915266 0.920338
0.843010 -1.160304 2.096337
0.000000 -2.367399 0.920338
2.251530 -0.731566 0.920338
1.364019 -0.443197 2.096337
1.391522 -1.915266 0.920338
2.251530 0.731566 -0.920338
1.364019 -0.443197 -2.096337
1.364019 0.443197 -2.096337
1.391522 -1.915266 -0.920338
0.000000 -1.434214 -2.096337
0.843010 -1.160304 -2.096337
-0.000000 2.540000 -0.000000
-0.000000 2.540000 -0.000000
-0.000000 2.540000 -0.000000
2.540000 0.000000 0.000000
2.540000 0.000000 0.000000
2.540000 0.000000 0.000000
1.391522 1.915266 0.920338
0.843010 1.160304 2.096337
2.251530 0.731566 0.920338
2.251530 0.731566 0.920338
2.352490 0.764370 -0.577172
1.391522 1.915266 0.920338
0.000000 -2.473555 0.577172
-1.391522 -1.915266 -0.920338
0.000000 -2.367399 -0.920338
0.000000 -2.473555 0.577172
0.000000 -1.715597 1.873053
-1.453919 -2.001148 0.577172
0.112048 0.358311 -2.512102
-1.453919 2.001148 -0.577172
-0.000000 1.715597 -1.873053
-1.391522 1.915266 0.920338
-0.000000 2.473555 -0.577172
-1.453919 2.001148 -0.577172
0.112048 0.358311 -2.512102
-1.453919 2.001148 -0.577172
-0.000000 1.715597 -1.873053
-1.391522 1.915266 0.920338
-0.000000 2.473555 -0.577172
-1.453919 2.001148 -0.577172
-1.008402 -1.387947 1.873053
0.000000 -0.358311 2.514600
-1.257300 -0.358311 2.177707
0.000000 -1.715597 1.873053
1.008402 -1.387947 1.873053
0.000000 -0.358311 2.514600
1.391522 1.915266 -0.920338
-0.000000 2.473555 0.577172
1.453919 2.001148 0.577172
1.453919 2.001148 0.577172
-0.000000 2.473555 0.577172
1.008402 1.387947 1.873053
1.391522 -1.915266 -0.920338
0.000000 -1.434214 -2.096337
0.843010 -1.160304 -2.096337
1.364019 -0.443197 -2.096337
0.000000 0.000000 -2.540000
1.364019 0.443197 -2.096337
1.364019 -0.443197 -2.096337
0.000000 0.000000 -2.540000
1.364019 0.443197 -2.096337
1.391522 -1.915266 -0.920338
0.000000 -1.434214 -2.096337
0.843010 -1.160304 -2.096337
1.364019 -0.443197 -2.096337
0.000000 0.000000 -2.540000
1.364019 0.443197 -2.096337
1.391522 -1.915266 -0.920338
0.000000 -1.434214 -2.096337
0.843010 -1.160304 -2.096337
2.251530 0.731566 0.920338
1.391522 1.915266 0.920338
1.364019 0.443197 2.096337
-0.000000 2.367399 0.920338
-0.000000 1.434214 2.096337
1.391522 1.915266 0.920338
1.453919 -2.001148 0.577172
0.000000 -2.367399 -0.920338
1.391522 -1.915266 -0.920338
0.000000 -2.367399 -0.920338
0.000000 -1.434214 -2.096337
1.391522 -1.915266 -0.920338
1.453919 -2.001148 0.577172
0.000000 -2.367399 -0.920338
1.391522 -1.915266 -0.920338
0.000000 -2.367399 -0.920338
0.000000 -1.434214 -2.096337
1.391522 -1.915266 -0.920338
0.000000 -2.367399 -0.920338
0.000000 -1.434214 -2.096337
1.391522 -1.915266 -0.920338
1.453919 -2.001148 0.577172
0.000000 -2.367399 -0.920338
1.391522 -1.915266 -0.920338
0.000000 -2.367399 -0.920338
0.000000 -1.434214 -2.096337
1.391522 -1.915266 -0.920338
0.000000 -2.473555 0.577172
0.000000 -2.367399 -0.920338
1.391522 -1.915266 -0.920338
-2.251530 -0.731566 0.920338
-0.843010 -1.160304 2.096337
-1.364019 -0.443197 2.096337
-0.843010 -1.160304 2.096337
0.000000 0.000000 2.540000
-1.364019 -0.443197 2.096337
1.364019 -0.443197 -2.096337
0.000000 0.000000 -2.540000
1.364019 0.443197 -2.096337
-0.843010 1.160304 -2.096337
-0.000000 1.434214 -2.096337
0.000000 0.000000 -2.540000
-1.453919 -2.001148 0.577172
-1.391522 -1.915266 -0.920338
0.000000 -2.473555 0.577172
0.000000 -0.358311 2.514600
-1.453919 -2.001148 0.577172
0.000000 -1.715597 1.873053
-1.008402 -1.387947 1.873053
-1.453919 -2.001148 0.577172
0.000000 -1.715597 1.873053
0.000000 -2.473555 0.577172
-1.453919 -2.001148 0.577172
0.000000 -2.367399 -0.920338
-1.008402 -1.387947 1.873053
-1.453919 -2.001148 0.577172
0.000000 -1.715597 1.873053
0.000000 -2.473555 0.577172
-1.453919 -2.001148 0.577172
0.000000 -2.367399 -0.920338
-0.000000 2.367399 0.920338
-0.843010 1.160304 2.096337
-0.000000 1.434214 2.096337
0.000000 -1.434214 2.096337
0.000000 0.000000 2.540000
-0.843010 -1.160304 2.096337
2.251530 0.731566 0.920338
2.352490 0.764370 -0.577172
1.391522 1.915266 0.920338
1.391522 1.915266 0.920338
0.843010 1.160304 2.096337
2.251530 0.731566 0.920338
-1.391522 1.915266 0.920338
-0.843010 1.160304 2.096337
-0.000000 2.367399 0.920338
-0.000000 2.367399 0.920338
-0.000000 2.473555 -0.577172
-1.391522 1.915266 0.920338
1.391522 1.915266 -0.920338
-0.000000 2.473555 0.577172
1.453919 2.001148 0.577172
1.453919 2.001148 0.577172
-0.000000 1.715597 1.873053
1.008402 1.387947 1.873053
1.391522 1.915266 -0.920338
-0.000000 2.473555 0.577172
1.453919 2.001148 0.577172
1.453919 2.001148 0.577172
-0.000000 1.715597 1.873053
1.008402 1.387947 1.873053
1.391522 1.915266 -0.920338
-0.000000 2.473555 0.577172
1.453919 2.001148 0.577172
1.453919 2.001148 0.577172
-0.000000 1.715597 1.873053
1.008402 1.387947 1.873053
1.391522 1.915266 0.920338
2.352490 0.764370 -0.577172
1.453919 2.001148 -0.577172
1.391522 1.915266 0.920338
1.453919 2.001148 -0.577172
-0.000000 2.367399 0.920338
1.391522 1.915266 0.920338
2.352490 0.764370 -0.577172
1.453919 2.001148 -0.577172
1.391522 1.915266 0.920338
1.453919 2.001148 -0.577172
-0.000000 2.367399 0.920338
1.364019 -0.443197 -2.096337
0.000000 0.000000 -2.540000
1.364019 0.443197 -2.096337
2.251530 0.731566 -0.920338
1.364019 -0.443197 -2.096337
1.364019 0.443197 -2.096337
1.391522 1.915266 -0.920338
-0.000000 2.473555 0.577172
1.453919 2.001148 0.577172
-0.000000 2.473555 0.577172
-0.000000 1.715597 1.873053
1.453919 2.001148 0.577172
1.453919 -2.001148 -0.577172
0.000000 -2.473555 -0.577172
1.008402 -1.387947 -1.873053
1.453919 -2.001148 -0.577172
1.008402 -1.387947 -1.873053
2.352490 -0.764370 -0.577172
1.453919 2.001148 -0.577172
1.631629 0.530149 -1.873053
1.008402 1.387947 -1.873053
1.008402 1.387947 -1.873053
1.384429 0.358311 -2.099183
0.112048 0.358311 -2.512102
1.453919 2.001148 -0.577172
2.352490 0.764370 -0.577172
1.631629 0.530149 -1.873053
-2.287898 -0.000000 1.103232
-1.727005 -0.000000 1.862539
-1.398413 -0.000000 2.120387
-0.843010 1.160304 2.096337
0.000000 0.000000 2.540000
-0.000000 1.434214 2.096337
0.000000 -1.434214 2.096337
0.000000 0.000000 2.540000
-0.843010 -1.160304 2.096337
-0.843010 1.160304 2.096337
0.000000 0.000000 2.540000
-0.000000 1.434214 2.096337
0.000000 -1.434214 2.096337
0.000000 0.000000 2.540000
-0.843010 -1.160304 2.096337
-0.843010 1.160304 2.096337
0.000000 -0.000000 2.540000
-0.000000 1.434214 2.096337
0.000000 -1.434214 2.096337
0.000000 -0.000000 2.540000
-0.843010 -1.160304 2.096337
0.843010 1.160304 2.096337
0.000000 0.000000 2.540000
1.364019 0.443197 2.096337
0.000000 -1.434214 2.096337
0.843010 -1.160304 2.096337
0.000000 0.000000 2.540000
-0.000000 1.434214 -2.096337
0.000000 0.000000 -2.540000
-0.843010 1.160304 -2.096337
-1.364019 -0.443197 -2.096337
0.000000 0.000000 -2.540000
-0.843010 -1.160304 -2.096337
0.000000 -2.473555 -0.577172
-1.453919 -2.001148 -0.577172
0.000000 -1.715597 -1.873053
-1.008402 -1.387947 -1.873053
-1.453919 -2.001148 -0.577172
-1.631629 -0.530149 -1.873053
-1.453919 -2.001148 -0.577172
-1.008402 -1.387947 -1.873053
0.000000 -2.473555 -0.577172
-1.008402 -1.387947 -1.873053
-1.453919 -2.001148 -0.577172
-1.631629 -0.530149 -1.873053
1.453919 2.001148 0.577172
1.008402 1.387947 1.873053
2.352490 0.764370 0.577172
-0.000000 2.473555 0.577172
-0.000000 1.715597 1.873053
1.453919 2.001148 0.577172
-0.000000 2.473555 0.577172
-0.000000 1.715597 1.873053
1.453919 2.001148 0.577172
1.453919 2.001148 0.577172
1.008402 1.387947 1.873053
2.352490 0.764370 0.577172
-0.000000 2.473555 0.577172
-0.000000 1.715597 1.873053
1.453919 2.001148 0.577172
1.453919 2.001148 0.577172
1.008402 1.387947 1.873053
2.352490 0.764370 0.577172
2.251530 0.731566 -0.920338
1.364019 0.443197 -2.096337
0.843010 1.160304 -2.096337
1.364019 0.443197 -2.096337
0.000000 0.000000 -2.540000
0.843010 1.160304 -2.096337
2.251530 0.731566 -0.920338
1.364019 0.443197 -2.096337
0.843010 1.160304 -2.096337
1.364019 0.443197 -2.096337
0.000000 0.000000 -2.540000
0.843010 1.160304 -2.096337
0.843010 1.160304 -2.096337
0.000000 0.000000 -2.540000
-0.000000 1.434214 -2.096337
1.364019 -0.443197 -2.096337
0.843010 -1.160304 -2.096337
0.000000 0.000000 -2.540000
1.364019 -0.443197 -2.096337
0.843010 -1.160304 -2.096337
0.000000 0.000000 -2.540000
0.843010 1.160304 -2.096337
0.000000 0.000000 -2.540000
-0.000000 1.434214 -2.096337
0.843010 1.160304 -2.096337
0.000000 0.000000 -2.540000
-0.000000 1.434214 -2.096337
1.364019 -0.443197 -2.096337
0.843010 -1.160304 -2.096337
0.000000 0.000000 -2.540000
0.843010 1.160304 -2.096337
0.000000 0.000000 -2.540000
-0.000000 1.434214 -2.096337
1.364019 -0.443197 -2.096337
0.843010 -1.160304 -2.096337
0.000000 0.000000 -2.540000
0.276691 0.358311 2.499331
-0.000000 1.715597 1.873053
-1.093977 0.358311 2.264161
-0.000000 1.715597 1.873053
0.276691 0.358311 2.499331
1.008402 1.387947 1.873053
-0.000000 2.367399 0.920338
-0.000000 2.473555 -0.577172
-1.391522 1.915266 0.920338
-1.391522 1.915266 0.920338
-0.843010 1.160304 2.096337
-0.000000 1.434214 2.096337
-0.000000 2.367399 0.920338
-0.000000 2.473555 -0.577172
-1.391522 1.915266 0.920338
-1.391522 1.915266 0.920338
-0.843010 1.160304 2.096337
-0.000000 1.434214 2.096337
0.000000 -1.434214 2.096337
0.843010 -1.160304 2.096337
0.000000 0.000000 2.540000
0.843010 1.160304 2.096337
0.000000 0.000000 2.540000
1.364019 0.443197 2.096337
0.000000 -1.434214 2.096337
0.843010 -1.160304 2.096337
0.000000 0.000000 2.540000
0.843010 1.160304 2.096337
0.000000 0.000000 2.540000
1.364019 0.443197 2.096337
0.843010 1.160304 2.096337
0.000000 0.000000 2.540000
1.364019 0.443197 2.096337
0.000000 -1.434214 2.096337
0.843010 -1.160304 2.096337
0.000000 0.000000 2.540000
-0.000000 1.715597 -1.873053
0.112048 0.358311 -2.512102
-1.008402 1.387947 -1.873053
0.112048 0.358311 -2.512102
-1.192042 0.358311 -2.214102
-1.008402 1.387947 -1.873053
0.843010 1.160304 2.096337
1.391522 1.915266 0.920338
-0.000000 1.434214 2.096337
2.251530 0.731566 0.920338
1.364019 0.443197 2.096337
2.251530 -0.731566 0.920338
0.000000 -2.473555 -0.577172
0.000000 -1.715597 -1.873053
1.453919 -2.001148 -0.577172
1.453919 -2.001148 -0.577172
1.008402 -1.387947 -1.873053
2.352490 -0.764370 -0.577172
-1.391522 1.915266 0.920338
-0.000000 2.473555 -0.577172
-1.453919 2.001148 -0.577172
-1.391522 1.915266 0.920338
-1.453919 2.001148 -0.577172
-2.251530 0.731566 0.920338
-1.391522 1.915266 0.920338
-1.453919 2.001148 -0.577172
-2.251530 0.731566 0.920338
-1.391522 1.915266 0.920338
-0.000000 2.473555 -0.577172
-1.453919 2.001148 -0.577172
-0.000000 2.367399 -0.920338
-1.453919 2.001148 0.577172
-0.000000 2.473555 0.577172
-1.453919 2.001148 0.577172
-1.008402 1.387947 1.873053
-0.000000 2.473555 0.577172
-1.453919 -2.001148 0.577172
-1.008402 -1.387947 1.873053
-2.352490 -0.764370 0.577172
0.000000 -2.473555 0.577172
0.000000 -1.715597 1.873053
-1.453919 -2.001148 0.577172
-0.000000 1.434214 -2.096337
-1.391522 1.915266 -0.920338
-0.000000 2.367399 -0.920338
-0.843010 1.160304 -2.096337
-2.250753 0.733953 -0.920338
-1.391522 1.915266 -0.920338
-0.000000 2.540000 -0.000000
-0.000000 2.540000 -0.000000
-0.000000 2.540000 -0.000000
-0.000000 -0.000000 -2.540000
-2.054903 -0.000000 -1.492975
-0.784903 -0.000000 -2.415684
2.251530 -0.731566 0.920338
1.364019 0.443197 2.096337
1.364019 -0.443197 2.096337
1.364019 0.443197 2.096337
0.000000 0.000000 2.540000
1.364019 -0.443197 2.096337
-0.784903 -0.000000 2.415684
-0.000000 -0.000000 2.540000
0.784903 0.000000 2.415684
-0.000000 2.540000 -0.000000
-0.000000 2.540000 -0.000000
-0.000000 2.540000 -0.000000
-1.364019 -0.443197 -2.096337
0.000000 0.000000 -2.540000
-0.843010 -1.160304 -2.096337
0.000000 -1.434214 -2.096337
0.000000 0.000000 -2.540000
0.843010 -1.160304 -2.096337
2.352490 -0.764370 0.577172
1.391522 -1.915266 -0.920338
2.251530 -0.731566 -0.920338
1.391522 -1.915266 -0.920338
0.843010 -1.160304 -2.096337
2.251530 -0.731566 -0.920338
-0.000000 2.473555 0.577172
-0.000000 1.715597 1.873053
1.453919 2.001148 0.577172
1.453919 2.001148 0.577172
1.008402 1.387947 1.873053
1.631629 0.530149 1.873053
1.453919 2.001148 -0.577172
1.631629 0.530149 -1.873053
1.008402 1.387947 -1.873053
1.453919 2.001148 -0.577172
1.008402 1.387947 -1.873053
-0.000000 2.473555 -0.577172
-0.000000 2.473555 -0.577172
1.453919 2.001148 -0.577172
-0.000000 1.715597 -1.873053
1.453919 2.001148 -0.577172
1.631629 0.530149 -1.873053
1.008402 1.387947 -1.873053
-1.391522 1.915266 -0.920338
-1.453919 2.001148 0.577172
-0.000000 2.367399 -0.920338
-1.391522 1.915266 -0.920338
-2.351272 0.768110 0.577172
-1.453919 2.001148 0.577172
-1.391522 1.915266 -0.920338
-2.351272 0.768110 0.577172
-1.453919 2.001148 0.577172
-1.391522 1.915266 -0.920338
-1.453919 2.001148 0.577172
-0.000000 2.367399 -0.920338
-1.391522 1.915266 -0.920338
-2.351272 0.768110 0.577172
-1.453919 2.001148 0.577172
-1.391522 1.915266 -0.920338
-1.453919 2.001148 0.577172
-0.000000 2.367399 -0.920338
-1.391522 1.915266 -0.920338
-2.351272 0.768110 0.577172
-1.453919 2.001148 0.577172
-1.391522 1.915266 -0.920338
-1.453919 2.001148 0.577172
-0.000000 2.367399 -0.920338
-1.391522 1.915266 -0.920338
-1.453919 2.001148 0.577172
-0.000000 2.367399 -0.920338
-1.391522 1.915266 -0.920338
-2.351272 0.768110 0.577172
-1.453919 2.001148 0.577172
-1.391522 1.915266 -0.920338
-1.453919 2.001148 0.577172
-0.000000 2.367399 -0.920338
-1.391522 1.915266 -0.920338
-2.351272 0.768110 0.577172
-1.453919 2.001148 0.577172
0.000000 -1.434214 -2.096337
-0.843010 -1.160304 -2.096337
0.000000 0.000000 -2.540000
0.000000 -1.434214 -2.096337
0.000000 0.000000 -2.540000
0.843010 -1.160304 -2.096337
2.251530 0.731566 0.920338
2.352490 0.764370 -0.577172
1.391522 1.915266 0.920338
1.391522 1.915266 0.920338
0.843010 1.160304 2.096337
2.251530 0.731566 0.920338
-1.453919 -2.001148 0.577172
-1.391522 -1.915266 -0.920338
0.000000 -2.367399 -0.920338
-1.391522 -1.915266 -0.920338
-1.453919 -2.001148 0.577172
-2.251530 -0.731566 -0.920338
-0.000000 1.434214 -2.096337
-1.391522 1.915266 -0.920338
-0.000000 2.367399 -0.920338
-0.843010 1.160304 -2.096337
-2.250753 0.733953 -0.920338
-1.391522 1.915266 -0.920338
0.000000 -1.434214 2.096337
0.843010 -1.160304 2.096337
0.000000 0.000000 2.540000
1.364019 -0.443197 2.096337
0.000000 0.000000 2.540000
0.843010 -1.160304 2.096337
1.364019 -0.443197 2.096337
0.000000 0.000000 2.540000
0.843010 -1.160304 2.096337
0.000000 -1.434214 2.096337
0.843010 -1.160304 2.096337
0.000000 0.000000 2.540000
1.364019 -0.443197 2.096337
0.000000 0.000000 2.540000
0.843010 -1.160304 2.096337
0.000000 0.000000 2.540000
0.000000 -1.434214 2.096337
0.843010 -1.160304 2.096337
-1.453919 -2.001148 -0.577172
0.000000 -2.367399 0.920338
-1.391522 -1.915266 0.920338
-1.391522 -1.915266 0.920338
-2.352490 -0.764370 -0.577172
-1.453919 -2.001148 -0.577172
-1.453919 -2.001148 -0.577172
0.000000 -2.473555 -0.577172
-1.391522 -1.915266 0.920338
-1.391522 -1.915266 0.920338
-2.352490 -0.764370 -0.577172
-1.453919 -2.001148 -0.577172
-1.453919 -2.001148 -0.577172
0.000000 -2.367399 0.920338
-1.391522 -1.915266 0.920338
-1.391522 -1.915266 0.920338
-2.352490 -0.764370 -0.577172
-1.453919 -2.001148 -0.577172
-1.391522 -1.915266 0.920338
-2.352490 -0.764370 -0.577172
-1.453919 -2.001148 -0.577172
-1.453919 -2.001148 -0.577172
0.000000 -2.367399 0.920338
-1.391522 -1.915266 0.920338
1.364019 0.443197 2.096337
0.000000 0.000000 2.540000
1.364019 -0.443197 2.096337
-0.000000 1.434214 2.096337
0.000000 0.000000 2.540000
0.843010 1.160304 2.096337
-0.000000 1.434214 2.096337
0.000000 0.000000 2.540000
0.843010 1.160304 2.096337
1.364019 0.443197 2.096337
0.000000 0.000000 2.540000
1.364019 -0.443197 2.096337
-0.000000 1.434214 2.096337
0.000000 0.000000 2.540000
0.843010 1.160304 2.096337
1.364019 0.443197 2.096337
0.000000 0.000000 2.540000
1.364019 -0.443197 2.096337
0.000000 -2.367399 0.920338
1.391522 -1.915266 0.920338
0.000000 -1.434214 2.096337
2.251530 -0.731566 0.920338
1.364019 -0.443197 2.096337
1.391522 -1.915266 0.920338
-1.391522 1.915266 0.920338
-1.453919 2.001148 -0.577172
-2.251530 0.731566 0.920338
-1.391522 1.915266 0.920338
-0.000000 2.473555 -0.577172
-1.453919 2.001148 -0.577172
1.008402 -1.387947 1.873053
1.453919 -2.001148 0.577172
1.631629 -0.530149 1.873053
1.453919 -2.001148 0.577172
1.008402 -1.387947 1.873053
0.000000 -2.473555 0.577172
1.008402 -1.387947 1.873053
1.453919 -2.001148 0.577172
1.631629 -0.530149 1.873053
1.453919 -2.001148 0.577172
1.008402 -1.387947 1.873053
0.000000 -2.473555 0.577172
1.364019 -0.443197 -2.096337
0.000000 0.000000 -2.540000
1.364019 0.443197 -2.096337
0.000000 -1.434214 -2.096337
0.000000 0.000000 -2.540000
0.843010 -1.160304 -2.096337
0.000000 -2.473555 0.577172
0.000000 -2.367399 -0.920338
1.391522 -1.915266 -0.920338
0.000000 -2.367399 -0.920338
0.000000 -1.434214 -2.096337
1.391522 -1.915266 -0.920338
-0.000000 2.473555 -0.577172
-0.000000 1.715597 -1.873053
-1.453919 2.001148 -0.577172
-1.391522 1.915266 0.920338
-0.000000 2.473555 -0.577172
-1.453919 2.001148 -0.577172
1.453919 -2.001148 0.577172
1.391522 -1.915266 -0.920338
2.352490 -0.764370 0.577172
1.453919 -2.001148 0.577172
0.000000 -2.367399 -0.920338
1.391522 -1.915266 -0.920338
1.391522 1.915266 0.920338
1.453919 2.001148 -0.577172
-0.000000 2.367399 0.920338
1.391522 1.915266 0.920338
2.352490 0.764370 -0.577172
1.453919 2.001148 -0.577172
1.391522 1.915266 0.920338
1.453919 2.001148 -0.577172
-0.000000 2.367399 0.920338
1.391522 1.915266 0.920338
2.352490 0.764370 -0.577172
1.453919 2.001148 -0.577172
1.391522 1.915266 0.920338
1.453919 2.001148 -0.577172
-0.000000 2.367399 0.920338
1.391522 1.915266 0.920338
2.352490 0.764370 -0.577172
1.453919 2.001148 -0.577172
1.391522 1.915266 0.920338
2.352490 0.764370 -0.577172
1.453919 2.001148 -0.577172
1.391522 1.915266 0.920338
1.453919 2.001148 -0.577172
-0.000000 2.367399 0.920338
-0.000000 2.473555 -0.577172
-0.000000 1.715597 -1.873053
-1.453919 2.001148 -0.577172
-1.453919 2.001148 -0.577172
-1.008402 1.387947 -1.873053
-2.352490 0.764370 -0.577172
-0.000000 2.473555 -0.577172
-0.000000 1.715597 -1.873053
-1.453919 2.001148 -0.577172
-1.453919 2.001148 -0.577172
-1.008402 1.387947 -1.873053
-2.352490 0.764370 -0.577172
1.391522 -1.915266 0.920338
1.453919 -2.001148 -0.577172
2.251530 -0.731566 0.920338
2.251530 -0.731566 0.920338
1.364019 -0.443197 2.096337
1.391522 -1.915266 0.920338
-1.453919 -2.001148 0.577172
0.000000 -2.473555 0.577172
-1.008402 -1.387947 1.873053
-1.453919 -2.001148 0.577172
-1.008402 -1.387947 1.873053
-2.352490 -0.764370 0.577172
-0.843010 1.160304 -2.096337
-1.391522 1.915266 -0.920338
-0.000000 1.434214 -2.096337
-1.391522 1.915266 -0.920338
-0.843010 1.160304 -2.096337
-2.250753 0.733953 -0.920338
-1.391522 1.915266 0.920338
-0.843010 1.160304 2.096337
-0.000000 2.367399 0.920338
-0.000000 2.367399 0.920338
-0.000000 2.473555 -0.577172
-1.391522 1.915266 0.920338
-1.453919 2.001148 0.577172
-1.630502 0.533607 1.873053
-1.008402 1.387947 1.873053
-1.453919 2.001148 0.577172
-1.008402 1.387947 1.873053
-0.000000 1.715597 1.873053
-1.453919 2.001148 0.577172
-1.630502 0.533607 1.873053
-1.008402 1.387947 1.873053
-1.453919 2.001148 0.577172
-1.008402 1.387947 1.873053
-0.000000 1.715597 1.873053
-1.453919 2.001148 0.577172
-1.630502 0.533607 1.873053
-1.008402 1.387947 1.873053
-1.453919 2.001148 0.577172
-1.008402 1.387947 1.873053
-0.000000 1.715597 1.873053
-1.453919 2.001148 0.577172
-1.008402 1.387947 1.873053
-0.000000 1.715597 1.873053
-1.008402 1.387947 1.873053
0.276691 0.358311 2.499331
-0.000000 1.715597 1.873053
0.000000 -2.367399 -0.920338
-1.391522 -1.915266 -0.920338
0.000000 -1.434214 -2.096337
-1.391522 -1.915266 -0.920338
-1.364019 -0.443197 -2.096337
-0.843010 -1.160304 -2.096337
-1.453919 -2.001148 0.577172
-1.391522 -1.915266 -0.920338
0.000000 -2.367399 -0.920338
-1.391522 -1.915266 -0.920338
-1.453919 -2.001148 0.577172
-2.251530 -0.731566 -0.920338
0.000000 -1.715597 1.873053
-1.453919 -2.001148 0.577172
0.000000 -2.473555 0.577172
0.000000 -1.715597 1.873053
0.000000 -2.473555 0.577172
1.008402 -1.387947 1.873053
0.000000 -1.715597 1.873053
0.000000 -2.473555 0.577172
1.008402 -1.387947 1.873053
0.000000 -1.715597 1.873053
-1.453919 -2.001148 0.577172
0.000000 -2.473555 0.577172
1.391522 -1.915266 -0.920338
0.843010 -1.160304 -2.096337
2.251530 -0.731566 -0.920338
1.391522 -1.915266 -0.920338
0.000000 -1.434214 -2.096337
0.843010 -1.160304 -2.096337
1.391522 -1.915266 -0.920338
0.000000 -2.367399 -0.920338
0.843010 -1.160304 -2.096337
1.391522 -1.915266 -0.920338
0.843010 -1.160304 -2.096337
2.251530 -0.731566 -0.920338
1.391522 -1.915266 -0.920338
0.843010 -1.160304 -2.096337
2.251530 -0.731566 -0.920338
1.391522 -1.915266 -0.920338
0.000000 -2.367399 -0.920338
0.843010 -1.160304 -2.096337
0.000000 -0.358311 -2.514600
1.008402 -1.387947 -1.873053
0.000000 -1.715597 -1.873053
1.257300 -0.358311 -2.177707
1.008402 -1.387947 -1.873053
0.000000 -0.358311 -2.514600
-0.000000 2.473555 -0.577172
-0.000000 1.715597 -1.873053
-1.453919 2.001148 -0.577172
-0.000000 2.473555 -0.577172
1.008402 1.387947 -1.873053
-0.000000 1.715597 -1.873053
-0.000000 2.473555 -0.577172
-0.000000 1.715597 -1.873053
-1.453919 2.001148 -0.577172
-0.000000 2.473555 -0.577172
1.008402 1.387947 -1.873053
-0.000000 1.715597 -1.873053
-0.000000 2.473555 -0.577172
1.008402 1.387947 -1.873053
-0.000000 1.715597 -1.873053
-0.000000 2.473555 -0.577172
-0.000000 1.715597 -1.873053
-1.453919 2.001148 -0.577172
-0.000000 2.473555 -0.577172
-0.000000 1.715597 -1.873053
-1.453919 2.001148 -0.577172
-0.000000 2.473555 -0.577172
1.008402 1.387947 -1.873053
-0.000000 1.715597 -1.873053
1.008402 -1.387947 1.873053
1.453919 -2.001148 0.577172
1.631629 -0.530149 1.873053
1.453919 -2.001148 0.577172
1.008402 -1.387947 1.873053
0.000000 -2.473555 0.577172
1.008402 -1.387947 1.873053
1.453919 -2.001148 0.577172
1.631629 -0.530149 1.873053
1.453919 -2.001148 0.577172
1.008402 -1.387947 1.873053
0.000000 -2.473555 0.577172
1.453919 -2.001148 0.577172
1.008402 -1.387947 1.873053
0.000000 -2.473555 0.577172
1.008402 -1.387947 1.873053
1.453919 -2.001148 0.577172
1.631629 -0.530149 1.873053
1.453919 -2.001148 0.577172
1.008402 -1.387947 1.873053
0.000000 -2.473555 0.577172
1.008402 -1.387947 1.873053
1.453919 -2.001148 0.577172
1.631629 -0.530149 1.873053
-1.364019 -0.443197 -2.096337
-0.843010 -1.160304 -2.096337
-1.391522 -1.915266 -0.920338
0.000000 -2.367399 -0.920338
-1.391522 -1.915266 -0.920338
0.000000 -1.434214 -2.096337
0.000000 -2.367399 -0.920338
-1.391522 -1.915266 -0.920338
0.000000 -1.434214 -2.096337
-2.251530 -0.731566 -0.920338
-0.843010 -1.160304 -2.096337
-1.391522 -1.915266 -0.920338
0.000000 -1.434214 -2.096337
-0.843010 -1.160304 -2.096337
0.000000 0.000000 -2.540000
0.000000 -1.434214 -2.096337
0.000000 0.000000 -2.540000
0.843010 -1.160304 -2.096337
0.000000 -1.434214 -2.096337
-0.843010 -1.160304 -2.096337
0.000000 0.000000 -2.540000
0.000000 -1.434214 -2.096337
0.000000 0.000000 -2.540000
0.843010 -1.160304 -2.096337
0.000000 -1.434214 -2.096337
0.000000 0.000000 -2.540000
0.843010 -1.160304 -2.096337
0.000000 -1.434214 -2.096337
-0.843010 -1.160304 -2.096337
0.000000 0.000000 -2.540000
0.000000 -1.434214 -2.096337
-0.843010 -1.160304 -2.096337
0.000000 0.000000 -2.540000
0.000000 -1.434214 -2.096337
0.000000 0.000000 -2.540000
0.843010 -1.160304 -2.096337
0.000000 -1.434214 -2.096337
-0.843010 -1.160304 -2.096337
0.000000 0.000000 -2.540000
0.000000 -1.434214 -2.096337
0.000000 0.000000 -2.540000
0.843010 -1.160304 -2.096337
0.000000 -1.434214 -2.096337
0.000000 0.000000 -2.540000
0.843010 -1.160304 -2.096337
0.000000 -1.434214 -2.096337
-0.843010 -1.160304 -2.096337
0.000000 0.000000 -2.540000
0.000000 -1.434214 -2.096337
0.000000 0.000000 -2.540000
0.843010 -1.160304 -2.096337
0.000000 -1.434214 -2.096337
-0.843010 -1.160304 -2.096337
0.000000 0.000000 -2.540000
-0.843010 1.160304 -2.096337
-2.250753 0.733953 -0.920338
-1.391522 1.915266 -0.920338
-0.000000 1.434214 -2.096337
-1.391522 1.915266 -0.920338
-0.000000 2.367399 -0.920338
-0.843010 1.160304 -2.096337
-2.250753 0.733953 -0.920338
-1.391522 1.915266 -0.920338
-0.000000 1.434214 -2.096337
-1.391522 1.915266 -0.920338
-0.000000 2.367399 -0.920338
-0.000000 1.434214 -2.096337
-1.391522 1.915266 -0.920338
-0.000000 2.367399 -0.920338
-0.843010 1.160304 -2.096337
-2.250753 0.733953 -0.920338
-1.391522 1.915266 -0.920338
-1.391522 1.915266 0.920338
-0.843010 1.160304 2.096337
-0.000000 2.367399 0.920338
-1.364019 0.443197 2.096337
-0.843010 1.160304 2.096337
-1.391522 1.915266 0.920338
-1.391522 1.915266 0.920338
-0.843010 1.160304 2.096337
-0.000000 2.367399 0.920338
-1.364019 0.443197 2.096337
-0.843010 1.160304 2.096337
-1.391522 1.915266 0.920338
-1.391522 1.915266 0.920338
-0.843010 1.160304 2.096337
-0.000000 2.367399 0.920338
-1.364019 0.443197 2.096337
-0.843010 1.160304 2.096337
-1.391522 1.915266 0.920338
-1.391522 1.915266 0.920338
-0.843010 1.160304 2.096337
-0.000000 2.367399 0.920338
-1.364019 0.443197 2.096337
-0.843010 1.160304 2.096337
-1.391522 1.915266 0.920338
1.391522 -1.915266 0.920338
1.453919 -2.001148 -0.577172
2.251530 -0.731566 0.920338
1.453919 -2.001148 -0.577172
1.391522 -1.915266 0.920338
0.000000 -2.473555 -0.577172
1.453919 -2.001148 -0.577172
0.000000 -2.473555 -0.577172
1.008402 -1.387947 -1.873053
1.453919 -2.001148 -0.577172
1.008402 -1.387947 -1.873053
2.352490 -0.764370 -0.577172
1.453919 -2.001148 -0.577172
1.008402 -1.387947 -1.873053
2.352490 -0.764370 -0.577172
1.453919 -2.001148 -0.577172
0.000000 -2.473555 -0.577172
1.008402 -1.387947 -1.873053
0.000000 -2.367399 0.920338
0.000000 -1.434214 2.096337
-1.391522 -1.915266 0.920338
0.000000 -2.367399 0.920338
1.391522 -1.915266 0.920338
0.000000 -1.434214 2.096337
0.000000 -2.367399 0.920338
1.391522 -1.915266 0.920338
0.000000 -1.434214 2.096337
0.000000 -2.367399 0.920338
0.000000 -1.434214 2.096337
-1.391522 -1.915266 0.920338
-1.391522 -1.915266 0.920338
-0.843010 -1.160304 2.096337
-2.251530 -0.731566 0.920338
0.000000 -2.367399 0.920338
0.000000 -1.434214 2.096337
-1.391522 -1.915266 0.920338
-1.364019 -0.443197 -2.096337
-0.843010 -1.160304 -2.096337
-1.391522 -1.915266 -0.920338
-1.391522 -1.915266 -0.920338
-0.843010 -1.160304 -2.096337
0.000000 -2.367399 -0.920338
-1.453919 2.001148 -0.577172
-1.008402 1.387947 -1.873053
-2.352490 0.764370 -0.577172
-0.000000 1.715597 -1.873053
-1.008402 1.387947 -1.873053
-1.453919 2.001148 -0.577172
1.453919 2.001148 0.577172
1.008402 1.387947 1.873053
2.352490 0.764370 0.577172
1.453919 2.001148 0.577172
-0.000000 2.473555 0.577172
1.008402 1.387947 1.873053
1.391522 -1.915266 0.920338
1.453919 -2.001148 -0.577172
2.251530 -0.731566 0.920338
1.453919 -2.001148 -0.577172
1.391522 -1.915266 0.920338
0.000000 -2.367399 0.920338
1.391522 -1.915266 0.920338
1.453919 -2.001148 -0.577172
2.251530 -0.731566 0.920338
1.453919 -2.001148 -0.577172
1.391522 -1.915266 0.920338
0.000000 -2.367399 0.920338
2.251530 0.731566 0.920338
1.364019 0.443197 2.096337
2.251530 -0.731566 0.920338
2.251530 0.731566 0.920338
2.251530 -0.731566 0.920338
2.352490 -0.764370 -0.577172
0.000000 -2.473555 -0.577172
0.000000 -2.367399 0.920338
-1.453919 -2.001148 -0.577172
0.000000 -2.473555 -0.577172
1.453919 -2.001148 -0.577172
0.000000 -2.367399 0.920338
-1.453919 2.001148 -0.577172
-1.008402 1.387947 -1.873053
-2.352490 0.764370 -0.577172
-1.453919 2.001148 -0.577172
-0.000000 1.715597 -1.873053
-1.008402 1.387947 -1.873053
-1.453919 2.001148 -0.577172
-1.008402 1.387947 -1.873053
-2.352490 0.764370 -0.577172
-1.453919 2.001148 -0.577172
-0.000000 1.715597 -1.873053
-1.008402 1.387947 -1.873053
-1.453919 2.001148 -0.577172
-1.008402 1.387947 -1.873053
-2.352490 0.764370 -0.577172
-1.453919 2.001148 -0.577172
-0.000000 1.715597 -1.873053
-1.008402 1.387947 -1.873053
1.453919 -2.001148 -0.577172
0.000000 -2.473555 -0.577172
1.008402 -1.387947 -1.873053
1.453919 -2.001148 -0.577172
1.008402 -1.387947 -1.873053
2.352490 -0.764370 -0.577172
-1.391522 1.915266 0.920338
-1.453919 2.001148 -0.577172
-2.251530 0.731566 0.920338
-1.391522 1.915266 0.920338
-0.000000 2.473555 -0.577172
-1.453919 2.001148 -0.577172
-1.391522 1.915266 0.920338
-0.000000 2.473555 -0.577172
-1.453919 2.001148 -0.577172
-1.391522 1.915266 0.920338
-1.453919 2.001148 -0.577172
-2.251530 0.731566 0.920338
1.008402 -1.387947 1.873053
1.453919 -2.001148 0.577172
1.631629 -0.530149 1.873053
1.453919 -2.001148 0.577172
1.008402 -1.387947 1.873053
0.000000 -2.473555 0.577172
-1.391522 1.915266 -0.920338
-1.453919 2.001148 0.577172
-0.000000 2.367399 -0.920338
-1.391522 1.915266 -0.920338
-2.351272 0.768110 0.577172
-1.453919 2.001148 0.577172
2.251530 0.731566 -0.920338
2.352490 0.764370 0.577172
2.251530 -0.731566 -0.920338
2.251530 0.731566 -0.920338
2.251530 -0.731566 -0.920338
1.364019 -0.443197 -2.096337
2.251530 0.731566 -0.920338
2.352490 0.764370 0.577172
2.251530 -0.731566 -0.920338
2.251530 0.731566 -0.920338
2.251530 -0.731566 -0.920338
1.364019 -0.443197 -2.096337
2.251530 0.731566 -0.920338
2.251530 -0.731566 -0.920338
1.364019 -0.443197 -2.096337
2.251530 0.731566 -0.920338
2.352490 0.764370 0.577172
2.251530 -0.731566 -0.920338
2.251530 0.731566 -0.920338
2.352490 0.764370 0.577172
2.251530 -0.731566 -0.920338
2.251530 0.731566 -0.920338
2.251530 -0.731566 -0.920338
1.364019 -0.443197 -2.096337
1.453919 2.001148 -0.577172
1.631629 0.530149 -1.873053
1.008402 1.387947 -1.873053
1.453919 2.001148 -0.577172
1.008402 1.387947 -1.873053
-0.000000 1.715597 -1.873053
1.453919 2.001148 -0.577172
1.631629 0.530149 -1.873053
1.008402 1.387947 -1.873053
1.453919 2.001148 -0.577172
1.008402 1.387947 -1.873053
-0.000000 1.715597 -1.873053
0.000000 -2.473555 -0.577172
0.000000 -1.715597 -1.873053
1.453919 -2.001148 -0.577172
0.000000 -2.473555 -0.577172
-1.008402 -1.387947 -1.873053
0.000000 -1.715597 -1.873053
0.000000 -2.473555 -0.577172
0.000000 -1.715597 -1.873053
1.453919 -2.001148 -0.577172
0.000000 -2.473555 -0.577172
-1.008402 -1.387947 -1.873053
0.000000 -1.715597 -1.873053
0.000000 -2.473555 -0.577172
-1.008402 -1.387947 -1.873053
0.000000 -1.715597 -1.873053
0.000000 -2.473555 -0.577172
0.000000 -1.715597 -1.873053
1.453919 -2.001148 -0.577172
-1.391522 -1.915266 -0.920338
-1.453919 -2.001148 0.577172
-2.251530 -0.731566 -0.920338
-1.453919 -2.001148 0.577172
-1.391522 -1.915266 -0.920338
0.000000 -2.367399 -0.920338
-1.391522 -1.915266 -0.920338
-1.453919 -2.001148 0.577172
-2.251530 -0.731566 -0.920338
-1.453919 -2.001148 0.577172
-1.391522 -1.915266 -0.920338
0.000000 -2.367399 -0.920338
-1.453919 -2.001148 0.577172
-1.391522 -1.915266 -0.920338
0.000000 -2.367399 -0.920338
-1.391522 -1.915266 -0.920338
-1.453919 -2.001148 0.577172
-2.251530 -0.731566 -0.920338
-1.453919 -2.001148 0.577172
-1.391522 -1.915266 -0.920338
0.000000 -2.473555 0.577172
-1.391522 -1.915266 -0.920338
-1.453919 -2.001148 0.577172
-2.251530 -0.731566 -0.920338
-1.391522 -1.915266 -0.920338
-1.453919 -2.001148 0.577172
-2.251530 -0.731566 -0.920338
-1.453919 -2.001148 0.577172
-1.391522 -1.915266 -0.920338
0.000000 -2.367399 -0.920338
-1.453919 -2.001148 0.577172
-1.391522 -1.915266 -0.920338
0.000000 -2.367399 -0.920338
-1.391522 -1.915266 -0.920338
-1.453919 -2.001148 0.577172
-2.251530 -0.731566 -0.920338
-1.453919 -2.001148 0.577172
-1.391522 -1.915266 -0.920338
0.000000 -2.367399 -0.920338
-1.391522 -1.915266 -0.920338
-1.453919 -2.001148 0.577172
-2.251530 -0.731566 -0.920338
1.453919 -2.001148 -0.577172
1.391522 -1.915266 0.920338
0.000000 -2.367399 0.920338
1.391522 -1.915266 0.920338
0.843010 -1.160304 2.096337
0.000000 -2.367399 0.920338
1.391522 -1.915266 0.920338
0.843010 -1.160304 2.096337
0.000000 -2.367399 0.920338
1.453919 -2.001148 -0.577172
1.391522 -1.915266 0.920338
0.000000 -2.367399 0.920338
1.391522 -1.915266 0.920338
0.843010 -1.160304 2.096337
0.000000 -2.367399 0.920338
1.453919 -2.001148 -0.577172
1.391522 -1.915266 0.920338
0.000000 -2.367399 0.920338
1.391522 -1.915266 -0.920338
0.843010 -1.160304 -2.096337
2.251530 -0.731566 -0.920338
2.352490 -0.764370 0.577172
1.391522 -1.915266 -0.920338
2.251530 -0.731566 -0.920338
2.352490 -0.764370 0.577172
1.391522 -1.915266 -0.920338
2.251530 -0.731566 -0.920338
1.391522 -1.915266 -0.920338
0.843010 -1.160304 -2.096337
2.251530 -0.731566 -0.920338
1.453919 2.001148 0.577172
1.008402 1.387947 1.873053
2.352490 0.764370 0.577172
1.453919 2.001148 0.577172
-0.000000 2.473555 0.577172
1.008402 1.387947 1.873053
-0.000000 1.434214 2.096337
0.000000 0.000000 2.540000
0.843010 1.160304 2.096337
-0.843010 1.160304 2.096337
0.000000 0.000000 2.540000
-0.000000 1.434214 2.096337
-1.453919 -2.001148 -0.577172
0.000000 -2.473555 -0.577172
-1.391522 -1.915266 0.920338
-1.391522 -1.915266 0.920338
-2.352490 -0.764370 -0.577172
-1.453919 -2.001148 -0.577172
-1.453919 -2.001148 -0.577172
0.000000 -2.367399 0.920338
-1.391522 -1.915266 0.920338
-1.391522 -1.915266 0.920338
-2.352490 -0.764370 -0.577172
-1.453919 -2.001148 -0.577172
-1.453919 -2.001148 -0.577172
0.000000 -2.367399 0.920338
-1.391522 -1.915266 0.920338
-1.391522 -1.915266 0.920338
-2.352490 -0.764370 -0.577172
-1.453919 -2.001148 -0.577172
-1.453919 -2.001148 -0.577172
0.000000 -2.367399 0.920338
-1.391522 -1.915266 0.920338
-1.391522 -1.915266 0.920338
-2.352490 -0.764370 -0.577172
-1.453919 -2.001148 -0.577172
-1.453919 -2.001148 -0.577172
0.000000 -2.367399 0.920338
-1.391522 -1.915266 0.920338
-1.391522 -1.915266 0.920338
-2.352490 -0.764370 -0.577172
-1.453919 -2.001148 -0.577172
-1.453919 -2.001148 -0.577172
0.000000 -2.367399 0.920338
-1.391522 -1.915266 0.920338
-1.391522 -1.915266 0.920338
-2.352490 -0.764370 -0.577172
-1.453919 -2.001148 -0.577172
1.453919 -2.001148 0.577172
1.391522 -1.915266 -0.920338
2.352490 -0.764370 0.577172
1.453919 -2.001148 0.577172
0.000000 -2.367399 -0.920338
1.391522 -1.915266 -0.920338
-1.453919 -2.001148 -0.577172
0.000000 -2.473555 -0.577172
-1.391522 -1.915266 0.920338
-1.391522 -1.915266 0.920338
-2.352490 -0.764370 -0.577172
-1.453919 -2.001148 -0.577172
-1.453919 -2.001148 -0.577172
0.000000 -2.473555 -0.577172
-1.391522 -1.915266 0.920338
-1.391522 -1.915266 0.920338
-2.352490 -0.764370 -0.577172
-1.453919 -2.001148 -0.577172
-1.453919 -2.001148 -0.577172
0.000000 -2.473555 -0.577172
-1.391522 -1.915266 0.920338
-1.391522 -1.915266 0.920338
-2.352490 -0.764370 -0.577172
-1.453919 -2.001148 -0.577172
-0.843010 -1.160304 2.096337
0.000000 0.000000 2.540000
-1.364019 -0.443197 2.096337
-2.251530 -0.731566 0.920338
-0.843010 -1.160304 2.096337
-1.364019 -0.443197 2.096337
1.008402 -1.387947 1.873053
1.453919 -2.001148 0.577172
1.631629 -0.530149 1.873053
1.453919 -2.001148 0.577172
1.008402 -1.387947 1.873053
0.000000 -2.473555 0.577172
-1.453919 2.001148 0.577172
-1.008402 1.387947 1.873053
-0.000000 2.473555 0.577172
-0.000000 2.367399 -0.920338
-1.453919 2.001148 0.577172
-0.000000 2.473555 0.577172
2.251530 0.731566 0.920338
1.364019 0.443197 2.096337
2.251530 -0.731566 0.920338
2.251530 0.731566 0.920338
2.251530 -0.731566 0.920338
2.352490 -0.764370 -0.577172
2.251530 -0.731566 -0.920338
1.364019 -0.443197 -2.096337
2.251530 0.731566 -0.920338
2.251530 0.731566 -0.920338
2.352490 0.764370 0.577172
2.251530 -0.731566 -0.920338
2.251530 0.731566 -0.920338
2.251530 -0.731566 -0.920338
1.364019 -0.443197 -2.096337
2.251530 0.731566 -0.920338
2.352490 0.764370 0.577172
2.251530 -0.731566 -0.920338
2.251530 0.731566 -0.920338
2.251530 -0.731566 -0.920338
1.364019 -0.443197 -2.096337
2.251530 0.731566 -0.920338
2.352490 0.764370 0.577172
2.251530 -0.731566 -0.920338
2.251530 0.731566 -0.920338
2.251530 -0.731566 -0.920338
1.364019 -0.443197 -2.096337
2.251530 0.731566 -0.920338
2.352490 0.764370 0.577172
2.251530 -0.731566 -0.920338
2.251530 0.731566 -0.920338
2.251530 -0.731566 -0.920338
1.364019 0.443197 -2.096337
2.251530 0.731566 -0.920338
2.352490 0.764370 0.577172
2.251530 -0.731566 -0.920338
2.251530 0.731566 -0.920338
2.251530 -0.731566 -0.920338
1.364019 0.443197 -2.096337
2.251530 0.731566 -0.920338
2.352490 0.764370 0.577172
2.251530 -0.731566 -0.920338
1.453919 2.001148 0.577172
2.251530 0.731566 -0.920338
1.391522 1.915266 -0.920338
2.251530 0.731566 -0.920338
1.364019 0.443197 -2.096337
1.391522 1.915266 -0.920338
-0.000000 2.473555 0.577172
-0.000000 1.715597 1.873053
1.453919 2.001148 0.577172
-0.000000 2.473555 0.577172
-1.008402 1.387947 1.873053
-0.000000 1.715597 1.873053
2.251530 0.731566 0.920338
2.352490 0.764370 -0.577172
1.391522 1.915266 0.920338
1.391522 1.915266 0.920338
0.843010 1.160304 2.096337
2.251530 0.731566 0.920338
-0.000000 2.367399 0.920338
-1.391522 1.915266 0.920338
-0.000000 1.434214 2.096337
-0.000000 1.434214 2.096337
1.391522 1.915266 0.920338
-0.000000 2.367399 0.920338
-0.000000 1.434214 2.096337
1.391522 1.915266 0.920338
-0.000000 2.367399 0.920338
-0.000000 1.434214 2.096337
-0.000000 2.367399 0.920338
-1.391522 1.915266 0.920338
-0.000000 2.367399 0.920338
-0.000000 1.434214 2.096337
1.391522 1.915266 0.920338
-0.000000 2.367399 0.920338
-1.391522 1.915266 0.920338
-0.000000 1.434214 2.096337
-0.000000 2.367399 0.920338
-0.000000 1.434214 2.096337
1.391522 1.915266 0.920338
-0.000000 2.367399 0.920338
-1.391522 1.915266 0.920338
-0.000000 1.434214 2.096337
-0.000000 2.367399 0.920338
-1.391522 1.915266 0.920338
-0.000000 1.434214 2.096337
-0.000000 2.367399 0.920338
-0.000000 1.434214 2.096337
1.391522 1.915266 0.920338
1.391522 1.915266 0.920338
1.453919 2.001148 -0.577172
-0.000000 2.367399 0.920338
1.391522 1.915266 0.920338
2.352490 0.764370 -0.577172
1.453919 2.001148 -0.577172
1.391522 1.915266 0.920338
2.352490 0.764370 -0.577172
1.453919 2.001148 -0.577172
1.391522 1.915266 0.920338
1.453919 2.001148 -0.577172
-0.000000 2.367399 0.920338
2.251530 0.731566 0.920338
1.364019 0.443197 2.096337
2.251530 -0.731566 0.920338
2.251530 0.731566 0.920338
2.251530 -0.731566 0.920338
2.352490 -0.764370 -0.577172
2.251530 0.731566 0.920338
2.251530 -0.731566 0.920338
2.352490 -0.764370 -0.577172
2.251530 -0.731566 0.920338
2.251530 0.731566 0.920338
1.364019 -0.443197 2.096337
2.251530 0.731566 0.920338
1.364019 0.443197 2.096337
2.251530 -0.731566 0.920338
2.251530 0.731566 0.920338
2.251530 -0.731566 0.920338
2.352490 -0.764370 -0.577172
2.251530 0.731566 0.920338
1.364019 0.443197 2.096337
2.251530 -0.731566 0.920338
2.251530 0.731566 0.920338
2.251530 -0.731566 0.920338
2.352490 -0.764370 -0.577172
2.251530 0.731566 0.920338
2.251530 -0.731566 0.920338
2.352490 -0.764370 -0.577172
2.251530 0.731566 0.920338
1.364019 0.443197 2.096337
2.251530 -0.731566 0.920338
2.251530 -0.731566 0.920338
2.251530 0.731566 0.920338
1.364019 -0.443197 2.096337
2.251530 0.731566 0.920338
2.251530 -0.731566 0.920338
2.352490 -0.764370 -0.577172
1.391522 -1.915266 0.920338
2.251530 -0.731566 0.920338
0.843010 -1.160304 2.096337
1.391522 -1.915266 0.920338
1.453919 -2.001148 -0.577172
2.251530 -0.731566 0.920338
1.391522 -1.915266 0.920338
1.453919 -2.001148 -0.577172
2.251530 -0.731566 0.920338
1.391522 -1.915266 0.920338
2.251530 -0.731566 0.920338
0.843010 -1.160304 2.096337
1.391522 -1.915266 0.920338
1.453919 -2.001148 -0.577172
2.251530 -0.731566 0.920338
1.391522 -1.915266 0.920338
2.251530 -0.731566 0.920338
0.843010 -1.160304 2.096337
1.453919 -2.001148 -0.577172
2.251530 -0.731566 0.920338
1.391522 -1.915266 0.920338
1.453919 -2.001148 -0.577172
1.391522 -1.915266 0.920338
0.000000 -2.473555 -0.577172
1.008402 -1.387947 1.873053
1.453919 -2.001148 0.577172
1.631629 -0.530149 1.873053
1.453919 -2.001148 0.577172
1.008402 -1.387947 1.873053
0.000000 -2.473555 0.577172
1.453919 -2.001148 0.577172
1.008402 -1.387947 1.873053
0.000000 -2.473555 0.577172
1.008402 -1.387947 1.873053
1.453919 -2.001148 0.577172
1.631629 -0.530149 1.873053
-0.000000 2.367399 -0.920338
-0.000000 2.473555 0.577172
1.391522 1.915266 -0.920338
0.843010 1.160304 -2.096337
-0.000000 2.367399 -0.920338
1.391522 1.915266 -0.920338
0.843010 1.160304 -2.096337
-0.000000 2.367399 -0.920338
1.391522 1.915266 -0.920338
-0.000000 2.367399 -0.920338
-0.000000 2.473555 0.577172
1.391522 1.915266 -0.920338
1.391522 -1.915266 0.920338
1.453919 -2.001148 -0.577172
2.251530 -0.731566 0.920338
1.453919 -2.001148 -0.577172
1.391522 -1.915266 0.920338
0.000000 -2.367399 0.920338
-0.843010 -1.160304 2.096337
0.000000 0.000000 2.540000
-1.364019 -0.443197 2.096337
-2.251530 -0.731566 0.920338
-0.843010 -1.160304 2.096337
-1.364019 -0.443197 2.096337
-0.843010 1.160304 -2.096337
0.000000 0.000000 -2.540000
-1.363784 0.443920 -2.096337
-1.363784 0.443920 -2.096337
-2.250753 0.733953 -0.920338
-0.843010 1.160304 -2.096337
-0.843010 1.160304 -2.096337
0.000000 0.000000 -2.540000
-1.363784 0.443920 -2.096337
-1.363784 0.443920 -2.096337
-2.250753 0.733953 -0.920338
-0.843010 1.160304 -2.096337
-0.843010 1.160304 -2.096337
0.000000 0.000000 -2.540000
-1.363784 0.443920 -2.096337
-1.363784 0.443920 -2.096337
-2.250753 0.733953 -0.920338
-0.843010 1.160304 -2.096337
-0.000000 2.473555 0.577172
-0.000000 1.715597 1.873053
1.453919 2.001148 0.577172
-0.000000 2.473555 0.577172
-1.008402 1.387947 1.873053
-0.000000 1.715597 1.873053
-0.000000 2.473555 0.577172
-0.000000 1.715597 1.873053
1.453919 2.001148 0.577172
-0.000000 2.473555 0.577172
-1.008402 1.387947 1.873053
-0.000000 1.715597 1.873053
-0.000000 2.473555 0.577172
-0.000000 1.715597 1.873053
1.453919 2.001148 0.577172
-0.000000 2.473555 0.577172
-1.008402 1.387947 1.873053
-0.000000 1.715597 1.873053
1.453919 -2.001148 -0.577172
0.000000 -2.473555 -0.577172
1.008402 -1.387947 -1.873053
1.453919 -2.001148 -0.577172
1.008402 -1.387947 -1.873053
2.352490 -0.764370 -0.577172
1.453919 -2.001148 -0.577172
1.008402 -1.387947 -1.873053
2.352490 -0.764370 -0.577172
1.453919 -2.001148 -0.577172
0.000000 -2.473555 -0.577172
1.008402 -1.387947 -1.873053
0.000000 -1.715597 1.873053
-1.453919 -2.001148 0.577172
0.000000 -2.473555 0.577172
0.000000 -1.715597 1.873053
0.000000 -2.473555 0.577172
1.008402 -1.387947 1.873053
0.000000 0.000000 2.540000
0.843010 1.160304 2.096337
-0.000000 1.434214 2.096337
-0.843010 1.160304 2.096337
0.000000 0.000000 2.540000
-0.000000 1.434214 2.096337
-1.453919 -2.001148 0.577172
-2.251530 -0.731566 -0.920338
-1.391522 -1.915266 -0.920338
-1.453919 -2.001148 0.577172
-1.391522 -1.915266 -0.920338
0.000000 -2.473555 0.577172
0.843010 1.160304 -2.096337
-0.000000 2.367399 -0.920338
1.391522 1.915266 -0.920338
-0.000000 2.367399 -0.920338
-0.000000 2.473555 0.577172
1.391522 1.915266 -0.920338
0.843010 1.160304 -2.096337
-0.000000 2.367399 -0.920338
1.391522 1.915266 -0.920338
-0.000000 2.367399 -0.920338
-0.000000 2.473555 0.577172
1.391522 1.915266 -0.920338
0.843010 1.160304 -2.096337
-0.000000 2.367399 -0.920338
1.391522 1.915266 -0.920338
-0.000000 2.367399 -0.920338
-0.000000 2.473555 0.577172
1.391522 1.915266 -0.920338
0.843010 1.160304 -2.096337
-0.000000 2.367399 -0.920338
1.391522 1.915266 -0.920338
-0.000000 2.367399 -0.920338
-0.000000 2.473555 0.577172
1.391522 1.915266 -0.920338
0.843010 1.160304 -2.096337
-0.000000 2.367399 -0.920338
1.391522 1.915266 -0.920338
-0.000000 2.367399 -0.920338
-0.000000 2.473555 0.577172
1.391522 1.915266 -0.920338
0.843010 1.160304 -2.096337
-0.000000 2.367399 -0.920338
1.391522 1.915266 -0.920338
-0.000000 2.367399 -0.920338
-0.000000 2.473555 0.577172
1.391522 1.915266 -0.920338
0.843010 1.160304 -2.096337
-0.000000 2.367399 -0.920338
1.391522 1.915266 -0.920338
-0.000000 2.367399 -0.920338
-0.000000 2.473555 0.577172
1.391522 1.915266 -0.920338
0.843010 1.160304 -2.096337
-0.000000 2.367399 -0.920338
1.391522 1.915266 -0.920338
-0.000000 2.367399 -0.920338
-0.000000 2.473555 0.577172
1.391522 1.915266 -0.920338
0.843010 1.160304 -2.096337
-0.000000 2.367399 -0.920338
1.391522 1.915266 -0.920338
-0.000000 2.367399 -0.920338
-0.000000 2.473555 0.577172
1.391522 1.915266 -0.920338
0.843010 1.160304 -2.096337
-0.000000 2.367399 -0.920338
1.391522 1.915266 -0.920338
-0.000000 2.367399 -0.920338
-0.000000 2.473555 0.577172
1.391522 1.915266 -0.920338
1.364019 -0.443197 -2.096337
0.000000 0.000000 -2.540000
1.364019 0.443197 -2.096337
2.251530 -0.731566 -0.920338
1.364019 -0.443197 -2.096337
1.364019 0.443197 -2.096337
-0.000000 1.715597 1.873053
0.276691 0.358311 2.499331
1.008402 1.387947 1.873053
-0.000000 2.473555 0.577172
-0.000000 1.715597 1.873053
1.008402 1.387947 1.873053
-0.000000 1.715597 1.873053
0.276691 0.358311 2.499331
1.008402 1.387947 1.873053
1.453919 2.001148 0.577172
-0.000000 1.715597 1.873053
1.008402 1.387947 1.873053
1.453919 2.001148 0.577172
-0.000000 1.715597 1.873053
1.008402 1.387947 1.873053
-0.000000 1.715597 1.873053
0.276691 0.358311 2.499331
1.008402 1.387947 1.873053
-0.000000 1.715597 1.873053
0.276691 0.358311 2.499331
1.008402 1.387947 1.873053
1.453919 2.001148 0.577172
-0.000000 1.715597 1.873053
1.008402 1.387947 1.873053
1.391522 1.915266 0.920338
0.843010 1.160304 2.096337
2.251530 0.731566 0.920338
2.251530 0.731566 0.920338
2.352490 0.764370 -0.577172
1.391522 1.915266 0.920338
-0.000000 1.715597 -1.873053
0.112048 0.358311 -2.512102
-1.008402 1.387947 -1.873053
-1.453919 2.001148 -0.577172
-0.000000 1.715597 -1.873053
-1.008402 1.387947 -1.873053
-1.453919 2.001148 -0.577172
-0.000000 1.715597 -1.873053
-1.008402 1.387947 -1.873053
-0.000000 1.715597 -1.873053
0.112048 0.358311 -2.512102
-1.008402 1.387947 -1.873053
0.000000 -1.715597 -1.873053
-1.008402 -1.387947 -1.873053
0.000000 -0.358311 -2.514600
-1.453919 -2.001148 -0.577172
-1.008402 -1.387947 -1.873053
0.000000 -1.715597 -1.873053
0.000000 -1.715597 -1.873053
-1.008402 -1.387947 -1.873053
0.000000 -0.358311 -2.514600
-1.453919 -2.001148 -0.577172
-1.008402 -1.387947 -1.873053
0.000000 -1.715597 -1.873053
2.251530 0.731566 -0.920338
2.251530 -0.731566 -0.920338
1.364019 -0.443197 -2.096337
2.251530 0.731566 -0.920338
2.352490 0.764370 0.577172
2.251530 -0.731566 -0.920338
2.251530 0.731566 0.920338
0.843010 1.160304 2.096337
1.364019 0.443197 2.096337
0.843010 1.160304 2.096337
0.000000 0.000000 2.540000
1.364019 0.443197 2.096337
1.391522 1.915266 0.920338
0.843010 1.160304 2.096337
1.364019 0.443197 2.096337
0.843010 1.160304 2.096337
0.000000 -0.000000 2.540000
1.364019 0.443197 2.096337
2.251530 0.731566 0.920338
0.843010 1.160304 2.096337
1.364019 0.443197 2.096337
0.843010 1.160304 2.096337
0.000000 0.000000 2.540000
1.364019 0.443197 2.096337
-2.251530 0.731566 0.920338
-1.364019 -0.443197 2.096337
-1.364019 0.443197 2.096337
-1.364019 -0.443197 2.096337
0.000000 0.000000 2.540000
-1.364019 0.443197 2.096337
-1.364019 -0.443197 2.096337
0.000000 -0.000000 2.540000
-1.364019 0.443197 2.096337
-2.251530 0.731566 0.920338
-1.364019 -0.443197 2.096337
-1.364019 0.443197 2.096337
-1.364019 -0.443197 2.096337
0.000000 0.000000 2.540000
-1.364019 0.443197 2.096337
-2.251530 0.731566 0.920338
-1.364019 -0.443197 2.096337
-1.364019 0.443197 2.096337
-0.843010 1.160304 -2.096337
0.000000 0.000000 -2.540000
-1.363784 0.443920 -2.096337
-1.363784 0.443920 -2.096337
-2.250753 0.733953 -0.920338
-0.843010 1.160304 -2.096337
-1.363784 0.443920 -2.096337
0.000000 0.000000 -2.540000
-1.364019 -0.443197 -2.096337
-2.251530 -0.731566 -0.920338
-1.363784 0.443920 -2.096337
-1.364019 -0.443197 -2.096337
1.453919 2.001148 0.577172
1.008402 1.387947 1.873053
2.352490 0.764370 0.577172
1.453919 2.001148 0.577172
-0.000000 1.715597 1.873053
1.008402 1.387947 1.873053
2.352490 0.764370 0.577172
1.008402 1.387947 1.873053
1.631629 0.530149 1.873053
1.008402 1.387947 1.873053
0.276691 0.358311 2.499331
1.631629 0.530149 1.873053
-0.000000 2.367399 -0.920338
0.843010 1.160304 -2.096337
-0.000000 1.434214 -2.096337
0.843010 1.160304 -2.096337
0.000000 0.000000 -2.540000
-0.000000 1.434214 -2.096337
-0.000000 1.434214 -2.096337
-0.000000 2.367399 -0.920338
0.843010 1.160304 -2.096337
0.843010 1.160304 -2.096337
0.000000 0.000000 -2.540000
-0.000000 1.434214 -2.096337
-0.000000 1.434214 -2.096337
-0.000000 2.367399 -0.920338
0.843010 1.160304 -2.096337
0.843010 1.160304 -2.096337
0.000000 0.000000 -2.540000
-0.000000 1.434214 -2.096337
-0.000000 1.434214 -2.096337
-0.000000 2.367399 -0.920338
0.843010 1.160304 -2.096337
0.843010 1.160304 -2.096337
0.000000 0.000000 -2.540000
-0.000000 1.434214 -2.096337
-0.000000 1.434214 -2.096337
-0.000000 2.367399 -0.920338
0.843010 1.160304 -2.096337
0.843010 1.160304 -2.096337
0.000000 0.000000 -2.540000
-0.000000 1.434214 -2.096337
-0.000000 1.434214 -2.096337
-0.000000 2.367399 -0.920338
0.843010 1.160304 -2.096337
0.843010 1.160304 -2.096337
0.000000 0.000000 -2.540000
-0.000000 1.434214 -2.096337
1.453919 2.001148 -0.577172
1.008402 1.387947 -1.873053
-0.000000 1.715597 -1.873053
1.008402 1.387947 -1.873053
0.112048 0.358311 -2.512102
-0.000000 1.715597 -1.873053
1.453919 2.001148 -0.577172
1.008402 1.387947 -1.873053
-0.000000 1.715597 -1.873053
1.008402 1.387947 -1.873053
0.112048 0.358311 -2.512102
-0.000000 1.715597 -1.873053
1.453919 2.001148 -0.577172
1.008402 1.387947 -1.873053
-0.000000 1.715597 -1.873053
1.008402 1.387947 -1.873053
0.112048 0.358311 -2.512102
-0.000000 1.715597 -1.873053
0.000000 -1.434214 2.096337
0.843010 -1.160304 2.096337
0.000000 -0.000000 2.540000
0.000000 -2.367399 0.920338
0.843010 -1.160304 2.096337
0.000000 -1.434214 2.096337
0.000000 -1.434214 2.096337
0.843010 -1.160304 2.096337
0.000000 0.000000 2.540000
0.000000 -2.367399 0.920338
0.843010 -1.160304 2.096337
0.000000 -1.434214 2.096337
0.000000 -1.434214 2.096337
0.843010 -1.160304 2.096337
0.000000 0.000000 2.540000
1.391522 -1.915266 0.920338
0.843010 -1.160304 2.096337
0.000000 -1.434214 2.096337
0.000000 -1.434214 2.096337
0.843010 -1.160304 2.096337
0.000000 0.000000 2.540000
0.000000 -2.367399 0.920338
0.843010 -1.160304 2.096337
0.000000 -1.434214 2.096337
0.000000 -1.434214 2.096337
0.843010 -1.160304 2.096337
0.000000 0.000000 2.540000
1.391522 -1.915266 0.920338
0.843010 -1.160304 2.096337
0.000000 -1.434214 2.096337
0.000000 -1.434214 2.096337
0.843010 -1.160304 2.096337
0.000000 0.000000 2.540000
0.000000 -2.367399 0.920338
0.843010 -1.160304 2.096337
0.000000 -1.434214 2.096337
0.000000 -1.434214 2.096337
0.843010 -1.160304 2.096337
0.000000 0.000000 2.540000
0.000000 -2.367399 0.920338
0.843010 -1.160304 2.096337
0.000000 -1.434214 2.096337
0.000000 -1.434214 2.096337
0.843010 -1.160304 2.096337
0.000000 0.000000 2.540000
1.391522 -1.915266 0.920338
0.843010 -1.160304 2.096337
0.000000 -1.434214 2.096337
0.000000 -2.367399 -0.920338
-0.843010 -1.160304 -2.096337
0.000000 -1.434214 -2.096337
0.000000 0.000000 -2.540000
0.000000 -1.434214 -2.096337
-0.843010 -1.160304 -2.096337
0.000000 -1.715597 -1.873053
-1.008402 -1.387947 -1.873053
0.000000 -0.358311 -2.514600
-1.453919 -2.001148 -0.577172
-1.008402 -1.387947 -1.873053
0.000000 -1.715597 -1.873053
0.000000 -1.715597 -1.873053
-1.008402 -1.387947 -1.873053
0.000000 -0.358311 -2.514600
-1.453919 -2.001148 -0.577172
-1.008402 -1.387947 -1.873053
0.000000 -1.715597 -1.873053
1.453919 2.001148 0.577172
-0.000000 1.715597 1.873053
1.008402 1.387947 1.873053
-0.000000 1.715597 1.873053
0.276691 0.358311 2.499331
1.008402 1.387947 1.873053
1.453919 -2.001148 -0.577172
1.008402 -1.387947 -1.873053
2.352490 -0.764370 -0.577172
1.008402 -1.387947 -1.873053
0.000000 -0.358311 -2.514600
0.918288 -0.358311 -2.340931
-1.093977 0.358311 2.264161
-0.000000 1.715597 1.873053
-1.008402 1.387947 1.873053
-1.453919 2.001148 0.577172
-1.630502 0.533607 1.873053
-1.008402 1.387947 1.873053
-1.363784 0.443920 -2.096337
0.000000 0.000000 -2.540000
-1.364019 -0.443197 -2.096337
-2.251530 -0.731566 -0.920338
-1.363784 0.443920 -2.096337
-1.364019 -0.443197 -2.096337
-1.363784 0.443920 -2.096337
0.000000 0.000000 -2.540000
-1.364019 -0.443197 -2.096337
-2.251530 -0.731566 -0.920338
-1.363784 0.443920 -2.096337
-1.364019 -0.443197 -2.096337
-1.363784 0.443920 -2.096337
0.000000 0.000000 -2.540000
-1.364019 -0.443197 -2.096337
-2.251530 -0.731566 -0.920338
-1.363784 0.443920 -2.096337
-1.364019 -0.443197 -2.096337
-1.364019 -0.443197 2.096337
0.000000 0.000000 2.540000
-1.364019 0.443197 2.096337
-2.251530 0.731566 0.920338
-1.364019 -0.443197 2.096337
-1.364019 0.443197 2.096337
-1.364019 -0.443197 2.096337
0.000000 0.000000 2.540000
-1.364019 0.443197 2.096337
-2.251530 0.731566 0.920338
-1.364019 -0.443197 2.096337
-1.364019 0.443197 2.096337
-1.364019 -0.443197 2.096337
0.000000 0.000000 2.540000
-1.364019 0.443197 2.096337
-2.251530 0.731566 0.920338
-1.364019 -0.443197 2.096337
-1.364019 0.443197 2.096337
-1.364019 -0.443197 2.096337
0.000000 0.000000 2.540000
-1.364019 0.443197 2.096337
-2.251530 0.731566 0.920338
-1.364019 -0.443197 2.096337
-1.364019 0.443197 2.096337
-2.251530 0.731566 0.920338
-1.364019 -0.443197 2.096337
-1.364019 0.443197 2.096337
-1.364019 -0.443197 2.096337
0.000000 0.000000 2.540000
-1.364019 0.443197 2.096337
0.918288 -0.358311 -2.340931
1.008402 -1.387947 -1.873053
0.000000 -1.715597 -1.873053
0.000000 -2.473555 -0.577172
0.000000 -1.715597 -1.873053
1.008402 -1.387947 -1.873053
0.918288 -0.358311 -2.340931
1.008402 -1.387947 -1.873053
0.000000 -1.715597 -1.873053
0.000000 -2.473555 -0.577172
0.000000 -1.715597 -1.873053
1.008402 -1.387947 -1.873053
0.000000 -2.473555 -0.577172
0.000000 -1.715597 -1.873053
1.008402 -1.387947 -1.873053
0.918288 -0.358311 -2.340931
1.008402 -1.387947 -1.873053
0.000000 -1.715597 -1.873053
0.000000 -1.715597 -1.873053
0.000000 -0.358311 -2.514600
1.008402 -1.387947 -1.873053
1.453919 -2.001148 -0.577172
0.000000 -1.715597 -1.873053
1.008402 -1.387947 -1.873053
0.000000 -2.473555 0.577172
0.000000 -1.715597 1.873053
-1.008402 -1.387947 1.873053
0.000000 -0.358311 2.514600
-1.008402 -1.387947 1.873053
0.000000 -1.715597 1.873053
0.000000 -2.473555 -0.577172
-1.008402 -1.387947 -1.873053
0.000000 -1.715597 -1.873053
0.000000 -1.715597 -1.873053
-1.008402 -1.387947 -1.873053
0.000000 -0.358311 -2.514600
0.000000 -0.358311 2.514600
-1.008402 -1.387947 1.873053
0.000000 -1.715597 1.873053
0.000000 -2.473555 0.577172
0.000000 -1.715597 1.873053
-1.008402 -1.387947 1.873053
0.000000 -0.358311 2.514600
-1.008402 -1.387947 1.873053
0.000000 -1.715597 1.873053
0.000000 -2.473555 0.577172
0.000000 -1.715597 1.873053
-1.008402 -1.387947 1.873053
0.000000 -2.473555 0.577172
0.000000 -1.715597 1.873053
-1.008402 -1.387947 1.873053
0.000000 -0.358311 2.514600
-1.008402 -1.387947 1.873053
0.000000 -1.715597 1.873053
0.000000 -1.715597 -1.873053
-1.008402 -1.387947 -1.873053
0.000000 -0.358311 -2.514600
0.000000 -2.473555 -0.577172
-1.008402 -1.387947 -1.873053
0.000000 -1.715597 -1.873053
0.000000 -1.715597 1.873053
0.000000 -0.358311 2.514600
-1.008402 -1.387947 1.873053
-1.453919 -2.001148 0.577172
0.000000 -1.715597 1.873053
-1.008402 -1.387947 1.873053
0.000000 -1.715597 -1.873053
-1.008402 -1.387947 -1.873053
0.000000 -0.358311 -2.514600
0.000000 -2.473555 -0.577172
-1.008402 -1.387947 -1.873053
0.000000 -1.715597 -1.873053
-1.453919 -2.001148 0.577172
0.000000 -1.715597 1.873053
-1.008402 -1.387947 1.873053
0.000000 -0.358311 2.514600
-1.008402 -1.387947 1.873053
0.000000 -1.715597 1.873053
0.000000 -1.715597 -1.873053
-1.008402 -1.387947 -1.873053
0.000000 -0.358311 -2.514600
0.000000 -2.473555 -0.577172
-1.008402 -1.387947 -1.873053
0.000000 -1.715597 -1.873053
0.000000 -0.358311 2.514600
-1.008402 -1.387947 1.873053
0.000000 -1.715597 1.873053
0.000000 -2.473555 0.577172
0.000000 -1.715597 1.873053
-1.008402 -1.387947 1.873053
0.000000 -1.434214 -2.096337
-0.843010 -1.160304 -2.096337
0.000000 0.000000 -2.540000
-1.391522 -1.915266 -0.920338
-0.843010 -1.160304 -2.096337
0.000000 -1.434214 -2.096337
0.000000 -2.367399 0.920338
0.000000 -1.434214 2.096337
-0.843010 -1.160304 2.096337
0.000000 -1.434214 2.096337
0.000000 0.000000 2.540000
-0.843010 -1.160304 2.096337
1.364019 -0.443197 -2.096337
0.843010 -1.160304 -2.096337
0.000000 0.000000 -2.540000
2.251530 -0.731566 -0.920338
0.843010 -1.160304 -2.096337
1.364019 -0.443197 -2.096337
2.251530 -0.731566 0.920338
1.364019 -0.443197 2.096337
0.843010 -1.160304 2.096337
1.364019 -0.443197 2.096337
0.000000 0.000000 2.540000
0.843010 -1.160304 2.096337
-1.008402 1.387947 1.873053
0.276691 0.358311 2.499331
-0.000000 1.715597 1.873053
-1.453919 2.001148 0.577172
-1.008402 1.387947 1.873053
-0.000000 1.715597 1.873053
-1.008402 1.387947 1.873053
0.276691 0.358311 2.499331
-0.000000 1.715597 1.873053
-1.453919 2.001148 0.577172
-1.008402 1.387947 1.873053
-0.000000 1.715597 1.873053
1.453919 2.001148 -0.577172
1.008402 1.387947 -1.873053
-0.000000 1.715597 -1.873053
1.008402 1.387947 -1.873053
0.112048 0.358311 -2.512102
-0.000000 1.715597 -1.873053
-0.000000 2.473555 -0.577172
1.008402 1.387947 -1.873053
-0.000000 1.715597 -1.873053
1.008402 1.387947 -1.873053
0.112048 0.358311 -2.512102
-0.000000 1.715597 -1.873053
1.453919 2.001148 0.577172
-0.000000 1.715597 1.873053
1.008402 1.387947 1.873053
-0.000000 1.715597 1.873053
0.276691 0.358311 2.499331
1.008402 1.387947 1.873053
-1.453919 -2.001148 0.577172
0.000000 -1.715597 1.873053
-1.008402 -1.387947 1.873053
0.000000 -0.358311 2.514600
-1.008402 -1.387947 1.873053
0.000000 -1.715597 1.873053
0.000000 -0.358311 2.514600
-1.008402 -1.387947 1.873053
0.000000 -1.715597 1.873053
-1.453919 -2.001148 0.577172
0.000000 -1.715597 1.873053
-1.008402 -1.387947 1.873053
2.251530 0.731566 0.920338
2.251530 -0.731566 0.920338
2.352490 -0.764370 -0.577172
2.251530 0.731566 0.920338
1.364019 0.443197 2.096337
2.251530 -0.731566 0.920338
0.000000 -2.473555 0.577172
1.008402 -1.387947 1.873053
0.000000 -1.715597 1.873053
1.008402 -1.387947 1.873053
0.000000 -0.358311 2.514600
0.000000 -1.715597 1.873053
0.000000 -2.473555 0.577172
1.008402 -1.387947 1.873053
0.000000 -1.715597 1.873053
1.008402 -1.387947 1.873053
0.000000 -0.358311 2.514600
0.000000 -1.715597 1.873053
0.000000 -2.473555 0.577172
1.008402 -1.387947 1.873053
0.000000 -1.715597 1.873053
1.008402 -1.387947 1.873053
0.000000 -0.358311 2.514600
0.000000 -1.715597 1.873053
-1.453919 2.001148 -0.577172
-0.000000 1.715597 -1.873053
-1.008402 1.387947 -1.873053
-0.000000 1.715597 -1.873053
0.112048 0.358311 -2.512102
-1.008402 1.387947 -1.873053
-1.453919 2.001148 -0.577172
-0.000000 1.715597 -1.873053
-1.008402 1.387947 -1.873053
-0.000000 1.715597 -1.873053
0.112048 0.358311 -2.512102
-1.008402 1.387947 -1.873053
-2.251530 -0.731566 -0.920338
-1.363784 0.443920 -2.096337
-1.364019 -0.443197 -2.096337
-1.363784 0.443920 -2.096337
0.000000 0.000000 -2.540000
-1.364019 -0.443197 -2.096337
-1.364019 0.443197 -2.096337
0.000000 0.000000 -2.540000
-1.364019 -0.443197 -2.096337
-2.251530 -0.731566 -0.920338
-1.364019 0.443197 -2.096337
-1.364019 -0.443197 -2.096337
-1.363784 0.443920 -2.096337
0.000000 0.000000 -2.540000
-1.364019 -0.443197 -2.096337
-2.251530 -0.731566 -0.920338
-1.363784 0.443920 -2.096337
-1.364019 -0.443197 -2.096337
-1.363784 0.443920 -2.096337
0.000000 0.000000 -2.540000
-1.364019 -0.443197 -2.096337
-2.251530 -0.731566 -0.920338
-1.363784 0.443920 -2.096337
-1.364019 -0.443197 -2.096337
-1.363784 0.443920 -2.096337
0.000000 0.000000 -2.540000
-1.364019 -0.443197 -2.096337
-2.251530 -0.731566 -0.920338
-1.363784 0.443920 -2.096337
-1.364019 -0.443197 -2.096337
-2.251530 0.731566 0.920338
-1.364019 -0.443197 2.096337
-1.364019 0.443197 2.096337
-1.364019 -0.443197 2.096337
0.000000 0.000000 2.540000
-1.364019 0.443197 2.096337
-2.251530 0.731566 0.920338
-1.364019 -0.443197 2.096337
-1.364019 0.443197 2.096337
-1.364019 -0.443197 2.096337
0.000000 0.000000 2.540000
-1.364019 0.443197 2.096337
-1.364019 -0.443197 2.096337
0.000000 0.000000 2.540000
-1.364019 0.443197 2.096337
-2.251530 0.731566 0.920338
-1.364019 -0.443197 2.096337
-1.364019 0.443197 2.096337
0.843010 -1.160304 -2.096337
0.000000 0.000000 -2.540000
1.364019 -0.443197 -2.096337
2.251530 -0.731566 -0.920338
0.843010 -1.160304 -2.096337
1.364019 -0.443197 -2.096337
-2.251530 -0.731566 0.920338
-0.843010 -1.160304 2.096337
-1.364019 -0.443197 2.096337
-0.843010 -1.160304 2.096337
0.000000 0.000000 2.540000
-1.364019 -0.443197 2.096337
-0.843010 -1.160304 2.096337
0.000000 0.000000 2.540000
-1.364019 -0.443197 2.096337
-2.251530 -0.731566 0.920338
-0.843010 -1.160304 2.096337
-1.364019 -0.443197 2.096337
2.251530 0.731566 -0.920338
1.364019 0.443197 -2.096337
0.843010 1.160304 -2.096337
1.364019 0.443197 -2.096337
0.000000 0.000000 -2.540000
0.843010 1.160304 -2.096337
2.251530 0.731566 -0.920338
1.364019 0.443197 -2.096337
0.843010 1.160304 -2.096337
1.364019 0.443197 -2.096337
0.000000 0.000000 -2.540000
0.843010 1.160304 -2.096337
2.251530 0.731566 -0.920338
1.364019 0.443197 -2.096337
0.843010 1.160304 -2.096337
1.364019 0.443197 -2.096337
0.000000 0.000000 -2.540000
0.843010 1.160304 -2.096337
-1.364019 0.443197 2.096337
0.000000 0.000000 2.540000
-0.843010 1.160304 2.096337
-1.391522 1.915266 0.920338
-1.364019 0.443197 2.096337
-0.843010 1.160304 2.096337
-1.391522 1.915266 0.920338
-1.364019 0.443197 2.096337
-0.843010 1.160304 2.096337
-1.364019 0.443197 2.096337
0.000000 -0.000000 2.540000
-0.843010 1.160304 2.096337
1.391522 1.915266 -0.920338
1.364019 0.443197 -2.096337
0.843010 1.160304 -2.096337
1.364019 0.443197 -2.096337
0.000000 0.000000 -2.540000
0.843010 1.160304 -2.096337
1.391522 1.915266 -0.920338
1.364019 0.443197 -2.096337
0.843010 1.160304 -2.096337
1.364019 0.443197 -2.096337
0.000000 0.000000 -2.540000
0.843010 1.160304 -2.096337
-1.391522 1.915266 0.920338
-1.364019 0.443197 2.096337
-0.843010 1.160304 2.096337
-1.364019 0.443197 2.096337
0.000000 0.000000 2.540000
-0.843010 1.160304 2.096337
-1.008402 1.387947 1.873053
-0.000000 1.715597 1.873053
-0.000000 2.473555 0.577172
-1.008402 1.387947 1.873053
0.276691 0.358311 2.499331
-0.000000 1.715597 1.873053
1.008402 1.387947 -1.873053
0.112048 0.358311 -2.512102
-0.000000 1.715597 -1.873053
-0.000000 2.473555 -0.577172
1.008402 1.387947 -1.873053
-0.000000 1.715597 -1.873053
1.364019 0.443197 2.096337
1.364019 -0.443197 2.096337
2.251530 -0.731566 0.920338
1.364019 0.443197 2.096337
0.000000 0.000000 2.540000
1.364019 -0.443197 2.096337
-1.363784 0.443920 -2.096337
0.000000 0.000000 -2.540000
-1.364019 -0.443197 -2.096337
-2.251530 -0.731566 -0.920338
-1.363784 0.443920 -2.096337
-1.364019 -0.443197 -2.096337
0.000000 -1.434214 -2.096337
-0.843010 -1.160304 -2.096337
0.000000 0.000000 -2.540000
-1.391522 -1.915266 -0.920338
-0.843010 -1.160304 -2.096337
0.000000 -1.434214 -2.096337
-1.391522 -1.915266 0.920338
0.000000 -1.434214 2.096337
-0.843010 -1.160304 2.096337
0.000000 -1.434214 2.096337
0.000000 0.000000 2.540000
-0.843010 -1.160304 2.096337
0.000000 -1.434214 -2.096337
-0.843010 -1.160304 -2.096337
0.000000 0.000000 -2.540000
-1.391522 -1.915266 -0.920338
-0.843010 -1.160304 -2.096337
0.000000 -1.434214 -2.096337
1.364019 -0.443197 2.096337
0.000000 0.000000 2.540000
0.843010 -1.160304 2.096337
2.251530 -0.731566 0.920338
1.364019 -0.443197 2.096337
0.843010 -1.160304 2.096337
1.364019 -0.443197 2.096337
0.000000 0.000000 2.540000
0.843010 -1.160304 2.096337
2.251530 -0.731566 0.920338
1.364019 -0.443197 2.096337
0.843010 -1.160304 2.096337
2.251530 0.731566 0.920338
1.364019 0.443197 2.096337
1.364019 -0.443197 2.096337
1.364019 0.443197 2.096337
0.000000 0.000000 2.540000
1.364019 -0.443197 2.096337
0.000000 -2.367399 0.920338
0.000000 -1.434214 2.096337
-0.843010 -1.160304 2.096337
0.000000 -1.434214 2.096337
0.000000 0.000000 2.540000
-0.843010 -1.160304 2.096337
1.364019 -0.443197 -2.096337
0.000000 0.000000 -2.540000
1.364019 0.443197 -2.096337
2.251530 -0.731566 -0.920338
1.364019 -0.443197 -2.096337
1.364019 0.443197 -2.096337
-1.364019 -0.443197 -2.096337
0.000000 0.000000 -2.540000
-0.843010 -1.160304 -2.096337
-1.391522 -1.915266 -0.920338
-1.364019 -0.443197 -2.096337
-0.843010 -1.160304 -2.096337
2.251530 -0.731566 0.920338
1.364019 -0.443197 2.096337
0.843010 -1.160304 2.096337
1.364019 -0.443197 2.096337
0.000000 0.000000 2.540000
0.843010 -1.160304 2.096337
1.364019 -0.443197 -2.096337
0.843010 -1.160304 -2.096337
0.000000 0.000000 -2.540000
2.251530 -0.731566 -0.920338
0.843010 -1.160304 -2.096337
1.364019 -0.443197 -2.096337
0.000000 -2.367399 -0.920338
0.000000 -1.434214 -2.096337
0.843010 -1.160304 -2.096337
0.000000 -1.434214 -2.096337
0.000000 0.000000 -2.540000
0.843010 -1.160304 -2.096337
2.251530 0.731566 -0.920338
1.364019 -0.443197 -2.096337
1.364019 0.443197 -2.096337
1.364019 -0.443197 -2.096337
0.000000 0.000000 -2.540000
1.364019 0.443197 -2.096337
2.251530 0.731566 0.920338
1.364019 0.443197 2.096337
1.364019 -0.443197 2.096337
1.364019 0.443197 2.096337
0.000000 0.000000 2.540000
1.364019 -0.443197 2.096337
0.000000 -1.434214 -2.096337
-0.843010 -1.160304 -2.096337
0.000000 0.000000 -2.540000
-1.391522 -1.915266 -0.920338
-0.843010 -1.160304 -2.096337
0.000000 -1.434214 -2.096337
-1.391522 -1.915266 0.920338
0.000000 -1.434214 2.096337
-0.843010 -1.160304 2.096337
0.000000 -1.434214 2.096337
0.000000 0.000000 2.540000
-0.843010 -1.160304 2.096337
0.000000 -1.434214 -2.096337
-0.843010 -1.160304 -2.096337
0.000000 0.000000 -2.540000
-1.391522 -1.915266 -0.920338
-0.843010 -1.160304 -2.096337
0.000000 -1.434214 -2.096337
0.000000 -1.434214 2.096337
0.000000 0.000000 2.540000
-0.843010 -1.160304 2.096337
0.000000 -2.367399 0.920338
0.000000 -1.434214 2.096337
-0.843010 -1.160304 2.096337
-0.000000 2.367399 -0.920338
0.843010 1.160304 -2.096337
-0.000000 1.434214 -2.096337
0.843010 1.160304 -2.096337
0.000000 0.000000 -2.540000
-0.000000 1.434214 -2.096337
-0.843010 1.160304 -2.096337
-1.391522 1.915266 -0.920338
-0.000000 1.434214 -2.096337
-0.000000 1.434214 -2.096337
0.000000 0.000000 -2.540000
-0.843010 1.160304 -2.096337
-0.000000 1.434214 -2.096337
0.000000 0.000000 -2.540000
-0.843010 1.160304 -2.096337
-0.843010 1.160304 -2.096337
-1.391522 1.915266 -0.920338
-0.000000 1.434214 -2.096337
-0.000000 1.434214 2.096337
0.000000 0.000000 2.540000
0.843010 1.160304 2.096337
1.391522 1.915266 0.920338
-0.000000 1.434214 2.096337
0.843010 1.160304 2.096337
-0.000000 1.434214 2.096337
0.000000 0.000000 2.540000
0.843010 1.160304 2.096337
1.391522 1.915266 0.920338
-0.000000 1.434214 2.096337
0.843010 1.160304 2.096337
-0.843010 1.160304 -2.096337
-1.391522 1.915266 -0.920338
-0.000000 1.434214 -2.096337
-0.000000 1.434214 -2.096337
0.000000 0.000000 -2.540000
-0.843010 1.160304 -2.096337
-0.000000 1.434214 2.096337
0.000000 0.000000 2.540000
0.843010 1.160304 2.096337
1.391522 1.915266 0.920338
-0.000000 1.434214 2.096337
0.843010 1.160304 2.096337
-0.843010 1.160304 -2.096337
-1.391522 1.915266 -0.920338
-0.000000 1.434214 -2.096337
-0.000000 1.434214 -2.096337
0.000000 0.000000 -2.540000
-0.843010 1.160304 -2.096337
1.391522 1.915266 0.920338
-0.000000 1.434214 2.096337
0.843010 1.160304 2.096337
-0.000000 1.434214 2.096337
0.000000 -0.000000 2.540000
0.843010 1.160304 2.096337
-0.843010 1.160304 -2.096337
-1.391522 1.915266 -0.920338
-0.000000 1.434214 -2.096337
-0.000000 1.434214 -2.096337
0.000000 0.000000 -2.540000
-0.843010 1.160304 -2.096337
-0.843010 1.160304 -2.096337
-1.391522 1.915266 -0.920338
-0.000000 1.434214 -2.096337
-0.000000 1.434214 -2.096337
0.000000 0.000000 -2.540000
-0.843010 1.160304 -2.096337
1.391522 1.915266 0.920338
-0.000000 1.434214 2.096337
0.843010 1.160304 2.096337
-0.000000 1.434214 2.096337
0.000000 0.000000 2.540000
0.843010 1.160304 2.096337
1.391522 1.915266 0.920338
-0.000000 1.434214 2.096337
0.843010 1.160304 2.096337
-0.000000 1.434214 2.096337
0.000000 0.000000 2.540000
0.843010 1.160304 2.096337
-0.843010 1.160304 -2.096337
-1.391522 1.915266 -0.920338
-0.000000 1.434214 -2.096337
-0.000000 1.434214 -2.096337
0.000000 0.000000 -2.540000
-0.843010 1.160304 -2.096337
1.391522 1.915266 0.920338
-0.000000 1.434214 2.096337
0.843010 1.160304 2.096337
-0.000000 1.434214 2.096337
0.000000 0.000000 2.540000
0.843010 1.160304 2.096337
</float_array>
          <technique_common>
            <accessor source="#FBXASC227FBXASC130FBXASC189FBXASC227FBXASC131FBXASC170FBXASC227FBXASC131FBXASC131FBXASC227FBXASC131FBXASC1373-Normal0-array" count="5925" stride="3">
              <param name="X" type="float"/>
              <param name="Y" type="float"/>
              <param name="Z" type="float"/>
            </accessor>
          </technique_common>
        </source>
        <vertices id="FBXASC227FBXASC130FBXASC189FBXASC227FBXASC131FBXASC170FBXASC227FBXASC131FBXASC131FBXASC227FBXASC131FBXASC1373-VERTEX">
          <input semantic="POSITION" source="#FBXASC227FBXASC130FBXASC189FBXASC227FBXASC131FBXASC170FBXASC227FBXASC131FBXASC131FBXASC227FBXASC131FBXASC1373-POSITION"/>
        </vertices>
        <triangles count="398" material="MaterialFBXASC032FBXASC03526">
          <input semantic="VERTEX" offset="0" source="#FBXASC227FBXASC130FBXASC189FBXASC227FBXASC131FBXASC170FBXASC227FBXASC131FBXASC131FBXASC227FBXASC131FBXASC1373-VERTEX"/>
          <input semantic="NORMAL" offset="1" source="#FBXASC227FBXASC130FBXASC189FBXASC227FBXASC131FBXASC170FBXASC227FBXASC131FBXASC131FBXASC227FBXASC131FBXASC1373-Normal0"/>
          <p> 164 192 2 193 57 194 57 195 2 196 54 197 54 198 2 199 45 200 2 201 1 202 45 203 54 204 376 205 57 206 53 207 128 208 54 209 54 210 52 211 53 212 53 213 52 214 51 215 52 216 50 217 51 218 51 219 50 220 49 221 44 222 49 223 45 224 45 225 49 226 50 227 46 228 41 229 47 230 47 231 41 232 48 233 48 234 41 235 40 236 48 237 40 238 44 239 44 240 40 241 39 242 41 243 38 244 42 245 37 246 43 247 38 248 38 249 43 250 42 251 36 252 39 253 37 254 37 255 39 256 43 257 34 258 36 259 35 260 35 261 36 262 37 263 32 264 34 265 33 266 33 267 34 268 35 269 33 270 27 271 32 272 32 273 27 274 26 275 28 276 23 277 29 278 22 279 30 280 23 281 23 282 30 283 29 284 21 285 26 286 22 287 22 288 26 289 30 290 23 291 18 292 24 293 24 294 18 295 25 296 25 297 18 298 17 299 25 300 17 301 21 302 21 303 17 304 16 305 18 306 15 307 19 308 19 309 15 310 20 311 20 312 15 313 14 314 13 315 16 316 14 317 14 318 16 319 20 320 14 321 12 322 13 323 13 324 12 325 11 326 12 327 1 328 11 329 11 330 1 331 0 332 56 333 608 334 55 335 56 336 55 337 469 338 524 564 63 565 62 566 156 567 62 568 61 569 61 570 60 571 156 572 345 573 60 574 59 575 58 576 125 577 59 578 153 579 119 580 120 581 124 582 120 583 121 584 119 585 116 586 120 587 120 588 116 589 117 590 121 591 120 592 118 593 120 594 117 595 118 596 116 597 113 598 117 599 117 600 113 601 114 602 115 603 118 604 114 605 114 606 118 607 117 608 107 609 112 610 113 611 112 612 114 613 113 614 114 615 112 616 111 617 114 618 111 619 115 620 115 621 111 622 110 623 107 624 101 625 108 626 108 627 101 628 106 629 105 630 109 631 106 632 106 633 109 634 108 635 104 636 110 637 105 638 105 639 110 640 109 641 99 642 102 643 98 644 98 645 102 646 101 647 102 648 99 649 103 650 103 651 99 652 104 653 104 654 99 655 100 656 98 657 95 658 99 659 99 660 95 661 96 662 100 663 99 664 97 665 99 666 96 667 97 668 93 669 96 670 92 671 92 672 96 673 95 674 93 675 94 676 96 677 94 678 97 679 96 680 92 681 86 682 93 683 93 684 86 685 91 686 93 687 91 688 90 689 93 690 90 691 94 692 94 693 90 694 89 695 86 696 79 697 87 698 87 699 79 700 84 701 83 702 88 703 84 704 84 705 88 706 87 707 82 708 89 709 83 710 83 711 89 712 88 713 79 714 73 715 80 716 80 717 73 718 78 719 78 720 77 721 80 722 77 723 81 724 80 725 76 726 82 727 77 728 77 729 82 730 81 731 73 732 70 733 74 734 74 735 70 736 71 737 74 738 71 739 75 740 75 741 71 742 76 743 76 744 71 745 72 746 68 747 71 748 67 749 67 750 71 751 70 752 69 753 72 754 68 755 68 756 72 757 71 758 123 759 477 760 122 761 122 762 748 763 123 764 69 765 63 766 124 767 124 768 121 769 118 770 118 771 115 772 124 773 124 774 115 775 110 776 124 777 110 778 104 779 104 780 100 781 124 782 124 783 100 784 97 785 67 786 58 787 68 788 68 789 58 790 64 791 63 792 69 793 64 794 64 795 69 796 68 797 145 798 65 799 66 800 65 801 152 802 66 803 154 804 0 805 6 806 529 807 6 808 5 809 314 810 5 811 4 812 132 813 4 814 3 815 133 816 3 817 2 818 10 819 7 820 521 821 174 822 7 823 10 824 7 825 154 826 314 827 529 828 154 829 6 830 197 831 152 832 119 833 199 834 164 835 57 836 174 837 154 838 7 839 63 840 159 841 124 842 727 855 800 856 56 857 701 858 55 859 594 860 259 861 120 862 124 863 54 864 128 865 376 866 249 867 124 868 377 869 159 870 162 871 124 872 258 885 238 886 252 887 63 888 145 889 157 890 133 891 7 892 516 893 516 894 3 895 133 896 66 963 152 964 300 965 60 966 520 967 156 968 155 969 152 970 160 971 520 972 65 973 156 974 152 1017 65 1018 125 1019 119 1020 152 1021 125 1022 173 1023 162 1024 210 1025 256 1026 238 1027 258 1028 217 1029 154 1030 174 1031 145 1032 300 1033 157 1034 66 1035 300 1036 145 1037 536 1038 63 1039 524 1040 65 1041 536 1042 156 1043 167 1044 157 1045 155 1046 63 1047 157 1048 344 1049 521 1050 2 1051 158 1052 158 1053 10 1054 521 1055 159 1056 203 1057 164 1058 162 1059 159 1060 164 1061 528 1062 124 1063 206 1064 152 1065 197 1066 160 1067 160 1068 161 1069 163 1070 129 1071 182 1072 161 1073 199 1074 162 1075 164 1076 210 1077 162 1078 199 1079 174 1080 163 1081 225 1082 161 1083 182 1084 317 1085 164 1086 203 1087 211 1088 211 1089 2 1090 384 1091 305 1104 10 1105 158 1106 158 1107 157 1108 305 1109 124 1116 330 1117 505 1118 122 1119 505 1120 748 1121 312 1122 124 1123 739 1124 123 1125 646 1126 477 1127 322 1146 311 1147 206 1148 206 1149 161 1150 322 1151 167 1152 163 1153 174 1154 10 1155 305 1156 174 1157 197 1158 119 1159 153 1160 124 1161 343 1162 402 1163 487 1164 623 1165 128 1166 595 1167 508 1168 458 1169 497 1188 129 1189 253 1190 129 1191 326 1192 659 1193 497 1206 253 1207 432 1208 225 1209 217 1210 174 1211 206 1308 311 1309 528 1310 539 1311 517 1312 175 1313 199 1320 57 1321 129 1322 129 1323 161 1324 348 1325 539 1344 153 1345 517 1346 784 1347 153 1348 226 1349 244 1350 291 1351 286 1352 344 1353 157 1354 203 1355 249 1380 162 1381 173 1382 273 1383 206 1384 301 1385 348 1410 161 1411 290 1412 210 1413 273 1414 173 1415 158 1416 2 1417 211 1418 291 1419 302 1420 211 1421 128 1464 432 1465 180 1466 364 1521 497 1522 217 1523 317 1524 182 1525 364 1526 124 1527 397 1528 330 1529 153 1530 415 1531 226 1532 800 1587 608 1588 56 1589 57 1590 376 1591 571 1592 256 1605 167 1606 238 1607 238 1608 167 1609 155 1610 286 1659 158 1660 244 1661 211 1662 302 1663 158 1664 372 1671 846 1672 128 1673 727 1674 56 1675 469 1676 206 1689 249 1690 301 1691 206 1692 124 1693 249 1694 155 1719 160 1720 252 1721 252 1722 238 1723 155 1724 129 1725 180 1726 253 1727 180 1728 432 1729 359 1730 256 1749 258 1750 163 1751 163 1752 167 1753 256 1754 252 1761 160 1762 258 1763 258 1764 160 1765 163 1766 385 1767 120 1768 259 1769 122 1770 588 1771 505 1772 544 1875 153 1876 271 1877 739 1878 541 1879 312 1880 273 1887 210 1888 161 1889 161 1890 206 1891 273 1892 157 1971 158 1972 286 1973 203 1974 157 1975 286 1976 290 1995 210 1996 199 1997 161 1998 210 1999 290 2000 203 2001 291 2002 211 2003 291 2004 203 2005 286 2006 202 2025 402 2026 602 2027 202 2028 153 2029 402 2030 800 2037 129 2038 608 2039 129 2040 595 2041 458 2042 157 2061 300 2062 155 2063 300 2064 152 2065 155 2066 273 2067 301 2068 173 2069 301 2070 249 2071 173 2072 302 2073 291 2074 244 2075 302 2076 244 2077 158 2078 305 2091 157 2092 167 2093 305 2094 167 2095 174 2096 322 2127 197 2128 311 2129 311 2130 539 2131 175 2132 312 2133 397 2134 124 2135 784 2136 226 2137 635 2138 132 2145 314 2146 4 2147 132 2148 7 2149 314 2150 161 2163 317 2164 163 2165 163 2166 317 2167 225 2168 160 2193 197 2194 322 2195 322 2196 161 2197 160 2198 696 2217 803 2218 326 2219 129 2220 458 2221 772 2222 748 2241 816 2242 123 2243 330 2244 397 2245 816 2246 343 2319 124 2320 175 2321 175 2322 517 2323 343 2324 159 2325 63 2326 344 2327 344 2328 203 2329 159 2330 125 2331 65 2332 345 2333 59 2334 125 2335 345 2336 348 2349 290 2350 199 2351 199 2352 129 2353 348 2354 180 2415 604 2416 253 2417 432 2418 253 2419 359 2420 317 2445 364 2446 225 2447 225 2448 364 2449 217 2450 696 2493 623 2494 803 2495 372 2496 831 2497 846 2498 235 2529 571 2530 376 2531 55 2532 869 2533 594 2534 377 2535 124 2536 162 2537 377 2538 162 2539 249 2540 384 2583 164 2584 211 2585 384 2586 2 2587 164 2588 153 2589 120 2590 385 2591 122 2592 477 2593 588 2594 226 2667 415 2668 634 2669 312 2670 833 2671 397 2672 541 2697 295 2698 857 2699 402 2700 295 2701 124 2702 169 2775 646 2776 123 2777 169 2778 634 2779 415 2780 217 2877 497 2878 432 2879 432 2880 128 2881 217 2882 772 3039 458 3040 176 3041 176 3042 831 3043 372 3044 701 3111 594 3112 128 3113 128 3114 246 3115 469 3116 477 3159 838 3160 588 3161 477 3162 646 3163 153 3164 180 3219 487 3220 128 3221 326 3222 803 3223 659 3224 182 3279 497 3280 364 3281 182 3282 129 3283 497 3284 505 3327 815 3328 124 3329 505 3330 588 3331 815 3332 246 3357 727 3358 469 3359 831 3360 508 3361 846 3362 516 3411 132 3412 3 3413 516 3414 7 3415 132 3416 517 3417 202 3418 343 3419 517 3420 153 3421 202 3422 345 3435 65 3436 520 3437 520 3438 60 3439 345 3440 521 3441 7 3442 133 3443 133 3444 2 3445 521 3446 536 3459 524 3460 156 3461 524 3462 62 3463 156 3464 528 3483 311 3484 175 3485 175 3486 124 3487 528 3488 154 3489 529 3490 314 3491 314 3492 529 3493 5 3494 145 3531 63 3532 536 3533 145 3534 536 3535 65 3536 197 3549 539 3550 311 3551 197 3552 153 3553 539 3554 541 3561 784 3562 635 3563 541 3564 857 3565 271 3566 544 3579 402 3580 153 3581 857 3582 295 3583 402 3584 608 3741 129 3742 571 3743 129 3744 57 3745 571 3746 385 3843 588 3844 153 3845 588 3846 385 3847 815 3848 869 3879 376 3880 594 3881 376 3882 128 3883 594 3884 595 3885 800 3886 727 3887 297 3888 595 3889 129 3890 343 3927 202 3928 602 3929 402 3930 343 3931 602 3932 604 3939 180 3940 359 3941 253 3942 604 3943 359 3944 608 3963 571 3964 235 3965 608 3966 235 3967 55 3968 623 4053 176 4054 372 4055 372 4056 128 4057 623 4058 397 4119 634 4120 816 4121 833 4122 634 4123 397 4124 541 4125 635 4126 312 4127 635 4128 833 4129 312 4130 415 4191 646 4192 169 4193 646 4194 415 4195 153 4196 180 4269 659 4270 803 4271 129 4272 659 4273 180 4274 696 4491 176 4492 623 4493 696 4494 326 4495 176 4496 469 4521 701 4522 128 4523 469 4524 55 4525 701 4526 727 4677 508 4678 595 4679 246 4680 508 4681 727 4682 295 4749 739 4750 124 4751 739 4752 295 4753 541 4754 505 4803 330 4804 748 4805 330 4806 816 4807 748 4808 772 4947 326 4948 129 4949 326 4950 772 4951 176 4952 271 5019 153 5020 784 5021 271 5022 784 5023 541 5024 800 5115 595 5116 297 5117 297 5118 129 5119 800 5120 803 5133 487 5134 180 5135 623 5136 487 5137 803 5138 124 5205 815 5206 259 5207 815 5208 385 5209 259 5210 123 5211 816 5212 169 5213 816 5214 634 5215 169 5216 831 5301 458 5302 508 5303 176 5304 458 5305 831 5306 635 5313 226 5314 833 5315 634 5316 833 5317 226 5318 153 5343 588 5344 838 5345 477 5346 153 5347 838 5348 128 5391 846 5392 246 5393 846 5394 508 5395 246 5396 857 5457 402 5458 544 5459 271 5460 857 5461 544 5462 55 5529 235 5530 869 5531 235 5532 376 5533 869 5534</p>
        </triangles>
        <triangles count="1577" material="MaterialFBXASC032FBXASC03529">
          <input semantic="VERTEX" offset="0" source="#FBXASC227FBXASC130FBXASC189FBXASC227FBXASC131FBXASC170FBXASC227FBXASC131FBXASC131FBXASC227FBXASC131FBXASC1373-VERTEX"/>
          <input semantic="NORMAL" offset="1" source="#FBXASC227FBXASC130FBXASC189FBXASC227FBXASC131FBXASC170FBXASC227FBXASC131FBXASC131FBXASC227FBXASC131FBXASC1373-Normal0"/>
          <p> 1 0 578 1 0 2 0 3 427 4 7 5 7 6 427 7 10 8 7 9 10 10 393 11 7 12 393 13 2 14 1 15 2 16 849 17 3 18 4 19 9 20 9 21 4 22 7 23 4 24 5 25 7 26 7 27 5 28 8 29 5 30 6 31 8 32 8 33 6 34 0 35 7 36 8 37 0 38 9 39 7 40 3 41 3 42 7 43 2 44 12 45 453 46 11 47 11 48 542 49 12 50 712 51 13 52 14 53 14 54 15 55 712 56 329 57 15 58 14 59 14 60 13 61 463 62 17 63 412 64 16 65 685 66 17 67 18 68 824 69 19 70 20 71 20 72 16 73 504 74 527 75 18 76 19 77 22 78 447 79 21 80 323 81 22 82 23 83 822 84 24 85 25 86 25 87 21 88 357 89 566 90 23 91 24 92 27 93 443 94 26 95 569 96 27 97 28 98 823 99 29 100 30 101 30 102 26 103 410 104 565 105 28 106 29 107 33 108 464 109 32 110 32 111 362 112 33 113 711 114 34 115 35 116 35 117 34 118 255 119 37 120 492 121 36 122 686 123 37 124 38 125 328 126 38 127 37 128 37 129 36 130 462 131 40 132 327 133 39 134 40 135 41 136 848 137 522 138 42 139 43 140 43 141 39 142 691 143 144 144 41 145 42 146 45 147 349 148 44 149 45 150 46 151 847 152 381 153 47 154 48 155 48 156 44 157 499 158 609 159 46 160 47 161 50 162 389 163 49 164 49 165 423 166 50 167 713 168 51 169 52 170 51 171 543 172 52 173 55 174 56 175 339 176 54 177 461 178 53 179 55 180 537 181 56 182 216 183 54 184 57 185 502 186 57 187 54 188 54 189 53 190 342 191 58 339 485 340 64 341 59 342 60 343 151 344 151 345 60 346 61 347 61 348 62 349 151 350 332 351 63 352 64 353 65 354 567 355 66 356 65 357 66 358 257 359 65 360 257 361 58 362 59 363 151 364 58 365 151 366 65 367 58 368 62 369 63 370 151 371 67 372 466 373 68 374 67 375 68 376 777 377 69 378 563 379 68 380 68 381 633 382 69 383 71 384 70 385 654 386 347 387 70 388 71 389 71 390 518 391 72 392 71 393 72 394 726 395 73 396 468 397 78 398 650 399 73 400 74 401 76 402 416 403 75 404 416 405 74 406 75 407 321 408 77 409 78 410 77 411 703 412 76 413 79 414 428 415 84 416 395 417 79 418 80 419 82 420 692 421 81 422 692 423 80 424 81 425 667 426 83 427 84 428 83 429 365 430 82 431 86 432 486 433 91 434 651 435 86 436 87 437 89 438 568 439 88 440 836 441 87 442 88 443 664 444 90 445 91 446 90 447 422 448 89 449 92 450 370 451 93 452 92 453 93 454 779 455 94 456 564 457 93 458 93 459 280 460 94 461 95 462 556 463 96 464 95 465 96 466 444 467 96 468 421 469 97 470 96 471 97 472 796 473 98 474 645 475 99 476 649 477 98 478 99 479 99 480 148 481 100 482 99 483 100 484 358 485 101 486 281 487 106 488 454 489 101 490 102 491 814 492 102 493 103 494 666 495 105 496 106 497 105 498 320 499 104 500 103 501 104 502 814 503 107 504 426 505 112 506 457 507 107 508 108 509 110 510 607 511 109 512 245 513 108 514 109 515 665 516 111 517 112 518 111 519 363 520 110 521 113 522 333 523 114 524 113 525 114 526 778 527 115 528 562 529 114 530 114 531 268 532 115 533 117 534 116 535 655 536 116 537 117 538 749 539 117 540 118 541 749 542 117 543 519 544 118 545 119 546 465 547 120 548 122 549 714 550 123 551 648 552 119 553 120 554 120 555 632 556 121 557 122 558 123 559 341 560 120 561 121 562 414 563 97 843 637 844 708 845 95 846 775 847 354 848 761 849 38 850 549 851 36 852 213 853 631 854 750 873 644 874 18 875 418 876 809 877 16 878 76 879 553 880 742 881 73 882 285 883 425 884 110 897 552 898 744 899 107 900 399 901 351 902 804 903 50 904 837 905 49 906 523 907 598 908 32 909 554 910 597 911 215 912 33 913 663 914 86 915 400 916 653 917 89 918 551 919 743 920 69 921 404 922 706 923 67 924 774 925 331 926 148 927 104 928 805 929 901 930 101 931 277 932 11 933 773 934 420 935 12 936 270 937 835 938 118 939 315 940 705 941 812 942 378 943 116 944 762 945 46 946 526 947 44 948 411 949 431 950 566 951 24 952 822 953 21 954 309 955 590 956 873 957 41 958 254 959 39 960 221 961 298 962 82 975 550 976 745 977 79 978 401 979 424 980 72 981 316 982 707 983 70 984 776 985 668 986 98 987 284 988 277 989 100 990 374 991 746 992 813 993 92 994 390 995 94 996 512 997 564 998 632 999 122 1000 341 1001 714 1002 122 1003 465 1004 632 1005 341 1006 121 1007 714 1008 465 1009 119 1010 567 1011 65 1012 151 1013 63 1014 567 1015 151 1016 51 1092 231 1093 409 1094 52 1095 294 1096 713 1097 34 1098 233 1099 419 1100 877 1101 570 1102 35 1103 15 1110 617 1111 533 1112 13 1113 738 1114 408 1115 26 1128 379 1129 589 1130 366 1131 313 1132 28 1133 115 1134 509 1135 562 1136 476 1137 113 1138 391 1139 695 1140 700 1141 57 1142 53 1143 276 1144 561 1145 367 1170 596 1171 23 1172 417 1173 845 1174 21 1175 684 1176 515 1177 46 1178 375 1179 843 1180 44 1181 881 1182 119 1183 471 1184 121 1185 473 1186 581 1187 433 1194 783 1195 254 1196 858 1197 37 1198 686 1199 899 1200 43 1201 691 1202 807 1203 574 1204 490 1205 666 1212 106 1213 854 1214 101 1215 446 1216 386 1217 652 1218 600 1219 113 1220 509 1221 115 1222 724 1223 89 1224 287 1225 568 1226 841 1227 86 1228 368 1229 840 1230 79 1231 369 1232 82 1233 289 1234 498 1235 361 1236 842 1237 39 1238 493 1239 514 1240 41 1241 736 1242 274 1243 32 1244 763 1245 215 1246 448 1247 512 1248 94 1249 725 1250 92 1251 278 1252 434 1253 741 1254 270 1255 360 1256 420 1257 542 1258 11 1259 735 1260 224 1261 0 1262 442 1263 2 1264 767 1265 66 1266 605 1267 257 1268 405 1269 887 1270 63 1271 527 1272 19 1273 824 1274 737 1275 236 1276 13 1277 533 1278 712 1279 15 1280 647 1281 698 1282 16 1283 619 1284 116 1285 599 1286 118 1287 439 1288 525 1289 275 1290 50 1291 662 1292 449 1293 501 1294 759 1295 76 1296 430 1297 579 1298 883 1299 73 1300 474 1301 565 1302 29 1303 823 1304 379 1305 503 1306 751 1307 882 1314 98 1315 398 1316 100 1317 429 1318 580 1319 470 1326 462 1327 36 1328 248 1329 560 1330 534 1331 626 1332 889 1333 34 1334 549 1335 38 1336 709 1337 839 1338 107 1339 407 1340 110 1341 288 1342 607 1343 310 1356 15 1357 710 1358 403 1359 441 1360 270 1361 408 1362 636 1363 13 1364 625 1365 292 1366 11 1367 409 1368 543 1369 51 1370 294 1371 540 1372 535 1373 205 1374 456 1375 165 1376 689 1377 49 1378 577 1379 756 1386 57 1387 502 1388 624 1389 888 1390 51 1391 561 1392 643 1393 53 1394 535 1395 713 1396 294 1397 776 1398 585 1399 380 1400 72 1401 437 1402 243 1403 69 1404 438 1405 563 1406 774 1407 584 1408 491 1409 97 1422 440 1423 545 1424 601 1425 95 1426 740 1427 618 1428 370 1429 92 1430 137 1431 489 1432 445 1433 298 1434 810 1435 36 1436 298 1437 825 1438 810 1439 808 1440 573 1441 459 1442 16 1443 214 1444 647 1445 722 1446 413 1447 334 1448 736 1449 136 1450 274 1451 728 1452 461 1453 55 1454 537 1455 700 1456 695 1457 700 1458 537 1459 55 1460 461 1461 728 1462 53 1463 467 1467 674 1468 374 1469 555 1470 467 1471 374 1472 898 1473 102 1474 814 1475 99 1476 645 1477 875 1478 374 1479 805 1480 555 1481 126 1482 673 1483 606 1484 123 1485 670 1486 341 1487 896 1488 494 1489 921 1490 603 1491 254 1492 783 1493 361 1494 826 1495 842 1496 633 1497 404 1498 69 1499 720 1500 466 1501 67 1502 640 1503 215 1504 170 1505 597 1506 554 1507 754 1508 443 1509 733 1510 26 1511 694 1512 237 1513 279 1514 10 1515 622 1516 393 1517 735 1518 282 1519 224 1520 563 1533 438 1534 785 1535 131 1536 387 1537 405 1538 615 1539 67 1540 227 1541 719 1542 485 1543 58 1544 228 1545 755 1546 629 1547 630 1548 596 1549 367 1550 577 1551 165 1552 689 1553 723 1554 194 1555 306 1556 168 1557 903 1558 625 1559 721 1560 441 1561 403 1562 624 1563 688 1564 888 1565 540 1566 335 1567 765 1568 852 1569 17 1570 685 1571 418 1572 829 1573 809 1574 560 1575 336 1576 764 1577 626 1578 687 1579 889 1580 775 1581 587 1582 690 1583 545 1584 440 1585 770 1586 737 1593 356 1594 236 1595 617 1596 382 1597 766 1598 628 1599 31 1600 751 1601 366 1602 237 1603 694 1604 526 1611 627 1612 762 1613 266 1614 472 1615 484 1616 668 1617 557 1618 70 1619 71 1620 240 1621 518 1622 679 1623 73 1624 355 1625 579 1626 430 1627 788 1628 669 1629 558 1630 116 1631 677 1632 119 1633 353 1634 117 1635 241 1636 519 1637 581 1638 473 1639 771 1640 637 1641 481 1642 708 1643 678 1644 98 1645 324 1646 580 1647 429 1648 792 1649 354 1650 556 1651 95 1652 243 1653 437 1654 786 1655 612 1656 70 1657 347 1658 704 1665 107 1666 457 1667 607 1668 288 1669 791 1670 33 1677 215 1678 834 1679 511 1680 834 1681 781 1682 534 1683 711 1684 248 1685 35 1686 248 1687 711 1688 613 1695 92 1696 149 1697 564 1698 512 1699 789 1700 250 1701 653 1702 400 1703 422 1704 551 1705 89 1706 562 1707 509 1708 793 1709 716 1710 426 1711 107 1712 363 1713 552 1714 110 1715 614 1716 113 1717 171 1718 144 1731 433 1732 254 1733 371 1734 144 1735 38 1736 254 1737 41 1738 144 1739 388 1740 254 1741 433 1742 419 1743 642 1744 34 1745 511 1746 570 1747 877 1748 394 1755 880 1756 904 1757 58 1758 880 1759 394 1760 702 1773 499 1774 44 1775 327 1776 731 1777 39 1778 127 1779 493 1780 260 1781 526 1782 46 1783 609 1784 261 1785 576 1786 818 1787 383 1788 916 1789 864 1790 596 1791 630 1792 262 1793 589 1794 697 1795 26 1796 262 1797 565 1798 196 1799 447 1800 729 1801 21 1802 695 1803 806 1804 828 1805 307 1806 756 1807 207 1808 365 1809 550 1810 82 1811 610 1812 86 1813 651 1814 568 1815 287 1816 787 1817 715 1818 428 1819 79 1820 498 1821 289 1822 794 1823 718 1824 468 1825 73 1826 703 1827 553 1828 76 1829 611 1830 79 1831 395 1832 638 1833 275 1834 142 1835 349 1836 730 1837 44 1838 523 1839 752 1840 598 1841 142 1842 472 1843 266 1844 812 1845 586 1846 378 1847 930 1848 383 1849 891 1850 768 1851 114 1852 871 1853 455 1854 383 1855 864 1856 590 1857 699 1858 21 1859 143 1860 346 1861 269 1862 269 1863 566 1864 143 1865 412 1866 732 1867 16 1868 270 1869 12 1870 660 1871 641 1872 270 1873 190 1874 933 1881 147 1882 890 1883 507 1884 612 1885 867 1886 136 1893 188 1894 908 1895 554 1896 620 1897 754 1898 456 1899 804 1900 837 1901 759 1902 275 1903 449 1904 339 1905 811 1906 53 1907 806 1908 572 1909 828 1910 277 1911 218 1912 98 1913 373 1914 148 1915 467 1916 277 1917 101 1918 218 1919 373 1920 467 1921 374 1922 189 1923 616 1924 819 1925 445 1926 489 1927 912 1928 170 1929 279 1930 733 1931 279 1932 830 1933 223 1934 769 1935 93 1936 872 1937 212 1938 137 1939 445 1940 126 1941 386 1942 446 1943 506 1944 666 1945 854 1946 190 1947 140 1948 282 1949 140 1950 532 1951 282 1952 200 1953 534 1954 283 1955 166 1956 906 1957 687 1958 374 1959 674 1960 198 1961 582 1962 496 1963 927 1964 553 1965 672 1966 195 1967 583 1968 495 1969 929 1970 821 1977 787 1978 287 1979 551 1980 547 1981 743 1982 552 1983 546 1984 744 1985 820 1986 791 1987 288 1988 817 1989 794 1990 289 1991 550 1992 548 1993 745 1994 773 2007 575 2008 683 2009 168 2010 865 2011 903 2012 204 2013 168 2014 293 2015 270 2016 780 2017 835 2018 294 2019 52 2020 661 2021 639 2022 294 2023 205 2024 682 2031 592 2032 926 2033 757 2034 570 2035 511 2036 181 2043 388 2044 298 2045 388 2046 181 2047 433 2048 298 2049 36 2050 181 2051 298 2052 181 2053 39 2054 356 2055 527 2056 192 2057 356 2058 893 2059 931 2060 540 2079 483 2080 335 2081 165 2082 639 2083 205 2084 304 2085 67 2086 488 2087 922 2088 131 2089 892 2090 523 2097 621 2098 752 2099 165 2100 306 2101 917 2102 135 2103 905 2104 688 2105 207 2106 535 2107 307 2108 925 2109 137 2110 895 2111 601 2112 740 2113 137 2114 309 2115 475 2116 755 2117 417 2118 832 2119 845 2120 310 2121 710 2122 168 2123 617 2124 482 2125 382 2126 170 2139 313 2140 279 2141 860 2142 27 2143 569 2144 241 2151 141 2152 315 2153 918 2154 586 2155 658 2156 240 2157 138 2158 316 2159 902 2160 585 2161 657 2162 549 2169 709 2170 283 2171 283 2172 894 2173 928 2174 568 2175 836 2176 88 2177 85 2178 610 2179 319 2180 320 2181 606 2182 104 2183 320 2184 126 2185 606 2186 703 2187 146 2188 553 2189 718 2190 146 2191 468 2192 196 2199 596 2200 262 2201 729 2202 447 2203 196 2204 649 2205 99 2206 797 2207 139 2208 324 2209 242 2210 693 2211 325 2212 260 2213 254 2214 603 2215 873 2216 731 2223 327 2224 127 2225 493 2226 127 2227 514 2228 283 2229 709 2230 200 2231 200 2232 801 2233 470 2234 168 2235 710 2236 204 2237 636 2238 463 2239 13 2240 720 2247 507 2248 466 2249 862 2250 584 2251 656 2252 719 2253 227 2254 485 2255 332 2256 734 2257 63 2258 600 2259 652 2260 383 2261 184 2262 768 2263 871 2264 448 2265 500 2266 763 2267 722 2268 334 2269 188 2270 231 2271 591 2272 681 2273 688 2274 591 2275 888 2276 687 2277 592 2278 889 2279 233 2280 592 2281 682 2282 664 2283 91 2284 859 2285 149 2286 337 2287 250 2288 123 2289 338 2290 220 2291 119 2292 220 2293 338 2294 339 2295 172 2296 811 2297 56 2298 172 2299 339 2300 849 2301 578 2302 1 2303 190 2304 282 2305 735 2306 341 2307 670 2308 795 2309 121 2310 341 2311 747 2312 561 2313 207 2314 643 2315 878 2316 502 2317 54 2318 346 2337 232 2338 269 2339 644 2340 346 2341 18 2342 507 2343 867 2344 726 2345 867 2346 71 2347 726 2348 730 2355 349 2356 142 2357 684 2358 142 2359 515 2360 307 2361 923 2362 436 2363 307 2364 897 2365 923 2366 251 2367 351 2368 399 2369 171 2370 716 2371 251 2372 192 2373 527 2374 352 2375 647 2376 192 2377 698 2378 141 2379 353 2380 241 2381 648 2382 120 2383 799 2384 913 2385 690 2386 587 2387 242 2388 354 2389 139 2390 650 2391 74 2392 798 2393 138 2394 355 2395 240 2396 356 2397 130 2398 863 2399 192 2400 533 2401 356 2402 530 2403 25 2404 357 2405 590 2406 143 2407 699 2408 792 2409 242 2410 580 2411 242 2412 324 2413 797 2414 360 2421 513 2422 741 2423 282 2424 641 2425 190 2426 127 2427 260 2428 731 2429 260 2430 826 2431 361 2432 279 2433 170 2434 597 2435 33 2436 362 2437 663 2438 665 2439 112 2440 853 2441 171 2442 251 2443 363 2444 667 2451 84 2452 855 2453 85 2454 264 2455 365 2456 760 2457 28 2458 31 2459 31 2460 628 2461 760 2462 758 2463 23 2464 228 2465 228 2466 629 2467 758 2468 264 2469 610 2470 85 2471 478 2472 368 2473 264 2474 265 2475 611 2476 146 2477 480 2478 369 2479 265 2480 212 2481 769 2482 872 2483 212 2484 872 2485 618 2486 371 2487 807 2488 490 2489 254 2490 144 2491 371 2492 373 2499 218 2500 467 2501 373 2502 875 2503 645 2504 218 2505 373 2506 277 2507 218 2508 101 2509 454 2510 148 2511 373 2512 374 2513 148 2514 374 2515 467 2516 374 2517 148 2518 805 2519 148 2520 374 2521 100 2522 142 2523 266 2524 730 2525 266 2526 484 2527 375 2528 141 2541 918 2542 658 2543 558 2544 669 2545 141 2546 223 2547 844 2548 26 2549 223 2550 830 2551 844 2552 138 2553 902 2554 657 2555 557 2556 668 2557 138 2558 260 2559 609 2560 127 2561 868 2562 48 2563 499 2564 130 2565 911 2566 863 2567 738 2568 593 2569 680 2570 184 2571 383 2572 455 2573 619 2574 599 2575 383 2576 525 2577 439 2578 790 2579 184 2580 600 2581 383 2582 717 2595 506 2596 281 2597 717 2598 281 2599 101 2600 405 2601 387 2602 887 2603 567 2604 605 2605 66 2606 144 2607 254 2608 388 2609 388 2610 433 2611 144 2612 144 2613 42 2614 522 2615 388 2616 858 2617 686 2618 205 2619 804 2620 456 2621 205 2622 165 2623 577 2624 250 2625 613 2626 149 2627 813 2628 390 2629 450 2630 251 2631 614 2632 171 2633 476 2634 391 2635 451 2636 207 2637 392 2638 51 2639 207 2640 307 2641 624 2642 2 2643 900 2644 140 2645 140 2646 900 2647 532 2648 131 2649 394 2650 387 2651 227 2652 719 2653 131 2654 866 2655 80 2656 692 2657 146 2658 611 2659 866 2660 356 2661 931 2662 299 2663 750 2664 808 2665 644 2666 678 2673 324 2674 139 2675 927 2676 139 2677 582 2678 251 2679 399 2680 671 2681 839 2682 407 2683 479 2684 250 2685 400 2686 675 2687 841 2688 368 2689 478 2690 840 2691 369 2692 480 2693 264 2694 401 2695 676 2696 721 2703 403 2704 865 2705 741 2706 513 2707 230 2708 147 2709 862 2710 404 2711 633 2712 507 2713 404 2714 734 2715 332 2716 227 2717 227 2718 131 2719 734 2720 406 2721 70 2722 272 2723 933 2724 272 2725 147 2726 704 2727 457 2728 506 2729 479 2730 407 2731 126 2732 168 2733 204 2734 408 2735 680 2736 593 2737 934 2738 165 2739 205 2740 409 2741 681 2742 591 2743 932 2744 531 2745 30 2746 410 2747 589 2748 196 2749 697 2750 375 2751 484 2752 843 2753 411 2754 178 2755 753 2756 732 2757 412 2758 143 2759 143 2760 852 2761 685 2762 334 2763 413 2764 215 2765 215 2766 781 2767 834 2768 771 2769 241 2770 581 2771 241 2772 353 2773 799 2774 240 2781 355 2782 798 2783 788 2784 240 2785 579 2786 196 2787 262 2788 729 2789 262 2790 832 2791 417 2792 143 2793 269 2794 732 2795 269 2796 829 2797 418 2798 419 2799 511 2800 642 2801 136 2802 682 2803 926 2804 282 2805 190 2806 420 2807 683 2808 575 2809 924 2810 242 2811 139 2812 421 2813 96 2814 242 2815 421 2816 149 2817 250 2818 422 2819 149 2820 664 2821 859 2822 50 2823 423 2824 662 2825 266 2826 142 2827 598 2828 85 2829 715 2830 264 2831 264 2832 424 2833 401 2834 265 2835 425 2836 285 2837 146 2838 718 2839 265 2840 171 2841 665 2842 853 2843 716 2844 171 2845 426 2846 0 2847 224 2848 885 2849 427 2850 622 2851 10 2852 715 2853 85 2854 428 2855 85 2856 667 2857 855 2858 374 2859 198 2860 746 2861 792 2862 429 2863 582 2864 553 2865 195 2866 742 2867 788 2868 430 2869 583 2870 260 2871 127 2872 431 2873 431 2874 411 2875 753 2876 433 2883 825 2884 298 2885 298 2886 221 2887 433 2888 388 2889 433 2890 298 2891 181 2892 298 2893 433 2894 137 2895 434 2896 489 2897 212 2898 618 2899 137 2900 200 2901 435 2902 34 2903 200 2904 283 2905 435 2906 263 2907 57 2908 436 2909 436 2910 350 2911 263 2912 786 2913 437 2914 890 2915 208 2916 707 2917 657 2918 785 2919 438 2920 892 2921 209 2922 706 2923 656 2924 790 2925 439 2926 891 2927 193 2928 705 2929 658 2930 440 2931 234 2932 770 2933 234 2934 708 2935 481 2936 204 2937 835 2938 780 2939 204 2940 441 2941 168 2942 190 2943 578 2944 849 2945 767 2946 190 2947 442 2948 733 2949 443 2950 170 2951 170 2952 860 2953 569 2954 545 2955 796 2956 97 2957 212 2958 95 2959 444 2960 280 2961 445 2962 94 2963 280 2964 212 2965 445 2966 277 2967 920 2968 901 2969 126 2970 446 2971 673 2972 850 2973 447 2974 22 2975 196 2976 447 2977 850 2978 279 2979 640 2980 170 2981 448 2982 754 2983 500 2984 266 2985 638 2986 142 2987 501 2988 449 2989 752 2990 819 2991 789 2992 512 2993 450 2994 390 2995 250 2996 818 2997 793 2998 509 2999 451 3000 391 3001 251 3002 192 3003 452 3004 13 3005 192 3006 356 3007 737 3008 453 3009 293 3010 11 3011 204 3012 293 3013 835 3014 898 3015 148 3016 373 3017 218 3018 454 3019 373 3020 268 3021 184 3022 455 3023 268 3024 455 3025 115 3026 723 3027 456 3028 194 3029 194 3030 456 3031 275 3032 506 3033 457 3034 870 3035 457 3036 108 3037 870 3038 269 3045 232 3046 829 3047 644 3048 808 3049 459 3050 560 3051 460 3052 336 3053 136 3054 926 3055 296 3056 856 3057 54 3058 216 3059 55 3060 856 3061 216 3062 200 3063 709 3064 801 3065 801 3066 328 3067 37 3068 204 3069 710 3070 802 3071 802 3072 329 3073 14 3074 511 3075 247 3076 834 3077 464 3078 247 3079 32 3080 122 3081 874 3082 465 3083 120 3084 465 3085 874 3086 68 3087 466 3088 876 3089 507 3090 876 3091 466 3092 467 3093 277 3094 284 3095 218 3096 277 3097 467 3098 373 3099 467 3100 277 3101 277 3102 467 3103 920 3104 146 3105 321 3106 851 3107 321 3108 78 3109 851 3110 631 3117 894 3118 283 3119 283 3120 200 3121 631 3122 677 3123 353 3124 141 3125 921 3126 141 3127 896 3128 239 3129 684 3130 46 3131 239 3132 827 3133 472 3134 341 3135 795 3136 747 3137 473 3138 179 3139 771 3140 679 3141 355 3142 138 3143 929 3144 138 3145 583 3146 367 3147 629 3148 177 3149 832 3150 475 3151 845 3152 113 3153 879 3154 652 3155 916 3156 576 3157 864 3158 821 3165 287 3166 547 3167 478 3168 185 3169 841 3170 479 3171 201 3172 839 3173 820 3174 288 3175 546 3176 480 3177 186 3178 840 3179 817 3180 289 3181 548 3182 637 3183 139 3184 481 3185 139 3186 690 3187 913 3188 168 3189 934 3190 310 3191 168 3192 680 3193 934 3194 165 3195 932 3196 303 3197 165 3198 681 3199 932 3200 239 3201 627 3202 827 3203 484 3204 178 3205 843 3206 227 3207 332 3208 861 3209 332 3210 64 3211 861 3212 149 3213 859 3214 337 3215 337 3216 486 3217 86 3218 131 3225 615 3226 227 3227 922 3228 488 3229 131 3230 434 3231 910 3232 489 3233 450 3234 616 3235 813 3236 254 3237 490 3238 433 3239 371 3240 490 3241 254 3242 774 3243 491 3244 331 3245 147 3246 331 3247 862 3248 492 3249 181 3250 36 3251 181 3252 492 3253 388 3254 187 3255 493 3256 41 3257 187 3258 325 3259 693 3260 471 3261 494 3262 881 3263 123 3264 220 3265 670 3266 474 3267 495 3268 883 3269 265 3270 285 3271 672 3272 398 3273 496 3274 882 3275 467 3276 284 3277 674 3278 794 3285 146 3286 498 3287 146 3288 866 3289 692 3290 127 3291 868 3292 499 3293 702 3294 127 3295 499 3296 754 3297 620 3298 500 3299 334 3300 907 3301 188 3302 194 3303 915 3304 306 3305 752 3306 621 3307 501 3308 207 3309 502 3310 878 3311 756 3312 502 3313 207 3314 366 3315 628 3316 237 3317 830 3318 503 3319 844 3320 192 3321 352 3322 698 3323 352 3324 20 3325 504 3326 126 3333 704 3334 506 3335 506 3336 126 3337 320 3338 506 3339 386 3340 126 3341 791 3342 506 3343 607 3344 786 3345 507 3346 243 3347 507 3348 147 3349 404 3350 507 3351 720 3352 147 3353 147 3354 612 3355 507 3356 509 3363 724 3364 261 3365 818 3366 509 3367 261 3368 510 3369 148 3370 99 3371 148 3372 510 3373 373 3374 511 3375 136 3376 736 3377 136 3378 511 3379 419 3380 511 3381 413 3382 136 3383 136 3384 757 3385 511 3386 512 3387 725 3388 189 3389 819 3390 512 3391 189 3392 282 3393 924 3394 360 3395 282 3396 683 3397 924 3398 127 3399 327 3400 848 3401 848 3402 327 3403 40 3404 142 3405 349 3406 847 3407 847 3408 349 3409 45 3410 518 3423 316 3424 72 3425 518 3426 240 3427 316 3428 519 3429 241 3430 315 3431 519 3432 315 3433 118 3434 181 3447 388 3448 899 3449 144 3450 522 3451 388 3452 49 3453 229 3454 886 3455 229 3456 621 3457 886 3458 749 3465 118 3466 525 3467 790 3468 184 3469 525 3470 526 3471 753 3472 627 3473 526 3474 609 3475 260 3476 299 3477 527 3478 356 3479 299 3480 18 3481 527 3482 143 3495 530 3496 699 3497 143 3498 566 3499 530 3500 196 3501 565 3502 531 3503 196 3504 531 3505 697 3506 282 3507 532 3508 919 3509 224 3510 622 3511 885 3512 533 3513 130 3514 356 3515 533 3516 617 3517 766 3518 534 3519 560 3520 764 3521 534 3522 166 3523 283 3524 535 3525 540 3526 765 3527 535 3528 135 3529 307 3530 537 3537 828 3538 56 3539 695 3540 828 3541 537 3542 805 3543 538 3544 555 3545 606 3546 673 3547 538 3548 303 3555 483 3556 540 3557 540 3558 294 3559 303 3560 12 3567 542 3568 660 3569 420 3570 190 3571 542 3572 52 3573 543 3574 661 3575 409 3576 205 3577 543 3578 770 3585 212 3586 545 3587 545 3588 212 3589 796 3590 552 3591 671 3592 546 3593 546 3594 201 3595 820 3596 547 3597 185 3598 821 3599 551 3600 675 3601 547 3602 548 3603 186 3604 817 3605 550 3606 676 3607 548 3608 761 3609 549 3610 807 3611 283 3612 928 3613 549 3614 365 3615 264 3616 550 3617 264 3618 676 3619 550 3620 422 3621 250 3622 551 3623 250 3624 675 3625 551 3626 251 3627 671 3628 552 3629 363 3630 251 3631 552 3632 265 3633 672 3634 553 3635 146 3636 265 3637 553 3638 32 3639 274 3640 884 3641 274 3642 620 3643 884 3644 538 3645 219 3646 555 3647 901 3648 920 3649 219 3650 556 3651 354 3652 242 3653 96 3654 556 3655 782 3656 70 3657 557 3658 654 3659 240 3660 557 3661 138 3662 116 3663 558 3664 655 3665 241 3666 558 3667 141 3668 433 3669 221 3670 783 3671 826 3672 559 3673 842 3674 560 3675 248 3676 296 3677 296 3678 460 3679 560 3680 561 3681 897 3682 307 3683 307 3684 207 3685 561 3686 793 3687 171 3688 562 3689 562 3690 778 3691 114 3692 785 3693 227 3694 563 3695 563 3696 777 3697 68 3698 789 3699 149 3700 564 3701 564 3702 779 3703 93 3704 31 3705 28 3706 565 3707 31 3708 565 3709 262 3710 228 3711 23 3712 566 3713 228 3714 566 3715 269 3716 191 3717 605 3718 567 3719 63 3720 191 3721 567 3722 787 3723 85 3724 568 3725 85 3726 319 3727 568 3728 313 3729 170 3730 569 3731 313 3732 569 3733 28 3734 757 3735 248 3736 570 3737 570 3738 248 3739 35 3740 897 3747 572 3748 923 3749 172 3750 572 3751 811 3752 893 3753 573 3754 931 3755 829 3756 573 3757 809 3758 894 3759 574 3760 928 3761 825 3762 574 3763 810 3764 513 3765 575 3766 230 3767 903 3768 865 3769 575 3770 451 3771 576 3772 476 3773 879 3774 576 3775 134 3776 205 3777 577 3778 804 3779 389 3780 577 3781 49 3782 340 3783 578 3784 190 3785 578 3786 340 3787 0 3788 579 3789 416 3790 76 3791 240 3792 798 3793 579 3794 242 3795 797 3796 580 3797 580 3798 358 3799 100 3800 241 3801 799 3802 581 3803 581 3804 414 3805 121 3806 429 3807 909 3808 582 3809 909 3810 496 3811 582 3812 430 3813 914 3814 583 3815 914 3816 495 3817 583 3818 892 3819 584 3820 922 3821 209 3822 656 3823 584 3824 208 3825 657 3826 585 3827 890 3828 585 3829 933 3830 891 3831 586 3832 930 3833 193 3834 658 3835 586 3836 895 3837 587 3838 925 3839 234 3840 481 3841 587 3842 262 3849 196 3850 589 3851 589 3852 379 3853 751 3854 269 3855 143 3856 590 3857 590 3858 309 3859 755 3860 688 3861 905 3862 591 3863 483 3864 591 3865 335 3866 687 3867 906 3868 592 3869 460 3870 592 3871 336 3872 482 3873 593 3874 382 3875 863 3876 911 3877 593 3878 196 3891 850 3892 596 3893 596 3894 323 3895 23 3896 597 3897 170 3898 362 3899 597 3900 362 3901 32 3902 598 3903 423 3904 49 3905 598 3906 142 3907 423 3908 383 3909 599 3910 184 3911 599 3912 116 3913 184 3914 600 3915 333 3916 113 3917 184 3918 871 3919 600 3920 925 3921 601 3922 137 3923 308 3924 95 3925 601 3926 187 3933 603 3934 325 3935 603 3936 559 3937 325 3938 880 3945 605 3946 904 3947 387 3948 605 3949 887 3950 104 3951 606 3952 183 3953 606 3954 538 3955 183 3956 506 3957 870 3958 607 3959 607 3960 245 3961 109 3962 127 3969 609 3970 868 3971 609 3972 47 3973 381 3974 368 3975 610 3976 264 3977 368 3978 86 3979 610 3980 369 3981 79 3982 611 3983 369 3984 611 3985 265 3986 272 3987 70 3988 612 3989 272 3990 612 3991 147 3992 390 3993 92 3994 613 3995 390 3996 613 3997 250 3998 391 3999 614 4000 251 4001 391 4002 113 4003 614 4004 488 4005 615 4006 131 4007 488 4008 67 4009 615 4010 489 4011 910 4012 616 4013 489 4014 616 4015 912 4016 617 4017 15 4018 310 4019 310 4020 482 4021 617 4022 618 4023 434 4024 137 4025 434 4026 618 4027 92 4028 930 4029 619 4030 383 4031 267 4032 116 4033 619 4034 908 4035 188 4036 620 4037 907 4038 620 4039 188 4040 915 4041 621 4042 306 4043 917 4044 306 4045 621 4046 900 4047 622 4048 532 4049 622 4050 919 4051 532 4052 392 4059 207 4060 624 4061 624 4062 51 4063 392 4064 293 4065 168 4066 625 4067 625 4068 11 4069 293 4070 626 4071 34 4072 435 4073 435 4074 283 4075 626 4076 627 4077 178 4078 827 4079 753 4080 178 4081 627 4082 751 4083 503 4084 628 4085 628 4086 503 4087 237 4088 755 4089 475 4090 629 4091 629 4092 475 4093 177 4094 262 4095 630 4096 832 4097 367 4098 177 4099 630 4100 631 4101 470 4102 36 4103 631 4104 200 4105 470 4106 150 4107 632 4108 120 4109 632 4110 150 4111 122 4112 222 4113 633 4114 68 4115 633 4116 222 4117 507 4118 204 4131 802 4132 636 4133 408 4134 204 4135 636 4136 421 4137 637 4138 97 4139 421 4140 139 4141 637 4142 449 4143 638 4144 266 4145 449 4146 275 4147 638 4148 303 4149 639 4150 165 4151 303 4152 294 4153 639 4154 448 4155 640 4156 279 4157 448 4158 215 4159 640 4160 360 4161 270 4162 641 4163 360 4164 641 4165 282 4166 511 4167 877 4168 642 4169 642 4170 255 4171 34 4172 207 4173 878 4174 643 4175 643 4176 342 4177 53 4178 232 4179 346 4180 644 4181 644 4182 459 4183 232 4184 218 4185 373 4186 645 4187 218 4188 645 4189 98 4190 647 4197 893 4198 356 4199 356 4200 192 4201 647 4202 353 4203 119 4204 648 4205 353 4206 648 4207 799 4208 324 4209 98 4210 649 4211 324 4212 649 4213 797 4214 355 4215 73 4216 650 4217 355 4218 650 4219 798 4220 610 4221 651 4222 319 4223 651 4224 87 4225 319 4226 383 4227 652 4228 916 4229 652 4230 879 4231 134 4232 337 4233 653 4234 250 4235 653 4236 337 4237 86 4238 654 4239 557 4240 240 4241 654 4242 240 4243 71 4244 655 4245 241 4246 117 4247 655 4248 558 4249 241 4250 404 4251 656 4252 706 4253 404 4254 862 4255 656 4256 316 4257 138 4258 657 4259 316 4260 657 4261 707 4262 315 4263 658 4264 705 4265 315 4266 141 4267 658 4268 190 4275 660 4276 542 4277 190 4278 270 4279 660 4280 205 4281 661 4282 543 4283 205 4284 294 4285 661 4286 142 4287 275 4288 662 4289 142 4290 662 4291 423 4292 170 4293 663 4294 362 4295 170 4296 215 4297 663 4298 664 4299 422 4300 90 4301 422 4302 664 4303 149 4304 665 4305 363 4306 111 4307 363 4308 665 4309 171 4310 320 4311 666 4312 506 4313 666 4314 320 4315 105 4316 365 4317 667 4318 85 4319 667 4320 365 4321 83 4322 776 4323 380 4324 668 4325 138 4326 668 4327 902 4328 141 4329 669 4330 918 4331 116 4332 378 4333 669 4334 670 4335 220 4336 494 4337 670 4338 494 4339 795 4340 671 4341 399 4342 201 4343 671 4344 201 4345 546 4346 672 4347 495 4348 195 4349 672 4350 285 4351 495 4352 673 4353 446 4354 219 4355 673 4356 219 4357 538 4358 674 4359 284 4360 496 4361 674 4362 496 4363 198 4364 675 4365 185 4366 547 4367 675 4368 400 4369 185 4370 676 4371 186 4372 548 4373 676 4374 401 4375 186 4376 471 4377 119 4378 677 4379 921 4380 677 4381 141 4382 398 4383 98 4384 678 4385 927 4386 678 4387 139 4388 929 4389 679 4390 138 4391 474 4392 73 4393 679 4394 408 4395 680 4396 168 4397 738 4398 680 4399 408 4400 409 4401 681 4402 165 4403 231 4404 681 4405 409 4406 419 4407 682 4408 136 4409 233 4410 682 4411 419 4412 420 4413 683 4414 282 4415 773 4416 683 4417 420 4418 472 4419 684 4420 239 4421 684 4422 472 4423 142 4424 346 4425 143 4426 685 4427 346 4428 685 4429 18 4430 144 4431 686 4432 38 4433 144 4434 388 4435 686 4436 283 4437 687 4438 626 4439 283 4440 166 4441 687 4442 307 4443 135 4444 688 4445 307 4446 688 4447 624 4448 689 4449 229 4450 49 4451 165 4452 917 4453 689 4454 775 4455 690 4456 354 4457 354 4458 690 4459 139 4460 181 4461 691 4462 39 4463 899 4464 691 4465 181 4466 498 4467 692 4468 82 4469 498 4470 146 4471 692 4472 693 4473 493 4474 187 4475 493 4476 693 4477 260 4478 694 4479 313 4480 366 4481 313 4482 694 4483 279 4484 263 4485 806 4486 695 4487 263 4488 695 4489 57 4490 697 4497 410 4498 26 4499 697 4500 531 4501 410 4502 698 4503 504 4504 16 4505 698 4506 352 4507 504 4508 699 4509 357 4510 21 4511 699 4512 530 4513 357 4514 700 4515 55 4516 216 4517 700 4518 216 4519 57 4520 431 4527 127 4528 702 4529 431 4530 702 4531 44 4532 321 4533 703 4534 77 4535 703 4536 321 4537 146 4538 407 4539 704 4540 126 4541 407 4542 107 4543 704 4544 439 4545 118 4546 705 4547 439 4548 705 4549 193 4550 438 4551 69 4552 706 4553 438 4554 706 4555 209 4556 437 4557 707 4558 208 4559 437 4560 72 4561 707 4562 440 4563 97 4564 708 4565 440 4566 708 4567 234 4568 709 4569 38 4570 328 4571 709 4572 328 4573 801 4574 710 4575 15 4576 329 4577 710 4578 329 4579 802 4580 200 4581 711 4582 534 4583 200 4584 34 4585 711 4586 192 4587 712 4588 533 4589 192 4590 13 4591 712 4592 207 4593 51 4594 713 4595 207 4596 713 4597 535 4598 338 4599 714 4600 119 4601 714 4602 338 4603 123 4604 424 4605 715 4606 79 4607 715 4608 424 4609 264 4610 716 4611 351 4612 251 4613 351 4614 716 4615 107 4616 717 4617 386 4618 506 4619 386 4620 717 4621 101 4622 425 4623 718 4624 73 4625 718 4626 425 4627 265 4628 719 4629 394 4630 131 4631 394 4632 719 4633 58 4634 720 4635 331 4636 147 4637 331 4638 720 4639 67 4640 441 4641 721 4642 168 4643 721 4644 865 4645 168 4646 722 4647 188 4648 136 4649 413 4650 722 4651 136 4652 723 4653 306 4654 165 4655 456 4656 723 4657 165 4658 455 4659 864 4660 724 4661 115 4662 455 4663 724 4664 94 4665 445 4666 725 4667 445 4668 912 4669 725 4670 243 4671 726 4672 72 4673 243 4674 507 4675 726 4676 728 4683 55 4684 339 4685 339 4686 53 4687 728 4688 729 4689 262 4690 417 4691 417 4692 21 4693 729 4694 730 4695 266 4696 375 4697 375 4698 44 4699 730 4700 731 4701 260 4702 361 4703 361 4704 39 4705 731 4706 732 4707 269 4708 418 4709 418 4710 16 4711 732 4712 733 4713 279 4714 223 4715 223 4716 26 4717 733 4718 734 4719 405 4720 63 4721 734 4722 131 4723 405 4724 340 4725 190 4726 735 4727 735 4728 0 4729 340 4730 247 4731 511 4732 736 4733 736 4734 32 4735 247 4736 452 4737 192 4738 737 4739 737 4740 13 4741 452 4742 236 4743 593 4744 738 4745 13 4746 236 4747 738 4748 740 4755 95 4756 212 4757 137 4758 740 4759 212 4760 741 4761 230 4762 403 4763 741 4764 403 4765 270 4766 742 4767 195 4768 430 4769 430 4770 76 4771 742 4772 287 4773 743 4774 547 4775 287 4776 89 4777 743 4778 288 4779 744 4780 546 4781 288 4782 110 4783 744 4784 289 4785 745 4786 548 4787 289 4788 82 4789 745 4790 429 4791 746 4792 909 4793 429 4794 100 4795 746 4796 473 4797 747 4798 179 4799 473 4800 121 4801 747 4802 184 4809 749 4810 525 4811 184 4812 116 4813 749 4814 750 4815 18 4816 299 4817 299 4818 396 4819 750 4820 262 4821 589 4822 751 4823 751 4824 31 4825 262 4826 752 4827 449 4828 266 4829 752 4830 266 4831 598 4832 260 4833 753 4834 526 4835 260 4836 431 4837 753 4838 279 4839 754 4840 448 4841 279 4842 597 4843 754 4844 269 4845 590 4846 755 4847 269 4848 755 4849 228 4850 436 4851 756 4852 307 4853 436 4854 57 4855 756 4856 296 4857 248 4858 757 4859 296 4860 757 4861 136 4862 758 4863 629 4864 367 4865 758 4866 367 4867 23 4868 759 4869 194 4870 275 4871 194 4872 759 4873 915 4874 760 4875 628 4876 366 4877 760 4878 366 4879 28 4880 761 4881 807 4882 371 4883 761 4884 371 4885 38 4886 762 4887 239 4888 46 4889 762 4890 627 4891 239 4892 334 4893 763 4894 907 4895 763 4896 334 4897 215 4898 166 4899 764 4900 906 4901 166 4902 534 4903 764 4904 135 4905 535 4906 765 4907 135 4908 765 4909 905 4910 130 4911 533 4912 766 4913 130 4914 766 4915 911 4916 767 4917 2 4918 140 4919 767 4920 140 4921 190 4922 768 4923 268 4924 114 4925 268 4926 768 4927 184 4928 280 4929 769 4930 212 4931 769 4932 280 4933 93 4934 137 4935 212 4936 770 4937 895 4938 137 4939 770 4940 896 4941 141 4942 771 4943 141 4944 241 4945 771 4946 292 4953 575 4954 773 4955 11 4956 292 4957 773 4958 304 4959 584 4960 774 4961 774 4962 67 4963 304 4964 308 4965 587 4966 775 4967 775 4968 95 4969 308 4970 406 4971 585 4972 776 4973 776 4974 70 4975 406 4976 227 4977 777 4978 563 4979 227 4980 67 4981 777 4982 171 4983 778 4984 562 4985 171 4986 113 4987 778 4988 149 4989 779 4990 564 4991 149 4992 92 4993 779 4994 441 4995 204 4996 780 4997 441 4998 780 4999 270 5000 413 5001 781 5002 215 5003 413 5004 511 5005 781 5006 782 5007 556 5008 242 5009 782 5010 242 5011 96 5012 559 5013 603 5014 783 5015 221 5016 559 5017 783 5018 892 5025 131 5026 785 5027 131 5028 227 5029 785 5030 890 5031 147 5032 786 5033 147 5034 507 5035 786 5036 821 5037 264 5038 787 5039 264 5040 85 5041 787 5042 583 5043 138 5044 788 5045 138 5046 240 5047 788 5048 819 5049 250 5050 789 5051 250 5052 149 5053 789 5054 891 5055 383 5056 790 5057 383 5058 184 5059 790 5060 820 5061 126 5062 791 5063 126 5064 506 5065 791 5066 582 5067 139 5068 792 5069 139 5070 242 5071 792 5072 818 5073 251 5074 793 5075 251 5076 171 5077 793 5078 817 5079 265 5080 794 5081 265 5082 146 5083 794 5084 795 5085 494 5086 179 5087 747 5088 795 5089 179 5090 444 5091 96 5092 796 5093 212 5094 444 5095 796 5096 797 5097 99 5098 358 5099 580 5100 797 5101 358 5102 579 5103 798 5104 416 5105 798 5106 74 5107 416 5108 799 5109 120 5110 414 5111 581 5112 799 5113 414 5114 801 5121 37 5122 462 5123 470 5124 801 5125 462 5126 636 5127 802 5128 463 5129 802 5130 14 5131 463 5132 804 5139 389 5140 50 5141 577 5142 389 5143 804 5144 805 5145 183 5146 538 5147 805 5148 104 5149 183 5150 263 5151 350 5152 806 5153 350 5154 572 5155 806 5156 549 5157 318 5158 807 5159 318 5160 574 5161 807 5162 750 5163 396 5164 808 5165 396 5166 573 5167 808 5168 16 5169 809 5170 214 5171 809 5172 573 5173 214 5174 810 5175 574 5176 213 5177 36 5178 810 5179 213 5180 811 5181 572 5182 276 5183 53 5184 811 5185 276 5186 267 5187 586 5188 812 5189 812 5190 116 5191 267 5192 813 5193 616 5194 278 5195 92 5196 813 5197 278 5198 148 5199 814 5200 104 5201 148 5202 898 5203 814 5204 480 5217 265 5218 817 5219 817 5220 186 5221 480 5222 451 5223 251 5224 818 5225 818 5226 576 5227 451 5228 450 5229 250 5230 819 5231 819 5232 616 5233 450 5234 479 5235 126 5236 820 5237 820 5238 201 5239 479 5240 478 5241 264 5242 821 5243 821 5244 185 5245 478 5246 566 5247 822 5248 530 5249 822 5250 25 5251 530 5252 565 5253 823 5254 531 5255 823 5256 30 5257 531 5258 527 5259 824 5260 352 5261 824 5262 20 5263 352 5264 825 5265 490 5266 574 5267 433 5268 490 5269 825 5270 826 5271 325 5272 559 5273 260 5274 325 5275 826 5276 484 5277 827 5278 178 5279 472 5280 827 5281 484 5282 172 5283 828 5284 572 5285 56 5286 828 5287 172 5288 829 5289 459 5290 573 5291 232 5292 459 5293 829 5294 830 5295 237 5296 503 5297 279 5298 237 5299 830 5300 832 5307 177 5308 475 5309 630 5310 177 5311 832 5312 834 5319 464 5320 33 5321 247 5322 464 5323 834 5324 835 5325 453 5326 12 5327 293 5328 453 5329 835 5330 568 5331 319 5332 836 5333 319 5334 87 5335 836 5336 456 5337 837 5338 275 5339 837 5340 50 5341 275 5342 839 5349 201 5350 399 5351 107 5352 839 5353 399 5354 840 5355 186 5356 401 5357 79 5358 840 5359 401 5360 841 5361 185 5362 400 5363 86 5364 841 5365 400 5366 842 5367 559 5368 221 5369 39 5370 842 5371 221 5372 843 5373 178 5374 411 5375 44 5376 843 5377 411 5378 844 5379 503 5380 379 5381 26 5382 844 5383 379 5384 845 5385 475 5386 309 5387 21 5388 845 5389 309 5390 46 5397 515 5398 847 5399 142 5400 847 5401 515 5402 41 5403 514 5404 848 5405 127 5406 848 5407 514 5408 190 5409 849 5410 442 5411 2 5412 442 5413 849 5414 850 5415 22 5416 323 5417 596 5418 850 5419 323 5420 146 5421 851 5422 468 5423 78 5424 468 5425 851 5426 143 5427 412 5428 852 5429 852 5430 412 5431 17 5432 112 5433 426 5434 853 5435 171 5436 853 5437 426 5438 106 5439 281 5440 854 5441 506 5442 854 5443 281 5444 85 5445 855 5446 428 5447 84 5448 428 5449 855 5450 856 5451 461 5452 54 5453 55 5454 461 5455 856 5456 858 5463 492 5464 37 5465 388 5466 492 5467 858 5468 337 5469 859 5470 486 5471 91 5472 486 5473 859 5474 860 5475 443 5476 27 5477 170 5478 443 5479 860 5480 64 5481 485 5482 861 5483 227 5484 861 5485 485 5486 862 5487 491 5488 584 5489 331 5490 491 5491 862 5492 356 5493 863 5494 236 5495 863 5496 593 5497 236 5498 261 5499 864 5500 576 5501 724 5502 864 5503 261 5504 403 5505 230 5506 865 5507 230 5508 575 5509 865 5510 395 5511 80 5512 866 5513 611 5514 395 5515 866 5516 347 5517 71 5518 867 5519 612 5520 347 5521 867 5522 609 5523 381 5524 868 5525 381 5526 48 5527 868 5528 607 5535 870 5536 245 5537 870 5538 108 5539 245 5540 600 5541 871 5542 333 5543 114 5544 333 5545 871 5546 93 5547 370 5548 872 5549 618 5550 872 5551 370 5552 873 5553 187 5554 41 5555 873 5556 603 5557 187 5558 122 5559 150 5560 874 5561 150 5562 120 5563 874 5564 373 5565 510 5566 875 5567 510 5568 99 5569 875 5570 507 5571 222 5572 876 5573 222 5574 68 5575 876 5576 642 5577 877 5578 255 5579 877 5580 35 5581 255 5582 643 5583 878 5584 342 5585 878 5586 54 5587 342 5588 113 5589 476 5590 879 5591 476 5592 576 5593 879 5594 257 5595 605 5596 880 5597 58 5598 257 5599 880 5600 881 5601 494 5602 220 5603 119 5604 881 5605 220 5606 882 5607 496 5608 284 5609 98 5610 882 5611 284 5612 883 5613 495 5614 285 5615 73 5616 883 5617 285 5618 32 5619 884 5620 554 5621 884 5622 620 5623 554 5624 0 5625 885 5626 427 5627 885 5628 622 5629 427 5630 886 5631 621 5632 523 5633 49 5634 886 5635 523 5636 887 5637 605 5638 191 5639 63 5640 887 5641 191 5642 51 5643 888 5644 231 5645 888 5646 591 5647 231 5648 889 5649 592 5650 233 5651 34 5652 889 5653 233 5654 437 5655 208 5656 890 5657 208 5658 585 5659 890 5660 439 5661 193 5662 891 5663 193 5664 586 5665 891 5666 438 5667 209 5668 892 5669 209 5670 584 5671 892 5672 214 5673 573 5674 893 5675 647 5676 214 5677 893 5678 631 5679 213 5680 894 5681 213 5682 574 5683 894 5684 770 5685 234 5686 895 5687 234 5688 587 5689 895 5690 771 5691 179 5692 896 5693 179 5694 494 5695 896 5696 561 5697 276 5698 897 5699 276 5700 572 5701 897 5702 454 5703 898 5704 373 5705 454 5706 102 5707 898 5708 522 5709 43 5710 899 5711 388 5712 522 5713 899 5714 393 5715 900 5716 2 5717 393 5718 622 5719 900 5720 901 5721 219 5722 446 5723 101 5724 901 5725 446 5726 902 5727 380 5728 585 5729 668 5730 380 5731 902 5732 625 5733 903 5734 292 5735 903 5736 575 5737 292 5738 387 5739 904 5740 605 5741 394 5742 904 5743 387 5744 335 5745 591 5746 905 5747 765 5748 335 5749 905 5750 336 5751 592 5752 906 5753 764 5754 336 5755 906 5756 763 5757 500 5758 907 5759 500 5760 620 5761 907 5762 136 5763 908 5764 274 5765 908 5766 620 5767 274 5768 198 5769 496 5770 909 5771 746 5772 198 5773 909 5774 278 5775 616 5776 910 5777 434 5778 278 5779 910 5780 766 5781 382 5782 911 5783 382 5784 593 5785 911 5786 189 5787 912 5788 616 5789 725 5790 912 5791 189 5792 139 5793 913 5794 481 5795 913 5796 587 5797 481 5798 430 5799 195 5800 914 5801 195 5802 495 5803 914 5804 759 5805 501 5806 915 5807 501 5808 621 5809 915 5810 916 5811 134 5812 576 5813 652 5814 134 5815 916 5816 689 5817 917 5818 229 5819 917 5820 621 5821 229 5822 918 5823 378 5824 586 5825 669 5826 378 5827 918 5828 919 5829 622 5830 224 5831 282 5832 919 5833 224 5834 467 5835 555 5836 920 5837 555 5838 219 5839 920 5840 471 5841 677 5842 921 5843 921 5844 494 5845 471 5846 922 5847 584 5848 304 5849 304 5850 488 5851 922 5852 923 5853 572 5854 350 5855 436 5856 923 5857 350 5858 924 5859 575 5860 513 5861 360 5862 924 5863 513 5864 308 5865 601 5866 925 5867 925 5868 587 5869 308 5870 926 5871 592 5872 460 5873 296 5874 926 5875 460 5876 398 5877 678 5878 927 5879 927 5880 496 5881 398 5882 549 5883 928 5884 318 5885 928 5886 574 5887 318 5888 474 5889 679 5890 929 5891 929 5892 495 5893 474 5894 267 5895 619 5896 930 5897 930 5898 586 5899 267 5900 299 5901 931 5902 396 5903 931 5904 573 5905 396 5906 303 5907 932 5908 483 5909 932 5910 591 5911 483 5912 406 5913 272 5914 933 5915 933 5916 585 5917 406 5918 310 5919 934 5920 482 5921 934 5922 593 5923 482 5924</p>
        </triangles>
      </mesh>
    </geometry>
    <geometry id="FBXASC227FBXASC130FBXASC189FBXASC227FBXASC131FBXASC170FBXASC227FBXASC131FBXASC131FBXASC227FBXASC131FBXASC1374-lib" name="FBXASC227FBXASC130FBXASC189FBXASC227FBXASC131FBXASC170FBXASC227FBXASC131FBXASC131FBXASC227FBXASC131FBXASC1374Mesh">
      <mesh>
        <source id="FBXASC227FBXASC130FBXASC189FBXASC227FBXASC131FBXASC170FBXASC227FBXASC131FBXASC131FBXASC227FBXASC131FBXASC1374-POSITION">
          <float_array id="FBXASC227FBXASC130FBXASC189FBXASC227FBXASC131FBXASC170FBXASC227FBXASC131FBXASC131FBXASC227FBXASC131FBXASC1374-POSITION-array" count="744">0.000713583 0.002388324 -0.00298771 -0.000657888 0.001733989 -0.003390503 4.0354e-05 0.002893819 -0.001948819 -0.000652559 0.00237403 -0.001298379 -0.000333661 0.001416384 -0.004586614 0.000713583 0.002283479 -0.000782859 0.000654528 0.001324813 -0.002806113 -0.000652559 0.001222357 -0.00287829 4.0354e-05 0.00233494 -0.001948819 0.000130906 0.00213874 -0.000682711 0.000645422 0.000816786 -0.000669291 -1.8701e-05 0.002754098 -0.001247099 -0.000652559 0.002594709 -0.00283473 0.000713583 0.002231996 -0.002381366 0.000336951 0.001057042 -0.004579655 0.000148475 0.000904411 -0.000669291 0.000130906 0.002834764 -0.000492126 0.000654528 0.002893819 -0.001948819 -0.000711614 0.002231996 -0.002381366 0.000659856 0.001733989 -0.003390503 -0.000652559 0.002801978 -0.001322078 0.000713583 0.002834764 -0.000492126 -1.8701e-05 0.002347733 -0.001383366 0.00070425 0.001118357 -0.003190255 0.000130906 0.002403973 -0.001216066 0.000276575 0.000751749 -0.000492126 0.00041039 0.001434629 -0.004515771 0.000713583 0.001890986 -0.002730454 -0.000644603 0.001060565 -0.003177709 -0.000334967 0.001057056 -0.004579784 0.000696013 0.000904411 -0.000492126 -0.000711614 0.002388324 -0.00298771 -0.000652559 0.002595571 -0.00117359 0.000130906 0.001004055 -0.000492126 0.000713583 0.002403973 -0.001216066 -0.000652559 0.001721699 -0.002728374 4.0354e-05 0.002554078 -0.00123458 0.000654528 0.002519658 -0.002942778 0.000333353 0.000789453 -0.000728346 -0.000711614 0.002759674 -0.00217252 0.000567913 0.000751749 -0.000492126 0.000189961 0.002893819 -0.001948819 0.000189961 0.002265155 -0.002007034 0.000189961 0.002271794 -0.000881301 0.000636846 0.000915164 -0.000728346 0.000131696 0.002334138 -0.001948819 -0.000711614 0.001352657 -0.002858193 -0.000652559 0.002424921 -0.003034058 0.000654528 0.002314159 -0.003105043 0.000654528 0.001140512 -0.002973203 4.0354e-05 0.002818729 -0.001948819 -0.000652559 0.002225954 -0.002212174 0.000654528 0.002221344 -0.000801188 0.000472834 0.000717143 -0.000669291 4.0354e-05 0.002743325 -0.001335112 -0.000711614 0.002430885 -0.00131781 0.000713583 0.001456091 -0.002818285 -1.8701e-05 0.002429896 -0.001229145 -0.000711614 0.002743325 -0.001335112 -0.000711614 0.001139797 -0.003105043 0.000568391 0.001720604 -0.00353136 0.000654528 0.001993111 -0.002595425 -0.000711614 0.002554078 -0.00123458 0.000654528 0.002178368 -0.002356637 -0.000566423 0.001720604 -0.00353136 0.000654528 0.002345045 -0.00121995 0.000371654 0.000717143 -0.000492126 -0.000652559 0.002099394 -0.002486624 -1.8701e-05 0.002595571 -0.00117359 -0.000711614 0.001735032 -0.002785904 -0.000643438 0.00207836 -0.003188364 0.000189961 0.002143489 -0.000747319 0.000130906 0.002834764 -0.001948819 0.000189961 0.002343693 -0.001393655 0.000632823 0.001054624 -0.003239605 0.000713583 0.002834764 -0.001939537 0.000713583 0.00254313 -0.00280597 0.000207642 0.000915164 -0.000728346 0.000696013 0.000904411 -0.000669291 -0.000652559 0.002429896 -0.001229145 -1.8701e-05 0.002265155 -0.002007034 0.000276575 0.000751749 -0.000669291 -0.000711614 0.00254313 -0.00280597 0.000654528 0.002143489 -0.000747319 0.000616719 0.001876703 -0.003316003 -0.000614751 0.001876703 -0.003316003 -0.000652559 0.001441739 -0.002761 0.000654528 0.001721699 -0.002728374 0.000654528 0.002276374 -0.00194102 0.000713583 0.00213874 -0.000682711 4.0354e-05 0.002430885 -0.00131781 -0.000711614 0.002030393 -0.002641224 0.000130906 0.002327059 -0.000860485 4.0354e-05 0.002818729 -0.002181802 0.000348136 0.001493404 -0.004524245 -0.000378985 0.001465793 -0.004512267 -0.000652559 0.002818729 -0.002181802 0.000352265 0.001010432 -0.004505126 -1.8701e-05 0.002801978 -0.001322078 -0.000710358 0.002050734 -0.003136469 0.000654528 0.002594709 -0.00283473 0.000712326 0.002050734 -0.003136469 0.000713583 0.001004055 -0.000492126 0.000148475 0.000904411 -0.000492126 0.000645422 0.000816786 -0.000492126 -0.000350296 0.001010432 -0.004505126 0.000511135 0.000789453 -0.000728346 0.000713583 0.002146054 -0.002522824 -1.8701e-05 0.002818729 -0.001948819 0.000713583 0.001262022 -0.002922042 0.000654528 0.001441739 -0.002761 0.000654528 0.002893819 -0.000551181 -0.000711614 0.002630075 -0.001238788 4.0354e-05 0.002630075 -0.001238788 0.000199066 0.000816786 -0.000492126 0.000713583 0.002374255 -0.001675236 0.00033563 0.001416384 -0.004586614 0.000631533 0.001662052 -0.003518261 -0.000652559 0.002178368 -0.002356637 -0.000629565 0.001662052 -0.003518261 -0.000652559 0.001140512 -0.002973203 0.000713583 0.001139797 -0.003105043 0.000199066 0.000816786 -0.000669291 -0.000652559 0.002754098 -0.001247099 -0.000652559 0.001865008 -0.002677419 0.000189961 0.002893819 -0.000551181 0.000189961 0.002221344 -0.000801188 0.000654528 0.002099394 -0.002486624 0.000645406 0.00207836 -0.003188364 0.000472834 0.000717143 -0.000492126 0.000654528 0.002320905 -0.001047925 -0.000711614 0.001456091 -0.002818285 -0.00034883 0.001496006 -0.004512003 0.000684421 0.001830265 -0.0032797 -1.8701e-05 0.00237403 -0.001298379 0.000654528 0.001084189 -0.003085161 -0.000688075 0.001113199 -0.003254336 0.000189961 0.002345045 -0.00121995 0.000371654 0.000717143 -0.000669291 4.0354e-05 0.002759674 -0.001948819 0.000567913 0.000751749 -0.000669291 -0.000652559 0.002681881 -0.001195147 -1.8701e-05 0.002507407 -0.001185485 0.000654528 0.001865008 -0.002677419 -0.000652559 0.001993111 -0.002595425 0.000594203 0.001787696 -0.003416059 -1.8701e-05 0.002681881 -0.001195147 -0.000652559 0.002507407 -0.001185485 -0.000652559 0.00229835 -0.001798139 -0.000682452 0.001830265 -0.0032797 -0.000652559 0.002347733 -0.001383366 -0.000592235 0.001787696 -0.003416059 0.000654528 0.001222357 -0.00287829 -0.000652559 0.001324813 -0.002806113 0.000422244 0.000771772 -0.000728346 -0.000652559 0.002314159 -0.003105043 0.000654528 0.002271794 -0.000881301 -0.000711614 0.00228378 -0.002224158 -0.000652559 0.002519658 -0.002942778 0.000189961 0.002050735 -0.000728346 0.000130906 0.002402552 -0.001398456 -0.000711614 0.002287335 -0.003052431 0.000713583 0.002287335 -0.003052431 0.000654528 0.002424921 -0.003034058 0.000189961 0.002320905 -0.001047925 0.000713583 0.001004055 -0.000669291 0.000713583 0.002378625 -0.00103544 -0.000652559 0.002818729 -0.001409449 -0.000711614 0.001890986 -0.002730454 0.000634785 0.001984227 -0.003235444 0.000654528 0.002343693 -0.001393655 -0.000632817 0.001984227 -0.003235444 0.000537578 0.001675087 -0.003669494 -0.000711614 0.001189621 -0.003006003 0.000654528 0.002050735 -0.000728346 0.000713583 0.001735032 -0.002785904 -0.000711614 0.002146054 -0.002522824 0.000713583 0.002030393 -0.002641224 -0.000652559 0.001077537 -0.003105043 -0.000711614 0.002356812 -0.001806489 0.000586493 0.000839806 -0.000728346 0.000257995 0.000839806 -0.000728346 0.000654528 0.002225954 -0.002212174 0.000130906 0.001004055 -0.000669291 0.000713583 0.002218745 -0.00072175 0.000130906 0.002218745 -0.00072175 -0.000711614 0.002483329 -0.001262647 4.0354e-05 0.002483329 -0.001262647 -0.000711614 0.002697293 -0.001274496 4.0354e-05 0.002697293 -0.001274496 0.000713583 0.00228378 -0.002224158 0.000713583 0.001352657 -0.002858193 -0.000538323 0.001677803 -0.003657277 0.000654528 0.002647176 -0.002714089 -1.8701e-05 0.002818729 -0.001409449 0.000130906 0.002283479 -0.000782859 -0.000711614 0.001262022 -0.002922042 0.000713583 0.001189621 -0.003006003 0.000130906 0.002378625 -0.00103544 0.000648068 0.001061735 -0.00317062 0.00070425 0.001946856 -0.003190255 -0.000711614 0.002474701 -0.002904484 0.000713583 0.002474701 -0.002904484 -0.000711614 0.002406427 -0.001389886 4.0354e-05 0.002406427 -0.001389886 4.0354e-05 0.002759674 -0.001409449 -0.000702282 0.001946856 -0.003190255 0.000654528 0.002315642 -0.001668027 0.000713583 0.002327059 -0.000860485 -1.8701e-05 0.002307838 -0.001729168 -0.000652559 0.002647176 -0.002714089 0.000189961 0.001004055 -0.000728346 0.000654528 0.001004055 -0.000728346 0.000713583 0.002402552 -0.001398456 -0.000711614 0.002759674 -0.001409449 -0.000598634 0.001617263 -0.003657779 0.00033563 0.001089124 -0.004586614 0.000713583 0.001566124 -0.002804711 0.000597889 0.001614661 -0.003670021 4.0354e-05 0.002369377 -0.001713983 0.00065082 0.002169952 -0.003158713 0.000713583 0.002050735 -0.000669291 0.000130906 0.002050735 -0.000669291 0.000189961 0.002323783 -0.001598885 0.000189961 0.002297595 -0.001803408 -0.000711614 0.002590967 -0.002695973 0.000713583 0.002590967 -0.002695973 -0.00064847 0.002159554 -0.003161359 -0.000652559 0.002265385 -0.002005722 0.000713583 0.002334642 -0.001950624 -0.000333661 0.001089124 -0.004586614 -0.000630854 0.001054624 -0.003239605 0.000130906 0.002362471 -0.001766001 -0.000711614 0.002323557 -0.002015894 0.000713583 0.002155762 -0.003101506 -0.000711614 0.002155762 -0.003101506 -0.000652559 0.002324817 -0.001589628 -1.8701e-05 0.002287947 -0.001868324 0.000130906 0.002385014 -0.001582502 -0.000711614 0.002383512 -0.001596149 -1.8701e-05 0.002324817 -0.001589628 0.000654528 0.001566124 -0.002745656 4.0354e-05 0.002353184 -0.001831551 -0.000652559 0.001570586 -0.002745656 0.000669433 0.001086124 -0.00321091 -0.000711614 0.001566124 -0.002804711 4.0354e-05 0.002383512 -0.001596149 0.000379263 0.001464016 -0.004520008</float_array>
          <technique_common>
            <accessor source="#FBXASC227FBXASC130FBXASC189FBXASC227FBXASC131FBXASC170FBXASC227FBXASC131FBXASC131FBXASC227FBXASC131FBXASC1374-POSITION-array" count="248" stride="3">
              <param name="X" type="float"/>
              <param name="Y" type="float"/>
              <param name="Z" type="float"/>
            </accessor>
          </technique_common>
        </source>
        <source id="FBXASC227FBXASC130FBXASC189FBXASC227FBXASC131FBXASC170FBXASC227FBXASC131FBXASC131FBXASC227FBXASC131FBXASC1374-Normal0">
          <float_array id="FBXASC227FBXASC130FBXASC189FBXASC227FBXASC131FBXASC170FBXASC227FBXASC131FBXASC131FBXASC227FBXASC131FBXASC1374-Normal0-array" count="4455">
-0.000000 2.417541 -0.779164
-0.000000 2.218428 -1.237004
-0.000000 2.417541 -0.779164
0.000000 -2.506186 0.413077
0.000000 -2.501952 0.437989
0.000000 -2.487158 0.515407
0.000000 -2.524078 0.283958
0.000000 -2.514195 0.361143
0.000000 -2.521005 0.310052
-0.000000 2.540000 0.000000
-0.000000 2.540000 0.000000
-0.000000 2.540000 0.000000
0.000000 -2.535450 0.151975
0.000000 -2.535450 0.151975
0.000000 -2.538453 0.088645
-0.000000 2.474185 -0.574461
-0.000000 2.474185 -0.574461
-0.000000 2.484495 -0.528096
2.540000 0.000000 -0.000000
2.540000 0.000000 -0.000000
2.540000 0.000000 -0.000000
-2.540000 -0.000000 0.000000
-2.540000 -0.000000 0.000000
-2.540000 -0.000000 0.000000
0.000000 -0.573481 2.474413
0.000000 -0.000000 2.540000
0.000000 -0.000000 2.540000
2.479792 0.000000 -0.549757
1.589846 0.000000 -1.980907
2.479792 0.000000 -0.549757
0.000000 -1.603506 1.969865
0.000000 -1.603506 1.969865
0.000000 -1.117345 2.281039
-2.479792 -0.000000 -0.549757
-2.479792 -0.000000 -0.549757
-2.479792 -0.000000 -0.549757
0.000000 -2.524468 0.280465
0.000000 -2.514480 0.359155
0.000000 -2.524468 0.280465
0.000000 -0.807544 2.408210
0.000000 -1.640999 1.938743
0.000000 -0.807544 2.408210
0.000000 -2.531591 0.206507
0.000000 -2.524078 0.283958
0.000000 -2.521005 0.310052
-0.000000 2.540000 0.000000
-0.000000 2.540000 0.000000
-0.000000 2.540000 0.000000
-0.000000 0.000000 -2.540000
-0.000000 0.000000 -2.540000
-0.000000 0.000000 -2.540000
0.000000 -0.000000 2.540000
0.000000 -0.000000 2.540000
0.000000 -0.000000 2.540000
-0.000000 2.540000 0.000000
-0.000000 2.540000 0.000000
-0.000000 2.540000 0.000000
2.540000 0.000000 -0.000000
2.540000 0.000000 -0.000000
2.540000 0.000000 -0.000000
-0.000000 1.933603 -1.647051
-0.000000 1.574072 -1.993464
-0.000000 1.933603 -1.647051
-2.540000 -0.000000 0.000000
-2.540000 -0.000000 0.000000
-2.540000 -0.000000 0.000000
2.540000 0.000000 -0.000000
2.540000 0.000000 -0.000000
2.540000 0.000000 -0.000000
2.540000 0.000000 -0.000000
2.540000 0.000000 -0.000000
2.479792 0.000000 -0.549757
0.000000 -2.535450 0.151975
0.000000 -2.538453 0.088645
0.000000 -2.538453 0.088645
-0.000000 2.474185 -0.574461
-0.000000 2.484495 -0.528096
-0.000000 2.484495 -0.528096
-0.000000 0.000000 -2.540000
-0.000000 0.000000 -2.540000
-0.000000 0.000000 -2.540000
0.000000 -0.000000 2.540000
0.000000 -0.000000 2.540000
0.000000 -0.000000 2.540000
-2.540000 -0.000000 0.000000
-2.540000 -0.000000 0.000000
-2.540000 -0.000000 0.000000
-2.540000 -0.000000 0.000000
-2.540000 -0.000000 0.000000
-2.540000 -0.000000 0.000000
-0.000000 2.540000 0.000000
-0.000000 2.540000 0.000000
-0.000000 2.540000 0.000000
-0.000000 2.417541 -0.779164
-0.000000 2.417541 -0.779164
-0.000000 2.417541 -0.779164
-2.540000 -0.000000 0.000000
-2.540000 -0.000000 0.000000
-2.531895 -0.000000 -0.202752
-2.540000 -0.000000 0.000000
-2.540000 -0.000000 0.000000
-2.540000 -0.000000 0.000000
2.479792 0.000000 -0.549757
2.540000 0.000000 -0.000000
2.479792 0.000000 -0.549757
-0.000000 1.311290 -2.175344
-0.000000 0.954050 -2.354015
-0.000000 1.311290 -2.175344
0.000000 -0.807544 2.408210
0.000000 -0.807544 2.408210
-0.000000 0.140447 2.536114
-2.540000 -0.000000 0.000000
-2.540000 -0.000000 0.000000
-2.540000 -0.000000 0.000000
2.540000 0.000000 -0.000000
2.540000 0.000000 -0.000000
2.540000 0.000000 -0.000000
2.540000 0.000000 -0.000000
2.540000 0.000000 -0.000000
2.540000 0.000000 -0.000000
2.540000 0.000000 -0.000000
2.540000 0.000000 -0.000000
2.540000 0.000000 -0.000000
0.000000 -2.518060 0.333126
0.000000 -2.514480 0.359155
0.000000 -2.510554 0.385642
2.540000 0.000000 -0.000000
2.540000 0.000000 -0.000000
2.479792 0.000000 -0.549757
0.000000 -1.706037 1.881764
0.000000 -1.706037 1.881764
0.000000 -2.112210 1.410733
0.000000 -1.834503 -1.756758
0.000000 -1.834503 -1.756758
0.000000 -2.376971 -0.895327
-2.540000 -0.000000 0.000000
-2.540000 -0.000000 0.000000
-2.540000 -0.000000 0.000000
-0.441066 -2.501412 -0.000000
0.441066 -2.501412 -0.000000
-0.441066 -2.501412 -0.000000
-2.540000 -0.000000 0.000000
-2.540000 -0.000000 0.000000
-2.540000 -0.000000 0.000000
2.479792 0.000000 -0.549757
1.589846 0.000000 -1.980907
1.589846 0.000000 -1.980907
-0.000000 0.000000 -2.540000
-0.000000 0.000000 -2.540000
-0.000000 0.000000 -2.540000
2.540000 0.000000 -0.000000
2.540000 0.000000 -0.000000
2.540000 0.000000 -0.000000
0.000000 -2.306567 1.063649
0.000000 -2.006857 1.556960
0.000000 -2.306567 1.063649
-2.540000 -0.000000 0.000000
-2.540000 -0.000000 0.000000
-2.479792 -0.000000 -0.549757
0.000000 -2.391732 0.855112
0.000000 -2.391732 0.855112
0.000000 -2.112210 1.410733
-2.479792 -0.000000 -0.549757
-2.479792 -0.000000 -0.549757
-2.479792 -0.000000 -0.549757
-0.000000 -0.000000 -2.540000
-0.000000 0.000000 -2.540000
-0.000000 0.000000 -2.540000
2.540000 0.000000 -0.000000
2.540000 0.000000 -0.000000
2.540000 0.000000 -0.000000
0.441066 -2.501412 -0.000000
0.441066 -2.501412 -0.000000
1.270000 -2.199704 -0.000000
-2.479792 -0.000000 -0.549757
-2.540000 -0.000000 0.000000
-2.479792 -0.000000 -0.549757
-0.000000 1.311290 -2.175344
-0.000000 1.311290 -2.175344
-0.000000 1.719346 -1.869612
-2.540000 -0.000000 0.000000
-2.540000 -0.000000 0.000000
-2.540000 -0.000000 0.000000
-0.000000 1.068518 2.304315
-0.000000 1.845039 1.745690
-0.000000 1.068518 2.304315
0.000000 -0.000000 2.540000
0.000000 -0.000000 2.540000
0.000000 -0.000000 2.540000
-2.386819 -0.868731 0.000000
-1.945753 -1.632681 0.000000
-2.386819 -0.868731 0.000000
0.000000 -2.376971 -0.895327
0.000000 -2.376971 -0.895327
0.000000 -2.482586 -0.536997
2.540000 0.000000 -0.000000
2.540000 0.000000 -0.000000
2.540000 0.000000 -0.000000
-1.796051 -0.790082 1.612938
-1.796051 -0.790082 1.612938
-1.796051 -1.133850 1.392905
0.000000 -1.197568 2.239962
0.000000 -1.197568 2.239962
0.000000 -0.617291 2.463849
2.540000 0.000000 -0.000000
2.540000 0.000000 -0.000000
2.540000 0.000000 -0.000000
-0.000000 1.068518 2.304315
-0.000000 0.140447 2.536114
-0.000000 1.068518 2.304315
1.796051 1.709460 -0.550952
1.796051 1.709460 -0.550952
1.796051 1.709460 -0.550952
-0.000000 1.574072 -1.993464
-0.000000 1.574072 -1.993464
-0.000000 1.153725 -2.262856
-1.270000 -2.199704 0.000000
-1.945753 -1.632681 0.000000
-1.270000 -2.199704 0.000000
-0.000000 0.000000 -2.540000
-0.000000 0.000000 -2.540000
-0.000000 0.000000 -2.540000
-0.000000 2.417541 -0.779164
-0.000000 2.218428 -1.237004
-0.000000 2.417541 -0.779164
-2.540000 -0.000000 0.000000
-2.540000 -0.000000 0.000000
-2.540000 -0.000000 0.000000
1.945753 -1.632681 -0.000000
2.386819 -0.868731 -0.000000
1.945753 -1.632681 -0.000000
0.000000 -0.000000 2.540000
0.000000 -0.000000 2.540000
0.000000 -0.000000 2.540000
0.000000 -0.000000 2.540000
0.000000 -0.000000 2.540000
0.000000 -0.000000 2.540000
0.000000 -2.487158 0.515407
0.000000 -2.501952 0.437989
0.000000 -2.501952 0.437989
-1.796051 -1.777804 0.255367
-1.796051 -1.784792 0.200789
-1.796051 -1.779503 0.243250
0.000000 -2.482586 -0.536997
0.000000 -2.534501 -0.167052
0.000000 -2.482586 -0.536997
-2.540000 -0.000000 0.000000
-2.540000 -0.000000 0.000000
-2.540000 -0.000000 0.000000
1.796051 0.000000 -1.796051
1.796051 0.000000 -1.796051
1.796051 0.000000 -1.796051
0.687319 -1.659335 -1.796051
0.311881 -1.768765 -1.796051
0.000000 -1.796051 -1.796051
0.000000 -0.000000 2.540000
0.000000 -0.000000 2.540000
0.000000 -0.000000 2.540000
0.000000 -1.638139 1.941160
0.000000 -1.638139 1.941160
0.000000 -1.638139 1.941160
-1.796051 -1.493558 0.997539
-1.796051 -1.206351 1.330608
-1.796051 -1.206351 1.330608
-1.796051 -0.846808 1.583892
-1.796051 -0.436491 1.742204
-1.796051 -0.846808 1.583892
-1.796051 1.367264 -1.164641
-1.796051 1.113037 -1.409592
-1.796051 1.367264 -1.164641
-1.611903 0.866122 -1.761591
-1.609564 0.849349 -1.771866
-1.630519 1.143684 -1.576387
1.661362 0.589157 -1.828762
1.611903 0.866122 -1.761591
1.609564 0.849349 -1.771866
1.796051 1.113037 -1.409592
1.796051 1.113037 -1.409592
1.796051 0.815807 -1.600081
1.796051 -1.206351 1.330608
1.796051 -1.493558 0.997539
1.796051 -1.493558 0.997539
0.000000 -2.424745 0.756446
0.000000 -2.424745 0.756446
0.000000 -2.508970 0.395818
0.000000 -0.000000 2.540000
0.000000 -0.000000 2.540000
0.000000 -0.000000 2.540000
-0.000000 2.540000 0.000000
-0.000000 2.540000 0.000000
-0.000000 2.540000 0.000000
-1.796051 -1.769209 0.309355
-1.796051 -1.769209 0.309355
-1.796051 -1.778006 0.253961
0.000000 -2.006857 1.556960
0.000000 -2.006857 1.556960
0.000000 -2.306567 1.063649
1.796051 0.000000 -1.796051
1.796051 0.000000 -1.796051
1.796051 0.000000 -1.796051
1.796051 -1.680772 -0.633092
1.796051 -1.680772 -0.633092
1.796051 -1.755453 -0.379715
0.898026 -1.555426 -1.796051
0.311881 -1.768765 -1.796051
0.687319 -1.659335 -1.796051
1.270000 -2.199704 -0.000000
0.441066 -2.501412 -0.000000
1.270000 -2.199704 -0.000000
1.796051 1.796051 -0.000000
1.796051 1.796051 -0.000000
1.796051 1.796051 -0.000000
1.796051 1.304639 1.234389
1.796051 1.163644 1.368113
1.796051 1.630301 0.753603
-1.796051 -1.778006 0.253961
-1.796051 -1.785069 0.198319
-1.796051 -1.785069 0.198319
-1.796051 -1.005462 1.488236
-1.796051 -1.537120 0.929012
-1.796051 -1.160361 1.370898
1.796051 -1.206351 1.330608
1.796051 -1.493558 0.997539
1.796051 -1.206351 1.330608
1.796051 -0.405512 1.749674
1.796051 0.000000 1.796051
1.796051 0.000000 1.796051
0.000000 -2.241707 1.194299
0.000000 -2.241707 1.194299
0.000000 -2.524468 0.280465
1.796051 -1.160361 1.370898
1.796051 -1.537120 0.929012
1.796051 -1.005462 1.488236
-1.796051 1.796051 0.000000
-1.796051 1.796051 0.000000
-1.796051 1.796051 0.000000
-1.796051 1.304639 1.234389
-1.796051 1.630301 0.753603
-1.796051 1.163644 1.368113
-1.760138 -1.801775 -0.327294
-1.766940 -1.802438 -0.284147
-1.779423 -1.808333 -0.123229
-1.796051 -1.691210 0.604656
-1.796051 -1.493558 0.997539
-1.796051 -1.691210 0.604656
-0.000000 2.057134 -1.489899
-0.000000 1.719346 -1.869612
-0.000000 2.057134 -1.489899
1.717085 1.716779 -0.745581
1.715308 1.718561 -0.745566
1.709817 1.709804 -0.777622
0.000000 -1.117345 2.281039
0.000000 -1.603506 1.969865
0.000000 -1.117345 2.281039
1.796051 -1.133850 1.392905
1.796051 -1.133850 1.392905
1.796051 -0.790082 1.612938
-1.796051 1.304639 1.234389
-1.796051 1.163644 1.368113
-1.796051 0.755557 1.629397
-1.796051 -0.571020 1.702861
-1.796051 0.099311 1.793303
-1.796051 -0.288225 1.772774
1.796051 -1.772141 0.292089
1.796051 -1.772141 0.292089
1.796051 -1.758686 0.364448
1.796051 -1.630989 0.752113
1.796051 -1.419062 1.100937
1.796051 -1.419062 1.100937
-1.715308 1.718561 -0.745566
-1.709817 1.709804 -0.777622
-1.715308 1.718561 -0.745566
-1.609564 0.849349 -1.771866
-1.626827 1.127878 -1.591517
-1.630519 1.143684 -1.576387
1.796051 -1.680772 -0.633092
1.796051 -1.755453 -0.379715
1.796051 -1.755453 -0.379715
1.796051 -1.790105 0.146022
1.796051 -1.782620 0.219240
1.796051 -1.782620 0.219240
-1.270000 -2.199704 0.000000
-1.270000 -2.199704 0.000000
-0.441066 -2.501412 -0.000000
0.000000 -0.000000 2.540000
0.000000 -0.000000 2.540000
0.000000 -0.000000 2.540000
-1.796051 -0.790082 1.612938
-1.796051 -1.133850 1.392905
-1.796051 -1.133850 1.392905
-1.796051 -1.419062 1.100937
-1.796051 -1.630989 0.752113
-1.796051 -1.630989 0.752113
1.796051 -1.160361 1.370898
1.796051 -1.005462 1.488236
1.796051 -0.571020 1.702861
1.796051 0.482211 1.730108
1.796051 0.755557 1.629397
1.796051 0.099311 1.793303
-2.540000 -0.000000 0.000000
-2.540000 -0.000000 0.000000
-2.479792 -0.000000 -0.549757
-1.796051 -0.000000 1.796051
-1.796051 -0.000000 1.796051
-1.796051 -0.405512 1.749674
-0.000000 1.153725 -2.262856
-0.000000 1.153725 -2.262856
-0.000000 0.613595 -2.464772
-1.796051 0.815807 -1.600081
-1.738422 0.391728 -1.809983
-1.796051 0.815807 -1.600081
-1.796051 -1.021943 -1.476967
-1.796051 -1.415697 -1.105261
-1.796051 -1.297189 -1.242216
-1.796051 -0.000000 -1.796051
-1.796051 -0.000000 -1.796051
-1.796051 -0.000000 -1.796051
0.000000 -0.000000 2.540000
0.000000 -0.000000 2.540000
0.000000 -0.000000 2.540000
-1.796051 1.796051 0.000000
-1.796051 1.796051 0.000000
-1.796051 1.796051 0.000000
-1.796051 -1.779503 0.243250
-1.796051 -1.784792 0.200789
-1.796051 -1.785466 0.194709
-1.796051 -1.792163 -0.118124
-1.796051 -1.755453 -0.379715
-1.796051 -1.755453 -0.379715
1.802018 -1.708839 0.533105
1.794213 -1.797223 -0.048872
1.779423 -1.808333 -0.123229
1.760138 -1.801775 -0.327294
1.760138 -1.801775 -0.327294
1.760138 -1.801775 -0.327294
1.796051 1.709460 -0.550952
1.796051 1.709460 -0.550952
1.796051 1.709460 -0.550952
1.796051 1.796051 -0.000000
1.796051 1.796051 -0.000000
1.796051 1.796051 -0.000000
2.540000 0.000000 -0.000000
2.540000 0.000000 -0.000000
2.540000 0.000000 -0.000000
1.796051 1.568665 -0.874694
1.796051 1.367264 -1.164641
1.796051 1.367264 -1.164641
-1.659335 -0.687319 -1.796051
-1.270000 -1.270000 -1.796051
-1.375855 -1.154480 -1.796051
-1.796051 -0.000000 -1.796051
-1.796051 -0.000000 -1.796051
-1.796051 -0.000000 -1.796051
2.386819 -0.868731 -0.000000
2.386819 -0.868731 -0.000000
1.945753 -1.632681 -0.000000
1.375855 -1.154480 -1.796051
1.659335 -0.687319 -1.796051
1.687736 -0.614286 -1.796051
-1.796051 -1.160361 1.370898
-1.796051 -1.537120 0.929012
-1.796051 -1.585126 0.844497
0.000000 -2.241707 1.194299
0.000000 -2.241707 1.194299
0.000000 -1.640999 1.938743
1.796051 -1.775230 0.272690
1.796051 -1.777046 0.260591
1.796051 -1.780537 0.235556
0.000000 -1.638139 1.941160
0.000000 -1.638139 1.941160
0.000000 -1.638139 1.941160
0.311881 -1.768765 -1.796051
-0.311881 -1.768765 -1.796051
0.000000 -1.796051 -1.796051
-1.375855 -1.154480 -1.796051
-1.270000 -1.270000 -1.796051
-0.898026 -1.555426 -1.796051
-1.796051 1.709460 -0.550952
-1.796051 1.709460 -0.550952
-1.796051 1.709460 -0.550952
-1.796051 1.568665 -0.874694
-1.796051 1.367264 -1.164641
-1.796051 1.367264 -1.164641
1.796051 -0.705237 -1.651799
1.796051 -1.297189 -1.242216
1.796051 -1.021943 -1.476967
0.000000 -0.997355 -2.335997
0.000000 -0.997355 -2.335997
0.000000 -1.834503 -1.756758
1.626827 1.127878 -1.591517
1.654430 1.382583 -1.342731
1.649432 1.368850 -1.362800
1.611903 0.866122 -1.761591
1.630519 1.143684 -1.576387
1.609564 0.849349 -1.771866
-0.000000 2.057134 -1.489899
-0.000000 2.057134 -1.489899
-0.000000 2.311755 -1.052324
-1.649432 1.368850 -1.362800
-1.677614 1.566604 -1.087640
-1.683875 1.577660 -1.061674
0.000000 -0.000000 2.540000
0.000000 -0.617291 2.463849
0.000000 -0.000000 2.540000
-1.796051 -0.436491 1.742204
-1.796051 -0.000000 1.796051
-1.796051 -0.436491 1.742204
1.796051 -1.133850 1.392905
1.796051 -0.790082 1.612938
1.796051 -0.790082 1.612938
1.796051 -0.405512 1.749674
1.796051 -0.405512 1.749674
1.796051 0.000000 1.796051
1.796051 -1.772141 0.292089
1.796051 -1.758686 0.364448
1.796051 -1.758686 0.364448
0.000000 -2.487158 0.515407
0.000000 -2.506186 0.413077
0.000000 -2.487158 0.515407
1.796051 -1.021943 -1.476967
1.796051 -1.297189 -1.242216
1.796051 -1.415697 -1.105261
2.540000 0.000000 -0.000000
2.540000 0.000000 -0.000000
2.540000 0.000000 -0.000000
1.796051 -1.785069 0.198319
1.796051 -1.785069 0.198319
1.796051 -1.585126 0.844497
1.796051 -1.785069 0.198319
1.796051 -1.785069 0.198319
1.796051 -1.785069 0.198319
-2.540000 -0.000000 0.000000
-2.540000 -0.000000 0.000000
-2.540000 -0.000000 0.000000
-1.796051 -1.419062 1.100937
-1.796051 -1.419062 1.100937
-1.796051 -1.630989 0.752113
-1.796051 -1.755453 -0.379715
-1.796051 -1.755453 -0.379715
-1.796051 -1.680772 -0.633092
-1.796051 -1.680772 -0.633092
-1.796051 -1.297189 -1.242216
-1.796051 -1.415697 -1.105261
-2.540000 -0.000000 0.000000
-2.540000 -0.000000 0.000000
-2.540000 -0.000000 0.000000
-0.000000 2.417541 -0.779164
-0.000000 2.417541 -0.779164
-0.000000 2.417541 -0.779164
1.709817 1.709804 -0.777622
1.715308 1.718561 -0.745566
1.715308 1.718561 -0.745566
1.589846 0.000000 -1.980907
1.589846 0.000000 -1.980907
1.589846 0.000000 -1.980907
-0.000000 0.873624 -2.385033
-0.000000 0.873624 -2.385033
-0.000000 0.000000 -2.540000
-1.589846 -0.000000 -1.980907
-1.589846 -0.000000 -1.980907
-1.589846 -0.000000 -1.980907
-1.796051 1.709460 -0.550952
-1.796051 1.709460 -0.550952
-1.796051 1.709460 -0.550952
-1.796051 1.796051 0.000000
-1.796051 1.796051 0.000000
-1.796051 1.796051 0.000000
0.000000 -2.390527 -0.858477
0.000000 -2.391328 -0.856243
0.000000 -1.875180 -1.713272
1.589846 0.000000 -1.980907
1.589846 0.000000 -1.980907
1.589846 0.000000 -1.980907
1.796051 1.668682 0.664304
1.796051 1.304639 1.234389
1.796051 1.630301 0.753603
-0.000000 2.359873 0.939468
-0.000000 2.359873 0.939468
-0.000000 1.845039 1.745690
-1.796051 0.815807 -1.600081
-1.738422 0.391728 -1.809983
-1.739750 0.445540 -1.796208
-2.540000 -0.000000 0.000000
-2.540000 -0.000000 0.000000
-2.540000 -0.000000 0.000000
-0.000000 1.933603 -1.647051
-0.000000 1.933603 -1.647051
-0.000000 2.218428 -1.237004
1.796051 1.568665 -0.874694
1.796051 1.568665 -0.874694
1.796051 1.367264 -1.164641
1.796051 0.815807 -1.600081
1.732854 0.482935 -1.793207
1.738422 0.391728 -1.809983
2.540000 0.000000 -0.000000
2.540000 0.000000 -0.000000
2.540000 0.000000 -0.000000
2.386819 -0.868731 -0.000000
2.386819 -0.868731 -0.000000
2.540000 0.000000 -0.000000
0.000000 -0.000000 2.540000
0.000000 -0.000000 2.540000
0.000000 -0.000000 2.540000
-2.386819 -0.868731 0.000000
-2.540000 -0.000000 0.000000
-2.540000 -0.000000 0.000000
0.000000 -0.000000 2.540000
0.000000 -0.000000 2.540000
0.000000 -0.000000 2.540000
0.000000 -0.000000 2.540000
0.000000 -0.000000 2.540000
0.000000 -0.000000 2.540000
1.945753 -1.632681 -0.000000
1.270000 -2.199704 -0.000000
1.945753 -1.632681 -0.000000
-1.589846 -0.000000 -1.980907
-1.589846 -0.000000 -1.980907
-1.589846 -0.000000 -1.980907
0.000000 -1.875180 -1.713272
0.000000 -2.391328 -0.856243
0.000000 -1.875859 -1.712529
1.270000 -1.270000 -1.796051
1.659335 -0.687319 -1.796051
1.375855 -1.154480 -1.796051
-0.000000 0.000000 -2.540000
-0.000000 0.000000 -2.540000
-0.000000 0.000000 -2.540000
2.540000 0.000000 -0.000000
2.540000 0.000000 -0.000000
2.540000 0.000000 -0.000000
1.796051 -1.630989 0.752113
1.796051 -1.630989 0.752113
1.796051 -1.419062 1.100937
1.796051 1.796051 -0.000000
1.796051 1.796051 -0.000000
1.796051 1.796051 -0.000000
-0.000000 2.540000 0.000000
-0.000000 2.540000 0.000000
-0.000000 2.540000 0.000000
2.540000 0.000000 -0.000000
2.540000 0.000000 -0.000000
2.479792 0.000000 -0.549757
1.796051 -0.846808 1.583892
1.796051 -0.846808 1.583892
1.796051 -1.206351 1.330608
0.000000 -0.617291 2.463849
0.000000 -1.197568 2.239962
0.000000 -0.617291 2.463849
1.796051 -0.436491 1.742204
1.796051 -0.846808 1.583892
1.796051 -0.846808 1.583892
1.796051 1.796051 -0.000000
1.796051 1.796051 -0.000000
1.796051 1.796051 -0.000000
-0.000000 1.796051 1.796051
-0.000000 1.796051 1.796051
-0.000000 1.796051 1.796051
-1.796051 -0.288225 1.772774
-1.796051 0.099311 1.793303
-1.796051 0.482211 1.730108
-2.540000 -0.000000 0.000000
-2.540000 -0.000000 0.000000
-2.540000 -0.000000 0.000000
1.796051 -0.288225 1.772774
1.796051 0.482211 1.730108
1.796051 0.099311 1.793303
2.540000 0.000000 -0.000000
2.540000 0.000000 -0.000000
2.540000 0.000000 -0.000000
-1.945753 -1.632681 0.000000
-1.945753 -1.632681 0.000000
-1.270000 -2.199704 0.000000
0.000000 -0.000000 2.540000
0.000000 -0.000000 2.540000
0.000000 -0.000000 2.540000
1.796051 -1.790105 0.146022
1.796051 -1.790105 0.146022
1.796051 -1.782620 0.219240
2.540000 0.000000 -0.000000
2.540000 0.000000 -0.000000
2.540000 0.000000 -0.000000
-0.000000 0.000000 -2.540000
-0.000000 0.873624 -2.385033
-0.000000 0.000000 -2.540000
1.598100 0.584137 -1.885858
1.589846 0.000000 -1.980907
1.589846 0.000000 -1.980907
1.654430 1.382583 -1.342731
1.683875 1.577660 -1.061674
1.649432 1.368850 -1.362800
2.479792 0.000000 -0.549757
1.589846 0.000000 -1.980907
2.479792 0.000000 -0.549757
-1.796051 -1.630989 0.752113
-1.796051 -1.758686 0.364448
-1.796051 -1.758686 0.364448
0.000000 -2.306567 1.063649
0.000000 -2.487158 0.515407
0.000000 -2.487158 0.515407
-1.654430 1.382583 -1.342731
-1.649432 1.368850 -1.362800
-1.683875 1.577660 -1.061674
-2.479792 -0.000000 -0.549757
-2.540000 -0.000000 0.000000
-2.479792 -0.000000 -0.549757
-1.796051 -1.493558 0.997539
-1.796051 -1.206351 1.330608
-1.796051 -1.493558 0.997539
0.000000 -2.112210 1.410733
0.000000 -1.706037 1.881764
0.000000 -2.112210 1.410733
2.540000 0.000000 -0.000000
2.479792 0.000000 -0.549757
2.479792 0.000000 -0.549757
1.796051 -1.691210 0.604656
1.802018 -1.708839 0.533105
1.779423 -1.808333 -0.123229
-1.945753 -1.632681 0.000000
-1.945753 -1.632681 0.000000
-2.386819 -0.868731 0.000000
-1.687736 -0.614286 -1.796051
-1.659335 -0.687319 -1.796051
-1.375855 -1.154480 -1.796051
-1.796051 1.668682 0.664304
-1.796051 1.630301 0.753603
-1.796051 1.304639 1.234389
-0.000000 1.845039 1.745690
-0.000000 2.359873 0.939468
-0.000000 1.845039 1.745690
-1.796051 -0.405512 1.749674
-1.796051 -0.790082 1.612938
-1.796051 -0.790082 1.612938
0.000000 -0.573481 2.474413
0.000000 -0.573481 2.474413
0.000000 -1.117345 2.281039
-1.796051 1.796051 0.000000
-1.796051 1.796051 0.000000
-1.796051 1.796051 0.000000
-0.000000 1.796051 1.796051
-0.000000 1.796051 1.796051
-0.000000 1.796051 1.796051
0.000000 -1.834503 -1.756758
0.000000 -0.997355 -2.335997
0.000000 -1.834503 -1.756758
-1.796051 -0.705237 -1.651799
-1.796051 -1.021943 -1.476967
-1.796051 -1.297189 -1.242216
1.796051 -1.419062 1.100937
1.796051 -1.133850 1.392905
1.796051 -1.133850 1.392905
0.000000 -2.006857 1.556960
0.000000 -2.006857 1.556960
0.000000 -1.603506 1.969865
-0.000000 1.153725 -2.262856
-0.000000 0.613595 -2.464772
-0.000000 0.613595 -2.464772
1.796051 0.815807 -1.600081
1.796051 0.815807 -1.600081
1.738422 0.391728 -1.809983
0.000000 -0.000000 2.540000
0.000000 -0.000000 2.540000
0.000000 -0.000000 2.540000
0.441066 -2.501412 -0.000000
0.441066 -2.501412 -0.000000
-0.441066 -2.501412 -0.000000
1.796051 -1.755453 -0.379715
1.796051 -1.792163 -0.118124
1.796051 -1.792163 -0.118124
0.000000 -2.482586 -0.536997
0.000000 -2.534501 -0.167052
0.000000 -2.534501 -0.167052
-1.796051 -0.846808 1.583892
-1.796051 -0.436491 1.742204
-1.796051 -0.436491 1.742204
-2.540000 -0.000000 0.000000
-2.540000 -0.000000 0.000000
-2.479792 -0.000000 -0.549757
-1.709817 1.709804 -0.777622
-1.715308 1.718561 -0.745566
-1.715308 1.718561 -0.745566
-1.592438 0.358154 -1.946141
-1.598100 0.584137 -1.885858
-1.589846 -0.000000 -1.980907
2.479792 0.000000 -0.549757
2.540000 0.000000 -0.000000
2.479792 0.000000 -0.549757
1.630519 1.143684 -1.576387
1.654430 1.382583 -1.342731
1.626827 1.127878 -1.591517
0.000000 -1.640999 1.938743
0.000000 -2.241707 1.194299
0.000000 -1.640999 1.938743
1.796051 -1.585126 0.844497
1.796051 -1.537120 0.929012
1.796051 -1.160361 1.370898
1.796051 -1.493558 0.997539
1.802018 -1.708839 0.533105
1.796051 -1.493558 0.997539
0.000000 -2.112210 1.410733
0.000000 -2.391732 0.855112
0.000000 -2.112210 1.410733
-1.779423 -1.808333 -0.123229
-1.794213 -1.797223 -0.048872
-1.801203 -1.730811 0.459957
-2.479792 -0.000000 -0.549757
-2.540000 -0.000000 0.000000
-2.479792 -0.000000 -0.549757
0.000000 -2.534501 -0.167052
0.000000 -2.531591 0.206507
0.000000 -2.534501 -0.167052
-1.796051 -1.790105 0.146022
-1.796051 -1.792163 -0.118124
-1.796051 -1.792163 -0.118124
-0.441066 -2.501412 -0.000000
-1.270000 -2.199704 0.000000
-0.441066 -2.501412 -0.000000
-0.311881 -1.768765 -1.796051
-0.898026 -1.555426 -1.796051
-0.687319 -1.659335 -1.796051
0.000000 -0.000000 2.540000
0.000000 -0.000000 2.540000
0.000000 -0.000000 2.540000
0.000000 -0.000000 2.540000
0.000000 -0.000000 2.540000
0.000000 -0.000000 2.540000
1.270000 -2.199704 -0.000000
1.270000 -2.199704 -0.000000
1.945753 -1.632681 -0.000000
1.375855 -1.154480 -1.796051
0.898026 -1.555426 -1.796051
1.270000 -1.270000 -1.796051
-1.796051 0.482211 1.730108
-1.796051 0.099311 1.793303
-1.796051 0.755557 1.629397
-0.000000 0.140447 2.536114
-0.000000 0.140447 2.536114
-0.000000 1.068518 2.304315
-0.000000 0.140447 2.536114
0.000000 -0.807544 2.408210
-0.000000 0.140447 2.536114
1.796051 -0.571020 1.702861
1.796051 -0.288225 1.772774
1.796051 0.099311 1.793303
0.000000 -1.117345 2.281039
0.000000 -0.573481 2.474413
0.000000 -1.117345 2.281039
1.796051 -0.790082 1.612938
1.796051 -0.405512 1.749674
1.796051 -0.405512 1.749674
0.000000 -1.603506 1.969865
0.000000 -2.006857 1.556960
0.000000 -1.603506 1.969865
-1.796051 -1.133850 1.392905
-1.796051 -1.419062 1.100937
-1.796051 -1.419062 1.100937
1.649432 1.368850 -1.362800
1.683875 1.577660 -1.061674
1.677614 1.566604 -1.087640
-0.000000 2.311755 -1.052324
-0.000000 2.057134 -1.489899
-0.000000 2.311755 -1.052324
1.796051 0.755557 1.629397
1.796051 1.163644 1.368113
1.796051 1.304639 1.234389
-0.000000 1.845039 1.745690
-0.000000 1.845039 1.745690
-0.000000 1.068518 2.304315
-1.796051 -0.571020 1.702861
-1.796051 -1.005462 1.488236
-1.796051 -1.160361 1.370898
0.000000 -1.640999 1.938743
0.000000 -1.640999 1.938743
0.000000 -0.807544 2.408210
0.000000 -2.502039 0.437494
0.000000 -2.487158 0.515407
0.000000 -2.501952 0.437989
-1.796051 -1.758686 0.364448
-1.796051 -1.769209 0.309355
-1.796051 -1.769209 0.309355
-1.630519 1.143684 -1.576387
-1.626827 1.127878 -1.591517
-1.654430 1.382583 -1.342731
-2.479792 -0.000000 -0.549757
-2.540000 -0.000000 0.000000
-2.479792 -0.000000 -0.549757
0.000000 -2.524468 0.280465
0.000000 -2.241707 1.194299
0.000000 -2.524468 0.280465
-1.796051 -1.785069 0.198319
-1.796051 -1.585126 0.844497
-1.796051 -1.785069 0.198319
-1.626827 1.127878 -1.591517
-1.649432 1.368850 -1.362800
-1.654430 1.382583 -1.342731
-0.000000 1.719346 -1.869612
-0.000000 1.719346 -1.869612
-0.000000 2.057134 -1.489899
0.000000 -1.197568 2.239962
0.000000 -1.706037 1.881764
0.000000 -1.197568 2.239962
1.796051 -0.846808 1.583892
1.796051 -1.206351 1.330608
1.796051 -1.206351 1.330608
0.000000 -1.706037 1.881764
0.000000 -1.706037 1.881764
0.000000 -1.197568 2.239962
-1.796051 -1.206351 1.330608
-1.796051 -0.846808 1.583892
-1.796051 -1.206351 1.330608
-0.000000 0.000000 -2.540000
-0.000000 0.000000 -2.540000
-0.000000 0.000000 -2.540000
0.000000 -1.796051 -1.796051
-0.311881 -1.768765 -1.796051
-0.687319 -1.659335 -1.796051
-0.000000 1.153725 -2.262856
-0.000000 1.574072 -1.993464
-0.000000 1.153725 -2.262856
-1.796051 1.113037 -1.409592
-1.796051 0.815807 -1.600081
-1.796051 1.113037 -1.409592
0.000000 -2.376971 -0.895327
0.000000 -1.834503 -1.756758
0.000000 -2.376971 -0.895327
1.796051 -1.297189 -1.242216
1.796051 -1.680772 -0.633092
1.796051 -1.415697 -1.105261
-2.540000 -0.000000 0.000000
-2.540000 -0.000000 0.000000
-2.540000 -0.000000 0.000000
-1.796051 -1.630989 0.752113
-1.796051 -1.630989 0.752113
-1.796051 -1.758686 0.364448
-1.796051 1.568665 -0.874694
-1.796051 1.367264 -1.164641
-1.796051 1.568665 -0.874694
-0.000000 2.218428 -1.237004
-0.000000 1.933603 -1.647051
-0.000000 2.218428 -1.237004
-0.000000 0.000000 -2.540000
-0.000000 0.000000 -2.540000
0.000000 -0.997355 -2.335997
-1.796051 -0.705237 -1.651799
-1.796051 -0.000000 -1.796051
-1.796051 -0.535299 -1.714425
-1.796051 -1.790105 0.146022
-1.796051 -1.790105 0.146022
-1.796051 -1.792163 -0.118124
-2.540000 -0.000000 0.000000
-2.540000 -0.000000 0.000000
-2.540000 -0.000000 0.000000
-2.540000 -0.000000 0.000000
-2.540000 -0.000000 0.000000
-2.540000 -0.000000 0.000000
-1.796051 1.113037 -1.409592
-1.796051 0.815807 -1.600081
-1.796051 0.815807 -1.600081
1.796051 1.113037 -1.409592
1.796051 0.815807 -1.600081
1.796051 0.815807 -1.600081
2.540000 0.000000 -0.000000
2.540000 0.000000 -0.000000
2.540000 0.000000 -0.000000
-0.000000 1.574072 -1.993464
-0.000000 1.574072 -1.993464
-0.000000 1.933603 -1.647051
1.796051 1.367264 -1.164641
1.796051 1.367264 -1.164641
1.796051 1.113037 -1.409592
0.000000 -2.376971 -0.895327
0.000000 -2.482586 -0.536997
0.000000 -2.482586 -0.536997
-1.796051 -1.755453 -0.379715
-1.796051 -1.680772 -0.633092
-1.796051 -1.680772 -0.633092
2.386819 -0.868731 -0.000000
2.540000 0.000000 -0.000000
2.540000 0.000000 -0.000000
1.687736 -0.614286 -1.796051
1.659335 -0.687319 -1.796051
1.796051 0.000000 -1.796051
2.540000 0.000000 -0.000000
2.540000 0.000000 -0.000000
2.540000 0.000000 -0.000000
1.796051 -1.755453 -0.379715
1.796051 -1.755453 -0.379715
1.796051 -1.792163 -0.118124
-1.796051 1.796051 0.000000
-1.796051 1.796051 0.000000
-1.796051 1.668682 0.664304
-0.000000 2.359873 0.939468
-0.000000 2.359873 0.939468
-0.000000 2.540000 0.000000
-2.540000 -0.000000 0.000000
-2.540000 -0.000000 0.000000
-2.479792 -0.000000 -0.549757
-1.796051 -0.405512 1.749674
-1.796051 -0.405512 1.749674
-1.796051 -0.790082 1.612938
1.609564 0.849349 -1.771866
1.630519 1.143684 -1.576387
1.626827 1.127878 -1.591517
-0.000000 1.719346 -1.869612
-0.000000 1.311290 -2.175344
-0.000000 1.719346 -1.869612
1.796051 -1.792163 -0.118124
1.796051 -1.790105 0.146022
1.796051 -1.790105 0.146022
0.000000 -2.534501 -0.167052
0.000000 -2.531591 0.206507
0.000000 -2.531591 0.206507
-1.661362 0.589157 -1.828762
-1.609564 0.849349 -1.771866
-1.669946 0.696909 -1.782470
-0.000000 0.954050 -2.354015
-0.000000 0.954050 -2.354015
-0.000000 1.311290 -2.175344
-0.000000 2.311755 -1.052324
-0.000000 2.474185 -0.574461
-0.000000 2.311755 -1.052324
1.677614 1.566604 -1.087640
1.717085 1.716779 -0.745581
1.709817 1.709804 -0.777622
-2.540000 -0.000000 0.000000
-2.540000 -0.000000 0.000000
-2.479792 -0.000000 -0.549757
-1.796051 -1.691210 0.604656
-1.796051 -1.493558 0.997539
-1.796051 -1.493558 0.997539
1.796051 0.000000 -1.796051
1.796051 -0.705237 -1.651799
1.796051 -0.535299 -1.714425
0.000000 -0.997355 -2.335997
-0.000000 0.000000 -2.540000
0.000000 -0.997355 -2.335997
1.796051 -0.790082 1.612938
1.796051 -0.790082 1.612938
1.796051 -0.405512 1.749674
2.540000 0.000000 -0.000000
2.540000 0.000000 -0.000000
2.479792 0.000000 -0.549757
-1.796051 -1.133850 1.392905
-1.796051 -1.133850 1.392905
-1.796051 -1.419062 1.100937
-2.540000 -0.000000 0.000000
-2.540000 -0.000000 0.000000
-2.540000 -0.000000 0.000000
2.540000 0.000000 -0.000000
2.540000 0.000000 -0.000000
2.540000 0.000000 -0.000000
1.796051 -1.419062 1.100937
1.796051 -1.419062 1.100937
1.796051 -1.133850 1.392905
-1.801203 -1.730811 0.459957
-1.794213 -1.797223 -0.048872
-1.802018 -1.708839 0.533105
0.000000 -2.424745 0.756446
0.000000 -2.503166 0.430999
0.000000 -2.535450 0.151975
-1.796051 -1.785069 0.198319
-1.796051 -1.785069 0.198319
-1.796051 -1.785069 0.198319
-2.540000 -0.000000 0.000000
-2.540000 -0.000000 0.000000
-2.540000 -0.000000 0.000000
-0.000000 0.000000 -2.540000
-0.000000 0.000000 -2.540000
-0.000000 0.000000 -2.540000
1.270000 -1.270000 -1.796051
0.898026 -1.555426 -1.796051
0.687319 -1.659335 -1.796051
-1.270000 -1.270000 -1.796051
-0.687319 -1.659335 -1.796051
-0.898026 -1.555426 -1.796051
-0.000000 0.000000 -2.540000
-0.000000 0.000000 -2.540000
-0.000000 0.000000 -2.540000
0.000000 -2.306567 1.063649
0.000000 -2.487158 0.515407
0.000000 -2.306567 1.063649
1.796051 -1.758686 0.364448
1.796051 -1.630989 0.752113
1.796051 -1.630989 0.752113
-2.386819 -0.868731 0.000000
-2.386819 -0.868731 0.000000
-2.540000 -0.000000 0.000000
-1.796051 -0.000000 -1.796051
-1.796051 -0.000000 -1.796051
-1.687736 -0.614286 -1.796051
1.796051 -0.535299 -1.714425
1.796051 -0.705237 -1.651799
1.796051 -1.021943 -1.476967
2.540000 0.000000 -0.000000
2.540000 0.000000 -0.000000
2.540000 0.000000 -0.000000
-2.540000 -0.000000 0.000000
-2.540000 -0.000000 0.000000
-2.540000 -0.000000 0.000000
-1.796051 -0.535299 -1.714425
-1.796051 -1.021943 -1.476967
-1.796051 -0.705237 -1.651799
-2.540000 -0.000000 0.000000
-2.540000 -0.000000 0.000000
-2.540000 -0.000000 0.000000
-1.796051 -0.288225 1.772774
-1.796051 -1.005462 1.488236
-1.796051 -0.571020 1.702861
2.540000 0.000000 -0.000000
2.540000 0.000000 -0.000000
2.540000 0.000000 -0.000000
1.796051 -0.571020 1.702861
1.796051 -1.005462 1.488236
1.796051 -0.288225 1.772774
-1.796051 0.755557 1.629397
-1.796051 1.163644 1.368113
-1.796051 0.482211 1.730108
-2.540000 -0.000000 0.000000
-2.540000 -0.000000 0.000000
-2.540000 -0.000000 0.000000
2.540000 0.000000 -0.000000
2.540000 0.000000 -0.000000
2.540000 0.000000 -0.000000
1.796051 0.482211 1.730108
1.796051 1.163644 1.368113
1.796051 0.755557 1.629397
1.796051 -1.758686 0.364448
1.796051 -1.758686 0.364448
1.796051 -1.630989 0.752113
2.540000 0.000000 -0.000000
2.540000 0.000000 -0.000000
2.540000 0.000000 -0.000000
1.796051 -0.436491 1.742204
1.796051 -0.436491 1.742204
1.796051 -0.846808 1.583892
2.540000 0.000000 -0.000000
2.540000 0.000000 -0.000000
2.479792 0.000000 -0.549757
-0.000000 2.311755 -1.052324
-0.000000 2.474185 -0.574461
-0.000000 2.474185 -0.574461
-1.677614 1.566604 -1.087640
-1.709817 1.709804 -0.777622
-1.715308 1.718561 -0.745566
1.796051 1.709460 -0.550952
1.796051 1.709460 -0.550952
1.796051 1.568665 -0.874694
-0.000000 2.218428 -1.237004
-0.000000 2.218428 -1.237004
-0.000000 2.417541 -0.779164
-0.000000 2.540000 0.000000
-0.000000 2.359873 0.939468
-0.000000 2.540000 0.000000
1.796051 1.668682 0.664304
1.796051 1.630301 0.753603
1.796051 1.796051 -0.000000
-1.796051 -1.680772 -0.633092
-1.796051 -1.680772 -0.633092
-1.796051 -1.415697 -1.105261
-2.540000 -0.000000 0.000000
-2.540000 -0.000000 0.000000
-2.540000 -0.000000 0.000000
-2.540000 -0.000000 0.000000
-2.540000 -0.000000 0.000000
-2.479792 -0.000000 -0.549757
-1.796051 -1.206351 1.330608
-1.796051 -0.846808 1.583892
-1.796051 -0.846808 1.583892
2.540000 0.000000 -0.000000
2.540000 0.000000 -0.000000
2.479792 0.000000 -0.549757
1.796051 -1.493558 0.997539
1.802018 -1.708839 0.533105
1.796051 -1.691210 0.604656
-2.540000 -0.000000 0.000000
-2.540000 -0.000000 0.000000
-2.540000 -0.000000 0.000000
-1.796051 -1.792163 -0.118124
-1.796051 -1.792163 -0.118124
-1.796051 -1.755453 -0.379715
1.771993 -1.806611 -0.218631
1.785571 -1.802943 -0.112842
1.766940 -1.802438 -0.284147
0.000000 -2.508970 0.395818
0.000000 -2.424745 0.756446
0.000000 -2.535450 0.151975
1.669946 0.696909 -1.782470
1.611903 0.866122 -1.761591
1.661362 0.589157 -1.828762
2.531895 0.000000 -0.202752
2.540000 0.000000 -0.000000
2.479792 0.000000 -0.549757
-2.540000 -0.000000 0.000000
-2.540000 -0.000000 0.000000
-2.540000 -0.000000 0.000000
-1.796051 1.367264 -1.164641
-1.796051 1.113037 -1.409592
-1.796051 1.113037 -1.409592
2.540000 0.000000 -0.000000
2.540000 0.000000 -0.000000
2.540000 0.000000 -0.000000
1.796051 1.367264 -1.164641
1.796051 1.113037 -1.409592
1.796051 1.113037 -1.409592
-2.540000 -0.000000 0.000000
-2.540000 -0.000000 0.000000
-2.540000 -0.000000 0.000000
-1.796051 -1.585126 0.844497
-1.796051 -1.537120 0.929012
-1.796051 -1.785069 0.198319
2.540000 0.000000 -0.000000
2.540000 0.000000 -0.000000
2.540000 0.000000 -0.000000
1.796051 -1.585126 0.844497
1.796051 -1.785069 0.198319
1.796051 -1.537120 0.929012
1.796051 1.630301 0.753603
1.796051 1.796051 -0.000000
1.796051 1.796051 -0.000000
2.540000 0.000000 -0.000000
2.540000 0.000000 -0.000000
2.540000 0.000000 -0.000000
-2.479792 -0.000000 -0.549757
-2.540000 -0.000000 0.000000
-2.531895 -0.000000 -0.202752
-1.669946 0.696909 -1.782470
-1.609564 0.849349 -1.771866
-1.611903 0.866122 -1.761591
1.796051 -1.782620 0.219240
1.796051 -1.772141 0.292089
1.796051 -1.772141 0.292089
0.000000 -2.521005 0.310052
0.000000 -2.514195 0.361143
0.000000 -2.506186 0.413077
2.540000 0.000000 -0.000000
2.540000 0.000000 -0.000000
2.540000 0.000000 -0.000000
1.796051 -1.415697 -1.105261
1.796051 -1.680772 -0.633092
1.796051 -1.680772 -0.633092
1.796051 -1.785069 0.198319
1.796051 -1.785069 0.198319
1.796051 -1.785069 0.198319
0.000000 -2.524468 0.280465
0.000000 -2.524468 0.280465
0.000000 -2.524468 0.280465
-0.000000 2.417541 -0.779164
-0.000000 2.218428 -1.237004
-0.000000 2.417541 -0.779164
-1.796051 1.709460 -0.550952
-1.796051 1.568665 -0.874694
-1.796051 1.709460 -0.550952
-1.796051 -0.000000 -1.796051
-1.659335 -0.687319 -1.796051
-1.687736 -0.614286 -1.796051
-0.000000 0.000000 -2.540000
-0.000000 0.000000 -2.540000
-0.000000 0.000000 -2.540000
-0.000000 0.000000 -2.540000
-0.000000 0.000000 -2.540000
-0.000000 0.000000 -2.540000
1.659335 -0.687319 -1.796051
1.796051 0.000000 -1.796051
1.796051 0.000000 -1.796051
1.796051 -1.792163 -0.118124
1.796051 -1.792163 -0.118124
1.796051 -1.790105 0.146022
2.540000 0.000000 -0.000000
2.540000 0.000000 -0.000000
2.540000 0.000000 -0.000000
-1.796051 1.668682 0.664304
-1.796051 1.796051 0.000000
-1.796051 1.630301 0.753603
-2.540000 -0.000000 0.000000
-2.540000 -0.000000 0.000000
-2.540000 -0.000000 0.000000
-1.683875 1.577660 -1.061674
-1.677614 1.566604 -1.087640
-1.715308 1.718561 -0.745566
-2.479792 -0.000000 -0.549757
-2.479792 -0.000000 -0.549757
-2.479792 -0.000000 -0.549757
0.000000 -1.036415 -2.318932
0.000000 -1.034495 -2.319789
-0.000000 0.000000 -2.540000
1.592643 -0.375298 -1.942741
1.601992 -0.686170 -1.847808
1.589846 0.000000 -1.980907
1.796051 0.000000 1.796051
1.796051 0.000000 1.796051
1.796051 -0.436491 1.742204
2.540000 0.000000 -0.000000
2.540000 0.000000 -0.000000
2.479792 0.000000 -0.549757
2.479792 0.000000 -0.549757
1.589846 0.000000 -1.980907
2.479792 0.000000 -0.549757
1.683875 1.577660 -1.061674
1.717085 1.716779 -0.745581
1.677614 1.566604 -1.087640
1.796051 -1.772214 0.291646
1.796051 -1.777046 0.260591
1.796051 -1.775230 0.272690
2.540000 0.000000 -0.000000
2.540000 0.000000 -0.000000
2.540000 0.000000 -0.000000
-0.000000 0.613595 -2.464772
-0.000000 0.954050 -2.354015
-0.000000 0.613595 -2.464772
1.738422 0.391728 -1.809983
1.669946 0.696909 -1.782470
1.661362 0.589157 -1.828762
2.540000 0.000000 -0.000000
2.540000 0.000000 -0.000000
2.540000 0.000000 -0.000000
1.796051 0.000000 -1.796051
1.796051 0.000000 -1.796051
1.796051 -0.535299 -1.714425
-2.540000 -0.000000 0.000000
-2.540000 -0.000000 0.000000
-2.540000 -0.000000 0.000000
-1.796051 -0.535299 -1.714425
-1.796051 -0.000000 -1.796051
-1.796051 -0.000000 -1.796051
0.000000 -2.531591 0.206507
0.000000 -2.524078 0.283958
0.000000 -2.531591 0.206507
-1.796051 -1.784792 0.200789
-1.796051 -1.790105 0.146022
-1.796051 -1.785466 0.194709
-1.796051 -1.769147 0.309705
-1.796051 -1.777804 0.255367
-1.796051 -1.772220 0.291612
0.000000 -2.514195 0.361143
0.000000 -2.501952 0.437989
0.000000 -2.506186 0.413077
-2.540000 -0.000000 0.000000
-2.540000 -0.000000 0.000000
-2.540000 -0.000000 0.000000
-1.796051 1.709460 -0.550952
-1.796051 1.568665 -0.874694
-1.796051 1.568665 -0.874694
2.540000 0.000000 -0.000000
2.540000 0.000000 -0.000000
2.540000 0.000000 -0.000000
1.796051 1.709460 -0.550952
1.796051 1.568665 -0.874694
1.796051 1.568665 -0.874694
-0.000000 0.613595 -2.464772
-0.000000 0.954050 -2.354015
-0.000000 0.954050 -2.354015
-1.738422 0.391728 -1.809983
-1.661362 0.589157 -1.828762
-1.669946 0.696909 -1.782470
-1.796051 -1.769209 0.309355
-1.796051 -1.778006 0.253961
-1.796051 -1.778006 0.253961
0.000000 -2.514480 0.359155
0.000000 -2.502039 0.437494
0.000000 -2.510554 0.385642
2.540000 0.000000 -0.000000
2.540000 0.000000 -0.000000
2.540000 0.000000 -0.000000
1.796051 -1.782620 0.219240
1.796051 -1.782620 0.219240
1.796051 -1.772141 0.292089
-0.000000 0.000000 -2.540000
0.000000 -1.034495 -2.319789
-0.000000 -0.000000 -2.540000
-1.589846 -0.000000 -1.980907
-1.589846 -0.000000 -1.980907
-1.604032 -0.683868 -1.846891
-1.766940 -1.802438 -0.284147
-1.794213 -1.797223 -0.048872
-1.779423 -1.808333 -0.123229
0.000000 -2.503166 0.430999
0.000000 -2.535450 0.151975
0.000000 -2.535450 0.151975
-2.540000 -0.000000 0.000000
-2.540000 -0.000000 0.000000
-2.540000 -0.000000 0.000000
-1.796051 -1.772220 0.291612
-1.796051 -1.777804 0.255367
-1.796051 -1.779503 0.243250
-1.796051 -1.758686 0.364448
-1.796051 -1.758686 0.364448
-1.796051 -1.769209 0.309355
-2.540000 -0.000000 0.000000
-2.540000 -0.000000 0.000000
-2.540000 -0.000000 0.000000
2.540000 0.000000 -0.000000
2.540000 0.000000 -0.000000
2.531895 0.000000 -0.202752
1.732854 0.482935 -1.793207
1.669946 0.696909 -1.782470
1.738422 0.391728 -1.809983
-1.739750 0.445540 -1.796208
-1.738422 0.391728 -1.809983
-1.669946 0.696909 -1.782470
-2.531895 -0.000000 -0.202752
-2.540000 -0.000000 0.000000
-2.540000 -0.000000 0.000000
0.000000 -2.524468 0.280465
0.000000 -2.524468 0.280465
0.000000 -2.524468 0.280465
-1.796051 -1.785069 0.198319
-1.796051 -1.785069 0.198319
-1.796051 -1.785069 0.198319
1.796051 -1.769147 0.309705
1.796051 -1.772214 0.291646
1.796051 -1.775230 0.272690
0.000000 -2.510554 0.385642
0.000000 -2.502039 0.437494
0.000000 -2.501952 0.437989
-1.796051 -1.785466 0.194709
-1.796051 -1.790105 0.146022
-1.796051 -1.790105 0.146022
-2.540000 -0.000000 0.000000
-2.540000 -0.000000 0.000000
-2.540000 -0.000000 0.000000
-1.796051 -1.778006 0.253961
-1.796051 -1.778006 0.253961
-1.796051 -1.785069 0.198319
-2.540000 -0.000000 0.000000
-2.540000 -0.000000 0.000000
-2.540000 -0.000000 0.000000
0.000000 -2.524468 0.280465
0.000000 -2.514480 0.359155
0.000000 -2.518060 0.333126
1.796051 -1.780537 0.235556
1.796051 -1.781329 0.229490
1.796051 -1.785069 0.198319
0.000000 -0.617291 2.463849
0.000000 -0.617291 2.463849
0.000000 -0.000000 2.540000
1.796051 0.000000 1.796051
1.796051 -0.436491 1.742204
1.796051 -0.436491 1.742204
2.540000 0.000000 -0.000000
2.540000 0.000000 -0.000000
2.540000 0.000000 -0.000000
1.796051 -1.777046 0.260591
1.796051 -1.781329 0.229490
1.796051 -1.780537 0.235556
0.000000 -0.573481 2.474413
0.000000 -0.000000 2.540000
0.000000 -0.573481 2.474413
-1.796051 -0.000000 1.796051
-1.796051 -0.405512 1.749674
-1.796051 -0.405512 1.749674
1.766940 -1.802438 -0.284147
1.757778 -1.804187 -0.326686
1.771993 -1.806611 -0.218631
1.757778 -1.804187 -0.326686
1.766940 -1.802438 -0.284147
1.761889 -1.801991 -0.316505
1.761889 -1.801991 -0.316505
1.760138 -1.801775 -0.327294
1.760138 -1.801775 -0.327294
1.771993 -1.806611 -0.218631
1.776641 -1.808686 -0.154278
1.785571 -1.802943 -0.112842
1.779423 -1.808333 -0.123229
1.794213 -1.797223 -0.048872
1.784329 -1.804317 -0.110505
1.784329 -1.804317 -0.110505
1.785571 -1.802943 -0.112842
1.776641 -1.808686 -0.154278
-1.796051 -0.436491 1.742204
-1.796051 -0.000000 1.796051
-1.796051 -0.000000 1.796051
-2.540000 -0.000000 0.000000
-2.540000 -0.000000 0.000000
-2.479792 -0.000000 -0.549757
2.540000 0.000000 -0.000000
2.540000 0.000000 -0.000000
2.540000 0.000000 -0.000000
1.796051 -1.781329 0.229490
1.796051 -1.785069 0.198319
1.796051 -1.785069 0.198319
1.715308 1.718561 -0.745566
1.715308 1.718561 -0.745566
1.715308 1.718561 -0.745566
1.598100 0.584137 -1.885858
1.607736 0.811937 -1.790961
1.589846 0.000000 -1.980907
</float_array>
          <technique_common>
            <accessor source="#FBXASC227FBXASC130FBXASC189FBXASC227FBXASC131FBXASC170FBXASC227FBXASC131FBXASC131FBXASC227FBXASC131FBXASC1374-Normal0-array" count="1485" stride="3">
              <param name="X" type="float"/>
              <param name="Y" type="float"/>
              <param name="Z" type="float"/>
            </accessor>
          </technique_common>
        </source>
        <vertices id="FBXASC227FBXASC130FBXASC189FBXASC227FBXASC131FBXASC170FBXASC227FBXASC131FBXASC131FBXASC227FBXASC131FBXASC1374-VERTEX">
          <input semantic="POSITION" source="#FBXASC227FBXASC130FBXASC189FBXASC227FBXASC131FBXASC170FBXASC227FBXASC131FBXASC131FBXASC227FBXASC131FBXASC1374-POSITION"/>
        </vertices>
        <triangles count="495" material="MaterialFBXASC032FBXASC03530">
          <input semantic="VERTEX" offset="0" source="#FBXASC227FBXASC130FBXASC189FBXASC227FBXASC131FBXASC170FBXASC227FBXASC131FBXASC131FBXASC227FBXASC131FBXASC1374-VERTEX"/>
          <input semantic="NORMAL" offset="1" source="#FBXASC227FBXASC130FBXASC189FBXASC227FBXASC131FBXASC170FBXASC227FBXASC131FBXASC131FBXASC227FBXASC131FBXASC1374-Normal0"/>
          <p> 193 0 12 1 93 2 88 3 42 4 51 5 223 6 224 7 207 8 167 9 108 10 96 11 74 12 231 13 97 14 192 15 172 16 132 17 75 18 229 19 226 20 72 21 232 22 16 23 87 24 243 25 241 26 23 27 97 28 19 29 61 30 144 31 124 32 95 33 136 34 215 35 236 36 148 37 240 38 147 39 57 40 142 41 170 42 223 43 207 44 41 45 125 46 111 47 174 48 212 49 159 50 16 51 33 52 21 53 194 54 108 55 167 56 139 57 205 58 242 59 37 60 47 61 158 62 39 63 233 64 214 65 229 66 190 67 226 68 175 69 217 70 200 71 231 72 105 73 97 74 172 75 94 76 132 77 159 78 212 79 211 80 21 81 33 82 102 83 232 84 238 85 16 86 33 87 16 88 222 89 17 90 41 91 111 92 17 93 193 94 93 95 168 96 91 97 99 98 201 99 176 100 82 101 200 102 217 103 133 104 171 105 128 106 169 107 147 108 142 109 32 110 233 111 179 112 214 113 21 114 208 115 75 116 165 117 221 118 21 119 246 120 205 121 204 122 209 123 148 124 237 125 109 126 197 127 19 128 152 129 7 130 49 131 52 132 126 133 43 134 16 135 195 136 185 137 138 138 53 139 66 140 183 141 33 142 222 143 218 144 97 145 26 146 4 147 116 148 216 149 177 150 27 151 234 152 118 153 127 154 63 155 173 156 196 157 1 158 178 159 135 160 120 161 105 162 136 163 95 164 230 165 4 166 216 167 102 168 165 169 21 170 129 171 53 172 40 173 149 174 69 175 206 176 171 177 169 178 85 179 55 180 186 181 214 182 146 183 123 184 141 185 103 186 114 187 40 188 15 189 114 190 103 191 156 192 43 193 130 194 208 195 166 196 75 197 168 198 124 199 91 200 153 201 6 202 86 203 90 204 205 205 187 206 141 207 68 208 146 209 75 210 226 211 193 212 47 213 163 214 48 215 25 216 122 217 81 218 77 219 44 220 181 221 93 222 12 223 96 224 225 225 18 226 39 227 10 228 30 229 104 230 30 231 33 232 104 233 72 234 50 235 45 236 51 237 42 238 80 239 224 240 223 241 232 242 164 243 137 244 130 245 198 246 92 247 16 248 212 249 174 250 165 251 106 252 53 253 154 254 139 255 8 256 45 257 42 258 45 259 80 260 173 261 7 262 196 263 153 264 86 265 46 266 158 267 47 268 201 269 206 270 171 271 149 272 128 273 200 274 169 275 163 276 0 277 48 278 109 279 49 280 197 281 135 282 178 283 199 284 2 285 50 286 72 287 96 288 108 289 93 290 233 291 228 292 179 293 67 294 127 295 118 296 165 297 174 298 221 299 208 300 156 301 166 302 140 303 53 304 106 305 40 306 53 307 140 308 194 309 205 310 108 311 11 312 189 313 54 314 148 315 236 316 239 317 186 318 55 319 79 320 152 321 49 322 109 323 87 324 241 325 217 326 134 327 3 328 22 329 57 330 90 331 187 332 39 333 214 334 167 335 123 336 58 337 188 338 105 339 231 340 136 341 178 342 120 343 59 344 151 345 84 346 145 347 218 348 26 349 172 350 143 351 61 352 124 353 177 354 61 355 27 356 123 357 188 358 141 359 147 360 32 361 62 362 229 363 88 364 190 365 63 366 127 367 107 368 215 369 192 370 95 371 171 372 85 373 149 374 156 375 130 376 166 377 170 378 207 379 115 380 25 381 81 382 66 383 40 384 25 385 129 386 124 387 144 388 91 389 67 390 118 391 18 392 57 393 187 394 142 395 113 396 146 397 68 398 245 399 69 400 149 401 245 402 243 403 69 404 155 405 48 406 227 407 155 408 227 409 161 410 185 411 195 412 126 413 222 414 159 415 183 416 41 417 2 418 72 419 125 420 41 421 72 422 232 423 223 424 238 425 137 426 164 427 198 428 135 429 199 430 23 431 23 432 74 433 97 434 17 435 75 436 193 437 111 438 75 439 17 440 76 441 177 442 202 443 76 444 202 445 37 446 77 447 181 448 122 449 159 450 211 451 183 452 78 453 30 454 10 455 10 456 44 457 78 458 79 459 55 460 3 461 3 462 134 463 79 464 237 465 242 466 209 467 80 468 45 469 8 470 53 471 138 472 154 473 122 474 181 475 81 476 39 477 210 478 225 479 82 480 158 481 201 482 83 483 52 484 184 485 83 486 71 487 52 488 84 489 19 490 145 491 200 492 133 493 169 494 151 495 145 496 64 497 151 498 64 499 119 500 243 501 86 502 241 503 86 504 243 505 131 506 61 507 143 508 27 509 175 510 87 511 217 512 88 513 182 514 190 515 182 516 88 517 51 518 184 519 52 520 5 521 184 522 5 523 21 524 22 525 204 526 134 527 246 528 204 529 240 530 176 531 18 532 225 533 176 534 67 535 18 536 198 537 164 538 92 539 43 540 126 541 195 542 50 543 2 544 93 545 2 546 17 547 93 548 172 549 26 550 94 551 26 552 216 553 116 554 132 555 94 556 4 557 105 558 95 559 4 560 96 561 210 562 39 563 96 564 39 565 167 566 97 567 105 568 14 569 26 570 97 571 216 572 98 573 11 574 54 575 98 576 20 577 11 578 161 579 227 580 235 581 235 582 91 583 161 584 37 585 158 586 100 587 100 588 76 589 37 590 162 591 234 592 220 593 162 594 177 595 234 596 30 597 78 598 102 599 102 600 33 601 30 602 103 603 33 604 183 605 33 606 103 607 40 608 104 609 33 610 40 611 104 612 40 613 10 614 4 615 230 616 105 617 14 618 105 619 29 620 180 621 44 622 10 623 154 624 44 625 106 626 13 627 107 628 226 629 13 630 63 631 107 632 205 633 139 634 108 635 93 636 108 637 50 638 191 639 109 640 133 641 191 642 6 643 109 644 86 645 6 646 110 647 110 648 6 649 191 650 21 651 75 652 111 653 21 654 111 655 16 656 62 657 32 658 112 659 62 660 112 661 214 662 36 663 113 664 68 665 54 666 189 667 187 668 114 669 122 670 25 671 114 672 25 673 40 674 213 675 170 676 115 677 213 678 115 679 75 680 4 681 94 682 116 683 94 684 26 685 116 686 19 687 117 688 145 689 19 690 97 691 117 692 118 693 51 694 157 695 118 696 182 697 51 698 1 699 151 700 119 701 119 702 59 703 1 704 120 705 7 706 173 707 49 708 7 709 120 710 121 711 23 712 19 713 121 714 135 715 23 716 122 717 114 718 15 719 15 720 77 721 122 722 20 723 58 724 123 725 11 726 20 727 123 728 35 729 124 730 168 731 35 732 87 733 124 734 16 735 125 736 72 737 111 738 125 739 16 740 52 741 71 742 126 743 71 744 185 745 126 746 127 747 61 748 177 749 127 750 67 751 61 752 48 753 220 754 227 755 48 756 162 757 220 758 25 759 66 760 129 761 53 762 129 763 66 764 130 765 65 766 34 767 130 768 137 769 65 770 46 771 86 772 131 773 46 774 131 775 1 776 192 777 132 778 95 779 95 780 132 781 4 782 133 783 109 784 19 785 133 786 19 787 84 788 79 789 134 790 57 791 134 792 90 793 57 794 49 795 135 796 197 797 120 798 135 799 49 800 136 801 28 802 59 803 136 804 59 805 119 806 137 807 73 808 65 809 73 810 137 811 24 812 66 813 81 814 138 815 138 816 81 817 38 818 108 819 139 820 50 821 50 822 139 823 45 824 40 825 140 826 10 827 10 828 140 829 180 830 112 831 32 832 141 833 32 834 68 835 141 836 32 837 142 838 68 839 142 840 36 841 68 842 124 843 87 844 143 845 143 846 87 847 175 848 61 849 67 850 144 851 144 852 67 853 176 854 145 855 117 856 60 857 64 858 145 859 60 860 146 861 189 862 11 863 11 864 123 865 146 866 147 867 186 868 79 869 79 870 57 871 147 872 228 873 51 874 80 875 51 876 228 877 233 878 149 879 85 880 1 881 1 882 131 883 149 884 22 885 3 886 150 887 150 888 3 889 203 890 85 891 151 892 1 893 85 894 84 895 151 896 153 897 152 898 6 899 6 900 152 901 109 902 7 903 152 904 153 905 7 906 153 907 196 908 38 909 44 910 154 911 154 912 138 913 38 914 155 915 47 916 48 917 47 918 155 919 31 920 156 921 52 922 43 923 52 924 156 925 5 926 18 927 157 928 39 929 18 930 118 931 157 932 12 933 158 934 82 935 100 936 158 937 12 938 174 939 159 940 71 941 71 942 159 943 9 944 160 945 73 946 24 947 160 948 24 949 16 950 161 951 91 952 31 953 31 954 155 955 161 956 0 957 162 958 48 959 0 960 177 961 162 962 163 963 47 964 37 965 37 966 202 967 163 968 43 969 164 970 130 971 164 972 43 973 92 974 78 975 165 976 102 977 78 978 44 979 165 980 166 981 34 982 75 983 166 984 130 985 34 986 167 987 214 988 20 989 20 990 98 991 167 992 69 993 168 994 206 995 69 996 35 997 168 998 169 999 133 1000 84 1001 85 1002 169 1003 84 1004 65 1005 170 1006 213 1007 65 1008 73 1009 170 1010 70 1011 171 1012 99 1013 70 1014 128 1015 171 1016 60 1017 172 1018 64 1019 60 1020 218 1021 172 1022 59 1023 173 1024 1 1025 59 1026 120 1027 173 1028 174 1029 83 1030 89 1031 83 1032 174 1033 71 1034 27 1035 143 1036 175 1037 27 1038 175 1039 200 1040 91 1041 144 1042 176 1043 91 1044 176 1045 31 1046 107 1047 177 1048 76 1049 107 1050 127 1051 177 1052 59 1053 28 1054 178 1055 178 1056 28 1057 74 1058 239 1059 236 1060 203 1061 239 1062 203 1063 214 1064 106 1065 44 1066 180 1067 180 1068 140 1069 106 1070 181 1071 38 1072 81 1073 181 1074 44 1075 38 1076 63 1077 182 1078 118 1079 182 1080 63 1081 13 1082 15 1083 103 1084 183 1085 183 1086 211 1087 15 1088 89 1089 83 1090 184 1091 89 1092 184 1093 21 1094 9 1095 16 1096 185 1097 9 1098 185 1099 71 1100 186 1101 62 1102 214 1103 62 1104 186 1105 147 1106 187 1107 113 1108 36 1109 142 1110 187 1111 36 1112 141 1113 188 1114 112 1115 112 1116 188 1117 214 1118 189 1119 113 1120 187 1121 113 1122 189 1123 146 1124 190 1125 182 1126 13 1127 190 1128 13 1129 226 1130 56 1131 110 1132 191 1133 56 1134 191 1135 133 1136 64 1137 172 1138 192 1139 64 1140 192 1141 215 1142 193 1143 226 1144 100 1145 100 1146 12 1147 193 1148 167 1149 98 1150 194 1151 98 1152 54 1153 194 1154 92 1155 43 1156 195 1157 92 1158 195 1159 16 1160 196 1161 46 1162 1 1163 196 1164 153 1165 46 1166 197 1167 121 1168 19 1169 197 1170 135 1171 121 1172 24 1173 198 1174 16 1175 24 1176 137 1177 198 1178 244 1179 199 1180 74 1181 199 1182 178 1183 74 1184 101 1185 200 1186 128 1187 101 1188 27 1189 200 1190 31 1191 176 1192 201 1193 201 1194 47 1195 31 1196 202 1197 177 1198 0 1199 202 1200 0 1201 163 1202 203 1203 55 1204 214 1205 3 1206 55 1207 203 1208 204 1209 205 1210 90 1211 134 1212 204 1213 90 1214 54 1215 205 1216 194 1217 205 1218 54 1219 187 1220 206 1221 168 1222 99 1223 99 1224 171 1225 206 1226 207 1227 88 1228 229 1229 207 1230 224 1231 88 1232 5 1233 208 1234 21 1235 5 1236 156 1237 208 1238 240 1239 204 1240 22 1241 22 1242 236 1243 240 1244 96 1245 12 1246 210 1247 210 1248 12 1249 225 1250 211 1251 77 1252 15 1253 211 1254 44 1255 77 1256 212 1257 44 1258 211 1259 44 1260 212 1261 165 1262 34 1263 65 1264 213 1265 34 1266 213 1267 75 1268 20 1269 214 1270 58 1271 214 1272 188 1273 58 1274 119 1275 64 1276 215 1277 215 1278 136 1279 119 1280 14 1281 29 1282 216 1283 97 1284 14 1285 216 1286 217 1287 241 1288 56 1289 217 1290 56 1291 133 1292 117 1293 97 1294 218 1295 117 1296 218 1297 60 1298 8 1299 242 1300 237 1301 8 1302 139 1303 242 1304 220 1305 128 1306 227 1307 220 1308 101 1309 128 1310 221 1311 89 1312 21 1313 221 1314 174 1315 89 1316 222 1317 16 1318 9 1319 9 1320 159 1321 222 1322 73 1323 223 1324 170 1325 223 1326 73 1327 238 1328 42 1329 224 1330 45 1331 224 1332 42 1333 88 1334 82 1335 176 1336 225 1337 225 1338 12 1339 82 1340 226 1341 107 1342 76 1343 226 1344 76 1345 100 1346 227 1347 128 1348 70 1349 227 1350 70 1351 99 1352 228 1353 148 1354 179 1355 148 1356 228 1357 237 1358 115 1359 229 1360 75 1361 115 1362 207 1363 229 1364 216 1365 29 1366 230 1367 105 1368 230 1369 29 1370 231 1371 28 1372 136 1373 28 1374 231 1375 74 1376 45 1377 232 1378 72 1379 45 1380 224 1381 232 1382 157 1383 51 1384 233 1385 157 1386 233 1387 39 1388 234 1389 27 1390 101 1391 234 1392 101 1393 220 1394 235 1395 227 1396 99 1397 99 1398 91 1399 235 1400 150 1401 236 1402 22 1403 236 1404 150 1405 203 1406 80 1407 8 1408 237 1409 237 1410 228 1411 80 1412 238 1413 73 1414 160 1415 238 1416 160 1417 16 1418 179 1419 148 1420 239 1421 179 1422 239 1423 214 1424 240 1425 148 1426 209 1427 209 1428 219 1429 240 1430 86 1431 110 1432 241 1433 241 1434 110 1435 56 1436 242 1437 205 1438 219 1439 242 1440 219 1441 209 1442 35 1443 243 1444 87 1445 243 1446 35 1447 69 1448 74 1449 23 1450 244 1451 23 1452 74 1453 244 1454 244 1455 74 1456 23 1457 244 1458 23 1459 199 1460 23 1461 199 1462 244 1463 244 1464 199 1465 23 1466 131 1467 243 1468 245 1469 131 1470 245 1471 149 1472 219 1473 205 1474 246 1475 219 1476 246 1477 240 1478 94 1479 26 1480 247 1481 94 1482 247 1483 26 1484</p>
        </triangles>
      </mesh>
    </geometry>
  </library_geometries>
  <library_visual_scenes>
    <visual_scene id="l_finger_link" name="l_finger_link">
      <node name="FBXASC227FBXASC130FBXASC189FBXASC227FBXASC131FBXASC170FBXASC227FBXASC131FBXASC131FBXASC227FBXASC131FBXASC1371" id="FBXASC227FBXASC130FBXASC189FBXASC227FBXASC131FBXASC170FBXASC227FBXASC131FBXASC131FBXASC227FBXASC131FBXASC1371" sid="FBXASC227FBXASC130FBXASC189FBXASC227FBXASC131FBXASC170FBXASC227FBXASC131FBXASC131FBXASC227FBXASC131FBXASC1371">
        <matrix sid="matrix">25.4 0 0 0 0 25.4 0 0 0 0 25.4 0 0 0 0 1</matrix>
        <instance_geometry url="#FBXASC227FBXASC130FBXASC189FBXASC227FBXASC131FBXASC170FBXASC227FBXASC131FBXASC131FBXASC227FBXASC131FBXASC1371-lib">
          <bind_material>
            <technique_common>
              <instance_material symbol="MaterialFBXASC032FBXASC03525" target="#MaterialFBXASC032FBXASC03525"/>
            </technique_common>
          </bind_material>
        </instance_geometry>
        <extra>
          <technique profile="FCOLLADA">
            <visibility>1.000000</visibility>
          </technique>
        </extra>
      </node>
      <node name="FBXASC227FBXASC130FBXASC189FBXASC227FBXASC131FBXASC170FBXASC227FBXASC131FBXASC131FBXASC227FBXASC131FBXASC1372" id="FBXASC227FBXASC130FBXASC189FBXASC227FBXASC131FBXASC170FBXASC227FBXASC131FBXASC131FBXASC227FBXASC131FBXASC1372" sid="FBXASC227FBXASC130FBXASC189FBXASC227FBXASC131FBXASC170FBXASC227FBXASC131FBXASC131FBXASC227FBXASC131FBXASC1372">
        <matrix sid="matrix">25.4 0 0 0 0 25.4 0 0 0 0 25.4 0 0 0 0 1</matrix>
        <instance_geometry url="#FBXASC227FBXASC130FBXASC189FBXASC227FBXASC131FBXASC170FBXASC227FBXASC131FBXASC131FBXASC227FBXASC131FBXASC1372-lib">
          <bind_material>
            <technique_common>
              <instance_material symbol="MaterialFBXASC032FBXASC03526" target="#MaterialFBXASC032FBXASC03526"/>
            </technique_common>
          </bind_material>
        </instance_geometry>
        <extra>
          <technique profile="FCOLLADA">
            <visibility>1.000000</visibility>
          </technique>
        </extra>
      </node>
      <node name="FBXASC227FBXASC130FBXASC189FBXASC227FBXASC131FBXASC170FBXASC227FBXASC131FBXASC131FBXASC227FBXASC131FBXASC1373" id="FBXASC227FBXASC130FBXASC189FBXASC227FBXASC131FBXASC170FBXASC227FBXASC131FBXASC131FBXASC227FBXASC131FBXASC1373" sid="FBXASC227FBXASC130FBXASC189FBXASC227FBXASC131FBXASC170FBXASC227FBXASC131FBXASC131FBXASC227FBXASC131FBXASC1373">
        <matrix sid="matrix">25.4 0 0 0 0 25.4 0 0 0 0 25.4 0 0 0 0 1</matrix>
        <instance_geometry url="#FBXASC227FBXASC130FBXASC189FBXASC227FBXASC131FBXASC170FBXASC227FBXASC131FBXASC131FBXASC227FBXASC131FBXASC1373-lib">
          <bind_material>
            <technique_common>
              <instance_material symbol="MaterialFBXASC032FBXASC03526" target="#MaterialFBXASC032FBXASC03526"/>
              <instance_material symbol="MaterialFBXASC032FBXASC03529" target="#MaterialFBXASC032FBXASC03529"/>
            </technique_common>
          </bind_material>
        </instance_geometry>
        <extra>
          <technique profile="FCOLLADA">
            <visibility>1.000000</visibility>
          </technique>
        </extra>
      </node>
      <node name="FBXASC227FBXASC130FBXASC189FBXASC227FBXASC131FBXASC170FBXASC227FBXASC131FBXASC131FBXASC227FBXASC131FBXASC1374" id="FBXASC227FBXASC130FBXASC189FBXASC227FBXASC131FBXASC170FBXASC227FBXASC131FBXASC131FBXASC227FBXASC131FBXASC1374" sid="FBXASC227FBXASC130FBXASC189FBXASC227FBXASC131FBXASC170FBXASC227FBXASC131FBXASC131FBXASC227FBXASC131FBXASC1374">
        <matrix sid="matrix">25.4 0 0 0 0 25.4 0 0 0 0 25.4 0 0 0 0 1</matrix>
        <instance_geometry url="#FBXASC227FBXASC130FBXASC189FBXASC227FBXASC131FBXASC170FBXASC227FBXASC131FBXASC131FBXASC227FBXASC131FBXASC1374-lib">
          <bind_material>
            <technique_common>
              <instance_material symbol="MaterialFBXASC032FBXASC03530" target="#MaterialFBXASC032FBXASC03530"/>
            </technique_common>
          </bind_material>
        </instance_geometry>
        <extra>
          <technique profile="FCOLLADA">
            <visibility>1.000000</visibility>
          </technique>
        </extra>
      </node>
      <extra>
        <technique profile="MAX3D">
          <frame_rate>30.000000</frame_rate>
        </technique>
        <technique profile="FCOLLADA">
          <start_time>0.000000</start_time>
          <end_time>3.333333</end_time>
        </technique>
      </extra>
    </visual_scene>
  </library_visual_scenes>
  <scene>
    <instance_visual_scene url="#l_finger_link"/>
  </scene>
</COLLADA>